timestamp,Toronto,Temp (°C),Rel Hum (%),Wind Spd (km/h),hour,day_of_week,is_weekend
2025-01-01 01:00:00,4860,1.6,100.0,29.0,1,2,0
2025-01-01 02:00:00,4740,1.4,100.0,30.0,2,2,0
2025-01-01 03:00:00,4639,0.8,100.0,26.0,3,2,0
2025-01-01 04:00:00,4531,1.4,100.0,23.0,4,2,0
2025-01-01 05:00:00,4487,1.0,100.0,28.0,5,2,0
2025-01-01 06:00:00,4517,1.5,100.0,28.0,6,2,0
2025-01-01 07:00:00,4595,1.9,96.0,35.0,7,2,0
2025-01-01 08:00:00,4678,2.0,94.0,33.0,8,2,0
2025-01-01 09:00:00,4753,2.2,92.0,36.0,9,2,0
2025-01-01 10:00:00,4901,2.7,85.0,30.0,10,2,0
2025-01-01 11:00:00,5066,2.5,86.0,30.0,11,2,0
2025-01-01 12:00:00,5243,2.6,74.0,36.0,12,2,0
2025-01-01 13:00:00,5358,2.2,69.0,40.0,13,2,0
2025-01-01 14:00:00,5401,2.4,61.0,44.0,14,2,0
2025-01-01 15:00:00,5381,2.5,59.0,40.0,15,2,0
2025-01-01 16:00:00,5432,2.7,61.0,32.0,16,2,0
2025-01-01 17:00:00,5581,2.1,71.0,25.0,17,2,0
2025-01-01 18:00:00,5901,1.2,78.0,26.0,18,2,0
2025-01-01 19:00:00,5892,1.2,79.0,20.0,19,2,0
2025-01-01 20:00:00,5802,1.3,77.0,21.0,20,2,0
2025-01-01 21:00:00,5694,1.0,77.0,17.0,21,2,0
2025-01-01 22:00:00,5542,0.4,82.0,16.0,22,2,0
2025-01-01 23:00:00,5313,0.0,89.0,17.0,23,2,0
2025-01-02 00:00:00,5065,0.2,89.0,22.0,0,3,0
2025-01-02 01:00:00,4849,-0.1,89.0,18.0,1,3,0
2025-01-02 02:00:00,4675,-0.2,86.0,19.0,2,3,0
2025-01-02 03:00:00,4566,-0.2,95.0,16.0,3,3,0
2025-01-02 04:00:00,4555,0.3,85.0,18.0,4,3,0
2025-01-02 05:00:00,4585,0.1,79.0,20.0,5,3,0
2025-01-02 06:00:00,4747,-0.8,88.0,27.0,6,3,0
2025-01-02 07:00:00,5096,-0.9,80.0,26.0,7,3,0
2025-01-02 08:00:00,5500,-0.8,79.0,31.0,8,3,0
2025-01-02 09:00:00,5731,-0.6,81.0,29.0,9,3,0
2025-01-02 10:00:00,5920,-0.9,97.0,25.0,10,3,0
2025-01-02 11:00:00,6045,-1.7,99.0,35.0,11,3,0
2025-01-02 12:00:00,6186,-1.4,88.0,40.0,12,3,0
2025-01-02 13:00:00,6264,-0.8,77.0,38.0,13,3,0
2025-01-02 14:00:00,6232,-0.6,74.0,41.0,14,3,0
2025-01-02 15:00:00,6198,-1.3,71.0,40.0,15,3,0
2025-01-02 16:00:00,6242,-2.1,71.0,33.0,16,3,0
2025-01-02 17:00:00,6417,-3.0,76.0,32.0,17,3,0
2025-01-02 18:00:00,6731,-3.2,79.0,30.0,18,3,0
2025-01-02 19:00:00,6700,-3.2,77.0,26.0,19,3,0
2025-01-02 20:00:00,6650,-3.1,75.0,32.0,20,3,0
2025-01-02 21:00:00,6542,-3.1,76.0,29.0,21,3,0
2025-01-02 22:00:00,6324,-2.9,75.0,29.0,22,3,0
2025-01-02 23:00:00,6030,-2.7,73.0,27.0,23,3,0
2025-01-03 00:00:00,5686,-3.4,74.0,23.0,0,4,0
2025-01-03 01:00:00,5416,-3.0,77.0,29.0,1,4,0
2025-01-03 02:00:00,5221,-2.8,71.0,33.0,2,4,0
2025-01-03 03:00:00,5081,-2.8,72.0,25.0,3,4,0
2025-01-03 04:00:00,5009,-3.0,72.0,26.0,4,4,0
2025-01-03 05:00:00,5032,-3.1,73.0,21.0,5,4,0
2025-01-03 06:00:00,5175,-3.8,76.0,25.0,6,4,0
2025-01-03 07:00:00,5503,-3.5,76.0,21.0,7,4,0
2025-01-03 08:00:00,5842,-3.4,74.0,19.0,8,4,0
2025-01-03 09:00:00,6081,-3.1,77.0,23.0,9,4,0
2025-01-03 10:00:00,6190,-2.2,71.0,25.0,10,4,0
2025-01-03 11:00:00,6207,-1.2,65.0,24.0,11,4,0
2025-01-03 12:00:00,6353,-0.5,59.0,31.0,12,4,0
2025-01-03 13:00:00,6434,-1.4,66.0,30.0,13,4,0
2025-01-03 14:00:00,6419,-1.0,55.0,40.0,14,4,0
2025-01-03 15:00:00,6351,-2.2,51.0,35.0,15,4,0
2025-01-03 16:00:00,6395,-3.0,56.0,40.0,16,4,0
2025-01-03 17:00:00,6598,-3.6,63.0,35.0,17,4,0
2025-01-03 18:00:00,6874,-3.6,63.0,32.0,18,4,0
2025-01-03 19:00:00,6857,-4.1,68.0,37.0,19,4,0
2025-01-03 20:00:00,6785,-4.2,68.0,30.0,20,4,0
2025-01-03 21:00:00,6671,-4.2,63.0,32.0,21,4,0
2025-01-03 22:00:00,6452,-4.3,68.0,27.0,22,4,0
2025-01-03 23:00:00,6169,-4.2,67.0,26.0,23,4,0
2025-01-04 00:00:00,5805,-4.8,68.0,26.0,0,5,1
2025-01-04 01:00:00,5566,-5.1,69.0,22.0,1,5,1
2025-01-04 02:00:00,5326,-5.3,67.0,27.0,2,5,1
2025-01-04 03:00:00,5150,-5.6,68.0,26.0,3,5,1
2025-01-04 04:00:00,5061,-6.1,71.0,26.0,4,5,1
2025-01-04 05:00:00,5072,-6.5,67.0,32.0,5,5,1
2025-01-04 06:00:00,5179,-6.3,71.0,17.0,6,5,1
2025-01-04 07:00:00,5318,-5.6,73.0,27.0,7,5,1
2025-01-04 08:00:00,5501,-6.0,74.0,21.0,8,5,1
2025-01-04 09:00:00,5620,-5.3,74.0,22.0,9,5,1
2025-01-04 10:00:00,5876,-4.0,68.0,37.0,10,5,1
2025-01-04 11:00:00,6024,-3.0,65.0,43.0,11,5,1
2025-01-04 12:00:00,6228,-2.6,60.0,51.0,12,5,1
2025-01-04 13:00:00,6309,-2.2,59.0,49.0,13,5,1
2025-01-04 14:00:00,6375,-3.0,61.0,53.0,14,5,1
2025-01-04 15:00:00,6356,-3.0,61.0,48.0,15,5,1
2025-01-04 16:00:00,6343,-3.4,63.0,42.0,16,5,1
2025-01-04 17:00:00,6421,-4.6,72.0,35.0,17,5,1
2025-01-04 18:00:00,6737,-5.2,75.0,31.0,18,5,1
2025-01-04 19:00:00,6718,-4.8,74.0,29.0,19,5,1
2025-01-04 20:00:00,6642,-4.7,73.0,32.0,20,5,1
2025-01-04 21:00:00,6482,-4.8,73.0,29.0,21,5,1
2025-01-04 22:00:00,6310,-5.2,77.0,28.0,22,5,1
2025-01-04 23:00:00,6076,-5.3,75.0,27.0,23,5,1
2025-01-05 00:00:00,5783,-5.4,71.0,32.0,0,6,1
2025-01-05 01:00:00,5515,-5.5,71.0,30.0,1,6,1
2025-01-05 02:00:00,5304,-5.7,71.0,30.0,2,6,1
2025-01-05 03:00:00,5154,-5.7,72.0,32.0,3,6,1
2025-01-05 04:00:00,5062,-5.6,71.0,29.0,4,6,1
2025-01-05 05:00:00,5051,-5.6,72.0,26.0,5,6,1
2025-01-05 06:00:00,5098,-5.7,74.0,28.0,6,6,1
2025-01-05 07:00:00,5196,-6.4,80.0,23.0,7,6,1
2025-01-05 08:00:00,5345,-6.0,78.0,27.0,8,6,1
2025-01-05 09:00:00,5471,-4.7,74.0,23.0,9,6,1
2025-01-05 10:00:00,5726,-3.5,70.0,28.0,10,6,1
2025-01-05 11:00:00,5989,-2.9,68.0,31.0,11,6,1
2025-01-05 12:00:00,6168,-1.9,65.0,34.0,12,6,1
2025-01-05 13:00:00,6254,-1.0,62.0,23.0,13,6,1
2025-01-05 14:00:00,6240,-1.2,62.0,29.0,14,6,1
2025-01-05 15:00:00,6281,-1.5,64.0,25.0,15,6,1
2025-01-05 16:00:00,6344,-3.1,75.0,28.0,16,6,1
2025-01-05 17:00:00,6518,-3.2,77.0,21.0,17,6,1
2025-01-05 18:00:00,6835,-3.5,80.0,20.0,18,6,1
2025-01-05 19:00:00,6788,-3.2,78.0,14.0,19,6,1
2025-01-05 20:00:00,6682,-3.4,80.0,12.0,20,6,1
2025-01-05 21:00:00,6524,-3.3,77.0,11.0,21,6,1
2025-01-05 22:00:00,6312,-3.7,78.0,8.0,22,6,1
2025-01-05 23:00:00,5994,-4.1,83.0,8.0,23,6,1
2025-01-06 00:00:00,5671,-4.0,83.0,10.0,0,0,0
2025-01-06 01:00:00,5377,-3.6,78.0,4.0,1,0,0
2025-01-06 02:00:00,5179,-4.2,82.0,17.0,2,0,0
2025-01-06 03:00:00,5036,-4.9,84.0,18.0,3,0,0
2025-01-06 04:00:00,5069,-6.3,94.0,23.0,4,0,0
2025-01-06 05:00:00,5117,-6.8,85.0,23.0,5,0,0
2025-01-06 06:00:00,5348,-7.0,82.0,22.0,6,0,0
2025-01-06 07:00:00,5836,-7.5,76.0,23.0,7,0,0
2025-01-06 08:00:00,6418,-8.4,78.0,23.0,8,0,0
2025-01-06 09:00:00,6685,-9.0,76.0,22.0,9,0,0
2025-01-06 10:00:00,6801,-8.9,75.0,21.0,10,0,0
2025-01-06 11:00:00,6937,-9.1,75.0,25.0,11,0,0
2025-01-06 12:00:00,6987,-9.1,73.0,31.0,12,0,0
2025-01-06 13:00:00,6999,-8.4,69.0,23.0,13,0,0
2025-01-06 14:00:00,7007,-8.6,64.0,21.0,14,0,0
2025-01-06 15:00:00,6900,-8.4,56.0,34.0,15,0,0
2025-01-06 16:00:00,6885,-8.9,57.0,28.0,16,0,0
2025-01-06 17:00:00,7097,-9.7,61.0,30.0,17,0,0
2025-01-06 18:00:00,7405,-9.7,62.0,17.0,18,0,0
2025-01-06 19:00:00,7340,-9.4,64.0,22.0,19,0,0
2025-01-06 20:00:00,7259,-9.0,63.0,28.0,20,0,0
2025-01-06 21:00:00,7101,-8.5,63.0,23.0,21,0,0
2025-01-06 22:00:00,6834,-8.4,64.0,21.0,22,0,0
2025-01-06 23:00:00,6457,-8.3,68.0,20.0,23,0,0
2025-01-07 00:00:00,6076,-8.7,77.0,19.0,0,1,0
2025-01-07 01:00:00,5794,-8.6,80.0,17.0,1,1,0
2025-01-07 02:00:00,5557,-8.6,84.0,14.0,2,1,0
2025-01-07 03:00:00,5421,-8.1,88.0,11.0,3,1,0
2025-01-07 04:00:00,5332,-7.9,82.0,18.0,4,1,0
2025-01-07 05:00:00,5360,-8.3,85.0,16.0,5,1,0
2025-01-07 06:00:00,5555,-8.1,86.0,18.0,6,1,0
2025-01-07 07:00:00,6006,-7.7,76.0,28.0,7,1,0
2025-01-07 08:00:00,6544,-7.9,83.0,13.0,8,1,0
2025-01-07 09:00:00,6725,-8.2,87.0,13.0,9,1,0
2025-01-07 10:00:00,6834,-7.9,81.0,19.0,10,1,0
2025-01-07 11:00:00,6835,-7.6,81.0,14.0,11,1,0
2025-01-07 12:00:00,6842,-6.6,81.0,14.0,12,1,0
2025-01-07 13:00:00,6898,-6.2,82.0,17.0,13,1,0
2025-01-07 14:00:00,6848,-4.4,65.0,34.0,14,1,0
2025-01-07 15:00:00,6930,-4.9,64.0,33.0,15,1,0
2025-01-07 16:00:00,6991,-5.6,62.0,37.0,16,1,0
2025-01-07 17:00:00,7136,-6.2,60.0,32.0,17,1,0
2025-01-07 18:00:00,7409,-6.8,60.0,35.0,18,1,0
2025-01-07 19:00:00,7347,-7.1,63.0,32.0,19,1,0
2025-01-07 20:00:00,7259,-7.3,64.0,34.0,20,1,0
2025-01-07 21:00:00,7132,-7.4,63.0,27.0,21,1,0
2025-01-07 22:00:00,6867,-6.6,64.0,26.0,22,1,0
2025-01-07 23:00:00,6492,-6.8,66.0,28.0,23,1,0
2025-01-08 00:00:00,6096,-6.8,61.0,30.0,0,2,0
2025-01-08 01:00:00,5811,-7.3,61.0,26.0,1,2,0
2025-01-08 02:00:00,5603,-8.7,65.0,23.0,2,2,0
2025-01-08 03:00:00,5437,-9.1,67.0,33.0,3,2,0
2025-01-08 04:00:00,5390,-9.1,65.0,30.0,4,2,0
2025-01-08 05:00:00,5422,-9.3,65.0,27.0,5,2,0
2025-01-08 06:00:00,5625,-12.0,74.0,22.0,6,2,0
2025-01-08 07:00:00,6086,-12.9,72.0,22.0,7,2,0
2025-01-08 08:00:00,6631,-12.6,72.0,17.0,8,2,0
2025-01-08 09:00:00,6808,-12.2,69.0,22.0,9,2,0
2025-01-08 10:00:00,6866,-10.9,66.0,22.0,10,2,0
2025-01-08 11:00:00,6867,-9.9,58.0,27.0,11,2,0
2025-01-08 12:00:00,6873,-8.2,52.0,23.0,12,2,0
2025-01-08 13:00:00,6874,-7.8,51.0,22.0,13,2,0
2025-01-08 14:00:00,6873,-6.6,49.0,24.0,14,2,0
2025-01-08 15:00:00,6874,-7.3,52.0,22.0,15,2,0
2025-01-08 16:00:00,6947,-7.8,56.0,29.0,16,2,0
2025-01-08 17:00:00,7137,-8.1,57.0,25.0,17,2,0
2025-01-08 18:00:00,7426,-8.3,58.0,25.0,18,2,0
2025-01-08 19:00:00,7377,-8.5,60.0,24.0,19,2,0
2025-01-08 20:00:00,7301,-8.4,60.0,19.0,20,2,0
2025-01-08 21:00:00,7162,-8.8,60.0,22.0,21,2,0
2025-01-08 22:00:00,6975,-9.5,62.0,19.0,22,2,0
2025-01-08 23:00:00,6613,-10.1,64.0,21.0,23,2,0
2025-01-09 00:00:00,6230,-10.2,68.0,19.0,0,3,0
2025-01-09 01:00:00,5934,-10.5,68.0,21.0,1,3,0
2025-01-09 02:00:00,5711,-10.4,70.0,13.0,2,3,0
2025-01-09 03:00:00,5600,-11.5,79.0,13.0,3,3,0
2025-01-09 04:00:00,5534,-12.0,79.0,18.0,4,3,0
2025-01-09 05:00:00,5546,-12.4,80.0,13.0,5,3,0
2025-01-09 06:00:00,5758,-11.9,78.0,14.0,6,3,0
2025-01-09 07:00:00,6226,-12.6,77.0,16.0,7,3,0
2025-01-09 08:00:00,6760,-12.7,78.0,14.0,8,3,0
2025-01-09 09:00:00,6935,-11.4,74.0,15.0,9,3,0
2025-01-09 10:00:00,6961,-9.7,70.0,9.0,10,3,0
2025-01-09 11:00:00,7023,-7.8,62.0,19.0,11,3,0
2025-01-09 12:00:00,7022,-6.2,56.0,15.0,12,3,0
2025-01-09 13:00:00,6969,-5.4,53.0,19.0,13,3,0
2025-01-09 14:00:00,6930,-4.3,49.0,21.0,14,3,0
2025-01-09 15:00:00,6905,-4.8,49.0,25.0,15,3,0
2025-01-09 16:00:00,6964,-5.6,53.0,22.0,16,3,0
2025-01-09 17:00:00,7114,-6.6,54.0,22.0,17,3,0
2025-01-09 18:00:00,7406,-7.3,55.0,23.0,18,3,0
2025-01-09 19:00:00,7388,-7.8,50.0,22.0,19,3,0
2025-01-09 20:00:00,7350,-9.4,58.0,17.0,20,3,0
2025-01-09 21:00:00,7204,-9.4,57.0,16.0,21,3,0
2025-01-09 22:00:00,6929,-10.4,61.0,11.0,22,3,0
2025-01-09 23:00:00,6593,-9.7,67.0,15.0,23,3,0
2025-01-10 00:00:00,6209,-8.8,74.0,17.0,0,4,0
2025-01-10 01:00:00,5898,-9.9,77.0,13.0,1,4,0
2025-01-10 02:00:00,5684,-10.4,80.0,7.0,2,4,0
2025-01-10 03:00:00,5553,-11.2,80.0,13.0,3,4,0
2025-01-10 04:00:00,5508,-11.3,82.0,12.0,4,4,0
2025-01-10 05:00:00,5519,-11.2,82.0,10.0,5,4,0
2025-01-10 06:00:00,5725,-11.2,77.0,12.0,6,4,0
2025-01-10 07:00:00,6101,-10.7,73.0,4.0,7,4,0
2025-01-10 08:00:00,6605,-10.6,71.0,7.0,8,4,0
2025-01-10 09:00:00,6815,-8.8,64.0,4.0,9,4,0
2025-01-10 10:00:00,6937,-7.4,66.0,0.0,10,4,0
2025-01-10 11:00:00,6963,-5.0,61.0,4.0,11,4,0
2025-01-10 12:00:00,6960,-4.4,55.0,9.0,12,4,0
2025-01-10 13:00:00,6901,-3.1,57.0,11.0,13,4,0
2025-01-10 14:00:00,6917,-3.1,60.0,15.0,14,4,0
2025-01-10 15:00:00,6910,-3.0,62.0,12.0,15,4,0
2025-01-10 16:00:00,6977,-3.1,67.0,8.0,16,4,0
2025-01-10 17:00:00,7077,-2.9,66.0,9.0,17,4,0
2025-01-10 18:00:00,7212,-3.1,65.0,16.0,18,4,0
2025-01-10 19:00:00,7131,-3.2,67.0,16.0,19,4,0
2025-01-10 20:00:00,7090,-4.5,96.0,9.0,20,4,0
2025-01-10 21:00:00,7003,-4.8,97.0,12.0,21,4,0
2025-01-10 22:00:00,6803,-5.1,95.0,12.0,22,4,0
2025-01-10 23:00:00,6487,-5.2,95.0,9.0,23,4,0
2025-01-11 00:00:00,6121,-5.3,98.0,5.0,0,5,1
2025-01-11 01:00:00,5794,-5.3,97.0,4.0,1,5,1
2025-01-11 02:00:00,5543,-5.1,96.0,4.0,2,5,1
2025-01-11 03:00:00,5385,-5.0,96.0,3.0,3,5,1
2025-01-11 04:00:00,5280,-5.5,99.0,0.0,4,5,1
2025-01-11 05:00:00,5262,-5.3,98.0,0.0,5,5,1
2025-01-11 06:00:00,5306,-5.1,98.0,4.0,6,5,1
2025-01-11 07:00:00,5441,-5.0,98.0,0.0,7,5,1
2025-01-11 08:00:00,5635,-5.3,98.0,5.0,8,5,1
2025-01-11 09:00:00,5856,-5.8,96.0,8.0,9,5,1
2025-01-11 10:00:00,6073,-4.5,89.0,9.0,10,5,1
2025-01-11 11:00:00,6192,-3.6,82.0,9.0,11,5,1
2025-01-11 12:00:00,6285,-2.1,76.0,8.0,12,5,1
2025-01-11 13:00:00,6294,-1.3,74.0,19.0,13,5,1
2025-01-11 14:00:00,6277,-0.5,71.0,14.0,14,5,1
2025-01-11 15:00:00,6296,-0.2,68.0,14.0,15,5,1
2025-01-11 16:00:00,6280,0.0,68.0,16.0,16,5,1
2025-01-11 17:00:00,6395,-0.8,75.0,14.0,17,5,1
2025-01-11 18:00:00,6655,-1.3,78.0,15.0,18,5,1
2025-01-11 19:00:00,6646,-1.6,81.0,10.0,19,5,1
2025-01-11 20:00:00,6529,-1.7,85.0,13.0,20,5,1
2025-01-11 21:00:00,6367,-1.6,88.0,8.0,21,5,1
2025-01-11 22:00:00,6160,-1.4,92.0,12.0,22,5,1
2025-01-11 23:00:00,5895,-1.2,87.0,11.0,23,5,1
2025-01-12 00:00:00,5623,-1.5,85.0,13.0,0,6,1
2025-01-12 01:00:00,5385,-3.7,94.0,9.0,1,6,1
2025-01-12 02:00:00,5179,-2.1,84.0,18.0,2,6,1
2025-01-12 03:00:00,5021,-3.5,88.0,12.0,3,6,1
2025-01-12 04:00:00,4932,-2.7,88.0,12.0,4,6,1
2025-01-12 05:00:00,4903,-2.8,89.0,8.0,5,6,1
2025-01-12 06:00:00,4916,-2.8,89.0,5.0,6,6,1
2025-01-12 07:00:00,5045,-2.2,88.0,4.0,7,6,1
2025-01-12 08:00:00,5222,-2.3,89.0,8.0,8,6,1
2025-01-12 09:00:00,5429,-1.6,85.0,4.0,9,6,1
2025-01-12 10:00:00,5660,-1.0,80.0,5.0,10,6,1
2025-01-12 11:00:00,5827,0.6,69.0,10.0,11,6,1
2025-01-12 12:00:00,5944,1.4,60.0,14.0,12,6,1
2025-01-12 13:00:00,6023,0.8,64.0,16.0,13,6,1
2025-01-12 14:00:00,6054,1.1,59.0,19.0,14,6,1
2025-01-12 15:00:00,6057,0.8,71.0,13.0,15,6,1
2025-01-12 16:00:00,6144,0.5,68.0,18.0,16,6,1
2025-01-12 17:00:00,6350,0.0,68.0,13.0,17,6,1
2025-01-12 18:00:00,6668,-0.3,73.0,16.0,18,6,1
2025-01-12 19:00:00,6711,-0.3,76.0,9.0,19,6,1
2025-01-12 20:00:00,6559,0.1,72.0,11.0,20,6,1
2025-01-12 21:00:00,6373,0.1,76.0,16.0,21,6,1
2025-01-12 22:00:00,6236,-1.0,100.0,12.0,22,6,1
2025-01-12 23:00:00,5974,-0.7,96.0,18.0,23,6,1
2025-01-13 00:00:00,5620,-0.4,90.0,14.0,0,0,0
2025-01-13 01:00:00,5311,-0.3,93.0,18.0,1,0,0
2025-01-13 02:00:00,5077,0.1,95.0,13.0,2,0,0
2025-01-13 03:00:00,4966,0.6,93.0,16.0,3,0,0
2025-01-13 04:00:00,4950,0.7,92.0,14.0,4,0,0
2025-01-13 05:00:00,4996,1.1,83.0,15.0,5,0,0
2025-01-13 06:00:00,5206,1.1,81.0,14.0,6,0,0
2025-01-13 07:00:00,5629,0.3,81.0,23.0,7,0,0
2025-01-13 08:00:00,6214,-0.9,96.0,22.0,8,0,0
2025-01-13 09:00:00,6532,-0.9,83.0,28.0,9,0,0
2025-01-13 10:00:00,6682,-0.9,77.0,27.0,10,0,0
2025-01-13 11:00:00,6744,-1.1,78.0,31.0,11,0,0
2025-01-13 12:00:00,6843,-1.9,78.0,36.0,12,0,0
2025-01-13 13:00:00,6900,-1.9,77.0,34.0,13,0,0
2025-01-13 14:00:00,6963,-2.0,77.0,39.0,14,0,0
2025-01-13 15:00:00,6926,-2.1,74.0,36.0,15,0,0
2025-01-13 16:00:00,6938,-2.4,74.0,35.0,16,0,0
2025-01-13 17:00:00,7056,-3.1,72.0,31.0,17,0,0
2025-01-13 18:00:00,7241,-3.5,77.0,23.0,18,0,0
2025-01-13 19:00:00,7198,-4.1,78.0,34.0,19,0,0
2025-01-13 20:00:00,7109,-4.3,74.0,22.0,20,0,0
2025-01-13 21:00:00,6986,-4.7,69.0,29.0,21,0,0
2025-01-13 22:00:00,6740,-5.7,74.0,29.0,22,0,0
2025-01-13 23:00:00,6389,-6.4,72.0,40.0,23,0,0
2025-01-14 00:00:00,6030,-7.5,63.0,37.0,0,1,0
2025-01-14 01:00:00,5760,-8.2,67.0,36.0,1,1,0
2025-01-14 02:00:00,5552,-7.9,67.0,37.0,2,1,0
2025-01-14 03:00:00,5450,-7.8,67.0,33.0,3,1,0
2025-01-14 04:00:00,5389,-7.7,67.0,30.0,4,1,0
2025-01-14 05:00:00,5441,-7.8,68.0,29.0,5,1,0
2025-01-14 06:00:00,5653,-7.6,65.0,34.0,6,1,0
2025-01-14 07:00:00,6102,-7.8,69.0,25.0,7,1,0
2025-01-14 08:00:00,6648,-7.8,67.0,29.0,8,1,0
2025-01-14 09:00:00,6859,-7.8,66.0,32.0,9,1,0
2025-01-14 10:00:00,6979,-7.5,64.0,34.0,10,1,0
2025-01-14 11:00:00,6974,-6.8,60.0,43.0,11,1,0
2025-01-14 12:00:00,6967,-6.7,56.0,45.0,12,1,0
2025-01-14 13:00:00,6980,-6.2,55.0,40.0,13,1,0
2025-01-14 14:00:00,6976,-6.4,55.0,40.0,14,1,0
2025-01-14 15:00:00,6969,-6.8,56.0,37.0,15,1,0
2025-01-14 16:00:00,6982,-7.3,57.0,31.0,16,1,0
2025-01-14 17:00:00,7090,-8.1,61.0,30.0,17,1,0
2025-01-14 18:00:00,7376,-8.8,66.0,30.0,18,1,0
2025-01-14 19:00:00,7386,-9.2,70.0,21.0,19,1,0
2025-01-14 20:00:00,7311,-8.5,72.0,30.0,20,1,0
2025-01-14 21:00:00,7172,-8.5,77.0,32.0,21,1,0
2025-01-14 22:00:00,6937,-8.5,77.0,24.0,22,1,0
2025-01-14 23:00:00,6565,-8.0,78.0,17.0,23,1,0
2025-01-15 00:00:00,6184,-7.9,80.0,14.0,0,2,0
2025-01-15 01:00:00,5868,-8.1,81.0,11.0,1,2,0
2025-01-15 02:00:00,5646,-8.2,88.0,8.0,2,2,0
2025-01-15 03:00:00,5507,-8.9,86.0,11.0,3,2,0
2025-01-15 04:00:00,5442,-10.0,88.0,12.0,4,2,0
2025-01-15 05:00:00,5466,-10.2,91.0,12.0,5,2,0
2025-01-15 06:00:00,5660,-10.6,90.0,10.0,6,2,0
2025-01-15 07:00:00,6104,-9.5,85.0,10.0,7,2,0
2025-01-15 08:00:00,6621,-9.8,87.0,7.0,8,2,0
2025-01-15 09:00:00,6789,-7.9,79.0,12.0,9,2,0
2025-01-15 10:00:00,6913,-6.2,74.0,14.0,10,2,0
2025-01-15 11:00:00,7020,-5.3,72.0,17.0,11,2,0
2025-01-15 12:00:00,7083,-4.8,73.0,14.0,12,2,0
2025-01-15 13:00:00,7052,-4.0,71.0,13.0,13,2,0
2025-01-15 14:00:00,7033,-3.8,69.0,21.0,14,2,0
2025-01-15 15:00:00,7042,-4.4,70.0,28.0,15,2,0
2025-01-15 16:00:00,7091,-4.4,74.0,18.0,16,2,0
2025-01-15 17:00:00,7188,-5.2,80.0,21.0,17,2,0
2025-01-15 18:00:00,7382,-5.5,75.0,25.0,18,2,0
2025-01-15 19:00:00,7336,-6.0,71.0,31.0,19,2,0
2025-01-15 20:00:00,7273,-6.5,71.0,21.0,20,2,0
2025-01-15 21:00:00,7163,-6.6,68.0,21.0,21,2,0
2025-01-15 22:00:00,6929,-6.9,70.0,16.0,22,2,0
2025-01-15 23:00:00,6495,-6.8,73.0,13.0,23,2,0
2025-01-16 00:00:00,6112,-7.3,75.0,12.0,0,3,0
2025-01-16 01:00:00,5808,-7.7,72.0,13.0,1,3,0
2025-01-16 02:00:00,5583,-7.7,74.0,19.0,2,3,0
2025-01-16 03:00:00,5500,-7.5,76.0,10.0,3,3,0
2025-01-16 04:00:00,5385,-6.4,77.0,19.0,4,3,0
2025-01-16 05:00:00,5456,-6.6,78.0,3.0,5,3,0
2025-01-16 06:00:00,5646,-6.0,77.0,9.0,6,3,0
2025-01-16 07:00:00,6049,-5.0,77.0,16.0,7,3,0
2025-01-16 08:00:00,6622,-5.6,80.0,16.0,8,3,0
2025-01-16 09:00:00,6842,-5.9,81.0,16.0,9,3,0
2025-01-16 10:00:00,6979,-6.2,81.0,15.0,10,3,0
2025-01-16 11:00:00,7032,-4.9,78.0,10.0,11,3,0
2025-01-16 12:00:00,7085,-5.0,75.0,13.0,12,3,0
2025-01-16 13:00:00,7087,-5.5,89.0,9.0,13,3,0
2025-01-16 14:00:00,7109,-5.3,82.0,13.0,14,3,0
2025-01-16 15:00:00,7081,-5.3,88.0,14.0,15,3,0
2025-01-16 16:00:00,7069,-5.1,84.0,12.0,16,3,0
2025-01-16 17:00:00,7179,-5.2,93.0,10.0,17,3,0
2025-01-16 18:00:00,7378,-5.0,90.0,12.0,18,3,0
2025-01-16 19:00:00,7337,-4.6,87.0,16.0,19,3,0
2025-01-16 20:00:00,7237,-4.4,85.0,15.0,20,3,0
2025-01-16 21:00:00,7122,-3.5,86.0,14.0,21,3,0
2025-01-16 22:00:00,6882,-3.3,90.0,13.0,22,3,0
2025-01-16 23:00:00,6439,-2.5,90.0,25.0,23,3,0
2025-01-17 00:00:00,6081,-2.2,93.0,20.0,0,4,0
2025-01-17 01:00:00,5782,-1.7,92.0,13.0,1,4,0
2025-01-17 02:00:00,5517,-1.8,97.0,16.0,2,4,0
2025-01-17 03:00:00,5386,-1.6,99.0,10.0,3,4,0
2025-01-17 04:00:00,5315,-1.9,99.0,9.0,4,4,0
2025-01-17 05:00:00,5342,-1.5,87.0,15.0,5,4,0
2025-01-17 06:00:00,5479,-1.6,83.0,13.0,6,4,0
2025-01-17 07:00:00,5875,-1.8,72.0,24.0,7,4,0
2025-01-17 08:00:00,6366,-1.9,73.0,18.0,8,4,0
2025-01-17 09:00:00,6576,-1.8,74.0,21.0,9,4,0
2025-01-17 10:00:00,6736,-1.7,73.0,17.0,10,4,0
2025-01-17 11:00:00,6852,-0.7,70.0,12.0,11,4,0
2025-01-17 12:00:00,6832,0.4,64.0,16.0,12,4,0
2025-01-17 13:00:00,6755,1.4,64.0,18.0,13,4,0
2025-01-17 14:00:00,6705,1.9,63.0,21.0,14,4,0
2025-01-17 15:00:00,6566,2.0,63.0,21.0,15,4,0
2025-01-17 16:00:00,6614,2.0,63.0,21.0,16,4,0
2025-01-17 17:00:00,6691,2.0,62.0,17.0,17,4,0
2025-01-17 18:00:00,6913,1.8,65.0,17.0,18,4,0
2025-01-17 19:00:00,6808,1.9,68.0,20.0,19,4,0
2025-01-17 20:00:00,6688,2.0,69.0,22.0,20,4,0
2025-01-17 21:00:00,6592,2.2,68.0,21.0,21,4,0
2025-01-17 22:00:00,6412,2.3,67.0,19.0,22,4,0
2025-01-17 23:00:00,6072,2.4,64.0,19.0,23,4,0
2025-01-18 00:00:00,5717,2.3,63.0,21.0,0,5,1
2025-01-18 01:00:00,5422,2.0,64.0,16.0,1,5,1
2025-01-18 02:00:00,5189,2.4,62.0,21.0,2,5,1
2025-01-18 03:00:00,5029,2.4,62.0,14.0,3,5,1
2025-01-18 04:00:00,4930,2.7,62.0,14.0,4,5,1
2025-01-18 05:00:00,4882,3.5,60.0,16.0,5,5,1
2025-01-18 06:00:00,4941,3.9,60.0,20.0,6,5,1
2025-01-18 07:00:00,5078,3.3,76.0,23.0,7,5,1
2025-01-18 08:00:00,5289,2.5,92.0,13.0,8,5,1
2025-01-18 09:00:00,5576,2.4,98.0,15.0,9,5,1
2025-01-18 10:00:00,5830,2.4,100.0,19.0,10,5,1
2025-01-18 11:00:00,5937,2.6,100.0,19.0,11,5,1
2025-01-18 12:00:00,6176,2.5,98.0,21.0,12,5,1
2025-01-18 13:00:00,6310,1.4,90.0,28.0,13,5,1
2025-01-18 14:00:00,6403,0.2,99.0,26.0,14,5,1
2025-01-18 15:00:00,6374,-1.1,94.0,30.0,15,5,1
2025-01-18 16:00:00,6386,-1.4,74.0,30.0,16,5,1
2025-01-18 17:00:00,6453,-2.3,72.0,35.0,17,5,1
2025-01-18 18:00:00,6694,-3.6,70.0,30.0,18,5,1
2025-01-18 19:00:00,6725,-4.6,68.0,28.0,19,5,1
2025-01-18 20:00:00,6614,-5.1,69.0,27.0,20,5,1
2025-01-18 21:00:00,6493,-5.0,67.0,25.0,21,5,1
2025-01-18 22:00:00,6307,-5.5,68.0,19.0,22,5,1
2025-01-18 23:00:00,6006,-5.9,68.0,17.0,23,5,1
2025-01-19 00:00:00,5785,-6.0,64.0,19.0,0,6,1
2025-01-19 01:00:00,5520,-6.5,68.0,11.0,1,6,1
2025-01-19 02:00:00,5358,-7.9,77.0,8.0,2,6,1
2025-01-19 03:00:00,5205,-8.1,76.0,9.0,3,6,1
2025-01-19 04:00:00,5166,-8.4,81.0,4.0,4,6,1
2025-01-19 05:00:00,5140,-7.6,74.0,11.0,5,6,1
2025-01-19 06:00:00,5163,-7.8,72.0,9.0,6,6,1
2025-01-19 07:00:00,5262,-8.2,71.0,17.0,7,6,1
2025-01-19 08:00:00,5484,-8.4,67.0,13.0,8,6,1
2025-01-19 09:00:00,5723,-8.3,64.0,8.0,9,6,1
2025-01-19 10:00:00,6010,-8.2,71.0,5.0,10,6,1
2025-01-19 11:00:00,6223,-7.8,66.0,4.0,11,6,1
2025-01-19 12:00:00,6374,-7.3,66.0,8.0,12,6,1
2025-01-19 13:00:00,6454,-6.8,69.0,4.0,13,6,1
2025-01-19 14:00:00,6437,-6.3,65.0,4.0,14,6,1
2025-01-19 15:00:00,6413,-6.0,61.0,7.0,15,6,1
2025-01-19 16:00:00,6466,-6.1,60.0,4.0,16,6,1
2025-01-19 17:00:00,6622,-6.6,76.0,3.0,17,6,1
2025-01-19 18:00:00,6963,-7.0,83.0,0.0,18,6,1
2025-01-19 19:00:00,7020,-6.9,81.0,7.0,19,6,1
2025-01-19 20:00:00,6915,-6.8,64.0,16.0,20,6,1
2025-01-19 21:00:00,6799,-7.2,66.0,14.0,21,6,1
2025-01-19 22:00:00,6613,-8.4,73.0,16.0,22,6,1
2025-01-19 23:00:00,6314,-9.2,81.0,21.0,23,6,1
2025-01-20 00:00:00,6019,-10.2,80.0,19.0,0,0,0
2025-01-20 01:00:00,5776,-11.1,78.0,18.0,1,0,0
2025-01-20 02:00:00,5579,-11.7,81.0,19.0,2,0,0
2025-01-20 03:00:00,5504,-12.6,76.0,24.0,3,0,0
2025-01-20 04:00:00,5462,-12.6,73.0,17.0,4,0,0
2025-01-20 05:00:00,5488,-13.0,65.0,15.0,5,0,0
2025-01-20 06:00:00,5709,-13.3,65.0,15.0,6,0,0
2025-01-20 07:00:00,6164,-13.6,66.0,14.0,7,0,0
2025-01-20 08:00:00,6700,-13.5,62.0,10.0,8,0,0
2025-01-20 09:00:00,6908,-12.8,64.0,8.0,9,0,0
2025-01-20 10:00:00,7140,-12.0,63.0,7.0,10,0,0
2025-01-20 11:00:00,7213,-10.7,64.0,22.0,11,0,0
2025-01-20 12:00:00,7234,-10.2,59.0,36.0,12,0,0
2025-01-20 13:00:00,7267,-10.1,55.0,41.0,13,0,0
2025-01-20 14:00:00,7239,-10.1,54.0,44.0,14,0,0
2025-01-20 15:00:00,7189,-11.4,51.0,42.0,15,0,0
2025-01-20 16:00:00,7193,-11.8,49.0,45.0,16,0,0
2025-01-20 17:00:00,7311,-12.8,70.0,20.0,17,0,0
2025-01-20 18:00:00,7616,-13.2,57.0,27.0,18,0,0
2025-01-20 19:00:00,7656,-13.5,57.0,22.0,19,0,0
2025-01-20 20:00:00,7621,-13.6,61.0,25.0,20,0,0
2025-01-20 21:00:00,7441,-13.8,64.0,23.0,21,0,0
2025-01-20 22:00:00,7162,-13.9,67.0,24.0,22,0,0
2025-01-20 23:00:00,6799,-13.7,72.0,25.0,23,0,0
2025-01-21 00:00:00,6477,-14.0,77.0,27.0,0,1,0
2025-01-21 01:00:00,6138,-13.9,65.0,30.0,1,1,0
2025-01-21 02:00:00,5934,-14.2,64.0,28.0,2,1,0
2025-01-21 03:00:00,5804,-14.6,71.0,25.0,3,1,0
2025-01-21 04:00:00,5790,-14.9,64.0,28.0,4,1,0
2025-01-21 05:00:00,5832,-15.2,62.0,29.0,5,1,0
2025-01-21 06:00:00,6005,-15.6,61.0,27.0,6,1,0
2025-01-21 07:00:00,6349,-15.8,61.0,27.0,7,1,0
2025-01-21 08:00:00,6864,-15.8,60.0,32.0,8,1,0
2025-01-21 09:00:00,7072,-14.5,57.0,26.0,9,1,0
2025-01-21 10:00:00,7035,-13.2,51.0,26.0,10,1,0
2025-01-21 11:00:00,7098,-11.7,47.0,21.0,11,1,0
2025-01-21 12:00:00,7109,-11.1,42.0,28.0,12,1,0
2025-01-21 13:00:00,7125,-11.6,44.0,18.0,13,1,0
2025-01-21 14:00:00,7086,-11.1,42.0,23.0,14,1,0
2025-01-21 15:00:00,7250,-11.5,39.0,29.0,15,1,0
2025-01-21 16:00:00,7240,-12.0,38.0,27.0,16,1,0
2025-01-21 17:00:00,7313,-12.9,48.0,30.0,17,1,0
2025-01-21 18:00:00,7599,-13.8,58.0,20.0,18,1,0
2025-01-21 19:00:00,7655,-14.4,65.0,19.0,19,1,0
2025-01-21 20:00:00,7595,-15.0,65.0,20.0,20,1,0
2025-01-21 21:00:00,7499,-15.7,69.0,22.0,21,1,0
2025-01-21 22:00:00,7272,-16.1,71.0,21.0,22,1,0
2025-01-21 23:00:00,6928,-16.3,69.0,21.0,23,1,0
2025-01-22 00:00:00,6583,-16.5,67.0,27.0,0,2,0
2025-01-22 01:00:00,6271,-17.1,68.0,18.0,1,2,0
2025-01-22 02:00:00,6051,-17.3,69.0,22.0,2,2,0
2025-01-22 03:00:00,5888,-17.4,69.0,25.0,3,2,0
2025-01-22 04:00:00,5831,-17.6,67.0,19.0,4,2,0
2025-01-22 05:00:00,5856,-18.0,63.0,12.0,5,2,0
2025-01-22 06:00:00,6035,-18.2,62.0,13.0,6,2,0
2025-01-22 07:00:00,6458,-18.2,64.0,13.0,7,2,0
2025-01-22 08:00:00,6982,-18.0,61.0,16.0,8,2,0
2025-01-22 09:00:00,7136,-16.5,57.0,13.0,9,2,0
2025-01-22 10:00:00,7182,-14.6,46.0,16.0,10,2,0
2025-01-22 11:00:00,7325,-13.1,58.0,20.0,11,2,0
2025-01-22 12:00:00,7446,-12.6,55.0,26.0,12,2,0
2025-01-22 13:00:00,7495,-12.2,45.0,25.0,13,2,0
2025-01-22 14:00:00,7493,-12.2,44.0,24.0,14,2,0
2025-01-22 15:00:00,7465,-12.0,48.0,16.0,15,2,0
2025-01-22 16:00:00,7456,-12.2,48.0,22.0,16,2,0
2025-01-22 17:00:00,7515,-11.9,55.0,17.0,17,2,0
2025-01-22 18:00:00,7738,-11.7,59.0,16.0,18,2,0
2025-01-22 19:00:00,7711,-10.9,59.0,13.0,19,2,0
2025-01-22 20:00:00,7623,-10.6,70.0,12.0,20,2,0
2025-01-22 21:00:00,7570,-10.5,78.0,22.0,21,2,0
2025-01-22 22:00:00,7296,-10.5,75.0,15.0,22,2,0
2025-01-22 23:00:00,6920,-10.5,67.0,16.0,23,2,0
2025-01-23 00:00:00,6492,-9.6,56.0,23.0,0,3,0
2025-01-23 01:00:00,6142,-9.4,57.0,21.0,1,3,0
2025-01-23 02:00:00,5971,-9.0,58.0,20.0,2,3,0
2025-01-23 03:00:00,5786,-8.6,61.0,13.0,3,3,0
2025-01-23 04:00:00,5697,-8.9,67.0,17.0,4,3,0
2025-01-23 05:00:00,5778,-9.3,77.0,12.0,5,3,0
2025-01-23 06:00:00,5957,-9.1,79.0,13.0,6,3,0
2025-01-23 07:00:00,6310,-8.7,81.0,11.0,7,3,0
2025-01-23 08:00:00,6846,-8.3,85.0,13.0,8,3,0
2025-01-23 09:00:00,7007,-7.2,82.0,19.0,9,3,0
2025-01-23 10:00:00,7103,-6.2,76.0,19.0,10,3,0
2025-01-23 11:00:00,7219,-5.7,72.0,28.0,11,3,0
2025-01-23 12:00:00,7213,-5.0,67.0,18.0,12,3,0
2025-01-23 13:00:00,7211,-4.4,66.0,17.0,13,3,0
2025-01-23 14:00:00,7200,-4.1,68.0,23.0,14,3,0
2025-01-23 15:00:00,7149,-4.0,69.0,19.0,15,3,0
2025-01-23 16:00:00,7154,-4.3,69.0,18.0,16,3,0
2025-01-23 17:00:00,7237,-4.9,70.0,22.0,17,3,0
2025-01-23 18:00:00,7404,-5.7,75.0,18.0,18,3,0
2025-01-23 19:00:00,7405,-5.8,77.0,17.0,19,3,0
2025-01-23 20:00:00,7278,-6.0,78.0,12.0,20,3,0
2025-01-23 21:00:00,7157,-6.1,79.0,13.0,21,3,0
2025-01-23 22:00:00,6956,-5.9,79.0,26.0,22,3,0
2025-01-23 23:00:00,6589,-6.6,80.0,23.0,23,3,0
2025-01-24 00:00:00,6224,-7.2,82.0,24.0,0,4,0
2025-01-24 01:00:00,5920,-8.0,84.0,15.0,1,4,0
2025-01-24 02:00:00,5710,-8.0,86.0,15.0,2,4,0
2025-01-24 03:00:00,5573,-8.0,86.0,18.0,3,4,0
2025-01-24 04:00:00,5523,-8.9,84.0,19.0,4,4,0
2025-01-24 05:00:00,5558,-8.5,80.0,16.0,5,4,0
2025-01-24 06:00:00,5722,-9.0,82.0,12.0,6,4,0
2025-01-24 07:00:00,6164,-9.1,82.0,7.0,7,4,0
2025-01-24 08:00:00,6687,-9.6,85.0,4.0,8,4,0
2025-01-24 09:00:00,6890,-7.9,73.0,8.0,9,4,0
2025-01-24 10:00:00,7041,-7.8,66.0,14.0,10,4,0
2025-01-24 11:00:00,7043,-6.3,61.0,24.0,11,4,0
2025-01-24 12:00:00,7025,-5.8,59.0,15.0,12,4,0
2025-01-24 13:00:00,7020,-5.1,52.0,6.0,13,4,0
2025-01-24 14:00:00,7075,-4.8,56.0,18.0,14,4,0
2025-01-24 15:00:00,7073,-5.2,58.0,22.0,15,4,0
2025-01-24 16:00:00,7063,-5.7,57.0,23.0,16,4,0
2025-01-24 17:00:00,7137,-6.7,63.0,23.0,17,4,0
2025-01-24 18:00:00,7333,-7.0,77.0,19.0,18,4,0
2025-01-24 19:00:00,7300,-7.2,70.0,23.0,19,4,0
2025-01-24 20:00:00,7240,-7.6,67.0,21.0,20,4,0
2025-01-24 21:00:00,7123,-7.7,60.0,17.0,21,4,0
2025-01-24 22:00:00,6883,-8.0,56.0,15.0,22,4,0
2025-01-24 23:00:00,6539,-7.7,54.0,12.0,23,4,0
2025-01-25 00:00:00,6169,-7.9,56.0,16.0,0,5,1
2025-01-25 01:00:00,5877,-8.3,64.0,10.0,1,5,1
2025-01-25 02:00:00,5664,-8.6,66.0,11.0,2,5,1
2025-01-25 03:00:00,5503,-8.1,67.0,14.0,3,5,1
2025-01-25 04:00:00,5408,-8.8,67.0,12.0,4,5,1
2025-01-25 05:00:00,5383,-8.9,72.0,8.0,5,5,1
2025-01-25 06:00:00,5398,-8.7,75.0,11.0,6,5,1
2025-01-25 07:00:00,5552,-8.3,74.0,13.0,7,5,1
2025-01-25 08:00:00,5808,-8.0,74.0,14.0,8,5,1
2025-01-25 09:00:00,6079,-7.3,72.0,16.0,9,5,1
2025-01-25 10:00:00,6309,-6.8,69.0,17.0,10,5,1
2025-01-25 11:00:00,6551,-5.8,67.0,22.0,11,5,1
2025-01-25 12:00:00,6651,-4.4,63.0,29.0,12,5,1
2025-01-25 13:00:00,6665,-3.1,61.0,26.0,13,5,1
2025-01-25 14:00:00,6626,-2.9,65.0,26.0,14,5,1
2025-01-25 15:00:00,6621,-2.3,66.0,21.0,15,5,1
2025-01-25 16:00:00,6601,-2.0,64.0,19.0,16,5,1
2025-01-25 17:00:00,6651,-2.2,65.0,14.0,17,5,1
2025-01-25 18:00:00,6846,-2.5,66.0,21.0,18,5,1
2025-01-25 19:00:00,6839,-3.3,68.0,13.0,19,5,1
2025-01-25 20:00:00,6714,-4.0,76.0,15.0,20,5,1
2025-01-25 21:00:00,6583,-3.5,78.0,15.0,21,5,1
2025-01-25 22:00:00,6361,-1.8,73.0,31.0,22,5,1
2025-01-25 23:00:00,6076,-1.0,73.0,35.0,23,5,1
2025-01-26 00:00:00,5838,-1.4,79.0,34.0,0,6,1
2025-01-26 01:00:00,5513,-1.5,82.0,38.0,1,6,1
2025-01-26 02:00:00,5320,-1.3,85.0,30.0,2,6,1
2025-01-26 03:00:00,5202,-1.4,79.0,25.0,3,6,1
2025-01-26 04:00:00,5104,-1.5,66.0,30.0,4,6,1
2025-01-26 05:00:00,5093,-1.6,71.0,31.0,5,6,1
2025-01-26 06:00:00,5127,-2.3,75.0,34.0,6,6,1
2025-01-26 07:00:00,5230,-2.6,78.0,23.0,7,6,1
2025-01-26 08:00:00,5410,-2.5,85.0,20.0,8,6,1
2025-01-26 09:00:00,5628,-1.7,72.0,28.0,9,6,1
2025-01-26 10:00:00,5787,-1.3,68.0,36.0,10,6,1
2025-01-26 11:00:00,5907,0.2,63.0,33.0,11,6,1
2025-01-26 12:00:00,6076,-0.4,60.0,37.0,12,6,1
2025-01-26 13:00:00,6231,-0.6,60.0,33.0,13,6,1
2025-01-26 14:00:00,6268,-0.9,60.0,31.0,14,6,1
2025-01-26 15:00:00,6231,-1.6,59.0,34.0,15,6,1
2025-01-26 16:00:00,6289,-1.5,52.0,29.0,16,6,1
2025-01-26 17:00:00,6453,-2.5,54.0,32.0,17,6,1
2025-01-26 18:00:00,6786,-2.7,57.0,23.0,18,6,1
2025-01-26 19:00:00,6879,-2.9,58.0,20.0,19,6,1
2025-01-26 20:00:00,6761,-2.8,60.0,17.0,20,6,1
2025-01-26 21:00:00,6608,-3.3,61.0,28.0,21,6,1
2025-01-26 22:00:00,6442,-4.0,65.0,20.0,22,6,1
2025-01-26 23:00:00,6111,-4.7,68.0,16.0,23,6,1
2025-01-27 00:00:00,5777,-5.8,71.0,17.0,0,0,0
2025-01-27 01:00:00,5537,-6.2,73.0,18.0,1,0,0
2025-01-27 02:00:00,5334,-6.1,72.0,22.0,2,0,0
2025-01-27 03:00:00,5214,-5.3,66.0,21.0,3,0,0
2025-01-27 04:00:00,5170,-5.8,65.0,13.0,4,0,0
2025-01-27 05:00:00,5243,-5.0,65.0,34.0,5,0,0
2025-01-27 06:00:00,5420,-4.7,62.0,24.0,6,0,0
2025-01-27 07:00:00,5823,-5.0,64.0,24.0,7,0,0
2025-01-27 08:00:00,6352,-4.5,61.0,32.0,8,0,0
2025-01-27 09:00:00,6575,-3.0,55.0,39.0,9,0,0
2025-01-27 10:00:00,6601,-1.4,49.0,38.0,10,0,0
2025-01-27 11:00:00,6650,-0.1,41.0,43.0,11,0,0
2025-01-27 12:00:00,6690,0.8,39.0,35.0,12,0,0
2025-01-27 13:00:00,6672,1.0,37.0,41.0,13,0,0
2025-01-27 14:00:00,6624,1.2,37.0,31.0,14,0,0
2025-01-27 15:00:00,6585,0.7,42.0,34.0,15,0,0
2025-01-27 16:00:00,6673,-0.6,49.0,39.0,16,0,0
2025-01-27 17:00:00,6873,-1.2,52.0,34.0,17,0,0
2025-01-27 18:00:00,7184,-1.1,54.0,34.0,18,0,0
2025-01-27 19:00:00,7199,-0.5,54.0,42.0,19,0,0
2025-01-27 20:00:00,7129,-0.3,60.0,37.0,20,0,0
2025-01-27 21:00:00,6978,-1.6,86.0,29.0,21,0,0
2025-01-27 22:00:00,6719,-1.3,86.0,33.0,22,0,0
2025-01-27 23:00:00,6357,-1.3,89.0,31.0,23,0,0
2025-01-28 00:00:00,5933,-1.0,87.0,30.0,0,1,0
2025-01-28 01:00:00,5592,-1.1,99.0,41.0,1,1,0
2025-01-28 02:00:00,5419,-2.0,75.0,35.0,2,1,0
2025-01-28 03:00:00,5335,-4.7,82.0,32.0,3,1,0
2025-01-28 04:00:00,5284,-6.0,75.0,28.0,4,1,0
2025-01-28 05:00:00,5360,-7.3,77.0,23.0,5,1,0
2025-01-28 06:00:00,5588,-8.5,53.0,46.0,6,1,0
2025-01-28 07:00:00,6092,-10.7,76.0,19.0,7,1,0
2025-01-28 08:00:00,6641,-11.7,73.0,11.0,8,1,0
2025-01-28 09:00:00,6793,-10.5,64.0,11.0,9,1,0
2025-01-28 10:00:00,6850,-8.4,49.0,21.0,10,1,0
2025-01-28 11:00:00,6915,-7.8,56.0,13.0,11,1,0
2025-01-28 12:00:00,6939,-7.5,59.0,14.0,12,1,0
2025-01-28 13:00:00,6879,-7.0,59.0,10.0,13,1,0
2025-01-28 14:00:00,6891,-6.0,59.0,22.0,14,1,0
2025-01-28 15:00:00,6921,-5.2,59.0,18.0,15,1,0
2025-01-28 16:00:00,6969,-5.2,58.0,22.0,16,1,0
2025-01-28 17:00:00,7078,-5.4,73.0,15.0,17,1,0
2025-01-28 18:00:00,7305,-5.9,92.0,11.0,18,1,0
2025-01-28 19:00:00,7320,-4.8,98.0,11.0,19,1,0
2025-01-28 20:00:00,7210,-4.0,99.0,9.0,20,1,0
2025-01-28 21:00:00,7042,-3.3,99.0,12.0,21,1,0
2025-01-28 22:00:00,6792,-2.5,100.0,7.0,22,1,0
2025-01-28 23:00:00,6431,-1.2,95.0,5.0,23,1,0
2025-01-29 00:00:00,6060,2.2,75.0,31.0,0,2,0
2025-01-29 01:00:00,5742,2.1,76.0,25.0,1,2,0
2025-01-29 02:00:00,5500,2.1,78.0,20.0,2,2,0
2025-01-29 03:00:00,5304,1.7,89.0,21.0,3,2,0
2025-01-29 04:00:00,5207,1.4,88.0,17.0,4,2,0
2025-01-29 05:00:00,5210,1.5,87.0,21.0,5,2,0
2025-01-29 06:00:00,5394,0.6,92.0,33.0,6,2,0
2025-01-29 07:00:00,5817,0.2,81.0,39.0,7,2,0
2025-01-29 08:00:00,6290,-0.1,75.0,40.0,8,2,0
2025-01-29 09:00:00,6517,-0.8,61.0,43.0,9,2,0
2025-01-29 10:00:00,6648,-1.9,64.0,40.0,10,2,0
2025-01-29 11:00:00,6695,-1.8,62.0,41.0,11,2,0
2025-01-29 12:00:00,6720,-2.1,63.0,41.0,12,2,0
2025-01-29 13:00:00,6781,-3.7,67.0,44.0,13,2,0
2025-01-29 14:00:00,6801,-4.0,59.0,41.0,14,2,0
2025-01-29 15:00:00,6786,-5.1,56.0,53.0,15,2,0
2025-01-29 16:00:00,6833,-5.4,57.0,46.0,16,2,0
2025-01-29 17:00:00,6956,-5.9,59.0,39.0,17,2,0
2025-01-29 18:00:00,7199,-7.2,62.0,38.0,18,2,0
2025-01-29 19:00:00,7283,-8.1,63.0,21.0,19,2,0
2025-01-29 20:00:00,7205,-8.5,65.0,20.0,20,2,0
2025-01-29 21:00:00,7095,-8.8,67.0,21.0,21,2,0
2025-01-29 22:00:00,6902,-8.5,66.0,22.0,22,2,0
2025-01-29 23:00:00,6530,-8.2,66.0,23.0,23,2,0
2025-01-30 00:00:00,6159,-7.9,66.0,19.0,0,3,0
2025-01-30 01:00:00,5878,-7.8,66.0,14.0,1,3,0
2025-01-30 02:00:00,5662,-8.4,70.0,10.0,2,3,0
2025-01-30 03:00:00,5533,-9.1,74.0,6.0,3,3,0
2025-01-30 04:00:00,5469,-8.9,74.0,8.0,4,3,0
2025-01-30 05:00:00,5505,-8.3,73.0,0.0,5,3,0
2025-01-30 06:00:00,5682,-7.5,67.0,10.0,6,3,0
2025-01-30 07:00:00,6098,-7.5,68.0,11.0,7,3,0
2025-01-30 08:00:00,6588,-7.0,68.0,12.0,8,3,0
2025-01-30 09:00:00,6787,-6.4,69.0,14.0,9,3,0
2025-01-30 10:00:00,6904,-4.9,65.0,11.0,10,3,0
2025-01-30 11:00:00,6945,-4.0,61.0,12.0,11,3,0
2025-01-30 12:00:00,7002,-3.0,60.0,11.0,12,3,0
2025-01-30 13:00:00,7022,-2.4,62.0,9.0,13,3,0
2025-01-30 14:00:00,6968,-1.7,68.0,16.0,14,3,0
2025-01-30 15:00:00,6968,-1.4,66.0,16.0,15,3,0
2025-01-30 16:00:00,6894,-1.1,68.0,9.0,16,3,0
2025-01-30 17:00:00,6958,-1.0,69.0,11.0,17,3,0
2025-01-30 18:00:00,7110,-1.4,71.0,9.0,18,3,0
2025-01-30 19:00:00,7138,-1.2,73.0,7.0,19,3,0
2025-01-30 20:00:00,7044,-1.2,75.0,7.0,20,3,0
2025-01-30 21:00:00,6899,-0.7,75.0,5.0,21,3,0
2025-01-30 22:00:00,6679,-0.6,70.0,9.0,22,3,0
2025-01-30 23:00:00,6303,-0.7,73.0,12.0,23,3,0
2025-01-31 00:00:00,5941,-2.2,78.0,8.0,0,4,0
2025-01-31 01:00:00,5621,-2.2,81.0,10.0,1,4,0
2025-01-31 02:00:00,5344,-3.0,85.0,12.0,2,4,0
2025-01-31 03:00:00,5237,-1.5,82.0,7.0,3,4,0
2025-01-31 04:00:00,5195,-1.4,82.0,0.0,4,4,0
2025-01-31 05:00:00,5244,-1.4,88.0,13.0,5,4,0
2025-01-31 06:00:00,5420,-1.5,85.0,0.0,6,4,0
2025-01-31 07:00:00,5811,-0.7,82.0,3.0,7,4,0
2025-01-31 08:00:00,6279,-0.7,83.0,3.0,8,4,0
2025-01-31 09:00:00,6513,-0.4,87.0,7.0,9,4,0
2025-01-31 10:00:00,6640,0.2,84.0,6.0,10,4,0
2025-01-31 11:00:00,6745,0.7,84.0,10.0,11,4,0
2025-01-31 12:00:00,6807,1.2,83.0,10.0,12,4,0
2025-01-31 13:00:00,6828,1.3,81.0,13.0,13,4,0
2025-01-31 14:00:00,6789,1.3,81.0,17.0,14,4,0
2025-01-31 15:00:00,6750,1.1,86.0,19.0,15,4,0
2025-01-31 16:00:00,6710,0.5,88.0,19.0,16,4,0
2025-01-31 17:00:00,6711,-0.2,91.0,23.0,17,4,0
2025-01-31 18:00:00,6821,-0.3,88.0,17.0,18,4,0
2025-01-31 19:00:00,6824,-0.3,84.0,23.0,19,4,0
2025-01-31 20:00:00,6745,-0.1,81.0,22.0,20,4,0
2025-01-31 21:00:00,6629,-0.6,74.0,27.0,21,4,0
2025-01-31 22:00:00,6452,-2.2,74.0,39.0,22,4,0
2025-01-31 23:00:00,6150,-4.4,72.0,35.0,23,4,0
2025-02-01 00:00:00,5882,-8.1,70.0,41.0,0,5,1
2025-02-01 01:00:00,5670,-10.3,66.0,41.0,1,5,1
2025-02-01 02:00:00,5526,-11.8,65.0,34.0,2,5,1
2025-02-01 03:00:00,5465,-12.2,65.0,32.0,3,5,1
2025-02-01 04:00:00,5394,-12.7,67.0,24.0,4,5,1
2025-02-01 05:00:00,5412,-12.8,68.0,18.0,5,5,1
2025-02-01 06:00:00,5471,-13.5,70.0,12.0,6,5,1
2025-02-01 07:00:00,5607,-13.5,70.0,19.0,7,5,1
2025-02-01 08:00:00,5787,-13.8,69.0,16.0,8,5,1
2025-02-01 09:00:00,6000,-13.5,67.0,24.0,9,5,1
2025-02-01 10:00:00,6220,-12.6,63.0,26.0,10,5,1
2025-02-01 11:00:00,6378,-11.9,64.0,22.0,11,5,1
2025-02-01 12:00:00,6531,-10.9,61.0,13.0,12,5,1
2025-02-01 13:00:00,6492,-9.9,57.0,18.0,13,5,1
2025-02-01 14:00:00,6419,-9.3,54.0,10.0,14,5,1
2025-02-01 15:00:00,6349,-8.7,53.0,13.0,15,5,1
2025-02-01 16:00:00,6336,-9.0,53.0,13.0,16,5,1
2025-02-01 17:00:00,6468,-9.5,55.0,11.0,17,5,1
2025-02-01 18:00:00,6773,-10.5,58.0,14.0,18,5,1
2025-02-01 19:00:00,6897,-11.3,67.0,16.0,19,5,1
2025-02-01 20:00:00,6846,-12.0,69.0,11.0,20,5,1
2025-02-01 21:00:00,6728,-12.5,73.0,10.0,21,5,1
2025-02-01 22:00:00,6593,-12.6,74.0,9.0,22,5,1
2025-02-01 23:00:00,6360,-12.9,76.0,9.0,23,5,1
2025-02-02 00:00:00,6069,-13.0,72.0,11.0,0,6,1
2025-02-02 01:00:00,5777,-11.8,67.0,7.0,1,6,1
2025-02-02 02:00:00,5572,-11.4,68.0,9.0,2,6,1
2025-02-02 03:00:00,5416,-9.8,69.0,13.0,3,6,1
2025-02-02 04:00:00,5298,-9.1,70.0,7.0,4,6,1
2025-02-02 05:00:00,5251,-7.1,71.0,23.0,5,6,1
2025-02-02 06:00:00,5291,-7.1,72.0,23.0,6,6,1
2025-02-02 07:00:00,5399,-6.9,64.0,25.0,7,6,1
2025-02-02 08:00:00,5564,-6.6,61.0,20.0,8,6,1
2025-02-02 09:00:00,5751,-5.8,66.0,19.0,9,6,1
2025-02-02 10:00:00,6053,-5.8,69.0,27.0,10,6,1
2025-02-02 11:00:00,6237,-5.5,68.0,24.0,11,6,1
2025-02-02 12:00:00,6366,-4.8,66.0,14.0,12,6,1
2025-02-02 13:00:00,6459,-4.8,65.0,18.0,13,6,1
2025-02-02 14:00:00,6477,-4.7,64.0,17.0,14,6,1
2025-02-02 15:00:00,6501,-5.2,79.0,12.0,15,6,1
2025-02-02 16:00:00,6585,-5.1,93.0,11.0,16,6,1
2025-02-02 17:00:00,6690,-4.8,92.0,7.0,17,6,1
2025-02-02 18:00:00,6923,-4.6,94.0,4.0,18,6,1
2025-02-02 19:00:00,6988,-4.4,94.0,0.0,19,6,1
2025-02-02 20:00:00,6872,-3.9,91.0,0.0,20,6,1
2025-02-02 21:00:00,6712,-3.9,91.0,4.0,21,6,1
2025-02-02 22:00:00,6476,-3.9,93.0,4.0,22,6,1
2025-02-02 23:00:00,6142,-3.9,94.0,6.0,23,6,1
2025-02-03 00:00:00,5820,-4.0,94.0,14.0,0,0,0
2025-02-03 01:00:00,5539,-4.0,96.0,14.0,1,0,0
2025-02-03 02:00:00,5328,-4.1,96.0,9.0,2,0,0
2025-02-03 03:00:00,5186,-4.1,98.0,8.0,3,0,0
2025-02-03 04:00:00,5124,-4.2,98.0,9.0,4,0,0
2025-02-03 05:00:00,5212,-3.4,95.0,5.0,5,0,0
2025-02-03 06:00:00,5418,-3.0,94.0,4.0,6,0,0
2025-02-03 07:00:00,5869,-2.5,94.0,10.0,7,0,0
2025-02-03 08:00:00,6405,-2.0,95.0,10.0,8,0,0
2025-02-03 09:00:00,6615,-0.9,96.0,9.0,9,0,0
2025-02-03 10:00:00,6740,0.4,97.0,12.0,10,0,0
2025-02-03 11:00:00,6870,1.2,98.0,9.0,11,0,0
2025-02-03 12:00:00,6903,1.1,100.0,3.0,12,0,0
2025-02-03 13:00:00,6973,1.3,100.0,4.0,13,0,0
2025-02-03 14:00:00,6956,1.4,100.0,7.0,14,0,0
2025-02-03 15:00:00,6941,1.4,100.0,7.0,15,0,0
2025-02-03 16:00:00,6970,1.0,95.0,24.0,16,0,0
2025-02-03 17:00:00,7053,0.8,93.0,22.0,17,0,0
2025-02-03 18:00:00,7164,0.6,95.0,15.0,18,0,0
2025-02-03 19:00:00,7139,0.5,95.0,14.0,19,0,0
2025-02-03 20:00:00,7020,0.3,99.0,12.0,20,0,0
2025-02-03 21:00:00,6873,0.4,94.0,17.0,21,0,0
2025-02-03 22:00:00,6600,0.2,95.0,16.0,22,0,0
2025-02-03 23:00:00,6194,0.2,94.0,10.0,23,0,0
2025-02-04 00:00:00,5817,-0.2,86.0,25.0,0,1,0
2025-02-04 01:00:00,5517,-1.2,86.0,28.0,1,1,0
2025-02-04 02:00:00,5313,-2.0,78.0,30.0,2,1,0
2025-02-04 03:00:00,5206,-2.5,76.0,27.0,3,1,0
2025-02-04 04:00:00,5158,-3.1,77.0,27.0,4,1,0
2025-02-04 05:00:00,5200,-3.6,74.0,27.0,5,1,0
2025-02-04 06:00:00,5395,-3.9,76.0,25.0,6,1,0
2025-02-04 07:00:00,5827,-3.5,73.0,18.0,7,1,0
2025-02-04 08:00:00,6337,-3.7,67.0,12.0,8,1,0
2025-02-04 09:00:00,6520,-3.0,73.0,11.0,9,1,0
2025-02-04 10:00:00,6669,-1.9,74.0,29.0,10,1,0
2025-02-04 11:00:00,6702,-1.4,60.0,43.0,11,1,0
2025-02-04 12:00:00,6772,-3.9,67.0,29.0,12,1,0
2025-02-04 13:00:00,6779,-4.4,82.0,31.0,13,1,0
2025-02-04 14:00:00,6788,-4.6,70.0,23.0,14,1,0
2025-02-04 15:00:00,6775,-5.3,75.0,28.0,15,1,0
2025-02-04 16:00:00,6787,-5.8,71.0,24.0,16,1,0
2025-02-04 17:00:00,6887,-6.9,65.0,24.0,17,1,0
2025-02-04 18:00:00,7102,-7.7,64.0,25.0,18,1,0
2025-02-04 19:00:00,7258,-8.1,67.0,23.0,19,1,0
2025-02-04 20:00:00,7204,-8.5,67.0,26.0,20,1,0
2025-02-04 21:00:00,7082,-8.7,65.0,23.0,21,1,0
2025-02-04 22:00:00,6866,-8.8,66.0,23.0,22,1,0
2025-02-04 23:00:00,6498,-8.9,68.0,22.0,23,1,0
2025-02-05 00:00:00,6119,-9.5,71.0,16.0,0,2,0
2025-02-05 01:00:00,5821,-9.7,72.0,9.0,1,2,0
2025-02-05 02:00:00,5609,-10.0,73.0,15.0,2,2,0
2025-02-05 03:00:00,5467,-9.5,71.0,4.0,3,2,0
2025-02-05 04:00:00,5398,-8.8,71.0,13.0,4,2,0
2025-02-05 05:00:00,5445,-8.9,76.0,11.0,5,2,0
2025-02-05 06:00:00,5650,-8.9,76.0,10.0,6,2,0
2025-02-05 07:00:00,6106,-8.6,73.0,15.0,7,2,0
2025-02-05 08:00:00,6614,-8.0,71.0,17.0,8,2,0
2025-02-05 09:00:00,6763,-8.4,71.0,19.0,9,2,0
2025-02-05 10:00:00,6845,-8.6,67.0,12.0,10,2,0
2025-02-05 11:00:00,6876,-7.9,66.0,6.0,11,2,0
2025-02-05 12:00:00,6866,-6.8,62.0,7.0,12,2,0
2025-02-05 13:00:00,6839,-6.2,60.0,7.0,13,2,0
2025-02-05 14:00:00,6779,-5.2,57.0,4.0,14,2,0
2025-02-05 15:00:00,6735,-5.3,56.0,3.0,15,2,0
2025-02-05 16:00:00,6809,-5.5,57.0,4.0,16,2,0
2025-02-05 17:00:00,6939,-5.7,61.0,10.0,17,2,0
2025-02-05 18:00:00,7155,-6.0,63.0,7.0,18,2,0
2025-02-05 19:00:00,7277,-6.0,67.0,5.0,19,2,0
2025-02-05 20:00:00,7195,-6.3,68.0,9.0,20,2,0
2025-02-05 21:00:00,7062,-6.3,70.0,9.0,21,2,0
2025-02-05 22:00:00,6835,-6.0,69.0,8.0,22,2,0
2025-02-05 23:00:00,6471,-5.3,71.0,14.0,23,2,0
2025-02-06 00:00:00,6086,-5.0,73.0,17.0,0,3,0
2025-02-06 01:00:00,5826,-4.6,73.0,17.0,1,3,0
2025-02-06 02:00:00,5598,-4.1,73.0,21.0,2,3,0
2025-02-06 03:00:00,5449,-3.7,75.0,13.0,3,3,0
2025-02-06 04:00:00,5380,-3.1,76.0,21.0,4,3,0
2025-02-06 05:00:00,5356,-2.7,74.0,17.0,5,3,0
2025-02-06 06:00:00,5586,-3.9,96.0,7.0,6,3,0
2025-02-06 07:00:00,6074,-4.4,98.0,14.0,7,3,0
2025-02-06 08:00:00,6553,-4.1,100.0,8.0,8,3,0
2025-02-06 09:00:00,6758,-3.7,100.0,6.0,9,3,0
2025-02-06 10:00:00,6899,-3.3,100.0,5.0,10,3,0
2025-02-06 11:00:00,7079,-3.0,100.0,13.0,11,3,0
2025-02-06 12:00:00,7136,-2.2,100.0,7.0,12,3,0
2025-02-06 13:00:00,7077,-1.0,94.0,18.0,13,3,0
2025-02-06 14:00:00,7056,-0.5,83.0,29.0,14,3,0
2025-02-06 15:00:00,7035,-0.5,82.0,23.0,15,3,0
2025-02-06 16:00:00,6998,-0.6,78.0,24.0,16,3,0
2025-02-06 17:00:00,6976,-0.1,79.0,22.0,17,3,0
2025-02-06 18:00:00,7021,0.2,81.0,34.0,18,3,0
2025-02-06 19:00:00,7016,0.5,79.0,39.0,19,3,0
2025-02-06 20:00:00,6907,0.3,73.0,44.0,20,3,0
2025-02-06 21:00:00,6846,-0.1,71.0,37.0,21,3,0
2025-02-06 22:00:00,6649,-0.3,71.0,31.0,22,3,0
2025-02-06 23:00:00,6282,0.1,68.0,40.0,23,3,0
2025-02-07 00:00:00,5925,-1.5,93.0,52.0,0,4,0
2025-02-07 01:00:00,5685,-2.2,66.0,41.0,1,4,0
2025-02-07 02:00:00,5546,-4.0,60.0,40.0,2,4,0
2025-02-07 03:00:00,5414,-5.2,88.0,29.0,3,4,0
2025-02-07 04:00:00,5412,-6.3,64.0,37.0,4,4,0
2025-02-07 05:00:00,5479,-6.9,57.0,34.0,5,4,0
2025-02-07 06:00:00,5663,-7.5,58.0,30.0,6,4,0
2025-02-07 07:00:00,6084,-7.9,62.0,31.0,7,4,0
2025-02-07 08:00:00,6575,-8.1,65.0,29.0,8,4,0
2025-02-07 09:00:00,6749,-7.4,65.0,35.0,9,4,0
2025-02-07 10:00:00,6824,-6.5,66.0,41.0,10,4,0
2025-02-07 11:00:00,6883,-5.5,64.0,34.0,11,4,0
2025-02-07 12:00:00,6889,-4.9,64.0,33.0,12,4,0
2025-02-07 13:00:00,6867,-4.3,61.0,36.0,13,4,0
2025-02-07 14:00:00,6844,-3.3,58.0,36.0,14,4,0
2025-02-07 15:00:00,6809,-4.2,61.0,33.0,15,4,0
2025-02-07 16:00:00,6787,-4.9,62.0,32.0,16,4,0
2025-02-07 17:00:00,6829,-5.5,59.0,30.0,17,4,0
2025-02-07 18:00:00,7014,-6.8,66.0,23.0,18,4,0
2025-02-07 19:00:00,7149,-7.0,68.0,22.0,19,4,0
2025-02-07 20:00:00,7096,-6.7,67.0,18.0,20,4,0
2025-02-07 21:00:00,6994,-6.9,66.0,19.0,21,4,0
2025-02-07 22:00:00,6780,-6.8,68.0,13.0,22,4,0
2025-02-07 23:00:00,6454,-6.5,69.0,10.0,23,4,0
2025-02-08 00:00:00,6109,-6.5,66.0,10.0,0,5,1
2025-02-08 01:00:00,5802,-6.8,65.0,11.0,1,5,1
2025-02-08 02:00:00,5583,-6.7,64.0,14.0,2,5,1
2025-02-08 03:00:00,5433,-7.0,66.0,12.0,3,5,1
2025-02-08 04:00:00,5342,-6.9,71.0,9.0,4,5,1
2025-02-08 05:00:00,5305,-7.0,68.0,8.0,5,5,1
2025-02-08 06:00:00,5368,-8.2,71.0,10.0,6,5,1
2025-02-08 07:00:00,5527,-7.4,70.0,8.0,7,5,1
2025-02-08 08:00:00,5724,-7.7,73.0,6.0,8,5,1
2025-02-08 09:00:00,5952,-6.4,71.0,4.0,9,5,1
2025-02-08 10:00:00,6153,-5.1,68.0,0.0,10,5,1
2025-02-08 11:00:00,6320,-3.5,61.0,8.0,11,5,1
2025-02-08 12:00:00,6450,-2.9,70.0,11.0,12,5,1
2025-02-08 13:00:00,6518,-2.8,69.0,13.0,13,5,1
2025-02-08 14:00:00,6523,-2.6,69.0,10.0,14,5,1
2025-02-08 15:00:00,6451,-2.5,64.0,16.0,15,5,1
2025-02-08 16:00:00,6386,-2.4,65.0,15.0,16,5,1
2025-02-08 17:00:00,6459,-2.5,68.0,19.0,17,5,1
2025-02-08 18:00:00,6665,-2.4,70.0,17.0,18,5,1
2025-02-08 19:00:00,6781,-3.4,95.0,14.0,19,5,1
2025-02-08 20:00:00,6719,-3.2,98.0,15.0,20,5,1
2025-02-08 21:00:00,6567,-3.0,100.0,14.0,21,5,1
2025-02-08 22:00:00,6390,-3.6,100.0,15.0,22,5,1
2025-02-08 23:00:00,6172,-3.9,100.0,22.0,23,5,1
2025-02-09 00:00:00,5888,-4.1,97.0,22.0,0,6,1
2025-02-09 01:00:00,5632,-4.2,95.0,19.0,1,6,1
2025-02-09 02:00:00,5441,-4.4,94.0,20.0,2,6,1
2025-02-09 03:00:00,5288,-4.9,95.0,19.0,3,6,1
2025-02-09 04:00:00,5196,-5.3,92.0,16.0,4,6,1
2025-02-09 05:00:00,5151,-5.4,90.0,15.0,5,6,1
2025-02-09 06:00:00,5176,-5.4,95.0,18.0,6,6,1
2025-02-09 07:00:00,5302,-5.3,94.0,13.0,7,6,1
2025-02-09 08:00:00,5454,-5.1,94.0,4.0,8,6,1
2025-02-09 09:00:00,5677,-4.8,93.0,7.0,9,6,1
2025-02-09 10:00:00,5914,-3.9,90.0,7.0,10,6,1
2025-02-09 11:00:00,6046,-1.7,81.0,18.0,11,6,1
2025-02-09 12:00:00,6204,-0.7,74.0,29.0,12,6,1
2025-02-09 13:00:00,6280,-0.7,70.0,37.0,13,6,1
2025-02-09 14:00:00,6319,-1.0,76.0,27.0,14,6,1
2025-02-09 15:00:00,6285,-1.6,71.0,41.0,15,6,1
2025-02-09 16:00:00,6303,-2.1,65.0,40.0,16,6,1
2025-02-09 17:00:00,6426,-2.6,59.0,33.0,17,6,1
2025-02-09 18:00:00,6728,-3.5,74.0,19.0,18,6,1
2025-02-09 19:00:00,6929,-3.7,70.0,25.0,19,6,1
2025-02-09 20:00:00,6774,-4.5,65.0,25.0,20,6,1
2025-02-09 21:00:00,6615,-5.3,63.0,26.0,21,6,1
2025-02-09 22:00:00,6425,-5.8,69.0,25.0,22,6,1
2025-02-09 23:00:00,6117,-5.8,70.0,23.0,23,6,1
2025-02-10 00:00:00,5812,-6.0,74.0,17.0,0,0,0
2025-02-10 01:00:00,5585,-6.3,76.0,18.0,1,0,0
2025-02-10 02:00:00,5401,-6.2,76.0,18.0,2,0,0
2025-02-10 03:00:00,5272,-6.2,76.0,18.0,3,0,0
2025-02-10 04:00:00,5252,-6.2,76.0,16.0,4,0,0
2025-02-10 05:00:00,5294,-6.1,74.0,16.0,5,0,0
2025-02-10 06:00:00,5500,-6.1,70.0,19.0,6,0,0
2025-02-10 07:00:00,5928,-6.0,70.0,17.0,7,0,0
2025-02-10 08:00:00,6470,-6.2,74.0,16.0,8,0,0
2025-02-10 09:00:00,6676,-5.7,69.0,18.0,9,0,0
2025-02-10 10:00:00,6843,-5.2,65.0,19.0,10,0,0
2025-02-10 11:00:00,6893,-4.6,63.0,18.0,11,0,0
2025-02-10 12:00:00,6927,-4.1,57.0,20.0,12,0,0
2025-02-10 13:00:00,6902,-3.4,53.0,22.0,13,0,0
2025-02-10 14:00:00,6900,-3.7,55.0,22.0,14,0,0
2025-02-10 15:00:00,6825,-4.8,57.0,37.0,15,0,0
2025-02-10 16:00:00,6872,-5.0,61.0,18.0,16,0,0
2025-02-10 17:00:00,7012,-5.0,62.0,26.0,17,0,0
2025-02-10 18:00:00,7205,-5.7,63.0,22.0,18,0,0
2025-02-10 19:00:00,7319,-5.7,66.0,18.0,19,0,0
2025-02-10 20:00:00,7230,-6.5,68.0,12.0,20,0,0
2025-02-10 21:00:00,7069,-8.0,72.0,12.0,21,0,0
2025-02-10 22:00:00,6857,-8.1,69.0,15.0,22,0,0
2025-02-10 23:00:00,6474,-9.0,71.0,11.0,23,0,0
2025-02-11 00:00:00,6069,-10.5,70.0,11.0,0,1,0
2025-02-11 01:00:00,5773,-9.9,75.0,16.0,1,1,0
2025-02-11 02:00:00,5542,-10.8,77.0,12.0,2,1,0
2025-02-11 03:00:00,5405,-11.0,84.0,11.0,3,1,0
2025-02-11 04:00:00,5358,-12.2,83.0,12.0,4,1,0
2025-02-11 05:00:00,5405,-11.1,82.0,13.0,5,1,0
2025-02-11 06:00:00,5586,-11.4,81.0,9.0,6,1,0
2025-02-11 07:00:00,6048,-9.9,79.0,10.0,7,1,0
2025-02-11 08:00:00,6533,-10.1,80.0,10.0,8,1,0
2025-02-11 09:00:00,6709,-8.2,74.0,14.0,9,1,0
2025-02-11 10:00:00,6819,-6.9,70.0,13.0,10,1,0
2025-02-11 11:00:00,6904,-5.1,68.0,10.0,11,1,0
2025-02-11 12:00:00,6911,-3.7,65.0,14.0,12,1,0
2025-02-11 13:00:00,6825,-2.7,62.0,11.0,13,1,0
2025-02-11 14:00:00,6796,-2.5,64.0,15.0,14,1,0
2025-02-11 15:00:00,6784,-3.0,65.0,14.0,15,1,0
2025-02-11 16:00:00,6819,-3.5,66.0,10.0,16,1,0
2025-02-11 17:00:00,6891,-4.5,70.0,18.0,17,1,0
2025-02-11 18:00:00,7048,-6.2,69.0,23.0,18,1,0
2025-02-11 19:00:00,7210,-7.3,69.0,21.0,19,1,0
2025-02-11 20:00:00,7174,-8.0,68.0,22.0,20,1,0
2025-02-11 21:00:00,7054,-8.0,66.0,18.0,21,1,0
2025-02-11 22:00:00,6822,-8.5,66.0,17.0,22,1,0
2025-02-11 23:00:00,6504,-8.4,63.0,15.0,23,1,0
2025-02-12 00:00:00,6116,-8.4,63.0,13.0,0,2,0
2025-02-12 01:00:00,5814,-8.2,60.0,13.0,1,2,0
2025-02-12 02:00:00,5621,-8.2,60.0,15.0,2,2,0
2025-02-12 03:00:00,5493,-8.5,59.0,17.0,3,2,0
2025-02-12 04:00:00,5438,-8.6,61.0,12.0,4,2,0
2025-02-12 05:00:00,5485,-8.4,56.0,15.0,5,2,0
2025-02-12 06:00:00,5692,-8.7,56.0,18.0,6,2,0
2025-02-12 07:00:00,6139,-8.9,54.0,17.0,7,2,0
2025-02-12 08:00:00,6618,-8.9,53.0,10.0,8,2,0
2025-02-12 09:00:00,6865,-8.6,55.0,17.0,9,2,0
2025-02-12 10:00:00,6954,-6.5,63.0,23.0,10,2,0
2025-02-12 11:00:00,6947,-6.5,67.0,23.0,11,2,0
2025-02-12 12:00:00,7060,-6.5,70.0,22.0,12,2,0
2025-02-12 13:00:00,7052,-6.0,70.0,21.0,13,2,0
2025-02-12 14:00:00,7120,-6.1,68.0,27.0,14,2,0
2025-02-12 15:00:00,7109,-6.0,65.0,26.0,15,2,0
2025-02-12 16:00:00,7120,-6.8,69.0,22.0,16,2,0
2025-02-12 17:00:00,7228,-7.0,81.0,19.0,17,2,0
2025-02-12 18:00:00,7426,-7.1,88.0,19.0,18,2,0
2025-02-12 19:00:00,7510,-6.8,92.0,16.0,19,2,0
2025-02-12 20:00:00,7445,-5.0,94.0,28.0,20,2,0
2025-02-12 21:00:00,7284,-4.8,97.0,21.0,21,2,0
2025-02-12 22:00:00,7000,-4.9,98.0,24.0,22,2,0
2025-02-12 23:00:00,6597,-6.9,96.0,24.0,23,2,0
2025-02-13 00:00:00,6219,-7.0,96.0,23.0,0,3,0
2025-02-13 01:00:00,5903,-7.3,96.0,19.0,1,3,0
2025-02-13 02:00:00,5727,-6.6,97.0,13.0,2,3,0
2025-02-13 03:00:00,5584,-7.8,95.0,13.0,3,3,0
2025-02-13 04:00:00,5519,-7.8,95.0,18.0,4,3,0
2025-02-13 05:00:00,5504,-7.6,96.0,11.0,5,3,0
2025-02-13 06:00:00,5673,-7.6,93.0,18.0,6,3,0
2025-02-13 07:00:00,5916,-7.5,93.0,19.0,7,3,0
2025-02-13 08:00:00,6286,-7.8,92.0,19.0,8,3,0
2025-02-13 09:00:00,6589,-7.4,86.0,26.0,9,3,0
2025-02-13 10:00:00,6806,-6.4,83.0,25.0,10,3,0
2025-02-13 11:00:00,6930,-4.9,79.0,21.0,11,3,0
2025-02-13 12:00:00,6976,-4.1,71.0,35.0,12,3,0
2025-02-13 13:00:00,7021,-4.0,69.0,31.0,13,3,0
2025-02-13 14:00:00,6912,-3.5,66.0,40.0,14,3,0
2025-02-13 15:00:00,6851,-2.9,67.0,39.0,15,3,0
2025-02-13 16:00:00,6893,-2.8,65.0,41.0,16,3,0
2025-02-13 17:00:00,6975,-3.7,65.0,39.0,17,3,0
2025-02-13 18:00:00,7100,-4.8,69.0,28.0,18,3,0
2025-02-13 19:00:00,7220,-5.3,73.0,24.0,19,3,0
2025-02-13 20:00:00,7132,-6.1,78.0,22.0,20,3,0
2025-02-13 21:00:00,6999,-6.6,82.0,13.0,21,3,0
2025-02-13 22:00:00,6832,-8.3,82.0,12.0,22,3,0
2025-02-13 23:00:00,6465,-8.7,78.0,14.0,23,3,0
2025-02-14 00:00:00,6106,-8.2,82.0,14.0,0,4,0
2025-02-14 01:00:00,5831,-6.4,83.0,22.0,1,4,0
2025-02-14 02:00:00,5647,-6.8,78.0,23.0,2,4,0
2025-02-14 03:00:00,5521,-7.1,76.0,24.0,3,4,0
2025-02-14 04:00:00,5468,-7.6,76.0,23.0,4,4,0
2025-02-14 05:00:00,5504,-7.3,78.0,21.0,5,4,0
2025-02-14 06:00:00,5654,-7.4,74.0,27.0,6,4,0
2025-02-14 07:00:00,6066,-7.9,72.0,23.0,7,4,0
2025-02-14 08:00:00,6452,-8.3,70.0,30.0,8,4,0
2025-02-14 09:00:00,6753,-8.2,66.0,26.0,9,4,0
2025-02-14 10:00:00,6877,-6.6,62.0,32.0,10,4,0
2025-02-14 11:00:00,6893,-5.9,60.0,28.0,11,4,0
2025-02-14 12:00:00,6938,-5.3,57.0,26.0,12,4,0
2025-02-14 13:00:00,6936,-5.0,55.0,27.0,13,4,0
2025-02-14 14:00:00,6936,-4.9,53.0,30.0,14,4,0
2025-02-14 15:00:00,6902,-5.2,55.0,22.0,15,4,0
2025-02-14 16:00:00,6877,-5.7,56.0,21.0,16,4,0
2025-02-14 17:00:00,6893,-6.7,59.0,20.0,17,4,0
2025-02-14 18:00:00,6988,-7.5,61.0,13.0,18,4,0
2025-02-14 19:00:00,7072,-7.3,58.0,7.0,19,4,0
2025-02-14 20:00:00,7005,-6.9,58.0,8.0,20,4,0
2025-02-14 21:00:00,6901,-6.9,57.0,14.0,21,4,0
2025-02-14 22:00:00,6711,-7.1,58.0,5.0,22,4,0
2025-02-14 23:00:00,6385,-7.5,58.0,3.0,23,4,0
2025-02-15 00:00:00,6080,-6.7,55.0,4.0,0,5,1
2025-02-15 01:00:00,5779,-6.7,59.0,5.0,1,5,1
2025-02-15 02:00:00,5545,-6.5,62.0,4.0,2,5,1
2025-02-15 03:00:00,5407,-6.6,66.0,6.0,3,5,1
2025-02-15 04:00:00,5302,-6.1,71.0,7.0,4,5,1
2025-02-15 05:00:00,5253,-5.6,79.0,13.0,5,5,1
2025-02-15 06:00:00,5306,-5.5,87.0,12.0,6,5,1
2025-02-15 07:00:00,5436,-5.3,83.0,12.0,7,5,1
2025-02-15 08:00:00,5590,-4.9,79.0,12.0,8,5,1
2025-02-15 09:00:00,5850,-3.9,75.0,5.0,9,5,1
2025-02-15 10:00:00,6104,-2.5,62.0,19.0,10,5,1
2025-02-15 11:00:00,6320,-2.7,69.0,21.0,11,5,1
2025-02-15 12:00:00,6496,-3.6,86.0,13.0,12,5,1
2025-02-15 13:00:00,6609,-3.5,94.0,13.0,13,5,1
2025-02-15 14:00:00,6620,-3.1,95.0,13.0,14,5,1
2025-02-15 15:00:00,6558,-2.9,98.0,13.0,15,5,1
2025-02-15 16:00:00,6554,-2.5,98.0,17.0,16,5,1
2025-02-15 17:00:00,6587,-2.2,99.0,20.0,17,5,1
2025-02-15 18:00:00,6735,-2.2,100.0,19.0,18,5,1
2025-02-15 19:00:00,6855,-3.0,100.0,16.0,19,5,1
2025-02-15 20:00:00,6743,-2.9,99.0,19.0,20,5,1
2025-02-15 21:00:00,6570,-3.2,96.0,19.0,21,5,1
2025-02-15 22:00:00,6343,-3.5,96.0,18.0,22,5,1
2025-02-15 23:00:00,6109,-3.8,97.0,14.0,23,5,1
2025-02-16 00:00:00,5781,-4.2,96.0,16.0,0,6,1
2025-02-16 01:00:00,5519,-4.9,93.0,19.0,1,6,1
2025-02-16 02:00:00,5364,-5.1,93.0,19.0,2,6,1
2025-02-16 03:00:00,5202,-5.2,96.0,20.0,3,6,1
2025-02-16 04:00:00,5152,-5.8,95.0,23.0,4,6,1
2025-02-16 05:00:00,5115,-6.1,93.0,22.0,5,6,1
2025-02-16 06:00:00,5198,-6.3,94.0,19.0,6,6,1
2025-02-16 07:00:00,5307,-6.5,95.0,25.0,7,6,1
2025-02-16 08:00:00,5448,-6.7,94.0,19.0,8,6,1
2025-02-16 09:00:00,5671,-6.9,94.0,22.0,9,6,1
2025-02-16 10:00:00,5936,-7.7,92.0,25.0,10,6,1
2025-02-16 11:00:00,6236,-7.5,90.0,33.0,11,6,1
2025-02-16 12:00:00,6452,-7.3,90.0,24.0,12,6,1
2025-02-16 13:00:00,6584,-7.5,90.0,27.0,13,6,1
2025-02-16 14:00:00,6582,-7.6,88.0,31.0,14,6,1
2025-02-16 15:00:00,6511,-7.3,87.0,26.0,15,6,1
2025-02-16 16:00:00,6485,-7.2,88.0,28.0,16,6,1
2025-02-16 17:00:00,6556,-7.4,88.0,35.0,17,6,1
2025-02-16 18:00:00,6691,-6.8,78.0,26.0,18,6,1
2025-02-16 19:00:00,6854,-6.5,74.0,26.0,19,6,1
2025-02-16 20:00:00,6777,-6.6,72.0,27.0,20,6,1
2025-02-16 21:00:00,6603,-6.9,69.0,34.0,21,6,1
2025-02-16 22:00:00,6378,-7.5,78.0,28.0,22,6,1
2025-02-16 23:00:00,6100,-8.3,73.0,26.0,23,6,1
2025-02-17 00:00:00,5806,-8.8,71.0,28.0,0,0,0
2025-02-17 01:00:00,5581,-9.6,70.0,28.0,1,0,0
2025-02-17 02:00:00,5337,-9.7,70.0,31.0,2,0,0
2025-02-17 03:00:00,5214,-9.6,68.0,26.0,3,0,0
2025-02-17 04:00:00,5159,-9.8,69.0,29.0,4,0,0
2025-02-17 05:00:00,5168,-10.7,71.0,21.0,5,0,0
2025-02-17 06:00:00,5235,-12.2,75.0,13.0,6,0,0
2025-02-17 07:00:00,5394,-12.6,75.0,13.0,7,0,0
2025-02-17 08:00:00,5511,-10.7,82.0,14.0,8,0,0
2025-02-17 09:00:00,5670,-9.7,78.0,12.0,9,0,0
2025-02-17 10:00:00,5829,-7.4,67.0,36.0,10,0,0
2025-02-17 11:00:00,6024,-7.5,69.0,46.0,11,0,0
2025-02-17 12:00:00,6215,-7.9,66.0,53.0,12,0,0
2025-02-17 13:00:00,6324,-8.3,64.0,52.0,13,0,0
2025-02-17 14:00:00,6310,-8.6,63.0,52.0,14,0,0
2025-02-17 15:00:00,6296,-8.5,60.0,51.0,15,0,0
2025-02-17 16:00:00,6319,-8.8,61.0,47.0,16,0,0
2025-02-17 17:00:00,6448,-9.5,61.0,43.0,17,0,0
2025-02-17 18:00:00,6682,-10.4,65.0,42.0,18,0,0
2025-02-17 19:00:00,6943,-11.2,68.0,33.0,19,0,0
2025-02-17 20:00:00,6914,-11.3,69.0,34.0,20,0,0
2025-02-17 21:00:00,6871,-11.6,71.0,32.0,21,0,0
2025-02-17 22:00:00,6673,-12.0,73.0,32.0,22,0,0
2025-02-17 23:00:00,6342,-12.0,73.0,35.0,23,0,0
2025-02-18 00:00:00,6069,-12.4,71.0,32.0,0,1,0
2025-02-18 01:00:00,5782,-12.8,72.0,34.0,1,1,0
2025-02-18 02:00:00,5595,-13.2,72.0,30.0,2,1,0
2025-02-18 03:00:00,5519,-13.9,74.0,27.0,3,1,0
2025-02-18 04:00:00,5464,-13.7,74.0,33.0,4,1,0
2025-02-18 05:00:00,5544,-13.9,79.0,30.0,5,1,0
2025-02-18 06:00:00,5729,-13.4,80.0,26.0,6,1,0
2025-02-18 07:00:00,6139,-13.4,79.0,26.0,7,1,0
2025-02-18 08:00:00,6622,-12.9,74.0,22.0,8,1,0
2025-02-18 09:00:00,6864,-11.2,71.0,26.0,9,1,0
2025-02-18 10:00:00,6937,-9.5,67.0,31.0,10,1,0
2025-02-18 11:00:00,7029,-8.3,60.0,39.0,11,1,0
2025-02-18 12:00:00,7119,-8.0,62.0,50.0,12,1,0
2025-02-18 13:00:00,7172,-7.0,58.0,43.0,13,1,0
2025-02-18 14:00:00,7141,-7.4,58.0,45.0,14,1,0
2025-02-18 15:00:00,7146,-8.0,64.0,44.0,15,1,0
2025-02-18 16:00:00,7145,-8.1,65.0,36.0,16,1,0
2025-02-18 17:00:00,7261,-8.8,66.0,39.0,17,1,0
2025-02-18 18:00:00,7375,-9.9,66.0,37.0,18,1,0
2025-02-18 19:00:00,7519,-10.5,70.0,40.0,19,1,0
2025-02-18 20:00:00,7542,-10.5,71.0,37.0,20,1,0
2025-02-18 21:00:00,7386,-10.3,71.0,37.0,21,1,0
2025-02-18 22:00:00,7134,-10.8,72.0,33.0,22,1,0
2025-02-18 23:00:00,6757,-10.0,72.0,33.0,23,1,0
2025-02-19 00:00:00,6353,-9.1,72.0,37.0,0,2,0
2025-02-19 01:00:00,6055,-8.9,70.0,27.0,1,2,0
2025-02-19 02:00:00,5831,-8.6,71.0,21.0,2,2,0
2025-02-19 03:00:00,5694,-9.0,76.0,16.0,3,2,0
2025-02-19 04:00:00,5634,-11.0,82.0,8.0,4,2,0
2025-02-19 05:00:00,5669,-11.4,77.0,9.0,5,2,0
2025-02-19 06:00:00,5848,-11.3,76.0,8.0,6,2,0
2025-02-19 07:00:00,6234,-11.5,78.0,14.0,7,2,0
2025-02-19 08:00:00,6693,-12.1,72.0,11.0,8,2,0
2025-02-19 09:00:00,6907,-11.4,70.0,8.0,9,2,0
2025-02-19 10:00:00,6985,-10.5,68.0,6.0,10,2,0
2025-02-19 11:00:00,7024,-9.6,69.0,8.0,11,2,0
2025-02-19 12:00:00,7110,-8.8,65.0,5.0,12,2,0
2025-02-19 13:00:00,7122,-7.9,63.0,6.0,13,2,0
2025-02-19 14:00:00,7107,-7.2,64.0,7.0,14,2,0
2025-02-19 15:00:00,7077,-6.7,62.0,16.0,15,2,0
2025-02-19 16:00:00,7117,-6.7,62.0,17.0,16,2,0
2025-02-19 17:00:00,7209,-7.4,66.0,26.0,17,2,0
2025-02-19 18:00:00,7319,-7.6,64.0,22.0,18,2,0
2025-02-19 19:00:00,7468,-8.3,68.0,21.0,19,2,0
2025-02-19 20:00:00,7409,-9.3,72.0,18.0,20,2,0
2025-02-19 21:00:00,7244,-9.6,70.0,19.0,21,2,0
2025-02-19 22:00:00,7027,-9.6,72.0,22.0,22,2,0
2025-02-19 23:00:00,6692,-9.9,80.0,5.0,23,2,0
2025-02-20 00:00:00,6314,-9.8,75.0,16.0,0,3,0
2025-02-20 01:00:00,6032,-9.6,78.0,16.0,1,3,0
2025-02-20 02:00:00,5817,-9.8,79.0,13.0,2,3,0
2025-02-20 03:00:00,5669,-10.7,86.0,13.0,3,3,0
2025-02-20 04:00:00,5626,-10.9,79.0,14.0,4,3,0
2025-02-20 05:00:00,5652,-11.0,75.0,17.0,5,3,0
2025-02-20 06:00:00,5841,-11.1,74.0,13.0,6,3,0
2025-02-20 07:00:00,6281,-11.4,72.0,19.0,7,3,0
2025-02-20 08:00:00,6760,-11.4,72.0,20.0,8,3,0
2025-02-20 09:00:00,6931,-11.5,76.0,20.0,9,3,0
2025-02-20 10:00:00,7122,-11.3,72.0,21.0,10,3,0
2025-02-20 11:00:00,7189,-10.9,68.0,22.0,11,3,0
2025-02-20 12:00:00,7209,-10.2,65.0,26.0,12,3,0
2025-02-20 13:00:00,7170,-9.0,63.0,25.0,13,3,0
2025-02-20 14:00:00,7127,-8.0,62.0,14.0,14,3,0
2025-02-20 15:00:00,7044,-7.9,63.0,19.0,15,3,0
2025-02-20 16:00:00,7115,-8.1,65.0,21.0,16,3,0
2025-02-20 17:00:00,7168,-8.2,64.0,22.0,17,3,0
2025-02-20 18:00:00,7283,-8.9,68.0,20.0,18,3,0
2025-02-20 19:00:00,7486,-9.4,67.0,22.0,19,3,0
2025-02-20 20:00:00,7446,-9.8,69.0,18.0,20,3,0
2025-02-20 21:00:00,7306,-9.8,69.0,26.0,21,3,0
2025-02-20 22:00:00,7052,-9.8,69.0,19.0,22,3,0
2025-02-20 23:00:00,6717,-9.8,72.0,21.0,23,3,0
2025-02-21 00:00:00,6346,-10.0,73.0,17.0,0,4,0
2025-02-21 01:00:00,6047,-10.3,75.0,16.0,1,4,0
2025-02-21 02:00:00,5828,-10.7,78.0,15.0,2,4,0
2025-02-21 03:00:00,5652,-12.2,76.0,21.0,3,4,0
2025-02-21 04:00:00,5571,-11.4,81.0,16.0,4,4,0
2025-02-21 05:00:00,5675,-11.1,70.0,23.0,5,4,0
2025-02-21 06:00:00,5872,-11.7,68.0,22.0,6,4,0
2025-02-21 07:00:00,6280,-11.7,67.0,22.0,7,4,0
2025-02-21 08:00:00,6718,-12.2,69.0,14.0,8,4,0
2025-02-21 09:00:00,6899,-11.5,70.0,14.0,9,4,0
2025-02-21 10:00:00,6971,-10.1,64.0,16.0,10,4,0
2025-02-21 11:00:00,7011,-8.3,59.0,8.0,11,4,0
2025-02-21 12:00:00,7014,-7.0,58.0,20.0,12,4,0
2025-02-21 13:00:00,6964,-6.4,60.0,25.0,13,4,0
2025-02-21 14:00:00,6944,-6.6,59.0,28.0,14,4,0
2025-02-21 15:00:00,6936,-5.8,59.0,25.0,15,4,0
2025-02-21 16:00:00,6884,-6.0,61.0,22.0,16,4,0
2025-02-21 17:00:00,6927,-6.6,61.0,23.0,17,4,0
2025-02-21 18:00:00,7024,-7.4,65.0,21.0,18,4,0
2025-02-21 19:00:00,7157,-8.5,69.0,16.0,19,4,0
2025-02-21 20:00:00,7163,-8.5,70.0,13.0,20,4,0
2025-02-21 21:00:00,7050,-8.9,72.0,7.0,21,4,0
2025-02-21 22:00:00,6870,-8.6,75.0,11.0,22,4,0
2025-02-21 23:00:00,6529,-7.6,75.0,7.0,23,4,0
2025-02-22 00:00:00,6153,-7.6,79.0,7.0,0,5,1
2025-02-22 01:00:00,5846,-7.7,80.0,7.0,1,5,1
2025-02-22 02:00:00,5629,-7.7,81.0,11.0,2,5,1
2025-02-22 03:00:00,5435,-7.5,85.0,15.0,3,5,1
2025-02-22 04:00:00,5356,-8.1,87.0,10.0,4,5,1
2025-02-22 05:00:00,5347,-8.2,88.0,12.0,5,5,1
2025-02-22 06:00:00,5407,-7.7,85.0,9.0,6,5,1
2025-02-22 07:00:00,5552,-7.9,83.0,8.0,7,5,1
2025-02-22 08:00:00,5691,-7.5,80.0,7.0,8,5,1
2025-02-22 09:00:00,5949,-6.6,76.0,7.0,9,5,1
2025-02-22 10:00:00,6171,-4.2,72.0,20.0,10,5,1
2025-02-22 11:00:00,6312,-3.4,71.0,29.0,11,5,1
2025-02-22 12:00:00,6435,-2.2,65.0,21.0,12,5,1
2025-02-22 13:00:00,6342,-1.7,65.0,21.0,13,5,1
2025-02-22 14:00:00,6279,-2.0,61.0,25.0,14,5,1
2025-02-22 15:00:00,6315,-1.9,60.0,22.0,15,5,1
2025-02-22 16:00:00,6353,-2.2,63.0,23.0,16,5,1
2025-02-22 17:00:00,6461,-2.6,63.0,24.0,17,5,1
2025-02-22 18:00:00,6611,-3.0,66.0,28.0,18,5,1
2025-02-22 19:00:00,6781,-3.4,76.0,21.0,19,5,1
2025-02-22 20:00:00,6723,-3.3,74.0,20.0,20,5,1
2025-02-22 21:00:00,6563,-3.2,64.0,19.0,21,5,1
2025-02-22 22:00:00,6377,-3.2,64.0,22.0,22,5,1
2025-02-22 23:00:00,6100,-3.3,65.0,19.0,23,5,1
2025-02-23 00:00:00,5820,-3.2,64.0,19.0,0,6,1
2025-02-23 01:00:00,5549,-2.9,62.0,21.0,1,6,1
2025-02-23 02:00:00,5363,-3.0,61.0,17.0,2,6,1
2025-02-23 03:00:00,5212,-2.9,61.0,13.0,3,6,1
2025-02-23 04:00:00,5115,-2.9,60.0,12.0,4,6,1
2025-02-23 05:00:00,5046,-3.0,62.0,10.0,5,6,1
2025-02-23 06:00:00,5106,-3.1,65.0,11.0,6,6,1
2025-02-23 07:00:00,5229,-3.1,68.0,10.0,7,6,1
2025-02-23 08:00:00,5352,-2.9,72.0,11.0,8,6,1
2025-02-23 09:00:00,5598,-2.4,73.0,10.0,9,6,1
2025-02-23 10:00:00,5822,-1.4,71.0,10.0,10,6,1
2025-02-23 11:00:00,5964,-0.7,71.0,14.0,11,6,1
2025-02-23 12:00:00,6106,0.1,70.0,15.0,12,6,1
2025-02-23 13:00:00,6187,0.3,67.0,18.0,13,6,1
2025-02-23 14:00:00,6159,0.6,68.0,16.0,14,6,1
2025-02-23 15:00:00,6167,0.8,65.0,15.0,15,6,1
2025-02-23 16:00:00,6185,0.8,66.0,9.0,16,6,1
2025-02-23 17:00:00,6254,0.7,64.0,12.0,17,6,1
2025-02-23 18:00:00,6399,0.3,66.0,11.0,18,6,1
2025-02-23 19:00:00,6634,-0.4,71.0,17.0,19,6,1
2025-02-23 20:00:00,6606,-1.5,83.0,10.0,20,6,1
2025-02-23 21:00:00,6414,-1.2,80.0,8.0,21,6,1
2025-02-23 22:00:00,6209,-1.4,79.0,7.0,22,6,1
2025-02-23 23:00:00,5921,-1.3,84.0,12.0,23,6,1
2025-02-24 00:00:00,5605,-1.3,83.0,8.0,0,0,0
2025-02-24 01:00:00,5340,-1.0,80.0,6.0,1,0,0
2025-02-24 02:00:00,5125,-0.9,78.0,6.0,2,0,0
2025-02-24 03:00:00,5029,-1.3,79.0,8.0,3,0,0
2025-02-24 04:00:00,4954,-1.2,75.0,10.0,4,0,0
2025-02-24 05:00:00,5020,-1.5,80.0,10.0,5,0,0
2025-02-24 06:00:00,5234,-0.8,74.0,10.0,6,0,0
2025-02-24 07:00:00,5679,-0.3,74.0,13.0,7,0,0
2025-02-24 08:00:00,6089,0.6,69.0,21.0,8,0,0
2025-02-24 09:00:00,6312,1.5,67.0,18.0,9,0,0
2025-02-24 10:00:00,6441,2.8,61.0,22.0,10,0,0
2025-02-24 11:00:00,6541,3.5,60.0,26.0,11,0,0
2025-02-24 12:00:00,6586,4.8,55.0,30.0,12,0,0
2025-02-24 13:00:00,6542,6.2,51.0,31.0,13,0,0
2025-02-24 14:00:00,6494,7.0,50.0,43.0,14,0,0
2025-02-24 15:00:00,6464,7.1,51.0,46.0,15,0,0
2025-02-24 16:00:00,6402,6.1,58.0,42.0,16,0,0
2025-02-24 17:00:00,6417,5.8,60.0,42.0,17,0,0
2025-02-24 18:00:00,6565,4.9,67.0,19.0,18,0,0
2025-02-24 19:00:00,6768,4.9,68.0,14.0,19,0,0
2025-02-24 20:00:00,6705,4.6,70.0,5.0,20,0,0
2025-02-24 21:00:00,6592,4.2,72.0,8.0,21,0,0
2025-02-24 22:00:00,6320,4.4,74.0,15.0,22,0,0
2025-02-24 23:00:00,5951,4.3,75.0,21.0,23,0,0
2025-02-25 00:00:00,5560,3.0,82.0,19.0,0,1,0
2025-02-25 01:00:00,5290,3.0,83.0,21.0,1,1,0
2025-02-25 02:00:00,5093,3.0,84.0,20.0,2,1,0
2025-02-25 03:00:00,4924,3.4,82.0,19.0,3,1,0
2025-02-25 04:00:00,4888,4.1,78.0,7.0,4,1,0
2025-02-25 05:00:00,4941,3.3,84.0,6.0,5,1,0
2025-02-25 06:00:00,5147,3.5,84.0,4.0,6,1,0
2025-02-25 07:00:00,5600,3.3,86.0,7.0,7,1,0
2025-02-25 08:00:00,6083,3.1,87.0,0.0,8,1,0
2025-02-25 09:00:00,6253,2.8,90.0,8.0,9,1,0
2025-02-25 10:00:00,6366,4.0,87.0,0.0,10,1,0
2025-02-25 11:00:00,6384,5.5,81.0,8.0,11,1,0
2025-02-25 12:00:00,6382,6.4,75.0,10.0,12,1,0
2025-02-25 13:00:00,6350,6.2,74.0,12.0,13,1,0
2025-02-25 14:00:00,6398,6.0,75.0,21.0,14,1,0
2025-02-25 15:00:00,6305,6.0,74.0,18.0,15,1,0
2025-02-25 16:00:00,6332,5.8,74.0,17.0,16,1,0
2025-02-25 17:00:00,6513,5.1,80.0,14.0,17,1,0
2025-02-25 18:00:00,6561,4.3,82.0,13.0,18,1,0
2025-02-25 19:00:00,6661,3.7,87.0,8.0,19,1,0
2025-02-25 20:00:00,6647,3.7,84.0,13.0,20,1,0
2025-02-25 21:00:00,6494,3.5,83.0,11.0,21,1,0
2025-02-25 22:00:00,6269,3.6,85.0,14.0,22,1,0
2025-02-25 23:00:00,5930,2.9,87.0,19.0,23,1,0
2025-02-26 00:00:00,5538,3.0,81.0,20.0,0,2,0
2025-02-26 01:00:00,5260,2.2,83.0,14.0,1,2,0
2025-02-26 02:00:00,5088,0.6,89.0,10.0,2,2,0
2025-02-26 03:00:00,4961,-0.3,90.0,12.0,3,2,0
2025-02-26 04:00:00,4885,-1.2,91.0,11.0,4,2,0
2025-02-26 05:00:00,4934,-2.2,90.0,7.0,5,2,0
2025-02-26 06:00:00,5148,-0.8,92.0,3.0,6,2,0
2025-02-26 07:00:00,5581,-1.6,90.0,8.0,7,2,0
2025-02-26 08:00:00,6018,-0.6,90.0,0.0,8,2,0
2025-02-26 09:00:00,6127,2.2,73.0,4.0,9,2,0
2025-02-26 10:00:00,6140,4.1,61.0,7.0,10,2,0
2025-02-26 11:00:00,6183,4.6,53.0,3.0,11,2,0
2025-02-26 12:00:00,6251,5.0,51.0,8.0,12,2,0
2025-02-26 13:00:00,6288,4.6,54.0,10.0,13,2,0
2025-02-26 14:00:00,6243,5.1,51.0,4.0,14,2,0
2025-02-26 15:00:00,6232,5.4,52.0,0.0,15,2,0
2025-02-26 16:00:00,6234,5.5,48.0,0.0,16,2,0
2025-02-26 17:00:00,6287,5.2,54.0,12.0,17,2,0
2025-02-26 18:00:00,6452,4.2,57.0,10.0,18,2,0
2025-02-26 19:00:00,6643,3.4,63.0,8.0,19,2,0
2025-02-26 20:00:00,6632,3.0,67.0,8.0,20,2,0
2025-02-26 21:00:00,6508,2.9,67.0,7.0,21,2,0
2025-02-26 22:00:00,6296,2.8,70.0,5.0,22,2,0
2025-02-26 23:00:00,5988,2.7,73.0,4.0,23,2,0
2025-02-27 00:00:00,5633,2.3,75.0,5.0,0,3,0
2025-02-27 01:00:00,5328,1.9,77.0,8.0,1,3,0
2025-02-27 02:00:00,5110,1.8,83.0,9.0,2,3,0
2025-02-27 03:00:00,4986,1.8,78.0,9.0,3,3,0
2025-02-27 04:00:00,4914,1.9,77.0,12.0,4,3,0
2025-02-27 05:00:00,4997,1.4,89.0,13.0,5,3,0
2025-02-27 06:00:00,5235,0.5,100.0,13.0,6,3,0
2025-02-27 07:00:00,5701,0.2,100.0,12.0,7,3,0
2025-02-27 08:00:00,6206,0.0,100.0,14.0,8,3,0
2025-02-27 09:00:00,6418,0.5,100.0,13.0,9,3,0
2025-02-27 10:00:00,6494,0.7,100.0,18.0,10,3,0
2025-02-27 11:00:00,6549,1.2,98.0,18.0,11,3,0
2025-02-27 12:00:00,6576,1.9,92.0,13.0,12,3,0
2025-02-27 13:00:00,6545,3.0,91.0,12.0,13,3,0
2025-02-27 14:00:00,6517,4.7,80.0,25.0,14,3,0
2025-02-27 15:00:00,6441,4.0,79.0,27.0,15,3,0
2025-02-27 16:00:00,6505,3.1,87.0,30.0,16,3,0
2025-02-27 17:00:00,6576,2.9,87.0,35.0,17,3,0
2025-02-27 18:00:00,6645,2.5,91.0,25.0,18,3,0
2025-02-27 19:00:00,6732,2.5,88.0,18.0,19,3,0
2025-02-27 20:00:00,6677,2.2,91.0,14.0,20,3,0
2025-02-27 21:00:00,6559,1.6,99.0,20.0,21,3,0
2025-02-27 22:00:00,6363,2.0,84.0,23.0,22,3,0
2025-02-27 23:00:00,6031,1.6,79.0,21.0,23,3,0
2025-02-28 00:00:00,5651,0.3,82.0,34.0,0,4,0
2025-02-28 01:00:00,5416,-0.6,76.0,24.0,1,4,0
2025-02-28 02:00:00,5174,-1.0,71.0,23.0,2,4,0
2025-02-28 03:00:00,5096,-1.6,75.0,19.0,3,4,0
2025-02-28 04:00:00,5068,-2.5,72.0,21.0,4,4,0
2025-02-28 05:00:00,5133,-3.9,77.0,16.0,5,4,0
2025-02-28 06:00:00,5333,-4.2,76.0,11.0,6,4,0
2025-02-28 07:00:00,5732,-4.3,75.0,10.0,7,4,0
2025-02-28 08:00:00,6081,-3.6,72.0,6.0,8,4,0
2025-02-28 09:00:00,6266,-3.2,69.0,8.0,9,4,0
2025-02-28 10:00:00,6401,-2.4,73.0,15.0,10,4,0
2025-02-28 11:00:00,6557,-1.2,76.0,13.0,11,4,0
2025-02-28 12:00:00,6617,0.6,69.0,12.0,12,4,0
2025-02-28 13:00:00,6577,1.3,70.0,20.0,13,4,0
2025-02-28 14:00:00,6593,1.5,72.0,20.0,14,4,0
2025-02-28 15:00:00,6637,0.6,93.0,18.0,15,4,0
2025-02-28 16:00:00,6675,1.5,84.0,23.0,16,4,0
2025-02-28 17:00:00,6683,2.0,77.0,17.0,17,4,0
2025-02-28 18:00:00,6790,1.9,81.0,14.0,18,4,0
2025-02-28 19:00:00,6799,2.4,78.0,11.0,19,4,0
2025-02-28 20:00:00,6701,2.7,78.0,10.0,20,4,0
2025-02-28 21:00:00,6569,2.5,83.0,11.0,21,4,0
2025-02-28 22:00:00,6326,2.5,84.0,8.0,22,4,0
2025-02-28 23:00:00,6017,4.3,80.0,27.0,23,4,0
2025-03-01 00:00:00,5680,3.8,85.0,25.0,0,5,1
2025-03-01 01:00:00,5360,3.6,89.0,25.0,1,5,1
2025-03-01 02:00:00,5117,3.0,74.0,39.0,2,5,1
2025-03-01 03:00:00,4965,1.1,73.0,49.0,3,5,1
2025-03-01 04:00:00,4925,-1.9,73.0,43.0,4,5,1
2025-03-01 05:00:00,4994,-4.3,70.0,43.0,5,5,1
2025-03-01 06:00:00,5119,-5.8,62.0,48.0,6,5,1
2025-03-01 07:00:00,5298,-7.2,61.0,41.0,7,5,1
2025-03-01 08:00:00,5406,-7.8,59.0,45.0,8,5,1
2025-03-01 09:00:00,5684,-7.8,61.0,39.0,9,5,1
2025-03-01 10:00:00,5881,-7.9,57.0,43.0,10,5,1
2025-03-01 11:00:00,6080,-8.0,53.0,45.0,11,5,1
2025-03-01 12:00:00,6267,-7.4,56.0,41.0,12,5,1
2025-03-01 13:00:00,6330,-7.5,54.0,39.0,13,5,1
2025-03-01 14:00:00,6278,-7.3,52.0,43.0,14,5,1
2025-03-01 15:00:00,6247,-7.3,53.0,41.0,15,5,1
2025-03-01 16:00:00,6283,-8.0,52.0,36.0,16,5,1
2025-03-01 17:00:00,6395,-8.3,54.0,31.0,17,5,1
2025-03-01 18:00:00,6625,-9.2,51.0,37.0,18,5,1
2025-03-01 19:00:00,6795,-9.8,56.0,35.0,19,5,1
2025-03-01 20:00:00,6769,-10.5,59.0,22.0,20,5,1
2025-03-01 21:00:00,6653,-10.7,63.0,26.0,21,5,1
2025-03-01 22:00:00,6503,-11.0,63.0,26.0,22,5,1
2025-03-01 23:00:00,6265,-11.1,62.0,22.0,23,5,1
2025-03-02 00:00:00,5996,-11.1,60.0,19.0,0,6,1
2025-03-02 01:00:00,5738,-12.6,69.0,22.0,1,6,1
2025-03-02 02:00:00,5591,-14.1,62.0,21.0,2,6,1
2025-03-02 03:00:00,5468,-14.9,55.0,26.0,3,6,1
2025-03-02 04:00:00,5412,-15.5,57.0,18.0,4,6,1
2025-03-02 05:00:00,5428,-15.8,57.0,12.0,5,6,1
2025-03-02 06:00:00,5472,-15.5,57.0,12.0,6,6,1
2025-03-02 07:00:00,5558,-15.3,56.0,9.0,7,6,1
2025-03-02 08:00:00,5676,-14.7,56.0,9.0,8,6,1
2025-03-02 09:00:00,5851,-13.6,56.0,10.0,9,6,1
2025-03-02 10:00:00,6039,-12.2,59.0,9.0,10,6,1
2025-03-02 11:00:00,6169,-10.6,59.0,10.0,11,6,1
2025-03-02 12:00:00,6291,-8.6,62.0,18.0,12,6,1
2025-03-02 13:00:00,6305,-7.5,61.0,15.0,13,6,1
2025-03-02 14:00:00,6294,-6.1,64.0,21.0,14,6,1
2025-03-02 15:00:00,6334,-5.6,59.0,20.0,15,6,1
2025-03-02 16:00:00,6396,-5.3,60.0,20.0,16,6,1
2025-03-02 17:00:00,6567,-5.2,57.0,17.0,17,6,1
2025-03-02 18:00:00,6802,-5.4,64.0,19.0,18,6,1
2025-03-02 19:00:00,6922,-5.6,74.0,13.0,19,6,1
2025-03-02 20:00:00,6855,-5.9,74.0,16.0,20,6,1
2025-03-02 21:00:00,6743,-5.9,74.0,12.0,21,6,1
2025-03-02 22:00:00,6538,-5.9,74.0,13.0,22,6,1
2025-03-02 23:00:00,6230,-6.4,76.0,12.0,23,6,1
2025-03-03 00:00:00,5847,-8.1,79.0,10.0,0,0,0
2025-03-03 01:00:00,5551,-8.0,76.0,9.0,1,0,0
2025-03-03 02:00:00,5366,-7.3,73.0,9.0,2,0,0
2025-03-03 03:00:00,5264,-7.3,71.0,13.0,3,0,0
2025-03-03 04:00:00,5228,-7.0,71.0,10.0,4,0,0
2025-03-03 05:00:00,5290,-7.0,73.0,8.0,5,0,0
2025-03-03 06:00:00,5479,-6.3,71.0,12.0,6,0,0
2025-03-03 07:00:00,5900,-6.2,74.0,13.0,7,0,0
2025-03-03 08:00:00,6347,-5.6,74.0,10.0,8,0,0
2025-03-03 09:00:00,6522,-4.1,70.0,12.0,9,0,0
2025-03-03 10:00:00,6572,-2.7,63.0,13.0,10,0,0
2025-03-03 11:00:00,6598,-1.2,56.0,14.0,11,0,0
2025-03-03 12:00:00,6583,0.0,51.0,19.0,12,0,0
2025-03-03 13:00:00,6551,0.7,51.0,22.0,13,0,0
2025-03-03 14:00:00,6522,1.3,49.0,20.0,14,0,0
2025-03-03 15:00:00,6518,1.6,48.0,19.0,15,0,0
2025-03-03 16:00:00,6547,2.6,39.0,26.0,16,0,0
2025-03-03 17:00:00,6596,2.1,48.0,19.0,17,0,0
2025-03-03 18:00:00,6759,1.2,55.0,13.0,18,0,0
2025-03-03 19:00:00,6913,0.6,56.0,16.0,19,0,0
2025-03-03 20:00:00,6912,0.8,54.0,9.0,20,0,0
2025-03-03 21:00:00,6741,1.2,51.0,14.0,21,0,0
2025-03-03 22:00:00,6515,0.6,56.0,14.0,22,0,0
2025-03-03 23:00:00,6150,0.2,58.0,12.0,23,0,0
2025-03-04 00:00:00,5769,-0.6,62.0,11.0,0,1,0
2025-03-04 01:00:00,5461,-0.4,62.0,13.0,1,1,0
2025-03-04 02:00:00,5253,0.2,61.0,14.0,2,1,0
2025-03-04 03:00:00,5110,0.5,59.0,12.0,3,1,0
2025-03-04 04:00:00,5052,0.9,59.0,12.0,4,1,0
2025-03-04 05:00:00,5208,0.9,66.0,7.0,5,1,0
2025-03-04 06:00:00,5391,1.3,65.0,7.0,6,1,0
2025-03-04 07:00:00,5780,1.6,62.0,7.0,7,1,0
2025-03-04 08:00:00,6195,2.0,61.0,8.0,8,1,0
2025-03-04 09:00:00,6374,2.5,65.0,8.0,9,1,0
2025-03-04 10:00:00,6455,3.8,58.0,10.0,10,1,0
2025-03-04 11:00:00,6567,3.3,84.0,8.0,11,1,0
2025-03-04 12:00:00,6675,3.7,80.0,7.0,12,1,0
2025-03-04 13:00:00,6690,4.0,79.0,5.0,13,1,0
2025-03-04 14:00:00,6683,4.6,68.0,9.0,14,1,0
2025-03-04 15:00:00,6576,6.2,59.0,10.0,15,1,0
2025-03-04 16:00:00,6544,6.9,53.0,13.0,16,1,0
2025-03-04 17:00:00,6638,6.3,59.0,7.0,17,1,0
2025-03-04 18:00:00,6731,6.5,55.0,3.0,18,1,0
2025-03-04 19:00:00,6755,5.0,63.0,9.0,19,1,0
2025-03-04 20:00:00,6657,5.3,63.0,8.0,20,1,0
2025-03-04 21:00:00,6548,5.0,66.0,7.0,21,1,0
2025-03-04 22:00:00,6315,3.4,76.0,10.0,22,1,0
2025-03-04 23:00:00,5965,3.5,70.0,7.0,23,1,0
2025-03-05 00:00:00,5563,3.4,72.0,9.0,0,2,0
2025-03-05 01:00:00,5257,3.4,72.0,12.0,1,2,0
2025-03-05 02:00:00,5016,2.9,79.0,7.0,2,2,0
2025-03-05 03:00:00,4874,2.2,92.0,7.0,3,2,0
2025-03-05 04:00:00,4822,3.1,88.0,10.0,4,2,0
2025-03-05 05:00:00,4925,2.9,100.0,8.0,5,2,0
2025-03-05 06:00:00,5130,2.8,100.0,8.0,6,2,0
2025-03-05 07:00:00,5529,3.0,100.0,14.0,7,2,0
2025-03-05 08:00:00,5985,3.5,100.0,15.0,8,2,0
2025-03-05 09:00:00,6231,4.5,100.0,21.0,9,2,0
2025-03-05 10:00:00,6366,4.7,100.0,22.0,10,2,0
2025-03-05 11:00:00,6493,5.5,100.0,10.0,11,2,0
2025-03-05 12:00:00,6507,5.8,100.0,16.0,12,2,0
2025-03-05 13:00:00,6488,5.9,100.0,5.0,13,2,0
2025-03-05 14:00:00,6489,6.0,100.0,21.0,14,2,0
2025-03-05 15:00:00,6465,6.4,100.0,13.0,15,2,0
2025-03-05 16:00:00,6390,7.0,100.0,7.0,16,2,0
2025-03-05 17:00:00,6462,6.6,100.0,7.0,17,2,0
2025-03-05 18:00:00,6537,6.8,100.0,5.0,18,2,0
2025-03-05 19:00:00,6555,5.3,100.0,0.0,19,2,0
2025-03-05 20:00:00,6504,4.8,100.0,6.0,20,2,0
2025-03-05 21:00:00,6390,5.0,100.0,8.0,21,2,0
2025-03-05 22:00:00,6173,5.7,100.0,29.0,22,2,0
2025-03-05 23:00:00,5857,3.3,100.0,25.0,23,2,0
2025-03-06 00:00:00,5536,3.0,92.0,18.0,0,3,0
2025-03-06 01:00:00,5252,2.9,89.0,26.0,1,3,0
2025-03-06 02:00:00,5045,2.4,92.0,24.0,2,3,0
2025-03-06 03:00:00,4940,2.1,94.0,27.0,3,3,0
2025-03-06 04:00:00,4868,2.1,94.0,23.0,4,3,0
2025-03-06 05:00:00,4953,2.1,94.0,24.0,5,3,0
2025-03-06 06:00:00,5153,1.0,88.0,32.0,6,3,0
2025-03-06 07:00:00,5612,0.2,81.0,45.0,7,3,0
2025-03-06 08:00:00,6036,-0.5,85.0,30.0,8,3,0
2025-03-06 09:00:00,6306,-1.4,69.0,41.0,9,3,0
2025-03-06 10:00:00,6484,-2.2,68.0,37.0,10,3,0
2025-03-06 11:00:00,6575,-2.9,70.0,45.0,11,3,0
2025-03-06 12:00:00,6656,-3.1,68.0,40.0,12,3,0
2025-03-06 13:00:00,6734,-3.0,68.0,43.0,13,3,0
2025-03-06 14:00:00,6737,-1.9,65.0,52.0,14,3,0
2025-03-06 15:00:00,6705,-2.1,67.0,50.0,15,3,0
2025-03-06 16:00:00,6709,-1.7,67.0,52.0,16,3,0
2025-03-06 17:00:00,6829,-1.7,64.0,50.0,17,3,0
2025-03-06 18:00:00,6948,-1.6,66.0,36.0,18,3,0
2025-03-06 19:00:00,7002,-2.0,70.0,44.0,19,3,0
2025-03-06 20:00:00,6946,-1.8,70.0,41.0,20,3,0
2025-03-06 21:00:00,6827,-1.6,69.0,35.0,21,3,0
2025-03-06 22:00:00,6601,-1.9,65.0,31.0,22,3,0
2025-03-06 23:00:00,6247,-2.1,68.0,24.0,23,3,0
2025-03-07 00:00:00,5866,-2.0,67.0,22.0,0,4,0
2025-03-07 01:00:00,5571,-2.5,69.0,23.0,1,4,0
2025-03-07 02:00:00,5368,-2.3,64.0,23.0,2,4,0
2025-03-07 03:00:00,5220,-2.2,67.0,30.0,3,4,0
2025-03-07 04:00:00,5152,-2.4,81.0,29.0,4,4,0
2025-03-07 05:00:00,5188,-1.8,79.0,24.0,5,4,0
2025-03-07 06:00:00,5372,-1.6,67.0,37.0,6,4,0
2025-03-07 07:00:00,5751,-1.9,64.0,41.0,7,4,0
2025-03-07 08:00:00,6145,-1.2,57.0,33.0,8,4,0
2025-03-07 09:00:00,6272,-0.2,48.0,41.0,9,4,0
2025-03-07 10:00:00,6414,-0.4,51.0,47.0,10,4,0
2025-03-07 11:00:00,6511,0.4,49.0,33.0,11,4,0
2025-03-07 12:00:00,6470,1.0,42.0,42.0,12,4,0
2025-03-07 13:00:00,6392,1.2,46.0,36.0,13,4,0
2025-03-07 14:00:00,6349,2.3,45.0,33.0,14,4,0
2025-03-07 15:00:00,6277,2.0,44.0,34.0,15,4,0
2025-03-07 16:00:00,6263,1.8,44.0,34.0,16,4,0
2025-03-07 17:00:00,6331,0.9,44.0,33.0,17,4,0
2025-03-07 18:00:00,6463,-0.1,46.0,27.0,18,4,0
2025-03-07 19:00:00,6615,-1.0,52.0,15.0,19,4,0
2025-03-07 20:00:00,6630,-0.7,52.0,15.0,20,4,0
2025-03-07 21:00:00,6519,-0.6,62.0,17.0,21,4,0
2025-03-07 22:00:00,6317,-0.4,75.0,25.0,22,4,0
2025-03-07 23:00:00,6019,-0.2,79.0,24.0,23,4,0
2025-03-08 00:00:00,5715,-0.1,84.0,23.0,0,5,1
2025-03-08 01:00:00,5445,-0.1,82.0,24.0,1,5,1
2025-03-08 02:00:00,5266,-2.3,71.0,31.0,2,5,1
2025-03-08 03:00:00,5147,-3.3,58.0,34.0,3,5,1
2025-03-08 04:00:00,5089,-4.4,62.0,27.0,4,5,1
2025-03-08 05:00:00,5121,-4.7,60.0,27.0,5,5,1
2025-03-08 06:00:00,5191,-5.0,63.0,27.0,6,5,1
2025-03-08 07:00:00,5305,-5.6,58.0,31.0,7,5,1
2025-03-08 08:00:00,5443,-5.5,58.0,34.0,8,5,1
2025-03-08 09:00:00,5585,-4.3,57.0,28.0,9,5,1
2025-03-08 10:00:00,5726,-2.9,54.0,25.0,10,5,1
2025-03-08 11:00:00,5807,-1.7,49.0,28.0,11,5,1
2025-03-08 12:00:00,5846,-0.5,45.0,30.0,12,5,1
2025-03-08 13:00:00,5834,1.1,50.0,28.0,13,5,1
2025-03-08 14:00:00,5775,0.9,48.0,33.0,14,5,1
2025-03-08 15:00:00,5733,0.6,49.0,32.0,15,5,1
2025-03-08 16:00:00,5753,0.1,51.0,41.0,16,5,1
2025-03-08 17:00:00,5944,-0.5,55.0,33.0,17,5,1
2025-03-08 18:00:00,6134,-1.8,61.0,22.0,18,5,1
2025-03-08 19:00:00,6337,-2.9,67.0,24.0,19,5,1
2025-03-08 20:00:00,6350,-3.7,72.0,22.0,20,5,1
2025-03-08 21:00:00,6207,-4.6,72.0,10.0,21,5,1
2025-03-08 22:00:00,6058,-3.5,68.0,10.0,22,5,1
2025-03-08 23:00:00,5805,-3.3,73.0,14.0,23,5,1
2025-03-09 00:00:00,5524,-3.1,76.0,10.0,0,6,1
2025-03-09 01:00:00,5267,-3.4,77.0,4.0,1,6,1
2025-03-09 02:00:00,5091,-3.1,77.0,4.0,2,6,1
2025-03-09 03:00:00,4953,-2.8,78.0,5.0,3,6,1
2025-03-09 04:00:00,4882,-2.7,84.0,13.0,4,6,1
2025-03-09 05:00:00,4924,-2.8,85.0,7.0,5,6,1
2025-03-09 06:00:00,4980,-3.5,86.0,9.0,6,6,1
2025-03-09 07:00:00,5072,-2.4,80.0,19.0,7,6,1
2025-03-09 08:00:00,5157,-0.7,77.0,22.0,8,6,1
2025-03-09 09:00:00,5275,1.6,65.0,33.0,9,6,1
2025-03-09 10:00:00,5358,3.2,56.0,28.0,10,6,1
2025-03-09 11:00:00,5484,4.3,51.0,29.0,11,6,1
2025-03-09 12:00:00,5506,5.6,42.0,34.0,12,6,1
2025-03-09 13:00:00,5516,6.8,43.0,29.0,13,6,1
2025-03-09 14:00:00,5472,6.0,46.0,31.0,14,6,1
2025-03-09 15:00:00,5525,7.2,43.0,28.0,15,6,1
2025-03-09 16:00:00,5647,7.2,41.0,25.0,16,6,1
2025-03-09 17:00:00,5728,7.4,46.0,22.0,17,6,1
2025-03-09 18:00:00,5895,6.3,55.0,21.0,18,6,1
2025-03-09 19:00:00,6058,5.5,61.0,15.0,19,6,1
2025-03-09 20:00:00,6048,5.0,67.0,17.0,20,6,1
2025-03-09 21:00:00,5900,5.1,68.0,21.0,21,6,1
2025-03-09 22:00:00,5648,4.6,69.0,18.0,22,6,1
2025-03-09 23:00:00,5387,4.6,70.0,22.0,23,6,1
2025-03-10 00:00:00,5081,3.5,74.0,17.0,0,0,0
2025-03-10 01:00:00,4812,5.8,61.0,28.0,1,0,0
2025-03-10 02:00:00,4719,4.3,66.0,17.0,2,0,0
2025-03-10 03:00:00,4611,2.3,75.0,12.0,3,0,0
2025-03-10 04:00:00,4666,2.5,74.0,9.0,4,0,0
2025-03-10 05:00:00,4951,0.5,76.0,12.0,5,0,0
2025-03-10 06:00:00,5331,0.9,80.0,13.0,6,0,0
2025-03-10 07:00:00,5777,1.2,81.0,13.0,7,0,0
2025-03-10 08:00:00,6004,4.0,75.0,6.0,8,0,0
2025-03-10 09:00:00,6034,6.3,63.0,5.0,9,0,0
2025-03-10 10:00:00,6027,8.8,52.0,9.0,10,0,0
2025-03-10 11:00:00,6061,8.5,54.0,16.0,11,0,0
2025-03-10 12:00:00,6040,9.0,54.0,13.0,12,0,0
2025-03-10 13:00:00,6023,9.7,50.0,16.0,13,0,0
2025-03-10 14:00:00,5911,10.7,53.0,12.0,14,0,0
2025-03-10 15:00:00,5897,10.4,54.0,15.0,15,0,0
2025-03-10 16:00:00,5900,9.3,56.0,14.0,16,0,0
2025-03-10 17:00:00,5991,7.6,59.0,21.0,17,0,0
2025-03-10 18:00:00,6088,5.9,66.0,10.0,18,0,0
2025-03-10 19:00:00,6227,5.6,67.0,10.0,19,0,0
2025-03-10 20:00:00,6176,4.8,71.0,7.0,20,0,0
2025-03-10 21:00:00,6023,4.6,74.0,3.0,21,0,0
2025-03-10 22:00:00,5737,4.2,75.0,4.0,22,0,0
2025-03-10 23:00:00,5367,3.5,84.0,3.0,23,0,0
2025-03-11 00:00:00,5117,3.2,86.0,4.0,0,1,0
2025-03-11 01:00:00,4907,4.5,74.0,6.0,1,1,0
2025-03-11 02:00:00,4759,5.8,65.0,3.0,2,1,0
2025-03-11 03:00:00,4689,5.0,66.0,4.0,3,1,0
2025-03-11 04:00:00,4723,6.2,65.0,14.0,4,1,0
2025-03-11 05:00:00,4933,7.2,59.0,21.0,5,1,0
2025-03-11 06:00:00,5276,7.4,57.0,17.0,6,1,0
2025-03-11 07:00:00,5678,7.3,58.0,8.0,7,1,0
2025-03-11 08:00:00,5842,8.4,57.0,11.0,8,1,0
2025-03-11 09:00:00,5874,10.4,52.0,17.0,9,1,0
2025-03-11 10:00:00,5858,11.8,50.0,28.0,10,1,0
2025-03-11 11:00:00,5860,11.7,48.0,31.0,11,1,0
2025-03-11 12:00:00,5848,11.3,44.0,32.0,12,1,0
2025-03-11 13:00:00,5857,10.2,37.0,33.0,13,1,0
2025-03-11 14:00:00,5843,9.5,41.0,29.0,14,1,0
2025-03-11 15:00:00,5858,8.0,32.0,35.0,15,1,0
2025-03-11 16:00:00,5888,6.7,36.0,35.0,16,1,0
2025-03-11 17:00:00,6007,4.9,44.0,30.0,17,1,0
2025-03-11 18:00:00,6070,3.1,49.0,27.0,18,1,0
2025-03-11 19:00:00,6237,1.0,58.0,15.0,19,1,0
2025-03-11 20:00:00,6285,0.0,71.0,22.0,20,1,0
2025-03-11 21:00:00,6152,-1.0,66.0,14.0,21,1,0
2025-03-11 22:00:00,5853,-1.3,62.0,19.0,22,1,0
2025-03-11 23:00:00,5575,-1.8,61.0,17.0,23,1,0
2025-03-12 00:00:00,5283,-2.1,64.0,15.0,0,2,0
2025-03-12 01:00:00,5073,-2.9,70.0,12.0,1,2,0
2025-03-12 02:00:00,4918,-2.7,68.0,4.0,2,2,0
2025-03-12 03:00:00,4875,-3.0,65.0,7.0,3,2,0
2025-03-12 04:00:00,4890,-3.2,60.0,6.0,4,2,0
2025-03-12 05:00:00,5102,-3.2,56.0,8.0,5,2,0
2025-03-12 06:00:00,5486,-3.3,51.0,8.0,6,2,0
2025-03-12 07:00:00,5908,-3.6,58.0,9.0,7,2,0
2025-03-12 08:00:00,6144,-2.1,54.0,13.0,8,2,0
2025-03-12 09:00:00,6264,-0.5,55.0,14.0,9,2,0
2025-03-12 10:00:00,6307,0.4,58.0,18.0,10,2,0
2025-03-12 11:00:00,6366,0.8,54.0,19.0,11,2,0
2025-03-12 12:00:00,6414,0.5,57.0,22.0,12,2,0
2025-03-12 13:00:00,6411,0.7,57.0,19.0,13,2,0
2025-03-12 14:00:00,6369,0.4,52.0,16.0,14,2,0
2025-03-12 15:00:00,6253,0.6,48.0,22.0,15,2,0
2025-03-12 16:00:00,6271,0.0,50.0,18.0,16,2,0
2025-03-12 17:00:00,6395,-0.2,51.0,16.0,17,2,0
2025-03-12 18:00:00,6467,-0.7,50.0,20.0,18,2,0
2025-03-12 19:00:00,6594,-0.9,55.0,16.0,19,2,0
2025-03-12 20:00:00,6619,-1.3,59.0,15.0,20,2,0
2025-03-12 21:00:00,6385,-1.4,61.0,9.0,21,2,0
2025-03-12 22:00:00,6023,-1.3,64.0,13.0,22,2,0
2025-03-12 23:00:00,5708,-0.9,66.0,13.0,23,2,0
2025-03-13 00:00:00,5422,-2.7,72.0,11.0,0,3,0
2025-03-13 01:00:00,5217,-3.5,68.0,11.0,1,3,0
2025-03-13 02:00:00,5049,-3.8,68.0,11.0,2,3,0
2025-03-13 03:00:00,5004,-4.2,69.0,12.0,3,3,0
2025-03-13 04:00:00,5046,-3.9,67.0,12.0,4,3,0
2025-03-13 05:00:00,5241,-4.0,68.0,11.0,5,3,0
2025-03-13 06:00:00,5628,-3.6,65.0,14.0,6,3,0
2025-03-13 07:00:00,6053,-3.4,62.0,13.0,7,3,0
2025-03-13 08:00:00,6244,-2.3,62.0,10.0,8,3,0
2025-03-13 09:00:00,6272,-0.8,58.0,5.0,9,3,0
2025-03-13 10:00:00,6259,0.8,58.0,4.0,10,3,0
2025-03-13 11:00:00,6242,3.8,51.0,6.0,11,3,0
2025-03-13 12:00:00,6201,5.1,46.0,0.0,12,3,0
2025-03-13 13:00:00,6158,5.3,52.0,8.0,13,3,0
2025-03-13 14:00:00,6046,6.8,49.0,5.0,14,3,0
2025-03-13 15:00:00,5996,6.7,53.0,10.0,15,3,0
2025-03-13 16:00:00,6003,5.9,55.0,10.0,16,3,0
2025-03-13 17:00:00,6058,4.3,65.0,9.0,17,3,0
2025-03-13 18:00:00,6128,3.1,69.0,8.0,18,3,0
2025-03-13 19:00:00,6299,2.1,72.0,7.0,19,3,0
2025-03-13 20:00:00,6343,2.6,65.0,5.0,20,3,0
2025-03-13 21:00:00,6180,3.0,60.0,0.0,21,3,0
2025-03-13 22:00:00,5879,2.7,62.0,4.0,22,3,0
2025-03-13 23:00:00,5546,1.3,69.0,5.0,23,3,0
2025-03-14 00:00:00,5280,2.2,69.0,0.0,0,4,0
2025-03-14 01:00:00,5018,0.0,78.0,6.0,1,4,0
2025-03-14 02:00:00,4936,0.1,81.0,3.0,2,4,0
2025-03-14 03:00:00,4870,-0.7,86.0,0.0,3,4,0
2025-03-14 04:00:00,4925,-1.5,79.0,9.0,4,4,0
2025-03-14 05:00:00,5102,-1.5,77.0,4.0,5,4,0
2025-03-14 06:00:00,5434,-1.7,80.0,5.0,6,4,0
2025-03-14 07:00:00,5759,-0.5,78.0,5.0,7,4,0
2025-03-14 08:00:00,5932,3.0,64.0,9.0,8,4,0
2025-03-14 09:00:00,5994,5.4,54.0,8.0,9,4,0
2025-03-14 10:00:00,6044,7.6,46.0,13.0,10,4,0
2025-03-14 11:00:00,6048,9.4,37.0,13.0,11,4,0
2025-03-14 12:00:00,6011,11.2,39.0,13.0,12,4,0
2025-03-14 13:00:00,5938,12.4,37.0,14.0,13,4,0
2025-03-14 14:00:00,5814,12.6,38.0,13.0,14,4,0
2025-03-14 15:00:00,5752,11.4,41.0,12.0,15,4,0
2025-03-14 16:00:00,5777,11.3,44.0,13.0,16,4,0
2025-03-14 17:00:00,5823,9.8,51.0,15.0,17,4,0
2025-03-14 18:00:00,5867,9.0,57.0,15.0,18,4,0
2025-03-14 19:00:00,6038,8.1,62.0,8.0,19,4,0
2025-03-14 20:00:00,5998,9.0,59.0,7.0,20,4,0
2025-03-14 21:00:00,5830,9.4,59.0,11.0,21,4,0
2025-03-14 22:00:00,5534,8.8,61.0,4.0,22,4,0
2025-03-14 23:00:00,5212,7.2,68.0,0.0,23,4,0
2025-03-15 00:00:00,4943,5.5,73.0,0.0,0,5,1
2025-03-15 01:00:00,4729,5.5,75.0,0.0,1,5,1
2025-03-15 02:00:00,4569,6.0,74.0,4.0,2,5,1
2025-03-15 03:00:00,4493,3.2,81.0,7.0,3,5,1
2025-03-15 04:00:00,4477,4.7,84.0,3.0,4,5,1
2025-03-15 05:00:00,4561,5.5,80.0,3.0,5,5,1
2025-03-15 06:00:00,4691,6.7,78.0,7.0,6,5,1
2025-03-15 07:00:00,4843,8.4,71.0,9.0,7,5,1
2025-03-15 08:00:00,5058,9.2,67.0,9.0,8,5,1
2025-03-15 09:00:00,5353,9.2,67.0,3.0,9,5,1
2025-03-15 10:00:00,5609,7.9,86.0,6.0,10,5,1
2025-03-15 11:00:00,5798,8.1,98.0,15.0,11,5,1
2025-03-15 12:00:00,5828,8.6,90.0,18.0,12,5,1
2025-03-15 13:00:00,5746,10.4,94.0,21.0,13,5,1
2025-03-15 14:00:00,5503,12.7,79.0,17.0,14,5,1
2025-03-15 15:00:00,5412,14.1,70.0,20.0,15,5,1
2025-03-15 16:00:00,5408,13.7,69.0,13.0,16,5,1
2025-03-15 17:00:00,5462,13.4,70.0,17.0,17,5,1
2025-03-15 18:00:00,5521,11.4,76.0,12.0,18,5,1
2025-03-15 19:00:00,5653,11.0,79.0,12.0,19,5,1
2025-03-15 20:00:00,5614,11.2,76.0,15.0,20,5,1
2025-03-15 21:00:00,5446,10.8,77.0,17.0,21,5,1
2025-03-15 22:00:00,5208,11.1,76.0,15.0,22,5,1
2025-03-15 23:00:00,4966,11.8,75.0,16.0,23,5,1
2025-03-16 00:00:00,4707,12.1,74.0,16.0,0,6,1
2025-03-16 01:00:00,4519,10.7,80.0,11.0,1,6,1
2025-03-16 02:00:00,4339,10.4,84.0,13.0,2,6,1
2025-03-16 03:00:00,4209,10.0,88.0,9.0,3,6,1
2025-03-16 04:00:00,4222,9.7,98.0,16.0,4,6,1
2025-03-16 05:00:00,4326,9.3,100.0,13.0,5,6,1
2025-03-16 06:00:00,4394,9.8,100.0,13.0,6,6,1
2025-03-16 07:00:00,4536,11.2,100.0,14.0,7,6,1
2025-03-16 08:00:00,4723,11.1,100.0,11.0,8,6,1
2025-03-16 09:00:00,4980,12.3,100.0,12.0,9,6,1
2025-03-16 10:00:00,5192,13.6,98.0,22.0,10,6,1
2025-03-16 11:00:00,5278,16.0,79.0,31.0,11,6,1
2025-03-16 12:00:00,5489,14.4,90.0,27.0,12,6,1
2025-03-16 13:00:00,5489,15.5,93.0,23.0,13,6,1
2025-03-16 14:00:00,5485,16.6,73.0,23.0,14,6,1
2025-03-16 15:00:00,5492,15.2,70.0,23.0,15,6,1
2025-03-16 16:00:00,5529,11.5,85.0,50.0,16,6,1
2025-03-16 17:00:00,5542,9.6,82.0,31.0,17,6,1
2025-03-16 18:00:00,5606,7.4,84.0,27.0,18,6,1
2025-03-16 19:00:00,5787,6.5,84.0,23.0,19,6,1
2025-03-16 20:00:00,5780,5.1,81.0,28.0,20,6,1
2025-03-16 21:00:00,5663,4.5,79.0,26.0,21,6,1
2025-03-16 22:00:00,5382,3.0,75.0,28.0,22,6,1
2025-03-16 23:00:00,5140,2.2,70.0,23.0,23,6,1
2025-03-17 00:00:00,4882,1.0,72.0,22.0,0,0,0
2025-03-17 01:00:00,4702,0.4,72.0,25.0,1,0,0
2025-03-17 02:00:00,4609,0.0,71.0,34.0,2,0,0
2025-03-17 03:00:00,4592,-0.2,74.0,31.0,3,0,0
2025-03-17 04:00:00,4622,-0.3,76.0,25.0,4,0,0
2025-03-17 05:00:00,4889,-1.6,87.0,25.0,5,0,0
2025-03-17 06:00:00,5388,-1.9,80.0,23.0,6,0,0
2025-03-17 07:00:00,5907,-2.3,71.0,24.0,7,0,0
2025-03-17 08:00:00,6140,-2.3,67.0,24.0,8,0,0
2025-03-17 09:00:00,6219,-1.7,66.0,23.0,9,0,0
2025-03-17 10:00:00,6150,-0.6,61.0,17.0,10,0,0
2025-03-17 11:00:00,6196,0.6,53.0,25.0,11,0,0
2025-03-17 12:00:00,6183,2.0,49.0,9.0,12,0,0
2025-03-17 13:00:00,6137,3.2,41.0,22.0,13,0,0
2025-03-17 14:00:00,6047,4.2,33.0,15.0,14,0,0
2025-03-17 15:00:00,6006,5.0,28.0,16.0,15,0,0
2025-03-17 16:00:00,6039,5.1,28.0,16.0,16,0,0
2025-03-17 17:00:00,6100,5.2,26.0,13.0,17,0,0
2025-03-17 18:00:00,6157,4.3,30.0,10.0,18,0,0
2025-03-17 19:00:00,6314,2.6,49.0,9.0,19,0,0
2025-03-17 20:00:00,6353,2.0,52.0,6.0,20,0,0
2025-03-17 21:00:00,6181,1.7,64.0,4.0,21,0,0
2025-03-17 22:00:00,5853,1.0,81.0,9.0,22,0,0
2025-03-17 23:00:00,5485,0.9,92.0,7.0,23,0,0
2025-03-18 00:00:00,5179,0.7,79.0,8.0,0,1,0
2025-03-18 01:00:00,4942,1.1,75.0,7.0,1,1,0
2025-03-18 02:00:00,4827,1.0,74.0,9.0,2,1,0
2025-03-18 03:00:00,4772,-0.1,77.0,13.0,3,1,0
2025-03-18 04:00:00,4815,-0.1,79.0,10.0,4,1,0
2025-03-18 05:00:00,5020,0.0,84.0,11.0,5,1,0
2025-03-18 06:00:00,5437,0.3,78.0,14.0,6,1,0
2025-03-18 07:00:00,5887,0.2,84.0,13.0,7,1,0
2025-03-18 08:00:00,5962,2.1,72.0,14.0,8,1,0
2025-03-18 09:00:00,5951,3.8,63.0,14.0,9,1,0
2025-03-18 10:00:00,5995,5.4,60.0,17.0,10,1,0
2025-03-18 11:00:00,5936,7.5,55.0,13.0,11,1,0
2025-03-18 12:00:00,5905,10.3,46.0,16.0,12,1,0
2025-03-18 13:00:00,5899,13.3,42.0,10.0,13,1,0
2025-03-18 14:00:00,5836,14.6,39.0,18.0,14,1,0
2025-03-18 15:00:00,5827,15.1,40.0,9.0,15,1,0
2025-03-18 16:00:00,5837,15.5,41.0,12.0,16,1,0
2025-03-18 17:00:00,5869,13.7,45.0,16.0,17,1,0
2025-03-18 18:00:00,5904,10.2,56.0,12.0,18,1,0
2025-03-18 19:00:00,6077,8.8,60.0,9.0,19,1,0
2025-03-18 20:00:00,6124,8.9,59.0,7.0,20,1,0
2025-03-18 21:00:00,5909,7.8,65.0,8.0,21,1,0
2025-03-18 22:00:00,5626,6.9,65.0,5.0,22,1,0
2025-03-18 23:00:00,5245,6.3,66.0,8.0,23,1,0
2025-03-19 00:00:00,4921,6.2,66.0,0.0,0,2,0
2025-03-19 01:00:00,4744,5.8,68.0,0.0,1,2,0
2025-03-19 02:00:00,4634,4.8,70.0,6.0,2,2,0
2025-03-19 03:00:00,4567,4.1,71.0,5.0,3,2,0
2025-03-19 04:00:00,4599,4.0,72.0,5.0,4,2,0
2025-03-19 05:00:00,4792,4.7,71.0,0.0,5,2,0
2025-03-19 06:00:00,5206,5.1,71.0,0.0,6,2,0
2025-03-19 07:00:00,5659,5.5,70.0,6.0,7,2,0
2025-03-19 08:00:00,5816,8.3,59.0,0.0,8,2,0
2025-03-19 09:00:00,5856,11.4,48.0,8.0,9,2,0
2025-03-19 10:00:00,5825,13.2,45.0,16.0,10,2,0
2025-03-19 11:00:00,5821,15.8,39.0,19.0,11,2,0
2025-03-19 12:00:00,5795,17.1,36.0,17.0,12,2,0
2025-03-19 13:00:00,5805,16.8,36.0,20.0,13,2,0
2025-03-19 14:00:00,5779,18.1,33.0,21.0,14,2,0
2025-03-19 15:00:00,5759,19.6,31.0,19.0,15,2,0
2025-03-19 16:00:00,5804,21.1,30.0,17.0,16,2,0
2025-03-19 17:00:00,5857,18.9,34.0,15.0,17,2,0
2025-03-19 18:00:00,5851,15.2,40.0,16.0,18,2,0
2025-03-19 19:00:00,5931,11.7,49.0,9.0,19,2,0
2025-03-19 20:00:00,5958,12.0,48.0,9.0,20,2,0
2025-03-19 21:00:00,5799,12.1,48.0,9.0,21,2,0
2025-03-19 22:00:00,5470,12.5,47.0,10.0,22,2,0
2025-03-19 23:00:00,5057,11.0,52.0,16.0,23,2,0
2025-03-20 00:00:00,4761,10.1,54.0,7.0,0,3,0
2025-03-20 01:00:00,4541,11.0,51.0,3.0,1,3,0
2025-03-20 02:00:00,4432,11.8,48.0,9.0,2,3,0
2025-03-20 03:00:00,4354,11.5,49.0,5.0,3,3,0
2025-03-20 04:00:00,4354,12.5,48.0,10.0,4,3,0
2025-03-20 05:00:00,4554,13.7,66.0,28.0,5,3,0
2025-03-20 06:00:00,4961,12.4,77.0,26.0,6,3,0
2025-03-20 07:00:00,5428,12.2,74.0,25.0,7,3,0
2025-03-20 08:00:00,5667,11.2,86.0,25.0,8,3,0
2025-03-20 09:00:00,5826,11.0,87.0,29.0,9,3,0
2025-03-20 10:00:00,5940,10.8,83.0,26.0,10,3,0
2025-03-20 11:00:00,5946,8.6,78.0,39.0,11,3,0
2025-03-20 12:00:00,6048,9.9,62.0,23.0,12,3,0
2025-03-20 13:00:00,6066,9.7,61.0,27.0,13,3,0
2025-03-20 14:00:00,6044,10.9,60.0,30.0,14,3,0
2025-03-20 15:00:00,6011,8.5,82.0,28.0,15,3,0
2025-03-20 16:00:00,6088,7.8,72.0,38.0,16,3,0
2025-03-20 17:00:00,6100,5.9,71.0,35.0,17,3,0
2025-03-20 18:00:00,6160,2.6,77.0,44.0,18,3,0
2025-03-20 19:00:00,6320,1.5,67.0,44.0,19,3,0
2025-03-20 20:00:00,6303,1.0,66.0,44.0,20,3,0
2025-03-20 21:00:00,6109,0.9,66.0,49.0,21,3,0
2025-03-20 22:00:00,5793,1.0,63.0,44.0,22,3,0
2025-03-20 23:00:00,5428,0.9,63.0,35.0,23,3,0
2025-03-21 00:00:00,5139,0.6,61.0,36.0,0,4,0
2025-03-21 01:00:00,4938,-0.3,57.0,22.0,1,4,0
2025-03-21 02:00:00,4810,-0.5,64.0,21.0,2,4,0
2025-03-21 03:00:00,4748,-0.8,67.0,10.0,3,4,0
2025-03-21 04:00:00,4780,-0.6,64.0,20.0,4,4,0
2025-03-21 05:00:00,4987,-2.6,73.0,14.0,5,4,0
2025-03-21 06:00:00,5383,-2.6,76.0,13.0,6,4,0
2025-03-21 07:00:00,5834,-1.8,76.0,12.0,7,4,0
2025-03-21 08:00:00,5975,0.4,63.0,18.0,8,4,0
2025-03-21 09:00:00,5995,1.6,57.0,18.0,9,4,0
2025-03-21 10:00:00,6001,3.2,50.0,17.0,10,4,0
2025-03-21 11:00:00,5994,4.5,40.0,23.0,11,4,0
2025-03-21 12:00:00,5962,5.5,40.0,20.0,12,4,0
2025-03-21 13:00:00,5907,6.8,38.0,19.0,13,4,0
2025-03-21 14:00:00,5849,7.5,33.0,23.0,14,4,0
2025-03-21 15:00:00,5771,8.0,32.0,27.0,15,4,0
2025-03-21 16:00:00,5759,8.0,38.0,28.0,16,4,0
2025-03-21 17:00:00,5803,7.2,40.0,23.0,17,4,0
2025-03-21 18:00:00,5838,5.8,39.0,22.0,18,4,0
2025-03-21 19:00:00,5989,4.9,48.0,16.0,19,4,0
2025-03-21 20:00:00,6029,5.4,51.0,24.0,20,4,0
2025-03-21 21:00:00,5908,5.4,53.0,19.0,21,4,0
2025-03-21 22:00:00,5624,5.4,53.0,16.0,22,4,0
2025-03-21 23:00:00,5295,5.5,53.0,16.0,23,4,0
2025-03-22 00:00:00,5019,6.2,52.0,18.0,0,5,1
2025-03-22 01:00:00,4782,6.0,54.0,20.0,1,5,1
2025-03-22 02:00:00,4631,5.6,56.0,13.0,2,5,1
2025-03-22 03:00:00,4540,5.8,55.0,12.0,3,5,1
2025-03-22 04:00:00,4528,5.6,57.0,13.0,4,5,1
2025-03-22 05:00:00,4596,6.3,56.0,19.0,5,5,1
2025-03-22 06:00:00,4671,6.4,57.0,26.0,6,5,1
2025-03-22 07:00:00,4853,6.4,68.0,34.0,7,5,1
2025-03-22 08:00:00,5157,6.3,73.0,27.0,8,5,1
2025-03-22 09:00:00,5465,4.3,86.0,37.0,9,5,1
2025-03-22 10:00:00,5791,2.2,66.0,43.0,10,5,1
2025-03-22 11:00:00,5874,3.4,57.0,45.0,11,5,1
2025-03-22 12:00:00,5853,2.0,57.0,34.0,12,5,1
2025-03-22 13:00:00,5785,0.3,59.0,45.0,13,5,1
2025-03-22 14:00:00,5761,0.4,49.0,45.0,14,5,1
2025-03-22 15:00:00,5678,0.1,45.0,44.0,15,5,1
2025-03-22 16:00:00,5715,-0.8,49.0,37.0,16,5,1
2025-03-22 17:00:00,5769,-1.2,47.0,33.0,17,5,1
2025-03-22 18:00:00,5867,-2.7,46.0,34.0,18,5,1
2025-03-22 19:00:00,6024,-4.0,50.0,38.0,19,5,1
2025-03-22 20:00:00,6093,-4.2,53.0,25.0,20,5,1
2025-03-22 21:00:00,5973,-4.5,58.0,23.0,21,5,1
2025-03-22 22:00:00,5732,-4.7,57.0,24.0,22,5,1
2025-03-22 23:00:00,5498,-5.1,59.0,23.0,23,5,1
2025-03-23 00:00:00,5199,-5.2,61.0,22.0,0,6,1
2025-03-23 01:00:00,4983,-5.1,60.0,17.0,1,6,1
2025-03-23 02:00:00,4849,-5.7,64.0,14.0,2,6,1
2025-03-23 03:00:00,4792,-6.8,69.0,12.0,3,6,1
2025-03-23 04:00:00,4791,-7.2,68.0,9.0,4,6,1
2025-03-23 05:00:00,4857,-6.3,63.0,6.0,5,6,1
2025-03-23 06:00:00,4954,-7.0,69.0,10.0,6,6,1
2025-03-23 07:00:00,5070,-6.2,68.0,7.0,7,6,1
2025-03-23 08:00:00,5203,-4.3,62.0,7.0,8,6,1
2025-03-23 09:00:00,5296,-3.2,51.0,6.0,9,6,1
2025-03-23 10:00:00,5428,-2.2,45.0,9.0,10,6,1
2025-03-23 11:00:00,5536,-1.8,47.0,8.0,11,6,1
2025-03-23 12:00:00,5607,-1.6,49.0,12.0,12,6,1
2025-03-23 13:00:00,5583,-0.9,48.0,13.0,13,6,1
2025-03-23 14:00:00,5572,-0.7,50.0,10.0,14,6,1
2025-03-23 15:00:00,5598,-0.6,52.0,17.0,15,6,1
2025-03-23 16:00:00,5718,-1.5,58.0,20.0,16,6,1
2025-03-23 17:00:00,5936,-1.7,61.0,21.0,17,6,1
2025-03-23 18:00:00,6033,-1.6,63.0,16.0,18,6,1
2025-03-23 19:00:00,6231,-1.8,64.0,20.0,19,6,1
2025-03-23 20:00:00,6202,-1.5,68.0,17.0,20,6,1
2025-03-23 21:00:00,6051,-1.2,72.0,18.0,21,6,1
2025-03-23 22:00:00,5745,-0.8,72.0,16.0,22,6,1
2025-03-23 23:00:00,5439,-0.1,74.0,23.0,23,6,1
2025-03-24 00:00:00,5166,-0.9,100.0,22.0,0,0,0
2025-03-24 01:00:00,4995,-0.1,100.0,20.0,1,0,0
2025-03-24 02:00:00,4878,0.3,100.0,19.0,2,0,0
2025-03-24 03:00:00,4857,0.8,100.0,20.0,3,0,0
2025-03-24 04:00:00,4887,1.2,100.0,18.0,4,0,0
2025-03-24 05:00:00,5100,1.7,100.0,11.0,5,0,0
2025-03-24 06:00:00,5527,2.6,100.0,13.0,6,0,0
2025-03-24 07:00:00,5978,3.5,99.0,14.0,7,0,0
2025-03-24 08:00:00,6096,4.3,91.0,18.0,8,0,0
2025-03-24 09:00:00,6245,4.9,72.0,32.0,9,0,0
2025-03-24 10:00:00,6359,4.9,75.0,29.0,10,0,0
2025-03-24 11:00:00,6444,5.9,75.0,23.0,11,0,0
2025-03-24 12:00:00,6437,3.8,80.0,44.0,12,0,0
2025-03-24 13:00:00,6472,4.2,73.0,26.0,13,0,0
2025-03-24 14:00:00,6501,2.6,84.0,20.0,14,0,0
2025-03-24 15:00:00,6479,4.7,83.0,31.0,15,0,0
2025-03-24 16:00:00,6422,4.1,84.0,30.0,16,0,0
2025-03-24 17:00:00,6452,3.5,83.0,25.0,17,0,0
2025-03-24 18:00:00,6431,2.6,83.0,26.0,18,0,0
2025-03-24 19:00:00,6495,2.0,81.0,29.0,19,0,0
2025-03-24 20:00:00,6504,1.9,79.0,36.0,20,0,0
2025-03-24 21:00:00,6219,1.4,82.0,25.0,21,0,0
2025-03-24 22:00:00,5935,1.4,77.0,34.0,22,0,0
2025-03-24 23:00:00,5553,1.5,75.0,34.0,23,0,0
2025-03-25 00:00:00,5251,1.4,78.0,32.0,0,1,0
2025-03-25 01:00:00,5040,1.5,75.0,32.0,1,1,0
2025-03-25 02:00:00,4882,1.1,77.0,26.0,2,1,0
2025-03-25 03:00:00,4787,0.6,78.0,22.0,3,1,0
2025-03-25 04:00:00,4824,0.9,73.0,23.0,4,1,0
2025-03-25 05:00:00,5040,0.7,76.0,25.0,5,1,0
2025-03-25 06:00:00,5482,0.7,71.0,30.0,6,1,0
2025-03-25 07:00:00,5937,0.9,71.0,23.0,7,1,0
2025-03-25 08:00:00,6142,1.3,68.0,26.0,8,1,0
2025-03-25 09:00:00,6235,1.9,67.0,31.0,9,1,0
2025-03-25 10:00:00,6274,3.7,58.0,36.0,10,1,0
2025-03-25 11:00:00,6295,4.3,55.0,33.0,11,1,0
2025-03-25 12:00:00,6310,3.2,59.0,33.0,12,1,0
2025-03-25 13:00:00,6322,3.3,56.0,31.0,13,1,0
2025-03-25 14:00:00,6309,3.8,55.0,32.0,14,1,0
2025-03-25 15:00:00,6311,3.7,56.0,31.0,15,1,0
2025-03-25 16:00:00,6370,3.2,56.0,32.0,16,1,0
2025-03-25 17:00:00,6416,2.9,61.0,28.0,17,1,0
2025-03-25 18:00:00,6435,1.8,68.0,28.0,18,1,0
2025-03-25 19:00:00,6512,0.9,71.0,22.0,19,1,0
2025-03-25 20:00:00,6528,0.8,71.0,18.0,20,1,0
2025-03-25 21:00:00,6314,0.8,71.0,16.0,21,1,0
2025-03-25 22:00:00,5950,0.4,77.0,19.0,22,1,0
2025-03-25 23:00:00,5585,0.3,68.0,19.0,23,1,0
2025-03-26 00:00:00,5308,0.1,69.0,14.0,0,2,0
2025-03-26 01:00:00,5083,-0.6,70.0,18.0,1,2,0
2025-03-26 02:00:00,4956,-1.3,73.0,16.0,2,2,0
2025-03-26 03:00:00,4927,-2.3,76.0,14.0,3,2,0
2025-03-26 04:00:00,4980,-2.8,78.0,14.0,4,2,0
2025-03-26 05:00:00,5189,-2.8,79.0,12.0,5,2,0
2025-03-26 06:00:00,5619,-2.1,81.0,16.0,6,2,0
2025-03-26 07:00:00,6118,-2.1,83.0,14.0,7,2,0
2025-03-26 08:00:00,6293,-1.0,82.0,17.0,8,2,0
2025-03-26 09:00:00,6320,-1.1,83.0,16.0,9,2,0
2025-03-26 10:00:00,6285,-0.9,87.0,21.0,10,2,0
2025-03-26 11:00:00,6348,1.4,57.0,17.0,11,2,0
2025-03-26 12:00:00,6364,2.8,62.0,15.0,12,2,0
2025-03-26 13:00:00,6282,1.9,60.0,21.0,13,2,0
2025-03-26 14:00:00,6193,2.5,44.0,29.0,14,2,0
2025-03-26 15:00:00,6096,3.5,37.0,22.0,15,2,0
2025-03-26 16:00:00,6147,3.2,39.0,30.0,16,2,0
2025-03-26 17:00:00,6210,2.4,41.0,27.0,17,2,0
2025-03-26 18:00:00,6238,1.5,41.0,30.0,18,2,0
2025-03-26 19:00:00,6389,-0.2,44.0,23.0,19,2,0
2025-03-26 20:00:00,6507,-0.6,43.0,23.0,20,2,0
2025-03-26 21:00:00,6334,-1.5,48.0,20.0,21,2,0
2025-03-26 22:00:00,6006,-2.5,55.0,5.0,22,2,0
2025-03-26 23:00:00,5635,-3.2,59.0,9.0,23,2,0
2025-03-27 00:00:00,5348,-3.3,63.0,9.0,0,3,0
2025-03-27 01:00:00,5138,-3.4,64.0,10.0,1,3,0
2025-03-27 02:00:00,5014,-5.5,72.0,9.0,2,3,0
2025-03-27 03:00:00,4975,-4.3,69.0,8.0,3,3,0
2025-03-27 04:00:00,5037,-5.9,75.0,10.0,4,3,0
2025-03-27 05:00:00,5256,-5.7,76.0,5.0,5,3,0
2025-03-27 06:00:00,5684,-4.7,72.0,7.0,6,3,0
2025-03-27 07:00:00,6098,-2.7,69.0,0.0,7,3,0
2025-03-27 08:00:00,6206,0.3,65.0,11.0,8,3,0
2025-03-27 09:00:00,6178,2.1,60.0,10.0,9,3,0
2025-03-27 10:00:00,6152,4.0,48.0,12.0,10,3,0
2025-03-27 11:00:00,6152,6.9,42.0,20.0,11,3,0
2025-03-27 12:00:00,6067,8.7,35.0,24.0,12,3,0
2025-03-27 13:00:00,6063,9.7,28.0,30.0,13,3,0
2025-03-27 14:00:00,5973,12.1,27.0,29.0,14,3,0
2025-03-27 15:00:00,5935,11.3,27.0,22.0,15,3,0
2025-03-27 16:00:00,6015,11.5,31.0,25.0,16,3,0
2025-03-27 17:00:00,6068,11.1,37.0,26.0,17,3,0
2025-03-27 18:00:00,6051,9.8,42.0,27.0,18,3,0
2025-03-27 19:00:00,6140,7.4,65.0,24.0,19,3,0
2025-03-27 20:00:00,6230,5.8,69.0,12.0,20,3,0
2025-03-27 21:00:00,6010,7.0,65.0,22.0,21,3,0
2025-03-27 22:00:00,5686,6.5,60.0,19.0,22,3,0
2025-03-27 23:00:00,5368,4.7,63.0,14.0,23,3,0
2025-03-28 00:00:00,5131,3.0,61.0,18.0,0,4,0
2025-03-28 01:00:00,4937,2.0,62.0,14.0,1,4,0
2025-03-28 02:00:00,4802,2.0,66.0,13.0,2,4,0
2025-03-28 03:00:00,4766,1.3,73.0,9.0,3,4,0
2025-03-28 04:00:00,4786,1.0,76.0,9.0,4,4,0
2025-03-28 05:00:00,4985,0.8,77.0,8.0,5,4,0
2025-03-28 06:00:00,5377,1.1,75.0,8.0,6,4,0
2025-03-28 07:00:00,5807,1.8,62.0,7.0,7,4,0
2025-03-28 08:00:00,6006,2.1,58.0,10.0,8,4,0
2025-03-28 09:00:00,6208,2.9,56.0,13.0,9,4,0
2025-03-28 10:00:00,6366,2.9,53.0,12.0,10,4,0
2025-03-28 11:00:00,6438,3.6,57.0,10.0,11,4,0
2025-03-28 12:00:00,6400,3.9,60.0,12.0,12,4,0
2025-03-28 13:00:00,6341,3.5,62.0,16.0,13,4,0
2025-03-28 14:00:00,6295,2.9,70.0,16.0,14,4,0
2025-03-28 15:00:00,6312,2.9,70.0,15.0,15,4,0
2025-03-28 16:00:00,6363,2.4,72.0,16.0,16,4,0
2025-03-28 17:00:00,6447,1.7,92.0,10.0,17,4,0
2025-03-28 18:00:00,6438,1.7,97.0,17.0,18,4,0
2025-03-28 19:00:00,6482,1.5,100.0,12.0,19,4,0
2025-03-28 20:00:00,6425,1.4,100.0,12.0,20,4,0
2025-03-28 21:00:00,6249,1.4,100.0,13.0,21,4,0
2025-03-28 22:00:00,5929,1.3,100.0,16.0,22,4,0
2025-03-28 23:00:00,5576,1.2,100.0,17.0,23,4,0
2025-03-29 00:00:00,5295,1.1,100.0,10.0,0,5,1
2025-03-29 01:00:00,4987,0.9,100.0,12.0,1,5,1
2025-03-29 02:00:00,4896,1.1,100.0,27.0,2,5,1
2025-03-29 03:00:00,4805,1.2,100.0,13.0,3,5,1
2025-03-29 04:00:00,4766,0.9,100.0,7.0,4,5,1
2025-03-29 05:00:00,4805,0.8,100.0,11.0,5,5,1
2025-03-29 06:00:00,4947,0.8,100.0,10.0,6,5,1
2025-03-29 07:00:00,5121,1.1,100.0,10.0,7,5,1
2025-03-29 08:00:00,5403,1.5,100.0,9.0,8,5,1
2025-03-29 09:00:00,5722,1.7,100.0,12.0,9,5,1
2025-03-29 10:00:00,5941,1.6,99.0,17.0,10,5,1
2025-03-29 11:00:00,6157,1.5,100.0,17.0,11,5,1
2025-03-29 12:00:00,6199,1.5,98.0,12.0,12,5,1
2025-03-29 13:00:00,6192,1.3,96.0,12.0,13,5,1
2025-03-29 14:00:00,6195,0.9,100.0,14.0,14,5,1
2025-03-29 15:00:00,6169,0.3,100.0,13.0,15,5,1
2025-03-29 16:00:00,6255,-0.2,100.0,17.0,16,5,1
2025-03-29 17:00:00,6335,-0.2,100.0,16.0,17,5,1
2025-03-29 18:00:00,6322,-0.1,100.0,12.0,18,5,1
2025-03-29 19:00:00,6357,-0.3,100.0,21.0,19,5,1
2025-03-29 20:00:00,6273,-0.3,100.0,14.0,20,5,1
2025-03-29 21:00:00,6102,-0.3,100.0,17.0,21,5,1
2025-03-29 22:00:00,5816,-0.2,100.0,14.0,22,5,1
2025-03-29 23:00:00,5541,-0.3,100.0,12.0,23,5,1
2025-03-30 00:00:00,5307,-0.3,100.0,10.0,0,6,1
2025-03-30 01:00:00,5050,-0.3,100.0,11.0,1,6,1
2025-03-30 02:00:00,4914,-0.2,100.0,12.0,2,6,1
2025-03-30 03:00:00,4799,-0.2,100.0,7.0,3,6,1
2025-03-30 04:00:00,4755,0.0,100.0,6.0,4,6,1
2025-03-30 05:00:00,4743,0.1,100.0,9.0,5,6,1
2025-03-30 06:00:00,4874,0.2,100.0,8.0,6,6,1
2025-03-30 07:00:00,5037,0.4,100.0,7.0,7,6,1
2025-03-30 08:00:00,5232,0.6,100.0,6.0,8,6,1
2025-03-30 09:00:00,5444,1.4,100.0,14.0,9,6,1
2025-03-30 10:00:00,5692,2.0,100.0,8.0,10,6,1
2025-03-30 11:00:00,5873,2.5,100.0,9.0,11,6,1
2025-03-30 12:00:00,5932,2.8,100.0,9.0,12,6,1
2025-03-30 13:00:00,5911,3.1,100.0,8.0,13,6,1
2025-03-30 14:00:00,5872,3.5,100.0,7.0,14,6,1
2025-03-30 15:00:00,5860,3.7,100.0,9.0,15,6,1
2025-03-30 16:00:00,5856,3.7,100.0,6.0,16,6,1
2025-03-30 17:00:00,5918,3.5,100.0,7.0,17,6,1
2025-03-30 18:00:00,5922,3.3,100.0,5.0,18,6,1
2025-03-30 19:00:00,5942,3.2,100.0,5.0,19,6,1
2025-03-30 20:00:00,5905,3.1,100.0,8.0,20,6,1
2025-03-30 21:00:00,5730,3.2,100.0,5.0,21,6,1
2025-03-30 22:00:00,5457,3.8,100.0,8.0,22,6,1
2025-03-30 23:00:00,5208,3.5,100.0,9.0,23,6,1
2025-03-31 00:00:00,4912,4.0,100.0,8.0,0,0,0
2025-03-31 01:00:00,4653,4.2,100.0,9.0,1,0,0
2025-03-31 02:00:00,4510,4.5,100.0,0.0,2,0,0
2025-03-31 03:00:00,4457,5.0,100.0,0.0,3,0,0
2025-03-31 04:00:00,4479,6.0,100.0,0.0,4,0,0
2025-03-31 05:00:00,4667,10.6,100.0,13.0,5,0,0
2025-03-31 06:00:00,5089,10.3,100.0,13.0,6,0,0
2025-03-31 07:00:00,5569,11.9,100.0,18.0,7,0,0
2025-03-31 08:00:00,5808,9.2,93.0,42.0,8,0,0
2025-03-31 09:00:00,5970,9.4,81.0,40.0,9,0,0
2025-03-31 10:00:00,6049,8.3,83.0,38.0,10,0,0
2025-03-31 11:00:00,6089,7.3,77.0,32.0,11,0,0
2025-03-31 12:00:00,6071,6.4,72.0,31.0,12,0,0
2025-03-31 13:00:00,5943,6.5,62.0,35.0,13,0,0
2025-03-31 14:00:00,5859,6.5,62.0,36.0,14,0,0
2025-03-31 15:00:00,5915,3.8,67.0,35.0,15,0,0
2025-03-31 16:00:00,6062,2.6,74.0,27.0,16,0,0
2025-03-31 17:00:00,6153,1.8,72.0,28.0,17,0,0
2025-03-31 18:00:00,6138,1.6,71.0,33.0,18,0,0
2025-03-31 19:00:00,6179,1.0,72.0,33.0,19,0,0
2025-03-31 20:00:00,6231,0.7,73.0,35.0,20,0,0
2025-03-31 21:00:00,6048,0.6,72.0,37.0,21,0,0
2025-03-31 22:00:00,5771,0.8,73.0,33.0,22,0,0
2025-03-31 23:00:00,5412,0.9,73.0,26.0,23,0,0
2025-04-01 00:00:00,5096,1.4,67.0,23.0,0,1,0
2025-04-01 01:00:00,4885,1.6,65.0,18.0,1,1,0
2025-04-01 02:00:00,4790,0.7,79.0,24.0,2,1,0
2025-04-01 03:00:00,4749,0.5,70.0,22.0,3,1,0
2025-04-01 04:00:00,4798,0.1,60.0,24.0,4,1,0
2025-04-01 05:00:00,5005,-0.9,72.0,14.0,5,1,0
2025-04-01 06:00:00,5457,-1.3,65.0,14.0,6,1,0
2025-04-01 07:00:00,5894,-0.8,65.0,15.0,7,1,0
2025-04-01 08:00:00,6020,-0.4,57.0,23.0,8,1,0
2025-04-01 09:00:00,6038,0.1,50.0,24.0,9,1,0
2025-04-01 10:00:00,6090,1.0,38.0,35.0,10,1,0
2025-04-01 11:00:00,6103,1.0,33.0,28.0,11,1,0
2025-04-01 12:00:00,6090,2.2,33.0,22.0,12,1,0
2025-04-01 13:00:00,6049,2.5,35.0,24.0,13,1,0
2025-04-01 14:00:00,5990,3.2,30.0,26.0,14,1,0
2025-04-01 15:00:00,5954,2.9,28.0,22.0,15,1,0
2025-04-01 16:00:00,6029,2.9,32.0,21.0,16,1,0
2025-04-01 17:00:00,6038,2.6,38.0,17.0,17,1,0
2025-04-01 18:00:00,6064,1.6,33.0,21.0,18,1,0
2025-04-01 19:00:00,6215,0.2,35.0,18.0,19,1,0
2025-04-01 20:00:00,6413,-0.1,36.0,10.0,20,1,0
2025-04-01 21:00:00,6237,-0.1,37.0,16.0,21,1,0
2025-04-01 22:00:00,5918,-1.0,56.0,18.0,22,1,0
2025-04-01 23:00:00,5531,-1.0,58.0,14.0,23,1,0
2025-04-02 00:00:00,5226,-0.3,44.0,16.0,0,2,0
2025-04-02 01:00:00,5033,-0.1,40.0,19.0,1,2,0
2025-04-02 02:00:00,4896,-0.1,46.0,20.0,2,2,0
2025-04-02 03:00:00,4845,-0.4,51.0,25.0,3,2,0
2025-04-02 04:00:00,4893,-0.8,55.0,23.0,4,2,0
2025-04-02 05:00:00,5104,-0.8,55.0,28.0,5,2,0
2025-04-02 06:00:00,5560,-0.8,61.0,31.0,6,2,0
2025-04-02 07:00:00,6058,-0.8,65.0,21.0,7,2,0
2025-04-02 08:00:00,6267,-0.3,64.0,34.0,8,2,0
2025-04-02 09:00:00,6396,0.3,60.0,32.0,9,2,0
2025-04-02 10:00:00,6519,0.0,64.0,31.0,10,2,0
2025-04-02 11:00:00,6687,0.1,66.0,31.0,11,2,0
2025-04-02 12:00:00,6766,-0.9,80.0,34.0,12,2,0
2025-04-02 13:00:00,6827,-1.7,100.0,37.0,13,2,0
2025-04-02 14:00:00,6824,-0.9,98.0,28.0,14,2,0
2025-04-02 15:00:00,6815,-0.2,100.0,23.0,15,2,0
2025-04-02 16:00:00,6905,0.0,100.0,24.0,16,2,0
2025-04-02 17:00:00,6995,0.3,100.0,32.0,17,2,0
2025-04-02 18:00:00,6938,0.6,100.0,17.0,18,2,0
2025-04-02 19:00:00,6869,1.2,100.0,14.0,19,2,0
2025-04-02 20:00:00,6783,1.8,100.0,21.0,20,2,0
2025-04-02 21:00:00,6502,1.9,100.0,21.0,21,2,0
2025-04-02 22:00:00,6061,2.8,100.0,17.0,22,2,0
2025-04-02 23:00:00,5695,3.3,100.0,10.0,23,2,0
2025-04-03 00:00:00,5351,4.3,100.0,11.0,0,3,0
2025-04-03 01:00:00,5134,3.9,100.0,7.0,1,3,0
2025-04-03 02:00:00,5007,4.5,100.0,15.0,2,3,0
2025-04-03 03:00:00,4904,5.4,100.0,17.0,3,3,0
2025-04-03 04:00:00,4897,5.2,100.0,23.0,4,3,0
2025-04-03 05:00:00,5044,4.4,100.0,8.0,5,3,0
2025-04-03 06:00:00,5434,6.1,100.0,8.0,6,3,0
2025-04-03 07:00:00,5838,11.0,100.0,18.0,7,3,0
2025-04-03 08:00:00,6020,13.7,100.0,19.0,8,3,0
2025-04-03 09:00:00,6057,15.6,98.0,32.0,9,3,0
2025-04-03 10:00:00,6010,17.3,63.0,39.0,10,3,0
2025-04-03 11:00:00,5947,19.0,53.0,40.0,11,3,0
2025-04-03 12:00:00,5859,18.9,45.0,51.0,12,3,0
2025-04-03 13:00:00,5827,19.5,44.0,48.0,13,3,0
2025-04-03 14:00:00,5781,19.8,46.0,37.0,14,3,0
2025-04-03 15:00:00,5769,18.2,49.0,44.0,15,3,0
2025-04-03 16:00:00,5816,17.3,49.0,42.0,16,3,0
2025-04-03 17:00:00,5866,15.4,51.0,45.0,17,3,0
2025-04-03 18:00:00,5849,13.8,52.0,34.0,18,3,0
2025-04-03 19:00:00,5901,11.2,59.0,35.0,19,3,0
2025-04-03 20:00:00,5975,9.2,59.0,40.0,20,3,0
2025-04-03 21:00:00,5849,7.7,59.0,24.0,21,3,0
2025-04-03 22:00:00,5572,6.3,65.0,17.0,22,3,0
2025-04-03 23:00:00,5220,6.2,62.0,21.0,23,3,0
2025-04-04 00:00:00,4933,4.6,68.0,11.0,0,4,0
2025-04-04 01:00:00,4742,5.7,63.0,16.0,1,4,0
2025-04-04 02:00:00,4595,4.7,67.0,15.0,2,4,0
2025-04-04 03:00:00,4560,2.9,69.0,16.0,3,4,0
2025-04-04 04:00:00,4592,2.4,67.0,10.0,4,4,0
2025-04-04 05:00:00,4801,2.7,66.0,19.0,5,4,0
2025-04-04 06:00:00,5200,2.1,73.0,8.0,6,4,0
2025-04-04 07:00:00,5622,2.9,68.0,14.0,7,4,0
2025-04-04 08:00:00,5746,3.8,58.0,19.0,8,4,0
2025-04-04 09:00:00,5796,5.0,57.0,16.0,9,4,0
2025-04-04 10:00:00,5827,5.7,51.0,14.0,10,4,0
2025-04-04 11:00:00,5844,7.1,49.0,11.0,11,4,0
2025-04-04 12:00:00,5824,8.2,47.0,12.0,12,4,0
2025-04-04 13:00:00,5805,9.5,42.0,13.0,13,4,0
2025-04-04 14:00:00,5762,11.0,41.0,8.0,14,4,0
2025-04-04 15:00:00,5767,8.5,50.0,11.0,15,4,0
2025-04-04 16:00:00,5803,7.2,51.0,12.0,16,4,0
2025-04-04 17:00:00,5888,6.6,51.0,15.0,17,4,0
2025-04-04 18:00:00,5849,6.3,52.0,11.0,18,4,0
2025-04-04 19:00:00,5914,6.2,52.0,7.0,19,4,0
2025-04-04 20:00:00,6004,6.3,54.0,7.0,20,4,0
2025-04-04 21:00:00,5859,6.5,53.0,5.0,21,4,0
2025-04-04 22:00:00,5537,6.4,53.0,10.0,22,4,0
2025-04-04 23:00:00,5198,6.6,54.0,12.0,23,4,0
2025-04-05 00:00:00,4902,6.5,53.0,12.0,0,5,1
2025-04-05 01:00:00,4674,6.6,51.0,11.0,1,5,1
2025-04-05 02:00:00,4517,6.3,57.0,17.0,2,5,1
2025-04-05 03:00:00,4432,5.4,62.0,16.0,3,5,1
2025-04-05 04:00:00,4429,5.0,66.0,21.0,4,5,1
2025-04-05 05:00:00,4485,4.8,70.0,20.0,5,5,1
2025-04-05 06:00:00,4658,3.7,86.0,19.0,6,5,1
2025-04-05 07:00:00,4915,3.3,100.0,17.0,7,5,1
2025-04-05 08:00:00,5218,3.8,100.0,12.0,8,5,1
2025-04-05 09:00:00,5481,4.8,100.0,12.0,9,5,1
2025-04-05 10:00:00,5682,5.7,100.0,8.0,10,5,1
2025-04-05 11:00:00,5832,6.0,100.0,5.0,11,5,1
2025-04-05 12:00:00,5833,6.0,100.0,10.0,12,5,1
2025-04-05 13:00:00,5805,6.7,100.0,7.0,13,5,1
2025-04-05 14:00:00,5740,7.3,100.0,7.0,14,5,1
2025-04-05 15:00:00,5672,9.0,100.0,7.0,15,5,1
2025-04-05 16:00:00,5653,10.6,92.0,26.0,16,5,1
2025-04-05 17:00:00,5653,10.1,90.0,26.0,17,5,1
2025-04-05 18:00:00,5629,8.8,83.0,28.0,18,5,1
2025-04-05 19:00:00,5633,7.8,82.0,27.0,19,5,1
2025-04-05 20:00:00,5649,7.0,81.0,17.0,20,5,1
2025-04-05 21:00:00,5547,6.1,81.0,11.0,21,5,1
2025-04-05 22:00:00,5317,5.9,77.0,14.0,22,5,1
2025-04-05 23:00:00,5057,5.6,77.0,17.0,23,5,1
2025-04-06 00:00:00,4804,5.1,76.0,21.0,0,6,1
2025-04-06 01:00:00,4623,4.0,78.0,25.0,1,6,1
2025-04-06 02:00:00,4488,3.2,66.0,30.0,2,6,1
2025-04-06 03:00:00,4412,2.5,50.0,24.0,3,6,1
2025-04-06 04:00:00,4393,2.6,49.0,22.0,4,6,1
2025-04-06 05:00:00,4431,2.0,44.0,32.0,5,6,1
2025-04-06 06:00:00,4584,1.4,52.0,25.0,6,6,1
2025-04-06 07:00:00,4732,0.9,59.0,27.0,7,6,1
2025-04-06 08:00:00,4939,1.1,57.0,31.0,8,6,1
2025-04-06 09:00:00,5089,2.4,57.0,29.0,9,6,1
2025-04-06 10:00:00,5219,2.8,48.0,27.0,10,6,1
2025-04-06 11:00:00,5341,4.7,37.0,30.0,11,6,1
2025-04-06 12:00:00,5347,5.3,31.0,34.0,12,6,1
2025-04-06 13:00:00,5333,6.0,30.0,26.0,13,6,1
2025-04-06 14:00:00,5296,6.0,34.0,27.0,14,6,1
2025-04-06 15:00:00,5297,6.0,25.0,23.0,15,6,1
2025-04-06 16:00:00,5406,5.8,27.0,24.0,16,6,1
2025-04-06 17:00:00,5574,4.8,28.0,20.0,17,6,1
2025-04-06 18:00:00,5661,4.1,29.0,18.0,18,6,1
2025-04-06 19:00:00,5720,3.3,36.0,17.0,19,6,1
2025-04-06 20:00:00,5917,2.6,42.0,14.0,20,6,1
2025-04-06 21:00:00,5804,1.2,49.0,10.0,21,6,1
2025-04-06 22:00:00,5497,1.4,47.0,5.0,22,6,1
2025-04-06 23:00:00,5245,1.4,47.0,0.0,23,6,1
2025-04-07 00:00:00,4965,1.5,48.0,5.0,0,0,0
2025-04-07 01:00:00,4760,1.1,49.0,0.0,1,0,0
2025-04-07 02:00:00,4607,0.8,49.0,0.0,2,0,0
2025-04-07 03:00:00,4571,0.4,56.0,0.0,3,0,0
2025-04-07 04:00:00,4663,0.2,58.0,0.0,4,0,0
2025-04-07 05:00:00,4893,-0.3,58.0,3.0,5,0,0
2025-04-07 06:00:00,5293,0.3,72.0,7.0,6,0,0
2025-04-07 07:00:00,5779,1.4,72.0,8.0,7,0,0
2025-04-07 08:00:00,5911,2.8,64.0,16.0,8,0,0
2025-04-07 09:00:00,5917,4.1,63.0,15.0,9,0,0
2025-04-07 10:00:00,5962,4.6,60.0,11.0,10,0,0
2025-04-07 11:00:00,5960,5.4,50.0,9.0,11,0,0
2025-04-07 12:00:00,5933,6.0,44.0,27.0,12,0,0
2025-04-07 13:00:00,5988,6.2,42.0,17.0,13,0,0
2025-04-07 14:00:00,5915,6.1,48.0,25.0,14,0,0
2025-04-07 15:00:00,5956,5.2,55.0,26.0,15,0,0
2025-04-07 16:00:00,6059,5.5,59.0,8.0,16,0,0
2025-04-07 17:00:00,6169,6.2,48.0,32.0,17,0,0
2025-04-07 18:00:00,6226,2.9,77.0,38.0,18,0,0
2025-04-07 19:00:00,6263,-0.8,68.0,52.0,19,0,0
2025-04-07 20:00:00,6335,-1.8,62.0,48.0,20,0,0
2025-04-07 21:00:00,6181,-2.6,61.0,46.0,21,0,0
2025-04-07 22:00:00,5923,-3.0,60.0,37.0,22,0,0
2025-04-07 23:00:00,5586,-3.7,63.0,42.0,23,0,0
2025-04-08 00:00:00,5306,-3.9,64.0,39.0,0,1,0
2025-04-08 01:00:00,5126,-4.0,60.0,48.0,1,1,0
2025-04-08 02:00:00,5012,-4.2,59.0,53.0,2,1,0
2025-04-08 03:00:00,4984,-4.7,59.0,36.0,3,1,0
2025-04-08 04:00:00,5076,-5.0,61.0,39.0,4,1,0
2025-04-08 05:00:00,5268,-5.1,69.0,33.0,5,1,0
2025-04-08 06:00:00,5709,-5.4,60.0,46.0,6,1,0
2025-04-08 07:00:00,6197,-5.2,56.0,44.0,7,1,0
2025-04-08 08:00:00,6425,-5.0,54.0,51.0,8,1,0
2025-04-08 09:00:00,6508,-4.1,48.0,39.0,9,1,0
2025-04-08 10:00:00,6528,-2.5,44.0,41.0,10,1,0
2025-04-08 11:00:00,6511,-1.8,44.0,43.0,11,1,0
2025-04-08 12:00:00,6486,-0.8,46.0,37.0,12,1,0
2025-04-08 13:00:00,6442,-0.2,45.0,42.0,13,1,0
2025-04-08 14:00:00,6368,0.4,44.0,39.0,14,1,0
2025-04-08 15:00:00,6300,0.6,42.0,42.0,15,1,0
2025-04-08 16:00:00,6353,1.1,44.0,31.0,16,1,0
2025-04-08 17:00:00,6386,0.0,45.0,36.0,17,1,0
2025-04-08 18:00:00,6364,-1.4,45.0,35.0,18,1,0
2025-04-08 19:00:00,6446,-2.3,51.0,28.0,19,1,0
2025-04-08 20:00:00,6618,-2.5,47.0,22.0,20,1,0
2025-04-08 21:00:00,6456,-2.9,49.0,21.0,21,1,0
2025-04-08 22:00:00,6108,-3.4,53.0,16.0,22,1,0
2025-04-08 23:00:00,5749,-4.8,63.0,16.0,23,1,0
2025-04-09 00:00:00,5432,-5.1,68.0,16.0,0,2,0
2025-04-09 01:00:00,5228,-5.9,72.0,12.0,1,2,0
2025-04-09 02:00:00,5062,-5.7,75.0,14.0,2,2,0
2025-04-09 03:00:00,4999,-6.0,77.0,15.0,3,2,0
2025-04-09 04:00:00,5026,-7.2,81.0,11.0,4,2,0
2025-04-09 05:00:00,5236,-6.3,82.0,15.0,5,2,0
2025-04-09 06:00:00,5649,-5.5,77.0,10.0,6,2,0
2025-04-09 07:00:00,6053,-2.9,69.0,14.0,7,2,0
2025-04-09 08:00:00,6157,-0.9,61.0,18.0,8,2,0
2025-04-09 09:00:00,6205,0.4,48.0,23.0,9,2,0
2025-04-09 10:00:00,6312,1.1,39.0,12.0,10,2,0
2025-04-09 11:00:00,6350,2.3,35.0,17.0,11,2,0
2025-04-09 12:00:00,6292,4.2,35.0,17.0,12,2,0
2025-04-09 13:00:00,6220,3.0,35.0,5.0,13,2,0
2025-04-09 14:00:00,6139,5.2,34.0,15.0,14,2,0
2025-04-09 15:00:00,6167,3.7,43.0,16.0,15,2,0
2025-04-09 16:00:00,6203,3.4,48.0,17.0,16,2,0
2025-04-09 17:00:00,6164,4.0,49.0,5.0,17,2,0
2025-04-09 18:00:00,6113,4.4,42.0,9.0,18,2,0
2025-04-09 19:00:00,6179,4.0,44.0,15.0,19,2,0
2025-04-09 20:00:00,6300,3.2,48.0,13.0,20,2,0
2025-04-09 21:00:00,6205,2.2,54.0,8.0,21,2,0
2025-04-09 22:00:00,5890,2.5,54.0,5.0,22,2,0
2025-04-09 23:00:00,5539,1.9,56.0,6.0,23,2,0
2025-04-10 00:00:00,5243,0.3,70.0,8.0,0,3,0
2025-04-10 01:00:00,5047,0.3,74.0,7.0,1,3,0
2025-04-10 02:00:00,4919,-0.3,78.0,8.0,2,3,0
2025-04-10 03:00:00,4874,-0.5,84.0,7.0,3,3,0
2025-04-10 04:00:00,4883,0.3,85.0,7.0,4,3,0
2025-04-10 05:00:00,5086,0.4,84.0,4.0,5,3,0
2025-04-10 06:00:00,5489,0.6,81.0,10.0,6,3,0
2025-04-10 07:00:00,5903,1.2,75.0,14.0,7,3,0
2025-04-10 08:00:00,6154,3.0,62.0,14.0,8,3,0
2025-04-10 09:00:00,6168,3.9,57.0,19.0,9,3,0
2025-04-10 10:00:00,6270,4.5,63.0,15.0,10,3,0
2025-04-10 11:00:00,6336,3.6,61.0,26.0,11,3,0
2025-04-10 12:00:00,6373,3.9,58.0,21.0,12,3,0
2025-04-10 13:00:00,6356,3.7,65.0,22.0,13,3,0
2025-04-10 14:00:00,6344,3.2,66.0,28.0,14,3,0
2025-04-10 15:00:00,6360,1.5,94.0,26.0,15,3,0
2025-04-10 16:00:00,6440,1.6,93.0,24.0,16,3,0
2025-04-10 17:00:00,6470,1.1,98.0,22.0,17,3,0
2025-04-10 18:00:00,6493,0.8,100.0,15.0,18,3,0
2025-04-10 19:00:00,6521,0.9,100.0,13.0,19,3,0
2025-04-10 20:00:00,6570,1.2,100.0,16.0,20,3,0
2025-04-10 21:00:00,6356,1.4,100.0,17.0,21,3,0
2025-04-10 22:00:00,5994,1.5,100.0,20.0,22,3,0
2025-04-10 23:00:00,5607,1.6,100.0,16.0,23,3,0
2025-04-11 00:00:00,5333,1.6,100.0,21.0,0,4,0
2025-04-11 01:00:00,5076,1.5,100.0,18.0,1,4,0
2025-04-11 02:00:00,4980,1.2,100.0,17.0,2,4,0
2025-04-11 03:00:00,4901,1.1,100.0,16.0,3,4,0
2025-04-11 04:00:00,4916,1.1,100.0,20.0,4,4,0
2025-04-11 05:00:00,5101,1.2,100.0,22.0,5,4,0
2025-04-11 06:00:00,5474,1.2,100.0,19.0,6,4,0
2025-04-11 07:00:00,5981,1.4,100.0,20.0,7,4,0
2025-04-11 08:00:00,6225,1.9,100.0,21.0,8,4,0
2025-04-11 09:00:00,6348,2.2,95.0,21.0,9,4,0
2025-04-11 10:00:00,6444,3.2,92.0,25.0,10,4,0
2025-04-11 11:00:00,6447,3.7,89.0,21.0,11,4,0
2025-04-11 12:00:00,6468,4.0,87.0,17.0,12,4,0
2025-04-11 13:00:00,6407,4.4,86.0,14.0,13,4,0
2025-04-11 14:00:00,6347,4.3,85.0,13.0,14,4,0
2025-04-11 15:00:00,6298,4.2,86.0,20.0,15,4,0
2025-04-11 16:00:00,6299,4.4,86.0,17.0,16,4,0
2025-04-11 17:00:00,6270,4.3,91.0,13.0,17,4,0
2025-04-11 18:00:00,6198,4.0,93.0,13.0,18,4,0
2025-04-11 19:00:00,6200,3.7,98.0,18.0,19,4,0
2025-04-11 20:00:00,6285,3.9,99.0,16.0,20,4,0
2025-04-11 21:00:00,6088,3.9,99.0,12.0,21,4,0
2025-04-11 22:00:00,5786,4.0,95.0,13.0,22,4,0
2025-04-11 23:00:00,5446,4.0,93.0,13.0,23,4,0
2025-04-12 00:00:00,5135,3.6,94.0,11.0,0,5,1
2025-04-12 01:00:00,4913,3.4,95.0,9.0,1,5,1
2025-04-12 02:00:00,4749,3.3,95.0,12.0,2,5,1
2025-04-12 03:00:00,4649,3.1,97.0,11.0,3,5,1
2025-04-12 04:00:00,4655,2.8,97.0,13.0,4,5,1
2025-04-12 05:00:00,4712,2.8,97.0,10.0,5,5,1
2025-04-12 06:00:00,4842,3.0,96.0,13.0,6,5,1
2025-04-12 07:00:00,5026,3.5,93.0,16.0,7,5,1
2025-04-12 08:00:00,5307,4.2,88.0,16.0,8,5,1
2025-04-12 09:00:00,5521,6.0,78.0,14.0,9,5,1
2025-04-12 10:00:00,5613,8.3,63.0,16.0,10,5,1
2025-04-12 11:00:00,5698,7.9,62.0,14.0,11,5,1
2025-04-12 12:00:00,5717,8.6,64.0,7.0,12,5,1
2025-04-12 13:00:00,5661,9.7,58.0,10.0,13,5,1
2025-04-12 14:00:00,5579,9.1,65.0,12.0,14,5,1
2025-04-12 15:00:00,5504,8.8,65.0,11.0,15,5,1
2025-04-12 16:00:00,5484,9.2,63.0,11.0,16,5,1
2025-04-12 17:00:00,5560,10.1,59.0,8.0,17,5,1
2025-04-12 18:00:00,5547,7.6,68.0,10.0,18,5,1
2025-04-12 19:00:00,5553,6.3,72.0,12.0,19,5,1
2025-04-12 20:00:00,5725,5.3,77.0,5.0,20,5,1
2025-04-12 21:00:00,5629,5.0,78.0,5.0,21,5,1
2025-04-12 22:00:00,5415,4.7,82.0,0.0,22,5,1
2025-04-12 23:00:00,5160,4.8,81.0,0.0,23,5,1
2025-04-13 00:00:00,4845,2.2,90.0,4.0,0,6,1
2025-04-13 01:00:00,4698,3.9,85.0,4.0,1,6,1
2025-04-13 02:00:00,4565,2.0,91.0,7.0,2,6,1
2025-04-13 03:00:00,4486,0.9,97.0,6.0,3,6,1
2025-04-13 04:00:00,4462,0.7,95.0,0.0,4,6,1
2025-04-13 05:00:00,4477,-1.4,89.0,8.0,5,6,1
2025-04-13 06:00:00,4596,2.0,69.0,5.0,6,6,1
2025-04-13 07:00:00,4662,3.8,63.0,3.0,7,6,1
2025-04-13 08:00:00,4820,6.9,50.0,8.0,8,6,1
2025-04-13 09:00:00,4981,10.5,32.0,8.0,9,6,1
2025-04-13 10:00:00,5099,12.8,26.0,9.0,10,6,1
2025-04-13 11:00:00,5188,12.3,22.0,0.0,11,6,1
2025-04-13 12:00:00,5192,13.4,21.0,8.0,12,6,1
2025-04-13 13:00:00,5190,14.1,29.0,16.0,13,6,1
2025-04-13 14:00:00,5152,13.6,34.0,17.0,14,6,1
2025-04-13 15:00:00,5149,13.0,36.0,14.0,15,6,1
2025-04-13 16:00:00,5203,13.6,29.0,20.0,16,6,1
2025-04-13 17:00:00,5328,12.8,33.0,14.0,17,6,1
2025-04-13 18:00:00,5373,11.9,37.0,16.0,18,6,1
2025-04-13 19:00:00,5451,10.3,46.0,16.0,19,6,1
2025-04-13 20:00:00,5644,9.7,45.0,13.0,20,6,1
2025-04-13 21:00:00,5554,8.0,52.0,10.0,21,6,1
2025-04-13 22:00:00,5282,7.1,60.0,8.0,22,6,1
2025-04-13 23:00:00,4980,7.3,60.0,8.0,23,6,1
2025-04-14 00:00:00,4697,7.3,58.0,9.0,0,0,0
2025-04-14 01:00:00,4504,6.9,60.0,6.0,1,0,0
2025-04-14 02:00:00,4388,7.3,54.0,5.0,2,0,0
2025-04-14 03:00:00,4365,7.1,53.0,7.0,3,0,0
2025-04-14 04:00:00,4400,7.3,52.0,7.0,4,0,0
2025-04-14 05:00:00,4608,6.7,60.0,7.0,5,0,0
2025-04-14 06:00:00,5084,5.6,82.0,8.0,6,0,0
2025-04-14 07:00:00,5552,6.0,87.0,6.0,7,0,0
2025-04-14 08:00:00,5775,6.8,82.0,9.0,8,0,0
2025-04-14 09:00:00,5840,9.1,65.0,17.0,9,0,0
2025-04-14 10:00:00,5866,11.1,57.0,17.0,10,0,0
2025-04-14 11:00:00,5848,11.4,53.0,16.0,11,0,0
2025-04-14 12:00:00,5837,12.9,54.0,13.0,12,0,0
2025-04-14 13:00:00,5904,12.8,53.0,10.0,13,0,0
2025-04-14 14:00:00,5832,14.2,50.0,17.0,14,0,0
2025-04-14 15:00:00,5696,13.8,50.0,17.0,15,0,0
2025-04-14 16:00:00,5788,12.8,53.0,16.0,16,0,0
2025-04-14 17:00:00,5824,14.6,54.0,10.0,17,0,0
2025-04-14 18:00:00,5789,14.4,56.0,8.0,18,0,0
2025-04-14 19:00:00,5798,12.5,63.0,8.0,19,0,0
2025-04-14 20:00:00,5932,12.8,69.0,9.0,20,0,0
2025-04-14 21:00:00,5802,14.6,43.0,23.0,21,0,0
2025-04-14 22:00:00,5453,13.8,41.0,26.0,22,0,0
2025-04-14 23:00:00,5028,11.8,49.0,16.0,23,0,0
2025-04-15 00:00:00,4741,8.4,58.0,9.0,0,1,0
2025-04-15 01:00:00,4501,7.7,63.0,12.0,1,1,0
2025-04-15 02:00:00,4367,7.7,66.0,13.0,2,1,0
2025-04-15 03:00:00,4305,8.4,67.0,9.0,3,1,0
2025-04-15 04:00:00,4390,8.9,64.0,11.0,4,1,0
2025-04-15 05:00:00,4566,9.2,62.0,11.0,5,1,0
2025-04-15 06:00:00,4993,8.3,62.0,27.0,6,1,0
2025-04-15 07:00:00,5482,8.2,61.0,25.0,7,1,0
2025-04-15 08:00:00,5659,8.7,59.0,27.0,8,1,0
2025-04-15 09:00:00,5794,9.3,57.0,41.0,9,1,0
2025-04-15 10:00:00,5874,8.8,67.0,38.0,10,1,0
2025-04-15 11:00:00,5899,8.6,61.0,40.0,11,1,0
2025-04-15 12:00:00,5882,8.4,57.0,45.0,12,1,0
2025-04-15 13:00:00,5877,9.6,50.0,37.0,13,1,0
2025-04-15 14:00:00,5870,6.0,55.0,49.0,14,1,0
2025-04-15 15:00:00,5900,6.1,53.0,50.0,15,1,0
2025-04-15 16:00:00,6016,4.7,58.0,53.0,16,1,0
2025-04-15 17:00:00,6132,4.0,62.0,42.0,17,1,0
2025-04-15 18:00:00,6144,3.1,69.0,39.0,18,1,0
2025-04-15 19:00:00,6212,3.1,66.0,43.0,19,1,0
2025-04-15 20:00:00,6286,3.0,65.0,46.0,20,1,0
2025-04-15 21:00:00,6110,2.5,71.0,31.0,21,1,0
2025-04-15 22:00:00,5761,2.1,72.0,34.0,22,1,0
2025-04-15 23:00:00,5376,2.1,70.0,31.0,23,1,0
2025-04-16 00:00:00,5098,2.2,71.0,32.0,0,2,0
2025-04-16 01:00:00,4906,2.4,67.0,31.0,1,2,0
2025-04-16 02:00:00,4737,2.3,70.0,33.0,2,2,0
2025-04-16 03:00:00,4667,2.4,68.0,31.0,3,2,0
2025-04-16 04:00:00,4677,2.3,68.0,27.0,4,2,0
2025-04-16 05:00:00,4868,2.4,67.0,30.0,5,2,0
2025-04-16 06:00:00,5292,1.8,68.0,30.0,6,2,0
2025-04-16 07:00:00,5736,1.8,63.0,37.0,7,2,0
2025-04-16 08:00:00,5935,2.2,62.0,39.0,8,2,0
2025-04-16 09:00:00,6072,2.2,63.0,39.0,9,2,0
2025-04-16 10:00:00,6191,3.7,57.0,36.0,10,2,0
2025-04-16 11:00:00,6249,3.6,60.0,38.0,11,2,0
2025-04-16 12:00:00,6257,3.8,60.0,38.0,12,2,0
2025-04-16 13:00:00,6231,4.3,62.0,36.0,13,2,0
2025-04-16 14:00:00,6106,5.2,59.0,37.0,14,2,0
2025-04-16 15:00:00,6051,5.3,59.0,41.0,15,2,0
2025-04-16 16:00:00,6060,5.8,56.0,35.0,16,2,0
2025-04-16 17:00:00,6118,5.1,59.0,30.0,17,2,0
2025-04-16 18:00:00,6111,5.0,59.0,27.0,18,2,0
2025-04-16 19:00:00,6124,4.7,58.0,26.0,19,2,0
2025-04-16 20:00:00,6248,3.5,63.0,20.0,20,2,0
2025-04-16 21:00:00,6157,2.8,64.0,20.0,21,2,0
2025-04-16 22:00:00,5824,2.4,61.0,23.0,22,2,0
2025-04-16 23:00:00,5476,2.0,57.0,17.0,23,2,0
2025-04-17 00:00:00,5137,0.7,61.0,13.0,0,3,0
2025-04-17 01:00:00,4949,0.6,61.0,4.0,1,3,0
2025-04-17 02:00:00,4830,-0.2,65.0,14.0,2,3,0
2025-04-17 03:00:00,4759,-1.8,69.0,11.0,3,3,0
2025-04-17 04:00:00,4803,-3.4,78.0,9.0,4,3,0
2025-04-17 05:00:00,4964,-1.1,71.0,8.0,5,3,0
2025-04-17 06:00:00,5394,-1.1,72.0,11.0,6,3,0
2025-04-17 07:00:00,5784,1.6,66.0,17.0,7,3,0
2025-04-17 08:00:00,5891,4.2,56.0,13.0,8,3,0
2025-04-17 09:00:00,5906,5.7,49.0,6.0,9,3,0
2025-04-17 10:00:00,5887,7.4,42.0,3.0,10,3,0
2025-04-17 11:00:00,5878,9.4,32.0,10.0,11,3,0
2025-04-17 12:00:00,5862,10.4,27.0,12.0,12,3,0
2025-04-17 13:00:00,5849,10.4,32.0,21.0,13,3,0
2025-04-17 14:00:00,5760,11.4,28.0,16.0,14,3,0
2025-04-17 15:00:00,5704,11.6,28.0,19.0,15,3,0
2025-04-17 16:00:00,5711,11.4,30.0,16.0,16,3,0
2025-04-17 17:00:00,5688,11.0,33.0,22.0,17,3,0
2025-04-17 18:00:00,5638,10.4,36.0,16.0,18,3,0
2025-04-17 19:00:00,5661,9.6,38.0,12.0,19,3,0
2025-04-17 20:00:00,5786,8.8,42.0,10.0,20,3,0
2025-04-17 21:00:00,5696,8.0,44.0,10.0,21,3,0
2025-04-17 22:00:00,5453,7.6,43.0,9.0,22,3,0
2025-04-17 23:00:00,5103,7.0,46.0,9.0,23,3,0
2025-04-18 00:00:00,4827,6.4,50.0,9.0,0,4,0
2025-04-18 01:00:00,4604,5.5,56.0,5.0,1,4,0
2025-04-18 02:00:00,4445,5.5,54.0,0.0,2,4,0
2025-04-18 03:00:00,4363,6.4,47.0,7.0,3,4,0
2025-04-18 04:00:00,4323,7.0,43.0,8.0,4,4,0
2025-04-18 05:00:00,4373,6.9,47.0,5.0,5,4,0
2025-04-18 06:00:00,4500,7.1,49.0,7.0,6,4,0
2025-04-18 07:00:00,4578,8.0,49.0,8.0,7,4,0
2025-04-18 08:00:00,4745,9.3,45.0,12.0,8,4,0
2025-04-18 09:00:00,4959,10.6,42.0,16.0,9,4,0
2025-04-18 10:00:00,5157,10.8,43.0,9.0,10,4,0
2025-04-18 11:00:00,5355,9.8,64.0,7.0,11,4,0
2025-04-18 12:00:00,5403,11.4,60.0,13.0,12,4,0
2025-04-18 13:00:00,5392,12.4,72.0,0.0,13,4,0
2025-04-18 14:00:00,5201,14.3,58.0,10.0,14,4,0
2025-04-18 15:00:00,5164,10.5,59.0,17.0,15,4,0
2025-04-18 16:00:00,5068,16.7,55.0,11.0,16,4,0
2025-04-18 17:00:00,5049,20.2,56.0,21.0,17,4,0
2025-04-18 18:00:00,5090,19.8,60.0,8.0,18,4,0
2025-04-18 19:00:00,5172,19.9,59.0,6.0,19,4,0
2025-04-18 20:00:00,5237,17.6,65.0,12.0,20,4,0
2025-04-18 21:00:00,5125,12.4,79.0,17.0,21,4,0
2025-04-18 22:00:00,4906,11.7,100.0,8.0,22,4,0
2025-04-18 23:00:00,4659,11.2,96.0,9.0,23,4,0
2025-04-19 00:00:00,4407,12.1,98.0,3.0,0,5,1
2025-04-19 01:00:00,4214,12.8,99.0,8.0,1,5,1
2025-04-19 02:00:00,4075,18.3,74.0,16.0,2,5,1
2025-04-19 03:00:00,3998,18.4,75.0,11.0,3,5,1
2025-04-19 04:00:00,3966,18.0,78.0,17.0,4,5,1
2025-04-19 05:00:00,4003,17.8,82.0,13.0,5,5,1
2025-04-19 06:00:00,4179,17.9,87.0,16.0,6,5,1
2025-04-19 07:00:00,4372,19.0,87.0,12.0,7,5,1
2025-04-19 08:00:00,4611,20.5,82.0,21.0,8,5,1
2025-04-19 09:00:00,4892,21.9,73.0,30.0,9,5,1
2025-04-19 10:00:00,5127,20.9,70.0,33.0,10,5,1
2025-04-19 11:00:00,5258,20.3,69.0,34.0,11,5,1
2025-04-19 12:00:00,5312,17.7,77.0,25.0,12,5,1
2025-04-19 13:00:00,5254,17.6,71.0,35.0,13,5,1
2025-04-19 14:00:00,5155,16.5,69.0,32.0,14,5,1
2025-04-19 15:00:00,5177,14.4,70.0,24.0,15,5,1
2025-04-19 16:00:00,5176,13.3,67.0,31.0,16,5,1
2025-04-19 17:00:00,5135,11.7,67.0,29.0,17,5,1
2025-04-19 18:00:00,5106,9.8,69.0,37.0,18,5,1
2025-04-19 19:00:00,5148,8.6,69.0,36.0,19,5,1
2025-04-19 20:00:00,5259,8.8,67.0,34.0,20,5,1
2025-04-19 21:00:00,5162,7.8,69.0,34.0,21,5,1
2025-04-19 22:00:00,5008,6.5,67.0,26.0,22,5,1
2025-04-19 23:00:00,4768,5.6,70.0,26.0,23,5,1
2025-04-20 00:00:00,4561,5.2,65.0,25.0,0,6,1
2025-04-20 01:00:00,4409,4.4,68.0,21.0,1,6,1
2025-04-20 02:00:00,4280,3.9,74.0,23.0,2,6,1
2025-04-20 03:00:00,4192,3.4,78.0,17.0,3,6,1
2025-04-20 04:00:00,4177,3.5,78.0,23.0,4,6,1
2025-04-20 05:00:00,4247,2.7,71.0,31.0,5,6,1
2025-04-20 06:00:00,4323,2.6,72.0,23.0,6,6,1
2025-04-20 07:00:00,4458,2.9,69.0,29.0,7,6,1
2025-04-20 08:00:00,4634,4.1,64.0,27.0,8,6,1
2025-04-20 09:00:00,4774,5.4,58.0,21.0,9,6,1
2025-04-20 10:00:00,4913,6.6,55.0,16.0,10,6,1
2025-04-20 11:00:00,5030,7.4,54.0,10.0,11,6,1
2025-04-20 12:00:00,5065,8.8,49.0,16.0,12,6,1
2025-04-20 13:00:00,5016,9.1,54.0,16.0,13,6,1
2025-04-20 14:00:00,4972,8.6,54.0,16.0,14,6,1
2025-04-20 15:00:00,4958,9.2,50.0,12.0,15,6,1
2025-04-20 16:00:00,4988,8.4,52.0,17.0,16,6,1
2025-04-20 17:00:00,5045,8.1,52.0,14.0,17,6,1
2025-04-20 18:00:00,5094,7.8,53.0,8.0,18,6,1
2025-04-20 19:00:00,5166,6.9,54.0,11.0,19,6,1
2025-04-20 20:00:00,5369,5.6,57.0,6.0,20,6,1
2025-04-20 21:00:00,5343,5.8,56.0,7.0,21,6,1
2025-04-20 22:00:00,5112,6.6,51.0,8.0,22,6,1
2025-04-20 23:00:00,4860,6.1,50.0,10.0,23,6,1
2025-04-21 00:00:00,4602,6.2,45.0,13.0,0,0,0
2025-04-21 01:00:00,4412,6.4,45.0,8.0,1,0,0
2025-04-21 02:00:00,4293,7.2,37.0,20.0,2,0,0
2025-04-21 03:00:00,4235,6.9,41.0,18.0,3,0,0
2025-04-21 04:00:00,4288,6.1,46.0,18.0,4,0,0
2025-04-21 05:00:00,4484,5.9,50.0,20.0,5,0,0
2025-04-21 06:00:00,4814,5.9,53.0,22.0,6,0,0
2025-04-21 07:00:00,5155,6.4,56.0,23.0,7,0,0
2025-04-21 08:00:00,5494,5.3,77.0,19.0,8,0,0
2025-04-21 09:00:00,5706,6.4,69.0,18.0,9,0,0
2025-04-21 10:00:00,5824,7.6,67.0,18.0,10,0,0
2025-04-21 11:00:00,5958,8.0,66.0,18.0,11,0,0
2025-04-21 12:00:00,6043,8.2,80.0,17.0,12,0,0
2025-04-21 13:00:00,6020,8.0,86.0,14.0,13,0,0
2025-04-21 14:00:00,6005,8.2,100.0,17.0,14,0,0
2025-04-21 15:00:00,5925,9.2,97.0,11.0,15,0,0
2025-04-21 16:00:00,5923,9.5,100.0,18.0,16,0,0
2025-04-21 17:00:00,5858,11.5,98.0,6.0,17,0,0
2025-04-21 18:00:00,5773,12.5,91.0,8.0,18,0,0
2025-04-21 19:00:00,5775,9.4,100.0,11.0,19,0,0
2025-04-21 20:00:00,5910,8.2,100.0,10.0,20,0,0
2025-04-21 21:00:00,5792,9.2,100.0,16.0,21,0,0
2025-04-21 22:00:00,5465,11.1,68.0,38.0,22,0,0
2025-04-21 23:00:00,5101,9.6,68.0,27.0,23,0,0
2025-04-22 00:00:00,4781,10.2,64.0,31.0,0,1,0
2025-04-22 01:00:00,4567,10.0,64.0,35.0,1,1,0
2025-04-22 02:00:00,4412,9.2,65.0,27.0,2,1,0
2025-04-22 03:00:00,4369,8.4,62.0,33.0,3,1,0
2025-04-22 04:00:00,4415,8.0,62.0,20.0,4,1,0
2025-04-22 05:00:00,4591,7.9,63.0,21.0,5,1,0
2025-04-22 06:00:00,5009,8.0,63.0,22.0,6,1,0
2025-04-22 07:00:00,5462,8.3,60.0,30.0,7,1,0
2025-04-22 08:00:00,5664,8.9,56.0,39.0,8,1,0
2025-04-22 09:00:00,5712,10.0,54.0,31.0,9,1,0
2025-04-22 10:00:00,5703,10.7,51.0,31.0,10,1,0
2025-04-22 11:00:00,5758,12.1,47.0,29.0,11,1,0
2025-04-22 12:00:00,5778,12.9,44.0,32.0,12,1,0
2025-04-22 13:00:00,5720,13.4,42.0,29.0,13,1,0
2025-04-22 14:00:00,5701,13.9,40.0,32.0,14,1,0
2025-04-22 15:00:00,5677,14.4,38.0,30.0,15,1,0
2025-04-22 16:00:00,5697,14.0,38.0,28.0,16,1,0
2025-04-22 17:00:00,5719,14.1,38.0,28.0,17,1,0
2025-04-22 18:00:00,5729,13.1,40.0,23.0,18,1,0
2025-04-22 19:00:00,5742,12.4,41.0,23.0,19,1,0
2025-04-22 20:00:00,5854,11.0,48.0,14.0,20,1,0
2025-04-22 21:00:00,5757,10.7,49.0,11.0,21,1,0
2025-04-22 22:00:00,5429,7.7,61.0,15.0,22,1,0
2025-04-22 23:00:00,5086,7.0,62.0,8.0,23,1,0
2025-04-23 00:00:00,4788,6.2,64.0,13.0,0,2,0
2025-04-23 01:00:00,4595,5.8,66.0,7.0,1,2,0
2025-04-23 02:00:00,4431,5.9,67.0,0.0,2,2,0
2025-04-23 03:00:00,4370,5.8,71.0,0.0,3,2,0
2025-04-23 04:00:00,4397,6.2,70.0,3.0,4,2,0
2025-04-23 05:00:00,4580,5.9,71.0,4.0,5,2,0
2025-04-23 06:00:00,4960,6.0,67.0,4.0,6,2,0
2025-04-23 07:00:00,5392,7.3,65.0,6.0,7,2,0
2025-04-23 08:00:00,5575,8.9,54.0,8.0,8,2,0
2025-04-23 09:00:00,5607,13.4,36.0,5.0,9,2,0
2025-04-23 10:00:00,5667,11.9,41.0,9.0,10,2,0
2025-04-23 11:00:00,5677,12.5,39.0,12.0,11,2,0
2025-04-23 12:00:00,5697,13.3,40.0,15.0,12,2,0
2025-04-23 13:00:00,5666,13.5,40.0,14.0,13,2,0
2025-04-23 14:00:00,5660,13.8,39.0,12.0,14,2,0
2025-04-23 15:00:00,5641,14.6,37.0,9.0,15,2,0
2025-04-23 16:00:00,5671,14.8,40.0,10.0,16,2,0
2025-04-23 17:00:00,5726,14.2,38.0,9.0,17,2,0
2025-04-23 18:00:00,5707,11.8,45.0,12.0,18,2,0
2025-04-23 19:00:00,5741,8.9,52.0,11.0,19,2,0
2025-04-23 20:00:00,5852,8.5,55.0,6.0,20,2,0
2025-04-23 21:00:00,5714,8.9,52.0,8.0,21,2,0
2025-04-23 22:00:00,5367,9.5,50.0,13.0,22,2,0
2025-04-23 23:00:00,4983,10.1,47.0,8.0,23,2,0
2025-04-24 00:00:00,4718,10.3,48.0,8.0,0,3,0
2025-04-24 01:00:00,4495,10.1,51.0,8.0,1,3,0
2025-04-24 02:00:00,4349,9.8,48.0,5.0,2,3,0
2025-04-24 03:00:00,4317,8.9,53.0,9.0,3,3,0
2025-04-24 04:00:00,4341,6.8,64.0,0.0,4,3,0
2025-04-24 05:00:00,4510,8.7,57.0,0.0,5,3,0
2025-04-24 06:00:00,4887,9.8,53.0,4.0,6,3,0
2025-04-24 07:00:00,5315,10.5,52.0,7.0,7,3,0
2025-04-24 08:00:00,5526,11.3,49.0,0.0,8,3,0
2025-04-24 09:00:00,5713,12.1,50.0,6.0,9,3,0
2025-04-24 10:00:00,5759,15.3,44.0,7.0,10,3,0
2025-04-24 11:00:00,5774,18.7,40.0,4.0,11,3,0
2025-04-24 12:00:00,5842,16.1,46.0,14.0,12,3,0
2025-04-24 13:00:00,5884,19.9,39.0,10.0,13,3,0
2025-04-24 14:00:00,5831,21.8,37.0,10.0,14,3,0
2025-04-24 15:00:00,5817,21.7,37.0,17.0,15,3,0
2025-04-24 16:00:00,5851,18.3,44.0,16.0,16,3,0
2025-04-24 17:00:00,5880,20.4,42.0,15.0,17,3,0
2025-04-24 18:00:00,5838,17.9,49.0,11.0,18,3,0
2025-04-24 19:00:00,5822,16.6,55.0,4.0,19,3,0
2025-04-24 20:00:00,5876,17.4,54.0,7.0,20,3,0
2025-04-24 21:00:00,5785,15.4,71.0,15.0,21,3,0
2025-04-24 22:00:00,5418,14.9,69.0,15.0,22,3,0
2025-04-24 23:00:00,5045,13.3,70.0,9.0,23,3,0
2025-04-25 00:00:00,4724,11.8,73.0,7.0,0,4,0
2025-04-25 01:00:00,4480,10.7,76.0,9.0,1,4,0
2025-04-25 02:00:00,4340,11.3,74.0,18.0,2,4,0
2025-04-25 03:00:00,4273,11.6,72.0,14.0,3,4,0
2025-04-25 04:00:00,4273,10.5,74.0,15.0,4,4,0
2025-04-25 05:00:00,4437,11.1,70.0,14.0,5,4,0
2025-04-25 06:00:00,4734,11.6,68.0,5.0,6,4,0
2025-04-25 07:00:00,5209,13.6,59.0,4.0,7,4,0
2025-04-25 08:00:00,5480,14.2,61.0,34.0,8,4,0
2025-04-25 09:00:00,5575,14.4,57.0,27.0,9,4,0
2025-04-25 10:00:00,5695,14.5,57.0,26.0,10,4,0
2025-04-25 11:00:00,5790,14.2,60.0,23.0,11,4,0
2025-04-25 12:00:00,5819,14.6,59.0,21.0,12,4,0
2025-04-25 13:00:00,5800,14.8,63.0,22.0,13,4,0
2025-04-25 14:00:00,5732,15.2,63.0,18.0,14,4,0
2025-04-25 15:00:00,5636,16.8,59.0,18.0,15,4,0
2025-04-25 16:00:00,5637,18.0,56.0,16.0,16,4,0
2025-04-25 17:00:00,5692,16.8,52.0,15.0,17,4,0
2025-04-25 18:00:00,5657,14.3,66.0,14.0,18,4,0
2025-04-25 19:00:00,5669,14.1,67.0,9.0,19,4,0
2025-04-25 20:00:00,5759,15.3,68.0,8.0,20,4,0
2025-04-25 21:00:00,5618,14.1,76.0,14.0,21,4,0
2025-04-25 22:00:00,5290,14.7,73.0,3.0,22,4,0
2025-04-25 23:00:00,4960,14.0,70.0,11.0,23,4,0
2025-04-26 00:00:00,4644,13.5,74.0,7.0,0,5,1
2025-04-26 01:00:00,4451,13.6,76.0,5.0,1,5,1
2025-04-26 02:00:00,4285,13.2,82.0,0.0,2,5,1
2025-04-26 03:00:00,4188,12.4,87.0,7.0,3,5,1
2025-04-26 04:00:00,4154,12.2,88.0,7.0,4,5,1
2025-04-26 05:00:00,4202,12.2,90.0,8.0,5,5,1
2025-04-26 06:00:00,4304,13.3,88.0,26.0,6,5,1
2025-04-26 07:00:00,4511,10.8,79.0,37.0,7,5,1
2025-04-26 08:00:00,4815,9.4,75.0,35.0,8,5,1
2025-04-26 09:00:00,5044,9.9,68.0,40.0,9,5,1
2025-04-26 10:00:00,5207,9.5,63.0,37.0,10,5,1
2025-04-26 11:00:00,5283,11.5,55.0,39.0,11,5,1
2025-04-26 12:00:00,5289,10.0,58.0,39.0,12,5,1
2025-04-26 13:00:00,5259,11.2,53.0,45.0,13,5,1
2025-04-26 14:00:00,5253,9.7,56.0,45.0,14,5,1
2025-04-26 15:00:00,5224,9.0,57.0,42.0,15,5,1
2025-04-26 16:00:00,5271,7.8,61.0,41.0,16,5,1
2025-04-26 17:00:00,5320,7.6,62.0,50.0,17,5,1
2025-04-26 18:00:00,5353,6.4,67.0,50.0,18,5,1
2025-04-26 19:00:00,5432,6.2,72.0,42.0,19,5,1
2025-04-26 20:00:00,5520,6.8,72.0,41.0,20,5,1
2025-04-26 21:00:00,5434,7.1,69.0,44.0,21,5,1
2025-04-26 22:00:00,5195,7.5,67.0,40.0,22,5,1
2025-04-26 23:00:00,4923,7.7,64.0,21.0,23,5,1
2025-04-27 00:00:00,4638,7.9,61.0,20.0,0,6,1
2025-04-27 01:00:00,4438,7.8,57.0,24.0,1,6,1
2025-04-27 02:00:00,4289,6.5,58.0,23.0,2,6,1
2025-04-27 03:00:00,4208,5.7,60.0,21.0,3,6,1
2025-04-27 04:00:00,4183,4.6,63.0,22.0,4,6,1
2025-04-27 05:00:00,4244,4.6,57.0,23.0,5,6,1
2025-04-27 06:00:00,4292,6.0,50.0,27.0,6,6,1
2025-04-27 07:00:00,4411,7.4,48.0,26.0,7,6,1
2025-04-27 08:00:00,4585,10.0,40.0,23.0,8,6,1
2025-04-27 09:00:00,4771,12.2,35.0,29.0,9,6,1
2025-04-27 10:00:00,4928,14.4,28.0,28.0,10,6,1
2025-04-27 11:00:00,5032,16.0,23.0,26.0,11,6,1
2025-04-27 12:00:00,5092,16.8,21.0,19.0,12,6,1
2025-04-27 13:00:00,5031,18.8,21.0,26.0,13,6,1
2025-04-27 14:00:00,5030,18.3,22.0,34.0,14,6,1
2025-04-27 15:00:00,5046,18.8,20.0,32.0,15,6,1
2025-04-27 16:00:00,5095,19.0,18.0,26.0,16,6,1
2025-04-27 17:00:00,5206,18.3,17.0,25.0,17,6,1
2025-04-27 18:00:00,5269,17.2,19.0,26.0,18,6,1
2025-04-27 19:00:00,5298,14.6,23.0,22.0,19,6,1
2025-04-27 20:00:00,5372,12.6,27.0,20.0,20,6,1
2025-04-27 21:00:00,5382,11.3,32.0,17.0,21,6,1
2025-04-27 22:00:00,5155,10.8,37.0,17.0,22,6,1
2025-04-27 23:00:00,4844,8.4,48.0,9.0,23,6,1
2025-04-28 00:00:00,4564,7.4,50.0,8.0,0,0,0
2025-04-28 01:00:00,4365,6.1,57.0,13.0,1,0,0
2025-04-28 02:00:00,4256,5.2,61.0,5.0,2,0,0
2025-04-28 03:00:00,4214,5.8,59.0,4.0,3,0,0
2025-04-28 04:00:00,4253,5.6,58.0,5.0,4,0,0
2025-04-28 05:00:00,4470,5.3,63.0,0.0,5,0,0
2025-04-28 06:00:00,4826,6.5,66.0,5.0,6,0,0
2025-04-28 07:00:00,5319,10.4,51.0,4.0,7,0,0
2025-04-28 08:00:00,5526,14.1,40.0,3.0,8,0,0
2025-04-28 09:00:00,5604,16.7,29.0,13.0,9,0,0
2025-04-28 10:00:00,5687,19.3,25.0,15.0,10,0,0
2025-04-28 11:00:00,5728,18.6,31.0,18.0,11,0,0
2025-04-28 12:00:00,5725,19.6,32.0,17.0,12,0,0
2025-04-28 13:00:00,5761,20.0,27.0,17.0,13,0,0
2025-04-28 14:00:00,5711,19.6,25.0,22.0,14,0,0
2025-04-28 15:00:00,5738,20.3,28.0,17.0,15,0,0
2025-04-28 16:00:00,5748,19.5,25.0,18.0,16,0,0
2025-04-28 17:00:00,5757,18.2,29.0,13.0,17,0,0
2025-04-28 18:00:00,5707,15.3,33.0,14.0,18,0,0
2025-04-28 19:00:00,5674,13.2,37.0,18.0,19,0,0
2025-04-28 20:00:00,5735,12.6,39.0,13.0,20,0,0
2025-04-28 21:00:00,5657,12.6,38.0,13.0,21,0,0
2025-04-28 22:00:00,5326,11.7,44.0,7.0,22,0,0
2025-04-28 23:00:00,4965,11.0,51.0,7.0,23,0,0
2025-04-29 00:00:00,4669,9.9,55.0,0.0,0,1,0
2025-04-29 01:00:00,4444,10.1,56.0,4.0,1,1,0
2025-04-29 02:00:00,4306,9.4,59.0,6.0,2,1,0
2025-04-29 03:00:00,4230,9.4,59.0,8.0,3,1,0
2025-04-29 04:00:00,4265,8.9,61.0,11.0,4,1,0
2025-04-29 05:00:00,4426,9.2,62.0,7.0,5,1,0
2025-04-29 06:00:00,4775,16.2,45.0,18.0,6,1,0
2025-04-29 07:00:00,5232,17.6,47.0,15.0,7,1,0
2025-04-29 08:00:00,5466,19.7,49.0,24.0,8,1,0
2025-04-29 09:00:00,5571,21.0,53.0,24.0,9,1,0
2025-04-29 10:00:00,5678,24.5,56.0,41.0,10,1,0
2025-04-29 11:00:00,5880,24.4,60.0,42.0,11,1,0
2025-04-29 12:00:00,5956,25.4,56.0,47.0,12,1,0
2025-04-29 13:00:00,5974,26.3,51.0,33.0,13,1,0
2025-04-29 14:00:00,6062,26.3,52.0,53.0,14,1,0
2025-04-29 15:00:00,6047,26.3,54.0,48.0,15,1,0
2025-04-29 16:00:00,6127,26.2,55.0,48.0,16,1,0
2025-04-29 17:00:00,6199,17.3,88.0,39.0,17,1,0
2025-04-29 18:00:00,5996,20.4,58.0,47.0,18,1,0
2025-04-29 19:00:00,5806,14.1,61.0,37.0,19,1,0
2025-04-29 20:00:00,5720,11.1,58.0,42.0,20,1,0
2025-04-29 21:00:00,5634,8.0,62.0,49.0,21,1,0
2025-04-29 22:00:00,5292,6.2,67.0,44.0,22,1,0
2025-04-29 23:00:00,4956,5.4,70.0,37.0,23,1,0
2025-04-30 00:00:00,4659,5.3,69.0,34.0,0,2,0
2025-04-30 01:00:00,4441,4.8,69.0,28.0,1,2,0
2025-04-30 02:00:00,4295,3.5,73.0,23.0,2,2,0
2025-04-30 03:00:00,4248,2.6,71.0,22.0,3,2,0
2025-04-30 04:00:00,4299,2.1,72.0,24.0,4,2,0
2025-04-30 05:00:00,4492,2.4,72.0,23.0,5,2,0
2025-04-30 06:00:00,4860,2.3,73.0,21.0,6,2,0
2025-04-30 07:00:00,5362,2.7,72.0,16.0,7,2,0
2025-04-30 08:00:00,5594,3.1,69.0,18.0,8,2,0
2025-04-30 09:00:00,5629,4.8,68.0,10.0,9,2,0
2025-04-30 10:00:00,5650,5.8,60.0,11.0,10,2,0
2025-04-30 11:00:00,5682,7.6,56.0,8.0,11,2,0
2025-04-30 12:00:00,5714,8.7,52.0,4.0,12,2,0
2025-04-30 13:00:00,5701,10.1,49.0,10.0,13,2,0
2025-04-30 14:00:00,5634,10.2,54.0,15.0,14,2,0
2025-04-30 15:00:00,5617,12.0,50.0,15.0,15,2,0
2025-04-30 16:00:00,5655,12.2,49.0,11.0,16,2,0
2025-04-30 17:00:00,5758,10.7,53.0,12.0,17,2,0
2025-04-30 18:00:00,5686,10.0,54.0,12.0,18,2,0
2025-04-30 19:00:00,5767,9.0,58.0,11.0,19,2,0
2025-04-30 20:00:00,5858,8.0,53.0,9.0,20,2,0
2025-04-30 21:00:00,5790,8.1,54.0,5.0,21,2,0
2025-04-30 22:00:00,5456,7.7,56.0,0.0,22,2,0
2025-04-30 23:00:00,5097,7.8,54.0,7.0,23,2,0
2025-05-01 00:00:00,4809,8.1,56.0,8.0,0,3,0
2025-05-01 02:00:00,4438,7.4,56.0,7.0,2,3,0
2025-05-01 03:00:00,4388,6.7,53.0,8.0,3,3,0
2025-05-01 04:00:00,4393,6.0,56.0,8.0,4,3,0
2025-05-01 05:00:00,4575,6.5,57.0,10.0,5,3,0
2025-05-01 06:00:00,4905,6.5,56.0,9.0,6,3,0
2025-05-01 07:00:00,5345,7.5,51.0,12.0,7,3,0
2025-05-01 08:00:00,5590,8.3,48.0,10.0,8,3,0
2025-05-01 09:00:00,5718,8.9,50.0,12.0,9,3,0
2025-05-01 10:00:00,5903,8.8,59.0,8.0,10,3,0
2025-05-01 11:00:00,6000,8.6,71.0,21.0,11,3,0
2025-05-01 12:00:00,6002,9.1,64.0,21.0,12,3,0
2025-05-01 13:00:00,6015,9.1,67.0,20.0,13,3,0
2025-05-01 14:00:00,5986,9.2,69.0,14.0,14,3,0
2025-05-01 15:00:00,5977,9.2,74.0,17.0,15,3,0
2025-05-01 16:00:00,5994,9.2,75.0,12.0,16,3,0
2025-05-01 17:00:00,6022,9.2,82.0,8.0,17,3,0
2025-05-01 18:00:00,6021,9.0,91.0,16.0,18,3,0
2025-05-01 19:00:00,5943,10.2,91.0,13.0,19,3,0
2025-05-01 20:00:00,5949,8.8,92.0,22.0,20,3,0
2025-05-01 21:00:00,5809,7.7,95.0,16.0,21,3,0
2025-05-01 22:00:00,5476,8.0,94.0,12.0,22,3,0
2025-05-01 23:00:00,5106,7.9,94.0,9.0,23,3,0
2025-05-02 00:00:00,4824,7.9,96.0,6.0,0,4,0
2025-05-02 01:00:00,4611,8.1,97.0,3.0,1,4,0
2025-05-02 02:00:00,4462,8.2,98.0,9.0,2,4,0
2025-05-02 03:00:00,4396,8.2,98.0,11.0,3,4,0
2025-05-02 04:00:00,4414,7.5,98.0,9.0,4,4,0
2025-05-02 05:00:00,4554,9.9,98.0,8.0,5,4,0
2025-05-02 06:00:00,4917,11.8,97.0,4.0,6,4,0
2025-05-02 07:00:00,5312,14.8,84.0,17.0,7,4,0
2025-05-02 08:00:00,5515,15.2,78.0,25.0,8,4,0
2025-05-02 09:00:00,5651,16.0,67.0,36.0,9,4,0
2025-05-02 10:00:00,5765,16.8,67.0,32.0,10,4,0
2025-05-02 11:00:00,5766,17.1,62.0,29.0,11,4,0
2025-05-02 12:00:00,5812,17.6,61.0,30.0,12,4,0
2025-05-02 13:00:00,5774,18.5,57.0,27.0,13,4,0
2025-05-02 14:00:00,5706,19.1,56.0,29.0,14,4,0
2025-05-02 15:00:00,5651,20.2,52.0,30.0,15,4,0
2025-05-02 16:00:00,5670,19.8,51.0,34.0,16,4,0
2025-05-02 17:00:00,5732,18.6,57.0,25.0,17,4,0
2025-05-02 18:00:00,5605,17.1,60.0,25.0,18,4,0
2025-05-02 19:00:00,5592,14.4,65.0,30.0,19,4,0
2025-05-02 20:00:00,5672,11.9,69.0,27.0,20,4,0
2025-05-02 21:00:00,5613,9.3,73.0,25.0,21,4,0
2025-05-02 22:00:00,5317,8.3,77.0,13.0,22,4,0
2025-05-02 23:00:00,5005,8.0,77.0,14.0,23,4,0
2025-05-03 00:00:00,4713,8.0,74.0,16.0,0,5,1
2025-05-03 01:00:00,4470,7.6,75.0,12.0,1,5,1
2025-05-03 02:00:00,4317,7.2,74.0,18.0,2,5,1
2025-05-03 03:00:00,4212,7.0,75.0,14.0,3,5,1
2025-05-03 04:00:00,4185,6.4,83.0,21.0,4,5,1
2025-05-03 05:00:00,4262,6.3,84.0,15.0,5,5,1
2025-05-03 06:00:00,4353,6.1,88.0,16.0,6,5,1
2025-05-03 07:00:00,4554,6.5,87.0,17.0,7,5,1
2025-05-03 08:00:00,4842,7.4,84.0,18.0,8,5,1
2025-05-03 09:00:00,5085,8.2,77.0,14.0,9,5,1
2025-05-03 10:00:00,5269,9.0,73.0,11.0,10,5,1
2025-05-03 11:00:00,5403,9.4,72.0,9.0,11,5,1
2025-05-03 12:00:00,5449,10.3,71.0,5.0,12,5,1
2025-05-03 13:00:00,5339,10.0,69.0,7.0,13,5,1
2025-05-03 14:00:00,5218,10.5,69.0,10.0,14,5,1
2025-05-03 15:00:00,5184,10.1,73.0,10.0,15,5,1
2025-05-03 16:00:00,5195,9.4,74.0,12.0,16,5,1
2025-05-03 17:00:00,5279,9.6,73.0,10.0,17,5,1
2025-05-03 18:00:00,5282,9.3,74.0,10.0,18,5,1
2025-05-03 19:00:00,5271,8.4,78.0,9.0,19,5,1
2025-05-03 20:00:00,5364,8.2,78.0,0.0,20,5,1
2025-05-03 21:00:00,5329,8.5,76.0,3.0,21,5,1
2025-05-03 22:00:00,5103,7.9,71.0,17.0,22,5,1
2025-05-03 23:00:00,4831,6.5,73.0,21.0,23,5,1
2025-05-04 00:00:00,4564,5.4,76.0,17.0,0,6,1
2025-05-04 01:00:00,4346,5.1,76.0,14.0,1,6,1
2025-05-04 02:00:00,4241,4.9,78.0,16.0,2,6,1
2025-05-04 03:00:00,4148,5.5,76.0,20.0,3,6,1
2025-05-04 04:00:00,4111,5.4,78.0,15.0,4,6,1
2025-05-04 05:00:00,4147,5.7,78.0,17.0,5,6,1
2025-05-04 06:00:00,4198,6.3,78.0,16.0,6,6,1
2025-05-04 07:00:00,4350,7.1,78.0,14.0,7,6,1
2025-05-04 08:00:00,4572,8.4,75.0,13.0,8,6,1
2025-05-04 09:00:00,4772,11.6,64.0,14.0,9,6,1
2025-05-04 10:00:00,4902,14.1,53.0,16.0,10,6,1
2025-05-04 11:00:00,4997,14.4,48.0,21.0,11,6,1
2025-05-04 12:00:00,5100,14.3,46.0,17.0,12,6,1
2025-05-04 13:00:00,5137,13.7,44.0,20.0,13,6,1
2025-05-04 14:00:00,5116,14.5,44.0,17.0,14,6,1
2025-05-04 15:00:00,5128,14.4,47.0,14.0,15,6,1
2025-05-04 16:00:00,5171,14.3,47.0,13.0,16,6,1
2025-05-04 17:00:00,5261,13.8,54.0,10.0,17,6,1
2025-05-04 18:00:00,5357,13.4,58.0,11.0,18,6,1
2025-05-04 19:00:00,5382,13.0,57.0,12.0,19,6,1
2025-05-04 20:00:00,5435,12.5,55.0,9.0,20,6,1
2025-05-04 21:00:00,5371,12.3,59.0,9.0,21,6,1
2025-05-04 22:00:00,5086,12.6,55.0,8.0,22,6,1
2025-05-04 23:00:00,4768,11.9,59.0,9.0,23,6,1
2025-05-05 00:00:00,4497,11.6,61.0,12.0,0,0,0
2025-05-05 01:00:00,4307,13.2,56.0,12.0,1,0,0
2025-05-05 02:00:00,4196,14.5,49.0,14.0,2,0,0
2025-05-05 03:00:00,4142,15.3,46.0,19.0,3,0,0
2025-05-05 04:00:00,4184,15.6,39.0,9.0,4,0,0
2025-05-05 05:00:00,4365,15.4,41.0,14.0,5,0,0
2025-05-05 06:00:00,4759,15.4,47.0,14.0,6,0,0
2025-05-05 07:00:00,5264,14.9,50.0,21.0,7,0,0
2025-05-05 08:00:00,5490,14.9,52.0,18.0,8,0,0
2025-05-05 09:00:00,5602,14.7,58.0,31.0,9,0,0
2025-05-05 10:00:00,5719,14.4,58.0,18.0,10,0,0
2025-05-05 11:00:00,5826,14.7,64.0,28.0,11,0,0
2025-05-05 12:00:00,5906,13.7,72.0,28.0,12,0,0
2025-05-05 13:00:00,5952,13.2,82.0,21.0,13,0,0
2025-05-05 14:00:00,5942,13.3,89.0,23.0,14,0,0
2025-05-05 15:00:00,5907,14.9,84.0,20.0,15,0,0
2025-05-05 16:00:00,5881,16.3,80.0,24.0,16,0,0
2025-05-05 17:00:00,5942,17.5,75.0,23.0,17,0,0
2025-05-05 18:00:00,5884,18.1,71.0,23.0,18,0,0
2025-05-05 19:00:00,5883,17.4,73.0,27.0,19,0,0
2025-05-05 20:00:00,5904,15.9,81.0,27.0,20,0,0
2025-05-05 21:00:00,5772,14.4,91.0,28.0,21,0,0
2025-05-05 22:00:00,5462,14.0,95.0,22.0,22,0,0
2025-05-05 23:00:00,5073,13.8,96.0,21.0,23,0,0
2025-05-06 00:00:00,4716,13.0,97.0,23.0,0,1,0
2025-05-06 01:00:00,4496,12.4,97.0,17.0,1,1,0
2025-05-06 02:00:00,4372,11.9,97.0,18.0,2,1,0
2025-05-06 03:00:00,4314,11.1,97.0,23.0,3,1,0
2025-05-06 04:00:00,4309,10.5,98.0,16.0,4,1,0
2025-05-06 05:00:00,4509,10.4,98.0,8.0,5,1,0
2025-05-06 06:00:00,4904,10.4,97.0,10.0,6,1,0
2025-05-06 07:00:00,5382,8.5,97.0,11.0,7,1,0
2025-05-06 08:00:00,5607,10.6,94.0,6.0,8,1,0
2025-05-06 09:00:00,5675,13.6,83.0,7.0,9,1,0
2025-05-06 10:00:00,5719,15.8,81.0,9.0,10,1,0
2025-05-06 11:00:00,5802,16.7,72.0,17.0,11,1,0
2025-05-06 12:00:00,5846,17.3,66.0,15.0,12,1,0
2025-05-06 13:00:00,5894,17.9,63.0,18.0,13,1,0
2025-05-06 14:00:00,5840,18.6,56.0,15.0,14,1,0
2025-05-06 15:00:00,5819,18.8,55.0,17.0,15,1,0
2025-05-06 16:00:00,5884,19.5,53.0,16.0,16,1,0
2025-05-06 17:00:00,5923,19.9,49.0,9.0,17,1,0
2025-05-06 18:00:00,5871,18.4,53.0,12.0,18,1,0
2025-05-06 19:00:00,5825,18.1,51.0,9.0,19,1,0
2025-05-06 20:00:00,5863,14.4,68.0,8.0,20,1,0
2025-05-06 21:00:00,5804,15.2,69.0,8.0,21,1,0
2025-05-06 22:00:00,5472,15.7,65.0,15.0,22,1,0
2025-05-06 23:00:00,5103,14.8,73.0,28.0,23,1,0
2025-05-07 00:00:00,4761,14.1,77.0,18.0,0,2,0
2025-05-07 01:00:00,4499,13.9,78.0,15.0,1,2,0
2025-05-07 02:00:00,4357,12.5,83.0,14.0,2,2,0
2025-05-07 03:00:00,4226,11.5,87.0,13.0,3,2,0
2025-05-07 04:00:00,4245,11.6,83.0,17.0,4,2,0
2025-05-07 05:00:00,4401,11.7,83.0,15.0,5,2,0
2025-05-07 06:00:00,4747,13.3,77.0,17.0,6,2,0
2025-05-07 07:00:00,5234,14.4,74.0,16.0,7,2,0
2025-05-07 08:00:00,5481,17.1,68.0,24.0,8,2,0
2025-05-07 09:00:00,5619,17.7,69.0,21.0,9,2,0
2025-05-07 10:00:00,5754,19.4,63.0,17.0,10,2,0
2025-05-07 11:00:00,5875,20.7,57.0,15.0,11,2,0
2025-05-07 12:00:00,5938,21.8,47.0,17.0,12,2,0
2025-05-07 13:00:00,5976,22.8,48.0,8.0,13,2,0
2025-05-07 14:00:00,5990,23.0,52.0,8.0,14,2,0
2025-05-07 15:00:00,6017,22.4,53.0,14.0,15,2,0
2025-05-07 16:00:00,6114,19.7,61.0,30.0,16,2,0
2025-05-07 17:00:00,6113,18.6,61.0,28.0,17,2,0
2025-05-07 18:00:00,5960,15.9,66.0,30.0,18,2,0
2025-05-07 19:00:00,5893,14.0,68.0,34.0,19,2,0
2025-05-07 20:00:00,5909,12.0,65.0,27.0,20,2,0
2025-05-07 21:00:00,5837,11.2,64.0,27.0,21,2,0
2025-05-07 22:00:00,5479,9.8,64.0,28.0,22,2,0
2025-05-07 23:00:00,5042,8.5,69.0,27.0,23,2,0
2025-05-08 00:00:00,4672,7.7,73.0,23.0,0,3,0
2025-05-08 01:00:00,4434,7.2,76.0,18.0,1,3,0
2025-05-08 02:00:00,4311,7.5,72.0,28.0,2,3,0
2025-05-08 03:00:00,4237,7.1,70.0,25.0,3,3,0
2025-05-08 04:00:00,4288,7.0,69.0,23.0,4,3,0
2025-05-08 05:00:00,4459,6.8,71.0,23.0,5,3,0
2025-05-08 06:00:00,4861,6.8,72.0,26.0,6,3,0
2025-05-08 07:00:00,5314,7.0,70.0,23.0,7,3,0
2025-05-08 08:00:00,5604,7.2,69.0,21.0,8,3,0
2025-05-08 09:00:00,5712,7.8,66.0,19.0,9,3,0
2025-05-08 10:00:00,5810,8.2,63.0,21.0,10,3,0
2025-05-08 11:00:00,5853,8.7,59.0,19.0,11,3,0
2025-05-08 12:00:00,5860,9.4,62.0,11.0,12,3,0
2025-05-08 13:00:00,5796,10.1,60.0,18.0,13,3,0
2025-05-08 14:00:00,5713,11.8,52.0,10.0,14,3,0
2025-05-08 15:00:00,5669,12.0,49.0,8.0,15,3,0
2025-05-08 16:00:00,5748,11.6,53.0,17.0,16,3,0
2025-05-08 17:00:00,5739,10.3,57.0,13.0,17,3,0
2025-05-08 18:00:00,5676,10.1,57.0,14.0,18,3,0
2025-05-08 19:00:00,5691,9.2,56.0,10.0,19,3,0
2025-05-08 20:00:00,5730,7.8,61.0,5.0,20,3,0
2025-05-08 21:00:00,5748,7.6,55.0,9.0,21,3,0
2025-05-08 22:00:00,5423,7.4,53.0,7.0,22,3,0
2025-05-08 23:00:00,5060,7.3,49.0,7.0,23,3,0
2025-05-09 00:00:00,4815,6.7,52.0,7.0,0,4,0
2025-05-09 01:00:00,4594,6.4,53.0,13.0,1,4,0
2025-05-09 02:00:00,4438,5.4,58.0,18.0,2,4,0
2025-05-09 03:00:00,4401,4.6,63.0,11.0,3,4,0
2025-05-09 04:00:00,4432,4.0,69.0,18.0,4,4,0
2025-05-09 05:00:00,4603,4.3,70.0,19.0,5,4,0
2025-05-09 06:00:00,4921,5.2,67.0,16.0,6,4,0
2025-05-09 07:00:00,5321,7.8,58.0,19.0,7,4,0
2025-05-09 08:00:00,5504,10.6,48.0,16.0,8,4,0
2025-05-09 09:00:00,5589,12.6,40.0,16.0,9,4,0
2025-05-09 10:00:00,5667,12.2,49.0,17.0,10,4,0
2025-05-09 11:00:00,5723,12.4,55.0,14.0,11,4,0
2025-05-09 12:00:00,5712,12.6,53.0,11.0,12,4,0
2025-05-09 13:00:00,5685,13.9,49.0,27.0,13,4,0
2025-05-09 14:00:00,5642,13.9,46.0,16.0,14,4,0
2025-05-09 15:00:00,5610,15.1,39.0,14.0,15,4,0
2025-05-09 16:00:00,5621,15.4,38.0,10.0,16,4,0
2025-05-09 17:00:00,5645,17.1,25.0,22.0,17,4,0
2025-05-09 18:00:00,5627,16.1,23.0,23.0,18,4,0
2025-05-09 19:00:00,5617,15.1,22.0,21.0,19,4,0
2025-05-09 20:00:00,5641,14.1,27.0,17.0,20,4,0
2025-05-09 21:00:00,5592,12.0,35.0,16.0,21,4,0
2025-05-09 22:00:00,5297,10.7,37.0,10.0,22,4,0
2025-05-09 23:00:00,4941,9.8,39.0,15.0,23,4,0
2025-05-10 00:00:00,4695,8.5,45.0,16.0,0,5,1
2025-05-10 01:00:00,4416,7.6,48.0,12.0,1,5,1
2025-05-10 02:00:00,4310,7.2,47.0,13.0,2,5,1
2025-05-10 03:00:00,4198,6.7,46.0,3.0,3,5,1
2025-05-10 04:00:00,4218,6.2,48.0,9.0,4,5,1
2025-05-10 05:00:00,4260,5.2,50.0,10.0,5,5,1
2025-05-10 06:00:00,4346,7.6,38.0,6.0,6,5,1
2025-05-10 07:00:00,4543,9.6,40.0,6.0,7,5,1
2025-05-10 08:00:00,4767,11.2,46.0,5.0,8,5,1
2025-05-10 09:00:00,5006,14.6,36.0,4.0,9,5,1
2025-05-10 10:00:00,5076,18.4,27.0,4.0,10,5,1
2025-05-10 11:00:00,5226,19.8,24.0,5.0,11,5,1
2025-05-10 12:00:00,5261,19.1,31.0,18.0,12,5,1
2025-05-10 13:00:00,5248,20.7,30.0,18.0,13,5,1
2025-05-10 14:00:00,5212,21.3,31.0,19.0,14,5,1
2025-05-10 15:00:00,5222,21.7,31.0,17.0,15,5,1
2025-05-10 16:00:00,5242,22.5,30.0,4.0,16,5,1
2025-05-10 17:00:00,5335,21.0,29.0,27.0,17,5,1
2025-05-10 18:00:00,5330,17.7,36.0,27.0,18,5,1
2025-05-10 19:00:00,5286,16.2,36.0,34.0,19,5,1
2025-05-10 20:00:00,5313,14.0,49.0,26.0,20,5,1
2025-05-10 21:00:00,5298,13.6,50.0,26.0,21,5,1
2025-05-10 22:00:00,5083,12.8,53.0,25.0,22,5,1
2025-05-10 23:00:00,4810,11.4,57.0,28.0,23,5,1
2025-05-11 00:00:00,4470,10.7,55.0,27.0,0,6,1
2025-05-11 01:00:00,4264,9.8,57.0,27.0,1,6,1
2025-05-11 02:00:00,4154,8.6,60.0,20.0,2,6,1
2025-05-11 03:00:00,4050,7.1,65.0,15.0,3,6,1
2025-05-11 04:00:00,4035,6.5,66.0,18.0,4,6,1
2025-05-11 05:00:00,4071,5.2,71.0,14.0,5,6,1
2025-05-11 06:00:00,4099,6.3,64.0,18.0,6,6,1
2025-05-11 07:00:00,4282,7.8,56.0,13.0,7,6,1
2025-05-11 08:00:00,4504,9.3,42.0,16.0,8,6,1
2025-05-11 09:00:00,4705,10.4,36.0,10.0,9,6,1
2025-05-11 10:00:00,4867,12.4,34.0,6.0,10,6,1
2025-05-11 11:00:00,4965,12.0,33.0,16.0,11,6,1
2025-05-11 12:00:00,5005,12.5,24.0,16.0,12,6,1
2025-05-11 13:00:00,4986,12.4,23.0,23.0,13,6,1
2025-05-11 14:00:00,4958,12.6,24.0,19.0,14,6,1
2025-05-11 15:00:00,4967,13.4,23.0,16.0,15,6,1
2025-05-11 16:00:00,5015,13.4,19.0,13.0,16,6,1
2025-05-11 17:00:00,5129,14.0,20.0,10.0,17,6,1
2025-05-11 18:00:00,5182,13.2,15.0,14.0,18,6,1
2025-05-11 19:00:00,5251,12.3,16.0,8.0,19,6,1
2025-05-11 20:00:00,5332,11.4,18.0,10.0,20,6,1
2025-05-11 21:00:00,5408,11.1,18.0,0.0,21,6,1
2025-05-11 22:00:00,5170,10.4,19.0,7.0,22,6,1
2025-05-11 23:00:00,4871,9.9,23.0,5.0,23,6,1
2025-05-12 00:00:00,4566,9.4,29.0,4.0,0,0,0
2025-05-12 01:00:00,4341,9.6,30.0,4.0,1,0,0
2025-05-12 02:00:00,4227,9.0,30.0,7.0,2,0,0
2025-05-12 03:00:00,4183,8.6,35.0,6.0,3,0,0
2025-05-12 04:00:00,4238,8.3,38.0,4.0,4,0,0
2025-05-12 05:00:00,4428,8.5,39.0,5.0,5,0,0
2025-05-12 06:00:00,4788,8.8,42.0,4.0,6,0,0
2025-05-12 07:00:00,5256,9.8,40.0,5.0,7,0,0
2025-05-12 08:00:00,5416,12.2,36.0,4.0,8,0,0
2025-05-12 09:00:00,5531,15.1,35.0,5.0,9,0,0
2025-05-12 10:00:00,5671,18.0,32.0,3.0,10,0,0
2025-05-12 11:00:00,5838,20.0,36.0,11.0,11,0,0
2025-05-12 12:00:00,5924,19.2,37.0,13.0,12,0,0
2025-05-12 13:00:00,5933,21.0,34.0,9.0,13,0,0
2025-05-12 14:00:00,5966,21.5,30.0,12.0,14,0,0
2025-05-12 15:00:00,6023,22.5,29.0,13.0,15,0,0
2025-05-12 16:00:00,6041,24.5,27.0,14.0,16,0,0
2025-05-12 17:00:00,6145,24.8,29.0,16.0,17,0,0
2025-05-12 18:00:00,6109,23.1,33.0,8.0,18,0,0
2025-05-12 19:00:00,6041,20.8,31.0,9.0,19,0,0
2025-05-12 20:00:00,5981,17.2,38.0,10.0,20,0,0
2025-05-12 21:00:00,5882,14.8,42.0,5.0,21,0,0
2025-05-12 22:00:00,5573,15.0,40.0,7.0,22,0,0
2025-05-12 23:00:00,5150,14.9,39.0,3.0,23,0,0
2025-05-13 00:00:00,4786,14.7,46.0,10.0,0,1,0
2025-05-13 01:00:00,4543,16.0,44.0,4.0,1,1,0
2025-05-13 02:00:00,4406,14.8,51.0,8.0,2,1,0
2025-05-13 03:00:00,4312,15.3,48.0,5.0,3,1,0
2025-05-13 04:00:00,4311,15.1,46.0,3.0,4,1,0
2025-05-13 05:00:00,4451,14.8,47.0,5.0,5,1,0
2025-05-13 06:00:00,4760,14.1,56.0,4.0,6,1,0
2025-05-13 07:00:00,5262,15.1,53.0,7.0,7,1,0
2025-05-13 08:00:00,5530,16.1,52.0,7.0,8,1,0
2025-05-13 09:00:00,5694,17.9,51.0,7.0,9,1,0
2025-05-13 10:00:00,5877,20.7,49.0,8.0,10,1,0
2025-05-13 11:00:00,6034,21.1,49.0,9.0,11,1,0
2025-05-13 12:00:00,6124,22.5,56.0,18.0,12,1,0
2025-05-13 13:00:00,6159,24.4,56.0,16.0,13,1,0
2025-05-13 14:00:00,6199,22.1,59.0,16.0,14,1,0
2025-05-13 15:00:00,6211,17.9,82.0,22.0,15,1,0
2025-05-13 16:00:00,6180,19.3,84.0,22.0,16,1,0
2025-05-13 17:00:00,6204,20.6,75.0,18.0,17,1,0
2025-05-13 18:00:00,6157,18.1,90.0,28.0,18,1,0
2025-05-13 19:00:00,6060,17.6,92.0,12.0,19,1,0
2025-05-13 20:00:00,6042,17.0,91.0,12.0,20,1,0
2025-05-13 21:00:00,5907,17.6,89.0,15.0,21,1,0
2025-05-13 22:00:00,5598,17.8,89.0,18.0,22,1,0
2025-05-13 23:00:00,5198,17.8,87.0,16.0,23,1,0
2025-05-14 00:00:00,4863,16.9,90.0,14.0,0,2,0
2025-05-14 01:00:00,4603,16.0,91.0,17.0,1,2,0
2025-05-14 02:00:00,4399,15.4,93.0,21.0,2,2,0
2025-05-14 03:00:00,4305,15.3,92.0,18.0,3,2,0
2025-05-14 04:00:00,4302,14.7,95.0,18.0,4,2,0
2025-05-14 05:00:00,4456,14.2,95.0,18.0,5,2,0
2025-05-14 06:00:00,4786,14.4,95.0,15.0,6,2,0
2025-05-14 07:00:00,5294,14.5,94.0,16.0,7,2,0
2025-05-14 08:00:00,5580,15.1,93.0,17.0,8,2,0
2025-05-14 09:00:00,5724,16.8,85.0,19.0,9,2,0
2025-05-14 10:00:00,5852,18.7,79.0,18.0,10,2,0
2025-05-14 11:00:00,5941,17.8,80.0,17.0,11,2,0
2025-05-14 12:00:00,5955,20.0,73.0,18.0,12,2,0
2025-05-14 13:00:00,5988,19.8,71.0,19.0,13,2,0
2025-05-14 14:00:00,6007,20.5,69.0,18.0,14,2,0
2025-05-14 15:00:00,6055,20.2,67.0,18.0,15,2,0
2025-05-14 16:00:00,6063,19.6,67.0,14.0,16,2,0
2025-05-14 17:00:00,6065,20.6,64.0,14.0,17,2,0
2025-05-14 18:00:00,5999,20.2,64.0,17.0,18,2,0
2025-05-14 19:00:00,5975,18.3,71.0,14.0,19,2,0
2025-05-14 20:00:00,5959,16.8,76.0,15.0,20,2,0
2025-05-14 21:00:00,5917,16.2,80.0,10.0,21,2,0
2025-05-14 22:00:00,5553,16.0,81.0,14.0,22,2,0
2025-05-14 23:00:00,5150,15.8,83.0,10.0,23,2,0
2025-05-15 00:00:00,4827,15.8,84.0,8.0,0,3,0
2025-05-15 01:00:00,4628,15.0,87.0,5.0,1,3,0
2025-05-15 02:00:00,4466,14.7,88.0,6.0,2,3,0
2025-05-15 03:00:00,4361,14.3,90.0,5.0,3,3,0
2025-05-15 04:00:00,4340,14.0,91.0,5.0,4,3,0
2025-05-15 05:00:00,4501,13.8,92.0,3.0,5,3,0
2025-05-15 06:00:00,4817,14.7,90.0,7.0,6,3,0
2025-05-15 07:00:00,5295,15.7,86.0,5.0,7,3,0
2025-05-15 08:00:00,5607,17.5,80.0,8.0,8,3,0
2025-05-15 09:00:00,5777,18.7,73.0,7.0,9,3,0
2025-05-15 10:00:00,5976,19.9,71.0,10.0,10,3,0
2025-05-15 11:00:00,6101,19.2,72.0,12.0,11,3,0
2025-05-15 12:00:00,6223,20.2,69.0,16.0,12,3,0
2025-05-15 13:00:00,6305,21.4,66.0,17.0,13,3,0
2025-05-15 14:00:00,6310,21.6,67.0,13.0,14,3,0
2025-05-15 15:00:00,6362,23.1,59.0,13.0,15,3,0
2025-05-15 16:00:00,6435,22.4,61.0,16.0,16,3,0
2025-05-15 17:00:00,6475,21.6,62.0,16.0,17,3,0
2025-05-15 18:00:00,6391,20.9,61.0,12.0,18,3,0
2025-05-15 19:00:00,6252,18.6,67.0,9.0,19,3,0
2025-05-15 20:00:00,6219,18.1,70.0,9.0,20,3,0
2025-05-15 21:00:00,6157,17.4,71.0,9.0,21,3,0
2025-05-15 22:00:00,5735,16.7,73.0,5.0,22,3,0
2025-05-15 23:00:00,5338,16.2,75.0,5.0,23,3,0
2025-05-16 00:00:00,4943,16.0,76.0,8.0,0,4,0
2025-05-16 01:00:00,4680,15.8,79.0,10.0,1,4,0
2025-05-16 02:00:00,4489,15.9,82.0,9.0,2,4,0
2025-05-16 03:00:00,4394,15.7,84.0,9.0,3,4,0
2025-05-16 04:00:00,4398,15.6,94.0,8.0,4,4,0
2025-05-16 05:00:00,4553,14.8,96.0,29.0,5,4,0
2025-05-16 06:00:00,4854,14.9,94.0,19.0,6,4,0
2025-05-16 07:00:00,5303,14.2,97.0,0.0,7,4,0
2025-05-16 08:00:00,5617,16.7,89.0,0.0,8,4,0
2025-05-16 09:00:00,5853,20.0,79.0,8.0,9,4,0
2025-05-16 10:00:00,6093,22.6,69.0,19.0,10,4,0
2025-05-16 11:00:00,6276,24.3,62.0,17.0,11,4,0
2025-05-16 12:00:00,6418,25.4,58.0,19.0,12,4,0
2025-05-16 13:00:00,6534,25.5,49.0,18.0,13,4,0
2025-05-16 14:00:00,6546,27.1,39.0,33.0,14,4,0
2025-05-16 15:00:00,6595,27.2,34.0,28.0,15,4,0
2025-05-16 16:00:00,6669,27.0,36.0,17.0,16,4,0
2025-05-16 17:00:00,6703,26.6,31.0,16.0,17,4,0
2025-05-16 18:00:00,6617,25.4,34.0,15.0,18,4,0
2025-05-16 19:00:00,6506,24.5,32.0,11.0,19,4,0
2025-05-16 20:00:00,6391,22.6,36.0,5.0,20,4,0
2025-05-16 21:00:00,6280,23.2,35.0,3.0,21,4,0
2025-05-16 22:00:00,5917,21.3,40.0,7.0,22,4,0
2025-05-16 23:00:00,5464,19.8,54.0,8.0,23,4,0
2025-05-17 00:00:00,5087,17.6,66.0,13.0,0,5,1
2025-05-17 01:00:00,4760,17.4,65.0,12.0,1,5,1
2025-05-17 02:00:00,4550,15.5,74.0,11.0,2,5,1
2025-05-17 03:00:00,4412,15.1,82.0,9.0,3,5,1
2025-05-17 04:00:00,4329,15.2,84.0,6.0,4,5,1
2025-05-17 05:00:00,4327,15.2,87.0,6.0,5,5,1
2025-05-17 06:00:00,4342,15.7,84.0,9.0,6,5,1
2025-05-17 07:00:00,4548,16.9,83.0,11.0,7,5,1
2025-05-17 08:00:00,4826,16.4,81.0,9.0,8,5,1
2025-05-17 09:00:00,5137,19.0,72.0,15.0,9,5,1
2025-05-17 10:00:00,5403,20.2,68.0,18.0,10,5,1
2025-05-17 11:00:00,5621,19.2,77.0,20.0,11,5,1
2025-05-17 12:00:00,5647,15.4,87.0,29.0,12,5,1
2025-05-17 13:00:00,5519,17.4,66.0,34.0,13,5,1
2025-05-17 14:00:00,5412,16.1,61.0,36.0,14,5,1
2025-05-17 15:00:00,5354,16.6,64.0,30.0,15,5,1
2025-05-17 16:00:00,5339,16.0,58.0,41.0,16,5,1
2025-05-17 17:00:00,5347,15.2,66.0,27.0,17,5,1
2025-05-17 18:00:00,5243,15.2,62.0,40.0,18,5,1
2025-05-17 19:00:00,5224,14.3,68.0,31.0,19,5,1
2025-05-17 20:00:00,5222,13.8,73.0,29.0,20,5,1
2025-05-17 21:00:00,5209,13.5,77.0,28.0,21,5,1
2025-05-17 22:00:00,4990,13.1,82.0,26.0,22,5,1
2025-05-17 23:00:00,4713,12.7,87.0,24.0,23,5,1
2025-05-18 00:00:00,4403,12.3,89.0,26.0,0,6,1
2025-05-18 01:00:00,4214,12.8,86.0,25.0,1,6,1
2025-05-18 02:00:00,4090,13.2,82.0,26.0,2,6,1
2025-05-18 03:00:00,3970,13.1,82.0,24.0,3,6,1
2025-05-18 04:00:00,3902,13.4,80.0,26.0,4,6,1
2025-05-18 05:00:00,3935,13.3,80.0,28.0,5,6,1
2025-05-18 06:00:00,3965,13.4,77.0,30.0,6,6,1
2025-05-18 07:00:00,4172,14.3,73.0,33.0,7,6,1
2025-05-18 08:00:00,4443,13.5,75.0,27.0,8,6,1
2025-05-18 09:00:00,4677,13.4,73.0,27.0,9,6,1
2025-05-18 10:00:00,4816,14.7,73.0,26.0,10,6,1
2025-05-18 11:00:00,4928,14.9,69.0,29.0,11,6,1
2025-05-18 12:00:00,4955,15.9,65.0,28.0,12,6,1
2025-05-18 13:00:00,4947,15.8,63.0,29.0,13,6,1
2025-05-18 14:00:00,4901,15.8,64.0,31.0,14,6,1
2025-05-18 15:00:00,4910,16.6,60.0,32.0,15,6,1
2025-05-18 16:00:00,4927,13.0,64.0,27.0,16,6,1
2025-05-18 17:00:00,4993,11.9,65.0,32.0,17,6,1
2025-05-18 18:00:00,5008,11.2,66.0,26.0,18,6,1
2025-05-18 19:00:00,4990,10.8,66.0,33.0,19,6,1
2025-05-18 20:00:00,5046,10.7,64.0,21.0,20,6,1
2025-05-18 21:00:00,5074,10.8,65.0,18.0,21,6,1
2025-05-18 22:00:00,4870,10.7,66.0,20.0,22,6,1
2025-05-18 23:00:00,4622,10.6,65.0,27.0,23,6,1
2025-05-19 00:00:00,4372,10.1,68.0,18.0,0,0,0
2025-05-19 01:00:00,4124,9.9,68.0,22.0,1,0,0
2025-05-19 02:00:00,3971,9.8,67.0,18.0,2,0,0
2025-05-19 03:00:00,3889,9.7,67.0,18.0,3,0,0
2025-05-19 04:00:00,3848,9.7,68.0,19.0,4,0,0
2025-05-19 05:00:00,3875,9.2,69.0,24.0,5,0,0
2025-05-19 06:00:00,3931,9.0,71.0,21.0,6,0,0
2025-05-19 07:00:00,4056,9.2,69.0,21.0,7,0,0
2025-05-19 08:00:00,4263,8.6,71.0,18.0,8,0,0
2025-05-19 09:00:00,4470,9.2,67.0,20.0,9,0,0
2025-05-19 10:00:00,4607,10.3,61.0,22.0,10,0,0
2025-05-19 11:00:00,4725,11.1,55.0,18.0,11,0,0
2025-05-19 12:00:00,4778,12.9,57.0,24.0,12,0,0
2025-05-19 13:00:00,4762,13.2,49.0,23.0,13,0,0
2025-05-19 14:00:00,4731,12.8,47.0,24.0,14,0,0
2025-05-19 15:00:00,4743,13.4,48.0,32.0,15,0,0
2025-05-19 16:00:00,4840,13.4,44.0,29.0,16,0,0
2025-05-19 17:00:00,4987,12.6,47.0,29.0,17,0,0
2025-05-19 18:00:00,5049,11.5,49.0,28.0,18,0,0
2025-05-19 19:00:00,5076,10.1,50.0,26.0,19,0,0
2025-05-19 20:00:00,5120,9.0,51.0,25.0,20,0,0
2025-05-19 21:00:00,5181,8.0,52.0,27.0,21,0,0
2025-05-19 22:00:00,4936,7.2,57.0,23.0,22,0,0
2025-05-19 23:00:00,4650,6.3,65.0,23.0,23,0,0
2025-05-20 00:00:00,4375,5.7,68.0,23.0,0,1,0
2025-05-20 01:00:00,4186,5.2,70.0,16.0,1,1,0
2025-05-20 02:00:00,4068,4.4,74.0,17.0,2,1,0
2025-05-20 03:00:00,4027,3.8,75.0,15.0,3,1,0
2025-05-20 04:00:00,4059,3.7,73.0,11.0,4,1,0
2025-05-20 05:00:00,4228,3.2,76.0,11.0,5,1,0
2025-05-20 06:00:00,4627,4.7,72.0,12.0,6,1,0
2025-05-20 07:00:00,5111,7.0,65.0,13.0,7,1,0
2025-05-20 08:00:00,5343,9.1,53.0,12.0,8,1,0
2025-05-20 09:00:00,5451,10.6,51.0,6.0,9,1,0
2025-05-20 10:00:00,5541,11.9,48.0,16.0,10,1,0
2025-05-20 11:00:00,5612,13.2,46.0,9.0,11,1,0
2025-05-20 12:00:00,5648,12.8,47.0,16.0,12,1,0
2025-05-20 13:00:00,5650,12.2,45.0,19.0,13,1,0
2025-05-20 14:00:00,5619,13.1,45.0,13.0,14,1,0
2025-05-20 15:00:00,5616,12.8,48.0,14.0,15,1,0
2025-05-20 16:00:00,5650,13.8,47.0,15.0,16,1,0
2025-05-20 17:00:00,5705,12.8,48.0,15.0,17,1,0
2025-05-20 18:00:00,5669,12.3,49.0,16.0,18,1,0
2025-05-20 19:00:00,5641,11.2,52.0,20.0,19,1,0
2025-05-20 20:00:00,5672,10.1,54.0,20.0,20,1,0
2025-05-20 21:00:00,5677,9.7,60.0,18.0,21,1,0
2025-05-20 22:00:00,5361,9.7,62.0,14.0,22,1,0
2025-05-20 23:00:00,4981,9.3,65.0,14.0,23,1,0
2025-05-21 00:00:00,4660,9.0,67.0,14.0,0,2,0
2025-05-21 01:00:00,4440,8.9,66.0,12.0,1,2,0
2025-05-21 02:00:00,4319,9.0,67.0,12.0,2,2,0
2025-05-21 03:00:00,4225,9.3,67.0,16.0,3,2,0
2025-05-21 04:00:00,4266,9.2,73.0,17.0,4,2,0
2025-05-21 05:00:00,4432,9.3,75.0,19.0,5,2,0
2025-05-21 06:00:00,4798,9.6,74.0,29.0,6,2,0
2025-05-21 07:00:00,5288,9.9,74.0,27.0,7,2,0
2025-05-21 08:00:00,5549,10.0,75.0,25.0,8,2,0
2025-05-21 09:00:00,5675,9.7,77.0,32.0,9,2,0
2025-05-21 10:00:00,5782,10.1,76.0,25.0,10,2,0
2025-05-21 11:00:00,5875,10.0,78.0,32.0,11,2,0
2025-05-21 12:00:00,5978,9.2,88.0,23.0,12,2,0
2025-05-21 13:00:00,5993,9.5,91.0,24.0,13,2,0
2025-05-21 14:00:00,6027,9.6,94.0,26.0,14,2,0
2025-05-21 15:00:00,6058,9.6,95.0,25.0,15,2,0
2025-05-21 16:00:00,6089,9.6,95.0,28.0,16,2,0
2025-05-21 17:00:00,6084,9.6,96.0,26.0,17,2,0
2025-05-21 18:00:00,6031,9.7,96.0,24.0,18,2,0
2025-05-21 19:00:00,6013,9.6,96.0,18.0,19,2,0
2025-05-21 20:00:00,6000,9.4,96.0,24.0,20,2,0
2025-05-21 21:00:00,5821,8.9,96.0,23.0,21,2,0
2025-05-21 22:00:00,5527,8.6,96.0,21.0,22,2,0
2025-05-21 23:00:00,5127,8.3,96.0,25.0,23,2,0
2025-05-22 00:00:00,4852,7.8,96.0,25.0,0,3,0
2025-05-22 01:00:00,4641,7.9,96.0,26.0,1,3,0
2025-05-22 02:00:00,4522,7.5,96.0,23.0,2,3,0
2025-05-22 03:00:00,4463,7.4,96.0,25.0,3,3,0
2025-05-22 04:00:00,4446,7.4,97.0,23.0,4,3,0
2025-05-22 05:00:00,4606,7.3,97.0,21.0,5,3,0
2025-05-22 06:00:00,4967,7.4,97.0,25.0,6,3,0
2025-05-22 07:00:00,5472,7.4,96.0,24.0,7,3,0
2025-05-22 08:00:00,5763,8.0,96.0,17.0,8,3,0
2025-05-22 09:00:00,5944,8.6,97.0,17.0,9,3,0
2025-05-22 10:00:00,6084,8.8,97.0,16.0,10,3,0
2025-05-22 11:00:00,6130,9.2,97.0,13.0,11,3,0
2025-05-22 12:00:00,6182,9.5,97.0,15.0,12,3,0
2025-05-22 13:00:00,6128,10.1,97.0,15.0,13,3,0
2025-05-22 14:00:00,6050,9.7,97.0,15.0,14,3,0
2025-05-22 15:00:00,6079,9.2,97.0,16.0,15,3,0
2025-05-22 16:00:00,6076,9.9,97.0,14.0,16,3,0
2025-05-22 17:00:00,6069,9.5,97.0,16.0,17,3,0
2025-05-22 18:00:00,6005,8.9,97.0,15.0,18,3,0
2025-05-22 19:00:00,5980,8.9,97.0,11.0,19,3,0
2025-05-22 20:00:00,5974,8.6,97.0,14.0,20,3,0
2025-05-22 21:00:00,5874,8.7,97.0,10.0,21,3,0
2025-05-22 22:00:00,5550,8.9,97.0,11.0,22,3,0
2025-05-22 23:00:00,5165,9.0,97.0,9.0,23,3,0
2025-05-23 00:00:00,4843,9.3,97.0,7.0,0,4,0
2025-05-23 01:00:00,4627,9.7,95.0,11.0,1,4,0
2025-05-23 02:00:00,4522,8.8,94.0,24.0,2,4,0
2025-05-23 03:00:00,4410,8.8,90.0,21.0,3,4,0
2025-05-23 04:00:00,4439,8.6,89.0,22.0,4,4,0
2025-05-23 05:00:00,4600,8.3,88.0,21.0,5,4,0
2025-05-23 06:00:00,4914,8.2,87.0,19.0,6,4,0
2025-05-23 07:00:00,5432,8.8,83.0,23.0,7,4,0
2025-05-23 08:00:00,5674,9.2,80.0,23.0,8,4,0
2025-05-23 09:00:00,5842,10.7,72.0,30.0,9,4,0
2025-05-23 10:00:00,5936,11.1,69.0,32.0,10,4,0
2025-05-23 11:00:00,5995,11.4,76.0,28.0,11,4,0
2025-05-23 12:00:00,5973,11.7,66.0,34.0,12,4,0
2025-05-23 13:00:00,5939,12.1,66.0,30.0,13,4,0
2025-05-23 14:00:00,5898,11.8,68.0,37.0,14,4,0
2025-05-23 15:00:00,5861,11.7,69.0,31.0,15,4,0
2025-05-23 16:00:00,5853,11.6,71.0,29.0,16,4,0
2025-05-23 17:00:00,5864,11.2,70.0,32.0,17,4,0
2025-05-23 18:00:00,5816,11.2,72.0,25.0,18,4,0
2025-05-23 19:00:00,5795,11.2,71.0,34.0,19,4,0
2025-05-23 20:00:00,5824,9.9,87.0,18.0,20,4,0
2025-05-23 21:00:00,5772,9.7,80.0,24.0,21,4,0
2025-05-23 22:00:00,5498,9.7,79.0,21.0,22,4,0
2025-05-23 23:00:00,5138,9.9,77.0,18.0,23,4,0
2025-05-24 00:00:00,4844,9.9,75.0,21.0,0,5,1
2025-05-24 01:00:00,4600,9.1,79.0,18.0,1,5,1
2025-05-24 02:00:00,4435,8.7,81.0,17.0,2,5,1
2025-05-24 03:00:00,4350,8.8,81.0,20.0,3,5,1
2025-05-24 04:00:00,4320,9.1,81.0,17.0,4,5,1
2025-05-24 05:00:00,4352,9.2,81.0,20.0,5,5,1
2025-05-24 06:00:00,4434,9.7,80.0,26.0,6,5,1
2025-05-24 07:00:00,4642,10.3,80.0,19.0,7,5,1
2025-05-24 08:00:00,4883,11.3,76.0,23.0,8,5,1
2025-05-24 09:00:00,5112,12.1,70.0,23.0,9,5,1
2025-05-24 10:00:00,5270,12.4,68.0,21.0,10,5,1
2025-05-24 11:00:00,5369,12.3,69.0,19.0,11,5,1
2025-05-24 12:00:00,5401,13.0,65.0,27.0,12,5,1
2025-05-24 13:00:00,5382,14.2,62.0,36.0,13,5,1
2025-05-24 14:00:00,5303,15.6,57.0,31.0,14,5,1
2025-05-24 15:00:00,5249,15.7,56.0,37.0,15,5,1
2025-05-24 16:00:00,5223,15.7,60.0,31.0,16,5,1
2025-05-24 17:00:00,5332,12.7,74.0,27.0,17,5,1
2025-05-24 18:00:00,5304,12.7,65.0,39.0,18,5,1
2025-05-24 19:00:00,5250,12.5,65.0,26.0,19,5,1
2025-05-24 20:00:00,5234,11.5,68.0,20.0,20,5,1
2025-05-24 21:00:00,5283,10.1,73.0,12.0,21,5,1
2025-05-24 22:00:00,5148,8.2,82.0,13.0,22,5,1
2025-05-24 23:00:00,4895,6.8,87.0,15.0,23,5,1
2025-05-25 00:00:00,4611,7.7,84.0,16.0,0,6,1
2025-05-25 01:00:00,4440,6.8,86.0,14.0,1,6,1
2025-05-25 02:00:00,4290,8.0,81.0,16.0,2,6,1
2025-05-25 03:00:00,4202,8.1,79.0,16.0,3,6,1
2025-05-25 04:00:00,4152,7.2,83.0,14.0,4,6,1
2025-05-25 05:00:00,4164,7.7,82.0,16.0,5,6,1
2025-05-25 06:00:00,4190,9.3,76.0,17.0,6,6,1
2025-05-25 07:00:00,4344,11.1,71.0,19.0,7,6,1
2025-05-25 08:00:00,4523,12.8,69.0,11.0,8,6,1
2025-05-25 09:00:00,4755,14.9,62.0,18.0,9,6,1
2025-05-25 10:00:00,4955,16.4,57.0,16.0,10,6,1
2025-05-25 11:00:00,5105,17.8,57.0,15.0,11,6,1
2025-05-25 12:00:00,5209,16.9,52.0,28.0,12,6,1
2025-05-25 13:00:00,5263,14.4,64.0,27.0,13,6,1
2025-05-25 14:00:00,5276,12.9,74.0,17.0,14,6,1
2025-05-25 15:00:00,5292,12.1,85.0,22.0,15,6,1
2025-05-25 16:00:00,5336,12.1,81.0,16.0,16,6,1
2025-05-25 17:00:00,5298,15.0,71.0,13.0,17,6,1
2025-05-25 18:00:00,5282,14.5,64.0,17.0,18,6,1
2025-05-25 19:00:00,5286,14.5,66.0,16.0,19,6,1
2025-05-25 20:00:00,5337,13.2,72.0,11.0,20,6,1
2025-05-25 21:00:00,5448,12.8,74.0,13.0,21,6,1
2025-05-25 22:00:00,5226,11.8,74.0,13.0,22,6,1
2025-05-25 23:00:00,4887,11.3,78.0,13.0,23,6,1
2025-05-26 00:00:00,4602,9.4,87.0,14.0,0,0,0
2025-05-26 01:00:00,4392,9.4,81.0,18.0,1,0,0
2025-05-26 02:00:00,4273,9.0,81.0,14.0,2,0,0
2025-05-26 03:00:00,4208,7.6,84.0,9.0,3,0,0
2025-05-26 04:00:00,4243,7.8,84.0,7.0,4,0,0
2025-05-26 05:00:00,4414,7.4,84.0,8.0,5,0,0
2025-05-26 06:00:00,4772,9.5,82.0,0.0,6,0,0
2025-05-26 07:00:00,5249,11.7,71.0,10.0,7,0,0
2025-05-26 08:00:00,5469,13.9,68.0,9.0,8,0,0
2025-05-26 09:00:00,5607,15.8,59.0,5.0,9,0,0
2025-05-26 10:00:00,5757,18.0,63.0,5.0,10,0,0
2025-05-26 11:00:00,5835,19.0,48.0,4.0,11,0,0
2025-05-26 12:00:00,5897,20.5,50.0,5.0,12,0,0
2025-05-26 13:00:00,5929,20.2,48.0,15.0,13,0,0
2025-05-26 14:00:00,5945,21.1,46.0,14.0,14,0,0
2025-05-26 15:00:00,5982,20.0,45.0,13.0,15,0,0
2025-05-26 16:00:00,6011,18.2,49.0,16.0,16,0,0
2025-05-26 17:00:00,6016,20.0,43.0,16.0,17,0,0
2025-05-26 18:00:00,6004,19.6,37.0,14.0,18,0,0
2025-05-26 19:00:00,5942,18.7,36.0,0.0,19,0,0
2025-05-26 20:00:00,5886,18.4,35.0,0.0,20,0,0
2025-05-26 21:00:00,5821,17.5,38.0,3.0,21,0,0
2025-05-26 22:00:00,5533,16.4,42.0,0.0,22,0,0
2025-05-26 23:00:00,5114,14.2,56.0,10.0,23,0,0
2025-05-27 00:00:00,4765,13.1,66.0,10.0,0,1,0
2025-05-27 01:00:00,4526,13.1,64.0,9.0,1,1,0
2025-05-27 02:00:00,4368,12.3,66.0,6.0,2,1,0
2025-05-27 03:00:00,4290,11.4,69.0,9.0,3,1,0
2025-05-27 04:00:00,4286,11.3,69.0,5.0,4,1,0
2025-05-27 05:00:00,4426,11.1,68.0,4.0,5,1,0
2025-05-27 06:00:00,4742,12.7,69.0,6.0,6,1,0
2025-05-27 07:00:00,5200,15.6,55.0,5.0,7,1,0
2025-05-27 08:00:00,5459,17.2,53.0,7.0,8,1,0
2025-05-27 09:00:00,5635,18.8,45.0,10.0,9,1,0
2025-05-27 10:00:00,5806,19.9,42.0,7.0,10,1,0
2025-05-27 11:00:00,5923,20.2,45.0,13.0,11,1,0
2025-05-27 12:00:00,6027,20.3,34.0,11.0,12,1,0
2025-05-27 13:00:00,6065,21.0,35.0,12.0,13,1,0
2025-05-27 14:00:00,6059,20.9,35.0,14.0,14,1,0
2025-05-27 15:00:00,6051,20.9,39.0,12.0,15,1,0
2025-05-27 16:00:00,6084,21.3,43.0,9.0,16,1,0
2025-05-27 17:00:00,6112,20.9,41.0,6.0,17,1,0
2025-05-27 18:00:00,5999,20.7,41.0,8.0,18,1,0
2025-05-27 19:00:00,5947,19.9,39.0,10.0,19,1,0
2025-05-27 20:00:00,5901,15.8,54.0,9.0,20,1,0
2025-05-27 21:00:00,5808,15.5,52.0,0.0,21,1,0
2025-05-27 22:00:00,5521,14.7,54.0,0.0,22,1,0
2025-05-27 23:00:00,5074,12.9,60.0,0.0,23,1,0
2025-05-28 00:00:00,4727,13.9,54.0,8.0,0,2,0
2025-05-28 01:00:00,4461,13.4,55.0,8.0,1,2,0
2025-05-28 02:00:00,4290,12.4,61.0,6.0,2,2,0
2025-05-28 03:00:00,4215,12.2,63.0,5.0,3,2,0
2025-05-28 04:00:00,4221,11.2,70.0,10.0,4,2,0
2025-05-28 05:00:00,4327,10.5,74.0,10.0,5,2,0
2025-05-28 06:00:00,4675,12.5,70.0,7.0,6,2,0
2025-05-28 07:00:00,5172,15.6,63.0,13.0,7,2,0
2025-05-28 08:00:00,5442,16.2,56.0,22.0,8,2,0
2025-05-28 09:00:00,5617,16.5,59.0,14.0,9,2,0
2025-05-28 10:00:00,5755,17.1,59.0,23.0,10,2,0
2025-05-28 11:00:00,5878,15.6,63.0,16.0,11,2,0
2025-05-28 12:00:00,5904,13.8,83.0,14.0,12,2,0
2025-05-28 13:00:00,5927,15.6,67.0,19.0,13,2,0
2025-05-28 14:00:00,5885,15.5,73.0,15.0,14,2,0
2025-05-28 15:00:00,5833,13.2,84.0,19.0,15,2,0
2025-05-28 16:00:00,5862,12.9,92.0,22.0,16,2,0
2025-05-28 17:00:00,5883,12.9,94.0,15.0,17,2,0
2025-05-28 18:00:00,5831,13.0,95.0,17.0,18,2,0
2025-05-28 19:00:00,5857,12.7,96.0,16.0,19,2,0
2025-05-28 20:00:00,5861,12.5,97.0,14.0,20,2,0
2025-05-28 21:00:00,5737,12.3,97.0,14.0,21,2,0
2025-05-28 22:00:00,5463,12.6,97.0,10.0,22,2,0
2025-05-28 23:00:00,5080,12.6,96.0,13.0,23,2,0
2025-05-29 00:00:00,4755,12.4,97.0,13.0,0,3,0
2025-05-29 01:00:00,4577,12.4,97.0,9.0,1,3,0
2025-05-29 02:00:00,4438,12.5,98.0,8.0,2,3,0
2025-05-29 03:00:00,4367,12.2,98.0,10.0,3,3,0
2025-05-29 04:00:00,4382,12.0,98.0,8.0,4,3,0
2025-05-29 05:00:00,4516,11.8,98.0,7.0,5,3,0
2025-05-29 06:00:00,4852,12.4,98.0,9.0,6,3,0
2025-05-29 07:00:00,5328,14.0,97.0,15.0,7,3,0
2025-05-29 08:00:00,5577,15.4,88.0,14.0,8,3,0
2025-05-29 09:00:00,5746,16.4,84.0,13.0,9,3,0
2025-05-29 10:00:00,5872,16.7,81.0,16.0,10,3,0
2025-05-29 11:00:00,5970,16.8,76.0,23.0,11,3,0
2025-05-29 12:00:00,6016,17.9,72.0,18.0,12,3,0
2025-05-29 13:00:00,6077,17.3,75.0,13.0,13,3,0
2025-05-29 14:00:00,6034,17.7,73.0,20.0,14,3,0
2025-05-29 15:00:00,6000,17.9,73.0,22.0,15,3,0
2025-05-29 16:00:00,6008,18.0,70.0,21.0,16,3,0
2025-05-29 17:00:00,5995,17.4,74.0,15.0,17,3,0
2025-05-29 18:00:00,5916,16.8,78.0,22.0,18,3,0
2025-05-29 19:00:00,5871,16.3,80.0,13.0,19,3,0
2025-05-29 20:00:00,5886,15.9,79.0,20.0,20,3,0
2025-05-29 21:00:00,5822,15.4,80.0,21.0,21,3,0
2025-05-29 22:00:00,5549,14.1,86.0,14.0,22,3,0
2025-05-29 23:00:00,5151,14.9,83.0,14.0,23,3,0
2025-05-30 00:00:00,4810,14.9,84.0,14.0,0,4,0
2025-05-30 01:00:00,4596,14.4,87.0,9.0,1,4,0
2025-05-30 02:00:00,4457,14.3,87.0,8.0,2,4,0
2025-05-30 03:00:00,4366,13.8,89.0,15.0,3,4,0
2025-05-30 04:00:00,4371,13.9,87.0,18.0,4,4,0
2025-05-30 05:00:00,4471,13.6,81.0,21.0,5,4,0
2025-05-30 06:00:00,4772,14.5,75.0,16.0,6,4,0
2025-05-30 07:00:00,5257,16.0,70.0,14.0,7,4,0
2025-05-30 08:00:00,5521,18.4,65.0,16.0,8,4,0
2025-05-30 09:00:00,5701,19.0,59.0,10.0,9,4,0
2025-05-30 10:00:00,5833,20.4,50.0,14.0,10,4,0
2025-05-30 11:00:00,5977,21.4,50.0,16.0,11,4,0
2025-05-30 12:00:00,6098,23.1,48.0,17.0,12,4,0
2025-05-30 13:00:00,6152,22.6,48.0,21.0,13,4,0
2025-05-30 14:00:00,6150,23.4,52.0,16.0,14,4,0
2025-05-30 15:00:00,6169,24.4,44.0,27.0,15,4,0
2025-05-30 16:00:00,6253,23.3,45.0,26.0,16,4,0
2025-05-30 17:00:00,6220,22.3,45.0,30.0,17,4,0
2025-05-30 18:00:00,6041,21.9,47.0,25.0,18,4,0
2025-05-30 19:00:00,5939,21.1,47.0,24.0,19,4,0
2025-05-30 20:00:00,5914,19.1,56.0,28.0,20,4,0
2025-05-30 21:00:00,5871,17.1,64.0,26.0,21,4,0
2025-05-30 22:00:00,5515,15.9,67.0,30.0,22,4,0
2025-05-30 23:00:00,5127,14.8,69.0,25.0,23,4,0
2025-05-31 00:00:00,4779,13.9,74.0,23.0,0,5,1
2025-05-31 01:00:00,4522,12.9,79.0,21.0,1,5,1
2025-05-31 02:00:00,4332,12.8,81.0,32.0,2,5,1
2025-05-31 03:00:00,4224,12.3,85.0,28.0,3,5,1
2025-05-31 04:00:00,4141,10.3,85.0,32.0,4,5,1
2025-05-31 05:00:00,4187,9.8,84.0,27.0,5,5,1
2025-05-31 06:00:00,4236,9.3,80.0,34.0,6,5,1
2025-05-31 07:00:00,4458,9.2,78.0,32.0,7,5,1
2025-05-31 08:00:00,4750,9.2,75.0,31.0,8,5,1
2025-05-31 09:00:00,5009,9.1,76.0,32.0,9,5,1
2025-05-31 10:00:00,5181,9.6,67.0,34.0,10,5,1
2025-05-31 11:00:00,5271,10.1,62.0,39.0,11,5,1
2025-05-31 12:00:00,5287,10.7,63.0,45.0,12,5,1
2025-05-31 13:00:00,5259,11.1,63.0,34.0,13,5,1
2025-05-31 14:00:00,5194,12.7,57.0,35.0,14,5,1
2025-05-31 15:00:00,5177,12.7,56.0,31.0,15,5,1
2025-05-31 16:00:00,5196,13.3,52.0,35.0,16,5,1
2025-05-31 17:00:00,5230,13.4,49.0,37.0,17,5,1
2025-05-31 18:00:00,5230,13.5,47.0,39.0,18,5,1
2025-05-31 19:00:00,5186,13.1,47.0,28.0,19,5,1
2025-05-31 20:00:00,5188,12.1,51.0,21.0,20,5,1
2025-05-31 21:00:00,5261,10.5,57.0,19.0,21,5,1
2025-05-31 22:00:00,5038,8.9,64.0,15.0,22,5,1
2025-05-31 23:00:00,4742,9.3,64.0,17.0,23,5,1
2025-06-01 00:00:00,4492,8.1,70.0,14.0,0,6,1
2025-06-01 01:00:00,4293,7.3,74.0,14.0,1,6,1
2025-06-01 02:00:00,4172,8.6,68.0,18.0,2,6,1
2025-06-01 03:00:00,4076,6.2,78.0,13.0,3,6,1
2025-06-01 04:00:00,4040,5.0,85.0,12.0,4,6,1
2025-06-01 05:00:00,4060,6.2,80.0,15.0,5,6,1
2025-06-01 06:00:00,4101,8.5,68.0,22.0,6,6,1
2025-06-01 07:00:00,4263,10.8,60.0,24.0,7,6,1
2025-06-01 08:00:00,4454,12.7,52.0,24.0,8,6,1
2025-06-01 09:00:00,4675,13.9,47.0,28.0,9,6,1
2025-06-01 10:00:00,4872,14.5,42.0,32.0,10,6,1
2025-06-01 11:00:00,5052,14.8,38.0,32.0,11,6,1
2025-06-01 12:00:00,5147,14.2,47.0,35.0,12,6,1
2025-06-01 13:00:00,5125,15.4,49.0,27.0,13,6,1
2025-06-01 14:00:00,5124,15.6,46.0,34.0,14,6,1
2025-06-01 15:00:00,5114,16.2,47.0,33.0,15,6,1
2025-06-01 16:00:00,5170,15.2,49.0,29.0,16,6,1
2025-06-01 17:00:00,5271,14.8,50.0,23.0,17,6,1
2025-06-01 18:00:00,5321,14.9,52.0,15.0,18,6,1
2025-06-01 19:00:00,5362,14.4,50.0,13.0,19,6,1
2025-06-01 20:00:00,5372,13.0,53.0,21.0,20,6,1
2025-06-01 21:00:00,5394,12.1,53.0,17.0,21,6,1
2025-06-01 22:00:00,5178,10.3,53.0,12.0,22,6,1
2025-06-01 23:00:00,4866,8.8,54.0,5.0,23,6,1
2025-06-02 00:00:00,4559,7.5,63.0,8.0,0,0,0
2025-06-02 01:00:00,4332,7.3,61.0,8.0,1,0,0
2025-06-02 02:00:00,4246,7.7,59.0,7.0,2,0,0
2025-06-02 03:00:00,4196,8.1,56.0,5.0,3,0,0
2025-06-02 04:00:00,4216,7.5,58.0,5.0,4,0,0
2025-06-02 05:00:00,4387,7.0,61.0,3.0,5,0,0
2025-06-02 06:00:00,4721,8.9,60.0,9.0,6,0,0
2025-06-02 07:00:00,5211,11.3,56.0,4.0,7,0,0
2025-06-02 08:00:00,5471,14.8,45.0,13.0,8,0,0
2025-06-02 09:00:00,5614,16.8,37.0,24.0,9,0,0
2025-06-02 10:00:00,5751,18.9,39.0,18.0,10,0,0
2025-06-02 11:00:00,5850,20.5,37.0,15.0,11,0,0
2025-06-02 12:00:00,5908,21.8,34.0,24.0,12,0,0
2025-06-02 13:00:00,5905,22.0,30.0,8.0,13,0,0
2025-06-02 14:00:00,5918,22.6,27.0,23.0,14,0,0
2025-06-02 15:00:00,5965,22.8,31.0,23.0,15,0,0
2025-06-02 16:00:00,6035,23.1,33.0,22.0,16,0,0
2025-06-02 17:00:00,6100,23.0,30.0,20.0,17,0,0
2025-06-02 18:00:00,6062,21.9,32.0,16.0,18,0,0
2025-06-02 19:00:00,5968,21.2,30.0,16.0,19,0,0
2025-06-02 20:00:00,5956,19.7,34.0,8.0,20,0,0
2025-06-02 21:00:00,5892,19.9,32.0,6.0,21,0,0
2025-06-02 22:00:00,5569,17.0,49.0,13.0,22,0,0
2025-06-02 23:00:00,5169,16.2,50.0,9.0,23,0,0
2025-06-03 00:00:00,4819,15.7,48.0,8.0,0,1,0
2025-06-03 01:00:00,4540,14.8,51.0,9.0,1,1,0
2025-06-03 02:00:00,4417,15.2,49.0,8.0,2,1,0
2025-06-03 03:00:00,4281,16.5,42.0,3.0,3,1,0
2025-06-03 04:00:00,4323,15.7,44.0,0.0,4,1,0
2025-06-03 05:00:00,4454,14.5,55.0,4.0,5,1,0
2025-06-03 06:00:00,4791,14.5,56.0,4.0,6,1,0
2025-06-03 07:00:00,5257,15.7,56.0,9.0,7,1,0
2025-06-03 08:00:00,5509,17.2,51.0,10.0,8,1,0
2025-06-03 09:00:00,5710,19.1,50.0,9.0,9,1,0
2025-06-03 10:00:00,5901,22.0,44.0,9.0,10,1,0
2025-06-03 11:00:00,6089,23.4,45.0,12.0,11,1,0
2025-06-03 12:00:00,6210,23.6,44.0,16.0,12,1,0
2025-06-03 13:00:00,6303,24.8,43.0,20.0,13,1,0
2025-06-03 14:00:00,6329,25.2,44.0,22.0,14,1,0
2025-06-03 15:00:00,6431,26.1,42.0,21.0,15,1,0
2025-06-03 16:00:00,6523,27.9,30.0,25.0,16,1,0
2025-06-03 17:00:00,6556,27.1,31.0,24.0,17,1,0
2025-06-03 18:00:00,6505,26.7,30.0,27.0,18,1,0
2025-06-03 19:00:00,6428,26.0,32.0,21.0,19,1,0
2025-06-03 20:00:00,6282,23.4,40.0,10.0,20,1,0
2025-06-03 21:00:00,6222,20.8,48.0,11.0,21,1,0
2025-06-03 22:00:00,5897,18.6,56.0,12.0,22,1,0
2025-06-03 23:00:00,5375,17.8,58.0,10.0,23,1,0
2025-06-04 00:00:00,5009,16.8,62.0,9.0,0,2,0
2025-06-04 01:00:00,4671,16.0,64.0,11.0,1,2,0
2025-06-04 02:00:00,4493,16.0,65.0,10.0,2,2,0
2025-06-04 03:00:00,4366,15.7,65.0,9.0,3,2,0
2025-06-04 04:00:00,4339,16.0,65.0,11.0,4,2,0
2025-06-04 05:00:00,4456,17.0,63.0,9.0,5,2,0
2025-06-04 06:00:00,4824,18.1,61.0,8.0,6,2,0
2025-06-04 07:00:00,5400,21.7,54.0,11.0,7,2,0
2025-06-04 08:00:00,5800,24.2,51.0,26.0,8,2,0
2025-06-04 09:00:00,6164,26.0,51.0,28.0,9,2,0
2025-06-04 10:00:00,6501,27.7,49.0,23.0,10,2,0
2025-06-04 11:00:00,6759,29.6,46.0,25.0,11,2,0
2025-06-04 12:00:00,6923,29.8,42.0,30.0,12,2,0
2025-06-04 13:00:00,7040,30.9,37.0,27.0,13,2,0
2025-06-04 14:00:00,7137,30.6,39.0,34.0,14,2,0
2025-06-04 15:00:00,7253,30.1,44.0,30.0,15,2,0
2025-06-04 16:00:00,7393,30.1,44.0,39.0,16,2,0
2025-06-04 17:00:00,7517,29.1,44.0,42.0,17,2,0
2025-06-04 18:00:00,7252,23.1,71.0,25.0,18,2,0
2025-06-04 19:00:00,7046,22.5,72.0,18.0,19,2,0
2025-06-04 20:00:00,6981,22.7,72.0,17.0,20,2,0
2025-06-04 21:00:00,6896,21.9,75.0,8.0,21,2,0
2025-06-04 22:00:00,6537,21.5,79.0,5.0,22,2,0
2025-06-04 23:00:00,6024,19.8,93.0,7.0,23,2,0
2025-06-05 00:00:00,5597,19.4,94.0,0.0,0,3,0
2025-06-05 01:00:00,5257,17.4,94.0,19.0,1,3,0
2025-06-05 02:00:00,4970,17.1,93.0,17.0,2,3,0
2025-06-05 03:00:00,4803,16.6,91.0,17.0,3,3,0
2025-06-05 04:00:00,4708,16.2,92.0,21.0,4,3,0
2025-06-05 05:00:00,4789,16.1,80.0,11.0,5,3,0
2025-06-05 06:00:00,5106,16.1,87.0,9.0,6,3,0
2025-06-05 07:00:00,5625,16.3,89.0,10.0,7,3,0
2025-06-05 08:00:00,5948,16.5,86.0,8.0,8,3,0
2025-06-05 09:00:00,6100,17.4,91.0,11.0,9,3,0
2025-06-05 10:00:00,6277,18.7,82.0,13.0,10,3,0
2025-06-05 11:00:00,6435,19.3,80.0,13.0,11,3,0
2025-06-05 12:00:00,6541,20.8,71.0,11.0,12,3,0
2025-06-05 13:00:00,6596,20.2,69.0,9.0,13,3,0
2025-06-05 14:00:00,6557,20.2,77.0,11.0,14,3,0
2025-06-05 15:00:00,6456,20.0,75.0,18.0,15,3,0
2025-06-05 16:00:00,6440,20.4,73.0,16.0,16,3,0
2025-06-05 17:00:00,6482,21.1,64.0,17.0,17,3,0
2025-06-05 18:00:00,6474,21.1,66.0,8.0,18,3,0
2025-06-05 19:00:00,6443,20.3,70.0,13.0,19,3,0
2025-06-05 20:00:00,6401,19.9,69.0,18.0,20,3,0
2025-06-05 21:00:00,6343,19.0,74.0,12.0,21,3,0
2025-06-05 22:00:00,6011,18.7,75.0,7.0,22,3,0
2025-06-05 23:00:00,5573,18.1,78.0,12.0,23,3,0
2025-06-06 00:00:00,5163,17.6,77.0,9.0,0,4,0
2025-06-06 01:00:00,4869,16.5,76.0,11.0,1,4,0
2025-06-06 02:00:00,4668,16.0,74.0,15.0,2,4,0
2025-06-06 03:00:00,4539,15.3,74.0,18.0,3,4,0
2025-06-06 04:00:00,4501,14.5,79.0,16.0,4,4,0
2025-06-06 05:00:00,4562,14.1,78.0,16.0,5,4,0
2025-06-06 06:00:00,4890,14.6,75.0,13.0,6,4,0
2025-06-06 07:00:00,5327,16.5,71.0,16.0,7,4,0
2025-06-06 08:00:00,5718,18.4,65.0,14.0,8,4,0
2025-06-06 09:00:00,6070,21.4,58.0,14.0,9,4,0
2025-06-06 10:00:00,6308,22.4,55.0,12.0,10,4,0
2025-06-06 11:00:00,6569,22.3,62.0,10.0,11,4,0
2025-06-06 12:00:00,6722,22.9,58.0,16.0,12,4,0
2025-06-06 13:00:00,6750,24.0,52.0,15.0,13,4,0
2025-06-06 14:00:00,6766,23.5,56.0,15.0,14,4,0
2025-06-06 15:00:00,6843,23.4,51.0,15.0,15,4,0
2025-06-06 16:00:00,6863,23.0,53.0,13.0,16,4,0
2025-06-06 17:00:00,6814,21.9,59.0,11.0,17,4,0
2025-06-06 18:00:00,6656,21.1,61.0,9.0,18,4,0
2025-06-06 19:00:00,6481,20.9,59.0,0.0,19,4,0
2025-06-06 20:00:00,6363,20.9,45.0,20.0,20,4,0
2025-06-06 21:00:00,6291,19.9,46.0,14.0,21,4,0
2025-06-06 22:00:00,5971,18.8,47.0,17.0,22,4,0
2025-06-06 23:00:00,5528,18.1,48.0,23.0,23,4,0
2025-06-07 00:00:00,5100,17.2,51.0,20.0,0,5,1
2025-06-07 01:00:00,4779,16.9,53.0,23.0,1,5,1
2025-06-07 02:00:00,4559,16.7,57.0,21.0,2,5,1
2025-06-07 03:00:00,4433,16.3,61.0,19.0,3,5,1
2025-06-07 04:00:00,4354,15.9,63.0,19.0,4,5,1
2025-06-07 05:00:00,4329,15.1,67.0,20.0,5,5,1
2025-06-07 06:00:00,4380,15.6,66.0,19.0,6,5,1
2025-06-07 07:00:00,4608,17.4,59.0,22.0,7,5,1
2025-06-07 08:00:00,4985,19.6,54.0,16.0,8,5,1
2025-06-07 09:00:00,5438,22.1,48.0,11.0,9,5,1
2025-06-07 10:00:00,5807,22.6,49.0,17.0,10,5,1
2025-06-07 11:00:00,6078,23.4,48.0,15.0,11,5,1
2025-06-07 12:00:00,6222,24.1,43.0,15.0,12,5,1
2025-06-07 13:00:00,6291,24.9,32.0,22.0,13,5,1
2025-06-07 14:00:00,6338,25.3,31.0,15.0,14,5,1
2025-06-07 15:00:00,6383,25.0,36.0,15.0,15,5,1
2025-06-07 16:00:00,6476,25.1,36.0,13.0,16,5,1
2025-06-07 17:00:00,6548,24.8,38.0,14.0,17,5,1
2025-06-07 18:00:00,6489,23.6,39.0,29.0,18,5,1
2025-06-07 19:00:00,6263,21.4,35.0,32.0,19,5,1
2025-06-07 20:00:00,6017,19.9,36.0,25.0,20,5,1
2025-06-07 21:00:00,5911,18.5,43.0,18.0,21,5,1
2025-06-07 22:00:00,5632,17.3,48.0,19.0,22,5,1
2025-06-07 23:00:00,5273,16.1,53.0,19.0,23,5,1
2025-06-08 00:00:00,4922,15.2,57.0,13.0,0,6,1
2025-06-08 01:00:00,4636,14.3,61.0,12.0,1,6,1
2025-06-08 02:00:00,4407,14.2,61.0,7.0,2,6,1
2025-06-08 03:00:00,4256,13.5,62.0,6.0,3,6,1
2025-06-08 04:00:00,4170,13.1,66.0,8.0,4,6,1
2025-06-08 05:00:00,4102,12.6,71.0,11.0,5,6,1
2025-06-08 06:00:00,4066,14.2,66.0,5.0,6,6,1
2025-06-08 07:00:00,4293,15.6,62.0,7.0,7,6,1
2025-06-08 08:00:00,4582,18.1,50.0,12.0,8,6,1
2025-06-08 09:00:00,4947,19.6,42.0,20.0,9,6,1
2025-06-08 10:00:00,5237,20.0,44.0,13.0,10,6,1
2025-06-08 11:00:00,5434,20.1,44.0,12.0,11,6,1
2025-06-08 12:00:00,5508,19.1,45.0,18.0,12,6,1
2025-06-08 13:00:00,5531,20.1,46.0,18.0,13,6,1
2025-06-08 14:00:00,5550,21.8,43.0,16.0,14,6,1
2025-06-08 15:00:00,5630,22.8,45.0,21.0,15,6,1
2025-06-08 16:00:00,5788,23.2,49.0,17.0,16,6,1
2025-06-08 17:00:00,5980,21.9,48.0,30.0,17,6,1
2025-06-08 18:00:00,5991,21.1,48.0,25.0,18,6,1
2025-06-08 19:00:00,5958,18.3,65.0,16.0,19,6,1
2025-06-08 20:00:00,5850,17.5,76.0,9.0,20,6,1
2025-06-08 21:00:00,5809,17.5,78.0,8.0,21,6,1
2025-06-08 22:00:00,5564,18.0,75.0,5.0,22,6,1
2025-06-08 23:00:00,5208,18.0,76.0,8.0,23,6,1
2025-06-09 00:00:00,4875,17.1,83.0,9.0,0,0,0
2025-06-09 01:00:00,4588,16.3,81.0,13.0,1,0,0
2025-06-09 02:00:00,4378,16.7,78.0,8.0,2,0,0
2025-06-09 03:00:00,4307,16.1,84.0,10.0,3,0,0
2025-06-09 04:00:00,4311,16.3,85.0,7.0,4,0,0
2025-06-09 05:00:00,4481,16.7,83.0,5.0,5,0,0
2025-06-09 06:00:00,4882,17.6,81.0,8.0,6,0,0
2025-06-09 07:00:00,5411,17.1,83.0,9.0,7,0,0
2025-06-09 08:00:00,5787,17.4,84.0,11.0,8,0,0
2025-06-09 09:00:00,6000,17.9,82.0,16.0,9,0,0
2025-06-09 10:00:00,6203,18.7,82.0,14.0,10,0,0
2025-06-09 11:00:00,6385,19.3,83.0,14.0,11,0,0
2025-06-09 12:00:00,6446,18.8,90.0,8.0,12,0,0
2025-06-09 13:00:00,6460,19.1,90.0,13.0,13,0,0
2025-06-09 14:00:00,6421,20.2,80.0,17.0,14,0,0
2025-06-09 15:00:00,6458,22.1,66.0,12.0,15,0,0
2025-06-09 16:00:00,6512,22.7,59.0,19.0,16,0,0
2025-06-09 17:00:00,6642,20.9,67.0,21.0,17,0,0
2025-06-09 18:00:00,6570,21.5,67.0,11.0,18,0,0
2025-06-09 19:00:00,6481,20.2,69.0,20.0,19,0,0
2025-06-09 20:00:00,6338,18.9,74.0,16.0,20,0,0
2025-06-09 21:00:00,6240,18.2,77.0,13.0,21,0,0
2025-06-09 22:00:00,5910,16.5,84.0,5.0,22,0,0
2025-06-09 23:00:00,5460,17.5,70.0,16.0,23,0,0
2025-06-10 00:00:00,5040,17.3,66.0,11.0,0,1,0
2025-06-10 01:00:00,4764,16.7,67.0,5.0,1,1,0
2025-06-10 02:00:00,4585,15.3,82.0,8.0,2,1,0
2025-06-10 03:00:00,4459,14.9,81.0,19.0,3,1,0
2025-06-10 04:00:00,4434,13.6,81.0,17.0,4,1,0
2025-06-10 05:00:00,4514,13.1,80.0,12.0,5,1,0
2025-06-10 06:00:00,4852,14.1,76.0,15.0,6,1,0
2025-06-10 07:00:00,5386,16.3,67.0,16.0,7,1,0
2025-06-10 08:00:00,5664,17.9,56.0,26.0,8,1,0
2025-06-10 09:00:00,5920,19.8,53.0,21.0,9,1,0
2025-06-10 10:00:00,6101,20.8,46.0,28.0,10,1,0
2025-06-10 11:00:00,6212,19.4,50.0,29.0,11,1,0
2025-06-10 12:00:00,6218,21.7,49.0,21.0,12,1,0
2025-06-10 13:00:00,6325,22.7,48.0,26.0,13,1,0
2025-06-10 14:00:00,6254,22.8,44.0,25.0,14,1,0
2025-06-10 15:00:00,6272,22.4,44.0,27.0,15,1,0
2025-06-10 16:00:00,6365,21.5,45.0,25.0,16,1,0
2025-06-10 17:00:00,6382,21.4,51.0,27.0,17,1,0
2025-06-10 18:00:00,6290,19.5,57.0,20.0,18,1,0
2025-06-10 19:00:00,6202,19.3,62.0,24.0,19,1,0
2025-06-10 20:00:00,6084,17.8,69.0,22.0,20,1,0
2025-06-10 21:00:00,6083,17.3,74.0,14.0,21,1,0
2025-06-10 22:00:00,5801,16.2,81.0,13.0,22,1,0
2025-06-10 23:00:00,5367,15.8,83.0,14.0,23,1,0
2025-06-11 00:00:00,4990,14.9,85.0,10.0,0,2,0
2025-06-11 01:00:00,4732,16.2,82.0,9.0,1,2,0
2025-06-11 02:00:00,4521,16.7,75.0,13.0,2,2,0
2025-06-11 03:00:00,4417,13.9,85.0,12.0,3,2,0
2025-06-11 04:00:00,4373,14.0,85.0,15.0,4,2,0
2025-06-11 05:00:00,4490,14.7,83.0,15.0,5,2,0
2025-06-11 06:00:00,4863,15.9,77.0,15.0,6,2,0
2025-06-11 07:00:00,5381,16.5,76.0,14.0,7,2,0
2025-06-11 08:00:00,5689,17.5,72.0,11.0,8,2,0
2025-06-11 09:00:00,5899,19.3,63.0,11.0,9,2,0
2025-06-11 10:00:00,6134,21.1,57.0,18.0,10,2,0
2025-06-11 11:00:00,6298,23.1,52.0,17.0,11,2,0
2025-06-11 12:00:00,6446,24.6,48.0,29.0,12,2,0
2025-06-11 13:00:00,6610,25.8,45.0,22.0,13,2,0
2025-06-11 14:00:00,6745,27.1,39.0,22.0,14,2,0
2025-06-11 15:00:00,6895,27.7,37.0,30.0,15,2,0
2025-06-11 16:00:00,7072,28.0,43.0,28.0,16,2,0
2025-06-11 17:00:00,7173,27.3,38.0,37.0,17,2,0
2025-06-11 18:00:00,7135,26.4,43.0,34.0,18,2,0
2025-06-11 19:00:00,7002,26.0,44.0,31.0,19,2,0
2025-06-11 20:00:00,6830,25.2,45.0,24.0,20,2,0
2025-06-11 21:00:00,6795,24.0,49.0,18.0,21,2,0
2025-06-11 22:00:00,6472,22.9,55.0,22.0,22,2,0
2025-06-11 23:00:00,5920,22.0,58.0,22.0,23,2,0
2025-06-12 00:00:00,5416,20.8,57.0,31.0,0,3,0
2025-06-12 01:00:00,5114,19.5,49.0,30.0,1,3,0
2025-06-12 02:00:00,4821,18.0,47.0,27.0,2,3,0
2025-06-12 03:00:00,4616,16.9,47.0,28.0,3,3,0
2025-06-12 04:00:00,4524,16.2,50.0,25.0,4,3,0
2025-06-12 05:00:00,4564,15.9,53.0,26.0,5,3,0
2025-06-12 06:00:00,4950,16.2,54.0,27.0,6,3,0
2025-06-12 07:00:00,5447,15.7,62.0,14.0,7,3,0
2025-06-12 08:00:00,5739,15.2,70.0,7.0,8,3,0
2025-06-12 09:00:00,5882,17.4,61.0,14.0,9,3,0
2025-06-12 10:00:00,6062,19.2,49.0,13.0,10,3,0
2025-06-12 11:00:00,6271,20.0,50.0,0.0,11,3,0
2025-06-12 12:00:00,6437,23.7,35.0,24.0,12,3,0
2025-06-12 13:00:00,6527,24.0,32.0,19.0,13,3,0
2025-06-12 14:00:00,6611,24.9,32.0,27.0,14,3,0
2025-06-12 15:00:00,6704,24.5,31.0,24.0,15,3,0
2025-06-12 16:00:00,6851,24.3,29.0,23.0,16,3,0
2025-06-12 17:00:00,6928,23.6,32.0,14.0,17,3,0
2025-06-12 18:00:00,6843,22.9,33.0,18.0,18,3,0
2025-06-12 19:00:00,6650,21.4,38.0,16.0,19,3,0
2025-06-12 20:00:00,6487,18.8,47.0,21.0,20,3,0
2025-06-12 21:00:00,6287,17.3,49.0,23.0,21,3,0
2025-06-12 22:00:00,5954,16.0,52.0,16.0,22,3,0
2025-06-12 23:00:00,5495,15.6,53.0,13.0,23,3,0
2025-06-13 00:00:00,5095,15.1,57.0,17.0,0,4,0
2025-06-13 01:00:00,4722,14.8,58.0,17.0,1,4,0
2025-06-13 02:00:00,4569,14.2,61.0,14.0,2,4,0
2025-06-13 03:00:00,4456,13.8,65.0,7.0,3,4,0
2025-06-13 04:00:00,4410,14.5,64.0,14.0,4,4,0
2025-06-13 05:00:00,4541,13.9,68.0,19.0,5,4,0
2025-06-13 06:00:00,4831,13.5,70.0,18.0,6,4,0
2025-06-13 07:00:00,5278,13.6,68.0,15.0,7,4,0
2025-06-13 08:00:00,5570,14.1,62.0,16.0,8,4,0
2025-06-13 09:00:00,5762,15.3,60.0,14.0,9,4,0
2025-06-13 10:00:00,5879,16.1,53.0,19.0,10,4,0
2025-06-13 11:00:00,6012,17.0,49.0,14.0,11,4,0
2025-06-13 12:00:00,6060,18.0,46.0,18.0,12,4,0
2025-06-13 13:00:00,6125,17.6,46.0,22.0,13,4,0
2025-06-13 14:00:00,6098,18.6,46.0,19.0,14,4,0
2025-06-13 15:00:00,6124,18.9,45.0,17.0,15,4,0
2025-06-13 16:00:00,6149,18.5,47.0,21.0,16,4,0
2025-06-13 17:00:00,6143,17.7,50.0,20.0,17,4,0
2025-06-13 18:00:00,6023,17.0,55.0,15.0,18,4,0
2025-06-13 19:00:00,5874,16.9,52.0,13.0,19,4,0
2025-06-13 20:00:00,5820,16.4,52.0,11.0,20,4,0
2025-06-13 21:00:00,5829,15.7,58.0,13.0,21,4,0
2025-06-13 22:00:00,5596,15.2,62.0,10.0,22,4,0
2025-06-13 23:00:00,5254,15.1,64.0,9.0,23,4,0
2025-06-14 00:00:00,4914,14.9,66.0,10.0,0,5,1
2025-06-14 01:00:00,4656,15.0,67.0,12.0,1,5,1
2025-06-14 02:00:00,4487,15.0,67.0,14.0,2,5,1
2025-06-14 03:00:00,4368,15.1,65.0,11.0,3,5,1
2025-06-14 04:00:00,4311,14.6,64.0,10.0,4,5,1
2025-06-14 05:00:00,4289,14.7,62.0,12.0,5,5,1
2025-06-14 06:00:00,4351,15.2,64.0,14.0,6,5,1
2025-06-14 07:00:00,4582,16.3,61.0,15.0,7,5,1
2025-06-14 08:00:00,4908,17.4,58.0,14.0,8,5,1
2025-06-14 09:00:00,5221,18.0,51.0,16.0,9,5,1
2025-06-14 10:00:00,5470,19.4,43.0,18.0,10,5,1
2025-06-14 11:00:00,5636,19.8,39.0,25.0,11,5,1
2025-06-14 12:00:00,5729,20.1,42.0,19.0,12,5,1
2025-06-14 13:00:00,5748,19.7,48.0,21.0,13,5,1
2025-06-14 14:00:00,5745,20.2,44.0,21.0,14,5,1
2025-06-14 15:00:00,5718,20.7,40.0,22.0,15,5,1
2025-06-14 16:00:00,5796,20.5,39.0,18.0,16,5,1
2025-06-14 17:00:00,5903,20.4,41.0,13.0,17,5,1
2025-06-14 18:00:00,5949,20.1,39.0,11.0,18,5,1
2025-06-14 19:00:00,5876,19.4,41.0,10.0,19,5,1
2025-06-14 20:00:00,5711,18.7,42.0,9.0,20,5,1
2025-06-14 21:00:00,5666,18.0,45.0,6.0,21,5,1
2025-06-14 22:00:00,5477,17.5,47.0,7.0,22,5,1
2025-06-14 23:00:00,5181,17.0,48.0,6.0,23,5,1
2025-06-15 00:00:00,4868,17.0,48.0,7.0,0,6,1
2025-06-15 01:00:00,4598,16.2,51.0,9.0,1,6,1
2025-06-15 02:00:00,4361,14.9,61.0,8.0,2,6,1
2025-06-15 03:00:00,4221,14.9,61.0,10.0,3,6,1
2025-06-15 04:00:00,4175,14.7,60.0,8.0,4,6,1
2025-06-15 05:00:00,4092,15.0,61.0,10.0,5,6,1
2025-06-15 06:00:00,4119,16.0,59.0,10.0,6,6,1
2025-06-15 07:00:00,4312,17.2,55.0,8.0,7,6,1
2025-06-15 08:00:00,4602,18.9,55.0,10.0,8,6,1
2025-06-15 09:00:00,4936,20.7,46.0,10.0,9,6,1
2025-06-15 10:00:00,5309,21.7,47.0,13.0,10,6,1
2025-06-15 11:00:00,5556,22.7,46.0,12.0,11,6,1
2025-06-15 12:00:00,5679,23.2,35.0,18.0,12,6,1
2025-06-15 13:00:00,5802,22.9,38.0,15.0,13,6,1
2025-06-15 14:00:00,5863,23.2,32.0,21.0,14,6,1
2025-06-15 15:00:00,5929,22.6,31.0,18.0,15,6,1
2025-06-15 16:00:00,6007,22.9,34.0,18.0,16,6,1
2025-06-15 17:00:00,6116,22.4,34.0,18.0,17,6,1
2025-06-15 18:00:00,6164,21.9,34.0,12.0,18,6,1
2025-06-15 19:00:00,6117,21.3,35.0,10.0,19,6,1
2025-06-15 20:00:00,5965,20.3,38.0,6.0,20,6,1
2025-06-15 21:00:00,5947,20.0,38.0,7.0,21,6,1
2025-06-15 22:00:00,5746,19.2,40.0,5.0,22,6,1
2025-06-15 23:00:00,5362,18.2,44.0,7.0,23,6,1
2025-06-16 00:00:00,4927,16.7,50.0,9.0,0,0,0
2025-06-16 01:00:00,4644,16.9,50.0,8.0,1,0,0
2025-06-16 02:00:00,4448,16.3,53.0,9.0,2,0,0
2025-06-16 03:00:00,4345,15.6,56.0,9.0,3,0,0
2025-06-16 04:00:00,4324,14.9,61.0,8.0,4,0,0
2025-06-16 05:00:00,4376,14.7,62.0,8.0,5,0,0
2025-06-16 06:00:00,4773,16.9,58.0,7.0,6,0,0
2025-06-16 07:00:00,5429,18.6,50.0,5.0,7,0,0
2025-06-16 08:00:00,5821,20.5,45.0,7.0,8,0,0
2025-06-16 09:00:00,6116,21.4,52.0,4.0,9,0,0
2025-06-16 10:00:00,6417,23.2,53.0,6.0,10,0,0
2025-06-16 11:00:00,6650,22.6,59.0,14.0,11,0,0
2025-06-16 12:00:00,6818,23.2,62.0,15.0,12,0,0
2025-06-16 13:00:00,6958,22.7,63.0,14.0,13,0,0
2025-06-16 14:00:00,7011,22.6,64.0,16.0,14,0,0
2025-06-16 15:00:00,7142,23.4,64.0,7.0,15,0,0
2025-06-16 16:00:00,7326,23.6,59.0,15.0,16,0,0
2025-06-16 17:00:00,7433,22.8,64.0,17.0,17,0,0
2025-06-16 18:00:00,7338,21.2,67.0,18.0,18,0,0
2025-06-16 19:00:00,7157,19.7,74.0,12.0,19,0,0
2025-06-16 20:00:00,6898,19.1,77.0,9.0,20,0,0
2025-06-16 21:00:00,6767,18.2,80.0,9.0,21,0,0
2025-06-16 22:00:00,6367,17.9,82.0,4.0,22,0,0
2025-06-16 23:00:00,5873,18.0,82.0,3.0,23,0,0
2025-06-17 00:00:00,5430,18.1,81.0,5.0,0,1,0
2025-06-17 01:00:00,5051,18.4,80.0,4.0,1,1,0
2025-06-17 02:00:00,4801,16.8,84.0,5.0,2,1,0
2025-06-17 03:00:00,4666,17.6,83.0,0.0,3,1,0
2025-06-17 04:00:00,4661,17.2,85.0,7.0,4,1,0
2025-06-17 05:00:00,4696,16.3,91.0,7.0,5,1,0
2025-06-17 06:00:00,5052,17.2,89.0,6.0,6,1,0
2025-06-17 07:00:00,5650,17.9,87.0,3.0,7,1,0
2025-06-17 08:00:00,6015,19.4,82.0,6.0,8,1,0
2025-06-17 09:00:00,6311,20.6,80.0,8.0,9,1,0
2025-06-17 10:00:00,6631,21.7,76.0,9.0,10,1,0
2025-06-17 11:00:00,6856,22.8,72.0,12.0,11,1,0
2025-06-17 12:00:00,7096,24.1,70.0,13.0,12,1,0
2025-06-17 13:00:00,7327,24.9,66.0,16.0,13,1,0
2025-06-17 14:00:00,7435,25.1,64.0,21.0,14,1,0
2025-06-17 15:00:00,7547,24.5,65.0,19.0,15,1,0
2025-06-17 16:00:00,7667,24.4,65.0,19.0,16,1,0
2025-06-17 17:00:00,7737,24.4,66.0,13.0,17,1,0
2025-06-17 18:00:00,7627,23.3,68.0,15.0,18,1,0
2025-06-17 19:00:00,7440,22.1,73.0,14.0,19,1,0
2025-06-17 20:00:00,7165,20.9,78.0,15.0,20,1,0
2025-06-17 21:00:00,7060,20.1,82.0,10.0,21,1,0
2025-06-17 22:00:00,6713,20.2,82.0,6.0,22,1,0
2025-06-17 23:00:00,6245,21.6,84.0,12.0,23,1,0
2025-06-18 00:00:00,5794,21.9,87.0,15.0,0,2,0
2025-06-18 01:00:00,5404,21.3,89.0,11.0,1,2,0
2025-06-18 02:00:00,5132,21.1,91.0,9.0,2,2,0
2025-06-18 03:00:00,5002,20.7,91.0,7.0,3,2,0
2025-06-18 04:00:00,4977,20.6,92.0,5.0,4,2,0
2025-06-18 05:00:00,5104,21.8,88.0,3.0,5,2,0
2025-06-18 06:00:00,5517,22.4,86.0,4.0,6,2,0
2025-06-18 07:00:00,6200,24.1,80.0,8.0,7,2,0
2025-06-18 08:00:00,6777,24.5,75.0,7.0,8,2,0
2025-06-18 09:00:00,7220,26.2,69.0,3.0,9,2,0
2025-06-18 10:00:00,7614,26.8,64.0,4.0,10,2,0
2025-06-18 11:00:00,7919,26.8,70.0,11.0,11,2,0
2025-06-18 12:00:00,8018,24.7,88.0,7.0,12,2,0
2025-06-18 13:00:00,8054,25.9,75.0,0.0,13,2,0
2025-06-18 14:00:00,8064,24.4,83.0,11.0,14,2,0
2025-06-18 15:00:00,7890,20.8,92.0,9.0,15,2,0
2025-06-18 16:00:00,7635,22.4,82.0,12.0,16,2,0
2025-06-18 17:00:00,7695,23.2,71.0,5.0,17,2,0
2025-06-18 18:00:00,7618,23.3,75.0,5.0,18,2,0
2025-06-18 19:00:00,7457,23.1,78.0,6.0,19,2,0
2025-06-18 20:00:00,7368,22.2,84.0,5.0,20,2,0
2025-06-18 21:00:00,7262,21.6,86.0,5.0,21,2,0
2025-06-18 22:00:00,6916,21.1,89.0,6.0,22,2,0
2025-06-18 23:00:00,6408,20.9,90.0,8.0,23,2,0
2025-06-19 00:00:00,5897,19.9,96.0,7.0,0,3,0
2025-06-19 01:00:00,5547,19.7,97.0,11.0,1,3,0
2025-06-19 02:00:00,5280,19.2,97.0,9.0,2,3,0
2025-06-19 03:00:00,5112,19.6,95.0,9.0,3,3,0
2025-06-19 04:00:00,5052,19.2,95.0,7.0,4,3,0
2025-06-19 05:00:00,5152,19.7,91.0,10.0,5,3,0
2025-06-19 06:00:00,5519,19.6,91.0,14.0,6,3,0
2025-06-19 07:00:00,6050,20.0,89.0,16.0,7,3,0
2025-06-19 08:00:00,6391,20.3,92.0,10.0,8,3,0
2025-06-19 09:00:00,6571,21.2,85.0,23.0,9,3,0
2025-06-19 10:00:00,6747,22.6,78.0,28.0,10,3,0
2025-06-19 11:00:00,6947,23.0,74.0,33.0,11,3,0
2025-06-19 12:00:00,7043,24.2,69.0,31.0,12,3,0
2025-06-19 13:00:00,7194,24.4,70.0,34.0,13,3,0
2025-06-19 14:00:00,7152,20.7,76.0,42.0,14,3,0
2025-06-19 15:00:00,7027,20.9,66.0,49.0,15,3,0
2025-06-19 16:00:00,6880,20.9,63.0,49.0,16,3,0
2025-06-19 17:00:00,6795,19.4,68.0,53.0,17,3,0
2025-06-19 18:00:00,6462,19.3,67.0,41.0,18,3,0
2025-06-19 19:00:00,6391,19.4,67.0,41.0,19,3,0
2025-06-19 20:00:00,6271,18.8,66.0,37.0,20,3,0
2025-06-19 21:00:00,6246,18.2,68.0,30.0,21,3,0
2025-06-19 22:00:00,5926,17.8,73.0,28.0,22,3,0
2025-06-19 23:00:00,5511,17.8,73.0,19.0,23,3,0
2025-06-20 00:00:00,5139,16.5,79.0,15.0,0,4,0
2025-06-20 01:00:00,4874,15.6,86.0,17.0,1,4,0
2025-06-20 02:00:00,4655,15.1,90.0,17.0,2,4,0
2025-06-20 03:00:00,4504,15.2,89.0,13.0,3,4,0
2025-06-20 04:00:00,4482,14.6,89.0,8.0,4,4,0
2025-06-20 05:00:00,4589,14.9,89.0,5.0,5,4,0
2025-06-20 06:00:00,4897,15.8,87.0,8.0,6,4,0
2025-06-20 07:00:00,5387,17.6,80.0,21.0,7,4,0
2025-06-20 08:00:00,5779,19.6,73.0,14.0,8,4,0
2025-06-20 09:00:00,6087,20.5,67.0,23.0,9,4,0
2025-06-20 10:00:00,6361,22.9,59.0,22.0,10,4,0
2025-06-20 11:00:00,6562,23.9,55.0,21.0,11,4,0
2025-06-20 12:00:00,6734,25.4,50.0,21.0,12,4,0
2025-06-20 13:00:00,6880,26.2,47.0,27.0,13,4,0
2025-06-20 14:00:00,7026,26.2,48.0,23.0,14,4,0
2025-06-20 15:00:00,7136,25.6,46.0,24.0,15,4,0
2025-06-20 16:00:00,7268,25.2,51.0,18.0,16,4,0
2025-06-20 17:00:00,7317,25.1,56.0,29.0,17,4,0
2025-06-20 18:00:00,7206,24.6,57.0,24.0,18,4,0
2025-06-20 19:00:00,7017,22.9,60.0,25.0,19,4,0
2025-06-20 20:00:00,6870,21.9,65.0,24.0,20,4,0
2025-06-20 21:00:00,6778,21.6,68.0,12.0,21,4,0
2025-06-20 22:00:00,6505,20.9,72.0,9.0,22,4,0
2025-06-20 23:00:00,6066,20.8,74.0,7.0,23,4,0
2025-06-21 00:00:00,5606,19.6,80.0,5.0,0,5,1
2025-06-21 01:00:00,5241,20.9,75.0,0.0,1,5,1
2025-06-21 02:00:00,4983,20.6,77.0,5.0,2,5,1
2025-06-21 03:00:00,4809,20.2,80.0,8.0,3,5,1
2025-06-21 04:00:00,4718,18.7,86.0,10.0,4,5,1
2025-06-21 05:00:00,4684,18.2,92.0,9.0,5,5,1
2025-06-21 06:00:00,4747,18.8,89.0,8.0,6,5,1
2025-06-21 07:00:00,5036,19.6,85.0,10.0,7,5,1
2025-06-21 08:00:00,5494,20.6,80.0,14.0,8,5,1
2025-06-21 09:00:00,6000,21.9,77.0,14.0,9,5,1
2025-06-21 10:00:00,6394,22.9,75.0,12.0,10,5,1
2025-06-21 11:00:00,6743,23.2,75.0,16.0,11,5,1
2025-06-21 12:00:00,6932,24.1,72.0,13.0,12,5,1
2025-06-21 13:00:00,7011,24.0,73.0,17.0,13,5,1
2025-06-21 14:00:00,6820,20.9,82.0,15.0,14,5,1
2025-06-21 15:00:00,6646,23.3,74.0,6.0,15,5,1
2025-06-21 16:00:00,6601,25.1,68.0,14.0,16,5,1
2025-06-21 17:00:00,6739,24.6,69.0,19.0,17,5,1
2025-06-21 18:00:00,6743,25.8,68.0,12.0,18,5,1
2025-06-21 19:00:00,6704,28.0,57.0,25.0,19,5,1
2025-06-21 20:00:00,6662,27.8,56.0,22.0,20,5,1
2025-06-21 21:00:00,6716,27.4,57.0,25.0,21,5,1
2025-06-21 22:00:00,6526,26.8,60.0,22.0,22,5,1
2025-06-21 23:00:00,6200,26.7,60.0,28.0,23,5,1
2025-06-22 00:00:00,5900,26.6,61.0,20.0,0,6,1
2025-06-22 01:00:00,5626,26.9,62.0,26.0,1,6,1
2025-06-22 02:00:00,5386,26.9,65.0,19.0,2,6,1
2025-06-22 03:00:00,5237,26.5,68.0,20.0,3,6,1
2025-06-22 04:00:00,5143,25.6,71.0,16.0,4,6,1
2025-06-22 05:00:00,5125,24.9,75.0,17.0,5,6,1
2025-06-22 06:00:00,5244,25.3,77.0,22.0,6,6,1
2025-06-22 07:00:00,5679,26.6,76.0,32.0,7,6,1
2025-06-22 08:00:00,6386,28.1,73.0,30.0,8,6,1
2025-06-22 09:00:00,7072,29.8,70.0,31.0,9,6,1
2025-06-22 10:00:00,7713,31.6,64.0,35.0,10,6,1
2025-06-22 11:00:00,8243,32.1,65.0,27.0,11,6,1
2025-06-22 12:00:00,8610,32.6,65.0,15.0,12,6,1
2025-06-22 13:00:00,8743,32.7,61.0,22.0,13,6,1
2025-06-22 14:00:00,8780,33.6,60.0,16.0,14,6,1
2025-06-22 15:00:00,8848,34.2,57.0,23.0,15,6,1
2025-06-22 16:00:00,8959,34.5,53.0,21.0,16,6,1
2025-06-22 17:00:00,9045,34.0,53.0,24.0,17,6,1
2025-06-22 18:00:00,9044,33.6,53.0,21.0,18,6,1
2025-06-22 19:00:00,8949,32.3,58.0,18.0,19,6,1
2025-06-22 20:00:00,8826,31.1,67.0,19.0,20,6,1
2025-06-22 21:00:00,8806,29.7,71.0,18.0,21,6,1
2025-06-22 22:00:00,8537,29.1,72.0,15.0,22,6,1
2025-06-22 23:00:00,8027,28.3,73.0,10.0,23,6,1
2025-06-23 00:00:00,7463,27.4,76.0,6.0,0,0,0
2025-06-23 01:00:00,7000,26.6,78.0,7.0,1,0,0
2025-06-23 02:00:00,6647,24.9,82.0,6.0,2,0,0
2025-06-23 03:00:00,6375,23.8,85.0,5.0,3,0,0
2025-06-23 04:00:00,6218,23.0,86.0,6.0,4,0,0
2025-06-23 05:00:00,6234,23.1,84.0,6.0,5,0,0
2025-06-23 06:00:00,6573,24.7,80.0,4.0,6,0,0
2025-06-23 07:00:00,7317,26.9,77.0,9.0,7,0,0
2025-06-23 08:00:00,8011,28.4,71.0,11.0,8,0,0
2025-06-23 09:00:00,8591,31.1,64.0,27.0,9,0,0
2025-06-23 10:00:00,9111,32.0,58.0,21.0,10,0,0
2025-06-23 11:00:00,9469,33.2,54.0,23.0,11,0,0
2025-06-23 12:00:00,9680,34.4,46.0,28.0,12,0,0
2025-06-23 13:00:00,9780,34.8,45.0,22.0,13,0,0
2025-06-23 14:00:00,9823,35.2,42.0,28.0,14,0,0
2025-06-23 15:00:00,9916,35.7,37.0,27.0,15,0,0
2025-06-23 16:00:00,9998,35.8,39.0,22.0,16,0,0
2025-06-23 17:00:00,9792,35.2,36.0,27.0,17,0,0
2025-06-23 18:00:00,9711,33.6,49.0,32.0,18,0,0
2025-06-23 19:00:00,9628,32.5,52.0,23.0,19,0,0
2025-06-23 20:00:00,9525,30.9,57.0,26.0,20,0,0
2025-06-23 21:00:00,9391,29.6,60.0,21.0,21,0,0
2025-06-23 22:00:00,9018,28.7,64.0,12.0,22,0,0
2025-06-23 23:00:00,8437,27.2,70.0,14.0,23,0,0
2025-06-24 00:00:00,7889,26.9,71.0,19.0,0,1,0
2025-06-24 01:00:00,7427,26.5,71.0,20.0,1,1,0
2025-06-24 02:00:00,7066,25.3,75.0,14.0,2,1,0
2025-06-24 03:00:00,6792,25.9,71.0,15.0,3,1,0
2025-06-24 04:00:00,6615,25.2,72.0,14.0,4,1,0
2025-06-24 05:00:00,6634,25.3,72.0,16.0,5,1,0
2025-06-24 06:00:00,7013,26.5,69.0,15.0,6,1,0
2025-06-24 07:00:00,7737,28.8,63.0,18.0,7,1,0
2025-06-24 08:00:00,8483,30.6,60.0,21.0,8,1,0
2025-06-24 09:00:00,9058,31.9,58.0,23.0,9,1,0
2025-06-24 10:00:00,9498,32.8,53.0,24.0,10,1,0
2025-06-24 11:00:00,9777,33.7,48.0,28.0,11,1,0
2025-06-24 12:00:00,9946,34.4,47.0,26.0,12,1,0
2025-06-24 13:00:00,10002,34.7,44.0,22.0,13,1,0
2025-06-24 14:00:00,10035,34.0,47.0,23.0,14,1,0
2025-06-24 15:00:00,10069,34.8,43.0,35.0,15,1,0
2025-06-24 16:00:00,10100,34.3,44.0,26.0,16,1,0
2025-06-24 17:00:00,9954,33.7,45.0,27.0,17,1,0
2025-06-24 18:00:00,9819,32.4,46.0,27.0,18,1,0
2025-06-24 19:00:00,9622,31.2,48.0,27.0,19,1,0
2025-06-24 20:00:00,9427,29.9,48.0,21.0,20,1,0
2025-06-24 21:00:00,9241,27.4,64.0,15.0,21,1,0
2025-06-24 22:00:00,8825,26.4,67.0,12.0,22,1,0
2025-06-24 23:00:00,8281,26.2,68.0,8.0,23,1,0
2025-06-25 00:00:00,7732,26.3,67.0,8.0,0,2,0
2025-06-25 01:00:00,7195,26.3,64.0,14.0,1,2,0
2025-06-25 02:00:00,6872,25.5,66.0,12.0,2,2,0
2025-06-25 03:00:00,6625,24.8,68.0,11.0,3,2,0
2025-06-25 04:00:00,6480,24.1,71.0,10.0,4,2,0
2025-06-25 05:00:00,6506,23.6,72.0,18.0,5,2,0
2025-06-25 06:00:00,6791,23.1,66.0,13.0,6,2,0
2025-06-25 07:00:00,7227,23.5,63.0,17.0,7,2,0
2025-06-25 08:00:00,7547,25.0,55.0,14.0,8,2,0
2025-06-25 09:00:00,7926,25.5,55.0,8.0,9,2,0
2025-06-25 10:00:00,8260,27.0,57.0,6.0,10,2,0
2025-06-25 11:00:00,8613,28.1,54.0,7.0,11,2,0
2025-06-25 12:00:00,8851,27.5,57.0,17.0,12,2,0
2025-06-25 13:00:00,8964,27.3,60.0,16.0,13,2,0
2025-06-25 14:00:00,9031,28.6,59.0,11.0,14,2,0
2025-06-25 15:00:00,9141,29.0,53.0,7.0,15,2,0
2025-06-25 16:00:00,9170,28.8,59.0,14.0,16,2,0
2025-06-25 17:00:00,9184,29.8,54.0,13.0,17,2,0
2025-06-25 18:00:00,9065,28.4,62.0,11.0,18,2,0
2025-06-25 19:00:00,8930,27.4,63.0,9.0,19,2,0
2025-06-25 20:00:00,8716,25.7,67.0,6.0,20,2,0
2025-06-25 21:00:00,8547,26.4,62.0,5.0,21,2,0
2025-06-25 22:00:00,8189,25.0,59.0,18.0,22,2,0
2025-06-25 23:00:00,7551,24.1,60.0,16.0,23,2,0
2025-06-26 00:00:00,6969,23.4,60.0,15.0,0,3,0
2025-06-26 01:00:00,6466,22.9,63.0,5.0,1,3,0
2025-06-26 02:00:00,6123,23.5,55.0,23.0,2,3,0
2025-06-26 03:00:00,5866,20.8,71.0,13.0,3,3,0
2025-06-26 04:00:00,5696,18.5,74.0,22.0,4,3,0
2025-06-26 05:00:00,5647,17.8,73.0,17.0,5,3,0
2025-06-26 06:00:00,5833,17.9,70.0,17.0,6,3,0
2025-06-26 07:00:00,6251,19.6,58.0,14.0,7,3,0
2025-06-26 08:00:00,6555,18.7,72.0,12.0,8,3,0
2025-06-26 09:00:00,6745,19.1,71.0,16.0,9,3,0
2025-06-26 10:00:00,6958,19.6,69.0,8.0,10,3,0
2025-06-26 11:00:00,6999,18.8,74.0,13.0,11,3,0
2025-06-26 12:00:00,6907,16.6,84.0,17.0,12,3,0
2025-06-26 13:00:00,6801,16.9,82.0,14.0,13,3,0
2025-06-26 14:00:00,6712,16.7,82.0,12.0,14,3,0
2025-06-26 15:00:00,6620,16.9,83.0,11.0,15,3,0
2025-06-26 16:00:00,6582,17.1,76.0,18.0,16,3,0
2025-06-26 17:00:00,6532,17.3,79.0,10.0,17,3,0
2025-06-26 18:00:00,6416,17.7,74.0,8.0,18,3,0
2025-06-26 19:00:00,6332,18.5,59.0,14.0,19,3,0
2025-06-26 20:00:00,6235,18.5,57.0,13.0,20,3,0
2025-06-26 21:00:00,6231,18.4,60.0,16.0,21,3,0
2025-06-26 22:00:00,5975,18.5,63.0,14.0,22,3,0
2025-06-26 23:00:00,5588,18.5,68.0,18.0,23,3,0
2025-06-27 00:00:00,5194,18.2,68.0,15.0,0,4,0
2025-06-27 01:00:00,4947,18.0,69.0,17.0,1,4,0
2025-06-27 02:00:00,4736,17.8,70.0,20.0,2,4,0
2025-06-27 03:00:00,4648,17.2,75.0,19.0,3,4,0
2025-06-27 04:00:00,4565,16.5,83.0,19.0,4,4,0
2025-06-27 05:00:00,4711,16.8,83.0,11.0,5,4,0
2025-06-27 06:00:00,5023,17.1,82.0,15.0,6,4,0
2025-06-27 07:00:00,5492,17.4,82.0,13.0,7,4,0
2025-06-27 08:00:00,5840,17.8,83.0,16.0,8,4,0
2025-06-27 09:00:00,6093,19.3,81.0,12.0,9,4,0
2025-06-27 10:00:00,6325,19.6,80.0,16.0,10,4,0
2025-06-27 11:00:00,6448,20.9,76.0,12.0,11,4,0
2025-06-27 12:00:00,6618,21.9,73.0,16.0,12,4,0
2025-06-27 13:00:00,6730,23.1,69.0,14.0,13,4,0
2025-06-27 14:00:00,6827,22.8,75.0,11.0,14,4,0
2025-06-27 15:00:00,6922,22.2,78.0,11.0,15,4,0
2025-06-27 16:00:00,7113,24.4,72.0,16.0,16,4,0
2025-06-27 17:00:00,7336,24.8,71.0,10.0,17,4,0
2025-06-27 18:00:00,7335,22.3,77.0,17.0,18,4,0
2025-06-27 19:00:00,7063,20.1,82.0,11.0,19,4,0
2025-06-27 20:00:00,6904,19.4,86.0,9.0,20,4,0
2025-06-27 21:00:00,6846,20.7,82.0,4.0,21,4,0
2025-06-27 22:00:00,6618,23.1,79.0,9.0,22,4,0
2025-06-27 23:00:00,6214,21.7,91.0,17.0,23,4,0
2025-06-28 00:00:00,5818,21.9,91.0,25.0,0,5,1
2025-06-28 01:00:00,5503,21.8,95.0,11.0,1,5,1
2025-06-28 02:00:00,5242,22.5,90.0,14.0,2,5,1
2025-06-28 03:00:00,5119,22.2,92.0,15.0,3,5,1
2025-06-28 04:00:00,5041,21.7,95.0,5.0,4,5,1
2025-06-28 05:00:00,5043,22.1,93.0,7.0,5,5,1
2025-06-28 06:00:00,5108,23.0,91.0,9.0,6,5,1
2025-06-28 07:00:00,5532,24.3,86.0,13.0,7,5,1
2025-06-28 08:00:00,6115,25.6,76.0,22.0,8,5,1
2025-06-28 09:00:00,6646,26.0,68.0,26.0,9,5,1
2025-06-28 10:00:00,6954,25.5,67.0,25.0,10,5,1
2025-06-28 11:00:00,7260,25.9,60.0,30.0,11,5,1
2025-06-28 12:00:00,7378,26.0,60.0,29.0,12,5,1
2025-06-28 13:00:00,7345,25.1,58.0,34.0,13,5,1
2025-06-28 14:00:00,7280,24.3,58.0,41.0,14,5,1
2025-06-28 15:00:00,7180,23.6,59.0,28.0,15,5,1
2025-06-28 16:00:00,7041,22.6,57.0,37.0,16,5,1
2025-06-28 17:00:00,6953,22.6,55.0,35.0,17,5,1
2025-06-28 18:00:00,6867,22.1,56.0,27.0,18,5,1
2025-06-28 19:00:00,6645,21.5,58.0,16.0,19,5,1
2025-06-28 20:00:00,6359,20.8,60.0,14.0,20,5,1
2025-06-28 21:00:00,6227,20.1,64.0,14.0,21,5,1
2025-06-28 22:00:00,5985,18.4,72.0,8.0,22,5,1
2025-06-28 23:00:00,5647,18.2,74.0,11.0,23,5,1
2025-06-29 00:00:00,5250,16.9,79.0,9.0,0,6,1
2025-06-29 01:00:00,4907,16.4,80.0,8.0,1,6,1
2025-06-29 02:00:00,4673,16.4,81.0,8.0,2,6,1
2025-06-29 03:00:00,4468,15.6,83.0,11.0,3,6,1
2025-06-29 04:00:00,4410,14.4,85.0,4.0,4,6,1
2025-06-29 05:00:00,4319,14.9,85.0,3.0,5,6,1
2025-06-29 06:00:00,4358,16.6,84.0,0.0,6,6,1
2025-06-29 07:00:00,4592,18.9,68.0,0.0,7,6,1
2025-06-29 08:00:00,5010,20.6,59.0,5.0,8,6,1
2025-06-29 09:00:00,5432,21.3,58.0,8.0,9,6,1
2025-06-29 10:00:00,5790,21.9,57.0,5.0,10,6,1
2025-06-29 11:00:00,6099,23.6,51.0,17.0,11,6,1
2025-06-29 12:00:00,6293,24.6,50.0,17.0,12,6,1
2025-06-29 13:00:00,6443,25.4,50.0,7.0,13,6,1
2025-06-29 14:00:00,6565,25.9,48.0,12.0,14,6,1
2025-06-29 15:00:00,6782,26.6,49.0,12.0,15,6,1
2025-06-29 16:00:00,7030,26.1,52.0,17.0,16,6,1
2025-06-29 17:00:00,7218,24.5,57.0,19.0,17,6,1
2025-06-29 18:00:00,7281,24.5,60.0,17.0,18,6,1
2025-06-29 19:00:00,7202,24.3,60.0,11.0,19,6,1
2025-06-29 20:00:00,6979,23.8,63.0,11.0,20,6,1
2025-06-29 21:00:00,6835,22.6,68.0,10.0,21,6,1
2025-06-29 22:00:00,6557,21.4,72.0,9.0,22,6,1
2025-06-29 23:00:00,6095,20.7,73.0,8.0,23,6,1
2025-06-30 00:00:00,5666,20.7,74.0,3.0,0,0,0
2025-06-30 01:00:00,5297,20.3,75.0,5.0,1,0,0
2025-06-30 02:00:00,5002,20.1,77.0,4.0,2,0,0
2025-06-30 03:00:00,4821,19.1,82.0,5.0,3,0,0
2025-06-30 04:00:00,4737,18.6,83.0,5.0,4,0,0
2025-06-30 05:00:00,4771,18.6,82.0,0.0,5,0,0
2025-06-30 06:00:00,5008,20.3,76.0,7.0,6,0,0
2025-06-30 07:00:00,5541,21.9,73.0,4.0,7,0,0
2025-06-30 08:00:00,6157,23.4,64.0,6.0,8,0,0
2025-06-30 09:00:00,6681,24.9,57.0,12.0,9,0,0
2025-06-30 10:00:00,7125,25.8,55.0,11.0,10,0,0
2025-06-30 11:00:00,7395,25.8,58.0,13.0,11,0,0
2025-06-30 12:00:00,7566,25.3,62.0,10.0,12,0,0
2025-06-30 13:00:00,7588,23.2,68.0,16.0,13,0,0
2025-06-30 14:00:00,7325,21.1,81.0,11.0,14,0,0
2025-06-30 15:00:00,7164,22.4,77.0,3.0,15,0,0
2025-06-30 16:00:00,7011,21.8,86.0,5.0,16,0,0
2025-06-30 17:00:00,6946,21.1,93.0,9.0,17,0,0
2025-06-30 18:00:00,6877,21.9,96.0,8.0,18,0,0
2025-06-30 19:00:00,6823,21.6,94.0,13.0,19,0,0
2025-06-30 20:00:00,6785,21.3,94.0,5.0,20,0,0
2025-06-30 21:00:00,6701,21.4,95.0,7.0,21,0,0
2025-06-30 22:00:00,6470,21.3,95.0,6.0,22,0,0
2025-06-30 23:00:00,6034,20.9,96.0,5.0,23,0,0
2025-07-01 00:00:00,5678,21.7,95.0,14.0,0,1,0
2025-07-01 01:00:00,5381,21.3,96.0,8.0,1,1,0
2025-07-01 02:00:00,5172,21.1,95.0,13.0,2,1,0
2025-07-01 03:00:00,5028,21.1,94.0,6.0,3,1,0
2025-07-01 04:00:00,4911,21.5,93.0,9.0,4,1,0
2025-07-01 05:00:00,4911,21.2,95.0,7.0,5,1,0
2025-07-01 06:00:00,5073,22.2,93.0,7.0,6,1,0
2025-07-01 07:00:00,5367,23.9,86.0,16.0,7,1,0
2025-07-01 08:00:00,5938,25.2,77.0,17.0,8,1,0
2025-07-01 09:00:00,6458,25.9,74.0,17.0,9,1,0
2025-07-01 10:00:00,6851,25.5,74.0,14.0,10,1,0
2025-07-01 11:00:00,7066,26.5,67.0,17.0,11,1,0
2025-07-01 12:00:00,7338,28.5,62.0,23.0,12,1,0
2025-07-01 13:00:00,7602,28.3,54.0,24.0,13,1,0
2025-07-01 14:00:00,7648,29.2,45.0,24.0,14,1,0
2025-07-01 15:00:00,7705,30.1,45.0,30.0,15,1,0
2025-07-01 16:00:00,7824,29.6,42.0,33.0,16,1,0
2025-07-01 17:00:00,7927,27.8,45.0,26.0,17,1,0
2025-07-01 18:00:00,7864,27.4,46.0,32.0,18,1,0
2025-07-01 19:00:00,7660,26.0,48.0,26.0,19,1,0
2025-07-01 20:00:00,7284,24.4,53.0,24.0,20,1,0
2025-07-01 21:00:00,7014,22.5,62.0,12.0,21,1,0
2025-07-01 22:00:00,6676,21.9,66.0,11.0,22,1,0
2025-07-01 23:00:00,6276,20.9,71.0,12.0,23,1,0
2025-07-02 00:00:00,5826,20.0,73.0,14.0,0,2,0
2025-07-02 01:00:00,5429,19.4,75.0,16.0,1,2,0
2025-07-02 02:00:00,5133,18.9,77.0,15.0,2,2,0
2025-07-02 03:00:00,4942,18.1,79.0,14.0,3,2,0
2025-07-02 04:00:00,4862,17.9,79.0,12.0,4,2,0
2025-07-02 05:00:00,4937,17.9,80.0,13.0,5,2,0
2025-07-02 06:00:00,5297,19.2,76.0,8.0,6,2,0
2025-07-02 07:00:00,5900,20.9,69.0,14.0,7,2,0
2025-07-02 08:00:00,6509,24.2,60.0,15.0,8,2,0
2025-07-02 09:00:00,7080,26.5,50.0,20.0,9,2,0
2025-07-02 10:00:00,7560,27.7,48.0,17.0,10,2,0
2025-07-02 11:00:00,7859,29.3,44.0,16.0,11,2,0
2025-07-02 12:00:00,8078,30.0,42.0,21.0,12,2,0
2025-07-02 13:00:00,8261,29.9,41.0,21.0,13,2,0
2025-07-02 14:00:00,8370,30.8,39.0,25.0,14,2,0
2025-07-02 15:00:00,8513,30.1,39.0,31.0,15,2,0
2025-07-02 16:00:00,8611,29.8,40.0,28.0,16,2,0
2025-07-02 17:00:00,8577,29.7,40.0,35.0,17,2,0
2025-07-02 18:00:00,8451,29.2,45.0,19.0,18,2,0
2025-07-02 19:00:00,8330,27.6,48.0,17.0,19,2,0
2025-07-02 20:00:00,8031,27.4,47.0,25.0,20,2,0
2025-07-02 21:00:00,7802,24.0,57.0,16.0,21,2,0
2025-07-02 22:00:00,7350,23.9,59.0,12.0,22,2,0
2025-07-02 23:00:00,6826,23.4,65.0,13.0,23,2,0
2025-07-03 00:00:00,6306,23.0,67.0,9.0,0,3,0
2025-07-03 01:00:00,5855,22.9,63.0,17.0,1,3,0
2025-07-03 02:00:00,5549,21.2,71.0,12.0,2,3,0
2025-07-03 03:00:00,5361,20.0,76.0,12.0,3,3,0
2025-07-03 04:00:00,5266,19.7,79.0,7.0,4,3,0
2025-07-03 05:00:00,5348,21.0,72.0,11.0,5,3,0
2025-07-03 06:00:00,5663,21.0,64.0,32.0,6,3,0
2025-07-03 07:00:00,6077,20.6,63.0,13.0,7,3,0
2025-07-03 08:00:00,6449,21.1,62.0,18.0,8,3,0
2025-07-03 09:00:00,6770,22.2,58.0,16.0,9,3,0
2025-07-03 10:00:00,7215,25.6,40.0,20.0,10,3,0
2025-07-03 11:00:00,7518,27.1,31.0,28.0,11,3,0
2025-07-03 12:00:00,7653,26.9,32.0,34.0,12,3,0
2025-07-03 13:00:00,7696,25.3,43.0,25.0,13,3,0
2025-07-03 14:00:00,7646,26.7,33.0,35.0,14,3,0
2025-07-03 15:00:00,7666,25.5,36.0,27.0,15,3,0
2025-07-03 16:00:00,7740,24.9,39.0,18.0,16,3,0
2025-07-03 17:00:00,7805,24.4,38.0,27.0,17,3,0
2025-07-03 18:00:00,7646,23.3,34.0,25.0,18,3,0
2025-07-03 19:00:00,7434,22.4,37.0,26.0,19,3,0
2025-07-03 20:00:00,7058,20.8,43.0,27.0,20,3,0
2025-07-03 21:00:00,6800,19.9,44.0,22.0,21,3,0
2025-07-03 22:00:00,6440,19.1,47.0,16.0,22,3,0
2025-07-03 23:00:00,5974,18.2,52.0,13.0,23,3,0
2025-07-04 00:00:00,5451,16.6,59.0,8.0,0,4,0
2025-07-04 01:00:00,5133,15.9,63.0,10.0,1,4,0
2025-07-04 02:00:00,4868,15.8,63.0,8.0,2,4,0
2025-07-04 03:00:00,4711,15.4,65.0,12.0,3,4,0
2025-07-04 04:00:00,4682,14.7,69.0,8.0,4,4,0
2025-07-04 05:00:00,4747,14.5,71.0,10.0,5,4,0
2025-07-04 06:00:00,5033,16.1,66.0,10.0,6,4,0
2025-07-04 07:00:00,5538,18.5,58.0,9.0,7,4,0
2025-07-04 08:00:00,6014,21.1,48.0,5.0,8,4,0
2025-07-04 09:00:00,6412,22.4,42.0,7.0,9,4,0
2025-07-04 10:00:00,6756,23.6,43.0,0.0,10,4,0
2025-07-04 11:00:00,7015,24.0,42.0,17.0,11,4,0
2025-07-04 12:00:00,7182,24.6,41.0,12.0,12,4,0
2025-07-04 13:00:00,7280,25.3,35.0,18.0,13,4,0
2025-07-04 14:00:00,7376,25.5,35.0,19.0,14,4,0
2025-07-04 15:00:00,7485,26.2,33.0,14.0,15,4,0
2025-07-04 16:00:00,7577,25.7,31.0,24.0,16,4,0
2025-07-04 17:00:00,7688,25.6,37.0,19.0,17,4,0
2025-07-04 18:00:00,7595,24.2,39.0,16.0,18,4,0
2025-07-04 19:00:00,7370,23.4,39.0,15.0,19,4,0
2025-07-04 20:00:00,7080,22.5,44.0,9.0,20,4,0
2025-07-04 21:00:00,6894,21.6,48.0,8.0,21,4,0
2025-07-04 22:00:00,6584,21.3,53.0,7.0,22,4,0
2025-07-04 23:00:00,6101,21.1,55.0,5.0,23,4,0
2025-07-05 00:00:00,5696,20.5,60.0,8.0,0,5,1
2025-07-05 01:00:00,5313,20.2,62.0,5.0,1,5,1
2025-07-05 02:00:00,5038,20.6,54.0,7.0,2,5,1
2025-07-05 03:00:00,4865,20.1,59.0,4.0,3,5,1
2025-07-05 04:00:00,4724,20.2,59.0,4.0,4,5,1
2025-07-05 05:00:00,4693,19.7,62.0,5.0,5,5,1
2025-07-05 06:00:00,4752,20.2,64.0,5.0,6,5,1
2025-07-05 07:00:00,5102,21.6,56.0,4.0,7,5,1
2025-07-05 08:00:00,5600,23.2,55.0,6.0,8,5,1
2025-07-05 09:00:00,6232,25.4,53.0,9.0,9,5,1
2025-07-05 10:00:00,6809,26.6,53.0,11.0,10,5,1
2025-07-05 11:00:00,7237,27.6,51.0,14.0,11,5,1
2025-07-05 12:00:00,7508,29.1,50.0,16.0,12,5,1
2025-07-05 13:00:00,7801,29.0,54.0,20.0,13,5,1
2025-07-05 14:00:00,7963,29.6,53.0,18.0,14,5,1
2025-07-05 15:00:00,8120,29.2,54.0,18.0,15,5,1
2025-07-05 16:00:00,8205,27.8,59.0,14.0,16,5,1
2025-07-05 17:00:00,8258,29.0,60.0,16.0,17,5,1
2025-07-05 18:00:00,8161,24.8,86.0,10.0,18,5,1
2025-07-05 19:00:00,7960,27.2,69.0,22.0,19,5,1
2025-07-05 20:00:00,7816,27.1,64.0,14.0,20,5,1
2025-07-05 21:00:00,7751,26.9,65.0,14.0,21,5,1
2025-07-05 22:00:00,7440,25.9,71.0,8.0,22,5,1
2025-07-05 23:00:00,7000,25.5,67.0,9.0,23,5,1
2025-07-06 00:00:00,6561,25.1,66.0,10.0,0,6,1
2025-07-06 01:00:00,6169,24.7,68.0,7.0,1,6,1
2025-07-06 02:00:00,5825,23.2,74.0,6.0,2,6,1
2025-07-06 03:00:00,5562,24.2,71.0,14.0,3,6,1
2025-07-06 04:00:00,5387,22.6,79.0,10.0,4,6,1
2025-07-06 05:00:00,5311,23.6,75.0,14.0,5,6,1
2025-07-06 06:00:00,5315,24.7,71.0,9.0,6,6,1
2025-07-06 07:00:00,5709,25.6,70.0,21.0,7,6,1
2025-07-06 08:00:00,6312,27.8,63.0,18.0,8,6,1
2025-07-06 09:00:00,6968,30.0,56.0,20.0,9,6,1
2025-07-06 10:00:00,7602,31.8,47.0,25.0,10,6,1
2025-07-06 11:00:00,8074,32.3,48.0,23.0,11,6,1
2025-07-06 12:00:00,8362,32.4,44.0,20.0,12,6,1
2025-07-06 13:00:00,8509,33.4,38.0,26.0,13,6,1
2025-07-06 14:00:00,8597,34.0,31.0,31.0,14,6,1
2025-07-06 15:00:00,8627,33.9,32.0,32.0,15,6,1
2025-07-06 16:00:00,8655,34.3,34.0,29.0,16,6,1
2025-07-06 17:00:00,8703,33.2,38.0,37.0,17,6,1
2025-07-06 18:00:00,8698,32.3,40.0,26.0,18,6,1
2025-07-06 19:00:00,8613,31.6,43.0,22.0,19,6,1
2025-07-06 20:00:00,8456,30.4,46.0,13.0,20,6,1
2025-07-06 21:00:00,8353,29.9,47.0,14.0,21,6,1
2025-07-06 22:00:00,8097,29.0,48.0,11.0,22,6,1
2025-07-06 23:00:00,7583,28.1,52.0,13.0,23,6,1
2025-07-07 00:00:00,7079,27.4,55.0,14.0,0,0,0
2025-07-07 01:00:00,6717,27.2,59.0,13.0,1,0,0
2025-07-07 02:00:00,6423,27.0,63.0,9.0,2,0,0
2025-07-07 03:00:00,6254,26.6,67.0,15.0,3,0,0
2025-07-07 04:00:00,6197,25.6,73.0,17.0,4,0,0
2025-07-07 05:00:00,6303,24.8,79.0,14.0,5,0,0
2025-07-07 06:00:00,6700,25.1,80.0,16.0,6,0,0
2025-07-07 07:00:00,7355,26.4,74.0,22.0,7,0,0
2025-07-07 08:00:00,8027,26.5,70.0,30.0,8,0,0
2025-07-07 09:00:00,8500,28.1,64.0,21.0,9,0,0
2025-07-07 10:00:00,8847,28.6,60.0,28.0,10,0,0
2025-07-07 11:00:00,9002,28.5,61.0,26.0,11,0,0
2025-07-07 12:00:00,9080,28.0,59.0,26.0,12,0,0
2025-07-07 13:00:00,9148,28.7,53.0,27.0,13,0,0
2025-07-07 14:00:00,9142,28.8,56.0,30.0,14,0,0
2025-07-07 15:00:00,9064,28.0,59.0,19.0,15,0,0
2025-07-07 16:00:00,8888,26.1,61.0,26.0,16,0,0
2025-07-07 17:00:00,8659,25.7,63.0,19.0,17,0,0
2025-07-07 18:00:00,8437,24.6,65.0,21.0,18,0,0
2025-07-07 19:00:00,8287,23.3,69.0,15.0,19,0,0
2025-07-07 20:00:00,7998,21.9,72.0,17.0,20,0,0
2025-07-07 21:00:00,7777,21.3,74.0,20.0,21,0,0
2025-07-07 22:00:00,7395,20.9,75.0,16.0,22,0,0
2025-07-07 23:00:00,6828,20.7,75.0,11.0,23,0,0
2025-07-08 00:00:00,6343,20.4,75.0,17.0,0,1,0
2025-07-08 01:00:00,5942,20.3,76.0,12.0,1,1,0
2025-07-08 02:00:00,5647,20.3,76.0,13.0,2,1,0
2025-07-08 03:00:00,5493,19.9,78.0,16.0,3,1,0
2025-07-08 04:00:00,5417,19.5,81.0,13.0,4,1,0
2025-07-08 05:00:00,5538,19.3,84.0,21.0,5,1,0
2025-07-08 06:00:00,5834,19.9,83.0,10.0,6,1,0
2025-07-08 07:00:00,6317,20.1,80.0,11.0,7,1,0
2025-07-08 08:00:00,6707,21.0,76.0,6.0,8,1,0
2025-07-08 09:00:00,6986,21.4,74.0,6.0,9,1,0
2025-07-08 10:00:00,7233,22.2,77.0,5.0,10,1,0
2025-07-08 11:00:00,7396,22.6,70.0,4.0,11,1,0
2025-07-08 12:00:00,7539,23.4,72.0,4.0,12,1,0
2025-07-08 13:00:00,7802,23.9,67.0,7.0,13,1,0
2025-07-08 14:00:00,7982,25.1,65.0,14.0,14,1,0
2025-07-08 15:00:00,8119,25.6,65.0,13.0,15,1,0
2025-07-08 16:00:00,8238,25.1,64.0,15.0,16,1,0
2025-07-08 17:00:00,8353,23.8,69.0,18.0,17,1,0
2025-07-08 18:00:00,8260,23.8,69.0,18.0,18,1,0
2025-07-08 19:00:00,8059,22.8,73.0,16.0,19,1,0
2025-07-08 20:00:00,7729,22.4,79.0,11.0,20,1,0
2025-07-08 21:00:00,7602,22.2,80.0,10.0,21,1,0
2025-07-08 22:00:00,7277,22.1,84.0,8.0,22,1,0
2025-07-08 23:00:00,6781,21.5,86.0,7.0,23,1,0
2025-07-09 00:00:00,6241,21.5,87.0,5.0,0,2,0
2025-07-09 01:00:00,5827,20.6,65.0,14.0,1,2,0
2025-07-09 02:00:00,5509,20.2,65.0,14.0,2,2,0
2025-07-09 03:00:00,5271,19.5,67.0,7.0,3,2,0
2025-07-09 04:00:00,5189,19.1,70.0,6.0,4,2,0
2025-07-09 05:00:00,5276,19.0,74.0,14.0,5,2,0
2025-07-09 06:00:00,5538,19.9,70.0,8.0,6,2,0
2025-07-09 07:00:00,6038,21.5,65.0,7.0,7,2,0
2025-07-09 08:00:00,6742,23.9,59.0,7.0,8,2,0
2025-07-09 09:00:00,7159,24.7,54.0,5.0,9,2,0
2025-07-09 10:00:00,7583,24.8,54.0,11.0,10,2,0
2025-07-09 11:00:00,7715,25.1,58.0,8.0,11,2,0
2025-07-09 12:00:00,7832,24.6,62.0,16.0,12,2,0
2025-07-09 13:00:00,7950,24.6,59.0,10.0,13,2,0
2025-07-09 14:00:00,7992,25.8,63.0,8.0,14,2,0
2025-07-09 15:00:00,8174,26.1,61.0,8.0,15,2,0
2025-07-09 16:00:00,8383,24.9,68.0,19.0,16,2,0
2025-07-09 17:00:00,8441,25.0,69.0,17.0,17,2,0
2025-07-09 18:00:00,8154,23.2,65.0,17.0,18,2,0
2025-07-09 19:00:00,7813,20.2,88.0,19.0,19,2,0
2025-07-09 20:00:00,7571,20.9,84.0,8.0,20,2,0
2025-07-09 21:00:00,7403,21.2,85.0,5.0,21,2,0
2025-07-09 22:00:00,7056,20.1,91.0,12.0,22,2,0
2025-07-09 23:00:00,6544,19.9,91.0,7.0,23,2,0
2025-07-10 00:00:00,6078,20.0,90.0,9.0,0,3,0
2025-07-10 01:00:00,5652,19.4,92.0,0.0,1,3,0
2025-07-10 02:00:00,5418,19.1,91.0,8.0,2,3,0
2025-07-10 03:00:00,5248,18.3,94.0,6.0,3,3,0
2025-07-10 04:00:00,5183,18.9,89.0,10.0,4,3,0
2025-07-10 05:00:00,5292,18.6,90.0,8.0,5,3,0
2025-07-10 06:00:00,5614,20.1,84.0,5.0,6,3,0
2025-07-10 07:00:00,6152,21.0,80.0,0.0,7,3,0
2025-07-10 08:00:00,6679,22.1,78.0,0.0,8,3,0
2025-07-10 09:00:00,7213,24.1,70.0,4.0,9,3,0
2025-07-10 10:00:00,7747,26.0,63.0,7.0,10,3,0
2025-07-10 11:00:00,8037,27.0,63.0,13.0,11,3,0
2025-07-10 12:00:00,8239,26.5,63.0,17.0,12,3,0
2025-07-10 13:00:00,8412,27.1,61.0,13.0,13,3,0
2025-07-10 14:00:00,8453,22.4,77.0,10.0,14,3,0
2025-07-10 15:00:00,8460,26.5,72.0,10.0,15,3,0
2025-07-10 16:00:00,8652,26.9,64.0,14.0,16,3,0
2025-07-10 17:00:00,8717,27.8,59.0,15.0,17,3,0
2025-07-10 18:00:00,8554,26.7,61.0,9.0,18,3,0
2025-07-10 19:00:00,8369,27.0,58.0,8.0,19,3,0
2025-07-10 20:00:00,8129,25.7,64.0,5.0,20,3,0
2025-07-10 21:00:00,7970,24.5,66.0,8.0,21,3,0
2025-07-10 22:00:00,7575,24.3,66.0,0.0,22,3,0
2025-07-10 23:00:00,7047,22.8,67.0,11.0,23,3,0
2025-07-11 00:00:00,6489,22.1,69.0,11.0,0,4,0
2025-07-11 01:00:00,6061,22.3,69.0,12.0,1,4,0
2025-07-11 02:00:00,5715,21.2,73.0,9.0,2,4,0
2025-07-11 03:00:00,5524,20.6,75.0,13.0,3,4,0
2025-07-11 04:00:00,5408,20.3,77.0,13.0,4,4,0
2025-07-11 05:00:00,5490,19.8,80.0,8.0,5,4,0
2025-07-11 06:00:00,5779,20.6,77.0,10.0,6,4,0
2025-07-11 07:00:00,6223,21.5,76.0,7.0,7,4,0
2025-07-11 08:00:00,6798,23.5,68.0,5.0,8,4,0
2025-07-11 09:00:00,7403,25.5,63.0,4.0,9,4,0
2025-07-11 10:00:00,7960,26.6,61.0,0.0,10,4,0
2025-07-11 11:00:00,8275,26.9,67.0,12.0,11,4,0
2025-07-11 12:00:00,8538,28.0,61.0,11.0,12,4,0
2025-07-11 13:00:00,8658,28.4,57.0,11.0,13,4,0
2025-07-11 14:00:00,8783,29.6,58.0,8.0,14,4,0
2025-07-11 15:00:00,8806,30.4,41.0,16.0,15,4,0
2025-07-11 16:00:00,8831,31.0,38.0,19.0,16,4,0
2025-07-11 17:00:00,8855,30.5,44.0,13.0,17,4,0
2025-07-11 18:00:00,8656,28.5,57.0,12.0,18,4,0
2025-07-11 19:00:00,8496,28.3,57.0,8.0,19,4,0
2025-07-11 20:00:00,8332,26.9,63.0,12.0,20,4,0
2025-07-11 21:00:00,8214,26.3,67.0,9.0,21,4,0
2025-07-11 22:00:00,7908,25.8,72.0,10.0,22,4,0
2025-07-11 23:00:00,7404,25.1,75.0,9.0,23,4,0
2025-07-12 00:00:00,6921,24.8,79.0,12.0,0,5,1
2025-07-12 01:00:00,6519,25.4,67.0,12.0,1,5,1
2025-07-12 02:00:00,6211,23.9,74.0,14.0,2,5,1
2025-07-12 03:00:00,5931,23.9,76.0,7.0,3,5,1
2025-07-12 04:00:00,5787,23.7,77.0,7.0,4,5,1
2025-07-12 05:00:00,5727,23.2,82.0,6.0,5,5,1
2025-07-12 06:00:00,5724,22.7,86.0,6.0,6,5,1
2025-07-12 07:00:00,6022,24.2,79.0,10.0,7,5,1
2025-07-12 08:00:00,6666,26.8,69.0,8.0,8,5,1
2025-07-12 09:00:00,7359,27.4,66.0,13.0,9,5,1
2025-07-12 10:00:00,7916,28.2,64.0,12.0,10,5,1
2025-07-12 11:00:00,8299,29.0,63.0,19.0,11,5,1
2025-07-12 12:00:00,8568,30.1,60.0,23.0,12,5,1
2025-07-12 13:00:00,8741,30.9,56.0,24.0,13,5,1
2025-07-12 14:00:00,8809,30.7,59.0,22.0,14,5,1
2025-07-12 15:00:00,8822,31.2,56.0,20.0,15,5,1
2025-07-12 16:00:00,8885,33.7,40.0,21.0,16,5,1
2025-07-12 17:00:00,8901,32.8,47.0,20.0,17,5,1
2025-07-12 18:00:00,8834,32.4,48.0,17.0,18,5,1
2025-07-12 19:00:00,8629,31.4,50.0,16.0,19,5,1
2025-07-12 20:00:00,8329,30.9,52.0,19.0,20,5,1
2025-07-12 21:00:00,8244,30.2,55.0,12.0,21,5,1
2025-07-12 22:00:00,7977,29.2,59.0,11.0,22,5,1
2025-07-12 23:00:00,7571,27.9,66.0,19.0,23,5,1
2025-07-13 00:00:00,7145,27.1,68.0,18.0,0,6,1
2025-07-13 01:00:00,6724,25.8,72.0,14.0,1,6,1
2025-07-13 02:00:00,6387,24.4,78.0,13.0,2,6,1
2025-07-13 03:00:00,6117,24.5,79.0,14.0,3,6,1
2025-07-13 04:00:00,5963,24.1,82.0,10.0,4,6,1
2025-07-13 05:00:00,5876,24.6,82.0,7.0,5,6,1
2025-07-13 06:00:00,5865,24.4,84.0,9.0,6,6,1
2025-07-13 07:00:00,6141,25.3,82.0,8.0,7,6,1
2025-07-13 08:00:00,6548,24.9,85.0,8.0,8,6,1
2025-07-13 09:00:00,6912,24.5,83.0,18.0,9,6,1
2025-07-13 10:00:00,7033,21.9,97.0,4.0,10,6,1
2025-07-13 11:00:00,7229,26.2,78.0,5.0,11,6,1
2025-07-13 12:00:00,7717,28.6,63.0,9.0,12,6,1
2025-07-13 13:00:00,8103,30.0,57.0,11.0,13,6,1
2025-07-13 14:00:00,8333,30.9,52.0,21.0,14,6,1
2025-07-13 15:00:00,8501,28.9,67.0,14.0,15,6,1
2025-07-13 16:00:00,8603,31.4,50.0,21.0,16,6,1
2025-07-13 17:00:00,8665,30.1,49.0,20.0,17,6,1
2025-07-13 18:00:00,8654,29.8,46.0,26.0,18,6,1
2025-07-13 19:00:00,8465,29.1,46.0,22.0,19,6,1
2025-07-13 20:00:00,8150,27.4,48.0,21.0,20,6,1
2025-07-13 21:00:00,7960,26.1,51.0,18.0,21,6,1
2025-07-13 22:00:00,7529,24.1,57.0,16.0,22,6,1
2025-07-13 23:00:00,6980,24.1,57.0,12.0,23,6,1
2025-07-14 00:00:00,6457,23.5,59.0,8.0,0,0,0
2025-07-14 01:00:00,6048,22.9,57.0,4.0,1,0,0
2025-07-14 02:00:00,5750,22.7,58.0,6.0,2,0,0
2025-07-14 03:00:00,5570,22.2,64.0,9.0,3,0,0
2025-07-14 04:00:00,5508,22.4,64.0,5.0,4,0,0
2025-07-14 05:00:00,5632,22.2,63.0,6.0,5,0,0
2025-07-14 06:00:00,5938,22.0,64.0,8.0,6,0,0
2025-07-14 07:00:00,6361,22.6,62.0,3.0,7,0,0
2025-07-14 08:00:00,6833,24.4,57.0,5.0,8,0,0
2025-07-14 09:00:00,7279,24.8,52.0,0.0,9,0,0
2025-07-14 10:00:00,7758,26.5,51.0,3.0,10,0,0
2025-07-14 11:00:00,8168,27.8,49.0,4.0,11,0,0
2025-07-14 12:00:00,8486,28.3,43.0,11.0,12,0,0
2025-07-14 13:00:00,8714,28.1,47.0,16.0,13,0,0
2025-07-14 14:00:00,8774,28.5,50.0,18.0,14,0,0
2025-07-14 15:00:00,8827,28.3,52.0,17.0,15,0,0
2025-07-14 16:00:00,8874,27.5,55.0,17.0,16,0,0
2025-07-14 17:00:00,8898,27.4,56.0,17.0,17,0,0
2025-07-14 18:00:00,8757,27.5,57.0,13.0,18,0,0
2025-07-14 19:00:00,8580,27.2,59.0,10.0,19,0,0
2025-07-14 20:00:00,8412,25.8,61.0,0.0,20,0,0
2025-07-14 21:00:00,8272,27.6,47.0,15.0,21,0,0
2025-07-14 22:00:00,7841,25.5,55.0,17.0,22,0,0
2025-07-14 23:00:00,7239,23.8,58.0,13.0,23,0,0
2025-07-15 00:00:00,6644,22.9,61.0,9.0,0,1,0
2025-07-15 01:00:00,6154,22.3,66.0,10.0,1,1,0
2025-07-15 02:00:00,5777,21.5,70.0,10.0,2,1,0
2025-07-15 03:00:00,5557,19.8,75.0,5.0,3,1,0
2025-07-15 04:00:00,5447,20.8,70.0,9.0,4,1,0
2025-07-15 05:00:00,5503,19.9,72.0,12.0,5,1,0
2025-07-15 06:00:00,5796,21.3,66.0,12.0,6,1,0
2025-07-15 07:00:00,6433,23.4,58.0,5.0,7,1,0
2025-07-15 08:00:00,7103,24.9,54.0,4.0,8,1,0
2025-07-15 09:00:00,7641,27.3,43.0,3.0,9,1,0
2025-07-15 10:00:00,8132,28.5,42.0,3.0,10,1,0
2025-07-15 11:00:00,8461,29.3,34.0,0.0,11,1,0
2025-07-15 12:00:00,8699,28.8,46.0,19.0,12,1,0
2025-07-15 13:00:00,8872,30.1,45.0,16.0,13,1,0
2025-07-15 14:00:00,9000,30.9,38.0,15.0,14,1,0
2025-07-15 15:00:00,9102,31.3,37.0,17.0,15,1,0
2025-07-15 16:00:00,9201,31.5,38.0,17.0,16,1,0
2025-07-15 17:00:00,9029,31.5,39.0,16.0,17,1,0
2025-07-15 18:00:00,8951,30.6,42.0,15.0,18,1,0
2025-07-15 19:00:00,8803,29.4,43.0,15.0,19,1,0
2025-07-15 20:00:00,8722,28.2,50.0,10.0,20,1,0
2025-07-15 21:00:00,8614,27.1,55.0,10.0,21,1,0
2025-07-15 22:00:00,8179,26.1,59.0,8.0,22,1,0
2025-07-15 23:00:00,7568,25.4,56.0,9.0,23,1,0
2025-07-16 00:00:00,6983,24.2,62.0,6.0,0,2,0
2025-07-16 01:00:00,6457,23.5,67.0,4.0,1,2,0
2025-07-16 02:00:00,6060,21.5,77.0,9.0,2,2,0
2025-07-16 03:00:00,5762,21.9,70.0,8.0,3,2,0
2025-07-16 04:00:00,5632,21.5,74.0,8.0,4,2,0
2025-07-16 05:00:00,5673,20.4,82.0,3.0,5,2,0
2025-07-16 06:00:00,5957,22.1,76.0,5.0,6,2,0
2025-07-16 07:00:00,6627,24.1,70.0,3.0,7,2,0
2025-07-16 08:00:00,7317,25.4,63.0,0.0,8,2,0
2025-07-16 09:00:00,7892,27.9,53.0,8.0,9,2,0
2025-07-16 10:00:00,8472,30.2,46.0,10.0,10,2,0
2025-07-16 11:00:00,8844,30.0,53.0,10.0,11,2,0
2025-07-16 12:00:00,9121,29.6,57.0,16.0,12,2,0
2025-07-16 13:00:00,9245,31.2,50.0,18.0,13,2,0
2025-07-16 14:00:00,9337,32.4,45.0,13.0,14,2,0
2025-07-16 15:00:00,9346,30.9,48.0,18.0,15,2,0
2025-07-16 16:00:00,9433,31.3,51.0,22.0,16,2,0
2025-07-16 17:00:00,9155,29.4,57.0,17.0,17,2,0
2025-07-16 18:00:00,8936,28.7,53.0,14.0,18,2,0
2025-07-16 19:00:00,8737,28.2,59.0,14.0,19,2,0
2025-07-16 20:00:00,8757,27.5,69.0,12.0,20,2,0
2025-07-16 21:00:00,8793,27.3,72.0,14.0,21,2,0
2025-07-16 22:00:00,8410,25.4,71.0,12.0,22,2,0
2025-07-16 23:00:00,7794,24.8,74.0,11.0,23,2,0
2025-07-17 00:00:00,7234,24.9,75.0,10.0,0,3,0
2025-07-17 01:00:00,6789,24.4,83.0,13.0,1,3,0
2025-07-17 02:00:00,6473,24.3,86.0,12.0,2,3,0
2025-07-17 03:00:00,6299,24.3,87.0,17.0,3,3,0
2025-07-17 04:00:00,6244,24.4,87.0,15.0,4,3,0
2025-07-17 05:00:00,6377,24.9,86.0,18.0,5,3,0
2025-07-17 06:00:00,6736,25.3,85.0,21.0,6,3,0
2025-07-17 07:00:00,7289,26.0,83.0,16.0,7,3,0
2025-07-17 08:00:00,7850,26.6,74.0,30.0,8,3,0
2025-07-17 09:00:00,8218,26.4,72.0,36.0,9,3,0
2025-07-17 10:00:00,8472,26.9,67.0,40.0,10,3,0
2025-07-17 11:00:00,8675,27.1,64.0,41.0,11,3,0
2025-07-17 12:00:00,8663,28.5,53.0,41.0,12,3,0
2025-07-17 13:00:00,8648,27.8,51.0,49.0,13,3,0
2025-07-17 14:00:00,8663,26.6,56.0,37.0,14,3,0
2025-07-17 15:00:00,8636,25.5,57.0,43.0,15,3,0
2025-07-17 16:00:00,8491,22.9,62.0,42.0,16,3,0
2025-07-17 17:00:00,8134,21.9,62.0,35.0,17,3,0
2025-07-17 18:00:00,7718,21.3,61.0,32.0,18,3,0
2025-07-17 19:00:00,7313,20.3,68.0,28.0,19,3,0
2025-07-17 20:00:00,6995,17.6,83.0,21.0,20,3,0
2025-07-17 21:00:00,6817,17.5,74.0,22.0,21,3,0
2025-07-17 22:00:00,6420,16.8,75.0,28.0,22,3,0
2025-07-17 23:00:00,5937,15.9,75.0,24.0,23,3,0
2025-07-18 00:00:00,5470,15.3,76.0,22.0,0,4,0
2025-07-18 01:00:00,5111,14.6,76.0,17.0,1,4,0
2025-07-18 02:00:00,4836,14.3,76.0,14.0,2,4,0
2025-07-18 03:00:00,4698,14.2,76.0,12.0,3,4,0
2025-07-18 04:00:00,4642,13.8,77.0,11.0,4,4,0
2025-07-18 05:00:00,4718,13.6,81.0,10.0,5,4,0
2025-07-18 06:00:00,4982,15.0,74.0,14.0,6,4,0
2025-07-18 07:00:00,5458,16.4,70.0,14.0,7,4,0
2025-07-18 08:00:00,5963,18.6,55.0,9.0,8,4,0
2025-07-18 09:00:00,6315,20.2,47.0,8.0,9,4,0
2025-07-18 10:00:00,6563,21.5,42.0,18.0,10,4,0
2025-07-18 11:00:00,6728,21.7,39.0,15.0,11,4,0
2025-07-18 12:00:00,6835,22.0,41.0,15.0,12,4,0
2025-07-18 13:00:00,6861,21.8,43.0,17.0,13,4,0
2025-07-18 14:00:00,6899,22.1,40.0,14.0,14,4,0
2025-07-18 15:00:00,6962,22.4,40.0,18.0,15,4,0
2025-07-18 16:00:00,7056,22.1,38.0,17.0,16,4,0
2025-07-18 17:00:00,7163,22.3,40.0,13.0,17,4,0
2025-07-18 18:00:00,7095,22.1,37.0,13.0,18,4,0
2025-07-18 19:00:00,6917,21.5,40.0,12.0,19,4,0
2025-07-18 20:00:00,6627,20.6,42.0,10.0,20,4,0
2025-07-18 21:00:00,6461,20.0,45.0,4.0,21,4,0
2025-07-18 22:00:00,6142,19.7,47.0,4.0,22,4,0
2025-07-18 23:00:00,5705,19.3,52.0,5.0,23,4,0
2025-07-19 00:00:00,5293,17.9,60.0,0.0,0,5,1
2025-07-19 01:00:00,4956,17.3,61.0,0.0,1,5,1
2025-07-19 02:00:00,4719,17.3,55.0,5.0,2,5,1
2025-07-19 03:00:00,4553,15.8,62.0,7.0,3,5,1
2025-07-19 04:00:00,4467,15.2,59.0,10.0,4,5,1
2025-07-19 05:00:00,4442,15.2,61.0,10.0,5,5,1
2025-07-19 06:00:00,4496,16.4,58.0,9.0,6,5,1
2025-07-19 07:00:00,4779,18.6,53.0,7.0,7,5,1
2025-07-19 08:00:00,5201,20.9,50.0,6.0,8,5,1
2025-07-19 09:00:00,5664,22.5,44.0,8.0,9,5,1
2025-07-19 10:00:00,6057,23.2,44.0,8.0,10,5,1
2025-07-19 11:00:00,6349,23.6,46.0,15.0,11,5,1
2025-07-19 12:00:00,6516,23.6,48.0,16.0,12,5,1
2025-07-19 13:00:00,6654,23.9,47.0,17.0,13,5,1
2025-07-19 14:00:00,6733,25.5,44.0,13.0,14,5,1
2025-07-19 15:00:00,6889,26.7,42.0,18.0,15,5,1
2025-07-19 16:00:00,6969,25.1,44.0,16.0,16,5,1
2025-07-19 17:00:00,6922,24.4,50.0,14.0,17,5,1
2025-07-19 18:00:00,6811,24.1,52.0,15.0,18,5,1
2025-07-19 19:00:00,6630,23.2,58.0,14.0,19,5,1
2025-07-19 20:00:00,6496,22.6,65.0,10.0,20,5,1
2025-07-19 21:00:00,6517,22.6,69.0,8.0,21,5,1
2025-07-19 22:00:00,6321,22.8,69.0,8.0,22,5,1
2025-07-19 23:00:00,6005,23.0,63.0,4.0,23,5,1
2025-07-20 00:00:00,5666,22.9,66.0,7.0,0,6,1
2025-07-20 01:00:00,5366,23.0,60.0,5.0,1,6,1
2025-07-20 02:00:00,5114,22.1,68.0,7.0,2,6,1
2025-07-20 03:00:00,4948,19.2,94.0,18.0,3,6,1
2025-07-20 04:00:00,4845,19.2,96.0,21.0,4,6,1
2025-07-20 05:00:00,4821,19.1,97.0,25.0,5,6,1
2025-07-20 06:00:00,4820,20.7,88.0,16.0,6,6,1
2025-07-20 07:00:00,5043,21.9,84.0,11.0,7,6,1
2025-07-20 08:00:00,5608,22.7,80.0,19.0,8,6,1
2025-07-20 09:00:00,6036,22.7,78.0,17.0,9,6,1
2025-07-20 10:00:00,6366,24.6,72.0,20.0,10,6,1
2025-07-20 11:00:00,6698,25.2,67.0,11.0,11,6,1
2025-07-20 12:00:00,7008,24.7,62.0,25.0,12,6,1
2025-07-20 13:00:00,7131,26.2,53.0,27.0,13,6,1
2025-07-20 14:00:00,7249,26.7,51.0,21.0,14,6,1
2025-07-20 15:00:00,7352,27.5,46.0,26.0,15,6,1
2025-07-20 16:00:00,7479,26.8,50.0,26.0,16,6,1
2025-07-20 17:00:00,7588,26.2,50.0,23.0,17,6,1
2025-07-20 18:00:00,7555,25.5,39.0,30.0,18,6,1
2025-07-20 19:00:00,7332,24.0,45.0,26.0,19,6,1
2025-07-20 20:00:00,6962,22.3,53.0,23.0,20,6,1
2025-07-20 21:00:00,6789,21.5,62.0,19.0,21,6,1
2025-07-20 22:00:00,6487,20.5,66.0,15.0,22,6,1
2025-07-20 23:00:00,6036,20.2,67.0,22.0,23,6,1
2025-07-21 00:00:00,5581,19.1,68.0,22.0,0,0,0
2025-07-21 01:00:00,5198,18.5,70.0,22.0,1,0,0
2025-07-21 02:00:00,4958,18.1,73.0,26.0,2,0,0
2025-07-21 03:00:00,4810,17.5,77.0,27.0,3,0,0
2025-07-21 04:00:00,4760,16.8,73.0,26.0,4,0,0
2025-07-21 05:00:00,4835,16.1,75.0,13.0,5,0,0
2025-07-21 06:00:00,5101,16.5,69.0,17.0,6,0,0
2025-07-21 07:00:00,5607,17.2,65.0,17.0,7,0,0
2025-07-21 08:00:00,6053,18.3,58.0,24.0,8,0,0
2025-07-21 09:00:00,6374,19.5,53.0,21.0,9,0,0
2025-07-21 10:00:00,6642,20.1,44.0,19.0,10,0,0
2025-07-21 11:00:00,6799,20.6,43.0,20.0,11,0,0
2025-07-21 12:00:00,6905,21.3,40.0,23.0,12,0,0
2025-07-21 13:00:00,6987,21.7,36.0,17.0,13,0,0
2025-07-21 14:00:00,7051,22.9,36.0,16.0,14,0,0
2025-07-21 15:00:00,7136,23.2,39.0,11.0,15,0,0
2025-07-21 16:00:00,7239,23.1,42.0,3.0,16,0,0
2025-07-21 17:00:00,7346,22.3,46.0,13.0,17,0,0
2025-07-21 18:00:00,7254,20.7,49.0,15.0,18,0,0
2025-07-21 19:00:00,7091,20.8,50.0,10.0,19,0,0
2025-07-21 20:00:00,6821,20.0,56.0,16.0,20,0,0
2025-07-21 21:00:00,6674,18.7,59.0,18.0,21,0,0
2025-07-21 22:00:00,6283,17.2,68.0,18.0,22,0,0
2025-07-21 23:00:00,5761,16.7,71.0,17.0,23,0,0
2025-07-22 00:00:00,5318,16.1,74.0,18.0,0,1,0
2025-07-22 01:00:00,4984,15.6,77.0,15.0,1,1,0
2025-07-22 02:00:00,4751,15.3,77.0,16.0,2,1,0
2025-07-22 03:00:00,4621,14.6,78.0,9.0,3,1,0
2025-07-22 04:00:00,4577,15.5,63.0,9.0,4,1,0
2025-07-22 05:00:00,4667,15.3,63.0,13.0,5,1,0
2025-07-22 06:00:00,4954,16.1,62.0,11.0,6,1,0
2025-07-22 07:00:00,5461,17.5,63.0,9.0,7,1,0
2025-07-22 08:00:00,5938,19.3,69.0,10.0,8,1,0
2025-07-22 09:00:00,6348,20.7,59.0,12.0,9,1,0
2025-07-22 10:00:00,6671,21.0,62.0,19.0,10,1,0
2025-07-22 11:00:00,6834,22.4,54.0,14.0,11,1,0
2025-07-22 12:00:00,6972,22.1,54.0,10.0,12,1,0
2025-07-22 13:00:00,7030,23.3,49.0,14.0,13,1,0
2025-07-22 14:00:00,7113,23.1,48.0,8.0,14,1,0
2025-07-22 15:00:00,7211,23.7,45.0,19.0,15,1,0
2025-07-22 16:00:00,7335,23.2,45.0,19.0,16,1,0
2025-07-22 17:00:00,7444,22.9,50.0,13.0,17,1,0
2025-07-22 18:00:00,7383,22.2,52.0,15.0,18,1,0
2025-07-22 19:00:00,7231,21.3,58.0,12.0,19,1,0
2025-07-22 20:00:00,6931,20.1,62.0,11.0,20,1,0
2025-07-22 21:00:00,6802,19.6,67.0,9.0,21,1,0
2025-07-22 22:00:00,6436,19.8,66.0,8.0,22,1,0
2025-07-22 23:00:00,5950,19.7,63.0,7.0,23,1,0
2025-07-23 00:00:00,5513,19.2,68.0,7.0,0,2,0
2025-07-23 01:00:00,5173,19.1,74.0,6.0,1,2,0
2025-07-23 02:00:00,4932,18.4,78.0,5.0,2,2,0
2025-07-23 03:00:00,4785,17.5,78.0,5.0,3,2,0
2025-07-23 04:00:00,4733,15.9,83.0,3.0,4,2,0
2025-07-23 05:00:00,4840,17.1,79.0,5.0,5,2,0
2025-07-23 06:00:00,5145,18.0,81.0,5.0,6,2,0
2025-07-23 07:00:00,5717,20.0,77.0,7.0,7,2,0
2025-07-23 08:00:00,6302,21.6,64.0,11.0,8,2,0
2025-07-23 09:00:00,6737,23.2,54.0,14.0,9,2,0
2025-07-23 10:00:00,7081,23.4,59.0,12.0,10,2,0
2025-07-23 11:00:00,7334,24.2,54.0,13.0,11,2,0
2025-07-23 12:00:00,7517,25.5,44.0,14.0,12,2,0
2025-07-23 13:00:00,7678,26.2,46.0,7.0,13,2,0
2025-07-23 14:00:00,7809,27.0,41.0,12.0,14,2,0
2025-07-23 15:00:00,7993,27.4,43.0,14.0,15,2,0
2025-07-23 16:00:00,8169,26.6,48.0,13.0,16,2,0
2025-07-23 17:00:00,8267,25.6,49.0,14.0,17,2,0
2025-07-23 18:00:00,8180,24.4,55.0,16.0,18,2,0
2025-07-23 19:00:00,7990,23.6,59.0,16.0,19,2,0
2025-07-23 20:00:00,7676,22.3,70.0,10.0,20,2,0
2025-07-23 21:00:00,7498,22.0,75.0,12.0,21,2,0
2025-07-23 22:00:00,7081,21.6,77.0,9.0,22,2,0
2025-07-23 23:00:00,6573,20.8,82.0,5.0,23,2,0
2025-07-24 00:00:00,6064,21.0,80.0,6.0,0,3,0
2025-07-24 01:00:00,5665,20.8,74.0,7.0,1,3,0
2025-07-24 02:00:00,5371,20.5,74.0,11.0,2,3,0
2025-07-24 03:00:00,5173,20.6,69.0,8.0,3,3,0
2025-07-24 04:00:00,5103,20.2,72.0,7.0,4,3,0
2025-07-24 05:00:00,5228,19.2,77.0,8.0,5,3,0
2025-07-24 06:00:00,5555,22.2,65.0,7.0,6,3,0
2025-07-24 07:00:00,6162,24.1,62.0,11.0,7,3,0
2025-07-24 08:00:00,6826,25.8,61.0,11.0,8,3,0
2025-07-24 09:00:00,7419,28.4,63.0,17.0,9,3,0
2025-07-24 10:00:00,8057,29.2,64.0,21.0,10,3,0
2025-07-24 11:00:00,8547,30.9,66.0,17.0,11,3,0
2025-07-24 12:00:00,8935,31.6,62.0,20.0,12,3,0
2025-07-24 13:00:00,9234,31.7,61.0,29.0,13,3,0
2025-07-24 14:00:00,9370,32.0,60.0,22.0,14,3,0
2025-07-24 15:00:00,9486,32.3,57.0,27.0,15,3,0
2025-07-24 16:00:00,9572,33.2,54.0,33.0,16,3,0
2025-07-24 17:00:00,9614,32.7,53.0,36.0,17,3,0
2025-07-24 18:00:00,9463,31.5,56.0,30.0,18,3,0
2025-07-24 19:00:00,9212,30.6,61.0,25.0,19,3,0
2025-07-24 20:00:00,8802,24.2,84.0,14.0,20,3,0
2025-07-24 21:00:00,8432,23.3,88.0,12.0,21,3,0
2025-07-24 22:00:00,7992,23.0,89.0,14.0,22,3,0
2025-07-24 23:00:00,7477,22.9,89.0,20.0,23,3,0
2025-07-25 00:00:00,6977,22.8,90.0,20.0,0,4,0
2025-07-25 01:00:00,6572,23.5,88.0,19.0,1,4,0
2025-07-25 02:00:00,6253,23.0,90.0,11.0,2,4,0
2025-07-25 03:00:00,6059,22.8,90.0,12.0,3,4,0
2025-07-25 04:00:00,5980,22.8,89.0,13.0,4,4,0
2025-07-25 05:00:00,6084,22.8,88.0,12.0,5,4,0
2025-07-25 06:00:00,6376,23.2,87.0,13.0,6,4,0
2025-07-25 07:00:00,6804,23.3,84.0,14.0,7,4,0
2025-07-25 08:00:00,7226,23.9,80.0,12.0,8,4,0
2025-07-25 09:00:00,7537,25.1,72.0,15.0,9,4,0
2025-07-25 10:00:00,7937,26.1,71.0,11.0,10,4,0
2025-07-25 11:00:00,8295,26.7,71.0,7.0,11,4,0
2025-07-25 12:00:00,8547,27.6,61.0,16.0,12,4,0
2025-07-25 13:00:00,8724,28.2,58.0,14.0,13,4,0
2025-07-25 14:00:00,8850,28.8,53.0,16.0,14,4,0
2025-07-25 15:00:00,8929,29.2,51.0,12.0,15,4,0
2025-07-25 16:00:00,9016,29.4,53.0,18.0,16,4,0
2025-07-25 17:00:00,9033,29.2,49.0,18.0,17,4,0
2025-07-25 18:00:00,8869,28.1,48.0,20.0,18,4,0
2025-07-25 19:00:00,8615,26.7,48.0,19.0,19,4,0
2025-07-25 20:00:00,8236,25.3,56.0,11.0,20,4,0
2025-07-25 21:00:00,8036,24.8,59.0,20.0,21,4,0
2025-07-25 22:00:00,7574,22.9,65.0,16.0,22,4,0
2025-07-25 23:00:00,6997,22.0,67.0,13.0,23,4,0
2025-07-26 00:00:00,6452,21.6,69.0,11.0,0,5,1
2025-07-26 01:00:00,5997,20.8,72.0,12.0,1,5,1
2025-07-26 02:00:00,5650,20.6,75.0,13.0,2,5,1
2025-07-26 03:00:00,5384,20.2,77.0,13.0,3,5,1
2025-07-26 04:00:00,5229,19.8,78.0,8.0,4,5,1
2025-07-26 05:00:00,5189,19.6,79.0,6.0,5,5,1
2025-07-26 06:00:00,5214,19.7,80.0,8.0,6,5,1
2025-07-26 07:00:00,5489,21.8,74.0,7.0,7,5,1
2025-07-26 08:00:00,6136,23.6,71.0,7.0,8,5,1
2025-07-26 09:00:00,6802,25.4,70.0,10.0,9,5,1
2025-07-26 10:00:00,7390,25.9,73.0,11.0,10,5,1
2025-07-26 11:00:00,7782,26.3,70.0,10.0,11,5,1
2025-07-26 12:00:00,8022,27.6,71.0,11.0,12,5,1
2025-07-26 13:00:00,8220,28.5,64.0,16.0,13,5,1
2025-07-26 14:00:00,8380,28.2,64.0,22.0,14,5,1
2025-07-26 15:00:00,8358,27.8,67.0,14.0,15,5,1
2025-07-26 16:00:00,8212,26.1,71.0,19.0,16,5,1
2025-07-26 17:00:00,8000,24.6,80.0,12.0,17,5,1
2025-07-26 18:00:00,7739,23.4,93.0,7.0,18,5,1
2025-07-26 19:00:00,7486,23.2,93.0,9.0,19,5,1
2025-07-26 20:00:00,7349,23.1,93.0,7.0,20,5,1
2025-07-26 21:00:00,7269,23.1,95.0,8.0,21,5,1
2025-07-26 22:00:00,7028,23.1,96.0,8.0,22,5,1
2025-07-26 23:00:00,6701,23.5,95.0,10.0,23,5,1
2025-07-27 00:00:00,6356,23.7,93.0,9.0,0,6,1
2025-07-27 01:00:00,6055,23.7,93.0,6.0,1,6,1
2025-07-27 02:00:00,5784,23.7,92.0,9.0,2,6,1
2025-07-27 03:00:00,5593,23.6,93.0,11.0,3,6,1
2025-07-27 04:00:00,5491,23.3,92.0,11.0,4,6,1
2025-07-27 05:00:00,5465,22.8,93.0,13.0,5,6,1
2025-07-27 06:00:00,5478,23.6,90.0,17.0,6,6,1
2025-07-27 07:00:00,5724,24.5,88.0,10.0,7,6,1
2025-07-27 08:00:00,6268,25.6,78.0,19.0,8,6,1
2025-07-27 09:00:00,6942,26.4,70.0,22.0,9,6,1
2025-07-27 10:00:00,7445,28.1,65.0,22.0,10,6,1
2025-07-27 11:00:00,7870,29.1,59.0,17.0,11,6,1
2025-07-27 12:00:00,8168,29.8,58.0,18.0,12,6,1
2025-07-27 13:00:00,8431,30.5,54.0,31.0,13,6,1
2025-07-27 14:00:00,8595,31.3,49.0,26.0,14,6,1
2025-07-27 15:00:00,8728,31.9,49.0,26.0,15,6,1
2025-07-27 16:00:00,8851,32.0,44.0,29.0,16,6,1
2025-07-27 17:00:00,8942,31.6,47.0,27.0,17,6,1
2025-07-27 18:00:00,8913,30.9,47.0,24.0,18,6,1
2025-07-27 19:00:00,8733,28.4,61.0,26.0,19,6,1
2025-07-27 20:00:00,8365,26.5,63.0,17.0,20,6,1
2025-07-27 21:00:00,8205,25.1,67.0,16.0,21,6,1
2025-07-27 22:00:00,7818,24.3,70.0,11.0,22,6,1
2025-07-27 23:00:00,7304,23.6,75.0,9.0,23,6,1
2025-07-28 00:00:00,6777,23.7,74.0,13.0,0,0,0
2025-07-28 01:00:00,6326,22.6,78.0,13.0,1,0,0
2025-07-28 02:00:00,5991,21.9,79.0,3.0,2,0,0
2025-07-28 03:00:00,5774,20.9,83.0,7.0,3,0,0
2025-07-28 04:00:00,5674,21.3,81.0,4.0,4,0,0
2025-07-28 05:00:00,5746,20.6,83.0,5.0,5,0,0
2025-07-28 06:00:00,6015,22.5,74.0,5.0,6,0,0
2025-07-28 07:00:00,6660,24.5,69.0,0.0,7,0,0
2025-07-28 08:00:00,7393,26.6,60.0,10.0,8,0,0
2025-07-28 09:00:00,8026,28.4,57.0,12.0,9,0,0
2025-07-28 10:00:00,8494,29.2,54.0,9.0,10,0,0
2025-07-28 11:00:00,8818,30.4,48.0,14.0,11,0,0
2025-07-28 12:00:00,9143,31.2,47.0,15.0,12,0,0
2025-07-28 13:00:00,9362,32.5,44.0,9.0,13,0,0
2025-07-28 14:00:00,9446,31.7,48.0,5.0,14,0,0
2025-07-28 15:00:00,9493,32.9,42.0,17.0,15,0,0
2025-07-28 16:00:00,9587,32.8,44.0,16.0,16,0,0
2025-07-28 17:00:00,9463,32.1,47.0,18.0,17,0,0
2025-07-28 18:00:00,9300,32.0,46.0,22.0,18,0,0
2025-07-28 19:00:00,9191,30.8,53.0,21.0,19,0,0
2025-07-28 20:00:00,9182,29.3,60.0,21.0,20,0,0
2025-07-28 21:00:00,9100,28.3,67.0,15.0,21,0,0
2025-07-28 22:00:00,8666,26.8,76.0,15.0,22,0,0
2025-07-28 23:00:00,8091,25.2,82.0,10.0,23,0,0
2025-07-29 00:00:00,7539,25.4,76.0,14.0,0,1,0
2025-07-29 01:00:00,7022,25.3,75.0,13.0,1,1,0
2025-07-29 02:00:00,6618,24.3,77.0,12.0,2,1,0
2025-07-29 03:00:00,6335,24.1,65.0,22.0,3,1,0
2025-07-29 04:00:00,6097,23.1,72.0,15.0,4,1,0
2025-07-29 05:00:00,6106,22.1,75.0,13.0,5,1,0
2025-07-29 06:00:00,6331,22.1,77.0,16.0,6,1,0
2025-07-29 07:00:00,6914,22.9,76.0,18.0,7,1,0
2025-07-29 08:00:00,7576,24.6,71.0,10.0,8,1,0
2025-07-29 09:00:00,8132,26.7,60.0,13.0,9,1,0
2025-07-29 10:00:00,8597,28.2,54.0,8.0,10,1,0
2025-07-29 11:00:00,8903,29.2,50.0,6.0,11,1,0
2025-07-29 12:00:00,9132,30.4,42.0,3.0,12,1,0
2025-07-29 13:00:00,9296,30.7,49.0,15.0,13,1,0
2025-07-29 14:00:00,9387,30.5,49.0,15.0,14,1,0
2025-07-29 15:00:00,9429,30.7,46.0,13.0,15,1,0
2025-07-29 16:00:00,9444,31.7,43.0,5.0,16,1,0
2025-07-29 17:00:00,9324,32.5,31.0,5.0,17,1,0
2025-07-29 18:00:00,9236,30.0,47.0,29.0,18,1,0
2025-07-29 19:00:00,9026,27.9,52.0,17.0,19,1,0
2025-07-29 20:00:00,8811,26.0,57.0,18.0,20,1,0
2025-07-29 21:00:00,8611,25.2,60.0,18.0,21,1,0
2025-07-29 22:00:00,8165,24.4,64.0,14.0,22,1,0
2025-07-29 23:00:00,7546,23.7,66.0,10.0,23,1,0
2025-07-30 00:00:00,6978,23.2,68.0,9.0,0,2,0
2025-07-30 01:00:00,6534,22.5,71.0,13.0,1,2,0
2025-07-30 02:00:00,6187,21.9,74.0,10.0,2,2,0
2025-07-30 03:00:00,5903,21.0,77.0,7.0,3,2,0
2025-07-30 04:00:00,5785,21.5,75.0,10.0,4,2,0
2025-07-30 05:00:00,5903,21.4,75.0,8.0,5,2,0
2025-07-30 06:00:00,6171,22.3,72.0,8.0,6,2,0
2025-07-30 07:00:00,6700,22.9,66.0,13.0,7,2,0
2025-07-30 08:00:00,7210,24.4,64.0,5.0,8,2,0
2025-07-30 09:00:00,7749,25.6,63.0,11.0,9,2,0
2025-07-30 10:00:00,8121,26.0,56.0,9.0,10,2,0
2025-07-30 11:00:00,8532,27.7,49.0,3.0,11,2,0
2025-07-30 12:00:00,8868,29.3,45.0,8.0,12,2,0
2025-07-30 13:00:00,9049,28.7,52.0,8.0,13,2,0
2025-07-30 14:00:00,9171,28.8,50.0,16.0,14,2,0
2025-07-30 15:00:00,9139,29.6,51.0,13.0,15,2,0
2025-07-30 16:00:00,9109,29.6,50.0,22.0,16,2,0
2025-07-30 17:00:00,9135,27.8,51.0,24.0,17,2,0
2025-07-30 18:00:00,8879,26.5,48.0,22.0,18,2,0
2025-07-30 19:00:00,8388,24.1,47.0,36.0,19,2,0
2025-07-30 20:00:00,8083,23.2,48.0,30.0,20,2,0
2025-07-30 21:00:00,7770,22.9,49.0,24.0,21,2,0
2025-07-30 22:00:00,7303,22.4,49.0,13.0,22,2,0
2025-07-30 23:00:00,6810,21.8,50.0,20.0,23,2,0
2025-07-31 00:00:00,6258,20.8,52.0,23.0,0,3,0
2025-07-31 01:00:00,5796,18.7,69.0,12.0,1,3,0
2025-07-31 02:00:00,5486,17.5,77.0,7.0,2,3,0
2025-07-31 03:00:00,5219,17.1,80.0,5.0,3,3,0
2025-07-31 04:00:00,5147,17.3,80.0,8.0,4,3,0
2025-07-31 05:00:00,5264,17.7,78.0,5.0,5,3,0
2025-07-31 06:00:00,5546,18.4,73.0,6.0,6,3,0
2025-07-31 07:00:00,5929,19.5,66.0,7.0,7,3,0
2025-07-31 08:00:00,6360,19.5,56.0,16.0,8,3,0
2025-07-31 09:00:00,6558,19.6,58.0,12.0,9,3,0
2025-07-31 10:00:00,6660,19.7,56.0,16.0,10,3,0
2025-07-31 11:00:00,6796,20.5,55.0,17.0,11,3,0
2025-07-31 12:00:00,6892,21.5,44.0,19.0,12,3,0
2025-07-31 13:00:00,6953,21.8,43.0,18.0,13,3,0
2025-07-31 14:00:00,6982,22.5,43.0,13.0,14,3,0
2025-07-31 15:00:00,7103,23.6,39.0,14.0,15,3,0
2025-07-31 16:00:00,7280,23.5,30.0,14.0,16,3,0
2025-07-31 17:00:00,7380,22.9,43.0,13.0,17,3,0
2025-07-31 18:00:00,7214,21.9,39.0,17.0,18,3,0
2025-07-31 19:00:00,6998,21.3,48.0,9.0,19,3,0
2025-07-31 20:00:00,6798,20.1,53.0,5.0,20,3,0
2025-07-31 21:00:00,6696,19.9,53.0,5.0,21,3,0
2025-07-31 22:00:00,6422,19.4,54.0,4.0,22,3,0
2025-07-31 23:00:00,6000,18.6,64.0,10.0,23,3,0
2025-08-01 00:00:00,5568,18.8,63.0,7.0,0,4,0
2025-08-01 01:00:00,5234,17.1,70.0,7.0,1,4,0
2025-08-01 02:00:00,4972,16.2,75.0,14.0,2,4,0
2025-08-01 03:00:00,4806,15.8,76.0,9.0,3,4,0
2025-08-01 04:00:00,4742,16.4,66.0,7.0,4,4,0
2025-08-01 05:00:00,4833,15.7,63.0,11.0,5,4,0
2025-08-01 06:00:00,5033,16.2,59.0,11.0,6,4,0
2025-08-01 07:00:00,5415,17.2,63.0,9.0,7,4,0
2025-08-01 08:00:00,5909,19.1,55.0,12.0,8,4,0
2025-08-01 09:00:00,6302,20.9,46.0,11.0,9,4,0
2025-08-01 10:00:00,6621,22.9,41.0,14.0,10,4,0
2025-08-01 11:00:00,6819,21.7,39.0,13.0,11,4,0
2025-08-01 12:00:00,6864,22.5,31.0,7.0,12,4,0
2025-08-01 13:00:00,6938,22.3,34.0,11.0,13,4,0
2025-08-01 14:00:00,7006,24.0,26.0,26.0,14,4,0
2025-08-01 15:00:00,7056,24.2,28.0,22.0,15,4,0
2025-08-01 16:00:00,7143,24.7,29.0,19.0,16,4,0
2025-08-01 17:00:00,7217,24.1,27.0,16.0,17,4,0
2025-08-01 18:00:00,7121,23.4,30.0,14.0,18,4,0
2025-08-01 19:00:00,6949,22.6,31.0,11.0,19,4,0
2025-08-01 20:00:00,6630,21.1,43.0,15.0,20,4,0
2025-08-01 21:00:00,6545,20.1,47.0,26.0,21,4,0
2025-08-01 22:00:00,6142,18.8,54.0,19.0,22,4,0
2025-08-01 23:00:00,5720,17.7,58.0,15.0,23,4,0
2025-08-02 00:00:00,5325,17.0,61.0,13.0,0,5,1
2025-08-02 01:00:00,5017,16.6,62.0,12.0,1,5,1
2025-08-02 02:00:00,4754,15.9,63.0,13.0,2,5,1
2025-08-02 03:00:00,4607,15.0,67.0,7.0,3,5,1
2025-08-02 04:00:00,4509,14.9,67.0,7.0,4,5,1
2025-08-02 05:00:00,4498,14.5,71.0,8.0,5,5,1
2025-08-02 06:00:00,4505,15.3,69.0,8.0,6,5,1
2025-08-02 07:00:00,4655,17.4,64.0,11.0,7,5,1
2025-08-02 08:00:00,5051,20.2,51.0,7.0,8,5,1
2025-08-02 09:00:00,5507,22.5,41.0,10.0,9,5,1
2025-08-02 10:00:00,5920,23.3,36.0,8.0,10,5,1
2025-08-02 11:00:00,6232,23.9,37.0,0.0,11,5,1
2025-08-02 12:00:00,6403,25.6,40.0,3.0,12,5,1
2025-08-02 13:00:00,6535,25.1,29.0,4.0,13,5,1
2025-08-02 14:00:00,6657,25.0,37.0,21.0,14,5,1
2025-08-02 15:00:00,6758,26.2,32.0,17.0,15,5,1
2025-08-02 16:00:00,6844,26.5,32.0,16.0,16,5,1
2025-08-02 17:00:00,6881,26.2,33.0,19.0,17,5,1
2025-08-02 18:00:00,6856,25.4,38.0,13.0,18,5,1
2025-08-02 19:00:00,6691,24.6,43.0,16.0,19,5,1
2025-08-02 20:00:00,6487,23.2,50.0,15.0,20,5,1
2025-08-02 21:00:00,6402,22.4,54.0,13.0,21,5,1
2025-08-02 22:00:00,6151,21.4,57.0,13.0,22,5,1
2025-08-02 23:00:00,5785,20.6,60.0,14.0,23,5,1
2025-08-03 00:00:00,5386,19.9,62.0,11.0,0,6,1
2025-08-03 01:00:00,5033,17.9,69.0,13.0,1,6,1
2025-08-03 02:00:00,4800,18.7,66.0,9.0,2,6,1
2025-08-03 03:00:00,4630,17.5,70.0,6.0,3,6,1
2025-08-03 04:00:00,4498,16.5,72.0,8.0,4,6,1
2025-08-03 05:00:00,4460,16.4,71.0,5.0,5,6,1
2025-08-03 06:00:00,4441,17.4,68.0,11.0,6,6,1
2025-08-03 07:00:00,4602,19.4,64.0,9.0,7,6,1
2025-08-03 08:00:00,4936,21.7,60.0,11.0,8,6,1
2025-08-03 09:00:00,5363,23.8,50.0,15.0,9,6,1
2025-08-03 10:00:00,5843,25.6,39.0,17.0,10,6,1
2025-08-03 11:00:00,6278,25.8,45.0,8.0,11,6,1
2025-08-03 12:00:00,6595,27.3,40.0,7.0,12,6,1
2025-08-03 13:00:00,6823,28.0,36.0,9.0,13,6,1
2025-08-03 14:00:00,7013,28.6,35.0,15.0,14,6,1
2025-08-03 15:00:00,7125,28.4,40.0,12.0,15,6,1
2025-08-03 16:00:00,7193,28.4,41.0,7.0,16,6,1
2025-08-03 17:00:00,7268,27.5,42.0,9.0,17,6,1
2025-08-03 18:00:00,7157,27.5,43.0,14.0,18,6,1
2025-08-03 19:00:00,6979,26.1,49.0,17.0,19,6,1
2025-08-03 20:00:00,6791,24.7,52.0,14.0,20,6,1
2025-08-03 21:00:00,6691,24.0,53.0,12.0,21,6,1
2025-08-03 22:00:00,6402,23.4,56.0,10.0,22,6,1
2025-08-03 23:00:00,6002,22.2,60.0,14.0,23,6,1
2025-08-04 00:00:00,5542,20.6,63.0,6.0,0,0,0
2025-08-04 01:00:00,5189,19.8,66.0,11.0,1,0,0
2025-08-04 02:00:00,4888,18.9,69.0,11.0,2,0,0
2025-08-04 03:00:00,4688,18.0,71.0,9.0,3,0,0
2025-08-04 04:00:00,4584,18.5,69.0,9.0,4,0,0
2025-08-04 05:00:00,4573,16.3,78.0,5.0,5,0,0
2025-08-04 06:00:00,4613,17.4,74.0,9.0,6,0,0
2025-08-04 07:00:00,4791,20.1,62.0,10.0,7,0,0
2025-08-04 08:00:00,5195,22.1,59.0,6.0,8,0,0
2025-08-04 09:00:00,5735,24.5,52.0,12.0,9,0,0
2025-08-04 10:00:00,6292,26.3,46.0,9.0,10,0,0
2025-08-04 11:00:00,6707,27.0,39.0,8.0,11,0,0
2025-08-04 12:00:00,7023,28.0,31.0,4.0,12,0,0
2025-08-04 13:00:00,7243,28.7,28.0,10.0,13,0,0
2025-08-04 14:00:00,7403,27.9,38.0,16.0,14,0,0
2025-08-04 15:00:00,7553,27.5,40.0,19.0,15,0,0
2025-08-04 16:00:00,7675,27.3,40.0,19.0,16,0,0
2025-08-04 17:00:00,7743,26.5,41.0,18.0,17,0,0
2025-08-04 18:00:00,7601,26.1,39.0,13.0,18,0,0
2025-08-04 19:00:00,7376,25.5,41.0,10.0,19,0,0
2025-08-04 20:00:00,7183,24.8,41.0,6.0,20,0,0
2025-08-04 21:00:00,7045,24.5,42.0,0.0,21,0,0
2025-08-04 22:00:00,6692,23.1,55.0,17.0,22,0,0
2025-08-04 23:00:00,6228,22.2,58.0,15.0,23,0,0
2025-08-05 00:00:00,5759,21.1,63.0,14.0,0,1,0
2025-08-05 01:00:00,5406,19.9,70.0,10.0,1,1,0
2025-08-05 02:00:00,5143,19.4,72.0,6.0,2,1,0
2025-08-05 03:00:00,4998,19.1,76.0,7.0,3,1,0
2025-08-05 04:00:00,4990,19.6,83.0,7.0,4,1,0
2025-08-05 05:00:00,5143,20.3,89.0,8.0,5,1,0
2025-08-05 06:00:00,5467,20.5,88.0,13.0,6,1,0
2025-08-05 07:00:00,5944,21.1,84.0,10.0,7,1,0
2025-08-05 08:00:00,6485,22.2,77.0,10.0,8,1,0
2025-08-05 09:00:00,6968,23.6,69.0,10.0,9,1,0
2025-08-05 10:00:00,7423,24.9,65.0,8.0,10,1,0
2025-08-05 11:00:00,7715,26.0,56.0,10.0,11,1,0
2025-08-05 12:00:00,7983,,,,12,1,0
2025-08-05 13:00:00,8203,27.2,51.0,12.0,13,1,0
2025-08-05 14:00:00,8351,27.9,47.0,13.0,14,1,0
2025-08-05 15:00:00,8480,27.9,42.0,16.0,15,1,0
2025-08-05 16:00:00,8612,27.6,45.0,16.0,16,1,0
2025-08-05 17:00:00,8679,27.5,39.0,19.0,17,1,0
2025-08-05 18:00:00,8471,26.6,37.0,13.0,18,1,0
2025-08-05 19:00:00,8118,25.1,45.0,14.0,19,1,0
2025-08-05 20:00:00,7840,23.9,54.0,10.0,20,1,0
2025-08-05 21:00:00,7655,23.2,60.0,11.0,21,1,0
2025-08-05 22:00:00,7187,22.9,65.0,8.0,22,1,0
2025-08-05 23:00:00,6697,22.6,73.0,8.0,23,1,0
2025-08-06 00:00:00,6210,22.5,75.0,14.0,0,2,0
2025-08-06 01:00:00,5800,22.0,78.0,12.0,1,2,0
2025-08-06 02:00:00,5497,21.4,68.0,12.0,2,2,0
2025-08-06 03:00:00,5260,21.0,68.0,14.0,3,2,0
2025-08-06 04:00:00,5205,20.4,70.0,10.0,4,2,0
2025-08-06 05:00:00,5319,20.7,66.0,11.0,5,2,0
2025-08-06 06:00:00,5595,20.7,65.0,8.0,6,2,0
2025-08-06 07:00:00,6025,20.8,64.0,10.0,7,2,0
2025-08-06 08:00:00,6447,21.4,68.0,10.0,8,2,0
2025-08-06 09:00:00,6846,22.4,73.0,12.0,9,2,0
2025-08-06 10:00:00,7311,24.2,70.0,9.0,10,2,0
2025-08-06 11:00:00,7610,23.5,73.0,13.0,11,2,0
2025-08-06 12:00:00,7806,24.4,71.0,15.0,12,2,0
2025-08-06 13:00:00,8026,25.4,66.0,14.0,13,2,0
2025-08-06 14:00:00,8283,27.0,55.0,10.0,14,2,0
2025-08-06 15:00:00,8408,27.7,52.0,13.0,15,2,0
2025-08-06 16:00:00,8455,28.0,48.0,8.0,16,2,0
2025-08-06 17:00:00,8527,27.2,53.0,13.0,17,2,0
2025-08-06 18:00:00,8341,26.4,55.0,10.0,18,2,0
2025-08-06 19:00:00,8102,23.8,74.0,16.0,19,2,0
2025-08-06 20:00:00,7878,23.4,72.0,10.0,20,2,0
2025-08-06 21:00:00,7760,23.6,70.0,5.0,21,2,0
2025-08-06 22:00:00,7317,23.4,69.0,8.0,22,2,0
2025-08-06 23:00:00,6790,22.6,75.0,8.0,23,2,0
2025-08-07 00:00:00,6283,22.4,71.0,6.0,0,3,0
2025-08-07 01:00:00,5888,22.0,73.0,5.0,1,3,0
2025-08-07 02:00:00,5617,21.4,79.0,4.0,2,3,0
2025-08-07 03:00:00,5452,21.0,87.0,4.0,3,3,0
2025-08-07 04:00:00,5398,21.1,88.0,6.0,4,3,0
2025-08-07 05:00:00,5506,21.3,87.0,5.0,5,3,0
2025-08-07 06:00:00,5794,21.2,78.0,0.0,6,3,0
2025-08-07 07:00:00,6268,22.7,68.0,7.0,7,3,0
2025-08-07 08:00:00,6821,23.6,62.0,11.0,8,3,0
2025-08-07 09:00:00,7298,24.1,64.0,18.0,9,3,0
2025-08-07 10:00:00,7688,24.4,61.0,12.0,10,3,0
2025-08-07 11:00:00,7969,25.4,58.0,13.0,11,3,0
2025-08-07 12:00:00,8252,26.5,50.0,14.0,12,3,0
2025-08-07 13:00:00,8431,26.6,45.0,14.0,13,3,0
2025-08-07 14:00:00,8515,27.3,46.0,15.0,14,3,0
2025-08-07 15:00:00,8585,28.3,39.0,15.0,15,3,0
2025-08-07 16:00:00,8624,27.6,43.0,18.0,16,3,0
2025-08-07 17:00:00,8600,26.0,49.0,16.0,17,3,0
2025-08-07 18:00:00,8388,25.4,54.0,13.0,18,3,0
2025-08-07 19:00:00,8098,23.9,59.0,10.0,19,3,0
2025-08-07 20:00:00,7851,23.3,62.0,12.0,20,3,0
2025-08-07 21:00:00,7667,22.9,67.0,9.0,21,3,0
2025-08-07 22:00:00,7255,22.5,74.0,8.0,22,3,0
2025-08-07 23:00:00,6731,22.2,78.0,7.0,23,3,0
2025-08-08 00:00:00,6285,22.1,80.0,7.0,0,4,0
2025-08-08 01:00:00,5873,21.5,81.0,3.0,1,4,0
2025-08-08 02:00:00,5580,21.4,83.0,8.0,2,4,0
2025-08-08 03:00:00,5415,21.5,85.0,6.0,3,4,0
2025-08-08 04:00:00,5335,21.5,78.0,8.0,4,4,0
2025-08-08 05:00:00,5431,21.2,79.0,7.0,5,4,0
2025-08-08 06:00:00,5702,21.2,78.0,5.0,6,4,0
2025-08-08 07:00:00,6195,22.6,73.0,6.0,7,4,0
2025-08-08 08:00:00,6792,24.2,66.0,10.0,8,4,0
2025-08-08 09:00:00,7425,25.1,65.0,5.0,9,4,0
2025-08-08 10:00:00,7843,25.6,64.0,14.0,10,4,0
2025-08-08 11:00:00,8045,27.3,58.0,17.0,11,4,0
2025-08-08 12:00:00,8417,29.2,54.0,20.0,12,4,0
2025-08-08 13:00:00,8653,29.1,53.0,22.0,13,4,0
2025-08-08 14:00:00,8771,28.7,53.0,17.0,14,4,0
2025-08-08 15:00:00,8675,28.7,51.0,22.0,15,4,0
2025-08-08 16:00:00,8571,28.4,49.0,18.0,16,4,0
2025-08-08 17:00:00,8420,28.6,48.0,17.0,17,4,0
2025-08-08 18:00:00,8174,27.9,48.0,16.0,18,4,0
2025-08-08 19:00:00,7985,27.3,51.0,9.0,19,4,0
2025-08-08 20:00:00,7841,24.9,72.0,10.0,20,4,0
2025-08-08 21:00:00,7782,24.4,74.0,8.0,21,4,0
2025-08-08 22:00:00,7373,24.0,75.0,9.0,22,4,0
2025-08-08 23:00:00,6861,23.8,76.0,9.0,23,4,0
2025-08-09 00:00:00,6411,23.6,78.0,7.0,0,5,1
2025-08-09 01:00:00,5997,23.1,82.0,4.0,1,5,1
2025-08-09 02:00:00,5666,22.1,81.0,4.0,2,5,1
2025-08-09 03:00:00,5449,22.4,74.0,4.0,3,5,1
2025-08-09 04:00:00,5314,22.1,76.0,3.0,4,5,1
2025-08-09 05:00:00,5295,22.0,77.0,0.0,5,5,1
2025-08-09 06:00:00,5343,22.3,78.0,7.0,6,5,1
2025-08-09 07:00:00,5671,23.7,76.0,9.0,7,5,1
2025-08-09 08:00:00,6203,24.9,72.0,14.0,8,5,1
2025-08-09 09:00:00,6866,26.7,64.0,10.0,9,5,1
2025-08-09 10:00:00,7491,28.8,55.0,0.0,10,5,1
2025-08-09 11:00:00,7970,29.2,59.0,18.0,11,5,1
2025-08-09 12:00:00,8306,30.2,52.0,17.0,12,5,1
2025-08-09 13:00:00,8478,30.8,51.0,18.0,13,5,1
2025-08-09 14:00:00,8597,31.2,47.0,25.0,14,5,1
2025-08-09 15:00:00,8699,30.9,46.0,22.0,15,5,1
2025-08-09 16:00:00,8743,30.8,46.0,22.0,16,5,1
2025-08-09 17:00:00,8733,32.0,44.0,18.0,17,5,1
2025-08-09 18:00:00,8642,30.7,46.0,24.0,18,5,1
2025-08-09 19:00:00,8368,29.2,49.0,17.0,19,5,1
2025-08-09 20:00:00,8165,28.8,49.0,13.0,20,5,1
2025-08-09 21:00:00,7970,27.2,55.0,10.0,21,5,1
2025-08-09 22:00:00,7619,26.7,57.0,10.0,22,5,1
2025-08-09 23:00:00,7180,26.0,58.0,8.0,23,5,1
2025-08-10 00:00:00,6662,25.5,60.0,5.0,0,6,1
2025-08-10 01:00:00,6263,24.5,64.0,3.0,1,6,1
2025-08-10 02:00:00,5950,23.8,67.0,10.0,2,6,1
2025-08-10 03:00:00,5696,22.6,78.0,8.0,3,6,1
2025-08-10 04:00:00,5506,22.4,79.0,8.0,4,6,1
2025-08-10 05:00:00,5423,21.2,82.0,9.0,5,6,1
2025-08-10 06:00:00,5390,23.2,76.0,3.0,6,6,1
2025-08-10 07:00:00,5646,24.7,72.0,8.0,7,6,1
2025-08-10 08:00:00,6259,26.7,63.0,8.0,8,6,1
2025-08-10 09:00:00,6905,27.7,61.0,9.0,9,6,1
2025-08-10 10:00:00,7553,28.7,61.0,14.0,10,6,1
2025-08-10 11:00:00,8028,29.1,59.0,18.0,11,6,1
2025-08-10 12:00:00,8387,30.7,52.0,17.0,12,6,1
2025-08-10 13:00:00,8604,31.8,48.0,21.0,13,6,1
2025-08-10 14:00:00,8773,32.0,46.0,17.0,14,6,1
2025-08-10 15:00:00,8862,31.3,46.0,25.0,15,6,1
2025-08-10 16:00:00,8967,32.0,43.0,22.0,16,6,1
2025-08-10 17:00:00,8948,31.4,46.0,20.0,17,6,1
2025-08-10 18:00:00,8895,30.2,52.0,19.0,18,6,1
2025-08-10 19:00:00,8725,29.3,55.0,11.0,19,6,1
2025-08-10 20:00:00,8577,28.5,52.0,14.0,20,6,1
2025-08-10 21:00:00,8451,27.6,53.0,11.0,21,6,1
2025-08-10 22:00:00,8012,27.1,53.0,15.0,22,6,1
2025-08-10 23:00:00,7452,25.8,58.0,5.0,23,6,1
2025-08-11 00:00:00,6934,25.3,60.0,6.0,0,0,0
2025-08-11 01:00:00,6482,24.9,62.0,4.0,1,0,0
2025-08-11 02:00:00,6140,22.7,71.0,11.0,2,0,0
2025-08-11 03:00:00,5917,22.4,71.0,5.0,3,0,0
2025-08-11 04:00:00,5798,22.5,72.0,0.0,4,0,0
2025-08-11 05:00:00,5921,23.4,68.0,7.0,5,0,0
2025-08-11 06:00:00,6203,23.4,69.0,5.0,6,0,0
2025-08-11 07:00:00,6781,24.6,73.0,9.0,7,0,0
2025-08-11 08:00:00,7524,26.6,62.0,10.0,8,0,0
2025-08-11 09:00:00,8115,28.6,55.0,5.0,9,0,0
2025-08-11 10:00:00,8636,29.9,50.0,7.0,10,0,0
2025-08-11 11:00:00,9015,30.1,55.0,17.0,11,0,0
2025-08-11 12:00:00,9296,30.0,55.0,18.0,12,0,0
2025-08-11 13:00:00,9508,31.6,50.0,23.0,13,0,0
2025-08-11 14:00:00,9562,32.3,47.0,24.0,14,0,0
2025-08-11 15:00:00,9586,31.1,48.0,25.0,15,0,0
2025-08-11 16:00:00,9402,31.8,45.0,26.0,16,0,0
2025-08-11 17:00:00,9415,32.2,40.0,19.0,17,0,0
2025-08-11 18:00:00,9266,31.4,40.0,19.0,18,0,0
2025-08-11 19:00:00,9137,30.5,43.0,15.0,19,0,0
2025-08-11 20:00:00,8987,29.4,47.0,13.0,20,0,0
2025-08-11 21:00:00,8835,28.8,49.0,13.0,21,0,0
2025-08-11 22:00:00,8345,27.9,52.0,7.0,22,0,0
2025-08-11 23:00:00,7795,26.8,58.0,7.0,23,0,0
2025-08-12 00:00:00,7311,26.2,61.0,8.0,0,1,0
2025-08-12 01:00:00,6852,25.4,65.0,4.0,1,1,0
2025-08-12 02:00:00,6513,24.9,68.0,5.0,2,1,0
2025-08-12 03:00:00,6284,24.7,70.0,5.0,3,1,0
2025-08-12 04:00:00,6186,24.7,70.0,8.0,4,1,0
2025-08-12 05:00:00,6314,24.2,73.0,8.0,5,1,0
2025-08-12 06:00:00,6626,24.5,72.0,11.0,6,1,0
2025-08-12 07:00:00,7142,26.4,69.0,9.0,7,1,0
2025-08-12 08:00:00,7814,27.8,65.0,4.0,8,1,0
2025-08-12 09:00:00,8438,29.8,59.0,7.0,9,1,0
2025-08-12 10:00:00,9004,28.9,66.0,10.0,10,1,0
2025-08-12 11:00:00,9311,29.9,62.0,16.0,11,1,0
2025-08-12 12:00:00,9499,32.0,53.0,16.0,12,1,0
2025-08-12 13:00:00,9586,33.8,45.0,19.0,13,1,0
2025-08-12 14:00:00,9631,32.2,49.0,15.0,14,1,0
2025-08-12 15:00:00,9465,25.7,81.0,44.0,15,1,0
2025-08-12 16:00:00,8805,24.2,86.0,7.0,16,1,0
2025-08-12 17:00:00,8543,27.4,70.0,12.0,17,1,0
2025-08-12 18:00:00,8521,27.5,70.0,13.0,18,1,0
2025-08-12 19:00:00,8562,26.2,76.0,9.0,19,1,0
2025-08-12 20:00:00,8498,24.9,79.0,10.0,20,1,0
2025-08-12 21:00:00,8435,25.9,72.0,8.0,21,1,0
2025-08-12 22:00:00,8022,25.8,75.0,7.0,22,1,0
2025-08-12 23:00:00,7482,25.3,78.0,8.0,23,1,0
2025-08-13 00:00:00,6990,24.8,79.0,9.0,0,2,0
2025-08-13 01:00:00,6588,24.3,77.0,13.0,1,2,0
2025-08-13 02:00:00,6258,23.1,77.0,18.0,2,2,0
2025-08-13 03:00:00,5954,21.1,92.0,9.0,3,2,0
2025-08-13 04:00:00,5824,21.5,91.0,5.0,4,2,0
2025-08-13 05:00:00,5943,20.9,92.0,7.0,5,2,0
2025-08-13 06:00:00,6250,21.4,89.0,6.0,6,2,0
2025-08-13 07:00:00,6677,21.7,87.0,12.0,7,2,0
2025-08-13 08:00:00,7117,22.3,86.0,13.0,8,2,0
2025-08-13 09:00:00,7499,22.9,82.0,13.0,9,2,0
2025-08-13 10:00:00,7795,24.5,75.0,11.0,10,2,0
2025-08-13 11:00:00,8181,26.2,67.0,14.0,11,2,0
2025-08-13 12:00:00,8484,27.1,60.0,4.0,12,2,0
2025-08-13 13:00:00,8728,28.3,56.0,12.0,13,2,0
2025-08-13 14:00:00,8933,29.6,50.0,6.0,14,2,0
2025-08-13 15:00:00,9100,30.1,47.0,3.0,15,2,0
2025-08-13 16:00:00,9221,29.4,49.0,12.0,16,2,0
2025-08-13 17:00:00,9189,28.3,62.0,22.0,17,2,0
2025-08-13 18:00:00,8885,27.2,58.0,27.0,18,2,0
2025-08-13 19:00:00,8618,25.9,57.0,31.0,19,2,0
2025-08-13 20:00:00,8350,24.7,53.0,27.0,20,2,0
2025-08-13 21:00:00,7997,23.4,52.0,19.0,21,2,0
2025-08-13 22:00:00,7397,22.5,57.0,16.0,22,2,0
2025-08-13 23:00:00,6844,21.6,63.0,16.0,23,2,0
2025-08-14 00:00:00,6282,20.8,65.0,14.0,0,3,0
2025-08-14 01:00:00,5913,20.0,69.0,17.0,1,3,0
2025-08-14 02:00:00,5604,19.5,75.0,18.0,2,3,0
2025-08-14 03:00:00,5440,19.3,78.0,21.0,3,3,0
2025-08-14 04:00:00,5374,18.8,79.0,17.0,4,3,0
2025-08-14 05:00:00,5476,18.7,81.0,18.0,5,3,0
2025-08-14 06:00:00,5763,19.4,82.0,21.0,6,3,0
2025-08-14 07:00:00,6234,20.5,79.0,14.0,7,3,0
2025-08-14 08:00:00,6819,22.4,68.0,12.0,8,3,0
2025-08-14 09:00:00,7270,24.2,57.0,4.0,9,3,0
2025-08-14 10:00:00,7696,25.4,52.0,11.0,10,3,0
2025-08-14 11:00:00,7985,26.2,47.0,8.0,11,3,0
2025-08-14 12:00:00,8214,27.1,46.0,17.0,12,3,0
2025-08-14 13:00:00,8342,26.9,48.0,15.0,13,3,0
2025-08-14 14:00:00,8458,27.0,48.0,15.0,14,3,0
2025-08-14 15:00:00,8569,27.3,50.0,13.0,15,3,0
2025-08-14 16:00:00,8613,27.0,48.0,16.0,16,3,0
2025-08-14 17:00:00,8705,26.8,49.0,10.0,17,3,0
2025-08-14 18:00:00,8513,26.2,51.0,11.0,18,3,0
2025-08-14 19:00:00,8252,25.6,52.0,7.0,19,3,0
2025-08-14 20:00:00,8018,24.0,58.0,6.0,20,3,0
2025-08-14 21:00:00,7837,23.5,70.0,6.0,21,3,0
2025-08-14 22:00:00,7399,23.0,75.0,5.0,22,3,0
2025-08-14 23:00:00,6827,22.8,69.0,0.0,23,3,0
2025-08-15 00:00:00,6292,22.9,66.0,7.0,0,4,0
2025-08-15 01:00:00,5901,21.0,69.0,0.0,1,4,0
2025-08-15 02:00:00,5604,21.4,69.0,7.0,2,4,0
2025-08-15 03:00:00,5422,20.7,72.0,6.0,3,4,0
2025-08-15 04:00:00,5354,20.3,78.0,7.0,4,4,0
2025-08-15 05:00:00,5396,20.3,84.0,7.0,5,4,0
2025-08-15 06:00:00,5655,20.1,83.0,6.0,6,4,0
2025-08-15 07:00:00,6122,22.7,73.0,7.0,7,4,0
2025-08-15 08:00:00,6735,23.8,68.0,9.0,8,4,0
2025-08-15 09:00:00,7301,24.9,56.0,14.0,9,4,0
2025-08-15 10:00:00,7765,25.9,55.0,15.0,10,4,0
2025-08-15 11:00:00,8039,26.8,43.0,14.0,11,4,0
2025-08-15 12:00:00,8250,27.3,45.0,7.0,12,4,0
2025-08-15 13:00:00,8480,28.8,41.0,9.0,13,4,0
2025-08-15 14:00:00,8577,28.7,37.0,12.0,14,4,0
2025-08-15 15:00:00,8720,28.9,39.0,13.0,15,4,0
2025-08-15 16:00:00,8805,28.8,39.0,13.0,16,4,0
2025-08-15 17:00:00,8852,27.9,43.0,17.0,17,4,0
2025-08-15 18:00:00,8661,26.7,47.0,14.0,18,4,0
2025-08-15 19:00:00,8299,25.0,55.0,14.0,19,4,0
2025-08-15 20:00:00,8037,23.9,67.0,10.0,20,4,0
2025-08-15 21:00:00,7858,23.7,71.0,7.0,21,4,0
2025-08-15 22:00:00,7400,23.5,73.0,0.0,22,4,0
2025-08-15 23:00:00,6876,23.8,66.0,4.0,23,4,0
2025-08-16 00:00:00,6387,21.9,73.0,8.0,0,5,1
2025-08-16 01:00:00,5969,22.2,75.0,8.0,1,5,1
2025-08-16 02:00:00,5616,21.5,74.0,5.0,2,5,1
2025-08-16 03:00:00,5410,21.3,75.0,5.0,3,5,1
2025-08-16 04:00:00,5283,20.4,79.0,7.0,4,5,1
2025-08-16 05:00:00,5260,20.6,76.0,3.0,5,5,1
2025-08-16 06:00:00,5263,20.7,75.0,5.0,6,5,1
2025-08-16 07:00:00,5538,22.0,70.0,4.0,7,5,1
2025-08-16 08:00:00,6130,24.4,67.0,0.0,8,5,1
2025-08-16 09:00:00,6796,25.9,61.0,7.0,9,5,1
2025-08-16 10:00:00,7425,27.8,56.0,14.0,10,5,1
2025-08-16 11:00:00,7903,28.8,54.0,6.0,11,5,1
2025-08-16 12:00:00,8197,29.4,54.0,14.0,12,5,1
2025-08-16 13:00:00,8385,30.2,41.0,18.0,13,5,1
2025-08-16 14:00:00,8501,29.9,42.0,19.0,14,5,1
2025-08-16 15:00:00,8530,29.6,44.0,18.0,15,5,1
2025-08-16 16:00:00,8554,29.6,44.0,20.0,16,5,1
2025-08-16 17:00:00,8520,29.2,48.0,12.0,17,5,1
2025-08-16 18:00:00,8382,28.6,53.0,12.0,18,5,1
2025-08-16 19:00:00,8162,28.1,52.0,9.0,19,5,1
2025-08-16 20:00:00,7944,27.6,55.0,8.0,20,5,1
2025-08-16 21:00:00,7814,25.6,62.0,13.0,21,5,1
2025-08-16 22:00:00,7394,23.9,68.0,8.0,22,5,1
2025-08-16 23:00:00,6992,23.7,69.0,8.0,23,5,1
2025-08-17 00:00:00,6597,23.8,70.0,8.0,0,6,1
2025-08-17 01:00:00,6220,23.6,76.0,11.0,1,6,1
2025-08-17 02:00:00,5902,24.0,75.0,7.0,2,6,1
2025-08-17 03:00:00,5743,21.5,91.0,17.0,3,6,1
2025-08-17 04:00:00,5547,21.3,91.0,10.0,4,6,1
2025-08-17 05:00:00,5465,21.0,96.0,9.0,5,6,1
2025-08-17 06:00:00,5461,20.8,96.0,7.0,6,6,1
2025-08-17 07:00:00,5583,21.9,94.0,17.0,7,6,1
2025-08-17 08:00:00,5929,22.2,91.0,14.0,8,6,1
2025-08-17 09:00:00,6317,22.9,86.0,14.0,9,6,1
2025-08-17 10:00:00,6755,24.6,76.0,22.0,10,6,1
2025-08-17 11:00:00,7187,25.2,74.0,16.0,11,6,1
2025-08-17 12:00:00,7402,24.3,81.0,28.0,12,6,1
2025-08-17 13:00:00,7417,23.8,73.0,28.0,13,6,1
2025-08-17 14:00:00,7199,22.5,73.0,35.0,14,6,1
2025-08-17 15:00:00,7039,21.7,75.0,29.0,15,6,1
2025-08-17 16:00:00,7018,21.4,73.0,22.0,16,6,1
2025-08-17 17:00:00,7107,22.7,64.0,24.0,17,6,1
2025-08-17 18:00:00,7148,23.3,58.0,19.0,18,6,1
2025-08-17 19:00:00,6992,22.0,57.0,24.0,19,6,1
2025-08-17 20:00:00,6811,20.5,65.0,19.0,20,6,1
2025-08-17 21:00:00,6614,19.6,65.0,20.0,21,6,1
2025-08-17 22:00:00,6239,18.2,67.0,20.0,22,6,1
2025-08-17 23:00:00,5796,19.1,50.0,22.0,23,6,1
2025-08-18 00:00:00,5380,18.2,52.0,21.0,0,0,0
2025-08-18 01:00:00,5018,16.9,52.0,15.0,1,0,0
2025-08-18 02:00:00,4758,15.6,56.0,17.0,2,0,0
2025-08-18 03:00:00,4568,14.9,56.0,13.0,3,0,0
2025-08-18 04:00:00,4594,14.0,58.0,9.0,4,0,0
2025-08-18 05:00:00,4714,13.4,61.0,13.0,5,0,0
2025-08-18 06:00:00,4975,13.6,59.0,15.0,6,0,0
2025-08-18 07:00:00,5382,15.2,53.0,18.0,7,0,0
2025-08-18 08:00:00,5779,16.4,55.0,16.0,8,0,0
2025-08-18 09:00:00,6044,17.9,55.0,23.0,9,0,0
2025-08-18 10:00:00,6306,19.5,53.0,15.0,10,0,0
2025-08-18 11:00:00,6545,20.0,50.0,18.0,11,0,0
2025-08-18 12:00:00,6683,20.1,51.0,18.0,12,0,0
2025-08-18 13:00:00,6761,20.6,51.0,16.0,13,0,0
2025-08-18 14:00:00,6816,20.9,53.0,17.0,14,0,0
2025-08-18 15:00:00,6882,20.7,54.0,17.0,15,0,0
2025-08-18 16:00:00,7002,20.2,56.0,16.0,16,0,0
2025-08-18 17:00:00,7051,20.2,56.0,17.0,17,0,0
2025-08-18 18:00:00,6895,19.1,59.0,15.0,18,0,0
2025-08-18 19:00:00,6678,18.5,62.0,10.0,19,0,0
2025-08-18 20:00:00,6542,18.0,61.0,11.0,20,0,0
2025-08-18 21:00:00,6450,17.8,63.0,6.0,21,0,0
2025-08-18 22:00:00,6088,17.6,66.0,8.0,22,0,0
2025-08-18 23:00:00,5645,18.0,64.0,4.0,23,0,0
2025-08-19 00:00:00,5248,18.6,64.0,10.0,0,1,0
2025-08-19 01:00:00,4995,18.5,62.0,12.0,1,1,0
2025-08-19 02:00:00,4771,18.8,61.0,12.0,2,1,0
2025-08-19 03:00:00,4720,18.6,63.0,13.0,3,1,0
2025-08-19 04:00:00,4705,17.3,65.0,8.0,4,1,0
2025-08-19 05:00:00,4855,17.3,67.0,8.0,5,1,0
2025-08-19 06:00:00,5161,17.2,69.0,10.0,6,1,0
2025-08-19 07:00:00,5554,18.2,68.0,9.0,7,1,0
2025-08-19 08:00:00,5904,18.6,69.0,8.0,8,1,0
2025-08-19 09:00:00,6141,19.9,66.0,8.0,9,1,0
2025-08-19 10:00:00,6348,20.1,64.0,4.0,10,1,0
2025-08-19 11:00:00,6506,20.8,63.0,7.0,11,1,0
2025-08-19 12:00:00,6652,21.5,67.0,8.0,12,1,0
2025-08-19 13:00:00,6760,21.4,73.0,5.0,13,1,0
2025-08-19 14:00:00,6733,21.0,78.0,8.0,14,1,0
2025-08-19 15:00:00,6726,20.6,82.0,13.0,15,1,0
2025-08-19 16:00:00,6717,20.2,87.0,15.0,16,1,0
2025-08-19 17:00:00,6756,20.0,90.0,12.0,17,1,0
2025-08-19 18:00:00,6665,20.4,91.0,18.0,18,1,0
2025-08-19 19:00:00,6596,20.7,90.0,17.0,19,1,0
2025-08-19 20:00:00,6645,20.1,93.0,19.0,20,1,0
2025-08-19 21:00:00,6487,19.9,95.0,16.0,21,1,0
2025-08-19 22:00:00,6162,19.7,95.0,17.0,22,1,0
2025-08-19 23:00:00,5742,19.4,96.0,13.0,23,1,0
2025-08-20 00:00:00,5381,19.4,96.0,13.0,0,2,0
2025-08-20 01:00:00,5122,18.9,96.0,18.0,1,2,0
2025-08-20 02:00:00,4931,18.5,95.0,16.0,2,2,0
2025-08-20 03:00:00,4773,18.3,95.0,17.0,3,2,0
2025-08-20 04:00:00,4765,18.4,95.0,17.0,4,2,0
2025-08-20 05:00:00,4914,18.2,96.0,16.0,5,2,0
2025-08-20 06:00:00,5262,18.1,95.0,17.0,6,2,0
2025-08-20 07:00:00,5661,18.1,97.0,15.0,7,2,0
2025-08-20 08:00:00,6001,18.7,94.0,16.0,8,2,0
2025-08-20 09:00:00,6235,19.1,90.0,19.0,9,2,0
2025-08-20 10:00:00,6414,19.1,87.0,24.0,10,2,0
2025-08-20 11:00:00,6518,19.6,82.0,16.0,11,2,0
2025-08-20 12:00:00,6597,20.3,79.0,18.0,12,2,0
2025-08-20 13:00:00,6678,20.7,72.0,22.0,13,2,0
2025-08-20 14:00:00,6649,20.9,71.0,17.0,14,2,0
2025-08-20 15:00:00,6587,20.3,73.0,24.0,15,2,0
2025-08-20 16:00:00,6524,19.7,74.0,22.0,16,2,0
2025-08-20 17:00:00,6553,19.8,73.0,16.0,17,2,0
2025-08-20 18:00:00,6458,19.6,73.0,17.0,18,2,0
2025-08-20 19:00:00,6460,19.6,74.0,12.0,19,2,0
2025-08-20 20:00:00,6511,19.3,79.0,10.0,20,2,0
2025-08-20 21:00:00,6390,19.1,82.0,10.0,21,2,0
2025-08-20 22:00:00,6045,19.1,80.0,12.0,22,2,0
2025-08-20 23:00:00,5657,19.0,78.0,13.0,23,2,0
2025-08-21 00:00:00,5272,18.3,79.0,16.0,0,3,0
2025-08-21 01:00:00,5003,17.7,83.0,12.0,1,3,0
2025-08-21 02:00:00,4785,16.9,85.0,15.0,2,3,0
2025-08-21 03:00:00,4651,15.8,87.0,13.0,3,3,0
2025-08-21 04:00:00,4640,16.8,86.0,16.0,4,3,0
2025-08-21 05:00:00,4765,16.4,83.0,13.0,5,3,0
2025-08-21 06:00:00,4998,15.9,87.0,17.0,6,3,0
2025-08-21 07:00:00,5461,17.2,82.0,20.0,7,3,0
2025-08-21 08:00:00,5906,18.6,75.0,18.0,8,3,0
2025-08-21 09:00:00,6223,19.8,71.0,12.0,9,3,0
2025-08-21 10:00:00,6497,20.9,65.0,18.0,10,3,0
2025-08-21 11:00:00,6642,22.1,63.0,14.0,11,3,0
2025-08-21 12:00:00,6757,22.4,56.0,12.0,12,3,0
2025-08-21 13:00:00,6919,22.6,55.0,12.0,13,3,0
2025-08-21 14:00:00,7009,22.2,64.0,14.0,14,3,0
2025-08-21 15:00:00,7100,22.2,66.0,16.0,15,3,0
2025-08-21 16:00:00,7182,22.1,68.0,14.0,16,3,0
2025-08-21 17:00:00,7296,21.7,70.0,14.0,17,3,0
2025-08-21 18:00:00,7210,21.8,67.0,10.0,18,3,0
2025-08-21 19:00:00,7027,20.7,68.0,10.0,19,3,0
2025-08-21 20:00:00,6884,19.9,73.0,5.0,20,3,0
2025-08-21 21:00:00,6726,19.1,77.0,9.0,21,3,0
2025-08-21 22:00:00,6300,18.4,81.0,9.0,22,3,0
2025-08-21 23:00:00,5869,18.5,80.0,11.0,23,3,0
2025-08-22 00:00:00,5480,17.8,82.0,7.0,0,4,0
2025-08-22 01:00:00,5139,17.3,84.0,9.0,1,4,0
2025-08-22 02:00:00,4939,17.7,82.0,7.0,2,4,0
2025-08-22 03:00:00,4799,17.0,83.0,5.0,3,4,0
2025-08-22 04:00:00,4761,17.3,81.0,13.0,4,4,0
2025-08-22 05:00:00,4873,17.1,80.0,10.0,5,4,0
2025-08-22 06:00:00,5122,16.8,83.0,10.0,6,4,0
2025-08-22 07:00:00,5483,18.8,76.0,10.0,7,4,0
2025-08-22 08:00:00,6004,20.5,72.0,5.0,8,4,0
2025-08-22 09:00:00,6479,22.9,68.0,4.0,9,4,0
2025-08-22 10:00:00,6944,24.1,50.0,0.0,10,4,0
2025-08-22 11:00:00,7243,24.8,51.0,3.0,11,4,0
2025-08-22 12:00:00,7418,25.5,56.0,5.0,12,4,0
2025-08-22 13:00:00,7562,25.9,45.0,17.0,13,4,0
2025-08-22 14:00:00,7633,25.9,43.0,17.0,14,4,0
2025-08-22 15:00:00,7691,25.9,44.0,14.0,15,4,0
2025-08-22 16:00:00,7730,25.6,44.0,16.0,16,4,0
2025-08-22 17:00:00,7733,25.7,43.0,14.0,17,4,0
2025-08-22 18:00:00,7583,25.4,44.0,15.0,18,4,0
2025-08-22 19:00:00,7329,23.4,56.0,12.0,19,4,0
2025-08-22 20:00:00,7165,22.8,65.0,9.0,20,4,0
2025-08-22 21:00:00,6998,23.1,63.0,8.0,21,4,0
2025-08-22 22:00:00,6633,22.0,60.0,7.0,22,4,0
2025-08-22 23:00:00,6184,21.0,62.0,8.0,23,4,0
2025-08-23 00:00:00,5698,20.4,64.0,5.0,0,5,1
2025-08-23 01:00:00,5357,19.8,67.0,5.0,1,5,1
2025-08-23 02:00:00,5106,20.2,69.0,7.0,2,5,1
2025-08-23 03:00:00,4911,19.4,74.0,7.0,3,5,1
2025-08-23 04:00:00,4801,18.9,79.0,8.0,4,5,1
2025-08-23 05:00:00,4796,18.7,83.0,8.0,5,5,1
2025-08-23 06:00:00,4884,18.8,87.0,8.0,6,5,1
2025-08-23 07:00:00,5052,20.1,85.0,13.0,7,5,1
2025-08-23 08:00:00,5534,22.8,80.0,18.0,8,5,1
2025-08-23 09:00:00,6048,23.7,72.0,22.0,9,5,1
2025-08-23 10:00:00,6459,24.8,61.0,14.0,10,5,1
2025-08-23 11:00:00,6806,25.1,63.0,14.0,11,5,1
2025-08-23 12:00:00,6917,24.9,61.0,14.0,12,5,1
2025-08-23 13:00:00,6956,24.8,62.0,22.0,13,5,1
2025-08-23 14:00:00,6853,24.4,64.0,19.0,14,5,1
2025-08-23 15:00:00,6781,25.9,57.0,25.0,15,5,1
2025-08-23 16:00:00,6856,25.5,56.0,23.0,16,5,1
2025-08-23 17:00:00,6886,25.5,58.0,25.0,17,5,1
2025-08-23 18:00:00,6816,24.6,56.0,27.0,18,5,1
2025-08-23 19:00:00,6654,24.0,59.0,21.0,19,5,1
2025-08-23 20:00:00,6611,23.2,65.0,21.0,20,5,1
2025-08-23 21:00:00,6548,22.8,67.0,18.0,21,5,1
2025-08-23 22:00:00,6280,22.6,70.0,14.0,22,5,1
2025-08-23 23:00:00,5969,22.2,73.0,21.0,23,5,1
2025-08-24 00:00:00,5632,21.1,68.0,23.0,0,6,1
2025-08-24 01:00:00,5277,19.7,78.0,16.0,1,6,1
2025-08-24 02:00:00,5019,18.5,84.0,13.0,2,6,1
2025-08-24 03:00:00,4805,18.3,86.0,7.0,3,6,1
2025-08-24 04:00:00,4621,17.4,88.0,7.0,4,6,1
2025-08-24 05:00:00,4567,16.6,90.0,9.0,5,6,1
2025-08-24 06:00:00,4551,16.9,89.0,8.0,6,6,1
2025-08-24 07:00:00,4696,18.1,81.0,11.0,7,6,1
2025-08-24 08:00:00,5059,19.7,73.0,8.0,8,6,1
2025-08-24 09:00:00,5523,21.9,58.0,0.0,9,6,1
2025-08-24 10:00:00,5961,21.9,61.0,0.0,10,6,1
2025-08-24 11:00:00,6347,22.4,53.0,5.0,11,6,1
2025-08-24 12:00:00,6587,22.9,61.0,16.0,12,6,1
2025-08-24 13:00:00,6635,23.7,59.0,22.0,13,6,1
2025-08-24 14:00:00,6690,23.0,57.0,10.0,14,6,1
2025-08-24 15:00:00,6657,23.9,51.0,17.0,15,6,1
2025-08-24 16:00:00,6733,25.0,47.0,25.0,16,6,1
2025-08-24 17:00:00,6798,23.5,44.0,27.0,17,6,1
2025-08-24 18:00:00,6793,22.9,40.0,25.0,18,6,1
2025-08-24 19:00:00,6603,21.2,46.0,17.0,19,6,1
2025-08-24 20:00:00,6456,19.5,53.0,9.0,20,6,1
2025-08-24 21:00:00,6273,16.9,84.0,26.0,21,6,1
2025-08-24 22:00:00,5930,16.2,87.0,6.0,22,6,1
2025-08-24 23:00:00,5533,16.6,85.0,15.0,23,6,1
2025-08-25 00:00:00,5190,15.8,86.0,10.0,0,0,0
2025-08-25 01:00:00,4874,15.3,88.0,11.0,1,0,0
2025-08-25 02:00:00,4638,15.1,87.0,12.0,2,0,0
2025-08-25 03:00:00,4531,14.5,83.0,9.0,3,0,0
2025-08-25 04:00:00,4488,13.3,87.0,8.0,4,0,0
2025-08-25 05:00:00,4620,13.4,89.0,12.0,5,0,0
2025-08-25 06:00:00,4918,14.2,86.0,12.0,6,0,0
2025-08-25 07:00:00,5324,15.6,83.0,14.0,7,0,0
2025-08-25 08:00:00,5771,16.6,79.0,15.0,8,0,0
2025-08-25 09:00:00,6040,18.4,68.0,23.0,9,0,0
2025-08-25 10:00:00,6354,18.8,61.0,25.0,10,0,0
2025-08-25 11:00:00,6494,19.4,55.0,26.0,11,0,0
2025-08-25 12:00:00,6600,19.0,64.0,22.0,12,0,0
2025-08-25 13:00:00,6563,19.1,62.0,18.0,13,0,0
2025-08-25 14:00:00,6467,18.9,58.0,37.0,14,0,0
2025-08-25 15:00:00,6458,19.8,53.0,36.0,15,0,0
2025-08-25 16:00:00,6452,20.1,52.0,29.0,16,0,0
2025-08-25 17:00:00,6554,20.1,39.0,35.0,17,0,0
2025-08-25 18:00:00,6461,19.0,47.0,30.0,18,0,0
2025-08-25 19:00:00,6231,17.5,54.0,28.0,19,0,0
2025-08-25 20:00:00,6177,17.3,51.0,26.0,20,0,0
2025-08-25 21:00:00,6065,16.5,56.0,16.0,21,0,0
2025-08-25 22:00:00,5700,14.8,64.0,13.0,22,0,0
2025-08-25 23:00:00,5302,14.5,76.0,16.0,23,0,0
2025-08-26 00:00:00,4955,14.3,78.0,17.0,0,1,0
2025-08-26 01:00:00,4701,14.6,78.0,16.0,1,1,0
2025-08-26 02:00:00,4541,13.5,82.0,15.0,2,1,0
2025-08-26 03:00:00,4438,13.2,84.0,20.0,3,1,0
2025-08-26 04:00:00,4395,12.3,87.0,14.0,4,1,0
2025-08-26 05:00:00,4506,11.6,89.0,14.0,5,1,0
2025-08-26 06:00:00,4795,11.9,88.0,9.0,6,1,0
2025-08-26 07:00:00,5231,13.9,81.0,13.0,7,1,0
2025-08-26 08:00:00,5569,16.2,70.0,17.0,8,1,0
2025-08-26 09:00:00,5889,18.0,62.0,28.0,9,1,0
2025-08-26 10:00:00,6138,18.0,64.0,20.0,10,1,0
2025-08-26 11:00:00,6270,19.7,55.0,17.0,11,1,0
2025-08-26 12:00:00,6338,19.2,50.0,28.0,12,1,0
2025-08-26 13:00:00,6316,20.3,52.0,22.0,13,1,0
2025-08-26 14:00:00,6277,19.3,52.0,30.0,14,1,0
2025-08-26 15:00:00,6209,17.3,71.0,29.0,15,1,0
2025-08-26 16:00:00,6244,16.9,63.0,31.0,16,1,0
2025-08-26 17:00:00,6256,16.9,68.0,32.0,17,1,0
2025-08-26 18:00:00,6122,16.6,66.0,21.0,18,1,0
2025-08-26 19:00:00,6057,16.5,62.0,25.0,19,1,0
2025-08-26 20:00:00,6076,16.3,61.0,20.0,20,1,0
2025-08-26 21:00:00,5916,15.1,67.0,17.0,21,1,0
2025-08-26 22:00:00,5573,14.1,73.0,13.0,22,1,0
2025-08-26 23:00:00,5203,13.8,78.0,15.0,23,1,0
2025-08-27 00:00:00,4872,13.4,80.0,14.0,0,2,0
2025-08-27 01:00:00,4627,12.1,82.0,13.0,1,2,0
2025-08-27 02:00:00,4432,12.4,78.0,11.0,2,2,0
2025-08-27 03:00:00,4309,12.0,79.0,13.0,3,2,0
2025-08-27 04:00:00,4301,10.8,83.0,11.0,4,2,0
2025-08-27 05:00:00,4434,12.7,77.0,12.0,5,2,0
2025-08-27 06:00:00,4752,13.0,75.0,11.0,6,2,0
2025-08-27 07:00:00,5135,13.8,76.0,13.0,7,2,0
2025-08-27 08:00:00,5473,16.6,65.0,16.0,8,2,0
2025-08-27 09:00:00,5749,17.7,62.0,11.0,9,2,0
2025-08-27 10:00:00,5987,18.5,47.0,20.0,10,2,0
2025-08-27 11:00:00,6125,19.9,47.0,11.0,11,2,0
2025-08-27 12:00:00,6213,21.5,37.0,14.0,12,2,0
2025-08-27 13:00:00,6267,21.1,37.0,14.0,13,2,0
2025-08-27 14:00:00,6310,22.5,33.0,20.0,14,2,0
2025-08-27 15:00:00,6360,23.3,33.0,23.0,15,2,0
2025-08-27 16:00:00,6423,21.3,38.0,19.0,16,2,0
2025-08-27 17:00:00,6482,22.3,36.0,25.0,17,2,0
2025-08-27 18:00:00,6370,20.6,38.0,29.0,18,2,0
2025-08-27 19:00:00,6212,18.8,35.0,19.0,19,2,0
2025-08-27 20:00:00,6182,16.6,45.0,13.0,20,2,0
2025-08-27 21:00:00,5988,16.3,53.0,12.0,21,2,0
2025-08-27 22:00:00,5622,16.5,54.0,11.0,22,2,0
2025-08-27 23:00:00,5230,16.0,60.0,10.0,23,2,0
2025-08-28 00:00:00,4909,16.1,61.0,18.0,0,3,0
2025-08-28 01:00:00,4704,15.4,66.0,18.0,1,3,0
2025-08-28 02:00:00,4493,15.2,69.0,25.0,2,3,0
2025-08-28 03:00:00,4415,14.4,73.0,18.0,3,3,0
2025-08-28 04:00:00,4407,14.7,71.0,18.0,4,3,0
2025-08-28 05:00:00,4496,13.6,76.0,13.0,5,3,0
2025-08-28 06:00:00,4872,14.8,72.0,10.0,6,3,0
2025-08-28 07:00:00,5242,16.6,64.0,15.0,7,3,0
2025-08-28 08:00:00,5541,18.2,58.0,31.0,8,3,0
2025-08-28 09:00:00,5797,18.0,67.0,19.0,9,3,0
2025-08-28 10:00:00,6064,17.0,80.0,17.0,10,3,0
2025-08-28 11:00:00,6146,17.4,85.0,16.0,11,3,0
2025-08-28 12:00:00,6241,17.5,83.0,14.0,12,3,0
2025-08-28 13:00:00,6249,17.3,85.0,23.0,13,3,0
2025-08-28 14:00:00,6242,16.5,88.0,16.0,14,3,0
2025-08-28 15:00:00,6203,16.6,89.0,16.0,15,3,0
2025-08-28 16:00:00,6152,17.4,83.0,4.0,16,3,0
2025-08-28 17:00:00,6153,18.0,77.0,9.0,17,3,0
2025-08-28 18:00:00,6157,17.7,66.0,21.0,18,3,0
2025-08-28 19:00:00,6079,15.9,69.0,25.0,19,3,0
2025-08-28 20:00:00,6080,14.8,73.0,22.0,20,3,0
2025-08-28 21:00:00,5928,13.6,77.0,23.0,21,3,0
2025-08-28 22:00:00,5492,12.8,76.0,21.0,22,3,0
2025-08-28 23:00:00,5126,12.3,79.0,23.0,23,3,0
2025-08-29 00:00:00,4751,11.8,80.0,23.0,0,4,0
2025-08-29 01:00:00,4490,11.3,82.0,20.0,1,4,0
2025-08-29 02:00:00,4373,10.4,85.0,21.0,2,4,0
2025-08-29 03:00:00,4301,10.0,87.0,21.0,3,4,0
2025-08-29 04:00:00,4291,9.7,87.0,17.0,4,4,0
2025-08-29 05:00:00,4420,9.2,86.0,16.0,5,4,0
2025-08-29 06:00:00,4680,9.5,82.0,16.0,6,4,0
2025-08-29 07:00:00,5010,11.3,74.0,21.0,7,4,0
2025-08-29 08:00:00,5340,12.8,65.0,20.0,8,4,0
2025-08-29 09:00:00,5522,14.4,58.0,23.0,9,4,0
2025-08-29 10:00:00,5678,14.9,55.0,22.0,10,4,0
2025-08-29 11:00:00,5806,15.6,49.0,29.0,11,4,0
2025-08-29 12:00:00,5789,15.9,50.0,22.0,12,4,0
2025-08-29 13:00:00,5790,16.0,44.0,28.0,13,4,0
2025-08-29 14:00:00,5777,16.6,42.0,22.0,14,4,0
2025-08-29 15:00:00,5750,17.7,43.0,25.0,15,4,0
2025-08-29 16:00:00,5772,17.8,42.0,19.0,16,4,0
2025-08-29 17:00:00,5815,16.6,45.0,17.0,17,4,0
2025-08-29 18:00:00,5694,16.6,47.0,23.0,18,4,0
2025-08-29 19:00:00,5608,15.2,52.0,21.0,19,4,0
2025-08-29 20:00:00,5647,14.5,55.0,16.0,20,4,0
2025-08-29 21:00:00,5520,13.1,62.0,14.0,21,4,0
2025-08-29 22:00:00,5258,12.2,66.0,10.0,22,4,0
2025-08-29 23:00:00,4944,11.3,69.0,10.0,23,4,0
2025-08-30 00:00:00,4595,10.5,74.0,9.0,0,5,1
2025-08-30 01:00:00,4357,10.7,75.0,13.0,1,5,1
2025-08-30 02:00:00,4205,10.3,77.0,12.0,2,5,1
2025-08-30 03:00:00,4099,10.4,75.0,12.0,3,5,1
2025-08-30 04:00:00,4064,10.6,73.0,12.0,4,5,1
2025-08-30 05:00:00,4089,8.8,82.0,4.0,5,5,1
2025-08-30 06:00:00,4228,10.9,76.0,8.0,6,5,1
2025-08-30 07:00:00,4363,12.9,75.0,6.0,7,5,1
2025-08-30 08:00:00,4627,15.9,65.0,10.0,8,5,1
2025-08-30 09:00:00,4903,17.9,51.0,14.0,9,5,1
2025-08-30 10:00:00,5152,18.3,45.0,12.0,10,5,1
2025-08-30 11:00:00,5303,18.3,47.0,12.0,11,5,1
2025-08-30 12:00:00,5380,20.2,39.0,10.0,12,5,1
2025-08-30 13:00:00,5387,20.8,40.0,17.0,13,5,1
2025-08-30 14:00:00,5404,21.8,35.0,22.0,14,5,1
2025-08-30 15:00:00,5418,21.0,40.0,14.0,15,5,1
2025-08-30 16:00:00,5487,21.2,43.0,16.0,16,5,1
2025-08-30 17:00:00,5542,20.4,45.0,16.0,17,5,1
2025-08-30 18:00:00,5557,19.6,43.0,19.0,18,5,1
2025-08-30 19:00:00,5452,18.1,43.0,17.0,19,5,1
2025-08-30 20:00:00,5422,17.2,48.0,16.0,20,5,1
2025-08-30 21:00:00,5315,16.4,58.0,17.0,21,5,1
2025-08-30 22:00:00,5086,16.3,61.0,17.0,22,5,1
2025-08-30 23:00:00,4825,15.2,67.0,18.0,23,5,1
2025-08-31 00:00:00,4562,14.2,69.0,12.0,0,6,1
2025-08-31 01:00:00,4315,12.2,77.0,12.0,1,6,1
2025-08-31 02:00:00,4184,12.8,72.0,9.0,2,6,1
2025-08-31 03:00:00,4055,12.2,67.0,8.0,3,6,1
2025-08-31 04:00:00,3994,11.8,70.0,7.0,4,6,1
2025-08-31 05:00:00,4005,11.3,73.0,8.0,5,6,1
2025-08-31 06:00:00,4035,11.0,77.0,7.0,6,6,1
2025-08-31 07:00:00,4152,12.9,76.0,7.0,7,6,1
2025-08-31 08:00:00,4421,15.8,73.0,9.0,8,6,1
2025-08-31 09:00:00,4749,17.9,67.0,7.0,9,6,1
2025-08-31 10:00:00,5032,19.8,53.0,7.0,10,6,1
2025-08-31 11:00:00,5238,20.6,46.0,4.0,11,6,1
2025-08-31 12:00:00,5341,21.3,44.0,10.0,12,6,1
2025-08-31 13:00:00,5397,22.6,46.0,11.0,13,6,1
2025-08-31 14:00:00,5510,22.6,39.0,17.0,14,6,1
2025-08-31 15:00:00,5585,22.4,42.0,14.0,15,6,1
2025-08-31 16:00:00,5676,21.9,41.0,17.0,16,6,1
2025-08-31 17:00:00,5764,21.5,38.0,13.0,17,6,1
2025-08-31 18:00:00,5761,21.0,38.0,10.0,18,6,1
2025-08-31 19:00:00,5611,19.7,44.0,7.0,19,6,1
2025-08-31 20:00:00,5610,19.5,48.0,5.0,20,6,1
2025-08-31 21:00:00,5457,18.8,50.0,0.0,21,6,1
2025-08-31 22:00:00,5165,17.9,53.0,3.0,22,6,1
2025-08-31 23:00:00,4927,15.8,59.0,12.0,23,6,1
2025-09-01 00:00:00,4637,15.7,61.0,4.0,0,0,0
2025-09-01 01:00:00,4405,14.2,68.0,12.0,1,0,0
2025-09-01 02:00:00,4183,14.2,69.0,9.0,2,0,0
2025-09-01 03:00:00,4104,14.1,71.0,13.0,3,0,0
2025-09-01 04:00:00,4068,13.6,74.0,9.0,4,0,0
2025-09-01 05:00:00,4095,12.8,81.0,5.0,5,0,0
2025-09-01 06:00:00,4120,13.4,79.0,10.0,6,0,0
2025-09-01 07:00:00,4240,15.0,76.0,6.0,7,0,0
2025-09-01 08:00:00,4513,17.9,64.0,3.0,8,0,0
2025-09-01 09:00:00,4819,20.2,57.0,5.0,9,0,0
2025-09-01 10:00:00,5205,22.1,44.0,10.0,10,0,0
2025-09-01 11:00:00,5484,22.7,39.0,10.0,11,0,0
2025-09-01 12:00:00,5673,23.2,37.0,9.0,12,0,0
2025-09-01 13:00:00,5772,23.4,39.0,13.0,13,0,0
2025-09-01 14:00:00,5833,24.1,36.0,16.0,14,0,0
2025-09-01 15:00:00,5922,23.8,36.0,13.0,15,0,0
2025-09-01 16:00:00,6074,23.9,37.0,12.0,16,0,0
2025-09-01 17:00:00,6236,22.8,40.0,14.0,17,0,0
2025-09-01 18:00:00,6215,21.7,44.0,16.0,18,0,0
2025-09-01 19:00:00,6083,20.2,48.0,7.0,19,0,0
2025-09-01 20:00:00,6049,19.7,52.0,7.0,20,0,0
2025-09-01 21:00:00,5822,19.4,52.0,4.0,21,0,0
2025-09-01 22:00:00,5461,19.1,52.0,5.0,22,0,0
2025-09-01 23:00:00,5068,18.1,57.0,7.0,23,0,0
2025-09-02 00:00:00,4720,17.8,58.0,5.0,0,1,0
2025-09-02 01:00:00,4461,15.6,66.0,0.0,1,1,0
2025-09-02 02:00:00,4290,15.3,68.0,7.0,2,1,0
2025-09-02 03:00:00,4194,14.7,70.0,7.0,3,1,0
2025-09-02 04:00:00,4198,15.0,69.0,4.0,4,1,0
2025-09-02 05:00:00,4365,13.7,75.0,6.0,5,1,0
2025-09-02 06:00:00,4809,14.0,78.0,5.0,6,1,0
2025-09-02 07:00:00,5281,15.6,74.0,5.0,7,1,0
2025-09-02 08:00:00,5559,18.4,65.0,8.0,8,1,0
2025-09-02 09:00:00,5873,20.6,65.0,9.0,9,1,0
2025-09-02 10:00:00,6213,22.2,60.0,10.0,10,1,0
2025-09-02 11:00:00,6465,23.1,55.0,12.0,11,1,0
2025-09-02 12:00:00,6652,23.7,61.0,10.0,12,1,0
2025-09-02 13:00:00,6819,24.0,49.0,16.0,13,1,0
2025-09-02 14:00:00,6894,24.8,52.0,13.0,14,1,0
2025-09-02 15:00:00,6982,25.0,40.0,16.0,15,1,0
2025-09-02 16:00:00,7041,24.1,44.0,14.0,16,1,0
2025-09-02 17:00:00,7048,22.5,56.0,16.0,17,1,0
2025-09-02 18:00:00,6885,21.3,66.0,11.0,18,1,0
2025-09-02 19:00:00,6707,20.1,75.0,9.0,19,1,0
2025-09-02 20:00:00,6689,19.8,75.0,7.0,20,1,0
2025-09-02 21:00:00,6427,19.9,69.0,7.0,21,1,0
2025-09-02 22:00:00,6047,19.5,72.0,4.0,22,1,0
2025-09-02 23:00:00,5517,18.8,77.0,4.0,23,1,0
2025-09-03 00:00:00,5160,17.8,83.0,6.0,0,2,0
2025-09-03 01:00:00,4876,15.6,87.0,4.0,1,2,0
2025-09-03 02:00:00,4680,15.6,85.0,3.0,2,2,0
2025-09-03 03:00:00,4555,14.6,88.0,11.0,3,2,0
2025-09-03 04:00:00,4522,15.2,83.0,3.0,4,2,0
2025-09-03 05:00:00,4664,14.1,85.0,0.0,5,2,0
2025-09-03 06:00:00,5027,14.8,81.0,3.0,6,2,0
2025-09-03 07:00:00,5522,16.4,80.0,5.0,7,2,0
2025-09-03 08:00:00,5832,18.8,75.0,7.0,8,2,0
2025-09-03 09:00:00,6187,21.1,70.0,7.0,9,2,0
2025-09-03 10:00:00,6505,21.6,71.0,10.0,10,2,0
2025-09-03 11:00:00,6663,22.7,69.0,10.0,11,2,0
2025-09-03 12:00:00,6818,24.1,59.0,16.0,12,2,0
2025-09-03 13:00:00,6947,24.6,57.0,20.0,13,2,0
2025-09-03 14:00:00,7065,24.7,53.0,17.0,14,2,0
2025-09-03 15:00:00,7143,23.8,56.0,14.0,15,2,0
2025-09-03 16:00:00,7268,26.5,34.0,22.0,16,2,0
2025-09-03 17:00:00,7307,25.7,32.0,31.0,17,2,0
2025-09-03 18:00:00,7134,25.1,34.0,26.0,18,2,0
2025-09-03 19:00:00,6919,23.9,38.0,8.0,19,2,0
2025-09-03 20:00:00,6886,23.0,45.0,12.0,20,2,0
2025-09-03 21:00:00,6671,22.2,51.0,13.0,21,2,0
2025-09-03 22:00:00,6242,21.1,56.0,24.0,22,2,0
2025-09-03 23:00:00,5768,19.3,70.0,12.0,23,2,0
2025-09-04 00:00:00,5342,18.2,76.0,9.0,0,3,0
2025-09-04 01:00:00,5094,18.5,74.0,6.0,1,3,0
2025-09-04 02:00:00,4879,19.0,73.0,8.0,2,3,0
2025-09-04 03:00:00,4757,18.7,76.0,9.0,3,3,0
2025-09-04 04:00:00,4737,19.1,75.0,8.0,4,3,0
2025-09-04 05:00:00,4903,19.2,72.0,8.0,5,3,0
2025-09-04 06:00:00,5328,19.1,77.0,4.0,6,3,0
2025-09-04 07:00:00,5828,13.3,93.0,25.0,7,3,0
2025-09-04 08:00:00,5904,12.7,91.0,26.0,8,3,0
2025-09-04 09:00:00,6027,12.4,90.0,26.0,9,3,0
2025-09-04 10:00:00,6120,12.9,90.0,18.0,10,3,0
2025-09-04 11:00:00,6155,14.1,79.0,26.0,11,3,0
2025-09-04 12:00:00,6176,16.1,66.0,23.0,12,3,0
2025-09-04 13:00:00,6199,17.7,58.0,19.0,13,3,0
2025-09-04 14:00:00,6242,17.9,58.0,10.0,14,3,0
2025-09-04 15:00:00,6294,18.8,51.0,17.0,15,3,0
2025-09-04 16:00:00,6340,19.1,47.0,21.0,16,3,0
2025-09-04 17:00:00,6356,18.9,47.0,18.0,17,3,0
2025-09-04 18:00:00,6253,17.5,47.0,22.0,18,3,0
2025-09-04 19:00:00,6131,15.2,52.0,17.0,19,3,0
2025-09-04 20:00:00,6148,15.0,55.0,19.0,20,3,0
2025-09-04 21:00:00,5970,13.6,60.0,11.0,21,3,0
2025-09-04 22:00:00,5573,12.3,64.0,8.0,22,3,0
2025-09-04 23:00:00,5191,13.1,60.0,0.0,23,3,0
2025-09-05 00:00:00,4862,13.3,57.0,0.0,0,4,0
2025-09-05 01:00:00,4624,12.6,65.0,6.0,1,4,0
2025-09-05 02:00:00,4452,12.4,68.0,5.0,2,4,0
2025-09-05 03:00:00,4345,12.5,70.0,7.0,3,4,0
2025-09-05 04:00:00,4349,12.8,75.0,7.0,4,4,0
2025-09-05 05:00:00,4503,14.8,78.0,12.0,5,4,0
2025-09-05 06:00:00,4913,15.6,78.0,13.0,6,4,0
2025-09-05 07:00:00,5388,16.3,78.0,15.0,7,4,0
2025-09-05 08:00:00,5667,17.2,76.0,18.0,8,4,0
2025-09-05 09:00:00,5853,19.0,69.0,22.0,9,4,0
2025-09-05 10:00:00,6039,19.4,59.0,41.0,10,4,0
2025-09-05 11:00:00,6180,20.1,57.0,28.0,11,4,0
2025-09-05 12:00:00,6216,21.7,51.0,37.0,12,4,0
2025-09-05 13:00:00,6269,22.1,50.0,34.0,13,4,0
2025-09-05 14:00:00,6273,22.4,51.0,40.0,14,4,0
2025-09-05 15:00:00,6241,22.9,51.0,41.0,15,4,0
2025-09-05 16:00:00,6311,22.8,41.0,44.0,16,4,0
2025-09-05 17:00:00,6337,22.3,39.0,38.0,17,4,0
2025-09-05 18:00:00,6172,20.5,48.0,34.0,18,4,0
2025-09-05 19:00:00,6071,17.5,57.0,31.0,19,4,0
2025-09-05 20:00:00,6057,16.6,58.0,22.0,20,4,0
2025-09-05 21:00:00,5848,14.6,65.0,16.0,21,4,0
2025-09-05 22:00:00,5496,13.7,67.0,16.0,22,4,0
2025-09-05 23:00:00,5140,13.4,67.0,11.0,23,4,0
2025-09-06 00:00:00,4798,13.4,62.0,22.0,0,5,1
2025-09-06 01:00:00,4543,12.1,67.0,10.0,1,5,1
2025-09-06 02:00:00,4380,10.6,75.0,9.0,2,5,1
2025-09-06 03:00:00,4277,12.1,67.0,7.0,3,5,1
2025-09-06 04:00:00,4234,12.6,66.0,11.0,4,5,1
2025-09-06 05:00:00,4230,12.3,70.0,9.0,5,5,1
2025-09-06 06:00:00,4373,12.7,67.0,12.0,6,5,1
2025-09-06 07:00:00,4530,12.8,68.0,12.0,7,5,1
2025-09-06 08:00:00,4792,13.4,67.0,10.0,8,5,1
2025-09-06 09:00:00,5042,14.8,60.0,21.0,9,5,1
2025-09-06 10:00:00,5231,16.1,58.0,12.0,10,5,1
2025-09-06 11:00:00,5298,18.0,48.0,22.0,11,5,1
2025-09-06 12:00:00,5463,19.6,48.0,16.0,12,5,1
2025-09-06 13:00:00,5527,19.0,41.0,28.0,13,5,1
2025-09-06 14:00:00,5496,18.7,45.0,16.0,14,5,1
2025-09-06 15:00:00,5503,18.8,43.0,28.0,15,5,1
2025-09-06 16:00:00,5482,18.2,45.0,26.0,16,5,1
2025-09-06 17:00:00,5515,17.6,47.0,26.0,17,5,1
2025-09-06 18:00:00,5467,16.5,50.0,18.0,18,5,1
2025-09-06 19:00:00,5504,16.3,50.0,14.0,19,5,1
2025-09-06 20:00:00,5543,15.8,55.0,15.0,20,5,1
2025-09-06 21:00:00,5379,15.5,55.0,14.0,21,5,1
2025-09-06 22:00:00,5124,15.0,61.0,15.0,22,5,1
2025-09-06 23:00:00,4854,14.1,70.0,13.0,23,5,1
2025-09-07 00:00:00,4597,14.1,68.0,12.0,0,6,1
2025-09-07 01:00:00,4398,13.8,70.0,17.0,1,6,1
2025-09-07 02:00:00,4221,13.5,71.0,15.0,2,6,1
2025-09-07 03:00:00,4103,12.7,75.0,16.0,3,6,1
2025-09-07 04:00:00,4065,11.8,80.0,17.0,4,6,1
2025-09-07 05:00:00,4077,11.4,69.0,23.0,5,6,1
2025-09-07 06:00:00,4136,12.0,66.0,17.0,6,6,1
2025-09-07 07:00:00,4228,11.5,72.0,14.0,7,6,1
2025-09-07 08:00:00,4455,12.4,71.0,16.0,8,6,1
2025-09-07 09:00:00,4706,14.2,61.0,20.0,9,6,1
2025-09-07 10:00:00,4960,15.8,53.0,29.0,10,6,1
2025-09-07 11:00:00,5198,16.7,47.0,22.0,11,6,1
2025-09-07 12:00:00,5319,18.0,44.0,24.0,12,6,1
2025-09-07 13:00:00,5404,15.8,53.0,28.0,13,6,1
2025-09-07 14:00:00,5345,17.4,45.0,25.0,14,6,1
2025-09-07 15:00:00,5376,17.8,40.0,30.0,15,6,1
2025-09-07 16:00:00,5422,17.9,43.0,25.0,16,6,1
2025-09-07 17:00:00,5513,18.6,43.0,28.0,17,6,1
2025-09-07 18:00:00,5575,16.9,46.0,34.0,18,6,1
2025-09-07 19:00:00,5558,15.6,49.0,23.0,19,6,1
2025-09-07 20:00:00,5612,14.8,53.0,15.0,20,6,1
2025-09-07 21:00:00,5381,13.7,58.0,15.0,21,6,1
2025-09-07 22:00:00,5103,13.2,62.0,16.0,22,6,1
2025-09-07 23:00:00,4772,11.9,69.0,14.0,23,6,1
2025-09-08 00:00:00,4534,10.4,77.0,14.0,0,0,0
2025-09-08 01:00:00,4294,9.5,82.0,12.0,1,0,0
2025-09-08 02:00:00,4165,9.9,80.0,7.0,2,0,0
2025-09-08 03:00:00,4118,9.2,84.0,10.0,3,0,0
2025-09-08 04:00:00,4142,8.8,86.0,10.0,4,0,0
2025-09-08 05:00:00,4292,9.4,83.0,12.0,5,0,0
2025-09-08 06:00:00,4718,8.7,87.0,9.0,6,0,0
2025-09-08 07:00:00,5228,10.4,83.0,5.0,7,0,0
2025-09-08 08:00:00,5489,13.2,72.0,11.0,8,0,0
2025-09-08 09:00:00,5654,14.9,62.0,20.0,9,0,0
2025-09-08 10:00:00,5808,16.0,53.0,14.0,10,0,0
2025-09-08 11:00:00,5903,16.7,51.0,9.0,11,0,0
2025-09-08 12:00:00,5966,18.6,48.0,5.0,12,0,0
2025-09-08 13:00:00,6002,18.1,38.0,5.0,13,0,0
2025-09-08 14:00:00,5989,18.4,51.0,15.0,14,0,0
2025-09-08 15:00:00,6033,18.2,48.0,16.0,15,0,0
2025-09-08 16:00:00,6091,18.4,48.0,12.0,16,0,0
2025-09-08 17:00:00,6199,18.2,46.0,13.0,17,0,0
2025-09-08 18:00:00,6115,17.2,48.0,10.0,18,0,0
2025-09-08 19:00:00,6071,15.7,56.0,8.0,19,0,0
2025-09-08 20:00:00,6114,14.6,62.0,6.0,20,0,0
2025-09-08 21:00:00,5881,14.0,65.0,9.0,21,0,0
2025-09-08 22:00:00,5468,14.5,62.0,5.0,22,0,0
2025-09-08 23:00:00,5082,13.9,65.0,5.0,23,0,0
2025-09-09 00:00:00,4753,13.7,73.0,6.0,0,1,0
2025-09-09 01:00:00,4539,12.6,79.0,4.0,1,1,0
2025-09-09 02:00:00,4376,10.7,81.0,4.0,2,1,0
2025-09-09 03:00:00,4293,11.3,79.0,4.0,3,1,0
2025-09-09 04:00:00,4281,9.7,79.0,8.0,4,1,0
2025-09-09 05:00:00,4462,9.7,80.0,7.0,5,1,0
2025-09-09 06:00:00,4867,9.4,81.0,0.0,6,1,0
2025-09-09 07:00:00,5309,11.5,80.0,4.0,7,1,0
2025-09-09 08:00:00,5509,13.6,74.0,3.0,8,1,0
2025-09-09 09:00:00,5676,16.4,71.0,5.0,9,1,0
2025-09-09 10:00:00,5851,18.0,62.0,10.0,10,1,0
2025-09-09 11:00:00,6059,19.0,59.0,9.0,11,1,0
2025-09-09 12:00:00,6155,19.9,54.0,13.0,12,1,0
2025-09-09 13:00:00,6235,21.4,46.0,14.0,13,1,0
2025-09-09 14:00:00,6263,21.6,47.0,13.0,14,1,0
2025-09-09 15:00:00,6306,21.4,47.0,13.0,15,1,0
2025-09-09 16:00:00,6381,21.3,45.0,15.0,16,1,0
2025-09-09 17:00:00,6416,20.7,45.0,12.0,17,1,0
2025-09-09 18:00:00,6308,19.1,51.0,8.0,18,1,0
2025-09-09 19:00:00,6245,17.5,61.0,10.0,19,1,0
2025-09-09 20:00:00,6230,16.4,66.0,9.0,20,1,0
2025-09-09 21:00:00,5993,16.3,70.0,5.0,21,1,0
2025-09-09 22:00:00,5624,16.1,77.0,4.0,22,1,0
2025-09-09 23:00:00,5206,15.3,83.0,5.0,23,1,0
2025-09-10 00:00:00,4880,14.9,85.0,5.0,0,2,0
2025-09-10 01:00:00,4629,14.7,85.0,7.0,1,2,0
2025-09-10 02:00:00,4430,13.1,85.0,6.0,2,2,0
2025-09-10 03:00:00,4329,12.8,87.0,0.0,3,2,0
2025-09-10 04:00:00,4340,12.3,88.0,0.0,4,2,0
2025-09-10 05:00:00,4500,12.1,87.0,11.0,5,2,0
2025-09-10 06:00:00,4911,12.8,83.0,7.0,6,2,0
2025-09-10 07:00:00,5350,13.5,83.0,4.0,7,2,0
2025-09-10 08:00:00,5597,15.8,76.0,6.0,8,2,0
2025-09-10 09:00:00,5829,17.8,71.0,3.0,9,2,0
2025-09-10 10:00:00,6070,20.1,61.0,8.0,10,2,0
2025-09-10 11:00:00,6239,20.9,57.0,4.0,11,2,0
2025-09-10 12:00:00,6385,22.3,55.0,5.0,12,2,0
2025-09-10 13:00:00,6511,23.4,48.0,0.0,13,2,0
2025-09-10 14:00:00,6569,24.0,38.0,10.0,14,2,0
2025-09-10 15:00:00,6592,23.9,34.0,15.0,15,2,0
2025-09-10 16:00:00,6685,23.7,37.0,14.0,16,2,0
2025-09-10 17:00:00,6720,22.7,41.0,10.0,17,2,0
2025-09-10 18:00:00,6564,21.9,48.0,10.0,18,2,0
2025-09-10 19:00:00,6468,19.9,58.0,8.0,19,2,0
2025-09-10 20:00:00,6524,18.6,75.0,7.0,20,2,0
2025-09-10 21:00:00,6216,18.8,63.0,5.0,21,2,0
2025-09-10 22:00:00,5836,18.5,58.0,13.0,22,2,0
2025-09-10 23:00:00,5431,17.6,66.0,10.0,23,2,0
2025-09-11 00:00:00,5064,17.8,62.0,5.0,0,3,0
2025-09-11 01:00:00,4787,16.5,69.0,12.0,1,3,0
2025-09-11 02:00:00,4575,16.1,69.0,10.0,2,3,0
2025-09-11 03:00:00,4496,15.8,69.0,13.0,3,3,0
2025-09-11 04:00:00,4473,15.3,70.0,10.0,4,3,0
2025-09-11 05:00:00,4624,14.7,74.0,15.0,5,3,0
2025-09-11 06:00:00,4978,14.5,73.0,15.0,6,3,0
2025-09-11 07:00:00,5438,15.4,67.0,14.0,7,3,0
2025-09-11 08:00:00,5720,17.3,63.0,11.0,8,3,0
2025-09-11 09:00:00,5990,20.2,54.0,10.0,9,3,0
2025-09-11 10:00:00,6270,22.5,43.0,15.0,10,3,0
2025-09-11 11:00:00,6484,24.4,38.0,15.0,11,3,0
2025-09-11 12:00:00,6623,24.6,37.0,14.0,12,3,0
2025-09-11 13:00:00,6745,24.5,35.0,12.0,13,3,0
2025-09-11 14:00:00,6827,24.7,37.0,4.0,14,3,0
2025-09-11 15:00:00,6904,24.4,39.0,18.0,15,3,0
2025-09-11 16:00:00,7004,23.3,39.0,17.0,16,3,0
2025-09-11 17:00:00,7061,22.6,42.0,12.0,17,3,0
2025-09-11 18:00:00,6888,21.5,46.0,9.0,18,3,0
2025-09-11 19:00:00,6762,20.9,47.0,0.0,19,3,0
2025-09-11 20:00:00,6716,19.6,66.0,20.0,20,3,0
2025-09-11 21:00:00,6463,18.8,69.0,9.0,21,3,0
2025-09-11 22:00:00,6031,17.4,78.0,15.0,22,3,0
2025-09-11 23:00:00,5583,16.7,84.0,14.0,23,3,0
2025-09-12 00:00:00,5190,16.3,86.0,13.0,0,4,0
2025-09-12 01:00:00,4899,15.7,87.0,8.0,1,4,0
2025-09-12 02:00:00,4703,15.3,89.0,13.0,2,4,0
2025-09-12 03:00:00,4578,15.2,89.0,13.0,3,4,0
2025-09-12 04:00:00,4565,14.6,90.0,13.0,4,4,0
2025-09-12 05:00:00,4691,14.0,89.0,10.0,5,4,0
2025-09-12 06:00:00,5013,14.2,79.0,10.0,6,4,0
2025-09-12 07:00:00,5441,15.4,72.0,9.0,7,4,0
2025-09-12 08:00:00,5779,16.4,69.0,8.0,8,4,0
2025-09-12 09:00:00,6035,17.8,70.0,5.0,9,4,0
2025-09-12 10:00:00,6290,19.8,65.0,3.0,10,4,0
2025-09-12 11:00:00,6500,21.6,60.0,6.0,11,4,0
2025-09-12 12:00:00,6649,21.0,64.0,9.0,12,4,0
2025-09-12 13:00:00,6753,22.5,59.0,16.0,13,4,0
2025-09-12 14:00:00,6789,21.9,62.0,16.0,14,4,0
2025-09-12 15:00:00,6781,20.8,65.0,14.0,15,4,0
2025-09-12 16:00:00,6816,20.8,65.0,10.0,16,4,0
2025-09-12 17:00:00,6836,20.5,67.0,9.0,17,4,0
2025-09-12 18:00:00,6651,20.1,64.0,8.0,18,4,0
2025-09-12 19:00:00,6533,19.3,70.0,5.0,19,4,0
2025-09-12 20:00:00,6497,18.6,75.0,7.0,20,4,0
2025-09-12 21:00:00,6248,17.8,77.0,8.0,21,4,0
2025-09-12 22:00:00,5860,17.5,73.0,4.0,22,4,0
2025-09-12 23:00:00,5452,17.7,72.0,4.0,23,4,0
2025-09-13 00:00:00,5082,17.6,74.0,3.0,0,5,1
2025-09-13 01:00:00,4778,17.2,78.0,0.0,1,5,1
2025-09-13 02:00:00,4635,17.6,80.0,5.0,2,5,1
2025-09-13 03:00:00,4511,17.0,81.0,4.0,3,5,1
2025-09-13 04:00:00,4465,17.5,77.0,3.0,4,5,1
2025-09-13 05:00:00,4471,17.6,81.0,4.0,5,5,1
2025-09-13 06:00:00,4630,17.3,81.0,5.0,6,5,1
2025-09-13 07:00:00,4725,17.5,80.0,5.0,7,5,1
2025-09-13 08:00:00,5020,18.2,80.0,0.0,8,5,1
2025-09-13 09:00:00,5406,18.3,78.0,9.0,9,5,1
2025-09-13 10:00:00,5672,19.4,72.0,4.0,10,5,1
2025-09-13 11:00:00,5835,21.1,62.0,5.0,11,5,1
2025-09-13 12:00:00,5966,22.0,58.0,8.0,12,5,1
2025-09-13 13:00:00,5994,22.2,55.0,16.0,13,5,1
2025-09-13 14:00:00,5954,23.1,54.0,15.0,14,5,1
2025-09-13 15:00:00,5976,24.8,50.0,11.0,15,5,1
2025-09-13 16:00:00,6060,24.9,49.0,20.0,16,5,1
2025-09-13 17:00:00,6176,24.2,51.0,21.0,17,5,1
2025-09-13 18:00:00,6120,23.4,54.0,19.0,18,5,1
2025-09-13 19:00:00,6108,23.0,58.0,18.0,19,5,1
2025-09-13 20:00:00,6087,21.5,62.0,9.0,20,5,1
2025-09-13 21:00:00,5863,20.0,69.0,12.0,21,5,1
2025-09-13 22:00:00,5593,19.5,68.0,16.0,22,5,1
2025-09-13 23:00:00,5230,18.0,72.0,7.0,23,5,1
2025-09-14 00:00:00,4937,17.9,73.0,9.0,0,6,1
2025-09-14 01:00:00,4685,16.8,78.0,9.0,1,6,1
2025-09-14 02:00:00,4456,16.7,80.0,3.0,2,6,1
2025-09-14 03:00:00,4326,16.5,81.0,7.0,3,6,1
2025-09-14 04:00:00,4239,15.8,82.0,0.0,4,6,1
2025-09-14 05:00:00,4252,15.5,83.0,5.0,5,6,1
2025-09-14 06:00:00,4310,15.8,80.0,11.0,6,6,1
2025-09-14 07:00:00,4455,16.4,78.0,10.0,7,6,1
2025-09-14 08:00:00,4759,19.6,66.0,9.0,8,6,1
2025-09-14 09:00:00,5107,21.5,58.0,15.0,9,6,1
2025-09-14 10:00:00,5523,22.5,56.0,12.0,10,6,1
2025-09-14 11:00:00,5899,24.1,56.0,8.0,11,6,1
2025-09-14 12:00:00,6200,24.4,55.0,5.0,12,6,1
2025-09-14 13:00:00,6350,25.1,51.0,14.0,13,6,1
2025-09-14 14:00:00,6398,24.5,53.0,16.0,14,6,1
2025-09-14 15:00:00,6460,24.6,53.0,16.0,15,6,1
2025-09-14 16:00:00,6579,23.9,55.0,12.0,16,6,1
2025-09-14 17:00:00,6663,23.6,55.0,13.0,17,6,1
2025-09-14 18:00:00,6602,22.9,57.0,7.0,18,6,1
2025-09-14 19:00:00,6518,22.1,61.0,5.0,19,6,1
2025-09-14 20:00:00,6492,21.4,64.0,3.0,20,6,1
2025-09-14 21:00:00,6230,21.2,64.0,5.0,21,6,1
2025-09-14 22:00:00,5896,19.4,74.0,17.0,22,6,1
2025-09-14 23:00:00,5474,18.5,79.0,14.0,23,6,1
2025-09-15 00:00:00,5069,17.7,82.0,14.0,0,0,0
2025-09-15 01:00:00,4790,16.7,87.0,13.0,1,0,0
2025-09-15 02:00:00,4580,15.8,88.0,8.0,2,0,0
2025-09-15 03:00:00,4462,16.1,81.0,8.0,3,0,0
2025-09-15 04:00:00,4427,15.8,77.0,7.0,4,0,0
2025-09-15 05:00:00,4592,15.2,79.0,8.0,5,0,0
2025-09-15 06:00:00,5035,15.2,78.0,9.0,6,0,0
2025-09-15 07:00:00,5494,16.1,80.0,8.0,7,0,0
2025-09-15 08:00:00,5778,17.5,78.0,7.0,8,0,0
2025-09-15 09:00:00,6070,19.5,76.0,10.0,9,0,0
2025-09-15 10:00:00,6366,21.3,69.0,13.0,10,0,0
2025-09-15 11:00:00,6563,22.1,63.0,10.0,11,0,0
2025-09-15 12:00:00,6765,22.6,57.0,7.0,12,0,0
2025-09-15 13:00:00,6942,23.4,49.0,8.0,13,0,0
2025-09-15 14:00:00,7014,24.4,47.0,13.0,14,0,0
2025-09-15 15:00:00,7072,23.3,51.0,16.0,15,0,0
2025-09-15 16:00:00,7193,23.1,48.0,14.0,16,0,0
2025-09-15 17:00:00,7227,23.1,41.0,14.0,17,0,0
2025-09-15 18:00:00,7076,21.5,54.0,10.0,18,0,0
2025-09-15 19:00:00,6868,19.7,59.0,8.0,19,0,0
2025-09-15 20:00:00,6770,18.9,61.0,4.0,20,0,0
2025-09-15 21:00:00,6435,19.3,58.0,6.0,21,0,0
2025-09-15 22:00:00,5967,19.2,57.0,9.0,22,0,0
2025-09-15 23:00:00,5510,18.2,62.0,9.0,23,0,0
2025-09-16 00:00:00,5108,17.6,66.0,6.0,0,1,0
2025-09-16 01:00:00,4807,15.7,72.0,0.0,1,1,0
2025-09-16 02:00:00,4629,14.5,77.0,11.0,2,1,0
2025-09-16 03:00:00,4526,14.5,78.0,8.0,3,1,0
2025-09-16 04:00:00,4498,14.1,78.0,6.0,4,1,0
2025-09-16 05:00:00,4651,13.2,81.0,7.0,5,1,0
2025-09-16 06:00:00,5048,14.4,77.0,8.0,6,1,0
2025-09-16 07:00:00,5525,15.1,79.0,8.0,7,1,0
2025-09-16 08:00:00,5759,18.3,65.0,7.0,8,1,0
2025-09-16 09:00:00,6073,20.5,57.0,7.0,9,1,0
2025-09-16 10:00:00,6400,22.7,50.0,10.0,10,1,0
2025-09-16 11:00:00,6673,24.2,45.0,15.0,11,1,0
2025-09-16 12:00:00,6824,25.2,40.0,16.0,12,1,0
2025-09-16 13:00:00,6954,25.2,38.0,10.0,13,1,0
2025-09-16 14:00:00,7026,24.9,41.0,14.0,14,1,0
2025-09-16 15:00:00,7106,24.4,42.0,15.0,15,1,0
2025-09-16 16:00:00,7227,23.8,43.0,17.0,16,1,0
2025-09-16 17:00:00,7252,22.5,47.0,12.0,17,1,0
2025-09-16 18:00:00,7071,21.4,53.0,8.0,18,1,0
2025-09-16 19:00:00,6889,20.4,54.0,0.0,19,1,0
2025-09-16 20:00:00,6776,20.0,58.0,5.0,20,1,0
2025-09-16 21:00:00,6429,19.7,58.0,7.0,21,1,0
2025-09-16 22:00:00,5996,19.1,59.0,9.0,22,1,0
2025-09-16 23:00:00,5500,18.1,63.0,8.0,23,1,0
2025-09-17 00:00:00,5055,16.6,68.0,0.0,0,2,0
2025-09-17 01:00:00,4766,15.6,74.0,11.0,1,2,0
2025-09-17 02:00:00,4571,14.8,75.0,7.0,2,2,0
2025-09-17 03:00:00,4456,14.4,75.0,4.0,3,2,0
2025-09-17 04:00:00,4444,13.7,80.0,8.0,4,2,0
2025-09-17 05:00:00,4601,13.8,80.0,10.0,5,2,0
2025-09-17 06:00:00,5028,13.9,80.0,10.0,6,2,0
2025-09-17 07:00:00,5441,14.4,76.0,0.0,7,2,0
2025-09-17 08:00:00,5719,17.1,66.0,6.0,8,2,0
2025-09-17 09:00:00,5964,20.3,59.0,0.0,9,2,0
2025-09-17 10:00:00,6257,22.4,52.0,7.0,10,2,0
2025-09-17 11:00:00,6503,23.5,51.0,7.0,11,2,0
2025-09-17 12:00:00,6705,24.1,59.0,11.0,12,2,0
2025-09-17 13:00:00,6888,23.8,58.0,9.0,13,2,0
2025-09-17 14:00:00,6966,24.4,50.0,10.0,14,2,0
2025-09-17 15:00:00,7056,25.2,45.0,16.0,15,2,0
2025-09-17 16:00:00,7155,24.9,44.0,13.0,16,2,0
2025-09-17 17:00:00,7213,23.8,49.0,15.0,17,2,0
2025-09-17 18:00:00,7067,22.0,57.0,10.0,18,2,0
2025-09-17 19:00:00,6941,19.6,80.0,10.0,19,2,0
2025-09-17 20:00:00,6839,18.9,92.0,5.0,20,2,0
2025-09-17 21:00:00,6555,18.2,96.0,0.0,21,2,0
2025-09-17 22:00:00,6123,18.1,90.0,3.0,22,2,0
2025-09-17 23:00:00,5630,16.5,89.0,7.0,23,2,0
2025-09-18 00:00:00,5229,17.4,84.0,7.0,0,3,0
2025-09-18 01:00:00,4944,17.3,78.0,4.0,1,3,0
2025-09-18 02:00:00,4732,13.7,86.0,7.0,2,3,0
2025-09-18 03:00:00,4632,15.4,78.0,6.0,3,3,0
2025-09-18 04:00:00,4568,14.6,82.0,6.0,4,3,0
2025-09-18 05:00:00,4724,15.2,78.0,5.0,5,3,0
2025-09-18 06:00:00,5124,15.0,78.0,8.0,6,3,0
2025-09-18 07:00:00,5580,15.8,77.0,8.0,7,3,0
2025-09-18 08:00:00,5884,18.9,70.0,5.0,8,3,0
2025-09-18 09:00:00,6199,23.8,48.0,3.0,9,3,0
2025-09-18 10:00:00,6522,24.7,46.0,5.0,10,3,0
2025-09-18 11:00:00,6713,26.5,42.0,9.0,11,3,0
2025-09-18 12:00:00,6964,27.2,49.0,5.0,12,3,0
2025-09-18 13:00:00,7212,27.9,49.0,5.0,13,3,0
2025-09-18 14:00:00,7326,29.2,47.0,18.0,14,3,0
2025-09-18 15:00:00,7488,29.4,47.0,22.0,15,3,0
2025-09-18 16:00:00,7565,28.6,46.0,24.0,16,3,0
2025-09-18 17:00:00,7599,26.5,54.0,26.0,17,3,0
2025-09-18 18:00:00,7406,24.4,56.0,24.0,18,3,0
2025-09-18 19:00:00,7264,22.6,64.0,27.0,19,3,0
2025-09-18 20:00:00,7150,21.1,67.0,28.0,20,3,0
2025-09-18 21:00:00,6751,19.8,70.0,25.0,21,3,0
2025-09-18 22:00:00,6214,18.9,72.0,25.0,22,3,0
2025-09-18 23:00:00,5764,18.1,75.0,18.0,23,3,0
2025-09-19 00:00:00,5319,17.0,82.0,12.0,0,4,0
2025-09-19 01:00:00,5023,16.4,86.0,11.0,1,4,0
2025-09-19 02:00:00,4804,16.2,86.0,9.0,2,4,0
2025-09-19 03:00:00,4643,15.7,86.0,14.0,3,4,0
2025-09-19 04:00:00,4622,15.8,83.0,13.0,4,4,0
2025-09-19 05:00:00,4696,15.9,83.0,12.0,5,4,0
2025-09-19 06:00:00,5130,15.9,82.0,10.0,6,4,0
2025-09-19 07:00:00,5531,16.1,81.0,11.0,7,4,0
2025-09-19 08:00:00,5820,16.4,75.0,13.0,8,4,0
2025-09-19 09:00:00,5963,17.2,69.0,10.0,9,4,0
2025-09-19 10:00:00,6143,18.6,60.0,9.0,10,4,0
2025-09-19 11:00:00,6338,19.5,51.0,12.0,11,4,0
2025-09-19 12:00:00,6472,20.9,43.0,5.0,12,4,0
2025-09-19 13:00:00,6576,20.6,54.0,14.0,13,4,0
2025-09-19 14:00:00,6667,20.8,53.0,10.0,14,4,0
2025-09-19 15:00:00,6704,20.0,58.0,12.0,15,4,0
2025-09-19 16:00:00,6779,20.3,58.0,10.0,16,4,0
2025-09-19 17:00:00,6767,19.0,63.0,15.0,17,4,0
2025-09-19 18:00:00,6558,18.1,67.0,5.0,18,4,0
2025-09-19 19:00:00,6415,17.3,63.0,14.0,19,4,0
2025-09-19 20:00:00,6330,16.8,59.0,18.0,20,4,0
2025-09-19 21:00:00,6039,15.2,68.0,17.0,21,4,0
2025-09-19 22:00:00,5670,14.9,69.0,15.0,22,4,0
2025-09-19 23:00:00,5271,13.8,74.0,16.0,23,4,0
2025-09-20 00:00:00,4878,12.7,74.0,12.0,0,5,1
2025-09-20 01:00:00,4589,14.1,56.0,13.0,1,5,1
2025-09-20 02:00:00,4393,13.8,57.0,14.0,2,5,1
2025-09-20 03:00:00,4295,13.1,57.0,12.0,3,5,1
2025-09-20 04:00:00,4232,12.1,57.0,12.0,4,5,1
2025-09-20 05:00:00,4243,11.3,59.0,16.0,5,5,1
2025-09-20 06:00:00,4353,10.6,62.0,12.0,6,5,1
2025-09-20 07:00:00,4488,11.3,61.0,16.0,7,5,1
2025-09-20 08:00:00,4798,12.9,61.0,15.0,8,5,1
2025-09-20 09:00:00,5083,14.6,67.0,20.0,9,5,1
2025-09-20 10:00:00,5319,15.8,66.0,19.0,10,5,1
2025-09-20 11:00:00,5473,17.0,66.0,17.0,11,5,1
2025-09-20 12:00:00,5544,17.8,62.0,15.0,12,5,1
2025-09-20 13:00:00,5589,17.5,60.0,23.0,13,5,1
2025-09-20 14:00:00,5563,18.1,52.0,23.0,14,5,1
2025-09-20 15:00:00,5585,18.1,43.0,22.0,15,5,1
2025-09-20 16:00:00,5610,18.1,29.0,25.0,16,5,1
2025-09-20 17:00:00,5669,17.2,27.0,26.0,17,5,1
2025-09-20 18:00:00,5612,16.1,33.0,15.0,18,5,1
2025-09-20 19:00:00,5583,15.3,39.0,13.0,19,5,1
2025-09-20 20:00:00,5557,15.1,43.0,10.0,20,5,1
2025-09-20 21:00:00,5353,15.0,47.0,10.0,21,5,1
2025-09-20 22:00:00,5043,15.0,49.0,8.0,22,5,1
2025-09-20 23:00:00,4810,15.4,60.0,11.0,23,5,1
2025-09-21 00:00:00,4564,15.6,61.0,10.0,0,6,1
2025-09-21 01:00:00,4344,15.4,62.0,9.0,1,6,1
2025-09-21 02:00:00,4177,12.8,69.0,9.0,2,6,1
2025-09-21 03:00:00,4084,12.5,73.0,9.0,3,6,1
2025-09-21 04:00:00,4037,12.5,72.0,8.0,4,6,1
2025-09-21 05:00:00,4069,12.1,76.0,8.0,5,6,1
2025-09-21 06:00:00,4169,12.4,77.0,6.0,6,6,1
2025-09-21 07:00:00,4246,13.5,77.0,5.0,7,6,1
2025-09-21 08:00:00,4570,16.1,70.0,4.0,8,6,1
2025-09-21 09:00:00,4888,18.6,60.0,8.0,9,6,1
2025-09-21 10:00:00,5204,21.0,55.0,10.0,10,6,1
2025-09-21 11:00:00,5489,21.9,59.0,13.0,11,6,1
2025-09-21 12:00:00,5757,23.0,58.0,10.0,12,6,1
2025-09-21 13:00:00,5892,24.2,55.0,13.0,13,6,1
2025-09-21 14:00:00,5994,23.7,57.0,17.0,14,6,1
2025-09-21 15:00:00,6103,24.3,56.0,14.0,15,6,1
2025-09-21 16:00:00,6192,24.3,55.0,15.0,16,6,1
2025-09-21 17:00:00,6255,22.4,61.0,13.0,17,6,1
2025-09-21 18:00:00,6166,21.2,66.0,9.0,18,6,1
2025-09-21 19:00:00,6239,20.8,69.0,12.0,19,6,1
2025-09-21 20:00:00,6208,18.9,82.0,23.0,20,6,1
2025-09-21 21:00:00,6009,18.5,87.0,8.0,21,6,1
2025-09-21 22:00:00,5666,17.8,94.0,9.0,22,6,1
2025-09-21 23:00:00,5338,17.8,97.0,6.0,23,6,1
2025-09-22 00:00:00,5019,17.9,97.0,9.0,0,0,0
2025-09-22 01:00:00,4753,17.6,98.0,8.0,1,0,0
2025-09-22 02:00:00,4589,17.7,97.0,10.0,2,0,0
2025-09-22 03:00:00,4489,17.7,97.0,12.0,3,0,0
2025-09-22 04:00:00,4521,17.8,97.0,8.0,4,0,0
2025-09-22 05:00:00,4717,18.0,96.0,7.0,5,0,0
2025-09-22 06:00:00,5191,18.0,96.0,9.0,6,0,0
2025-09-22 07:00:00,5703,18.4,96.0,7.0,7,0,0
2025-09-22 08:00:00,6026,19.2,92.0,5.0,8,0,0
2025-09-22 09:00:00,6271,17.9,91.0,13.0,9,0,0
2025-09-22 10:00:00,6447,18.4,95.0,5.0,10,0,0
2025-09-22 11:00:00,6485,20.2,93.0,9.0,11,0,0
2025-09-22 12:00:00,6692,22.0,84.0,18.0,12,0,0
2025-09-22 13:00:00,6807,23.5,78.0,10.0,13,0,0
2025-09-22 14:00:00,6896,23.0,82.0,13.0,14,0,0
2025-09-22 15:00:00,6956,22.9,81.0,10.0,15,0,0
2025-09-22 16:00:00,7071,23.5,77.0,10.0,16,0,0
2025-09-22 17:00:00,7079,22.4,80.0,12.0,17,0,0
2025-09-22 18:00:00,6951,21.3,84.0,11.0,18,0,0
2025-09-22 19:00:00,6919,20.4,88.0,10.0,19,0,0
2025-09-22 20:00:00,6849,20.4,90.0,7.0,20,0,0
2025-09-22 21:00:00,6560,21.1,85.0,9.0,21,0,0
2025-09-22 22:00:00,6153,21.0,88.0,7.0,22,0,0
2025-09-22 23:00:00,5753,20.8,88.0,8.0,23,0,0
2025-09-23 00:00:00,5345,20.4,90.0,9.0,0,1,0
2025-09-23 01:00:00,5082,20.0,90.0,9.0,1,1,0
2025-09-23 02:00:00,4846,19.6,88.0,14.0,2,1,0
2025-09-23 03:00:00,4729,19.3,89.0,11.0,3,1,0
2025-09-23 04:00:00,4701,19.0,89.0,9.0,4,1,0
2025-09-23 05:00:00,4862,19.0,91.0,8.0,5,1,0
2025-09-23 06:00:00,5320,18.4,93.0,6.0,6,1,0
2025-09-23 07:00:00,5806,19.0,91.0,7.0,7,1,0
2025-09-23 08:00:00,6100,19.5,90.0,8.0,8,1,0
2025-09-23 09:00:00,6332,20.9,85.0,10.0,9,1,0
2025-09-23 10:00:00,6588,22.1,81.0,5.0,10,1,0
2025-09-23 11:00:00,6861,23.7,65.0,7.0,11,1,0
2025-09-23 12:00:00,7086,24.9,66.0,9.0,12,1,0
2025-09-23 13:00:00,7280,25.0,63.0,9.0,13,1,0
2025-09-23 14:00:00,7389,24.3,67.0,16.0,14,1,0
2025-09-23 15:00:00,7387,23.6,64.0,15.0,15,1,0
2025-09-23 16:00:00,7382,23.9,63.0,14.0,16,1,0
2025-09-23 17:00:00,7230,23.1,65.0,11.0,17,1,0
2025-09-23 18:00:00,6982,22.4,66.0,5.0,18,1,0
2025-09-23 19:00:00,7064,19.1,91.0,18.0,19,1,0
2025-09-23 20:00:00,6932,18.8,84.0,3.0,20,1,0
2025-09-23 21:00:00,6633,18.7,92.0,10.0,21,1,0
2025-09-23 22:00:00,6196,19.0,94.0,7.0,22,1,0
2025-09-23 23:00:00,5743,18.9,93.0,5.0,23,1,0
2025-09-24 00:00:00,5339,18.8,94.0,3.0,0,2,0
2025-09-24 01:00:00,5048,18.8,93.0,0.0,1,2,0
2025-09-24 02:00:00,4853,18.4,95.0,8.0,2,2,0
2025-09-24 03:00:00,4743,18.3,96.0,8.0,3,2,0
2025-09-24 04:00:00,4727,18.6,94.0,5.0,4,2,0
2025-09-24 05:00:00,4890,18.5,95.0,7.0,5,2,0
2025-09-24 06:00:00,5348,18.5,96.0,9.0,6,2,0
2025-09-24 07:00:00,5841,18.7,96.0,10.0,7,2,0
2025-09-24 08:00:00,6148,19.5,94.0,12.0,8,2,0
2025-09-24 09:00:00,6361,19.8,92.0,14.0,9,2,0
2025-09-24 10:00:00,6540,20.3,88.0,17.0,10,2,0
2025-09-24 11:00:00,6644,20.3,86.0,16.0,11,2,0
2025-09-24 12:00:00,6703,20.6,87.0,10.0,12,2,0
2025-09-24 13:00:00,6748,21.0,83.0,17.0,13,2,0
2025-09-24 14:00:00,6780,21.1,81.0,17.0,14,2,0
2025-09-24 15:00:00,6777,21.1,78.0,11.0,15,2,0
2025-09-24 16:00:00,6757,20.6,78.0,13.0,16,2,0
2025-09-24 17:00:00,6740,20.7,76.0,14.0,17,2,0
2025-09-24 18:00:00,6667,20.4,79.0,17.0,18,2,0
2025-09-24 19:00:00,6759,19.6,85.0,9.0,19,2,0
2025-09-24 20:00:00,6704,19.6,87.0,12.0,20,2,0
2025-09-24 21:00:00,6434,19.8,83.0,10.0,21,2,0
2025-09-24 22:00:00,6053,19.8,83.0,8.0,22,2,0
2025-09-24 23:00:00,5632,18.8,90.0,9.0,23,2,0
2025-09-25 00:00:00,5236,18.6,95.0,10.0,0,3,0
2025-09-25 01:00:00,5005,18.5,95.0,11.0,1,3,0
2025-09-25 02:00:00,4769,18.4,95.0,13.0,2,3,0
2025-09-25 03:00:00,4668,18.5,96.0,6.0,3,3,0
2025-09-25 04:00:00,4668,18.5,96.0,7.0,4,3,0
2025-09-25 05:00:00,4854,18.3,95.0,5.0,5,3,0
2025-09-25 06:00:00,5326,18.0,95.0,4.0,6,3,0
2025-09-25 07:00:00,5847,17.8,96.0,5.0,7,3,0
2025-09-25 08:00:00,6100,17.9,97.0,5.0,8,3,0
2025-09-25 09:00:00,6288,18.2,97.0,4.0,9,3,0
2025-09-25 10:00:00,6420,18.5,96.0,9.0,10,3,0
2025-09-25 11:00:00,6543,19.5,88.0,7.0,11,3,0
2025-09-25 12:00:00,6580,19.5,90.0,10.0,12,3,0
2025-09-25 13:00:00,6584,20.5,83.0,16.0,13,3,0
2025-09-25 14:00:00,6585,20.6,81.0,10.0,14,3,0
2025-09-25 15:00:00,6548,20.9,79.0,13.0,15,3,0
2025-09-25 16:00:00,6623,21.3,78.0,12.0,16,3,0
2025-09-25 17:00:00,6613,20.8,78.0,9.0,17,3,0
2025-09-25 18:00:00,6569,19.6,82.0,10.0,18,3,0
2025-09-25 19:00:00,6630,19.5,83.0,8.0,19,3,0
2025-09-25 20:00:00,6596,19.5,86.0,16.0,20,3,0
2025-09-25 21:00:00,6355,18.6,89.0,9.0,21,3,0
2025-09-25 22:00:00,5944,17.9,88.0,8.0,22,3,0
2025-09-25 23:00:00,5502,16.8,94.0,8.0,23,3,0
2025-09-26 00:00:00,5145,17.8,84.0,14.0,0,4,0
2025-09-26 01:00:00,4860,17.1,85.0,17.0,1,4,0
2025-09-26 02:00:00,4661,16.7,84.0,13.0,2,4,0
2025-09-26 03:00:00,4549,15.4,90.0,9.0,3,4,0
2025-09-26 04:00:00,4530,16.8,84.0,16.0,4,4,0
2025-09-26 05:00:00,4632,16.3,85.0,9.0,5,4,0
2025-09-26 06:00:00,5004,15.4,89.0,9.0,6,4,0
2025-09-26 07:00:00,5390,16.2,88.0,9.0,7,4,0
2025-09-26 08:00:00,5791,18.1,81.0,10.0,8,4,0
2025-09-26 09:00:00,6069,19.9,72.0,14.0,9,4,0
2025-09-26 10:00:00,6372,20.5,69.0,13.0,10,4,0
2025-09-26 11:00:00,6566,20.7,69.0,16.0,11,4,0
2025-09-26 12:00:00,6664,21.4,64.0,12.0,12,4,0
2025-09-26 13:00:00,6751,22.7,58.0,9.0,13,4,0
2025-09-26 14:00:00,6801,23.1,54.0,13.0,14,4,0
2025-09-26 15:00:00,6864,23.8,52.0,13.0,15,4,0
2025-09-26 16:00:00,6899,24.4,49.0,20.0,16,4,0
2025-09-26 17:00:00,6899,23.5,51.0,11.0,17,4,0
2025-09-26 18:00:00,6759,21.2,61.0,14.0,18,4,0
2025-09-26 19:00:00,6679,20.5,63.0,14.0,19,4,0
2025-09-26 20:00:00,6545,20.5,62.0,10.0,20,4,0
2025-09-26 21:00:00,6295,19.8,66.0,9.0,21,4,0
2025-09-26 22:00:00,5917,18.8,74.0,13.0,22,4,0
2025-09-26 23:00:00,5503,17.8,80.0,9.0,23,4,0
2025-09-27 00:00:00,5122,17.3,84.0,12.0,0,5,1
2025-09-27 01:00:00,4818,16.7,87.0,10.0,1,5,1
2025-09-27 02:00:00,4610,16.7,89.0,10.0,2,5,1
2025-09-27 03:00:00,4434,15.9,90.0,8.0,3,5,1
2025-09-27 04:00:00,4390,16.2,91.0,5.0,4,5,1
2025-09-27 05:00:00,4407,15.9,90.0,4.0,5,5,1
2025-09-27 06:00:00,4520,16.4,90.0,3.0,6,5,1
2025-09-27 07:00:00,4693,16.0,93.0,4.0,7,5,1
2025-09-27 08:00:00,4972,17.8,85.0,3.0,8,5,1
2025-09-27 09:00:00,5395,19.4,79.0,7.0,9,5,1
2025-09-27 10:00:00,5698,21.6,68.0,18.0,10,5,1
2025-09-27 11:00:00,6043,23.1,63.0,13.0,11,5,1
2025-09-27 12:00:00,6224,23.6,61.0,9.0,12,5,1
2025-09-27 13:00:00,6325,25.4,57.0,14.0,13,5,1
2025-09-27 14:00:00,6423,24.6,60.0,21.0,14,5,1
2025-09-27 15:00:00,6388,24.8,58.0,18.0,15,5,1
2025-09-27 16:00:00,6386,24.7,57.0,20.0,16,5,1
2025-09-27 17:00:00,6437,23.9,58.0,18.0,17,5,1
2025-09-27 18:00:00,6345,22.8,60.0,13.0,18,5,1
2025-09-27 19:00:00,6289,22.3,62.0,10.0,19,5,1
2025-09-27 20:00:00,6132,21.4,69.0,17.0,20,5,1
2025-09-27 21:00:00,5924,20.6,68.0,13.0,21,5,1
2025-09-27 22:00:00,5592,19.2,73.0,16.0,22,5,1
2025-09-27 23:00:00,5312,18.6,74.0,10.0,23,5,1
2025-09-28 00:00:00,4983,18.1,76.0,13.0,0,6,1
2025-09-28 01:00:00,4723,18.0,76.0,15.0,1,6,1
2025-09-28 02:00:00,4532,17.7,79.0,16.0,2,6,1
2025-09-28 03:00:00,4387,16.7,83.0,10.0,3,6,1
2025-09-28 04:00:00,4303,17.6,80.0,14.0,4,6,1
2025-09-28 05:00:00,4287,17.7,81.0,17.0,5,6,1
2025-09-28 06:00:00,4372,17.5,82.0,16.0,6,6,1
2025-09-28 07:00:00,4480,17.3,80.0,15.0,7,6,1
2025-09-28 08:00:00,4722,18.7,63.0,20.0,8,6,1
2025-09-28 09:00:00,5142,19.4,58.0,23.0,9,6,1
2025-09-28 10:00:00,5471,20.8,50.0,21.0,10,6,1
2025-09-28 11:00:00,5756,21.9,48.0,21.0,11,6,1
2025-09-28 12:00:00,5945,22.7,44.0,16.0,12,6,1
2025-09-28 13:00:00,6100,23.1,41.0,16.0,13,6,1
2025-09-28 14:00:00,6203,23.8,39.0,17.0,14,6,1
2025-09-28 15:00:00,6315,23.9,32.0,13.0,15,6,1
2025-09-28 16:00:00,6411,23.8,34.0,17.0,16,6,1
2025-09-28 17:00:00,6493,22.3,37.0,16.0,17,6,1
2025-09-28 18:00:00,6392,20.6,37.0,15.0,18,6,1
2025-09-28 19:00:00,6319,20.3,38.0,14.0,19,6,1
2025-09-28 20:00:00,6156,19.2,40.0,12.0,20,6,1
2025-09-28 21:00:00,5859,17.7,47.0,13.0,21,6,1
2025-09-28 22:00:00,5494,16.1,59.0,14.0,22,6,1
2025-09-28 23:00:00,5123,15.7,61.0,7.0,23,6,1
2025-09-29 00:00:00,4794,14.4,64.0,8.0,0,0,0
2025-09-29 01:00:00,4541,14.9,64.0,9.0,1,0,0
2025-09-29 02:00:00,4373,13.7,73.0,5.0,2,0,0
2025-09-29 03:00:00,4270,13.9,74.0,10.0,3,0,0
2025-09-29 04:00:00,4301,12.0,80.0,10.0,4,0,0
2025-09-29 05:00:00,4455,11.4,78.0,8.0,5,0,0
2025-09-29 06:00:00,4881,11.0,76.0,8.0,6,0,0
2025-09-29 07:00:00,5293,12.9,69.0,6.0,7,0,0
2025-09-29 08:00:00,5577,16.8,59.0,8.0,8,0,0
2025-09-29 09:00:00,5817,19.1,48.0,5.0,9,0,0
2025-09-29 10:00:00,6150,21.0,46.0,4.0,10,0,0
2025-09-29 11:00:00,6369,22.6,42.0,4.0,11,0,0
2025-09-29 12:00:00,6498,23.5,35.0,3.0,12,0,0
2025-09-29 13:00:00,6636,24.4,35.0,5.0,13,0,0
2025-09-29 14:00:00,6694,24.5,27.0,0.0,14,0,0
2025-09-29 15:00:00,6797,24.8,28.0,8.0,15,0,0
2025-09-29 16:00:00,6931,25.3,29.0,8.0,16,0,0
2025-09-29 17:00:00,7043,22.6,40.0,11.0,17,0,0
2025-09-29 18:00:00,6824,21.4,41.0,8.0,18,0,0
2025-09-29 19:00:00,6722,20.4,44.0,0.0,19,0,0
2025-09-29 20:00:00,6540,19.9,47.0,0.0,20,0,0
2025-09-29 21:00:00,6226,19.4,48.0,4.0,21,0,0
2025-09-29 22:00:00,5774,18.0,59.0,13.0,22,0,0
2025-09-29 23:00:00,5348,16.9,65.0,7.0,23,0,0
2025-09-30 00:00:00,4965,16.0,70.0,9.0,0,1,0
2025-09-30 01:00:00,4678,15.7,72.0,9.0,1,1,0
2025-09-30 02:00:00,4520,14.9,75.0,10.0,2,1,0
2025-09-30 03:00:00,4411,14.6,74.0,9.0,3,1,0
2025-09-30 04:00:00,4407,14.1,76.0,10.0,4,1,0
2025-09-30 05:00:00,4541,13.5,77.0,11.0,5,1,0
2025-09-30 06:00:00,4949,13.7,72.0,12.0,6,1,0
2025-09-30 07:00:00,5376,13.8,73.0,12.0,7,1,0
2025-09-30 08:00:00,5644,16.1,69.0,15.0,8,1,0
2025-09-30 09:00:00,5862,18.2,61.0,13.0,9,1,0
2025-09-30 10:00:00,6112,20.1,53.0,13.0,10,1,0
2025-09-30 11:00:00,6290,21.1,50.0,15.0,11,1,0
2025-09-30 12:00:00,6423,21.8,49.0,13.0,12,1,0
2025-09-30 13:00:00,6542,21.8,51.0,9.0,13,1,0
2025-09-30 14:00:00,6603,21.8,51.0,15.0,14,1,0
2025-09-30 15:00:00,6688,21.0,61.0,14.0,15,1,0
2025-09-30 16:00:00,6733,21.3,59.0,14.0,16,1,0
2025-09-30 17:00:00,6737,20.0,60.0,9.0,17,1,0
2025-09-30 18:00:00,6560,19.3,63.0,6.0,18,1,0
2025-09-30 19:00:00,6486,18.5,62.0,5.0,19,1,0
2025-09-30 20:00:00,6347,17.8,62.0,7.0,20,1,0
2025-09-30 21:00:00,6059,17.4,63.0,7.0,21,1,0
2025-09-30 22:00:00,5630,16.3,62.0,16.0,22,1,0
2025-09-30 23:00:00,5206,15.8,43.0,18.0,23,1,0
2025-10-01 00:00:00,4841,14.6,43.0,14.0,0,2,0
2025-10-01 01:00:00,4545,13.6,46.0,10.0,1,2,0
2025-10-01 02:00:00,4345,12.9,46.0,13.0,2,2,0
2025-10-01 03:00:00,4246,10.9,55.0,10.0,3,2,0
2025-10-01 04:00:00,4243,10.1,58.0,14.0,4,2,0
2025-10-01 05:00:00,4386,9.6,61.0,11.0,5,2,0
2025-10-01 06:00:00,4796,8.8,66.0,10.0,6,2,0
2025-10-01 07:00:00,5248,9.5,67.0,11.0,7,2,0
2025-10-01 08:00:00,5460,11.7,60.0,11.0,8,2,0
2025-10-01 09:00:00,5625,13.4,57.0,15.0,9,2,0
2025-10-01 10:00:00,5776,14.6,57.0,10.0,10,2,0
2025-10-01 11:00:00,5883,15.6,54.0,14.0,11,2,0
2025-10-01 12:00:00,5947,16.7,50.0,12.0,12,2,0
2025-10-01 13:00:00,6015,17.1,57.0,7.0,13,2,0
2025-10-01 14:00:00,6042,16.8,58.0,8.0,14,2,0
2025-10-01 15:00:00,6093,16.9,59.0,12.0,15,2,0
2025-10-01 16:00:00,6167,16.3,59.0,14.0,16,2,0
2025-10-01 17:00:00,6160,15.5,61.0,14.0,17,2,0
2025-10-01 18:00:00,6040,14.5,65.0,8.0,18,2,0
2025-10-01 19:00:00,6145,14.2,65.0,6.0,19,2,0
2025-10-01 20:00:00,6052,13.9,66.0,4.0,20,2,0
2025-10-01 21:00:00,5747,13.6,67.0,4.0,21,2,0
2025-10-01 22:00:00,5387,13.2,70.0,5.0,22,2,0
2025-10-01 23:00:00,5008,12.7,73.0,8.0,23,2,0
2025-10-02 00:00:00,4693,12.4,75.0,5.0,0,3,0
2025-10-02 01:00:00,4425,12.0,76.0,7.0,1,3,0
2025-10-02 02:00:00,4298,10.8,80.0,9.0,2,3,0
2025-10-02 03:00:00,4238,10.1,82.0,9.0,3,3,0
2025-10-02 04:00:00,4277,10.2,76.0,7.0,4,3,0
2025-10-02 05:00:00,4424,9.8,76.0,7.0,5,3,0
2025-10-02 06:00:00,4801,10.0,73.0,5.0,6,3,0
2025-10-02 07:00:00,5296,10.3,73.0,7.0,7,3,0
2025-10-02 08:00:00,5535,13.1,67.0,9.0,8,3,0
2025-10-02 09:00:00,5705,15.0,67.0,7.0,9,3,0
2025-10-02 10:00:00,5835,16.5,58.0,10.0,10,3,0
2025-10-02 11:00:00,5861,17.4,54.0,8.0,11,3,0
2025-10-02 12:00:00,5951,17.9,47.0,16.0,12,3,0
2025-10-02 13:00:00,6034,17.9,51.0,13.0,13,3,0
2025-10-02 14:00:00,6057,18.5,51.0,9.0,14,3,0
2025-10-02 15:00:00,6055,17.9,54.0,13.0,15,3,0
2025-10-02 16:00:00,6131,18.0,45.0,16.0,16,3,0
2025-10-02 17:00:00,6174,17.1,50.0,12.0,17,3,0
2025-10-02 18:00:00,6093,15.7,61.0,10.0,18,3,0
2025-10-02 19:00:00,6160,14.7,69.0,9.0,19,3,0
2025-10-02 20:00:00,6055,14.6,71.0,5.0,20,3,0
2025-10-02 21:00:00,5816,14.4,74.0,3.0,21,3,0
2025-10-02 22:00:00,5454,13.9,79.0,4.0,22,3,0
2025-10-02 23:00:00,5087,13.6,76.0,5.0,23,3,0
2025-10-03 00:00:00,4780,12.0,82.0,5.0,0,4,0
2025-10-03 01:00:00,4562,11.2,83.0,8.0,1,4,0
2025-10-03 02:00:00,4405,10.8,84.0,4.0,2,4,0
2025-10-03 03:00:00,4311,10.9,84.0,6.0,3,4,0
2025-10-03 04:00:00,4348,9.7,89.0,8.0,4,4,0
2025-10-03 05:00:00,4478,9.7,91.0,0.0,5,4,0
2025-10-03 06:00:00,4879,10.2,90.0,4.0,6,4,0
2025-10-03 07:00:00,5343,11.0,86.0,0.0,7,4,0
2025-10-03 08:00:00,5570,13.8,81.0,5.0,8,4,0
2025-10-03 09:00:00,5744,16.6,77.0,4.0,9,4,0
2025-10-03 10:00:00,5951,19.2,66.0,7.0,10,4,0
2025-10-03 11:00:00,6121,21.4,57.0,11.0,11,4,0
2025-10-03 12:00:00,6192,22.4,55.0,6.0,12,4,0
2025-10-03 13:00:00,6315,23.4,56.0,13.0,13,4,0
2025-10-03 14:00:00,6439,23.8,49.0,13.0,14,4,0
2025-10-03 15:00:00,6484,23.8,48.0,15.0,15,4,0
2025-10-03 16:00:00,6562,23.4,53.0,13.0,16,4,0
2025-10-03 17:00:00,6611,22.4,58.0,14.0,17,4,0
2025-10-03 18:00:00,6425,21.0,62.0,10.0,18,4,0
2025-10-03 19:00:00,6417,20.7,62.0,8.0,19,4,0
2025-10-03 20:00:00,6306,20.1,66.0,4.0,20,4,0
2025-10-03 21:00:00,6049,19.1,73.0,5.0,21,4,0
2025-10-03 22:00:00,5700,18.0,70.0,10.0,22,4,0
2025-10-03 23:00:00,5305,16.9,73.0,9.0,23,4,0
2025-10-04 00:00:00,4956,16.7,71.0,5.0,0,5,1
2025-10-04 01:00:00,4699,17.5,65.0,8.0,1,5,1
2025-10-04 02:00:00,4475,16.4,68.0,3.0,2,5,1
2025-10-04 03:00:00,4375,16.8,67.0,5.0,3,5,1
2025-10-04 04:00:00,4311,16.7,66.0,0.0,4,5,1
2025-10-04 05:00:00,4334,15.1,72.0,3.0,5,5,1
2025-10-04 06:00:00,4462,16.3,66.0,4.0,6,5,1
2025-10-04 07:00:00,4620,16.8,65.0,5.0,7,5,1
2025-10-04 08:00:00,4960,19.0,59.0,5.0,8,5,1
2025-10-04 09:00:00,5293,20.7,59.0,4.0,9,5,1
2025-10-04 10:00:00,5659,22.8,55.0,8.0,10,5,1
2025-10-04 11:00:00,5959,25.8,41.0,9.0,11,5,1
2025-10-04 12:00:00,6182,25.2,48.0,11.0,12,5,1
2025-10-04 13:00:00,6340,26.3,48.0,14.0,13,5,1
2025-10-04 14:00:00,6483,26.4,45.0,16.0,14,5,1
2025-10-04 15:00:00,6554,26.4,48.0,18.0,15,5,1
2025-10-04 16:00:00,6663,25.9,47.0,16.0,16,5,1
2025-10-04 17:00:00,6643,25.1,47.0,15.0,17,5,1
2025-10-04 18:00:00,6463,24.2,49.0,10.0,18,5,1
2025-10-04 19:00:00,6396,23.4,49.0,10.0,19,5,1
2025-10-04 20:00:00,6231,22.5,52.0,8.0,20,5,1
2025-10-04 21:00:00,5996,21.7,52.0,8.0,21,5,1
2025-10-04 22:00:00,5689,21.4,51.0,4.0,22,5,1
2025-10-04 23:00:00,5351,20.2,55.0,3.0,23,5,1
2025-10-05 00:00:00,5026,19.3,69.0,7.0,0,6,1
2025-10-05 01:00:00,4756,18.1,84.0,0.0,1,6,1
2025-10-05 02:00:00,4552,16.8,89.0,0.0,2,6,1
2025-10-05 03:00:00,4386,16.6,92.0,0.0,3,6,1
2025-10-05 04:00:00,4317,16.3,94.0,3.0,4,6,1
2025-10-05 05:00:00,4246,15.5,93.0,0.0,5,6,1
2025-10-05 06:00:00,4321,16.6,92.0,3.0,6,6,1
2025-10-05 07:00:00,4481,16.7,92.0,0.0,7,6,1
2025-10-05 08:00:00,4792,19.0,85.0,5.0,8,6,1
2025-10-05 09:00:00,5185,21.1,68.0,5.0,9,6,1
2025-10-05 10:00:00,5608,23.3,60.0,10.0,10,6,1
2025-10-05 11:00:00,6016,24.6,63.0,7.0,11,6,1
2025-10-05 12:00:00,6314,25.4,58.0,17.0,12,6,1
2025-10-05 13:00:00,6490,26.4,52.0,18.0,13,6,1
2025-10-05 14:00:00,6654,26.8,51.0,17.0,14,6,1
2025-10-05 15:00:00,6788,26.7,48.0,17.0,15,6,1
2025-10-05 16:00:00,6906,26.8,45.0,17.0,16,6,1
2025-10-05 17:00:00,6919,26.1,43.0,13.0,17,6,1
2025-10-05 18:00:00,6755,24.5,46.0,13.0,18,6,1
2025-10-05 19:00:00,6693,24.0,46.0,13.0,19,6,1
2025-10-05 20:00:00,6500,22.3,52.0,9.0,20,6,1
2025-10-05 21:00:00,6202,21.9,54.0,8.0,21,6,1
2025-10-05 22:00:00,5834,19.9,61.0,9.0,22,6,1
2025-10-05 23:00:00,5444,19.4,65.0,4.0,23,6,1
2025-10-06 00:00:00,5035,18.9,68.0,5.0,0,0,0
2025-10-06 01:00:00,4754,18.4,70.0,6.0,1,0,0
2025-10-06 02:00:00,4598,16.6,78.0,7.0,2,0,0
2025-10-06 03:00:00,4480,15.9,79.0,4.0,3,0,0
2025-10-06 04:00:00,4464,16.6,74.0,0.0,4,0,0
2025-10-06 05:00:00,4610,16.4,77.0,0.0,5,0,0
2025-10-06 06:00:00,5082,16.6,77.0,0.0,6,0,0
2025-10-06 07:00:00,5540,16.7,81.0,4.0,7,0,0
2025-10-06 08:00:00,5849,19.1,76.0,12.0,8,0,0
2025-10-06 09:00:00,6125,22.2,62.0,12.0,9,0,0
2025-10-06 10:00:00,6454,22.9,67.0,9.0,10,0,0
2025-10-06 11:00:00,6754,25.7,53.0,14.0,11,0,0
2025-10-06 12:00:00,7027,27.1,46.0,23.0,12,0,0
2025-10-06 13:00:00,7245,26.2,51.0,23.0,13,0,0
2025-10-06 14:00:00,7377,27.9,46.0,26.0,14,0,0
2025-10-06 15:00:00,7457,27.2,47.0,23.0,15,0,0
2025-10-06 16:00:00,7522,27.0,48.0,20.0,16,0,0
2025-10-06 17:00:00,7535,26.4,43.0,19.0,17,0,0
2025-10-06 18:00:00,7311,25.5,46.0,18.0,18,0,0
2025-10-06 19:00:00,7246,24.2,50.0,14.0,19,0,0
2025-10-06 20:00:00,7037,23.5,52.0,15.0,20,0,0
2025-10-06 21:00:00,6686,22.9,55.0,19.0,21,0,0
2025-10-06 22:00:00,6234,21.6,60.0,12.0,22,0,0
2025-10-06 23:00:00,5787,20.2,66.0,9.0,23,0,0
2025-10-07 00:00:00,5350,19.6,69.0,9.0,0,1,0
2025-10-07 01:00:00,5055,18.9,72.0,8.0,1,1,0
2025-10-07 02:00:00,4845,19.4,73.0,14.0,2,1,0
2025-10-07 03:00:00,4728,19.8,75.0,10.0,3,1,0
2025-10-07 04:00:00,4736,19.8,78.0,13.0,4,1,0
2025-10-07 05:00:00,4929,20.0,82.0,14.0,5,1,0
2025-10-07 06:00:00,5413,19.4,90.0,18.0,6,1,0
2025-10-07 07:00:00,5952,19.8,87.0,19.0,7,1,0
2025-10-07 08:00:00,6194,19.9,88.0,14.0,8,1,0
2025-10-07 09:00:00,6403,20.3,85.0,16.0,9,1,0
2025-10-07 10:00:00,6588,20.5,81.0,16.0,10,1,0
2025-10-07 11:00:00,6708,20.8,77.0,14.0,11,1,0
2025-10-07 12:00:00,6745,21.1,74.0,13.0,12,1,0
2025-10-07 13:00:00,6728,19.2,78.0,22.0,13,1,0
2025-10-07 14:00:00,6569,18.2,80.0,22.0,14,1,0
2025-10-07 15:00:00,6472,17.6,81.0,22.0,15,1,0
2025-10-07 16:00:00,6434,16.2,81.0,29.0,16,1,0
2025-10-07 17:00:00,6385,14.9,85.0,23.0,17,1,0
2025-10-07 18:00:00,6366,15.0,85.0,23.0,18,1,0
2025-10-07 19:00:00,6338,15.2,83.0,23.0,19,1,0
2025-10-07 20:00:00,6216,15.2,76.0,28.0,20,1,0
2025-10-07 21:00:00,5905,14.9,76.0,23.0,21,1,0
2025-10-07 22:00:00,5588,14.7,71.0,20.0,22,1,0
2025-10-07 23:00:00,5218,14.0,70.0,24.0,23,1,0
2025-10-08 00:00:00,4847,13.6,72.0,17.0,0,2,0
2025-10-08 01:00:00,4606,12.8,75.0,17.0,1,2,0
2025-10-08 02:00:00,4420,11.8,77.0,14.0,2,2,0
2025-10-08 03:00:00,4328,11.6,75.0,16.0,3,2,0
2025-10-08 04:00:00,4319,10.2,77.0,16.0,4,2,0
2025-10-08 05:00:00,4459,9.8,76.0,15.0,5,2,0
2025-10-08 06:00:00,4869,10.1,73.0,16.0,6,2,0
2025-10-08 07:00:00,5311,10.2,71.0,21.0,7,2,0
2025-10-08 08:00:00,5507,11.1,67.0,21.0,8,2,0
2025-10-08 09:00:00,5634,12.0,61.0,30.0,9,2,0
2025-10-08 10:00:00,5720,13.2,57.0,30.0,10,2,0
2025-10-08 11:00:00,5799,14.0,54.0,29.0,11,2,0
2025-10-08 12:00:00,5809,14.4,47.0,35.0,12,2,0
2025-10-08 13:00:00,5874,14.1,44.0,34.0,13,2,0
2025-10-08 14:00:00,5828,14.1,46.0,32.0,14,2,0
2025-10-08 15:00:00,5852,13.6,43.0,32.0,15,2,0
2025-10-08 16:00:00,5916,13.4,44.0,31.0,16,2,0
2025-10-08 17:00:00,5946,12.3,47.0,22.0,17,2,0
2025-10-08 18:00:00,5875,11.2,49.0,22.0,18,2,0
2025-10-08 19:00:00,5994,10.5,52.0,28.0,19,2,0
2025-10-08 20:00:00,5962,9.8,57.0,24.0,20,2,0
2025-10-08 21:00:00,5746,8.6,63.0,19.0,21,2,0
2025-10-08 22:00:00,5385,8.1,64.0,18.0,22,2,0
2025-10-08 23:00:00,5047,7.7,66.0,14.0,23,2,0
2025-10-09 00:00:00,4730,6.8,70.0,16.0,0,3,0
2025-10-09 01:00:00,4501,5.5,76.0,13.0,1,3,0
2025-10-09 02:00:00,4361,5.4,74.0,12.0,2,3,0
2025-10-09 03:00:00,4292,4.9,74.0,9.0,3,3,0
2025-10-09 04:00:00,4324,4.5,75.0,11.0,4,3,0
2025-10-09 05:00:00,4492,4.7,72.0,12.0,5,3,0
2025-10-09 06:00:00,4926,4.5,72.0,8.0,6,3,0
2025-10-09 07:00:00,5434,4.4,75.0,12.0,7,3,0
2025-10-09 08:00:00,5623,6.7,66.0,9.0,8,3,0
2025-10-09 09:00:00,5721,9.2,51.0,12.0,9,3,0
2025-10-09 10:00:00,5795,10.4,39.0,9.0,10,3,0
2025-10-09 11:00:00,5844,12.0,38.0,12.0,11,3,0
2025-10-09 12:00:00,5831,12.0,37.0,8.0,12,3,0
2025-10-09 13:00:00,5789,12.4,37.0,17.0,13,3,0
2025-10-09 14:00:00,5774,11.6,41.0,13.0,14,3,0
2025-10-09 15:00:00,5782,11.6,44.0,14.0,15,3,0
2025-10-09 16:00:00,5876,11.4,44.0,13.0,16,3,0
2025-10-09 17:00:00,5899,10.3,46.0,11.0,17,3,0
2025-10-09 18:00:00,5928,9.5,51.0,8.0,18,3,0
2025-10-09 19:00:00,6083,8.9,53.0,7.0,19,3,0
2025-10-09 20:00:00,6008,8.6,56.0,8.0,20,3,0
2025-10-09 21:00:00,5801,8.2,57.0,5.0,21,3,0
2025-10-09 22:00:00,5461,8.1,59.0,6.0,22,3,0
2025-10-09 23:00:00,5119,7.6,61.0,7.0,23,3,0
2025-10-10 00:00:00,4811,7.0,64.0,7.0,0,4,0
2025-10-10 01:00:00,4581,6.7,67.0,4.0,1,4,0
2025-10-10 02:00:00,4382,7.1,67.0,4.0,2,4,0
2025-10-10 03:00:00,4305,5.2,71.0,7.0,3,4,0
2025-10-10 04:00:00,4393,3.9,79.0,3.0,4,4,0
2025-10-10 05:00:00,4544,4.8,74.0,5.0,5,4,0
2025-10-10 06:00:00,4947,4.3,77.0,8.0,6,4,0
2025-10-10 07:00:00,5368,5.0,77.0,5.0,7,4,0
2025-10-10 08:00:00,5600,7.8,71.0,4.0,8,4,0
2025-10-10 09:00:00,5676,11.4,66.0,8.0,9,4,0
2025-10-10 10:00:00,5767,14.0,60.0,19.0,10,4,0
2025-10-10 11:00:00,5823,15.2,58.0,13.0,11,4,0
2025-10-10 12:00:00,5810,15.7,55.0,16.0,12,4,0
2025-10-10 13:00:00,5826,16.3,53.0,20.0,13,4,0
2025-10-10 14:00:00,5809,16.6,49.0,18.0,14,4,0
2025-10-10 15:00:00,5733,17.2,47.0,16.0,15,4,0
2025-10-10 16:00:00,5834,16.4,46.0,23.0,16,4,0
2025-10-10 17:00:00,5832,16.1,50.0,26.0,17,4,0
2025-10-10 18:00:00,5857,15.6,46.0,20.0,18,4,0
2025-10-10 19:00:00,5901,15.6,48.0,10.0,19,4,0
2025-10-10 20:00:00,5800,14.9,55.0,9.0,20,4,0
2025-10-10 21:00:00,5620,12.4,80.0,9.0,21,4,0
2025-10-10 22:00:00,5378,12.1,87.0,6.0,22,4,0
2025-10-10 23:00:00,5026,12.3,87.0,9.0,23,4,0
2025-10-11 00:00:00,4780,12.0,90.0,11.0,0,5,1
2025-10-11 01:00:00,4527,12.6,90.0,11.0,1,5,1
2025-10-11 02:00:00,4368,13.1,89.0,16.0,2,5,1
2025-10-11 03:00:00,4255,13.0,91.0,5.0,3,5,1
2025-10-11 04:00:00,4217,12.9,93.0,7.0,4,5,1
2025-10-11 05:00:00,4211,12.6,87.0,10.0,5,5,1
2025-10-11 06:00:00,4350,11.2,91.0,6.0,6,5,1
2025-10-11 07:00:00,4548,12.2,88.0,0.0,7,5,1
2025-10-11 08:00:00,4782,12.6,88.0,4.0,8,5,1
2025-10-11 09:00:00,5057,14.1,73.0,3.0,9,5,1
2025-10-11 10:00:00,5237,15.4,62.0,7.0,10,5,1
2025-10-11 11:00:00,5343,15.6,61.0,5.0,11,5,1
2025-10-11 12:00:00,5428,15.6,58.0,4.0,12,5,1
2025-10-11 13:00:00,5480,16.6,53.0,0.0,13,5,1
2025-10-11 14:00:00,5427,17.7,48.0,13.0,14,5,1
2025-10-11 15:00:00,5355,16.9,66.0,17.0,15,5,1
2025-10-11 16:00:00,5350,15.5,72.0,19.0,16,5,1
2025-10-11 17:00:00,5437,14.3,77.0,18.0,17,5,1
2025-10-11 18:00:00,5458,13.9,80.0,19.0,18,5,1
2025-10-11 19:00:00,5519,13.3,81.0,11.0,19,5,1
2025-10-11 20:00:00,5421,13.2,83.0,8.0,20,5,1
2025-10-11 21:00:00,5264,13.7,82.0,14.0,21,5,1
2025-10-11 22:00:00,5026,13.3,81.0,8.0,22,5,1
2025-10-11 23:00:00,4768,12.6,81.0,10.0,23,5,1
2025-10-12 00:00:00,4540,12.3,88.0,13.0,0,6,1
2025-10-12 01:00:00,4355,11.5,90.0,7.0,1,6,1
2025-10-12 02:00:00,4180,11.0,89.0,11.0,2,6,1
2025-10-12 03:00:00,4091,10.6,86.0,9.0,3,6,1
2025-10-12 04:00:00,4015,9.7,89.0,9.0,4,6,1
2025-10-12 05:00:00,4090,9.8,87.0,15.0,5,6,1
2025-10-12 06:00:00,4173,10.1,86.0,12.0,6,6,1
2025-10-12 07:00:00,4348,10.7,88.0,8.0,7,6,1
2025-10-12 08:00:00,4587,11.3,88.0,10.0,8,6,1
2025-10-12 09:00:00,4859,13.6,89.0,18.0,9,6,1
2025-10-12 10:00:00,5073,14.0,88.0,17.0,10,6,1
2025-10-12 11:00:00,5295,16.3,77.0,23.0,11,6,1
2025-10-12 12:00:00,5361,18.0,74.0,18.0,12,6,1
2025-10-12 13:00:00,5313,16.6,76.0,16.0,13,6,1
2025-10-12 14:00:00,5277,17.5,72.0,17.0,14,6,1
2025-10-12 15:00:00,5291,17.5,68.0,22.0,15,6,1
2025-10-12 16:00:00,5284,17.7,68.0,13.0,16,6,1
2025-10-12 17:00:00,5325,16.7,67.0,20.0,17,6,1
2025-10-12 18:00:00,5285,15.7,71.0,14.0,18,6,1
2025-10-12 19:00:00,5384,15.5,69.0,10.0,19,6,1
2025-10-12 20:00:00,5284,14.9,70.0,7.0,20,6,1
2025-10-12 21:00:00,5119,13.5,77.0,9.0,21,6,1
2025-10-12 22:00:00,4932,12.6,80.0,13.0,22,6,1
2025-10-12 23:00:00,4700,14.0,67.0,16.0,23,6,1
2025-10-13 00:00:00,4466,13.1,67.0,7.0,0,0,0
2025-10-13 01:00:00,4225,12.3,67.0,7.0,1,0,0
2025-10-13 02:00:00,4060,10.3,80.0,12.0,2,0,0
2025-10-13 03:00:00,3967,9.2,85.0,13.0,3,0,0
2025-10-13 04:00:00,3942,9.6,85.0,12.0,4,0,0
2025-10-13 05:00:00,3988,9.4,85.0,10.0,5,0,0
2025-10-13 06:00:00,4115,10.1,85.0,12.0,6,0,0
2025-10-13 07:00:00,4246,11.0,87.0,8.0,7,0,0
2025-10-13 08:00:00,4412,12.3,83.0,7.0,8,0,0
2025-10-13 09:00:00,4646,14.4,81.0,4.0,9,0,0
2025-10-13 10:00:00,4903,15.9,76.0,14.0,10,0,0
2025-10-13 11:00:00,5119,15.6,77.0,14.0,11,0,0
2025-10-13 12:00:00,5207,15.4,79.0,14.0,12,0,0
2025-10-13 13:00:00,5185,18.0,63.0,17.0,13,0,0
2025-10-13 14:00:00,5183,17.5,61.0,19.0,14,0,0
2025-10-13 15:00:00,5178,17.9,61.0,12.0,15,0,0
2025-10-13 16:00:00,5217,17.3,61.0,9.0,16,0,0
2025-10-13 17:00:00,5315,16.8,61.0,8.0,17,0,0
2025-10-13 18:00:00,5414,15.8,66.0,7.0,18,0,0
2025-10-13 19:00:00,5539,14.8,71.0,4.0,19,0,0
2025-10-13 20:00:00,5436,14.5,74.0,5.0,20,0,0
2025-10-13 21:00:00,5269,14.1,78.0,6.0,21,0,0
2025-10-13 22:00:00,4999,13.2,81.0,6.0,22,0,0
2025-10-13 23:00:00,4713,13.2,82.0,6.0,23,0,0
2025-10-14 00:00:00,4454,11.5,85.0,4.0,0,1,0
2025-10-14 01:00:00,4292,10.0,86.0,7.0,1,1,0
2025-10-14 02:00:00,4177,10.7,86.0,7.0,2,1,0
2025-10-14 03:00:00,4135,10.1,86.0,0.0,3,1,0
2025-10-14 04:00:00,4153,9.6,86.0,5.0,4,1,0
2025-10-14 05:00:00,4352,8.2,89.0,4.0,5,1,0
2025-10-14 06:00:00,4758,9.3,88.0,8.0,6,1,0
2025-10-14 07:00:00,5321,9.1,88.0,5.0,7,1,0
2025-10-14 08:00:00,5548,11.7,85.0,0.0,8,1,0
2025-10-14 09:00:00,5672,14.3,78.0,5.0,9,1,0
2025-10-14 10:00:00,5793,16.6,69.0,5.0,10,1,0
2025-10-14 11:00:00,5906,19.1,63.0,10.0,11,1,0
2025-10-14 12:00:00,5982,21.1,52.0,15.0,12,1,0
2025-10-14 13:00:00,6074,20.9,51.0,18.0,13,1,0
2025-10-14 14:00:00,6118,21.3,60.0,23.0,14,1,0
2025-10-14 15:00:00,6081,20.7,61.0,13.0,15,1,0
2025-10-14 16:00:00,6090,19.3,66.0,21.0,16,1,0
2025-10-14 17:00:00,6123,19.1,66.0,13.0,17,1,0
2025-10-14 18:00:00,6100,18.6,53.0,25.0,18,1,0
2025-10-14 19:00:00,6174,15.8,73.0,17.0,19,1,0
2025-10-14 20:00:00,6014,13.4,76.0,25.0,20,1,0
2025-10-14 21:00:00,5767,12.5,80.0,21.0,21,1,0
2025-10-14 22:00:00,5412,12.5,76.0,26.0,22,1,0
2025-10-14 23:00:00,5039,12.5,76.0,24.0,23,1,0
2025-10-15 00:00:00,4719,12.5,72.0,16.0,0,2,0
2025-10-15 01:00:00,4501,11.9,69.0,10.0,1,2,0
2025-10-15 02:00:00,4362,11.8,65.0,11.0,2,2,0
2025-10-15 03:00:00,4302,11.5,64.0,14.0,3,2,0
2025-10-15 04:00:00,4302,11.0,65.0,18.0,4,2,0
2025-10-15 05:00:00,4487,10.6,64.0,16.0,5,2,0
2025-10-15 06:00:00,4924,10.2,60.0,19.0,6,2,0
2025-10-15 07:00:00,5375,9.6,62.0,16.0,7,2,0
2025-10-15 08:00:00,5554,10.0,62.0,14.0,8,2,0
2025-10-15 09:00:00,5714,10.5,60.0,17.0,9,2,0
2025-10-15 10:00:00,5801,11.2,56.0,15.0,10,2,0
2025-10-15 11:00:00,5880,12.3,50.0,14.0,11,2,0
2025-10-15 12:00:00,5852,13.5,49.0,16.0,12,2,0
2025-10-15 13:00:00,5805,13.1,45.0,18.0,13,2,0
2025-10-15 14:00:00,5848,13.1,43.0,18.0,14,2,0
2025-10-15 15:00:00,5795,13.5,40.0,12.0,15,2,0
2025-10-15 16:00:00,5868,13.7,41.0,18.0,16,2,0
2025-10-15 17:00:00,5912,11.9,46.0,20.0,17,2,0
2025-10-15 18:00:00,5984,10.5,56.0,22.0,18,2,0
2025-10-15 19:00:00,6092,9.5,65.0,23.0,19,2,0
2025-10-15 20:00:00,5995,9.0,69.0,23.0,20,2,0
2025-10-15 21:00:00,5759,8.4,72.0,20.0,21,2,0
2025-10-15 22:00:00,5440,7.8,74.0,19.0,22,2,0
2025-10-15 23:00:00,5061,7.5,75.0,21.0,23,2,0
2025-10-16 00:00:00,4696,6.8,77.0,19.0,0,3,0
2025-10-16 01:00:00,4526,5.7,77.0,15.0,1,3,0
2025-10-16 02:00:00,4410,5.9,72.0,17.0,2,3,0
2025-10-16 03:00:00,4351,5.3,72.0,16.0,3,3,0
2025-10-16 04:00:00,4389,4.7,74.0,13.0,4,3,0
2025-10-16 05:00:00,4520,4.6,74.0,10.0,5,3,0
2025-10-16 06:00:00,4974,5.0,71.0,11.0,6,3,0
2025-10-16 07:00:00,5499,5.4,69.0,17.0,7,3,0
2025-10-16 08:00:00,5719,7.2,62.0,10.0,8,3,0
2025-10-16 09:00:00,5746,9.7,53.0,13.0,9,3,0
2025-10-16 10:00:00,5801,11.2,45.0,16.0,10,3,0
2025-10-16 11:00:00,5814,12.8,37.0,16.0,11,3,0
2025-10-16 12:00:00,5779,12.5,33.0,5.0,12,3,0
2025-10-16 13:00:00,5809,14.0,37.0,10.0,13,3,0
2025-10-16 14:00:00,5768,14.7,36.0,16.0,14,3,0
2025-10-16 15:00:00,5785,14.7,36.0,18.0,15,3,0
2025-10-16 16:00:00,5838,14.6,41.0,18.0,16,3,0
2025-10-16 17:00:00,5868,13.2,38.0,23.0,17,3,0
2025-10-16 18:00:00,5914,11.9,46.0,18.0,18,3,0
2025-10-16 19:00:00,6026,10.8,50.0,20.0,19,3,0
2025-10-16 20:00:00,5920,10.0,56.0,19.0,20,3,0
2025-10-16 21:00:00,5714,9.5,60.0,18.0,21,3,0
2025-10-16 22:00:00,5440,8.4,63.0,13.0,22,3,0
2025-10-16 23:00:00,5062,6.6,69.0,9.0,23,3,0
2025-10-17 00:00:00,4788,6.8,70.0,14.0,0,4,0
2025-10-17 01:00:00,4573,5.5,74.0,16.0,1,4,0
2025-10-17 02:00:00,4381,5.7,75.0,20.0,2,4,0
2025-10-17 03:00:00,4310,5.8,75.0,12.0,3,4,0
2025-10-17 04:00:00,4380,6.3,76.0,11.0,4,4,0
2025-10-17 05:00:00,4551,6.3,77.0,5.0,5,4,0
2025-10-17 06:00:00,4902,7.3,72.0,9.0,6,4,0
2025-10-17 07:00:00,5423,7.3,75.0,5.0,7,4,0
2025-10-17 08:00:00,5694,8.1,71.0,7.0,8,4,0
2025-10-17 09:00:00,5824,9.1,67.0,8.0,9,4,0
2025-10-17 10:00:00,5995,10.6,64.0,4.0,10,4,0
2025-10-17 11:00:00,6041,11.8,60.0,0.0,11,4,0
2025-10-17 12:00:00,6072,12.1,51.0,7.0,12,4,0
2025-10-17 13:00:00,6066,11.4,65.0,6.0,13,4,0
2025-10-17 14:00:00,5995,11.2,66.0,9.0,14,4,0
2025-10-17 15:00:00,5953,11.4,67.0,7.0,15,4,0
2025-10-17 16:00:00,5989,11.4,68.0,5.0,16,4,0
2025-10-17 17:00:00,5979,11.4,70.0,9.0,17,4,0
2025-10-17 18:00:00,6072,11.6,67.0,9.0,18,4,0
2025-10-17 19:00:00,6057,11.9,65.0,8.0,19,4,0
2025-10-17 20:00:00,5941,10.8,86.0,9.0,20,4,0
2025-10-17 21:00:00,5726,11.0,86.0,3.0,21,4,0
2025-10-17 22:00:00,5432,10.6,92.0,8.0,22,4,0
2025-10-17 23:00:00,5107,10.9,94.0,7.0,23,4,0
2025-10-18 00:00:00,4814,11.4,92.0,6.0,0,5,1
2025-10-18 01:00:00,4582,12.0,91.0,6.0,1,5,1
2025-10-18 02:00:00,4425,12.3,91.0,12.0,2,5,1
2025-10-18 03:00:00,4312,12.3,92.0,8.0,3,5,1
2025-10-18 04:00:00,4304,13.2,85.0,10.0,4,5,1
2025-10-18 05:00:00,4344,13.3,82.0,11.0,5,5,1
2025-10-18 06:00:00,4485,13.7,76.0,13.0,6,5,1
2025-10-18 07:00:00,4688,13.3,78.0,8.0,7,5,1
2025-10-18 08:00:00,4866,13.6,76.0,17.0,8,5,1
2025-10-18 09:00:00,5060,14.7,74.0,13.0,9,5,1
2025-10-18 10:00:00,5216,17.3,64.0,13.0,10,5,1
2025-10-18 11:00:00,5379,17.9,57.0,17.0,11,5,1
2025-10-18 12:00:00,5397,19.0,60.0,18.0,12,5,1
2025-10-18 13:00:00,5389,20.5,54.0,19.0,13,5,1
2025-10-18 14:00:00,5381,21.0,53.0,21.0,14,5,1
2025-10-18 15:00:00,5413,20.2,57.0,14.0,15,5,1
2025-10-18 16:00:00,5417,21.1,54.0,12.0,16,5,1
2025-10-18 17:00:00,5486,19.6,64.0,14.0,17,5,1
2025-10-18 18:00:00,5597,18.8,69.0,9.0,18,5,1
2025-10-18 19:00:00,5584,17.9,72.0,9.0,19,5,1
2025-10-18 20:00:00,5446,17.8,72.0,9.0,20,5,1
2025-10-18 21:00:00,5261,17.1,75.0,9.0,21,5,1
2025-10-18 22:00:00,5037,17.1,76.0,8.0,22,5,1
2025-10-18 23:00:00,4797,17.5,74.0,6.0,23,5,1
2025-10-19 00:00:00,4627,17.8,73.0,5.0,0,6,1
2025-10-19 01:00:00,4373,17.9,75.0,11.0,1,6,1
2025-10-19 02:00:00,4237,17.7,78.0,10.0,2,6,1
2025-10-19 03:00:00,4127,18.2,78.0,14.0,3,6,1
2025-10-19 04:00:00,4093,18.6,77.0,16.0,4,6,1
2025-10-19 05:00:00,4104,18.1,79.0,17.0,5,6,1
2025-10-19 06:00:00,4187,18.4,76.0,19.0,6,6,1
2025-10-19 07:00:00,4318,19.3,68.0,20.0,7,6,1
2025-10-19 08:00:00,4578,19.5,67.0,19.0,8,6,1
2025-10-19 09:00:00,4871,20.3,65.0,26.0,9,6,1
2025-10-19 10:00:00,5109,20.8,64.0,22.0,10,6,1
2025-10-19 11:00:00,5312,21.7,62.0,21.0,11,6,1
2025-10-19 12:00:00,5432,21.6,62.0,23.0,12,6,1
2025-10-19 13:00:00,5498,21.3,64.0,21.0,13,6,1
2025-10-19 14:00:00,5510,20.7,67.0,23.0,14,6,1
2025-10-19 15:00:00,5577,16.1,95.0,26.0,15,6,1
2025-10-19 16:00:00,5593,16.0,97.0,15.0,16,6,1
2025-10-19 17:00:00,5705,16.5,92.0,16.0,17,6,1
2025-10-19 18:00:00,5777,16.6,86.0,19.0,18,6,1
2025-10-19 19:00:00,5761,15.9,85.0,17.0,19,6,1
2025-10-19 20:00:00,5634,15.4,85.0,18.0,20,6,1
2025-10-19 21:00:00,5396,15.0,87.0,14.0,21,6,1
2025-10-19 22:00:00,5151,14.8,89.0,10.0,22,6,1
2025-10-19 23:00:00,4882,14.3,92.0,12.0,23,6,1
2025-10-20 00:00:00,4581,13.3,91.0,28.0,0,0,0
2025-10-20 01:00:00,4354,12.5,91.0,32.0,1,0,0
2025-10-20 02:00:00,4222,12.1,88.0,26.0,2,0,0
2025-10-20 03:00:00,4135,11.5,90.0,27.0,3,0,0
2025-10-20 04:00:00,4116,11.1,87.0,26.0,4,0,0
2025-10-20 05:00:00,4326,10.9,84.0,27.0,5,0,0
2025-10-20 06:00:00,4759,10.9,80.0,32.0,6,0,0
2025-10-20 07:00:00,5318,10.9,81.0,25.0,7,0,0
2025-10-20 08:00:00,5565,11.2,75.0,22.0,8,0,0
2025-10-20 09:00:00,5680,11.2,74.0,25.0,9,0,0
2025-10-20 10:00:00,5768,12.7,60.0,30.0,10,0,0
2025-10-20 11:00:00,5811,13.8,55.0,41.0,11,0,0
2025-10-20 12:00:00,5804,14.9,48.0,32.0,12,0,0
2025-10-20 13:00:00,5819,15.4,46.0,34.0,13,0,0
2025-10-20 14:00:00,5749,15.8,43.0,34.0,14,0,0
2025-10-20 15:00:00,5726,14.5,44.0,31.0,15,0,0
2025-10-20 16:00:00,5767,14.2,46.0,27.0,16,0,0
2025-10-20 17:00:00,5878,13.6,52.0,26.0,17,0,0
2025-10-20 18:00:00,5967,12.1,61.0,19.0,18,0,0
2025-10-20 19:00:00,6013,10.8,65.0,16.0,19,0,0
2025-10-20 20:00:00,5901,9.5,69.0,11.0,20,0,0
2025-10-20 21:00:00,5686,8.4,75.0,7.0,21,0,0
2025-10-20 22:00:00,5359,8.2,75.0,5.0,22,0,0
2025-10-20 23:00:00,5055,8.2,75.0,3.0,23,0,0
2025-10-21 00:00:00,4767,6.8,81.0,7.0,0,1,0
2025-10-21 01:00:00,4534,7.5,78.0,7.0,1,1,0
2025-10-21 02:00:00,4402,6.5,84.0,4.0,2,1,0
2025-10-21 03:00:00,4343,6.9,85.0,3.0,3,1,0
2025-10-21 04:00:00,4375,6.8,82.0,0.0,4,1,0
2025-10-21 05:00:00,4548,5.1,87.0,0.0,5,1,0
2025-10-21 06:00:00,4979,9.1,82.0,13.0,6,1,0
2025-10-21 07:00:00,5484,10.6,83.0,8.0,7,1,0
2025-10-21 08:00:00,5635,12.6,78.0,12.0,8,1,0
2025-10-21 09:00:00,5811,12.7,76.0,14.0,9,1,0
2025-10-21 10:00:00,5956,12.9,73.0,13.0,10,1,0
2025-10-21 11:00:00,5986,14.7,69.0,23.0,11,1,0
2025-10-21 12:00:00,5959,14.8,70.0,29.0,12,1,0
2025-10-21 13:00:00,5975,15.0,70.0,23.0,13,1,0
2025-10-21 14:00:00,5907,15.3,59.0,25.0,14,1,0
2025-10-21 15:00:00,5857,15.5,51.0,24.0,15,1,0
2025-10-21 16:00:00,5877,14.7,54.0,14.0,16,1,0
2025-10-21 17:00:00,5928,14.1,54.0,12.0,17,1,0
2025-10-21 18:00:00,6007,12.7,57.0,14.0,18,1,0
2025-10-21 19:00:00,6059,13.1,56.0,10.0,19,1,0
2025-10-21 20:00:00,5935,10.9,65.0,8.0,20,1,0
2025-10-21 21:00:00,5731,10.4,68.0,26.0,21,1,0
2025-10-21 22:00:00,5373,9.0,75.0,16.0,22,1,0
2025-10-21 23:00:00,5042,9.9,71.0,14.0,23,1,0
2025-10-22 00:00:00,4736,9.1,83.0,20.0,0,2,0
2025-10-22 01:00:00,4535,8.4,87.0,11.0,1,2,0
2025-10-22 02:00:00,4396,8.3,90.0,15.0,2,2,0
2025-10-22 03:00:00,4312,7.7,88.0,16.0,3,2,0
2025-10-22 04:00:00,4297,6.7,91.0,9.0,4,2,0
2025-10-22 05:00:00,4484,6.4,91.0,13.0,5,2,0
2025-10-22 06:00:00,4924,6.0,90.0,10.0,6,2,0
2025-10-22 07:00:00,5453,6.5,89.0,10.0,7,2,0
2025-10-22 08:00:00,5639,6.9,89.0,12.0,8,2,0
2025-10-22 09:00:00,5695,8.0,84.0,18.0,9,2,0
2025-10-22 10:00:00,5758,9.2,78.0,20.0,10,2,0
2025-10-22 11:00:00,5801,10.5,72.0,20.0,11,2,0
2025-10-22 12:00:00,5811,10.8,67.0,16.0,12,2,0
2025-10-22 13:00:00,5834,10.9,64.0,13.0,13,2,0
2025-10-22 14:00:00,5846,9.2,80.0,18.0,14,2,0
2025-10-22 15:00:00,5853,9.4,75.0,14.0,15,2,0
2025-10-22 16:00:00,5942,9.2,80.0,14.0,16,2,0
2025-10-22 17:00:00,6016,8.8,84.0,16.0,17,2,0
2025-10-22 18:00:00,6068,7.2,87.0,10.0,18,2,0
2025-10-22 19:00:00,6143,6.7,91.0,13.0,19,2,0
2025-10-22 20:00:00,6020,6.8,89.0,16.0,20,2,0
2025-10-22 21:00:00,5826,6.3,87.0,13.0,21,2,0
2025-10-22 22:00:00,5519,6.2,92.0,16.0,22,2,0
2025-10-22 23:00:00,5148,6.8,88.0,15.0,23,2,0
2025-10-23 00:00:00,4849,6.6,88.0,22.0,0,3,0
2025-10-23 01:00:00,4647,6.7,88.0,17.0,1,3,0
2025-10-23 02:00:00,4475,7.2,86.0,22.0,2,3,0
2025-10-23 03:00:00,4423,6.8,86.0,20.0,3,3,0
2025-10-23 04:00:00,4400,6.7,88.0,20.0,4,3,0
2025-10-23 05:00:00,4570,7.0,87.0,19.0,5,3,0
2025-10-23 06:00:00,4999,6.8,86.0,17.0,6,3,0
2025-10-23 07:00:00,5526,7.3,87.0,19.0,7,3,0
2025-10-23 08:00:00,5735,8.6,83.0,16.0,8,3,0
2025-10-23 09:00:00,5843,10.2,75.0,17.0,9,3,0
2025-10-23 10:00:00,5899,11.1,66.0,17.0,10,3,0
2025-10-23 11:00:00,5914,12.4,62.0,20.0,11,3,0
2025-10-23 12:00:00,5962,11.2,65.0,21.0,12,3,0
2025-10-23 13:00:00,5977,9.6,81.0,18.0,13,3,0
2025-10-23 14:00:00,5918,11.6,64.0,23.0,14,3,0
2025-10-23 15:00:00,5906,10.7,69.0,15.0,15,3,0
2025-10-23 16:00:00,5960,9.9,76.0,23.0,16,3,0
2025-10-23 17:00:00,6017,9.8,74.0,15.0,17,3,0
2025-10-23 18:00:00,6130,8.7,79.0,20.0,18,3,0
2025-10-23 19:00:00,6173,8.2,78.0,20.0,19,3,0
2025-10-23 20:00:00,6065,7.7,75.0,15.0,20,3,0
2025-10-23 21:00:00,5842,6.9,79.0,13.0,21,3,0
2025-10-23 22:00:00,5546,6.7,82.0,13.0,22,3,0
2025-10-23 23:00:00,5193,6.1,84.0,11.0,23,3,0
2025-10-24 00:00:00,4888,6.6,83.0,12.0,0,4,0
2025-10-24 01:00:00,4645,6.5,80.0,17.0,1,4,0
2025-10-24 02:00:00,4488,6.2,83.0,9.0,2,4,0
2025-10-24 03:00:00,4436,6.2,82.0,11.0,3,4,0
2025-10-24 04:00:00,4470,6.0,82.0,10.0,4,4,0
2025-10-24 05:00:00,4651,6.0,83.0,11.0,5,4,0
2025-10-24 06:00:00,5064,6.4,81.0,22.0,6,4,0
2025-10-24 07:00:00,5565,6.3,82.0,17.0,7,4,0
2025-10-24 08:00:00,5766,7.1,80.0,13.0,8,4,0
2025-10-24 09:00:00,5886,8.2,74.0,14.0,9,4,0
2025-10-24 10:00:00,5895,9.4,64.0,24.0,10,4,0
2025-10-24 11:00:00,5943,10.5,56.0,22.0,11,4,0
2025-10-24 12:00:00,5951,11.0,54.0,13.0,12,4,0
2025-10-24 13:00:00,5896,11.8,52.0,14.0,13,4,0
2025-10-24 14:00:00,5864,10.9,50.0,16.0,14,4,0
2025-10-24 15:00:00,5878,11.3,47.0,23.0,15,4,0
2025-10-24 16:00:00,5937,9.9,61.0,12.0,16,4,0
2025-10-24 17:00:00,6011,9.1,67.0,15.0,17,4,0
2025-10-24 18:00:00,6066,8.1,79.0,9.0,18,4,0
2025-10-24 19:00:00,6052,8.7,73.0,15.0,19,4,0
2025-10-24 20:00:00,5957,7.5,82.0,12.0,20,4,0
2025-10-24 21:00:00,5775,7.2,77.0,16.0,21,4,0
2025-10-24 22:00:00,5487,6.5,78.0,10.0,22,4,0
2025-10-24 23:00:00,5173,4.8,87.0,11.0,23,4,0
2025-10-25 00:00:00,4897,3.4,89.0,13.0,0,5,1
2025-10-25 01:00:00,4651,2.9,92.0,11.0,1,5,1
2025-10-25 02:00:00,4518,4.0,88.0,10.0,2,5,1
2025-10-25 03:00:00,4416,4.1,88.0,4.0,3,5,1
2025-10-25 04:00:00,4401,5.1,86.0,0.0,4,5,1
2025-10-25 05:00:00,4461,3.4,91.0,4.0,5,5,1
2025-10-25 06:00:00,4597,4.0,89.0,7.0,6,5,1
2025-10-25 07:00:00,4818,6.0,86.0,9.0,7,5,1
2025-10-25 08:00:00,5051,7.2,87.0,15.0,8,5,1
2025-10-25 09:00:00,5276,7.7,83.0,4.0,9,5,1
2025-10-25 10:00:00,5409,9.9,73.0,9.0,10,5,1
2025-10-25 11:00:00,5433,11.1,58.0,11.0,11,5,1
2025-10-25 12:00:00,5509,11.1,58.0,16.0,12,5,1
2025-10-25 13:00:00,5542,11.3,56.0,17.0,13,5,1
2025-10-25 14:00:00,5438,10.7,58.0,20.0,14,5,1
2025-10-25 15:00:00,5396,10.9,59.0,16.0,15,5,1
2025-10-25 16:00:00,5447,10.8,57.0,13.0,16,5,1
2025-10-25 17:00:00,5517,9.2,64.0,19.0,17,5,1
2025-10-25 18:00:00,5683,7.7,69.0,19.0,18,5,1
2025-10-25 19:00:00,5726,6.7,73.0,15.0,19,5,1
2025-10-25 20:00:00,5595,6.1,75.0,13.0,20,5,1
2025-10-25 21:00:00,5440,5.7,79.0,19.0,21,5,1
2025-10-25 22:00:00,5223,4.8,81.0,17.0,22,5,1
2025-10-25 23:00:00,5009,4.1,84.0,16.0,23,5,1
2025-10-26 00:00:00,4759,3.7,84.0,19.0,0,6,1
2025-10-26 01:00:00,4552,3.0,85.0,17.0,1,6,1
2025-10-26 02:00:00,4418,1.9,87.0,12.0,2,6,1
2025-10-26 03:00:00,4331,1.4,86.0,12.0,3,6,1
2025-10-26 04:00:00,4303,0.8,87.0,11.0,4,6,1
2025-10-26 05:00:00,4349,0.8,87.0,16.0,5,6,1
2025-10-26 06:00:00,4482,0.6,87.0,14.0,6,6,1
2025-10-26 07:00:00,4614,0.4,88.0,14.0,7,6,1
2025-10-26 08:00:00,4841,1.9,84.0,14.0,8,6,1
2025-10-26 09:00:00,5034,3.9,77.0,13.0,9,6,1
2025-10-26 10:00:00,5152,5.8,72.0,16.0,10,6,1
2025-10-26 11:00:00,5262,6.9,64.0,14.0,11,6,1
2025-10-26 12:00:00,5321,7.5,64.0,7.0,12,6,1
2025-10-26 13:00:00,5290,8.7,56.0,9.0,13,6,1
2025-10-26 14:00:00,5267,8.8,53.0,9.0,14,6,1
2025-10-26 15:00:00,5280,9.2,53.0,10.0,15,6,1
2025-10-26 16:00:00,5388,9.6,54.0,13.0,16,6,1
2025-10-26 17:00:00,5558,7.4,63.0,10.0,17,6,1
2025-10-26 18:00:00,5782,6.3,66.0,6.0,18,6,1
2025-10-26 19:00:00,5869,6.4,66.0,3.0,19,6,1
2025-10-26 20:00:00,5774,5.8,63.0,9.0,20,6,1
2025-10-26 21:00:00,5586,4.4,67.0,12.0,21,6,1
2025-10-26 22:00:00,5325,3.6,73.0,11.0,22,6,1
2025-10-26 23:00:00,5039,2.6,78.0,12.0,23,6,1
2025-10-27 00:00:00,4777,2.2,79.0,7.0,0,0,0
2025-10-27 01:00:00,4596,1.6,83.0,8.0,1,0,0
2025-10-27 02:00:00,4463,1.6,82.0,8.0,2,0,0
2025-10-27 03:00:00,4412,2.8,77.0,11.0,3,0,0
2025-10-27 04:00:00,4389,2.9,78.0,9.0,4,0,0
2025-10-27 05:00:00,4584,2.5,78.0,10.0,5,0,0
2025-10-27 06:00:00,5065,2.2,78.0,13.0,6,0,0
2025-10-27 07:00:00,5622,1.5,80.0,10.0,7,0,0
2025-10-27 08:00:00,5855,2.6,78.0,12.0,8,0,0
2025-10-27 09:00:00,5922,6.5,62.0,13.0,9,0,0
2025-10-27 10:00:00,5928,7.7,56.0,12.0,10,0,0
2025-10-27 11:00:00,5965,8.1,54.0,13.0,11,0,0
2025-10-27 12:00:00,6032,8.5,57.0,12.0,12,0,0
2025-10-27 13:00:00,6037,8.3,60.0,18.0,13,0,0
2025-10-27 14:00:00,5992,8.5,65.0,16.0,14,0,0
2025-10-27 15:00:00,5980,9.3,63.0,10.0,15,0,0
2025-10-27 16:00:00,6004,8.8,61.0,10.0,16,0,0
2025-10-27 17:00:00,6105,7.8,60.0,14.0,17,0,0
2025-10-27 18:00:00,6251,7.0,66.0,10.0,18,0,0
2025-10-27 19:00:00,6290,5.9,72.0,9.0,19,0,0
2025-10-27 20:00:00,6164,5.6,76.0,8.0,20,0,0
2025-10-27 21:00:00,5924,5.5,77.0,10.0,21,0,0
2025-10-27 22:00:00,5602,5.2,78.0,10.0,22,0,0
2025-10-27 23:00:00,5271,4.9,81.0,9.0,23,0,0
2025-10-28 00:00:00,4981,4.5,82.0,12.0,0,1,0
2025-10-28 01:00:00,4762,4.1,82.0,12.0,1,1,0
2025-10-28 02:00:00,4629,5.7,77.0,13.0,2,1,0
2025-10-28 03:00:00,4558,5.7,77.0,13.0,3,1,0
2025-10-28 04:00:00,4570,6.1,79.0,9.0,4,1,0
2025-10-28 05:00:00,4748,5.4,84.0,9.0,5,1,0
2025-10-28 06:00:00,5173,6.0,81.0,9.0,6,1,0
2025-10-28 07:00:00,5681,5.3,81.0,9.0,7,1,0
2025-10-28 08:00:00,5860,6.0,82.0,16.0,8,1,0
2025-10-28 09:00:00,5940,7.4,81.0,18.0,9,1,0
2025-10-28 10:00:00,6039,8.4,77.0,18.0,10,1,0
2025-10-28 11:00:00,6093,8.7,75.0,15.0,11,1,0
2025-10-28 12:00:00,6087,8.7,77.0,11.0,12,1,0
2025-10-28 13:00:00,6078,9.5,61.0,20.0,13,1,0
2025-10-28 14:00:00,6029,9.9,68.0,24.0,14,1,0
2025-10-28 15:00:00,5929,10.3,61.0,22.0,15,1,0
2025-10-28 16:00:00,5963,10.2,64.0,16.0,16,1,0
2025-10-28 17:00:00,6071,9.1,68.0,13.0,17,1,0
2025-10-28 18:00:00,6212,8.4,71.0,8.0,18,1,0
2025-10-28 19:00:00,6282,7.5,76.0,6.0,19,1,0
2025-10-28 20:00:00,6162,7.0,77.0,9.0,20,1,0
2025-10-28 21:00:00,5937,6.2,77.0,12.0,21,1,0
2025-10-28 22:00:00,5608,7.5,63.0,16.0,22,1,0
2025-10-28 23:00:00,5262,5.7,68.0,11.0,23,1,0
2025-10-29 00:00:00,4932,5.1,70.0,12.0,0,2,0
2025-10-29 01:00:00,4678,4.5,73.0,13.0,1,2,0
2025-10-29 02:00:00,4583,4.5,72.0,12.0,2,2,0
2025-10-29 03:00:00,4548,3.2,76.0,12.0,3,2,0
2025-10-29 04:00:00,4513,2.6,80.0,12.0,4,2,0
2025-10-29 05:00:00,4717,3.6,78.0,16.0,5,2,0
2025-10-29 06:00:00,5155,3.7,77.0,20.0,6,2,0
2025-10-29 07:00:00,5657,3.6,79.0,19.0,7,2,0
2025-10-29 08:00:00,5839,5.4,75.0,17.0,8,2,0
2025-10-29 09:00:00,5855,6.3,72.0,16.0,9,2,0
2025-10-29 10:00:00,5875,8.9,67.0,5.0,10,2,0
2025-10-29 11:00:00,5933,10.1,68.0,15.0,11,2,0
2025-10-29 12:00:00,5910,11.0,66.0,13.0,12,2,0
2025-10-29 13:00:00,5881,11.4,63.0,22.0,13,2,0
2025-10-29 14:00:00,5833,10.8,64.0,15.0,14,2,0
2025-10-29 15:00:00,5834,10.1,66.0,15.0,15,2,0
2025-10-29 16:00:00,5873,10.6,67.0,13.0,16,2,0
2025-10-29 17:00:00,5973,9.6,69.0,10.0,17,2,0
2025-10-29 18:00:00,6128,9.0,68.0,8.0,18,2,0
2025-10-29 19:00:00,6213,8.6,70.0,8.0,19,2,0
2025-10-29 20:00:00,6086,8.6,74.0,8.0,20,2,0
2025-10-29 21:00:00,5832,7.9,80.0,8.0,21,2,0
2025-10-29 22:00:00,5515,6.4,85.0,11.0,22,2,0
2025-10-29 23:00:00,5185,7.0,82.0,8.0,23,2,0
2025-10-30 00:00:00,4876,7.6,81.0,12.0,0,3,0
2025-10-30 01:00:00,4697,8.1,75.0,13.0,1,3,0
2025-10-30 02:00:00,4569,7.9,72.0,14.0,2,3,0
2025-10-30 03:00:00,4505,7.5,72.0,12.0,3,3,0
2025-10-30 04:00:00,4472,7.4,75.0,18.0,4,3,0
2025-10-30 05:00:00,4636,8.3,73.0,14.0,5,3,0
2025-10-30 06:00:00,5080,8.6,74.0,16.0,6,3,0
2025-10-30 07:00:00,5600,8.7,72.0,14.0,7,3,0
2025-10-30 08:00:00,5810,8.7,76.0,16.0,8,3,0
2025-10-30 09:00:00,6027,8.4,81.0,18.0,9,3,0
2025-10-30 10:00:00,6149,7.9,92.0,16.0,10,3,0
2025-10-30 11:00:00,6259,7.8,91.0,23.0,11,3,0
2025-10-30 12:00:00,6276,7.6,90.0,21.0,12,3,0
2025-10-30 13:00:00,6200,7.7,87.0,24.0,13,3,0
2025-10-30 14:00:00,6176,7.7,89.0,27.0,14,3,0
2025-10-30 15:00:00,6167,7.3,90.0,31.0,15,3,0
2025-10-30 16:00:00,6246,7.0,93.0,22.0,16,3,0
2025-10-30 17:00:00,6372,6.5,93.0,29.0,17,3,0
2025-10-30 18:00:00,6397,6.5,93.0,24.0,18,3,0
2025-10-30 19:00:00,6343,6.3,92.0,29.0,19,3,0
2025-10-30 20:00:00,6224,6.0,92.0,28.0,20,3,0
2025-10-30 21:00:00,5978,5.9,92.0,23.0,21,3,0
2025-10-30 22:00:00,5675,5.6,91.0,25.0,22,3,0
2025-10-30 23:00:00,5314,5.5,89.0,26.0,23,3,0
2025-10-31 00:00:00,4994,5.5,88.0,30.0,0,4,0
2025-10-31 01:00:00,4767,5.1,88.0,26.0,1,4,0
2025-10-31 02:00:00,4614,5.1,87.0,31.0,2,4,0
2025-10-31 03:00:00,4530,4.9,90.0,26.0,3,4,0
2025-10-31 04:00:00,4540,5.3,90.0,19.0,4,4,0
2025-10-31 05:00:00,4714,5.2,90.0,18.0,5,4,0
2025-10-31 06:00:00,5167,5.2,88.0,21.0,6,4,0
2025-10-31 07:00:00,5709,5.6,86.0,35.0,7,4,0
2025-10-31 08:00:00,5925,6.0,86.0,34.0,8,4,0
2025-10-31 09:00:00,6064,6.5,85.0,24.0,9,4,0
2025-10-31 10:00:00,6084,7.0,83.0,32.0,10,4,0
2025-10-31 11:00:00,6144,7.4,80.0,30.0,11,4,0
2025-10-31 12:00:00,6199,8.4,72.0,39.0,12,4,0
2025-10-31 13:00:00,6154,8.7,63.0,54.0,13,4,0
2025-10-31 14:00:00,6138,8.1,63.0,40.0,14,4,0
2025-10-31 15:00:00,6163,8.1,61.0,30.0,15,4,0
2025-10-31 16:00:00,6182,8.0,57.0,45.0,16,4,0
2025-10-31 17:00:00,6156,7.7,55.0,37.0,17,4,0
2025-10-31 18:00:00,6101,7.3,59.0,24.0,18,4,0
2025-10-31 19:00:00,6063,7.0,63.0,31.0,19,4,0
2025-10-31 20:00:00,5960,6.0,71.0,27.0,20,4,0
2025-10-31 21:00:00,5745,5.6,71.0,28.0,21,4,0
2025-10-31 22:00:00,5508,5.1,74.0,28.0,22,4,0
2025-10-31 23:00:00,5231,4.8,77.0,23.0,23,4,0
2025-11-01 00:00:00,4966,5.1,75.0,21.0,0,5,1
2025-11-01 01:00:00,4754,3.4,84.0,11.0,1,5,1
2025-11-01 02:00:00,4592,4.8,79.0,18.0,2,5,1
2025-11-01 03:00:00,4483,5.3,78.0,18.0,3,5,1
2025-11-01 04:00:00,4472,5.3,77.0,15.0,4,5,1
2025-11-01 05:00:00,4514,5.0,77.0,17.0,5,5,1
2025-11-01 06:00:00,4664,4.0,80.0,13.0,6,5,1
2025-11-01 07:00:00,4857,4.5,80.0,12.0,7,5,1
2025-11-01 08:00:00,5090,5.3,80.0,9.0,8,5,1
2025-11-01 09:00:00,5287,6.8,71.0,15.0,9,5,1
2025-11-01 10:00:00,5384,7.3,66.0,11.0,10,5,1
2025-11-01 11:00:00,5522,7.5,65.0,8.0,11,5,1
2025-11-01 12:00:00,5584,8.5,55.0,15.0,12,5,1
2025-11-01 13:00:00,5581,9.0,57.0,12.0,13,5,1
2025-11-01 14:00:00,5546,9.3,56.0,13.0,14,5,1
2025-11-01 15:00:00,5522,9.7,54.0,20.0,15,5,1
2025-11-01 16:00:00,5566,8.9,53.0,19.0,16,5,1
2025-11-01 17:00:00,5671,8.2,55.0,16.0,17,5,1
2025-11-01 18:00:00,5849,6.2,70.0,18.0,18,5,1
2025-11-01 19:00:00,5831,5.0,76.0,10.0,19,5,1
2025-11-01 20:00:00,5665,4.5,78.0,15.0,20,5,1
2025-11-01 21:00:00,5460,4.2,77.0,7.0,21,5,1
2025-11-01 22:00:00,5303,3.8,80.0,3.0,22,5,1
2025-11-01 23:00:00,5087,3.2,82.0,5.0,23,5,1
2025-11-02 00:00:00,4896,3.5,82.0,4.0,0,6,1
2025-11-02 01:00:00,4718,1.1,89.0,6.0,1,6,1
2025-11-02 02:00:00,4559,1.0,88.0,0.0,2,6,1
2025-11-02 03:00:00,4447,1.1,85.0,7.0,3,6,1
2025-11-02 04:00:00,4375,0.7,82.0,7.0,4,6,1
2025-11-02 05:00:00,4368,-0.3,84.0,0.0,5,6,1
2025-11-02 06:00:00,4407,0.0,84.0,8.0,6,6,1
2025-11-02 07:00:00,4584,-1.0,85.0,0.0,7,6,1
2025-11-02 08:00:00,4752,1.6,82.0,6.0,8,6,1
2025-11-02 09:00:00,4936,4.8,71.0,6.0,9,6,1
2025-11-02 10:00:00,5046,7.3,56.0,0.0,10,6,1
2025-11-02 11:00:00,5121,9.2,56.0,11.0,11,6,1
2025-11-02 12:00:00,5312,9.1,67.0,11.0,12,6,1
2025-11-02 13:00:00,5379,9.4,66.0,14.0,13,6,1
2025-11-02 14:00:00,5366,9.5,65.0,10.0,14,6,1
2025-11-02 15:00:00,5366,9.9,61.0,12.0,15,6,1
2025-11-02 16:00:00,5414,9.3,63.0,11.0,16,6,1
2025-11-02 17:00:00,5602,8.9,67.0,7.0,17,6,1
2025-11-02 18:00:00,5958,8.3,72.0,8.0,18,6,1
2025-11-02 19:00:00,5961,7.6,77.0,8.0,19,6,1
2025-11-02 20:00:00,5844,8.1,80.0,5.0,20,6,1
2025-11-02 21:00:00,5701,8.1,75.0,8.0,21,6,1
2025-11-02 22:00:00,5480,7.0,76.0,8.0,22,6,1
2025-11-02 23:00:00,5198,6.7,79.0,8.0,23,6,1
2025-11-03 00:00:00,4915,6.7,82.0,12.0,0,0,0
2025-11-03 01:00:00,4684,6.3,85.0,10.0,1,0,0
2025-11-03 02:00:00,4519,6.4,85.0,12.0,2,0,0
2025-11-03 03:00:00,4431,6.3,87.0,12.0,3,0,0
2025-11-03 04:00:00,4383,6.1,88.0,9.0,4,0,0
2025-11-03 05:00:00,4429,7.3,82.0,20.0,5,0,0
2025-11-03 06:00:00,4654,8.0,76.0,16.0,6,0,0
2025-11-03 07:00:00,5108,8.3,70.0,16.0,7,0,0
2025-11-03 08:00:00,5564,8.3,70.0,22.0,8,0,0
2025-11-03 09:00:00,5831,8.6,66.0,23.0,9,0,0
2025-11-03 10:00:00,6009,9.3,63.0,27.0,10,0,0
2025-11-03 11:00:00,6071,8.2,68.0,36.0,11,0,0
2025-11-03 12:00:00,6159,6.4,83.0,38.0,12,0,0
2025-11-03 13:00:00,6208,7.0,85.0,33.0,13,0,0
2025-11-03 14:00:00,6215,8.2,82.0,31.0,14,0,0
2025-11-03 15:00:00,6109,10.1,74.0,29.0,15,0,0
2025-11-03 16:00:00,6026,10.7,63.0,36.0,16,0,0
2025-11-03 17:00:00,6145,9.9,61.0,31.0,17,0,0
2025-11-03 18:00:00,6406,9.4,69.0,19.0,18,0,0
2025-11-03 19:00:00,6388,8.5,70.0,18.0,19,0,0
2025-11-03 20:00:00,6256,8.5,55.0,22.0,20,0,0
2025-11-03 21:00:00,6119,7.7,63.0,12.0,21,0,0
2025-11-03 22:00:00,5874,5.6,70.0,7.0,22,0,0
2025-11-03 23:00:00,5553,8.0,55.0,30.0,23,0,0
2025-11-04 00:00:00,5174,5.8,61.0,13.0,0,1,0
2025-11-04 01:00:00,4881,4.2,75.0,12.0,1,1,0
2025-11-04 02:00:00,4708,3.8,78.0,14.0,2,1,0
2025-11-04 03:00:00,4591,2.8,82.0,7.0,3,1,0
2025-11-04 04:00:00,4514,1.8,83.0,12.0,4,1,0
2025-11-04 05:00:00,4583,2.5,80.0,17.0,5,1,0
2025-11-04 06:00:00,4815,2.4,81.0,16.0,6,1,0
2025-11-04 07:00:00,5232,3.0,77.0,17.0,7,1,0
2025-11-04 08:00:00,5646,5.1,72.0,17.0,8,1,0
2025-11-04 09:00:00,5757,8.6,65.0,20.0,9,1,0
2025-11-04 10:00:00,5787,10.2,61.0,26.0,10,1,0
2025-11-04 11:00:00,5836,12.0,54.0,28.0,11,1,0
2025-11-04 12:00:00,5857,13.3,45.0,32.0,12,1,0
2025-11-04 13:00:00,5858,13.6,39.0,38.0,13,1,0
2025-11-04 14:00:00,5867,13.3,33.0,37.0,14,1,0
2025-11-04 15:00:00,5896,13.4,38.0,31.0,15,1,0
2025-11-04 16:00:00,5899,12.4,40.0,26.0,16,1,0
2025-11-04 17:00:00,6068,10.9,47.0,27.0,17,1,0
2025-11-04 18:00:00,6301,10.0,48.0,19.0,18,1,0
2025-11-04 19:00:00,6278,8.9,51.0,15.0,19,1,0
2025-11-04 20:00:00,6207,8.0,57.0,8.0,20,1,0
2025-11-04 21:00:00,6044,7.4,60.0,5.0,21,1,0
2025-11-04 22:00:00,5838,7.1,61.0,5.0,22,1,0
2025-11-04 23:00:00,5488,7.7,59.0,3.0,23,1,0
2025-11-05 00:00:00,5096,7.9,61.0,7.0,0,2,0
2025-11-05 01:00:00,4876,7.9,63.0,0.0,1,2,0
2025-11-05 02:00:00,4671,7.2,67.0,6.0,2,2,0
2025-11-05 03:00:00,4548,7.8,59.0,7.0,3,2,0
2025-11-05 04:00:00,4455,7.9,57.0,5.0,4,2,0
2025-11-05 05:00:00,4465,8.6,65.0,9.0,5,2,0
2025-11-05 06:00:00,4668,8.9,68.0,8.0,6,2,0
2025-11-05 07:00:00,5118,8.8,76.0,13.0,7,2,0
2025-11-05 08:00:00,5597,9.8,78.0,16.0,8,2,0
2025-11-05 09:00:00,5799,10.3,70.0,9.0,9,2,0
2025-11-05 10:00:00,5957,11.5,61.0,18.0,10,2,0
2025-11-05 11:00:00,6093,12.2,68.0,22.0,11,2,0
2025-11-05 12:00:00,6156,12.6,69.0,23.0,12,2,0
2025-11-05 13:00:00,6182,12.1,70.0,34.0,13,2,0
2025-11-05 14:00:00,6201,12.1,72.0,39.0,14,2,0
2025-11-05 15:00:00,6179,10.8,85.0,34.0,15,2,0
2025-11-05 16:00:00,6158,10.2,75.0,42.0,16,2,0
2025-11-05 17:00:00,6212,9.3,71.0,43.0,17,2,0
2025-11-05 18:00:00,6388,7.7,78.0,41.0,18,2,0
2025-11-05 19:00:00,6376,7.7,73.0,31.0,19,2,0
2025-11-05 20:00:00,6278,6.9,72.0,30.0,20,2,0
2025-11-05 21:00:00,6124,6.0,72.0,33.0,21,2,0
2025-11-05 22:00:00,5942,6.1,67.0,41.0,22,2,0
2025-11-05 23:00:00,5616,5.1,75.0,34.0,23,2,0
2025-11-06 00:00:00,5274,4.8,71.0,28.0,0,3,0
2025-11-06 01:00:00,5026,4.5,72.0,29.0,1,3,0
2025-11-06 02:00:00,4762,4.0,75.0,17.0,2,3,0
2025-11-06 03:00:00,4673,4.0,78.0,15.0,3,3,0
2025-11-06 04:00:00,4637,1.0,85.0,14.0,4,3,0
2025-11-06 05:00:00,4689,2.3,77.0,15.0,5,3,0
2025-11-06 06:00:00,4912,1.0,83.0,12.0,6,3,0
2025-11-06 07:00:00,5383,2.1,80.0,17.0,7,3,0
2025-11-06 08:00:00,5810,2.2,82.0,14.0,8,3,0
2025-11-06 09:00:00,5937,3.5,70.0,11.0,9,3,0
2025-11-06 10:00:00,6044,5.7,59.0,18.0,10,3,0
2025-11-06 11:00:00,6019,6.5,51.0,22.0,11,3,0
2025-11-06 12:00:00,6089,6.4,46.0,20.0,12,3,0
2025-11-06 13:00:00,6116,6.6,50.0,21.0,13,3,0
2025-11-06 14:00:00,6095,6.9,56.0,15.0,14,3,0
2025-11-06 15:00:00,6124,6.7,56.0,16.0,15,3,0
2025-11-06 16:00:00,6210,6.3,59.0,16.0,16,3,0
2025-11-06 17:00:00,6297,5.3,62.0,10.0,17,3,0
2025-11-06 18:00:00,6477,4.4,66.0,12.0,18,3,0
2025-11-06 19:00:00,6475,3.3,72.0,12.0,19,3,0
2025-11-06 20:00:00,6406,2.1,77.0,10.0,20,3,0
2025-11-06 21:00:00,6283,2.6,76.0,8.0,21,3,0
2025-11-06 22:00:00,6073,4.0,72.0,3.0,22,3,0
2025-11-06 23:00:00,5695,3.4,73.0,0.0,23,3,0
2025-11-07 00:00:00,5350,3.9,69.0,4.0,0,4,0
2025-11-07 01:00:00,5088,4.0,72.0,4.0,1,4,0
2025-11-07 02:00:00,4896,4.0,74.0,4.0,2,4,0
2025-11-07 03:00:00,4715,4.6,74.0,10.0,3,4,0
2025-11-07 04:00:00,4652,5.9,79.0,12.0,4,4,0
2025-11-07 05:00:00,4615,6.6,79.0,18.0,5,4,0
2025-11-07 06:00:00,4802,6.8,73.0,22.0,6,4,0
2025-11-07 07:00:00,5214,7.0,71.0,14.0,7,4,0
2025-11-07 08:00:00,5693,7.2,68.0,21.0,8,4,0
2025-11-07 09:00:00,5892,8.1,64.0,18.0,9,4,0
2025-11-07 10:00:00,6047,8.1,63.0,16.0,10,4,0
2025-11-07 11:00:00,6239,7.0,83.0,8.0,11,4,0
2025-11-07 12:00:00,6327,7.2,85.0,14.0,12,4,0
2025-11-07 13:00:00,6299,8.1,86.0,13.0,13,4,0
2025-11-07 14:00:00,6267,9.0,87.0,18.0,14,4,0
2025-11-07 15:00:00,6236,9.9,90.0,17.0,15,4,0
2025-11-07 16:00:00,6237,10.5,89.0,28.0,16,4,0
2025-11-07 17:00:00,6307,10.4,86.0,26.0,17,4,0
2025-11-07 18:00:00,6403,10.7,83.0,18.0,18,4,0
2025-11-07 19:00:00,6282,10.6,83.0,19.0,19,4,0
2025-11-07 20:00:00,6119,10.5,84.0,24.0,20,4,0
2025-11-07 21:00:00,6016,10.4,83.0,17.0,21,4,0
2025-11-07 22:00:00,5770,10.4,82.0,19.0,22,4,0
2025-11-07 23:00:00,5495,9.7,75.0,17.0,23,4,0
2025-11-08 00:00:00,5172,9.5,69.0,28.0,0,5,1
2025-11-08 01:00:00,4900,8.1,66.0,37.0,1,5,1
2025-11-08 02:00:00,4701,6.1,76.0,19.0,2,5,1
2025-11-08 03:00:00,4566,6.1,74.0,20.0,3,5,1
2025-11-08 04:00:00,4469,5.8,69.0,18.0,4,5,1
2025-11-08 05:00:00,4457,4.8,69.0,22.0,5,5,1
2025-11-08 06:00:00,4569,3.3,72.0,26.0,6,5,1
2025-11-08 07:00:00,4742,2.8,73.0,16.0,7,5,1
2025-11-08 08:00:00,4939,3.0,73.0,15.0,8,5,1
2025-11-08 09:00:00,5139,3.9,65.0,22.0,9,5,1
2025-11-08 10:00:00,5317,4.8,64.0,16.0,10,5,1
2025-11-08 11:00:00,5459,5.8,59.0,16.0,11,5,1
2025-11-08 12:00:00,5545,6.0,53.0,18.0,12,5,1
2025-11-08 13:00:00,5542,6.3,52.0,15.0,13,5,1
2025-11-08 14:00:00,5559,5.7,56.0,17.0,14,5,1
2025-11-08 15:00:00,5568,5.4,57.0,18.0,15,5,1
2025-11-08 16:00:00,5610,4.5,59.0,11.0,16,5,1
2025-11-08 17:00:00,5785,3.6,59.0,15.0,17,5,1
2025-11-08 18:00:00,6061,2.6,62.0,18.0,18,5,1
2025-11-08 19:00:00,6000,2.6,60.0,18.0,19,5,1
2025-11-08 20:00:00,5938,2.5,60.0,11.0,20,5,1
2025-11-08 21:00:00,5824,2.2,61.0,17.0,21,5,1
2025-11-08 22:00:00,5657,2.0,61.0,14.0,22,5,1
2025-11-08 23:00:00,5379,1.9,63.0,17.0,23,5,1
2025-11-09 00:00:00,5103,1.3,70.0,13.0,0,6,1
2025-11-09 01:00:00,4892,1.6,64.0,15.0,1,6,1
2025-11-09 02:00:00,4686,1.0,69.0,13.0,2,6,1
2025-11-09 03:00:00,4556,1.2,70.0,13.0,3,6,1
2025-11-09 04:00:00,4449,1.0,75.0,14.0,4,6,1
2025-11-09 05:00:00,4432,0.1,91.0,11.0,5,6,1
2025-11-09 06:00:00,4522,-0.2,93.0,18.0,6,6,1
2025-11-09 07:00:00,4724,-0.3,91.0,19.0,7,6,1
2025-11-09 08:00:00,4902,-0.8,92.0,21.0,8,6,1
2025-11-09 09:00:00,5192,-1.0,92.0,22.0,9,6,1
2025-11-09 10:00:00,5473,-1.2,91.0,22.0,10,6,1
2025-11-09 11:00:00,5743,-1.1,89.0,26.0,11,6,1
2025-11-09 12:00:00,5943,-1.3,91.0,23.0,12,6,1
2025-11-09 13:00:00,6063,-1.6,91.0,27.0,13,6,1
2025-11-09 14:00:00,6116,-1.9,91.0,27.0,14,6,1
2025-11-09 15:00:00,6137,-2.0,91.0,28.0,15,6,1
2025-11-09 16:00:00,6162,-1.8,88.0,29.0,16,6,1
2025-11-09 17:00:00,6255,-1.8,87.0,29.0,17,6,1
2025-11-09 18:00:00,6536,-1.6,85.0,32.0,18,6,1
2025-11-09 19:00:00,6514,-1.9,83.0,27.0,19,6,1
2025-11-09 20:00:00,6391,-1.9,77.0,27.0,20,6,1
2025-11-09 21:00:00,6254,-2.0,79.0,25.0,21,6,1
2025-11-09 22:00:00,6082,-2.9,87.0,23.0,22,6,1
2025-11-09 23:00:00,5796,-2.7,76.0,26.0,23,6,1
2025-11-10 00:00:00,5462,-3.1,79.0,26.0,0,0,0
2025-11-10 01:00:00,5204,-3.7,83.0,30.0,1,0,0
2025-11-10 02:00:00,5019,-3.6,82.0,23.0,2,0,0
2025-11-10 03:00:00,4874,-3.9,79.0,24.0,3,0,0
2025-11-10 04:00:00,4974,-4.0,76.0,23.0,4,0,0
2025-11-10 05:00:00,4913,-4.0,72.0,26.0,5,0,0
2025-11-10 06:00:00,5009,-3.9,72.0,21.0,6,0,0
2025-11-10 07:00:00,5503,-3.9,73.0,20.0,7,0,0
2025-11-10 08:00:00,6069,-4.3,83.0,19.0,8,0,0
2025-11-10 09:00:00,6402,-4.4,85.0,25.0,9,0,0
2025-11-10 10:00:00,6517,-4.0,81.0,28.0,10,0,0
2025-11-10 11:00:00,6602,-3.3,74.0,21.0,11,0,0
2025-11-10 12:00:00,6725,-2.8,69.0,23.0,12,0,0
2025-11-10 13:00:00,6754,-2.9,75.0,24.0,13,0,0
2025-11-10 14:00:00,6740,-2.8,73.0,22.0,14,0,0
2025-11-10 15:00:00,6706,-3.1,73.0,26.0,15,0,0
2025-11-10 16:00:00,6684,-3.2,75.0,22.0,16,0,0
2025-11-10 17:00:00,6708,-3.5,77.0,20.0,17,0,0
2025-11-10 18:00:00,7038,-3.6,79.0,18.0,18,0,0
2025-11-10 19:00:00,6986,-3.7,80.0,19.0,19,0,0
2025-11-10 20:00:00,6909,-3.9,86.0,21.0,20,0,0
2025-11-10 21:00:00,6763,-4.0,84.0,25.0,21,0,0
2025-11-10 22:00:00,6528,-3.8,80.0,23.0,22,0,0
2025-11-10 23:00:00,6087,-3.8,80.0,23.0,23,0,0
2025-11-11 00:00:00,5736,-3.7,82.0,20.0,0,1,0
2025-11-11 01:00:00,5449,-3.9,87.0,19.0,1,1,0
2025-11-11 02:00:00,5176,-3.8,86.0,10.0,2,1,0
2025-11-11 03:00:00,5047,-3.7,87.0,7.0,3,1,0
2025-11-11 04:00:00,4986,-3.3,84.0,10.0,4,1,0
2025-11-11 05:00:00,5023,-3.6,87.0,9.0,5,1,0
2025-11-11 06:00:00,5216,-2.9,82.0,13.0,6,1,0
2025-11-11 07:00:00,5639,-3.2,85.0,10.0,7,1,0
2025-11-11 08:00:00,6084,-2.3,88.0,9.0,8,1,0
2025-11-11 09:00:00,6298,-1.0,86.0,14.0,9,1,0
2025-11-11 10:00:00,6410,0.1,76.0,9.0,10,1,0
2025-11-11 11:00:00,6431,2.3,58.0,30.0,11,1,0
2025-11-11 12:00:00,6469,2.2,65.0,37.0,12,1,0
2025-11-11 13:00:00,6488,2.3,65.0,30.0,13,1,0
2025-11-11 14:00:00,6484,2.7,67.0,18.0,14,1,0
2025-11-11 15:00:00,6455,2.2,80.0,19.0,15,1,0
2025-11-11 16:00:00,6475,2.3,74.0,35.0,16,1,0
2025-11-11 17:00:00,6630,2.1,69.0,30.0,17,1,0
2025-11-11 18:00:00,6826,1.7,69.0,18.0,18,1,0
2025-11-11 19:00:00,6729,1.6,68.0,11.0,19,1,0
2025-11-11 20:00:00,6630,1.4,70.0,17.0,20,1,0
2025-11-11 21:00:00,6492,0.1,91.0,17.0,21,1,0
2025-11-11 22:00:00,6297,-0.1,90.0,15.0,22,1,0
2025-11-11 23:00:00,5946,0.4,87.0,13.0,23,1,0
2025-11-12 00:00:00,5563,0.6,86.0,15.0,0,2,0
2025-11-12 01:00:00,5280,1.1,80.0,9.0,1,2,0
2025-11-12 02:00:00,5070,1.2,75.0,9.0,2,2,0
2025-11-12 03:00:00,4933,1.6,71.0,14.0,3,2,0
2025-11-12 04:00:00,4877,1.4,77.0,15.0,4,2,0
2025-11-12 05:00:00,4877,1.6,77.0,14.0,5,2,0
2025-11-12 06:00:00,5059,1.8,76.0,13.0,6,2,0
2025-11-12 07:00:00,5496,2.1,75.0,13.0,7,2,0
2025-11-12 08:00:00,5981,2.2,77.0,17.0,8,2,0
2025-11-12 09:00:00,6188,2.4,80.0,26.0,9,2,0
2025-11-12 10:00:00,6313,3.0,81.0,18.0,10,2,0
2025-11-12 11:00:00,6388,4.0,81.0,22.0,11,2,0
2025-11-12 12:00:00,6431,5.0,80.0,23.0,12,2,0
2025-11-12 13:00:00,6445,6.1,77.0,29.0,13,2,0
2025-11-12 14:00:00,6428,6.5,77.0,35.0,14,2,0
2025-11-12 15:00:00,6355,6.9,75.0,36.0,15,2,0
2025-11-12 16:00:00,6342,6.4,76.0,39.0,16,2,0
2025-11-12 17:00:00,6460,5.6,85.0,26.0,17,2,0
2025-11-12 18:00:00,6672,5.2,85.0,22.0,18,2,0
2025-11-12 19:00:00,6586,5.3,82.0,26.0,19,2,0
2025-11-12 20:00:00,6504,5.1,80.0,26.0,20,2,0
2025-11-12 21:00:00,6370,4.6,83.0,22.0,21,2,0
2025-11-12 22:00:00,6129,4.8,81.0,18.0,22,2,0
2025-11-12 23:00:00,5768,4.4,82.0,24.0,23,2,0
2025-11-13 00:00:00,5405,4.1,80.0,22.0,0,3,0
2025-11-13 01:00:00,5081,4.3,79.0,32.0,1,3,0
2025-11-13 02:00:00,4867,4.5,75.0,21.0,2,3,0
2025-11-13 03:00:00,4751,4.0,76.0,22.0,3,3,0
2025-11-13 04:00:00,4704,3.8,76.0,22.0,4,3,0
2025-11-13 05:00:00,4743,3.9,75.0,22.0,5,3,0
2025-11-13 06:00:00,4960,3.8,76.0,28.0,6,3,0
2025-11-13 07:00:00,5416,3.4,79.0,23.0,7,3,0
2025-11-13 08:00:00,5868,3.1,81.0,20.0,8,3,0
2025-11-13 09:00:00,6000,5.1,73.0,19.0,9,3,0
2025-11-13 10:00:00,6051,5.6,71.0,28.0,10,3,0
2025-11-13 11:00:00,6124,6.1,67.0,28.0,11,3,0
2025-11-13 12:00:00,6205,5.6,64.0,36.0,12,3,0
2025-11-13 13:00:00,6333,4.3,86.0,25.0,13,3,0
2025-11-13 14:00:00,6319,5.3,74.0,26.0,14,3,0
2025-11-13 15:00:00,6312,6.0,64.0,32.0,15,3,0
2025-11-13 16:00:00,6410,3.5,88.0,19.0,16,3,0
2025-11-13 17:00:00,6522,4.2,72.0,23.0,17,3,0
2025-11-13 18:00:00,6711,4.4,73.0,17.0,18,3,0
2025-11-13 19:00:00,6584,3.8,75.0,16.0,19,3,0
2025-11-13 20:00:00,6543,3.3,76.0,16.0,20,3,0
2025-11-13 21:00:00,6401,3.2,73.0,16.0,21,3,0
2025-11-13 22:00:00,6209,3.1,72.0,8.0,22,3,0
2025-11-13 23:00:00,5873,2.3,74.0,5.0,23,3,0
2025-11-14 00:00:00,5538,1.4,78.0,13.0,0,4,0
2025-11-14 01:00:00,5261,1.5,81.0,14.0,1,4,0
2025-11-14 02:00:00,5034,1.1,82.0,16.0,2,4,0
2025-11-14 03:00:00,4912,1.0,82.0,20.0,3,4,0
2025-11-14 04:00:00,4821,2.3,84.0,12.0,4,4,0
2025-11-14 05:00:00,4798,1.6,82.0,14.0,5,4,0
2025-11-14 06:00:00,5022,0.8,86.0,8.0,6,4,0
2025-11-14 07:00:00,5435,1.7,83.0,14.0,7,4,0
2025-11-14 08:00:00,5825,2.0,83.0,13.0,8,4,0
2025-11-14 09:00:00,6013,3.8,78.0,12.0,9,4,0
2025-11-14 10:00:00,6128,5.7,72.0,13.0,10,4,0
2025-11-14 11:00:00,6193,7.3,67.0,10.0,11,4,0
2025-11-14 12:00:00,6258,7.7,66.0,14.0,12,4,0
2025-11-14 13:00:00,6284,8.7,64.0,16.0,13,4,0
2025-11-14 14:00:00,6177,8.5,64.0,15.0,14,4,0
2025-11-14 15:00:00,6090,8.8,61.0,14.0,15,4,0
2025-11-14 16:00:00,6121,8.6,65.0,9.0,16,4,0
2025-11-14 17:00:00,6218,7.3,68.0,13.0,17,4,0
2025-11-14 18:00:00,6410,5.7,76.0,9.0,18,4,0
2025-11-14 19:00:00,6348,4.7,79.0,9.0,19,4,0
2025-11-14 20:00:00,6261,4.8,78.0,7.0,20,4,0
2025-11-14 21:00:00,6161,4.1,81.0,5.0,21,4,0
2025-11-14 22:00:00,5977,3.5,80.0,6.0,22,4,0
2025-11-14 23:00:00,5694,3.4,75.0,10.0,23,4,0
2025-11-15 00:00:00,5397,2.0,79.0,10.0,0,5,1
2025-11-15 01:00:00,5094,2.0,78.0,12.0,1,5,1
2025-11-15 02:00:00,4865,2.1,76.0,10.0,2,5,1
2025-11-15 03:00:00,4725,2.4,77.0,10.0,3,5,1
2025-11-15 04:00:00,4634,2.3,79.0,11.0,4,5,1
2025-11-15 05:00:00,4619,2.6,81.0,8.0,5,5,1
2025-11-15 06:00:00,4684,2.5,84.0,8.0,6,5,1
2025-11-15 07:00:00,4870,2.6,84.0,9.0,7,5,1
2025-11-15 08:00:00,5072,3.8,80.0,14.0,8,5,1
2025-11-15 09:00:00,5325,4.6,78.0,16.0,9,5,1
2025-11-15 10:00:00,5597,5.1,81.0,18.0,10,5,1
2025-11-15 11:00:00,5780,5.9,78.0,14.0,11,5,1
2025-11-15 12:00:00,5954,6.0,80.0,13.0,12,5,1
2025-11-15 13:00:00,6016,5.0,90.0,14.0,13,5,1
2025-11-15 14:00:00,6007,5.3,90.0,17.0,14,5,1
2025-11-15 15:00:00,5953,5.2,93.0,8.0,15,5,1
2025-11-15 16:00:00,5985,5.2,95.0,3.0,16,5,1
2025-11-15 17:00:00,6094,5.6,96.0,7.0,17,5,1
2025-11-15 18:00:00,6210,5.7,96.0,0.0,18,5,1
2025-11-15 19:00:00,6090,5.9,97.0,4.0,19,5,1
2025-11-15 20:00:00,5948,5.9,96.0,10.0,20,5,1
2025-11-15 21:00:00,5780,10.6,83.0,30.0,21,5,1
2025-11-15 22:00:00,5617,9.1,84.0,36.0,22,5,1
2025-11-15 23:00:00,5356,8.4,84.0,38.0,23,5,1
2025-11-16 00:00:00,5081,8.4,81.0,32.0,0,6,1
2025-11-16 01:00:00,4836,8.1,78.0,38.0,1,6,1
2025-11-16 02:00:00,4649,7.0,75.0,33.0,2,6,1
2025-11-16 03:00:00,4513,6.4,75.0,39.0,3,6,1
2025-11-16 04:00:00,4437,5.0,77.0,31.0,4,6,1
2025-11-16 05:00:00,4435,5.0,64.0,43.0,5,6,1
2025-11-16 06:00:00,4519,4.1,59.0,35.0,6,6,1
2025-11-16 07:00:00,4654,3.1,65.0,37.0,7,6,1
2025-11-16 08:00:00,4803,3.1,72.0,35.0,8,6,1
2025-11-16 09:00:00,5030,3.6,61.0,47.0,9,6,1
2025-11-16 10:00:00,5301,3.1,55.0,41.0,10,6,1
2025-11-16 11:00:00,5531,3.4,55.0,43.0,11,6,1
2025-11-16 12:00:00,5614,5.0,43.0,52.0,12,6,1
2025-11-16 13:00:00,5715,4.4,48.0,50.0,13,6,1
2025-11-16 14:00:00,5706,4.5,45.0,41.0,14,6,1
2025-11-16 15:00:00,5772,3.2,45.0,50.0,15,6,1
2025-11-16 16:00:00,5798,2.8,45.0,49.0,16,6,1
2025-11-16 17:00:00,6014,1.7,47.0,48.0,17,6,1
2025-11-16 18:00:00,6356,0.1,68.0,30.0,18,6,1
2025-11-16 19:00:00,6388,0.8,56.0,39.0,19,6,1
2025-11-16 20:00:00,6301,1.0,50.0,29.0,20,6,1
2025-11-16 21:00:00,6147,-0.2,59.0,21.0,21,6,1
2025-11-16 22:00:00,5907,-0.9,69.0,18.0,22,6,1
2025-11-16 23:00:00,5605,-1.4,69.0,12.0,23,6,1
2025-11-17 00:00:00,5358,-1.8,72.0,16.0,0,0,0
2025-11-17 01:00:00,5113,-1.4,75.0,18.0,1,0,0
2025-11-17 02:00:00,4882,-0.4,61.0,22.0,2,0,0
2025-11-17 03:00:00,4820,-2.0,67.0,15.0,3,0,0
2025-11-17 04:00:00,4791,-0.9,60.0,14.0,4,0,0
2025-11-17 05:00:00,4844,-2.8,71.0,14.0,5,0,0
2025-11-17 06:00:00,5057,-0.8,69.0,14.0,6,0,0
2025-11-17 07:00:00,5481,0.0,60.0,19.0,7,0,0
2025-11-17 08:00:00,6019,0.0,56.0,21.0,8,0,0
2025-11-17 09:00:00,6182,1.4,52.0,27.0,9,0,0
2025-11-17 10:00:00,6254,3.1,49.0,32.0,10,0,0
2025-11-17 11:00:00,6341,4.0,41.0,36.0,11,0,0
2025-11-17 12:00:00,6409,3.8,45.0,31.0,12,0,0
2025-11-17 13:00:00,6397,4.4,48.0,24.0,13,0,0
2025-11-17 14:00:00,6385,3.3,48.0,32.0,14,0,0
2025-11-17 15:00:00,6365,3.6,47.0,33.0,15,0,0
2025-11-17 16:00:00,6438,3.0,47.0,36.0,16,0,0
2025-11-17 17:00:00,6598,2.5,50.0,30.0,17,0,0
2025-11-17 18:00:00,6866,1.8,56.0,21.0,18,0,0
2025-11-17 19:00:00,6783,0.0,64.0,18.0,19,0,0
2025-11-17 20:00:00,6693,-0.4,67.0,13.0,20,0,0
2025-11-17 21:00:00,6522,-1.5,73.0,17.0,21,0,0
2025-11-17 22:00:00,6287,-1.6,75.0,10.0,22,0,0
2025-11-17 23:00:00,5929,-0.1,80.0,12.0,23,0,0
2025-11-18 00:00:00,5557,1.0,78.0,13.0,0,1,0
2025-11-18 01:00:00,5247,0.4,79.0,11.0,1,1,0
2025-11-18 02:00:00,5050,0.9,79.0,14.0,2,1,0
2025-11-18 03:00:00,4910,1.2,77.0,14.0,3,1,0
2025-11-18 04:00:00,4848,1.0,78.0,7.0,4,1,0
2025-11-18 05:00:00,4881,0.6,81.0,9.0,5,1,0
2025-11-18 06:00:00,5083,1.2,77.0,8.0,6,1,0
2025-11-18 07:00:00,5505,1.7,74.0,8.0,7,1,0
2025-11-18 08:00:00,5980,2.1,73.0,9.0,8,1,0
2025-11-18 09:00:00,6111,3.0,69.0,9.0,9,1,0
2025-11-18 10:00:00,6205,3.9,61.0,11.0,10,1,0
2025-11-18 11:00:00,6199,5.2,54.0,14.0,11,1,0
2025-11-18 12:00:00,6196,5.1,49.0,19.0,12,1,0
2025-11-18 13:00:00,6201,5.1,47.0,7.0,13,1,0
2025-11-18 14:00:00,6200,5.6,46.0,11.0,14,1,0
2025-11-18 15:00:00,6181,6.0,45.0,15.0,15,1,0
2025-11-18 16:00:00,6222,4.6,46.0,8.0,16,1,0
2025-11-18 17:00:00,6444,4.1,49.0,9.0,17,1,0
2025-11-18 18:00:00,6688,3.3,52.0,13.0,18,1,0
2025-11-18 19:00:00,6650,2.3,62.0,11.0,19,1,0
2025-11-18 20:00:00,6539,1.9,63.0,8.0,20,1,0
2025-11-18 21:00:00,6402,1.1,65.0,10.0,21,1,0
2025-11-18 22:00:00,6218,0.8,68.0,9.0,22,1,0
2025-11-18 23:00:00,5848,-0.2,73.0,7.0,23,1,0
2025-11-19 00:00:00,5563,-0.1,74.0,5.0,0,2,0
2025-11-19 01:00:00,5254,-1.1,75.0,7.0,1,2,0
2025-11-19 02:00:00,5031,-1.8,77.0,0.0,2,2,0
2025-11-19 03:00:00,4914,-2.3,77.0,7.0,3,2,0
2025-11-19 04:00:00,4875,-3.3,79.0,8.0,4,2,0
2025-11-19 05:00:00,4887,-2.1,76.0,3.0,5,2,0
2025-11-19 06:00:00,5080,-2.7,77.0,4.0,6,2,0
2025-11-19 07:00:00,5519,-1.4,76.0,17.0,7,2,0
2025-11-19 08:00:00,5983,-1.5,78.0,5.0,8,2,0
2025-11-19 09:00:00,6114,0.3,72.0,9.0,9,2,0
2025-11-19 10:00:00,6097,2.2,67.0,7.0,10,2,0
2025-11-19 11:00:00,6108,3.7,56.0,9.0,11,2,0
2025-11-19 12:00:00,6117,4.5,53.0,3.0,12,2,0
2025-11-19 13:00:00,6125,5.0,49.0,5.0,13,2,0
2025-11-19 14:00:00,6113,5.4,49.0,0.0,14,2,0
2025-11-19 15:00:00,6078,5.9,43.0,7.0,15,2,0
2025-11-19 16:00:00,6140,4.8,47.0,4.0,16,2,0
2025-11-19 17:00:00,6350,3.5,63.0,8.0,17,2,0
2025-11-19 18:00:00,6619,3.3,67.0,0.0,18,2,0
2025-11-19 19:00:00,6573,3.3,67.0,3.0,19,2,0
2025-11-19 20:00:00,6474,2.2,74.0,7.0,20,2,0
2025-11-19 21:00:00,6356,2.1,63.0,8.0,21,2,0
2025-11-19 22:00:00,6151,2.2,62.0,7.0,22,2,0
2025-11-19 23:00:00,5863,1.1,71.0,8.0,23,2,0
2025-11-20 00:00:00,5451,1.1,69.0,0.0,0,3,0
2025-11-20 01:00:00,5228,-0.7,77.0,0.0,1,3,0
2025-11-20 02:00:00,5018,-0.7,79.0,4.0,2,3,0
2025-11-20 03:00:00,4918,-0.2,76.0,4.0,3,3,0
2025-11-20 04:00:00,4853,-0.6,77.0,7.0,4,3,0
2025-11-20 05:00:00,4874,-0.6,77.0,5.0,5,3,0
2025-11-20 06:00:00,5077,-1.5,81.0,4.0,6,3,0
2025-11-20 07:00:00,5503,-1.3,76.0,0.0,7,3,0
2025-11-20 08:00:00,5982,-0.6,78.0,7.0,8,3,0
2025-11-20 09:00:00,6110,1.8,75.0,5.0,9,3,0
2025-11-20 10:00:00,6079,4.2,73.0,8.0,10,3,0
2025-11-20 11:00:00,6094,4.7,73.0,9.0,11,3,0
2025-11-20 12:00:00,6170,4.7,75.0,13.0,12,3,0
2025-11-20 13:00:00,6190,6.2,70.0,15.0,13,3,0
2025-11-20 14:00:00,6167,4.9,71.0,8.0,14,3,0
2025-11-20 15:00:00,6121,5.2,66.0,10.0,15,3,0
2025-11-20 16:00:00,6162,4.6,69.0,11.0,16,3,0
2025-11-20 17:00:00,6354,3.7,81.0,8.0,17,3,0
2025-11-20 18:00:00,6608,3.4,86.0,7.0,18,3,0
2025-11-20 19:00:00,6567,3.7,86.0,7.0,19,3,0
2025-11-20 20:00:00,6472,4.1,87.0,7.0,20,3,0
2025-11-20 21:00:00,6338,4.3,88.0,7.0,21,3,0
2025-11-20 22:00:00,6140,4.8,76.0,7.0,22,3,0
2025-11-20 23:00:00,5762,4.9,78.0,8.0,23,3,0
2025-11-21 00:00:00,5423,5.0,78.0,5.0,0,4,0
2025-11-21 01:00:00,5116,5.2,77.0,8.0,1,4,0
2025-11-21 02:00:00,4897,5.6,76.0,8.0,2,4,0
2025-11-21 03:00:00,4767,5.8,83.0,13.0,3,4,0
2025-11-21 04:00:00,4710,5.5,94.0,13.0,4,4,0
2025-11-21 05:00:00,4773,6.0,94.0,10.0,5,4,0
2025-11-21 06:00:00,4882,6.7,92.0,12.0,6,4,0
2025-11-21 07:00:00,5291,7.2,90.0,13.0,7,4,0
2025-11-21 08:00:00,5722,7.2,91.0,16.0,8,4,0
2025-11-21 09:00:00,5913,8.1,87.0,18.0,9,4,0
2025-11-21 10:00:00,5982,9.3,77.0,27.0,10,4,0
2025-11-21 11:00:00,6123,9.7,69.0,29.0,11,4,0
2025-11-21 12:00:00,6272,7.6,80.0,29.0,12,4,0
2025-11-21 13:00:00,6241,8.4,70.0,31.0,13,4,0
2025-11-21 14:00:00,6103,9.6,61.0,29.0,14,4,0
2025-11-21 15:00:00,6064,8.7,62.0,28.0,15,4,0
2025-11-21 16:00:00,6106,8.3,61.0,25.0,16,4,0
2025-11-21 17:00:00,6229,6.4,67.0,13.0,17,4,0
2025-11-21 18:00:00,6438,5.0,73.0,13.0,18,4,0
2025-11-21 19:00:00,6343,4.7,74.0,13.0,19,4,0
2025-11-21 20:00:00,6283,4.1,73.0,11.0,20,4,0
2025-11-21 21:00:00,6201,2.7,81.0,8.0,21,4,0
2025-11-21 22:00:00,6031,3.4,77.0,11.0,22,4,0
2025-11-21 23:00:00,5703,3.7,78.0,13.0,23,4,0
2025-11-22 00:00:00,5331,4.2,78.0,10.0,0,5,1
2025-11-22 01:00:00,5099,4.0,79.0,10.0,1,5,1
2025-11-22 02:00:00,4885,4.1,78.0,7.0,2,5,1
2025-11-22 03:00:00,4743,3.7,78.0,14.0,3,5,1
2025-11-22 04:00:00,4663,2.1,80.0,12.0,4,5,1
2025-11-22 05:00:00,4668,1.1,76.0,10.0,5,5,1
2025-11-22 06:00:00,4741,1.9,78.0,13.0,6,5,1
2025-11-22 07:00:00,4921,1.7,77.0,16.0,7,5,1
2025-11-22 08:00:00,5115,2.5,76.0,13.0,8,5,1
2025-11-22 09:00:00,5348,3.4,72.0,17.0,9,5,1
2025-11-22 10:00:00,5548,3.9,69.0,16.0,10,5,1
2025-11-22 11:00:00,5680,4.7,63.0,18.0,11,5,1
2025-11-22 12:00:00,5803,5.0,61.0,15.0,12,5,1
2025-11-22 13:00:00,5833,5.5,57.0,11.0,13,5,1
2025-11-22 14:00:00,5818,5.5,47.0,23.0,14,5,1
2025-11-22 15:00:00,5772,4.6,49.0,21.0,15,5,1
2025-11-22 16:00:00,5793,4.0,52.0,14.0,16,5,1
2025-11-22 17:00:00,5939,4.0,51.0,10.0,17,5,1
2025-11-22 18:00:00,6228,3.8,55.0,10.0,18,5,1
2025-11-22 19:00:00,6158,4.0,54.0,7.0,19,5,1
2025-11-22 20:00:00,6051,3.0,58.0,7.0,20,5,1
2025-11-22 21:00:00,5914,3.2,58.0,5.0,21,5,1
2025-11-22 22:00:00,5696,3.5,58.0,5.0,22,5,1
2025-11-22 23:00:00,5465,3.6,61.0,6.0,23,5,1
2025-11-23 00:00:00,5258,3.8,68.0,8.0,0,6,1
2025-11-23 01:00:00,5022,3.1,76.0,14.0,1,6,1
2025-11-23 02:00:00,4841,3.1,79.0,10.0,2,6,1
2025-11-23 03:00:00,4702,2.8,82.0,7.0,3,6,1
2025-11-23 04:00:00,4614,3.0,82.0,6.0,4,6,1
2025-11-23 05:00:00,4546,3.6,82.0,9.0,5,6,1
2025-11-23 06:00:00,4604,3.8,87.0,13.0,6,6,1
2025-11-23 07:00:00,4718,3.9,87.0,12.0,7,6,1
2025-11-23 08:00:00,4893,4.1,87.0,14.0,8,6,1
2025-11-23 09:00:00,5105,5.0,82.0,18.0,9,6,1
2025-11-23 10:00:00,5333,6.7,79.0,24.0,10,6,1
2025-11-23 11:00:00,5426,8.2,68.0,30.0,11,6,1
2025-11-23 12:00:00,5559,9.3,62.0,30.0,12,6,1
2025-11-23 13:00:00,5623,9.6,53.0,39.0,13,6,1
2025-11-23 14:00:00,5684,7.9,64.0,37.0,14,6,1
2025-11-23 15:00:00,5658,7.4,67.0,32.0,15,6,1
2025-11-23 16:00:00,5720,7.9,53.0,24.0,16,6,1
2025-11-23 17:00:00,5977,6.2,65.0,24.0,17,6,1
2025-11-23 18:00:00,6293,6.1,63.0,21.0,18,6,1
2025-11-23 19:00:00,6253,6.2,65.0,25.0,19,6,1
2025-11-23 20:00:00,6149,6.1,65.0,21.0,20,6,1
2025-11-23 21:00:00,5986,5.5,66.0,29.0,21,6,1
2025-11-23 22:00:00,5761,5.0,71.0,21.0,22,6,1
2025-11-23 23:00:00,5493,4.3,74.0,22.0,23,6,1
2025-11-24 00:00:00,5190,4.2,65.0,27.0,0,0,0
2025-11-24 01:00:00,4947,3.1,72.0,21.0,1,0,0
2025-11-24 02:00:00,4777,1.8,77.0,16.0,2,0,0
2025-11-24 03:00:00,4666,1.1,77.0,14.0,3,0,0
2025-11-24 04:00:00,4637,0.5,80.0,14.0,4,0,0
2025-11-24 05:00:00,4706,1.1,80.0,15.0,5,0,0
2025-11-24 06:00:00,4950,1.1,81.0,15.0,6,0,0
2025-11-24 07:00:00,5406,-0.3,84.0,12.0,7,0,0
2025-11-24 08:00:00,5911,0.8,85.0,8.0,8,0,0
2025-11-24 09:00:00,6060,3.7,78.0,0.0,9,0,0
2025-11-24 10:00:00,6096,5.0,71.0,7.0,10,0,0
2025-11-24 11:00:00,6121,6.4,66.0,14.0,11,0,0
2025-11-24 12:00:00,6156,6.8,65.0,17.0,12,0,0
2025-11-24 13:00:00,6158,7.0,62.0,18.0,13,0,0
2025-11-24 14:00:00,6175,7.9,57.0,10.0,14,0,0
2025-11-24 15:00:00,6169,8.0,58.0,13.0,15,0,0
2025-11-24 16:00:00,6222,7.8,59.0,13.0,16,0,0
2025-11-24 17:00:00,6441,6.2,72.0,10.0,17,0,0
2025-11-24 18:00:00,6675,5.7,81.0,10.0,18,0,0
2025-11-24 19:00:00,6567,6.1,78.0,9.0,19,0,0
2025-11-24 20:00:00,6484,6.2,76.0,8.0,20,0,0
2025-11-24 21:00:00,6340,5.4,81.0,9.0,21,0,0
2025-11-24 22:00:00,6107,5.1,86.0,7.0,22,0,0
2025-11-24 23:00:00,5741,5.2,86.0,8.0,23,0,0
2025-11-25 00:00:00,5402,5.0,88.0,8.0,0,1,0
2025-11-25 01:00:00,5099,5.0,91.0,4.0,1,1,0
2025-11-25 02:00:00,4866,4.9,91.0,8.0,2,1,0
2025-11-25 03:00:00,4743,5.1,90.0,6.0,3,1,0
2025-11-25 04:00:00,4658,5.2,88.0,4.0,4,1,0
2025-11-25 05:00:00,4672,5.1,89.0,4.0,5,1,0
2025-11-25 06:00:00,4865,5.9,84.0,6.0,6,1,0
2025-11-25 07:00:00,5300,6.1,83.0,4.0,7,1,0
2025-11-25 08:00:00,5794,6.4,82.0,5.0,8,1,0
2025-11-25 09:00:00,5965,6.8,80.0,5.0,9,1,0
2025-11-25 10:00:00,6082,7.6,76.0,9.0,10,1,0
2025-11-25 11:00:00,6154,8.5,69.0,7.0,11,1,0
2025-11-25 12:00:00,6209,9.4,59.0,10.0,12,1,0
2025-11-25 13:00:00,6233,9.5,53.0,9.0,13,1,0
2025-11-25 14:00:00,6264,8.4,67.0,9.0,14,1,0
2025-11-25 15:00:00,6259,7.0,82.0,9.0,15,1,0
2025-11-25 16:00:00,6298,6.4,90.0,10.0,16,1,0
2025-11-25 17:00:00,6465,6.4,93.0,13.0,17,1,0
2025-11-25 18:00:00,6608,6.5,96.0,15.0,18,1,0
2025-11-25 19:00:00,6561,6.6,96.0,10.0,19,1,0
2025-11-25 20:00:00,6398,7.0,97.0,6.0,20,1,0
2025-11-25 21:00:00,6274,7.3,97.0,5.0,21,1,0
2025-11-25 22:00:00,6072,7.5,97.0,6.0,22,1,0
2025-11-25 23:00:00,5725,7.6,98.0,7.0,23,1,0
2025-11-26 00:00:00,5370,7.5,98.0,4.0,0,2,0
2025-11-26 01:00:00,5060,7.5,98.0,7.0,1,2,0
2025-11-26 02:00:00,4850,7.5,98.0,0.0,2,2,0
2025-11-26 03:00:00,4691,7.3,98.0,8.0,3,2,0
2025-11-26 04:00:00,4619,7.3,98.0,10.0,4,2,0
2025-11-26 05:00:00,4642,7.2,98.0,11.0,5,2,0
2025-11-26 06:00:00,4841,7.5,98.0,9.0,6,2,0
2025-11-26 07:00:00,5268,8.0,98.0,10.0,7,2,0
2025-11-26 08:00:00,5743,8.8,98.0,9.0,8,2,0
2025-11-26 09:00:00,5915,8.6,98.0,10.0,9,2,0
2025-11-26 10:00:00,6059,9.7,97.0,13.0,10,2,0
2025-11-26 11:00:00,6184,10.8,94.0,14.0,11,2,0
2025-11-26 12:00:00,6244,11.1,84.0,21.0,12,2,0
2025-11-26 13:00:00,6250,8.8,72.0,42.0,13,2,0
2025-11-26 14:00:00,6218,7.5,59.0,36.0,14,2,0
2025-11-26 15:00:00,6220,5.3,61.0,32.0,15,2,0
2025-11-26 16:00:00,6338,4.7,63.0,41.0,16,2,0
2025-11-26 17:00:00,6544,3.9,61.0,30.0,17,2,0
2025-11-26 18:00:00,6689,3.7,59.0,36.0,18,2,0
2025-11-26 19:00:00,6639,3.2,62.0,33.0,19,2,0
2025-11-26 20:00:00,6553,2.6,63.0,35.0,20,2,0
2025-11-26 21:00:00,6428,2.1,66.0,24.0,21,2,0
2025-11-26 22:00:00,6239,1.6,67.0,26.0,22,2,0
2025-11-26 23:00:00,5899,1.4,69.0,37.0,23,2,0
2025-11-27 00:00:00,5482,1.6,61.0,42.0,0,3,0
2025-11-27 01:00:00,5239,1.4,66.0,37.0,1,3,0
2025-11-27 02:00:00,5067,1.3,66.0,44.0,2,3,0
2025-11-27 03:00:00,4952,1.4,65.0,48.0,3,3,0
2025-11-27 04:00:00,4894,1.1,68.0,41.0,4,3,0
2025-11-27 05:00:00,4928,1.0,70.0,39.0,5,3,0
2025-11-27 06:00:00,5121,0.2,79.0,35.0,6,3,0
2025-11-27 07:00:00,5571,0.2,78.0,30.0,7,3,0
2025-11-27 08:00:00,6011,1.2,72.0,36.0,8,3,0
2025-11-27 09:00:00,6244,1.6,72.0,39.0,9,3,0
2025-11-27 10:00:00,6358,2.2,66.0,49.0,10,3,0
2025-11-27 11:00:00,6419,2.8,63.0,47.0,11,3,0
2025-11-27 12:00:00,6445,2.4,62.0,41.0,12,3,0
2025-11-27 13:00:00,6485,1.5,76.0,27.0,13,3,0
2025-11-27 14:00:00,6557,0.6,86.0,32.0,14,3,0
2025-11-27 15:00:00,6508,0.4,90.0,30.0,15,3,0
2025-11-27 16:00:00,6544,0.7,81.0,31.0,16,3,0
2025-11-27 17:00:00,6716,0.3,85.0,30.0,17,3,0
2025-11-27 18:00:00,6900,0.0,87.0,26.0,18,3,0
2025-11-27 19:00:00,6835,-0.3,85.0,29.0,19,3,0
2025-11-27 20:00:00,6768,0.1,81.0,31.0,20,3,0
2025-11-27 21:00:00,6656,-0.3,85.0,26.0,21,3,0
2025-11-27 22:00:00,6429,-0.3,80.0,26.0,22,3,0
2025-11-27 23:00:00,6076,-0.5,82.0,30.0,23,3,0
2025-11-28 00:00:00,5743,-0.8,76.0,23.0,0,4,0
2025-11-28 01:00:00,5440,-0.9,77.0,25.0,1,4,0
2025-11-28 02:00:00,5229,-1.1,80.0,19.0,2,4,0
2025-11-28 03:00:00,5085,-0.7,78.0,27.0,3,4,0
2025-11-28 04:00:00,5019,-1.3,84.0,21.0,4,4,0
2025-11-28 05:00:00,5048,-0.6,76.0,25.0,5,4,0
2025-11-28 06:00:00,5229,-0.5,74.0,30.0,6,4,0
2025-11-28 07:00:00,5643,-0.7,75.0,23.0,7,4,0
2025-11-28 08:00:00,6105,-0.8,76.0,25.0,8,4,0
2025-11-28 09:00:00,6299,-0.5,80.0,31.0,9,4,0
2025-11-28 10:00:00,6350,-0.2,80.0,29.0,10,4,0
2025-11-28 11:00:00,6377,1.0,74.0,37.0,11,4,0
2025-11-28 12:00:00,6382,1.8,76.0,35.0,12,4,0
2025-11-28 13:00:00,6430,2.0,59.0,48.0,13,4,0
2025-11-28 14:00:00,6440,1.5,61.0,44.0,14,4,0
2025-11-28 15:00:00,6420,1.4,64.0,40.0,15,4,0
2025-11-28 16:00:00,6433,0.6,68.0,34.0,16,4,0
2025-11-28 17:00:00,6572,-0.2,66.0,30.0,17,4,0
2025-11-28 18:00:00,6846,-0.9,65.0,24.0,18,4,0
2025-11-28 19:00:00,6764,-1.7,69.0,22.0,19,4,0
2025-11-28 20:00:00,6682,-1.5,74.0,32.0,20,4,0
2025-11-28 21:00:00,6561,-2.0,75.0,24.0,21,4,0
2025-11-28 22:00:00,6393,-2.4,79.0,22.0,22,4,0
2025-11-28 23:00:00,6061,-2.9,84.0,13.0,23,4,0
2025-11-29 00:00:00,5757,-2.9,82.0,23.0,0,5,1
2025-11-29 01:00:00,5487,-3.2,80.0,24.0,1,5,1
2025-11-29 02:00:00,5258,-2.7,80.0,21.0,2,5,1
2025-11-29 03:00:00,5095,-2.5,80.0,21.0,3,5,1
2025-11-29 04:00:00,5027,-3.6,83.0,17.0,4,5,1
2025-11-29 05:00:00,4981,-4.1,84.0,14.0,5,5,1
2025-11-29 06:00:00,5059,-4.1,83.0,17.0,6,5,1
2025-11-29 07:00:00,5203,-4.4,84.0,15.0,7,5,1
2025-11-29 08:00:00,5428,-2.9,80.0,15.0,8,5,1
2025-11-29 09:00:00,5640,-1.2,76.0,14.0,9,5,1
2025-11-29 10:00:00,5803,-0.8,74.0,17.0,10,5,1
2025-11-29 11:00:00,5955,-0.2,67.0,11.0,11,5,1
2025-11-29 12:00:00,6089,0.6,67.0,13.0,12,5,1
2025-11-29 13:00:00,6091,1.1,54.0,10.0,13,5,1
2025-11-29 14:00:00,6162,0.8,54.0,13.0,14,5,1
2025-11-29 15:00:00,6157,0.6,59.0,12.0,15,5,1
2025-11-29 16:00:00,6187,0.4,64.0,13.0,16,5,1
2025-11-29 17:00:00,6351,0.0,65.0,9.0,17,5,1
2025-11-29 18:00:00,6534,-0.3,61.0,10.0,18,5,1
2025-11-29 19:00:00,6428,-0.3,60.0,4.0,19,5,1
2025-11-29 20:00:00,6348,-0.4,61.0,6.0,20,5,1
2025-11-29 21:00:00,6195,-0.2,64.0,10.0,21,5,1
2025-11-29 22:00:00,6053,0.7,61.0,18.0,22,5,1
2025-11-29 23:00:00,5800,0.9,63.0,22.0,23,5,1
2025-11-30 00:00:00,5565,1.1,61.0,18.0,0,6,1
2025-11-30 01:00:00,5290,-0.3,78.0,19.0,1,6,1
2025-11-30 02:00:00,5129,-0.9,90.0,18.0,2,6,1
2025-11-30 03:00:00,5055,-0.8,93.0,17.0,3,6,1
2025-11-30 04:00:00,4961,-0.4,95.0,20.0,4,6,1
2025-11-30 05:00:00,4907,-0.3,94.0,24.0,5,6,1
2025-11-30 06:00:00,5005,-0.1,92.0,22.0,6,6,1
2025-11-30 07:00:00,5123,-0.2,95.0,22.0,7,6,1
2025-11-30 08:00:00,5300,0.5,96.0,15.0,8,6,1
2025-11-30 09:00:00,5502,1.4,96.0,14.0,9,6,1
2025-11-30 10:00:00,5770,2.1,92.0,20.0,10,6,1
2025-11-30 11:00:00,6002,2.5,91.0,16.0,11,6,1
2025-11-30 12:00:00,6173,2.2,91.0,22.0,12,6,1
2025-11-30 13:00:00,6254,2.5,83.0,35.0,13,6,1
2025-11-30 14:00:00,6201,2.1,79.0,37.0,14,6,1
2025-11-30 15:00:00,6239,2.0,74.0,33.0,15,6,1
2025-11-30 16:00:00,6311,1.8,74.0,42.0,16,6,1
2025-11-30 17:00:00,6510,1.4,77.0,28.0,17,6,1
2025-11-30 18:00:00,6691,1.4,77.0,33.0,18,6,1
2025-11-30 19:00:00,6614,1.4,77.0,31.0,19,6,1
2025-11-30 20:00:00,6488,1.6,78.0,31.0,20,6,1
2025-11-30 21:00:00,6328,1.2,70.0,43.0,21,6,1
2025-11-30 22:00:00,6131,0.7,70.0,37.0,22,6,1
2025-11-30 23:00:00,5900,-0.2,71.0,33.0,23,6,1
2025-12-01 00:00:00,5613,-0.9,71.0,39.0,0,0,0
2025-12-01 01:00:00,5349,-2.0,74.0,33.0,1,0,0
2025-12-01 02:00:00,5191,-3.0,66.0,34.0,2,0,0
2025-12-01 03:00:00,5071,-3.8,60.0,35.0,3,0,0
2025-12-01 04:00:00,5011,-4.9,61.0,33.0,4,0,0
2025-12-01 05:00:00,5093,-5.2,58.0,23.0,5,0,0
2025-12-01 06:00:00,5320,-5.8,64.0,17.0,6,0,0
2025-12-01 07:00:00,5807,-6.1,69.0,16.0,7,0,0
2025-12-01 08:00:00,6313,-6.8,79.0,12.0,8,0,0
2025-12-01 09:00:00,6442,-5.7,72.0,7.0,9,0,0
2025-12-01 10:00:00,6505,-5.1,68.0,6.0,10,0,0
2025-12-01 11:00:00,6603,-4.3,61.0,6.0,11,0,0
2025-12-01 12:00:00,6672,-3.3,59.0,8.0,12,0,0
2025-12-01 13:00:00,6713,-3.1,59.0,4.0,13,0,0
2025-12-01 14:00:00,6783,-3.1,67.0,14.0,14,0,0
2025-12-01 15:00:00,6801,-3.1,71.0,9.0,15,0,0
2025-12-01 16:00:00,6828,-3.2,73.0,13.0,16,0,0
2025-12-01 17:00:00,7037,-3.0,75.0,8.0,17,0,0
2025-12-01 18:00:00,7270,-2.7,76.0,11.0,18,0,0
2025-12-01 19:00:00,7193,-2.6,75.0,10.0,19,0,0
2025-12-01 20:00:00,7075,-2.6,75.0,12.0,20,0,0
2025-12-01 21:00:00,6944,-2.5,78.0,8.0,21,0,0
2025-12-01 22:00:00,6704,-2.2,76.0,5.0,22,0,0
2025-12-01 23:00:00,6322,-2.5,80.0,11.0,23,0,0
2025-12-02 00:00:00,5949,-3.1,92.0,13.0,0,1,0
2025-12-02 01:00:00,5683,-3.1,91.0,11.0,1,1,0
2025-12-02 02:00:00,5457,-2.9,91.0,10.0,2,1,0
2025-12-02 03:00:00,5334,-2.5,85.0,14.0,3,1,0
2025-12-02 04:00:00,5255,-2.7,88.0,6.0,4,1,0
2025-12-02 05:00:00,5266,-2.4,93.0,4.0,5,1,0
2025-12-02 06:00:00,5480,-2.5,94.0,5.0,6,1,0
2025-12-02 07:00:00,5877,-2.2,93.0,4.0,7,1,0
2025-12-02 08:00:00,6367,-2.2,89.0,7.0,8,1,0
2025-12-02 09:00:00,6539,-2.0,89.0,7.0,9,1,0
2025-12-02 10:00:00,6665,-1.5,84.0,9.0,10,1,0
2025-12-02 11:00:00,6708,-1.2,84.0,12.0,11,1,0
2025-12-02 12:00:00,6726,-0.4,80.0,13.0,12,1,0
2025-12-02 13:00:00,6732,-1.2,82.0,16.0,13,1,0
2025-12-02 14:00:00,6698,-0.3,75.0,16.0,14,1,0
2025-12-02 15:00:00,6630,-0.5,74.0,14.0,15,1,0
2025-12-02 16:00:00,6655,-0.9,75.0,9.0,16,1,0
2025-12-02 17:00:00,6786,-1.8,80.0,10.0,17,1,0
2025-12-02 18:00:00,6986,-3.2,82.0,9.0,18,1,0
2025-12-02 19:00:00,6979,-2.6,79.0,4.0,19,1,0
2025-12-02 20:00:00,6941,-3.4,84.0,9.0,20,1,0
2025-12-02 21:00:00,6851,-5.0,90.0,5.0,21,1,0
2025-12-02 22:00:00,6672,-5.1,88.0,8.0,22,1,0
2025-12-02 23:00:00,6308,-5.0,87.0,7.0,23,1,0
2025-12-03 00:00:00,5941,-6.1,85.0,8.0,0,2,0
2025-12-03 01:00:00,5637,-6.5,85.0,8.0,1,2,0
2025-12-03 02:00:00,5421,-5.9,84.0,7.0,2,2,0
2025-12-03 03:00:00,5281,-6.0,82.0,11.0,3,2,0
2025-12-03 04:00:00,5185,-6.4,85.0,7.0,4,2,0
2025-12-03 05:00:00,5203,-6.0,84.0,7.0,5,2,0
2025-12-03 06:00:00,5403,-5.0,85.0,12.0,6,2,0
2025-12-03 07:00:00,5835,-3.3,82.0,14.0,7,2,0
2025-12-03 08:00:00,6323,-3.0,79.0,12.0,8,2,0
2025-12-03 09:00:00,6522,-2.7,78.0,16.0,9,2,0
2025-12-03 10:00:00,6668,-1.6,77.0,17.0,10,2,0
2025-12-03 11:00:00,6768,-0.7,78.0,23.0,11,2,0
2025-12-03 12:00:00,6788,0.4,75.0,23.0,12,2,0
2025-12-03 13:00:00,6757,1.8,65.0,23.0,13,2,0
2025-12-03 14:00:00,6781,0.9,67.0,29.0,14,2,0
2025-12-03 15:00:00,6813,0.1,72.0,26.0,15,2,0
2025-12-03 16:00:00,6773,-0.2,76.0,29.0,16,2,0
2025-12-03 17:00:00,6959,-0.5,77.0,30.0,17,2,0
2025-12-03 18:00:00,7143,-1.0,81.0,29.0,18,2,0
2025-12-03 19:00:00,7114,-1.2,80.0,27.0,19,2,0
2025-12-03 20:00:00,6987,-1.4,82.0,23.0,20,2,0
2025-12-03 21:00:00,6873,-1.9,86.0,21.0,21,2,0
2025-12-03 22:00:00,6730,-2.0,86.0,21.0,22,2,0
2025-12-03 23:00:00,6354,-2.2,84.0,27.0,23,2,0
2025-12-04 00:00:00,5956,-2.2,83.0,18.0,0,3,0
2025-12-04 01:00:00,5652,-1.9,82.0,23.0,1,3,0
2025-12-04 02:00:00,5401,-1.5,81.0,16.0,2,3,0
2025-12-04 03:00:00,5277,-2.4,72.0,22.0,3,3,0
2025-12-04 04:00:00,5218,-2.5,73.0,16.0,4,3,0
2025-12-04 05:00:00,5241,-2.6,78.0,22.0,5,3,0
2025-12-04 06:00:00,5439,-3.5,70.0,32.0,6,3,0
2025-12-04 07:00:00,5907,-4.7,63.0,28.0,7,3,0
2025-12-04 08:00:00,6370,-5.3,64.0,28.0,8,3,0
2025-12-04 09:00:00,6548,-5.5,56.0,32.0,9,3,0
2025-12-04 10:00:00,6641,-5.0,49.0,39.0,10,3,0
2025-12-04 11:00:00,6790,-4.8,45.0,42.0,11,3,0
2025-12-04 12:00:00,6839,-5.3,50.0,39.0,12,3,0
2025-12-04 13:00:00,6909,-7.9,82.0,22.0,13,3,0
2025-12-04 14:00:00,6946,-7.6,67.0,18.0,14,3,0
2025-12-04 15:00:00,6929,-7.0,61.0,22.0,15,3,0
2025-12-04 16:00:00,6986,-7.9,52.0,36.0,16,3,0
2025-12-04 17:00:00,7168,-8.9,51.0,28.0,17,3,0
2025-12-04 18:00:00,7356,-9.4,53.0,16.0,18,3,0
2025-12-04 19:00:00,7248,-10.2,58.0,13.0,19,3,0
2025-12-04 20:00:00,7176,-10.8,62.0,13.0,20,3,0
2025-12-04 21:00:00,7182,-10.0,60.0,5.0,21,3,0
2025-12-04 22:00:00,6971,-10.3,60.0,4.0,22,3,0
2025-12-04 23:00:00,6644,-11.0,62.0,8.0,23,3,0
2025-12-05 00:00:00,6264,-10.8,68.0,7.0,0,4,0
2025-12-05 01:00:00,5987,-10.7,67.0,6.0,1,4,0
2025-12-05 02:00:00,5745,-11.0,69.0,5.0,2,4,0
2025-12-05 03:00:00,5588,-10.8,66.0,6.0,3,4,0
2025-12-05 04:00:00,5536,-10.3,66.0,0.0,4,4,0
2025-12-05 05:00:00,5540,-9.7,67.0,0.0,5,4,0
2025-12-05 06:00:00,5704,-8.9,69.0,5.0,6,4,0
2025-12-05 07:00:00,6134,-7.1,76.0,9.0,7,4,0
2025-12-05 08:00:00,6596,-5.1,74.0,10.0,8,4,0
2025-12-05 09:00:00,6779,-4.4,68.0,12.0,9,4,0
2025-12-05 10:00:00,6855,-3.0,65.0,16.0,10,4,0
2025-12-05 11:00:00,6858,-3.0,59.0,26.0,11,4,0
2025-12-05 12:00:00,6838,-2.4,58.0,30.0,12,4,0
2025-12-05 13:00:00,6757,-1.5,58.0,30.0,13,4,0
2025-12-05 14:00:00,6751,-0.8,58.0,26.0,14,4,0
2025-12-05 15:00:00,6724,-1.0,57.0,19.0,15,4,0
2025-12-05 16:00:00,6747,-0.9,59.0,15.0,16,4,0
2025-12-05 17:00:00,6945,-1.5,64.0,19.0,17,4,0
2025-12-05 18:00:00,7140,-2.0,67.0,14.0,18,4,0
2025-12-05 19:00:00,7045,-1.8,68.0,19.0,19,4,0
2025-12-05 20:00:00,6936,-1.9,70.0,19.0,20,4,0
2025-12-05 21:00:00,6813,-1.8,71.0,16.0,21,4,0
2025-12-05 22:00:00,6599,-1.5,72.0,19.0,22,4,0
2025-12-05 23:00:00,6263,-1.0,71.0,17.0,23,4,0
2025-12-06 00:00:00,5937,-0.8,72.0,15.0,0,5,1
2025-12-06 01:00:00,5644,-0.6,71.0,19.0,1,5,1
2025-12-06 02:00:00,5405,-0.4,72.0,23.0,2,5,1
2025-12-06 03:00:00,5242,-0.4,73.0,22.0,3,5,1
2025-12-06 04:00:00,5156,-1.3,79.0,18.0,4,5,1
2025-12-06 05:00:00,5116,-1.1,79.0,14.0,5,5,1
2025-12-06 06:00:00,5158,-0.5,76.0,13.0,6,5,1
2025-12-06 07:00:00,5233,-0.1,72.0,13.0,7,5,1
2025-12-06 08:00:00,5471,-0.1,69.0,31.0,8,5,1
2025-12-06 09:00:00,5746,-0.6,76.0,22.0,9,5,1
2025-12-06 10:00:00,6068,-0.5,76.0,23.0,10,5,1
2025-12-06 11:00:00,6284,-0.1,74.0,27.0,11,5,1
2025-12-06 12:00:00,6364,0.4,73.0,22.0,12,5,1
2025-12-06 13:00:00,6427,0.9,70.0,21.0,13,5,1
2025-12-06 14:00:00,6454,0.7,69.0,22.0,14,5,1
2025-12-06 15:00:00,6444,0.8,64.0,25.0,15,5,1
2025-12-06 16:00:00,6383,0.7,64.0,19.0,16,5,1
2025-12-06 17:00:00,6551,0.4,67.0,15.0,17,5,1
2025-12-06 18:00:00,6697,0.1,67.0,18.0,18,5,1
2025-12-06 19:00:00,6600,0.0,67.0,16.0,19,5,1
2025-12-06 20:00:00,6477,0.0,64.0,20.0,20,5,1
2025-12-06 21:00:00,6355,-0.2,65.0,18.0,21,5,1
2025-12-06 22:00:00,6197,-1.0,77.0,8.0,22,5,1
2025-12-06 23:00:00,5971,-1.6,79.0,9.0,23,5,1
2025-12-07 00:00:00,5666,-1.5,79.0,8.0,0,6,1
2025-12-07 01:00:00,5412,-1.5,74.0,7.0,1,6,1
2025-12-07 02:00:00,5202,-1.2,73.0,4.0,2,6,1
2025-12-07 03:00:00,5052,-1.2,73.0,5.0,3,6,1
2025-12-07 04:00:00,4888,-1.7,76.0,8.0,4,6,1
2025-12-07 05:00:00,4874,-1.6,72.0,10.0,5,6,1
2025-12-07 06:00:00,4916,-1.8,74.0,5.0,6,6,1
2025-12-07 07:00:00,5069,-1.4,68.0,12.0,7,6,1
2025-12-07 08:00:00,5315,-2.5,86.0,6.0,8,6,1
2025-12-07 09:00:00,5541,-2.5,91.0,10.0,9,6,1
2025-12-07 10:00:00,5802,-2.3,90.0,8.0,10,6,1
2025-12-07 11:00:00,6056,-1.4,86.0,10.0,11,6,1
2025-12-07 12:00:00,6218,-1.1,82.0,14.0,12,6,1
2025-12-07 13:00:00,6279,-0.6,69.0,23.0,13,6,1
2025-12-07 14:00:00,6294,-1.0,67.0,27.0,14,6,1
2025-12-07 15:00:00,6316,-1.1,65.0,23.0,15,6,1
2025-12-07 16:00:00,6344,-1.9,63.0,21.0,16,6,1
2025-12-07 17:00:00,6541,-2.3,69.0,27.0,17,6,1
2025-12-07 18:00:00,6880,-3.4,79.0,11.0,18,6,1
2025-12-07 19:00:00,6842,-3.3,71.0,16.0,19,6,1
2025-12-07 20:00:00,6735,-4.4,66.0,23.0,20,6,1
2025-12-07 21:00:00,6661,-5.1,57.0,24.0,21,6,1
2025-12-07 22:00:00,6474,-6.0,53.0,23.0,22,6,1
2025-12-07 23:00:00,6181,-7.1,55.0,19.0,23,6,1
2025-12-08 00:00:00,5873,-7.1,53.0,22.0,0,0,0
2025-12-08 01:00:00,5639,-8.1,71.0,26.0,1,0,0
2025-12-08 02:00:00,5470,-9.1,53.0,23.0,2,0,0
2025-12-08 03:00:00,5339,-10.5,56.0,18.0,3,0,0
2025-12-08 04:00:00,5331,-11.3,54.0,14.0,4,0,0
2025-12-08 05:00:00,5395,-12.0,59.0,16.0,5,0,0
2025-12-08 06:00:00,5617,-12.3,61.0,16.0,6,0,0
2025-12-08 07:00:00,6061,-12.2,67.0,12.0,7,0,0
2025-12-08 08:00:00,6592,-12.7,69.0,12.0,8,0,0
2025-12-08 09:00:00,6808,-10.9,67.0,10.0,9,0,0
2025-12-08 10:00:00,6902,-8.9,66.0,6.0,10,0,0
2025-12-08 11:00:00,6940,-6.8,60.0,8.0,11,0,0
2025-12-08 12:00:00,6948,-4.6,50.0,11.0,12,0,0
2025-12-08 13:00:00,6905,-3.8,45.0,12.0,13,0,0
2025-12-08 14:00:00,6896,-4.0,46.0,9.0,14,0,0
2025-12-08 15:00:00,6948,-4.0,48.0,11.0,15,0,0
2025-12-08 16:00:00,6980,-4.3,50.0,10.0,16,0,0
2025-12-08 17:00:00,7123,-4.5,53.0,12.0,17,0,0
2025-12-08 18:00:00,7277,-4.9,54.0,11.0,18,0,0
2025-12-08 19:00:00,7218,-6.0,56.0,14.0,19,0,0
2025-12-08 20:00:00,7198,-6.5,56.0,13.0,20,0,0
2025-12-08 21:00:00,7114,-7.2,56.0,17.0,21,0,0
2025-12-08 22:00:00,6906,-8.1,53.0,12.0,22,0,0
2025-12-08 23:00:00,6557,-8.1,52.0,8.0,23,0,0
2025-12-09 00:00:00,6163,-8.4,52.0,10.0,0,1,0
2025-12-09 01:00:00,5852,-8.6,53.0,6.0,1,1,0
2025-12-09 02:00:00,5639,-8.1,53.0,6.0,2,1,0
2025-12-09 03:00:00,5507,-8.6,56.0,5.0,3,1,0
2025-12-09 04:00:00,5454,-8.3,57.0,3.0,4,1,0
2025-12-09 05:00:00,5477,-8.4,60.0,3.0,5,1,0
2025-12-09 06:00:00,5672,-7.3,61.0,3.0,6,1,0
2025-12-09 07:00:00,6094,-6.5,66.0,7.0,7,1,0
2025-12-09 08:00:00,6567,-4.7,59.0,11.0,8,1,0
2025-12-09 09:00:00,6719,-4.3,55.0,13.0,9,1,0
2025-12-09 10:00:00,6842,-3.8,58.0,12.0,10,1,0
2025-12-09 11:00:00,6907,-3.0,60.0,17.0,11,1,0
2025-12-09 12:00:00,7072,-2.7,62.0,14.0,12,1,0
2025-12-09 13:00:00,7126,-3.0,61.0,26.0,13,1,0
2025-12-09 14:00:00,7225,-3.5,78.0,14.0,14,1,0
2025-12-09 15:00:00,7209,-3.1,89.0,18.0,15,1,0
2025-12-09 16:00:00,7242,-2.3,83.0,26.0,16,1,0
2025-12-09 17:00:00,7346,-2.2,88.0,21.0,17,1,0
2025-12-09 18:00:00,7462,-1.8,92.0,14.0,18,1,0
2025-12-09 19:00:00,7391,-1.1,92.0,16.0,19,1,0
2025-12-09 20:00:00,7254,-0.1,86.0,16.0,20,1,0
2025-12-09 21:00:00,7022,0.2,83.0,21.0,21,1,0
2025-12-09 22:00:00,6808,0.3,82.0,20.0,22,1,0
2025-12-09 23:00:00,6406,0.4,83.0,18.0,23,1,0
2025-12-10 00:00:00,6018,0.4,88.0,13.0,0,2,0
2025-12-10 01:00:00,5682,0.5,87.0,11.0,1,2,0
2025-12-10 02:00:00,5423,0.6,90.0,12.0,2,2,0
2025-12-10 03:00:00,5282,0.4,91.0,5.0,3,2,0
2025-12-10 04:00:00,5217,0.1,94.0,9.0,4,2,0
2025-12-10 05:00:00,5257,0.1,96.0,7.0,5,2,0
2025-12-10 06:00:00,5434,0.1,97.0,9.0,6,2,0
2025-12-10 07:00:00,5877,0.0,97.0,11.0,7,2,0
2025-12-10 08:00:00,6304,0.1,97.0,13.0,8,2,0
2025-12-10 09:00:00,6538,0.3,97.0,11.0,9,2,0
2025-12-10 10:00:00,6726,0.3,97.0,11.0,10,2,0
2025-12-10 11:00:00,6863,0.5,97.0,8.0,11,2,0
2025-12-10 12:00:00,6959,0.7,97.0,6.0,12,2,0
2025-12-10 13:00:00,6946,1.0,96.0,8.0,13,2,0
2025-12-10 14:00:00,6903,1.1,93.0,15.0,14,2,0
2025-12-10 15:00:00,6852,0.6,92.0,26.0,15,2,0
2025-12-10 16:00:00,6852,0.1,89.0,25.0,16,2,0
2025-12-10 17:00:00,7033,-0.3,87.0,32.0,17,2,0
2025-12-10 18:00:00,7260,-0.7,83.0,39.0,18,2,0
2025-12-10 19:00:00,7192,-1.7,78.0,51.0,19,2,0
2025-12-10 20:00:00,7144,-2.8,76.0,48.0,20,2,0
2025-12-10 21:00:00,7054,-3.2,85.0,23.0,21,2,0
2025-12-10 22:00:00,6802,-4.1,72.0,30.0,22,2,0
2025-12-10 23:00:00,6448,-4.9,70.0,34.0,23,2,0
2025-12-11 00:00:00,6109,-5.8,70.0,27.0,0,3,0
2025-12-11 01:00:00,5868,-7.2,72.0,32.0,1,3,0
2025-12-11 02:00:00,5668,-7.9,70.0,30.0,2,3,0
2025-12-11 03:00:00,5528,-9.0,68.0,19.0,3,3,0
2025-12-11 04:00:00,5428,-9.7,70.0,25.0,4,3,0
2025-12-11 05:00:00,5505,-9.4,70.0,27.0,5,3,0
2025-12-11 06:00:00,5698,-8.8,70.0,26.0,6,3,0
2025-12-11 07:00:00,6118,-9.1,71.0,16.0,7,3,0
2025-12-11 08:00:00,6588,-10.3,77.0,13.0,8,3,0
2025-12-11 09:00:00,6795,-9.9,78.0,5.0,9,3,0
2025-12-11 10:00:00,6859,-7.8,68.0,18.0,10,3,0
2025-12-11 11:00:00,6939,-6.8,63.0,25.0,11,3,0
2025-12-11 12:00:00,6957,-6.4,65.0,28.0,12,3,0
2025-12-11 13:00:00,6977,-6.1,64.0,34.0,13,3,0
2025-12-11 14:00:00,6985,-6.2,61.0,33.0,14,3,0
2025-12-11 15:00:00,6928,-6.2,59.0,34.0,15,3,0
2025-12-11 16:00:00,6973,-6.5,60.0,24.0,16,3,0
2025-12-11 17:00:00,7124,-6.8,60.0,32.0,17,3,0
2025-12-11 18:00:00,7440,-7.5,63.0,25.0,18,3,0
2025-12-11 19:00:00,7384,-8.2,67.0,23.0,19,3,0
2025-12-11 20:00:00,7319,-8.8,67.0,22.0,20,3,0
2025-12-11 21:00:00,7215,-10.7,72.0,10.0,21,3,0
2025-12-11 22:00:00,7013,-10.2,73.0,6.0,22,3,0
2025-12-11 23:00:00,6652,-11.6,72.0,9.0,23,3,0
2025-12-12 00:00:00,6266,-10.2,64.0,13.0,0,4,0
2025-12-12 01:00:00,5955,-11.6,71.0,7.0,1,4,0
2025-12-12 02:00:00,5790,-12.1,71.0,13.0,2,4,0
2025-12-12 03:00:00,5640,-10.6,70.0,21.0,3,4,0
2025-12-12 04:00:00,5567,-10.7,74.0,18.0,4,4,0
2025-12-12 05:00:00,5578,-10.4,79.0,21.0,5,4,0
2025-12-12 06:00:00,5742,-9.3,76.0,23.0,6,4,0
2025-12-12 07:00:00,6150,-9.1,75.0,13.0,7,4,0
2025-12-12 08:00:00,6614,-9.1,78.0,10.0,8,4,0
2025-12-12 09:00:00,6758,-5.7,75.0,21.0,9,4,0
2025-12-12 10:00:00,6846,-3.5,70.0,23.0,10,4,0
2025-12-12 11:00:00,6906,-2.3,69.0,28.0,11,4,0
2025-12-12 12:00:00,6932,-1.4,68.0,29.0,12,4,0
2025-12-12 13:00:00,6918,-1.1,66.0,30.0,13,4,0
2025-12-12 14:00:00,6954,-1.1,66.0,31.0,14,4,0
2025-12-12 15:00:00,6892,-1.4,67.0,24.0,15,4,0
2025-12-12 16:00:00,6897,-1.4,69.0,26.0,16,4,0
2025-12-12 17:00:00,7026,-1.9,69.0,27.0,17,4,0
2025-12-12 18:00:00,7138,-2.4,67.0,28.0,18,4,0
2025-12-12 19:00:00,7039,-2.4,65.0,25.0,19,4,0
2025-12-12 20:00:00,6983,-2.2,65.0,14.0,20,4,0
2025-12-12 21:00:00,6850,-2.8,67.0,19.0,21,4,0
2025-12-12 22:00:00,6674,-3.5,66.0,21.0,22,4,0
2025-12-12 23:00:00,6347,-3.5,65.0,13.0,23,4,0
2025-12-13 00:00:00,5999,-3.1,63.0,8.0,0,5,1
2025-12-13 01:00:00,5700,-3.5,67.0,11.0,1,5,1
2025-12-13 02:00:00,5478,-3.5,69.0,8.0,2,5,1
2025-12-13 03:00:00,5332,-3.6,73.0,11.0,3,5,1
2025-12-13 04:00:00,5234,-3.4,77.0,8.0,4,5,1
2025-12-13 05:00:00,5242,-3.5,81.0,13.0,5,5,1
2025-12-13 06:00:00,5293,-3.2,88.0,16.0,6,5,1
2025-12-13 07:00:00,5458,-2.2,83.0,22.0,7,5,1
2025-12-13 08:00:00,5659,-1.8,80.0,23.0,8,5,1
2025-12-13 09:00:00,5915,-2.1,73.0,32.0,9,5,1
2025-12-13 10:00:00,6214,-3.2,59.0,35.0,10,5,1
2025-12-13 11:00:00,6419,-3.1,56.0,35.0,11,5,1
2025-12-13 12:00:00,6491,-3.1,55.0,39.0,12,5,1
2025-12-13 13:00:00,6536,-3.0,50.0,35.0,13,5,1
2025-12-13 14:00:00,6496,-2.8,49.0,32.0,14,5,1
2025-12-13 15:00:00,6488,-4.5,54.0,30.0,15,5,1
2025-12-13 16:00:00,6565,-5.3,59.0,27.0,16,5,1
2025-12-13 17:00:00,6726,-5.8,58.0,26.0,17,5,1
2025-12-13 18:00:00,6942,-6.3,61.0,23.0,18,5,1
2025-12-13 19:00:00,6905,-6.7,61.0,26.0,19,5,1
2025-12-13 20:00:00,6757,-7.1,66.0,25.0,20,5,1
2025-12-13 21:00:00,6649,-7.5,64.0,21.0,21,5,1
2025-12-13 22:00:00,6556,-7.8,68.0,23.0,22,5,1
2025-12-13 23:00:00,6303,-8.1,66.0,22.0,23,5,1
2025-12-14 00:00:00,6026,-8.6,67.0,25.0,0,6,1
2025-12-14 01:00:00,5738,-9.7,70.0,25.0,1,6,1
2025-12-14 02:00:00,5601,-10.5,73.0,23.0,2,6,1
2025-12-14 03:00:00,5458,-11.1,73.0,27.0,3,6,1
2025-12-14 04:00:00,5384,-11.6,73.0,27.0,4,6,1
2025-12-14 05:00:00,5367,-11.9,74.0,26.0,5,6,1
2025-12-14 06:00:00,5401,-12.3,74.0,20.0,6,6,1
2025-12-14 07:00:00,5490,-11.9,73.0,16.0,7,6,1
2025-12-14 08:00:00,5714,-11.5,73.0,18.0,8,6,1
2025-12-14 09:00:00,5925,-11.2,75.0,15.0,9,6,1
2025-12-14 10:00:00,6138,-10.2,70.0,16.0,10,6,1
2025-12-14 11:00:00,6276,-8.8,63.0,8.0,11,6,1
2025-12-14 12:00:00,6394,-7.8,52.0,19.0,12,6,1
2025-12-14 13:00:00,6465,-7.8,48.0,11.0,13,6,1
2025-12-14 14:00:00,6455,-7.5,47.0,17.0,14,6,1
2025-12-14 15:00:00,6445,-7.8,60.0,26.0,15,6,1
2025-12-14 16:00:00,6544,-8.8,57.0,21.0,16,6,1
2025-12-14 17:00:00,6806,-9.4,65.0,21.0,17,6,1
2025-12-14 18:00:00,7153,-9.7,59.0,28.0,18,6,1
2025-12-14 19:00:00,7147,-10.3,63.0,25.0,19,6,1
2025-12-14 20:00:00,7091,-10.4,64.0,19.0,20,6,1
2025-12-14 21:00:00,7016,-10.2,66.0,15.0,21,6,1
2025-12-14 22:00:00,6798,-10.3,67.0,12.0,22,6,1
2025-12-14 23:00:00,6504,-9.9,69.0,12.0,23,6,1
2025-12-15 00:00:00,6181,-9.7,71.0,18.0,0,0,0
2025-12-15 01:00:00,5907,-11.1,77.0,12.0,1,0,0
2025-12-15 02:00:00,5693,-12.9,81.0,11.0,2,0,0
2025-12-15 03:00:00,5575,-10.2,80.0,13.0,3,0,0
2025-12-15 04:00:00,5483,-8.4,80.0,17.0,4,0,0
2025-12-15 05:00:00,5502,-8.3,81.0,15.0,5,0,0
2025-12-15 06:00:00,5687,-8.3,81.0,11.0,6,0,0
2025-12-15 07:00:00,6122,-7.7,81.0,13.0,7,0,0
2025-12-15 08:00:00,6648,-6.8,82.0,24.0,8,0,0
2025-12-15 09:00:00,6906,-5.8,82.0,26.0,9,0,0
2025-12-15 10:00:00,7090,-5.1,78.0,21.0,10,0,0
2025-12-15 11:00:00,7200,-4.6,75.0,23.0,11,0,0
2025-12-15 12:00:00,7248,-4.9,68.0,33.0,12,0,0
2025-12-15 13:00:00,7267,-5.7,78.0,35.0,13,0,0
2025-12-15 14:00:00,7266,-5.7,75.0,28.0,14,0,0
2025-12-15 15:00:00,7234,-5.6,78.0,19.0,15,0,0
2025-12-15 16:00:00,7222,-5.4,70.0,29.0,16,0,0
2025-12-15 17:00:00,7348,-5.4,73.0,22.0,17,0,0
2025-12-15 18:00:00,7525,-5.1,69.0,29.0,18,0,0
2025-12-15 19:00:00,7427,-5.7,58.0,32.0,19,0,0
2025-12-15 20:00:00,7322,-6.4,59.0,21.0,20,0,0
2025-12-15 21:00:00,7209,-6.8,60.0,19.0,21,0,0
2025-12-15 22:00:00,7002,-6.9,61.0,22.0,22,0,0
2025-12-15 23:00:00,6609,-7.0,64.0,18.0,23,0,0
2025-12-16 00:00:00,6209,-7.0,66.0,17.0,0,1,0
2025-12-16 01:00:00,5893,-7.1,67.0,16.0,1,1,0
2025-12-16 02:00:00,5669,-7.0,67.0,18.0,2,1,0
2025-12-16 03:00:00,5525,-6.8,68.0,17.0,3,1,0
2025-12-16 04:00:00,5450,-6.7,71.0,13.0,4,1,0
2025-12-16 05:00:00,5474,-6.5,72.0,12.0,5,1,0
2025-12-16 06:00:00,5651,-6.4,71.0,13.0,6,1,0
2025-12-16 07:00:00,6069,-6.0,72.0,13.0,7,1,0
2025-12-16 08:00:00,6593,-5.7,72.0,16.0,8,1,0
2025-12-16 09:00:00,6788,-5.2,70.0,13.0,9,1,0
2025-12-16 10:00:00,6934,-4.8,67.0,16.0,10,1,0
2025-12-16 11:00:00,7064,-4.6,70.0,16.0,11,1,0
2025-12-16 12:00:00,7177,-4.8,71.0,17.0,12,1,0
2025-12-16 13:00:00,7208,-4.5,73.0,15.0,13,1,0
2025-12-16 14:00:00,7217,-4.0,74.0,16.0,14,1,0
2025-12-16 15:00:00,7169,-3.3,76.0,16.0,15,1,0
2025-12-16 16:00:00,7134,-2.8,75.0,17.0,16,1,0
2025-12-16 17:00:00,7187,-2.6,69.0,14.0,17,1,0
2025-12-16 18:00:00,7407,-2.1,69.0,14.0,18,1,0
2025-12-16 19:00:00,7327,-1.2,64.0,18.0,19,1,0
2025-12-16 20:00:00,7260,-0.3,63.0,21.0,20,1,0
2025-12-16 21:00:00,7077,0.2,66.0,19.0,21,1,0
2025-12-16 22:00:00,6865,1.0,69.0,29.0,22,1,0
2025-12-16 23:00:00,6517,1.3,73.0,26.0,23,1,0
2025-12-17 00:00:00,6131,1.6,75.0,27.0,0,2,0
2025-12-17 01:00:00,5768,2.2,77.0,29.0,1,2,0
2025-12-17 02:00:00,5561,2.7,78.0,28.0,2,2,0
2025-12-17 03:00:00,5389,2.7,78.0,24.0,3,2,0
2025-12-17 04:00:00,5293,2.7,77.0,18.0,4,2,0
2025-12-17 05:00:00,5305,3.0,75.0,22.0,5,2,0
2025-12-17 06:00:00,5483,3.1,74.0,24.0,6,2,0
2025-12-17 07:00:00,5886,3.3,71.0,18.0,7,2,0
2025-12-17 08:00:00,6390,2.8,73.0,22.0,8,2,0
2025-12-17 09:00:00,6560,2.8,75.0,23.0,9,2,0
2025-12-17 10:00:00,6668,3.1,76.0,27.0,10,2,0
2025-12-17 11:00:00,6741,3.6,76.0,35.0,11,2,0
2025-12-17 12:00:00,6780,3.5,78.0,28.0,12,2,0
2025-12-17 13:00:00,6820,3.8,80.0,30.0,13,2,0
2025-12-17 14:00:00,6839,4.2,73.0,36.0,14,2,0
2025-12-17 15:00:00,6733,3.7,70.0,31.0,15,2,0
2025-12-17 16:00:00,6780,3.2,66.0,38.0,16,2,0
2025-12-17 17:00:00,6931,2.9,67.0,30.0,17,2,0
2025-12-17 18:00:00,7150,2.5,68.0,19.0,18,2,0
2025-12-17 19:00:00,7047,2.8,66.0,25.0,19,2,0
2025-12-17 20:00:00,6931,2.0,72.0,12.0,20,2,0
2025-12-17 21:00:00,6813,1.3,73.0,11.0,21,2,0
2025-12-17 22:00:00,6652,1.0,75.0,7.0,22,2,0
2025-12-17 23:00:00,6308,1.7,71.0,4.0,23,2,0
2025-12-18 00:00:00,5939,1.0,76.0,7.0,0,3,0
2025-12-18 01:00:00,5658,0.2,80.0,9.0,1,3,0
2025-12-18 02:00:00,5427,1.0,87.0,11.0,2,3,0
2025-12-18 03:00:00,5260,0.3,93.0,9.0,3,3,0
2025-12-18 04:00:00,5189,1.4,96.0,13.0,4,3,0
2025-12-18 05:00:00,5201,1.0,96.0,9.0,5,3,0
2025-12-18 06:00:00,5398,1.1,91.0,10.0,6,3,0
2025-12-18 07:00:00,5804,1.2,90.0,10.0,7,3,0
2025-12-18 08:00:00,6306,1.6,88.0,14.0,8,3,0
2025-12-18 09:00:00,6489,2.2,86.0,16.0,9,3,0
2025-12-18 10:00:00,6606,3.1,80.0,16.0,10,3,0
2025-12-18 11:00:00,6584,4.5,74.0,16.0,11,3,0
2025-12-18 12:00:00,6562,5.8,67.0,12.0,12,3,0
2025-12-18 13:00:00,6602,5.6,64.0,10.0,13,3,0
2025-12-18 14:00:00,6686,6.0,63.0,10.0,14,3,0
2025-12-18 15:00:00,6613,6.6,62.0,13.0,15,3,0
2025-12-18 16:00:00,6642,6.4,66.0,16.0,16,3,0
2025-12-18 17:00:00,6742,6.5,73.0,14.0,17,3,0
2025-12-18 18:00:00,6802,7.7,62.0,15.0,18,3,0
2025-12-18 19:00:00,6680,7.6,60.0,17.0,19,3,0
2025-12-18 20:00:00,6597,7.7,60.0,17.0,20,3,0
2025-12-18 21:00:00,6529,7.4,63.0,14.0,21,3,0
2025-12-18 22:00:00,6392,8.0,65.0,20.0,22,3,0
2025-12-18 23:00:00,6049,8.1,73.0,20.0,23,3,0
2025-12-19 00:00:00,5707,8.8,77.0,16.0,0,4,0
2025-12-19 01:00:00,5391,9.0,80.0,16.0,1,4,0
2025-12-19 02:00:00,5161,8.7,85.0,19.0,2,4,0
2025-12-19 03:00:00,5009,9.0,83.0,21.0,3,4,0
2025-12-19 04:00:00,4928,8.2,92.0,17.0,4,4,0
2025-12-19 05:00:00,4951,3.8,91.0,30.0,5,4,0
2025-12-19 06:00:00,5204,2.8,89.0,34.0,6,4,0
2025-12-19 07:00:00,5634,1.6,92.0,17.0,7,4,0
2025-12-19 08:00:00,6083,2.1,91.0,21.0,8,4,0
2025-12-19 09:00:00,6309,1.9,91.0,20.0,9,4,0
2025-12-19 10:00:00,6482,1.3,88.0,21.0,10,4,0
2025-12-19 11:00:00,6679,-1.0,74.0,54.0,11,4,0
2025-12-19 12:00:00,6783,-1.6,71.0,50.0,12,4,0
2025-12-19 13:00:00,6782,-1.5,71.0,37.0,13,4,0
2025-12-19 14:00:00,6845,-1.7,73.0,37.0,14,4,0
2025-12-19 15:00:00,6865,-2.0,65.0,36.0,15,4,0
2025-12-19 16:00:00,6888,-3.3,57.0,54.0,16,4,0
2025-12-19 17:00:00,7035,-4.0,62.0,45.0,17,4,0
2025-12-19 18:00:00,7193,-4.3,71.0,32.0,18,4,0
2025-12-19 19:00:00,7115,-4.3,62.0,43.0,19,4,0
2025-12-19 20:00:00,7038,-4.2,66.0,41.0,20,4,0
2025-12-19 21:00:00,6936,-4.2,64.0,45.0,21,4,0
2025-12-19 22:00:00,6755,-4.0,64.0,36.0,22,4,0
2025-12-19 23:00:00,6466,-3.6,65.0,30.0,23,4,0
2025-12-20 00:00:00,6101,-4.3,67.0,18.0,0,5,1
2025-12-20 01:00:00,5775,-4.4,69.0,20.0,1,5,1
2025-12-20 02:00:00,5540,-3.6,71.0,17.0,2,5,1
2025-12-20 03:00:00,5369,-3.7,66.0,20.0,3,5,1
2025-12-20 04:00:00,5257,-3.6,65.0,18.0,4,5,1
2025-12-20 05:00:00,5222,-3.8,72.0,17.0,5,5,1
2025-12-20 06:00:00,5268,-4.3,70.0,18.0,6,5,1
2025-12-20 07:00:00,5416,-4.3,68.0,14.0,7,5,1
2025-12-20 08:00:00,5623,-4.2,67.0,5.0,8,5,1
2025-12-20 09:00:00,5860,-3.4,70.0,12.0,9,5,1
2025-12-20 10:00:00,6157,-2.5,75.0,23.0,10,5,1
2025-12-20 11:00:00,6410,-2.3,72.0,24.0,11,5,1
2025-12-20 12:00:00,6497,-2.0,67.0,21.0,12,5,1
2025-12-20 13:00:00,6534,-1.0,66.0,21.0,13,5,1
2025-12-20 14:00:00,6520,-0.1,66.0,21.0,14,5,1
2025-12-20 15:00:00,6494,1.0,62.0,16.0,15,5,1
2025-12-20 16:00:00,6491,1.8,56.0,17.0,16,5,1
2025-12-20 17:00:00,6556,2.8,52.0,21.0,17,5,1
2025-12-20 18:00:00,6684,3.7,49.0,30.0,18,5,1
2025-12-20 19:00:00,6581,4.1,54.0,30.0,19,5,1
2025-12-20 20:00:00,6443,4.2,57.0,36.0,20,5,1
2025-12-20 21:00:00,6291,3.6,60.0,28.0,21,5,1
2025-12-20 22:00:00,6115,3.1,64.0,24.0,22,5,1
2025-12-20 23:00:00,5862,2.7,64.0,30.0,23,5,1
2025-12-21 00:00:00,5559,2.7,58.0,35.0,0,6,1
2025-12-21 01:00:00,5325,2.6,55.0,47.0,1,6,1
2025-12-21 02:00:00,5134,0.0,55.0,46.0,2,6,1
2025-12-21 03:00:00,5055,-2.2,60.0,44.0,3,6,1
2025-12-21 04:00:00,5075,-4.0,55.0,43.0,4,6,1
2025-12-21 05:00:00,5044,-4.9,51.0,32.0,5,6,1
2025-12-21 06:00:00,5095,-4.9,55.0,35.0,6,6,1
2025-12-21 07:00:00,5200,-5.1,60.0,35.0,7,6,1
2025-12-21 08:00:00,5394,-4.7,64.0,30.0,8,6,1
2025-12-21 09:00:00,5585,-4.3,66.0,38.0,9,6,1
2025-12-21 10:00:00,5781,-3.8,58.0,36.0,10,6,1
2025-12-21 11:00:00,5957,-3.8,64.0,36.0,11,6,1
2025-12-21 12:00:00,6205,-4.2,69.0,30.0,12,6,1
2025-12-21 13:00:00,6349,-4.3,70.0,31.0,13,6,1
2025-12-21 14:00:00,6281,-3.3,58.0,31.0,14,6,1
2025-12-21 15:00:00,6316,-2.2,52.0,35.0,15,6,1
2025-12-21 16:00:00,6401,-3.1,59.0,29.0,16,6,1
2025-12-21 17:00:00,6574,-3.6,61.0,30.0,17,6,1
2025-12-21 18:00:00,6858,-3.9,63.0,26.0,18,6,1
2025-12-21 19:00:00,6839,-3.5,61.0,30.0,19,6,1
2025-12-21 20:00:00,6732,-3.9,62.0,23.0,20,6,1
2025-12-21 21:00:00,6619,-4.0,71.0,24.0,21,6,1
2025-12-21 22:00:00,6433,-3.9,68.0,23.0,22,6,1
2025-12-21 23:00:00,6186,-4.1,67.0,17.0,23,6,1
2025-12-22 00:00:00,5870,-4.2,65.0,16.0,0,0,0
2025-12-22 01:00:00,5592,-5.2,68.0,14.0,1,0,0
2025-12-22 02:00:00,5400,-6.3,68.0,8.0,2,0,0
2025-12-22 03:00:00,5269,-5.8,70.0,14.0,3,0,0
2025-12-22 04:00:00,5169,-6.3,69.0,15.0,4,0,0
2025-12-22 05:00:00,5204,-6.8,69.0,5.0,5,0,0
2025-12-22 06:00:00,5375,-6.4,67.0,7.0,6,0,0
2025-12-22 07:00:00,5658,-6.6,67.0,6.0,7,0,0
2025-12-22 08:00:00,6039,-6.3,68.0,7.0,8,0,0
2025-12-22 09:00:00,6350,-4.9,68.0,10.0,9,0,0
2025-12-22 10:00:00,6449,-3.1,67.0,10.0,10,0,0
2025-12-22 11:00:00,6594,-0.2,55.0,15.0,11,0,0
2025-12-22 12:00:00,6633,0.4,51.0,14.0,12,0,0
2025-12-22 13:00:00,6610,2.0,49.0,17.0,13,0,0
2025-12-22 14:00:00,6650,3.0,48.0,22.0,14,0,0
2025-12-22 15:00:00,6614,3.4,52.0,29.0,15,0,0
2025-12-22 16:00:00,6595,3.4,60.0,23.0,16,0,0
2025-12-22 17:00:00,6721,3.0,69.0,19.0,17,0,0
2025-12-22 18:00:00,6900,3.3,72.0,17.0,18,0,0
2025-12-22 19:00:00,6799,2.7,80.0,22.0,19,0,0
2025-12-22 20:00:00,6668,2.2,84.0,11.0,20,0,0
2025-12-22 21:00:00,6568,1.9,85.0,13.0,21,0,0
2025-12-22 22:00:00,6425,1.6,91.0,11.0,22,0,0
2025-12-22 23:00:00,6121,1.4,92.0,5.0,23,0,0
2025-12-23 00:00:00,5805,1.2,94.0,7.0,0,1,0
2025-12-23 01:00:00,5530,0.5,95.0,7.0,1,1,0
2025-12-23 02:00:00,5325,0.2,96.0,5.0,2,1,0
2025-12-23 03:00:00,5190,0.1,96.0,7.0,3,1,0
2025-12-23 04:00:00,5123,0.0,97.0,9.0,4,1,0
2025-12-23 05:00:00,5135,0.1,97.0,13.0,5,1,0
2025-12-23 06:00:00,5233,0.2,97.0,12.0,6,1,0
2025-12-23 07:00:00,5546,0.6,97.0,9.0,7,1,0
2025-12-23 08:00:00,5908,1.3,97.0,10.0,8,1,0
2025-12-23 09:00:00,6195,1.2,97.0,8.0,9,1,0
2025-12-23 10:00:00,6390,1.3,97.0,9.0,10,1,0
2025-12-23 11:00:00,6525,1.4,96.0,9.0,11,1,0
2025-12-23 12:00:00,6607,1.5,96.0,7.0,12,1,0
2025-12-23 13:00:00,6646,1.6,97.0,10.0,13,1,0
2025-12-23 14:00:00,6658,1.5,96.0,12.0,14,1,0
2025-12-23 15:00:00,6576,1.9,95.0,12.0,15,1,0
2025-12-23 16:00:00,6536,2.5,88.0,23.0,16,1,0
2025-12-23 17:00:00,6642,2.7,88.0,14.0,17,1,0
2025-12-23 18:00:00,6789,3.0,88.0,21.0,18,1,0
2025-12-23 19:00:00,6624,3.5,85.0,23.0,19,1,0
2025-12-23 20:00:00,6565,3.9,78.0,24.0,20,1,0
2025-12-23 21:00:00,6461,3.4,81.0,16.0,21,1,0
2025-12-23 22:00:00,6286,3.3,74.0,25.0,22,1,0
2025-12-23 23:00:00,5946,3.4,70.0,34.0,23,1,0
2025-12-24 00:00:00,5587,3.2,70.0,31.0,0,2,0
2025-12-24 01:00:00,5302,3.0,66.0,33.0,1,2,0
2025-12-24 02:00:00,5076,2.7,65.0,39.0,2,2,0
2025-12-24 03:00:00,4927,2.0,64.0,52.0,3,2,0
2025-12-24 04:00:00,4845,1.7,63.0,36.0,4,2,0
2025-12-24 05:00:00,4855,1.0,70.0,26.0,5,2,0
2025-12-24 06:00:00,4984,0.2,67.0,25.0,6,2,0
2025-12-24 07:00:00,5265,-0.6,68.0,36.0,7,2,0
2025-12-24 08:00:00,5562,-1.6,69.0,31.0,8,2,0
2025-12-24 09:00:00,5783,-1.8,67.0,21.0,9,2,0
2025-12-24 10:00:00,5933,-1.8,65.0,27.0,10,2,0
2025-12-24 11:00:00,5968,-1.5,64.0,19.0,11,2,0
2025-12-24 12:00:00,5982,-0.8,61.0,13.0,12,2,0
2025-12-24 13:00:00,5937,0.2,58.0,5.0,13,2,0
2025-12-24 14:00:00,5850,0.8,55.0,7.0,14,2,0
2025-12-24 15:00:00,5810,1.1,54.0,7.0,15,2,0
2025-12-24 16:00:00,5853,0.4,61.0,8.0,16,2,0
2025-12-24 17:00:00,6048,0.2,63.0,4.0,17,2,0
2025-12-24 18:00:00,6236,0.0,60.0,6.0,18,2,0
2025-12-24 19:00:00,6112,-0.6,64.0,10.0,19,2,0
2025-12-24 20:00:00,5951,-0.6,65.0,7.0,20,2,0
2025-12-24 21:00:00,5798,-0.4,64.0,4.0,21,2,0
2025-12-24 22:00:00,5642,-0.1,62.0,4.0,22,2,0
2025-12-24 23:00:00,5431,0.0,63.0,5.0,23,2,0
2025-12-25 00:00:00,5222,0.1,66.0,13.0,0,3,0
2025-12-25 01:00:00,4985,0.3,71.0,5.0,1,3,0
2025-12-25 02:00:00,4791,0.0,75.0,5.0,2,3,0
2025-12-25 03:00:00,4645,-0.1,76.0,8.0,3,3,0
2025-12-25 04:00:00,4557,0.1,78.0,5.0,4,3,0
2025-12-25 05:00:00,4525,-1.1,83.0,12.0,5,3,0
2025-12-25 06:00:00,4568,0.0,80.0,12.0,6,3,0
2025-12-25 07:00:00,4695,0.5,80.0,14.0,7,3,0
2025-12-25 08:00:00,4821,1.7,78.0,26.0,8,3,0
2025-12-25 09:00:00,4990,2.1,72.0,31.0,9,3,0
2025-12-25 10:00:00,5245,1.1,70.0,34.0,10,3,0
2025-12-25 11:00:00,5454,-0.6,65.0,34.0,11,3,0
2025-12-25 12:00:00,5524,-0.8,60.0,29.0,12,3,0
2025-12-25 13:00:00,5488,-1.1,55.0,26.0,13,3,0
2025-12-25 14:00:00,5549,-1.6,54.0,22.0,14,3,0
2025-12-25 15:00:00,5591,-1.6,54.0,19.0,15,3,0
2025-12-25 16:00:00,5599,-2.7,54.0,18.0,16,3,0
2025-12-25 17:00:00,5773,-3.8,55.0,25.0,17,3,0
2025-12-25 18:00:00,5960,-4.7,52.0,22.0,18,3,0
2025-12-25 19:00:00,5877,-5.2,56.0,15.0,19,3,0
2025-12-25 20:00:00,5791,-5.8,58.0,14.0,20,3,0
2025-12-25 21:00:00,5731,-6.8,60.0,16.0,21,3,0
2025-12-25 22:00:00,5669,-7.3,56.0,18.0,22,3,0
2025-12-25 23:00:00,5532,-7.3,56.0,13.0,23,3,0
2025-12-26 00:00:00,5349,-7.6,58.0,11.0,0,4,0
2025-12-26 01:00:00,5163,-7.5,55.0,12.0,1,4,0
2025-12-26 02:00:00,5006,-7.7,60.0,15.0,2,4,0
2025-12-26 03:00:00,4877,-7.6,67.0,17.0,3,4,0
2025-12-26 04:00:00,4851,-7.3,75.0,12.0,4,4,0
2025-12-26 05:00:00,4856,-6.1,79.0,19.0,5,4,0
2025-12-26 06:00:00,4926,-5.6,80.0,20.0,6,4,0
2025-12-26 07:00:00,5073,-5.3,84.0,23.0,7,4,0
2025-12-26 08:00:00,5254,-5.0,87.0,24.0,8,4,0
2025-12-26 09:00:00,5454,-4.9,89.0,28.0,9,4,0
2025-12-26 10:00:00,5708,-4.5,87.0,32.0,10,4,0
2025-12-26 11:00:00,5936,-4.7,87.0,32.0,11,4,0
2025-12-26 12:00:00,6151,-4.9,86.0,23.0,12,4,0
2025-12-26 13:00:00,6259,-4.5,87.0,30.0,13,4,0
2025-12-26 14:00:00,6297,-4.0,87.0,34.0,14,4,0
2025-12-26 15:00:00,6306,-3.4,89.0,43.0,15,4,0
2025-12-26 16:00:00,6288,-2.8,90.0,32.0,16,4,0
2025-12-26 17:00:00,6349,-2.6,91.0,14.0,17,4,0
2025-12-26 18:00:00,6517,-4.0,90.0,19.0,18,4,0
2025-12-26 19:00:00,6467,-5.3,92.0,20.0,19,4,0
2025-12-26 20:00:00,6376,-5.3,90.0,24.0,20,4,0
2025-12-26 21:00:00,6277,-8.0,88.0,26.0,21,4,0
2025-12-26 22:00:00,6138,-8.1,87.0,20.0,22,4,0
2025-12-26 23:00:00,5905,-8.3,86.0,18.0,23,4,0
2025-12-27 00:00:00,5664,-8.7,86.0,18.0,0,5,1
2025-12-27 01:00:00,5430,-9.0,86.0,17.0,1,5,1
2025-12-27 02:00:00,5247,-9.2,87.0,16.0,2,5,1
2025-12-27 03:00:00,5113,-9.2,85.0,16.0,3,5,1
2025-12-27 04:00:00,5037,-9.0,84.0,17.0,4,5,1
2025-12-27 05:00:00,5018,-9.0,83.0,13.0,5,5,1
2025-12-27 06:00:00,5060,-8.7,83.0,12.0,6,5,1
2025-12-27 07:00:00,5206,-8.6,83.0,14.0,7,5,1
2025-12-27 08:00:00,5376,-8.4,84.0,10.0,8,5,1
2025-12-27 09:00:00,5547,-8.1,83.0,8.0,9,5,1
2025-12-27 10:00:00,5772,-7.7,81.0,9.0,10,5,1
2025-12-27 11:00:00,5970,-7.7,78.0,6.0,11,5,1
2025-12-27 12:00:00,6119,-7.1,77.0,3.0,12,5,1
2025-12-27 13:00:00,6210,-6.6,77.0,5.0,13,5,1
2025-12-27 14:00:00,6245,-5.9,82.0,8.0,14,5,1
2025-12-27 15:00:00,6247,-6.2,85.0,9.0,15,5,1
2025-12-27 16:00:00,6278,-6.2,85.0,9.0,16,5,1
2025-12-27 17:00:00,6432,-5.9,84.0,10.0,17,5,1
2025-12-27 18:00:00,6644,-5.8,86.0,16.0,18,5,1
2025-12-27 19:00:00,6596,-5.7,87.0,16.0,19,5,1
2025-12-27 20:00:00,6473,-5.5,86.0,8.0,20,5,1
2025-12-27 21:00:00,6357,-4.5,87.0,9.0,21,5,1
2025-12-27 22:00:00,6188,-3.7,85.0,10.0,22,5,1
2025-12-27 23:00:00,5898,-3.4,86.0,11.0,23,5,1
2025-12-28 00:00:00,5704,-3.1,86.0,11.0,0,6,1
2025-12-28 01:00:00,5393,-3.0,87.0,10.0,1,6,1
2025-12-28 02:00:00,5180,-2.9,87.0,9.0,2,6,1
2025-12-28 03:00:00,5027,-2.5,88.0,7.0,3,6,1
2025-12-28 04:00:00,4921,-2.4,88.0,9.0,4,6,1
2025-12-28 05:00:00,4928,-2.3,89.0,10.0,5,6,1
2025-12-28 06:00:00,4972,-2.2,90.0,10.0,6,6,1
2025-12-28 07:00:00,5056,-2.1,91.0,8.0,7,6,1
2025-12-28 08:00:00,5197,-1.9,90.0,8.0,8,6,1
2025-12-28 09:00:00,5366,-2.0,91.0,9.0,9,6,1
2025-12-28 10:00:00,5596,-1.9,90.0,12.0,10,6,1
2025-12-28 11:00:00,5783,-1.4,89.0,5.0,11,6,1
2025-12-28 12:00:00,5910,-1.1,89.0,11.0,12,6,1
2025-12-28 13:00:00,6094,-0.7,92.0,9.0,13,6,1
2025-12-28 14:00:00,6184,-0.4,94.0,7.0,14,6,1
2025-12-28 15:00:00,6205,0.0,94.0,8.0,15,6,1
2025-12-28 16:00:00,6262,0.3,95.0,13.0,16,6,1
2025-12-28 17:00:00,6458,0.5,95.0,17.0,17,6,1
2025-12-28 18:00:00,6659,0.6,95.0,16.0,18,6,1
2025-12-28 19:00:00,6620,0.4,95.0,20.0,19,6,1
2025-12-28 20:00:00,6479,0.4,95.0,16.0,20,6,1
2025-12-28 21:00:00,6334,0.6,96.0,18.0,21,6,1
2025-12-28 22:00:00,6152,1.4,96.0,12.0,22,6,1
2025-12-28 23:00:00,5885,1.3,96.0,5.0,23,6,1
2025-12-29 00:00:00,5624,2.1,96.0,13.0,0,0,0
2025-12-29 01:00:00,5282,2.3,97.0,8.0,1,0,0
2025-12-29 02:00:00,5056,1.6,97.0,5.0,2,0,0
2025-12-29 03:00:00,4906,2.0,97.0,4.0,3,0,0
2025-12-29 04:00:00,4816,4.4,98.0,10.0,4,0,0
2025-12-29 05:00:00,4779,4.6,96.0,37.0,5,0,0
2025-12-29 06:00:00,4903,5.1,79.0,38.0,6,0,0
2025-12-29 07:00:00,5210,3.6,72.0,35.0,7,0,0
2025-12-29 08:00:00,5497,3.2,78.0,41.0,8,0,0
2025-12-29 09:00:00,5747,1.7,89.0,32.0,9,0,0
2025-12-29 10:00:00,6062,-0.2,94.0,39.0,10,0,0
2025-12-29 11:00:00,6289,-1.4,84.0,49.0,11,0,0
2025-12-29 12:00:00,6387,-1.7,73.0,58.0,12,0,0
2025-12-29 13:00:00,6475,-2.4,73.0,57.0,13,0,0
2025-12-29 14:00:00,6537,-3.1,84.0,43.0,14,0,0
2025-12-29 15:00:00,6504,-3.2,67.0,48.0,15,0,0
2025-12-29 16:00:00,6579,-4.4,65.0,44.0,16,0,0
2025-12-29 17:00:00,6765,-5.6,63.0,43.0,17,0,0
2025-12-29 18:00:00,7006,-6.8,60.0,47.0,18,0,0
2025-12-29 19:00:00,6910,-7.0,60.0,44.0,19,0,0
2025-12-29 20:00:00,6839,-7.6,59.0,40.0,20,0,0
2025-12-29 21:00:00,6709,-8.1,60.0,40.0,21,0,0
2025-12-29 22:00:00,6526,-7.9,62.0,36.0,22,0,0
2025-12-29 23:00:00,6235,-7.9,64.0,35.0,23,0,0
2025-12-30 00:00:00,5911,-8.0,65.0,31.0,0,1,0
2025-12-30 01:00:00,5630,-8.1,67.0,25.0,1,1,0
2025-12-30 02:00:00,5430,-8.0,67.0,23.0,2,1,0
2025-12-30 03:00:00,5287,-7.5,68.0,28.0,3,1,0
2025-12-30 04:00:00,5226,-7.6,73.0,29.0,4,1,0
2025-12-30 05:00:00,5249,-7.4,68.0,32.0,5,1,0
2025-12-30 06:00:00,5365,-7.6,69.0,20.0,6,1,0
2025-12-30 07:00:00,5638,-7.3,65.0,40.0,7,1,0
2025-12-30 08:00:00,5950,-7.4,63.0,34.0,8,1,0
2025-12-30 09:00:00,6147,-7.1,66.0,31.0,9,1,0
2025-12-30 10:00:00,6297,-6.0,66.0,29.0,10,1,0
2025-12-30 11:00:00,6447,-5.3,64.0,29.0,11,1,0
2025-12-30 12:00:00,6512,-5.1,61.0,52.0,12,1,0
2025-12-30 13:00:00,6476,-4.5,63.0,40.0,13,1,0
2025-12-30 14:00:00,6478,-3.9,67.0,39.0,14,1,0
2025-12-30 15:00:00,6493,-4.4,69.0,36.0,15,1,0
2025-12-30 16:00:00,6563,-4.7,66.0,35.0,16,1,0
2025-12-30 17:00:00,6716,-5.2,69.0,35.0,17,1,0
2025-12-30 18:00:00,6988,-5.7,76.0,29.0,18,1,0
2025-12-30 19:00:00,6922,-5.1,70.0,32.0,19,1,0
2025-12-30 20:00:00,6843,-4.8,66.0,32.0,20,1,0
2025-12-30 21:00:00,6746,-4.8,63.0,35.0,21,1,0
2025-12-30 22:00:00,6560,-5.0,63.0,29.0,22,1,0
2025-12-30 23:00:00,6270,-5.2,63.0,26.0,23,1,0
2025-12-31 00:00:00,5953,-5.5,65.0,31.0,0,2,0
2025-12-31 01:00:00,5642,-6.2,70.0,21.0,1,2,0
2025-12-31 02:00:00,5424,-5.5,67.0,26.0,2,2,0
2025-12-31 03:00:00,5264,-5.3,70.0,32.0,3,2,0
2025-12-31 04:00:00,5176,-5.2,73.0,26.0,4,2,0
2025-12-31 05:00:00,5149,-5.3,75.0,32.0,5,2,0
2025-12-31 06:00:00,5249,-5.8,76.0,29.0,6,2,0
2025-12-31 07:00:00,5483,-6.0,77.0,23.0,7,2,0
2025-12-31 08:00:00,5742,-6.0,79.0,25.0,8,2,0
2025-12-31 09:00:00,5943,-5.7,77.0,28.0,9,2,0
2025-12-31 10:00:00,6134,-5.5,76.0,39.0,10,2,0
2025-12-31 11:00:00,6262,-5.1,74.0,28.0,11,2,0
2025-12-31 12:00:00,6378,-4.6,72.0,32.0,12,2,0
2025-12-31 13:00:00,6441,-4.6,74.0,30.0,13,2,0
2025-12-31 14:00:00,6435,-4.2,71.0,28.0,14,2,0
2025-12-31 15:00:00,6406,-4.6,74.0,33.0,15,2,0
2025-12-31 16:00:00,6441,-5.2,86.0,19.0,16,2,0
2025-12-31 17:00:00,6578,-5.5,87.0,15.0,17,2,0
2025-12-31 18:00:00,6772,-5.3,88.0,17.0,18,2,0
2025-12-31 19:00:00,6661,-5.1,86.0,19.0,19,2,0
2025-12-31 20:00:00,6482,-5.5,80.0,47.0,20,2,0
2025-12-31 21:00:00,6333,-7.0,69.0,41.0,21,2,0
2025-12-31 22:00:00,6156,-7.8,61.0,40.0,22,2,0
2025-12-31 23:00:00,5934,-9.0,58.0,34.0,23,2,0
