"Longitude (x)","Latitude (y)","Station Name","Climate ID","Date/Time (LST)","Year","Month","Day","Time (LST)","Flag","Temp (°C)","Temp Flag","Dew Point Temp (°C)","Dew Point Temp Flag","Rel Hum (%)","Rel Hum Flag","Precip. Amount (mm)","Precip. Amount Flag","Wind Dir (10s deg)","Wind Dir Flag","Wind Spd (km/h)","Wind Spd Flag","Visibility (km)","Visibility Flag","Stn Press (kPa)","Stn Press Flag","Hmdx","Hmdx Flag","Wind Chill","Wind Chill Flag","Weather"
"-79.63","43.68","TORONTO INTL A","6158731","2023-05-01 00:00","2023","05","01","00:00","","6.7","","5.8","","94","","","","28","","13","","24.1","","97.04","","","","","","NA"
"-79.63","43.68","TORONTO INTL A","6158731","2023-05-01 01:00","2023","05","01","01:00","","6.7","","5.2","","90","","","","30","","12","","24.1","","96.94","","","","","","Mostly Cloudy"
"-79.63","43.68","TORONTO INTL A","6158731","2023-05-01 02:00","2023","05","01","02:00","","6.0","","5.7","","98","","","","26","","15","","24.1","","96.83","","","","","","NA"
"-79.63","43.68","TORONTO INTL A","6158731","2023-05-01 03:00","2023","05","01","03:00","","5.8","","5.5","","99","","","","26","","14","","24.1","","96.80","","","","","","NA"
"-79.63","43.68","TORONTO INTL A","6158731","2023-05-01 04:00","2023","05","01","04:00","","5.4","","5.4","","100","","","","25","","14","","24.1","","96.77","","","","","","Mostly Cloudy"
"-79.63","43.68","TORONTO INTL A","6158731","2023-05-01 05:00","2023","05","01","05:00","","4.7","","4.5","","98","","","","26","","10","","24.1","","96.71","","","","","","NA"
"-79.63","43.68","TORONTO INTL A","6158731","2023-05-01 06:00","2023","05","01","06:00","","5.4","","4.7","","95","","","","22","","9","","24.1","","96.69","","","","","","NA"
"-79.63","43.68","TORONTO INTL A","6158731","2023-05-01 07:00","2023","05","01","07:00","","6.4","","5.5","","94","","","","25","","23","","24.1","","96.70","","","","","","Mostly Cloudy"
"-79.63","43.68","TORONTO INTL A","6158731","2023-05-01 08:00","2023","05","01","08:00","","7.5","","5.9","","90","","","","26","","20","","24.1","","96.65","","","","","","NA"
"-79.63","43.68","TORONTO INTL A","6158731","2023-05-01 09:00","2023","05","01","09:00","","8.4","","6.3","","87","","","","24","","21","","24.1","","96.61","","","","","","NA"
"-79.63","43.68","TORONTO INTL A","6158731","2023-05-01 10:00","2023","05","01","10:00","","8.2","","5.7","","84","","","","22","","18","","24.1","","96.63","","","","","","Mostly Cloudy"
"-79.63","43.68","TORONTO INTL A","6158731","2023-05-01 11:00","2023","05","01","11:00","","8.9","","5.1","","77","","","","20","","22","","24.1","","96.63","","","","","","NA"
"-79.63","43.68","TORONTO INTL A","6158731","2023-05-01 12:00","2023","05","01","12:00","","9.7","","4.9","","72","","","","21","","18","","24.1","","96.63","","","","","","NA"
"-79.63","43.68","TORONTO INTL A","6158731","2023-05-01 13:00","2023","05","01","13:00","","8.3","","3.1","","70","","","","28","","29","","24.1","","96.65","","","","","","Mostly Cloudy"
"-79.63","43.68","TORONTO INTL A","6158731","2023-05-01 14:00","2023","05","01","14:00","","9.3","","4.8","","74","","","","28","","14","","24.1","","96.66","","","","","","NA"
"-79.63","43.68","TORONTO INTL A","6158731","2023-05-01 15:00","2023","05","01","15:00","","6.5","","6.5","","100","","","","23","","18","","19.3","","96.72","","","","","","Rain Showers"
"-79.63","43.68","TORONTO INTL A","6158731","2023-05-01 16:00","2023","05","01","16:00","","8.4","","4.0","","73","","","","23","","19","","24.1","","96.69","","","","","","Mostly Cloudy"
"-79.63","43.68","TORONTO INTL A","6158731","2023-05-01 17:00","2023","05","01","17:00","","7.0","","4.4","","83","","","","19","","24","","19.3","","96.77","","","","","","Rain Showers"
"-79.63","43.68","TORONTO INTL A","6158731","2023-05-01 18:00","2023","05","01","18:00","","7.5","","4.9","","84","","","","23","","17","","24.1","","96.78","","","","","","NA"
"-79.63","43.68","TORONTO INTL A","6158731","2023-05-01 19:00","2023","05","01","19:00","","7.5","","4.6","","82","","","","20","","10","","24.1","","96.80","","","","","","Mostly Cloudy"
"-79.63","43.68","TORONTO INTL A","6158731","2023-05-01 20:00","2023","05","01","20:00","","7.3","","3.2","","75","","","","21","","13","","24.1","","96.84","","","","","","NA"
"-79.63","43.68","TORONTO INTL A","6158731","2023-05-01 21:00","2023","05","01","21:00","","6.4","","5.1","","91","","","","17","","8","","24.1","","96.87","","","","","","NA"
"-79.63","43.68","TORONTO INTL A","6158731","2023-05-01 22:00","2023","05","01","22:00","","6.6","","3.6","","81","","","","20","","15","","24.1","","96.84","","","","","","Mostly Cloudy"
"-79.63","43.68","TORONTO INTL A","6158731","2023-05-01 23:00","2023","05","01","23:00","","5.8","","5.8","","100","","","","15","","10","","24.1","","96.80","","","","","","NA"
"-79.63","43.68","TORONTO INTL A","6158731","2023-05-02 00:00","2023","05","02","00:00","","5.5","","5.5","","100","","","","15","","12","","24.1","","96.79","","","","","","NA"
"-79.63","43.68","TORONTO INTL A","6158731","2023-05-02 01:00","2023","05","02","01:00","","5.3","","5.3","","100","","","","16","","12","","24.1","","96.77","","","","","","Mostly Cloudy"
"-79.63","43.68","TORONTO INTL A","6158731","2023-05-02 02:00","2023","05","02","02:00","","5.2","","5.2","","100","","","","15","","9","","24.1","","96.75","","","","","","NA"
"-79.63","43.68","TORONTO INTL A","6158731","2023-05-02 03:00","2023","05","02","03:00","","5.7","","5.7","","100","","","","19","","9","","24.1","","96.76","","","","","","NA"
"-79.63","43.68","TORONTO INTL A","6158731","2023-05-02 04:00","2023","05","02","04:00","","4.4","","4.4","","100","","","","24","","15","","24.1","","96.84","","","","","","Cloudy"
"-79.63","43.68","TORONTO INTL A","6158731","2023-05-02 05:00","2023","05","02","05:00","","3.9","","3.3","","96","","","","23","","21","","24.1","","96.90","","","","","","Rain"
"-79.63","43.68","TORONTO INTL A","6158731","2023-05-02 06:00","2023","05","02","06:00","","3.6","","2.8","","95","","","","23","","12","","24.1","","96.97","","","","","","NA"
"-79.63","43.68","TORONTO INTL A","6158731","2023-05-02 07:00","2023","05","02","07:00","","3.5","","2.0","","90","","","","23","","15","","24.1","","97.04","","","","","","Mostly Cloudy"
"-79.63","43.68","TORONTO INTL A","6158731","2023-05-02 08:00","2023","05","02","08:00","","4.7","","2.1","","83","","","","28","","11","","24.1","","97.05","","","","","","NA"
"-79.63","43.68","TORONTO INTL A","6158731","2023-05-02 09:00","2023","05","02","09:00","","5.4","","2.0","","78","","","","19","","11","","24.1","","97.08","","","","","","NA"
"-79.63","43.68","TORONTO INTL A","6158731","2023-05-02 10:00","2023","05","02","10:00","","5.0","","4.2","","95","","","","25","","10","","24.1","","97.14","","","","","","Mostly Cloudy"
"-79.63","43.68","TORONTO INTL A","6158731","2023-05-02 11:00","2023","05","02","11:00","","6.5","","4.3","","86","","","","15","","7","","24.1","","97.17","","","","","","NA"
"-79.63","43.68","TORONTO INTL A","6158731","2023-05-02 12:00","2023","05","02","12:00","","5.8","","3.8","","87","","","","16","","12","","24.1","","97.21","","","","","","NA"
"-79.63","43.68","TORONTO INTL A","6158731","2023-05-02 13:00","2023","05","02","13:00","","5.7","","5.0","","95","","","","17","","16","","9.7","","97.28","","","","","","Rain,Fog"
"-79.63","43.68","TORONTO INTL A","6158731","2023-05-02 14:00","2023","05","02","14:00","","5.3","","5.3","","100","","","","15","","14","","8.1","","97.32","","","","","","Rain,Fog"
"-79.63","43.68","TORONTO INTL A","6158731","2023-05-02 15:00","2023","05","02","15:00","","5.6","","5.6","","100","","","","18","","8","","9.7","","97.36","","","","","","Rain,Fog"
"-79.63","43.68","TORONTO INTL A","6158731","2023-05-02 16:00","2023","05","02","16:00","","5.4","","5.2","","99","","","","26","","13","","9.7","","97.42","","","","","","Rain,Fog"
"-79.63","43.68","TORONTO INTL A","6158731","2023-05-02 17:00","2023","05","02","17:00","","5.1","","5.1","","100","","","","26","","18","","9.7","","97.49","","","","","","Rain,Fog"
"-79.63","43.68","TORONTO INTL A","6158731","2023-05-02 18:00","2023","05","02","18:00","","4.4","","4.4","","100","","","","28","","18","","16.1","","97.56","","","","","","Rain"
"-79.63","43.68","TORONTO INTL A","6158731","2023-05-02 19:00","2023","05","02","19:00","","4.0","","4.0","","100","","","","27","","14","","16.1","","97.61","","","","","","Rain"
"-79.63","43.68","TORONTO INTL A","6158731","2023-05-02 20:00","2023","05","02","20:00","","3.6","","3.6","","100","","","","29","","17","","16.1","","97.67","","","","","","Rain"
"-79.63","43.68","TORONTO INTL A","6158731","2023-05-02 21:00","2023","05","02","21:00","","3.4","","3.4","","100","","","","27","","12","","16.1","","97.71","","","","","","Rain"
"-79.63","43.68","TORONTO INTL A","6158731","2023-05-02 22:00","2023","05","02","22:00","","3.2","","3.2","","100","","","","30","","15","","9.7","","97.71","","","","","","Rain,Fog"
"-79.63","43.68","TORONTO INTL A","6158731","2023-05-02 23:00","2023","05","02","23:00","","2.5","","2.5","","100","","","","29","","12","","9.7","","97.71","","","","","","Rain,Fog"
"-79.63","43.68","TORONTO INTL A","6158731","2023-05-03 00:00","2023","05","03","00:00","","2.2","","2.2","","100","","","","28","","9","","9.7","","97.69","","","","","","Rain,Fog"
"-79.63","43.68","TORONTO INTL A","6158731","2023-05-03 01:00","2023","05","03","01:00","","2.4","","2.4","","100","","","","27","","10","","9.7","","97.67","","","","","","Rain,Fog"
"-79.63","43.68","TORONTO INTL A","6158731","2023-05-03 02:00","2023","05","03","02:00","","3.4","","3.4","","100","","","","34","","16","","24.1","","97.65","","","","","","NA"
"-79.63","43.68","TORONTO INTL A","6158731","2023-05-03 03:00","2023","05","03","03:00","","3.6","","3.6","","100","","","","34","","15","","24.1","","97.65","","","","","","NA"
"-79.63","43.68","TORONTO INTL A","6158731","2023-05-03 04:00","2023","05","03","04:00","","3.6","","3.6","","100","","","","35","","15","","24.1","","97.68","","","","","","Cloudy"
"-79.63","43.68","TORONTO INTL A","6158731","2023-05-03 05:00","2023","05","03","05:00","","3.7","","3.7","","100","","","","35","","16","","24.1","","97.73","","","","","","NA"
"-79.63","43.68","TORONTO INTL A","6158731","2023-05-03 06:00","2023","05","03","06:00","","4.0","","4.0","","100","","","","34","","18","","19.3","","97.80","","","","","","Rain"
"-79.63","43.68","TORONTO INTL A","6158731","2023-05-03 07:00","2023","05","03","07:00","","4.4","","4.4","","100","","","","34","","16","","16.1","","97.87","","","","","","Rain"
"-79.63","43.68","TORONTO INTL A","6158731","2023-05-03 08:00","2023","05","03","08:00","","5.5","","5.5","","100","","","","35","","16","","16.1","","97.91","","","","","","Rain"
"-79.63","43.68","TORONTO INTL A","6158731","2023-05-03 09:00","2023","05","03","09:00","","5.9","","5.9","","100","","","","1","","17","","16.1","","97.98","","","","","","Rain"
"-79.63","43.68","TORONTO INTL A","6158731","2023-05-03 10:00","2023","05","03","10:00","","6.8","","6.7","","99","","","","1","","19","","19.3","","98.04","","","","","","Rain"
"-79.63","43.68","TORONTO INTL A","6158731","2023-05-03 11:00","2023","05","03","11:00","","7.5","","7.2","","98","","","","36","","19","","16.1","","98.11","","","","","","Rain"
"-79.63","43.68","TORONTO INTL A","6158731","2023-05-03 12:00","2023","05","03","12:00","","8.2","","7.0","","92","","","","2","","15","","19.3","","98.11","","","","","","Rain"
"-79.63","43.68","TORONTO INTL A","6158731","2023-05-03 13:00","2023","05","03","13:00","","8.2","","7.9","","98","","","","32","","16","","16.1","","98.12","","","","","","Rain"
"-79.63","43.68","TORONTO INTL A","6158731","2023-05-03 14:00","2023","05","03","14:00","","9.2","","9.0","","99","","","","36","","17","","19.3","","98.14","","","","","","Rain"
"-79.63","43.68","TORONTO INTL A","6158731","2023-05-03 15:00","2023","05","03","15:00","","10.0","","9.2","","95","","","","33","","21","","19.3","","98.14","","","","","","Rain"
"-79.63","43.68","TORONTO INTL A","6158731","2023-05-03 16:00","2023","05","03","16:00","","9.9","","9.9","","100","","","","35","","25","","19.3","","98.19","","","","","","Rain"
"-79.63","43.68","TORONTO INTL A","6158731","2023-05-03 17:00","2023","05","03","17:00","","9.8","","9.6","","99","","","","34","","30","","16.1","","98.31","","","","","","Rain"
"-79.63","43.68","TORONTO INTL A","6158731","2023-05-03 18:00","2023","05","03","18:00","","9.3","","9.3","","100","","","","36","","21","","24.1","","98.39","","","","","","Rain"
"-79.63","43.68","TORONTO INTL A","6158731","2023-05-03 19:00","2023","05","03","19:00","","9.6","","8.2","","91","","","","35","","23","","24.1","","98.49","","","","","","Mostly Cloudy"
"-79.63","43.68","TORONTO INTL A","6158731","2023-05-03 20:00","2023","05","03","20:00","","9.1","","9.1","","100","","","","36","","14","","24.1","","98.59","","","","","","NA"
"-79.63","43.68","TORONTO INTL A","6158731","2023-05-03 21:00","2023","05","03","21:00","","8.9","","8.9","","100","","","","36","","16","","24.1","","98.67","","","","","","Rain"
"-79.63","43.68","TORONTO INTL A","6158731","2023-05-03 22:00","2023","05","03","22:00","","8.6","","8.6","","100","","","","35","","17","","24.1","","98.72","","","","","","Mostly Cloudy"
"-79.63","43.68","TORONTO INTL A","6158731","2023-05-03 23:00","2023","05","03","23:00","","8.4","","8.4","","100","","","","36","","18","","24.1","","98.75","","","","","","NA"
"-79.63","43.68","TORONTO INTL A","6158731","2023-05-04 00:00","2023","05","04","00:00","","8.1","","8.1","","100","","","","35","","17","","24.1","","98.79","","","","","","NA"
"-79.63","43.68","TORONTO INTL A","6158731","2023-05-04 01:00","2023","05","04","01:00","","7.5","","7.5","","100","","","","36","","14","","24.1","","98.84","","","","","","Mostly Cloudy"
"-79.63","43.68","TORONTO INTL A","6158731","2023-05-04 02:00","2023","05","04","02:00","","7.4","","7.4","","100","","","","34","","13","","24.1","","98.87","","","","","","NA"
"-79.63","43.68","TORONTO INTL A","6158731","2023-05-04 03:00","2023","05","04","03:00","","6.7","","6.7","","100","","","","34","","13","","24.1","","98.92","","","","","","NA"
"-79.63","43.68","TORONTO INTL A","6158731","2023-05-04 04:00","2023","05","04","04:00","","6.6","","6.6","","100","","","","1","","12","","24.1","","98.96","","","","","","Mostly Cloudy"
"-79.63","43.68","TORONTO INTL A","6158731","2023-05-04 05:00","2023","05","04","05:00","","6.8","","6.8","","100","","","","34","","14","","24.1","","99.03","","","","","","NA"
"-79.63","43.68","TORONTO INTL A","6158731","2023-05-04 06:00","2023","05","04","06:00","","7.2","","7.2","","100","","","","1","","12","","24.1","","99.12","","","","","","NA"
"-79.63","43.68","TORONTO INTL A","6158731","2023-05-04 07:00","2023","05","04","07:00","","7.8","","6.2","","90","","","","36","","13","","24.1","","99.19","","","","","","Mostly Cloudy"
"-79.63","43.68","TORONTO INTL A","6158731","2023-05-04 08:00","2023","05","04","08:00","","8.9","","6.0","","82","","","","1","","8","","24.1","","99.27","","","","","","NA"
"-79.63","43.68","TORONTO INTL A","6158731","2023-05-04 09:00","2023","05","04","09:00","","11.1","","3.9","","60","","","","5","","4","","24.1","","99.33","","","","","","NA"
"-79.63","43.68","TORONTO INTL A","6158731","2023-05-04 10:00","2023","05","04","10:00","","9.7","","4.3","","69","","","","2","","5","","24.1","","99.39","","","","","","Mostly Cloudy"
"-79.63","43.68","TORONTO INTL A","6158731","2023-05-04 11:00","2023","05","04","11:00","","10.5","","4.9","","68","","","","32","","4","","24.1","","99.42","","","","","","NA"
"-79.63","43.68","TORONTO INTL A","6158731","2023-05-04 12:00","2023","05","04","12:00","","11.0","","5.4","","68","","","","23","","11","","24.1","","99.43","","","","","","NA"
"-79.63","43.68","TORONTO INTL A","6158731","2023-05-04 13:00","2023","05","04","13:00","","11.1","","5.7","","69","","","","15","","12","","24.1","","99.46","","","","","","Mostly Cloudy"
"-79.63","43.68","TORONTO INTL A","6158731","2023-05-04 14:00","2023","05","04","14:00","","11.1","","5.2","","67","","","","15","","9","","24.1","","99.50","","","","","","NA"
"-79.63","43.68","TORONTO INTL A","6158731","2023-05-04 15:00","2023","05","04","15:00","","10.6","","4.8","","67","","","","19","","5","","24.1","","99.51","","","","","","NA"
"-79.63","43.68","TORONTO INTL A","6158731","2023-05-04 16:00","2023","05","04","16:00","","10.8","","5.2","","68","","","","14","","12","","24.1","","99.55","","","","","","Mostly Cloudy"
"-79.63","43.68","TORONTO INTL A","6158731","2023-05-04 17:00","2023","05","04","17:00","","9.4","","4.8","","73","","","","13","","14","","24.1","","99.62","","","","","","NA"
"-79.63","43.68","TORONTO INTL A","6158731","2023-05-04 18:00","2023","05","04","18:00","","9.7","","4.5","","70","","","","15","","10","","24.1","","99.65","","","","","","NA"
"-79.63","43.68","TORONTO INTL A","6158731","2023-05-04 19:00","2023","05","04","19:00","","9.1","","4.4","","72","","","","13","","8","","24.1","","99.71","","","","","","Mostly Cloudy"
"-79.63","43.68","TORONTO INTL A","6158731","2023-05-04 20:00","2023","05","04","20:00","","8.8","","5.1","","78","","","","18","","4","","24.1","","99.76","","","","","","Rain"
"-79.63","43.68","TORONTO INTL A","6158731","2023-05-04 21:00","2023","05","04","21:00","","8.4","","5.7","","83","","","","","","0","","19.3","","99.84","","","","","","Rain"
"-79.63","43.68","TORONTO INTL A","6158731","2023-05-04 22:00","2023","05","04","22:00","","8.6","","6.2","","85","","","","11","","4","","24.1","","99.86","","","","","","Mostly Cloudy"
"-79.63","43.68","TORONTO INTL A","6158731","2023-05-04 23:00","2023","05","04","23:00","","8.4","","6.2","","86","","","","17","","4","","24.1","","99.90","","","","","","Rain"
"-79.63","43.68","TORONTO INTL A","6158731","2023-05-05 00:00","2023","05","05","00:00","","8.4","","5.9","","84","","","","11","","5","","19.3","","99.94","","","","","","Rain"
"-79.63","43.68","TORONTO INTL A","6158731","2023-05-05 01:00","2023","05","05","01:00","","8.3","","6.1","","86","","","","36","","3","","19.3","","99.96","","","","","","Rain"
"-79.63","43.68","TORONTO INTL A","6158731","2023-05-05 02:00","2023","05","05","02:00","","8.2","","5.6","","84","","","","8","","7","","19.3","","99.99","","","","","","Rain"
"-79.63","43.68","TORONTO INTL A","6158731","2023-05-05 03:00","2023","05","05","03:00","","8.0","","5.7","","86","","","","7","","5","","19.3","","100.02","","","","","","Rain"
"-79.63","43.68","TORONTO INTL A","6158731","2023-05-05 04:00","2023","05","05","04:00","","8.0","","5.7","","85","","","","7","","12","","24.1","","100.04","","","","","","Mostly Cloudy"
"-79.63","43.68","TORONTO INTL A","6158731","2023-05-05 05:00","2023","05","05","05:00","","7.9","","5.5","","85","","","","8","","8","","24.1","","100.09","","","","","","NA"
"-79.63","43.68","TORONTO INTL A","6158731","2023-05-05 06:00","2023","05","05","06:00","","8.2","","5.2","","82","","","","8","","10","","24.1","","100.21","","","","","","NA"
"-79.63","43.68","TORONTO INTL A","6158731","2023-05-05 07:00","2023","05","05","07:00","","8.5","","5.8","","83","","","","9","","8","","24.1","","100.30","","","","","","Rain"
"-79.63","43.68","TORONTO INTL A","6158731","2023-05-05 08:00","2023","05","05","08:00","","9.2","","5.8","","79","","","","13","","9","","24.1","","100.38","","","","","","NA"
"-79.63","43.68","TORONTO INTL A","6158731","2023-05-05 09:00","2023","05","05","09:00","","9.6","","6.3","","80","","","","12","","11","","24.1","","100.42","","","","","","NA"
"-79.63","43.68","TORONTO INTL A","6158731","2023-05-05 10:00","2023","05","05","10:00","","10.7","","6.2","","74","","","","14","","14","","24.1","","100.46","","","","","","Mostly Cloudy"
"-79.63","43.68","TORONTO INTL A","6158731","2023-05-05 11:00","2023","05","05","11:00","","11.2","","5.4","","67","","","","14","","11","","24.1","","100.48","","","","","","NA"
"-79.63","43.68","TORONTO INTL A","6158731","2023-05-05 12:00","2023","05","05","12:00","","12.4","","6.3","","66","","","","16","","13","","24.1","","100.46","","","","","","NA"
"-79.63","43.68","TORONTO INTL A","6158731","2023-05-05 13:00","2023","05","05","13:00","","13.4","","5.5","","58","","","","14","","14","","24.1","","100.43","","","","","","Mostly Cloudy"
"-79.63","43.68","TORONTO INTL A","6158731","2023-05-05 14:00","2023","05","05","14:00","","13.8","","5.2","","56","","","","14","","14","","24.1","","100.45","","","","","","NA"
"-79.63","43.68","TORONTO INTL A","6158731","2023-05-05 15:00","2023","05","05","15:00","","13.6","","4.7","","55","","","","17","","14","","24.1","","100.45","","","","","","NA"
"-79.63","43.68","TORONTO INTL A","6158731","2023-05-05 16:00","2023","05","05","16:00","","12.9","","3.4","","52","","","","18","","9","","24.1","","100.48","","","","","","Mostly Cloudy"
"-79.63","43.68","TORONTO INTL A","6158731","2023-05-05 17:00","2023","05","05","17:00","","13.5","","3.8","","52","","","","14","","13","","24.1","","100.43","","","","","","NA"
"-79.63","43.68","TORONTO INTL A","6158731","2023-05-05 18:00","2023","05","05","18:00","","12.9","","3.9","","54","","","","17","","8","","24.1","","100.44","","","","","","NA"
"-79.63","43.68","TORONTO INTL A","6158731","2023-05-05 19:00","2023","05","05","19:00","","11.9","","3.0","","54","","","","15","","10","","24.1","","100.46","","","","","","Mainly Clear"
"-79.63","43.68","TORONTO INTL A","6158731","2023-05-05 20:00","2023","05","05","20:00","","11.2","","3.1","","58","","","","16","","7","","24.1","","100.50","","","","","","NA"
"-79.63","43.68","TORONTO INTL A","6158731","2023-05-05 21:00","2023","05","05","21:00","","10.6","","3.4","","61","","","","17","","4","","24.1","","100.50","","","","","","NA"
"-79.63","43.68","TORONTO INTL A","6158731","2023-05-05 22:00","2023","05","05","22:00","","10.1","","3.5","","63","","","","25","","4","","24.1","","100.50","","","","","","Clear"
"-79.63","43.68","TORONTO INTL A","6158731","2023-05-05 23:00","2023","05","05","23:00","","8.9","","3.4","","68","","","","32","","5","","24.1","","100.49","","","","","","NA"
"-79.63","43.68","TORONTO INTL A","6158731","2023-05-06 00:00","2023","05","06","00:00","","7.9","","3.4","","73","","","","27","","5","","24.1","","100.52","","","","","","NA"
"-79.63","43.68","TORONTO INTL A","6158731","2023-05-06 01:00","2023","05","06","01:00","","8.4","","3.6","","72","","","","36","","3","","24.1","","100.51","","","","","","Clear"
"-79.63","43.68","TORONTO INTL A","6158731","2023-05-06 02:00","2023","05","06","02:00","","7.7","","4.3","","79","","","","1","","8","","24.1","","100.51","","","","","","NA"
"-79.63","43.68","TORONTO INTL A","6158731","2023-05-06 03:00","2023","05","06","03:00","","6.2","","4.1","","86","","","","31","","13","","24.1","","100.57","","","","","","NA"
"-79.63","43.68","TORONTO INTL A","6158731","2023-05-06 04:00","2023","05","06","04:00","","5.9","","3.8","","86","","","","3","","8","","24.1","","100.58","","","","","","Clear"
"-79.63","43.68","TORONTO INTL A","6158731","2023-05-06 05:00","2023","05","06","05:00","","6.4","","3.4","","81","","","","","","0","","24.1","","100.59","","","","","","NA"
"-79.63","43.68","TORONTO INTL A","6158731","2023-05-06 06:00","2023","05","06","06:00","","7.5","","4.2","","79","","","","33","","12","","24.1","","100.63","","","","","","NA"
"-79.63","43.68","TORONTO INTL A","6158731","2023-05-06 07:00","2023","05","06","07:00","","9.4","","5.1","","74","","","","29","","6","","24.1","","100.66","","","","","","Mainly Clear"
"-79.63","43.68","TORONTO INTL A","6158731","2023-05-06 08:00","2023","05","06","08:00","","12.2","","5.5","","63","","","","36","","4","","24.1","","100.67","","","","","","NA"
"-79.63","43.68","TORONTO INTL A","6158731","2023-05-06 09:00","2023","05","06","09:00","","14.3","","5.0","","53","","","","14","","4","","24.1","","100.63","","","","","","NA"
"-79.63","43.68","TORONTO INTL A","6158731","2023-05-06 10:00","2023","05","06","10:00","","15.9","","6.3","","53","","","","15","","8","","24.1","","100.62","","","","","","Mainly Clear"
"-79.63","43.68","TORONTO INTL A","6158731","2023-05-06 11:00","2023","05","06","11:00","","15.8","","6.0","","52","","","","15","","9","","24.1","","100.58","","","","","","NA"
"-79.63","43.68","TORONTO INTL A","6158731","2023-05-06 12:00","2023","05","06","12:00","","16.1","","4.8","","47","","","","15","","11","","24.1","","100.55","","","","","","NA"
"-79.63","43.68","TORONTO INTL A","6158731","2023-05-06 13:00","2023","05","06","13:00","","17.0","","5.0","","45","","","","15","","17","","24.1","","100.51","","","","","","Mostly Cloudy"
"-79.63","43.68","TORONTO INTL A","6158731","2023-05-06 14:00","2023","05","06","14:00","","17.1","","5.6","","46","","","","15","","11","","24.1","","100.41","","","","","","NA"
"-79.63","43.68","TORONTO INTL A","6158731","2023-05-06 15:00","2023","05","06","15:00","","17.3","","3.5","","40","","","","12","","13","","24.1","","100.38","","","","","","NA"
"-79.63","43.68","TORONTO INTL A","6158731","2023-05-06 16:00","2023","05","06","16:00","","17.8","","3.0","","37","","","","15","","11","","24.1","","100.30","","","","","","Mostly Cloudy"
"-79.63","43.68","TORONTO INTL A","6158731","2023-05-06 17:00","2023","05","06","17:00","","17.4","","0.4","","31","","","","19","","12","","24.1","","100.25","","","","","","NA"
"-79.63","43.68","TORONTO INTL A","6158731","2023-05-06 18:00","2023","05","06","18:00","","17.1","","-1.1","","29","","","","16","","8","","24.1","","100.20","","","","","","NA"
"-79.63","43.68","TORONTO INTL A","6158731","2023-05-06 19:00","2023","05","06","19:00","","16.8","","-1.1","","29","","","","18","","8","","24.1","","100.18","","","","","","Mostly Cloudy"
"-79.63","43.68","TORONTO INTL A","6158731","2023-05-06 20:00","2023","05","06","20:00","","16.1","","-0.3","","33","","","","14","","4","","24.1","","100.18","","","","","","NA"
"-79.63","43.68","TORONTO INTL A","6158731","2023-05-06 21:00","2023","05","06","21:00","","14.6","","2.5","","44","","","","13","","5","","24.1","","100.11","","","","","","NA"
"-79.63","43.68","TORONTO INTL A","6158731","2023-05-06 22:00","2023","05","06","22:00","","13.7","","2.5","","47","","","","26","","5","","24.1","","100.11","","","","","","Mainly Clear"
"-79.63","43.68","TORONTO INTL A","6158731","2023-05-06 23:00","2023","05","06","23:00","","12.8","","3.1","","51","","","","29","","5","","24.1","","100.07","","","","","","NA"
"-79.63","43.68","TORONTO INTL A","6158731","2023-05-07 00:00","2023","05","07","00:00","","11.7","","2.9","","54","","","","31","","8","","24.1","","100.02","","","","","","NA"
"-79.63","43.68","TORONTO INTL A","6158731","2023-05-07 01:00","2023","05","07","01:00","","11.1","","3.0","","58","","","","31","","5","","24.1","","99.99","","","","","","Mostly Cloudy"
"-79.63","43.68","TORONTO INTL A","6158731","2023-05-07 02:00","2023","05","07","02:00","","9.7","","4.0","","68","","","","1","","5","","24.1","","99.92","","","","","","NA"
"-79.63","43.68","TORONTO INTL A","6158731","2023-05-07 03:00","2023","05","07","03:00","","9.5","","3.8","","67","","","","33","","9","","24.1","","99.88","","","","","","NA"
"-79.63","43.68","TORONTO INTL A","6158731","2023-05-07 04:00","2023","05","07","04:00","","9.4","","3.7","","67","","","","4","","5","","24.1","","99.81","","","","","","Mostly Cloudy"
"-79.63","43.68","TORONTO INTL A","6158731","2023-05-07 05:00","2023","05","07","05:00","","8.9","","4.3","","73","","","","2","","7","","24.1","","99.76","","","","","","NA"
"-79.63","43.68","TORONTO INTL A","6158731","2023-05-07 06:00","2023","05","07","06:00","","10.1","","5.1","","71","","","","1","","3","","24.1","","99.72","","","","","","NA"
"-79.63","43.68","TORONTO INTL A","6158731","2023-05-07 07:00","2023","05","07","07:00","","12.0","","4.4","","60","","","","17","","4","","24.1","","99.66","","","","","","Mostly Cloudy"
"-79.63","43.68","TORONTO INTL A","6158731","2023-05-07 08:00","2023","05","07","08:00","","13.1","","4.2","","55","","","","10","","8","","24.1","","99.57","","","","","","NA"
"-79.63","43.68","TORONTO INTL A","6158731","2023-05-07 09:00","2023","05","07","09:00","","15.4","","5.3","","50","","","","11","","13","","24.1","","99.47","","","","","","NA"
"-79.63","43.68","TORONTO INTL A","6158731","2023-05-07 10:00","2023","05","07","10:00","","15.2","","4.2","","47","","","","13","","9","","24.1","","99.43","","","","","","Mostly Cloudy"
"-79.63","43.68","TORONTO INTL A","6158731","2023-05-07 11:00","2023","05","07","11:00","","15.4","","5.0","","50","","","","32","","10","","19.3","","99.52","","","","","","Rain"
"-79.63","43.68","TORONTO INTL A","6158731","2023-05-07 12:00","2023","05","07","12:00","","12.2","","9.1","","81","","","","35","","14","","8.1","","99.53","","","","","","Moderate Rain Showers,Fog"
"-79.63","43.68","TORONTO INTL A","6158731","2023-05-07 13:00","2023","05","07","13:00","","11.5","","9.6","","88","","","","5","","16","","9.7","","99.35","","","","","","Rain Showers,Fog"
"-79.63","43.68","TORONTO INTL A","6158731","2023-05-07 14:00","2023","05","07","14:00","","11.7","","10.5","","93","","","","6","","13","","9.7","","99.23","","","","","","Rain Showers,Fog"
"-79.63","43.68","TORONTO INTL A","6158731","2023-05-07 15:00","2023","05","07","15:00","","11.9","","10.8","","93","","","","10","","12","","16.1","","99.12","","","","","","Rain Showers"
"-79.63","43.68","TORONTO INTL A","6158731","2023-05-07 16:00","2023","05","07","16:00","","12.7","","11.2","","91","","","","13","","7","","24.1","","99.07","","","","","","Mostly Cloudy"
"-79.63","43.68","TORONTO INTL A","6158731","2023-05-07 17:00","2023","05","07","17:00","","12.7","","10.3","","86","","","","3","","12","","24.1","","99.11","","","","","","NA"
"-79.63","43.68","TORONTO INTL A","6158731","2023-05-07 18:00","2023","05","07","18:00","","11.9","","10.1","","88","","","","1","","13","","24.1","","99.15","","","","","","NA"
"-79.63","43.68","TORONTO INTL A","6158731","2023-05-07 19:00","2023","05","07","19:00","","11.0","","10.5","","97","","","","4","","9","","12.9","","99.14","","","","","","Cloudy"
"-79.63","43.68","TORONTO INTL A","6158731","2023-05-07 20:00","2023","05","07","20:00","","10.8","","9.5","","91","","","","5","","14","","9.7","","99.18","","","","","","Drizzle"
"-79.63","43.68","TORONTO INTL A","6158731","2023-05-07 21:00","2023","05","07","21:00","","10.5","","9.2","","92","","","","7","","8","","24.1","","99.20","","","","","","NA"
"-79.63","43.68","TORONTO INTL A","6158731","2023-05-07 22:00","2023","05","07","22:00","","10.4","","9.1","","91","","","","","","0","","24.1","","99.20","","","","","","Cloudy"
"-79.63","43.68","TORONTO INTL A","6158731","2023-05-07 23:00","2023","05","07","23:00","","10.6","","9.1","","90","","","","1","","8","","24.1","","99.22","","","","","","NA"
"-79.63","43.68","TORONTO INTL A","6158731","2023-05-08 00:00","2023","05","08","00:00","","10.7","","9.8","","94","","","","36","","13","","24.1","","99.19","","","","","","NA"
"-79.63","43.68","TORONTO INTL A","6158731","2023-05-08 01:00","2023","05","08","01:00","","10.2","","9.4","","95","","","","35","","17","","24.1","","99.19","","","","","","Mainly Clear"
"-79.63","43.68","TORONTO INTL A","6158731","2023-05-08 02:00","2023","05","08","02:00","","9.7","","9.1","","96","","","","33","","18","","24.1","","99.17","","","","","","NA"
"-79.63","43.68","TORONTO INTL A","6158731","2023-05-08 03:00","2023","05","08","03:00","","9.2","","8.6","","96","","","","34","","13","","24.1","","99.15","","","","","","NA"
"-79.63","43.68","TORONTO INTL A","6158731","2023-05-08 04:00","2023","05","08","04:00","","9.0","","8.0","","94","","","","33","","15","","24.1","","99.22","","","","","","Mainly Clear"
"-79.63","43.68","TORONTO INTL A","6158731","2023-05-08 05:00","2023","05","08","05:00","","9.0","","7.7","","91","","","","34","","17","","24.1","","99.30","","","","","","NA"
"-79.63","43.68","TORONTO INTL A","6158731","2023-05-08 06:00","2023","05","08","06:00","","9.9","","7.7","","86","","","","34","","17","","24.1","","99.33","","","","","","NA"
"-79.63","43.68","TORONTO INTL A","6158731","2023-05-08 07:00","2023","05","08","07:00","","10.9","","7.4","","79","","","","36","","19","","24.1","","99.39","","","","","","Mainly Clear"
"-79.63","43.68","TORONTO INTL A","6158731","2023-05-08 08:00","2023","05","08","08:00","","12.8","","7.7","","71","","","","36","","15","","24.1","","99.42","","","","","","NA"
"-79.63","43.68","TORONTO INTL A","6158731","2023-05-08 09:00","2023","05","08","09:00","","13.7","","6.9","","64","","","","33","","17","","24.1","","99.46","","","","","","NA"
"-79.63","43.68","TORONTO INTL A","6158731","2023-05-08 10:00","2023","05","08","10:00","","15.5","","7.0","","57","","","","34","","15","","24.1","","99.45","","","","","","Mostly Cloudy"
"-79.63","43.68","TORONTO INTL A","6158731","2023-05-08 11:00","2023","05","08","11:00","","16.6","","6.5","","51","","","","36","","14","","24.1","","99.42","","","","","","NA"
"-79.63","43.68","TORONTO INTL A","6158731","2023-05-08 12:00","2023","05","08","12:00","","16.9","","5.4","","46","","","","35","","19","","24.1","","99.40","","","","","","NA"
"-79.63","43.68","TORONTO INTL A","6158731","2023-05-08 13:00","2023","05","08","13:00","","17.9","","5.4","","43","","","","35","","17","","24.1","","99.37","","","","","","Mostly Cloudy"
"-79.63","43.68","TORONTO INTL A","6158731","2023-05-08 14:00","2023","05","08","14:00","","18.2","","0.1","","29","","","","34","","17","","24.1","","99.35","","","","","","NA"
"-79.63","43.68","TORONTO INTL A","6158731","2023-05-08 15:00","2023","05","08","15:00","","19.3","","-3.5","","21","","","","36","","21","","24.1","","99.31","","","","","","NA"
"-79.63","43.68","TORONTO INTL A","6158731","2023-05-08 16:00","2023","05","08","16:00","","18.8","","-4.2","","21","","","","1","","21","","24.1","","99.25","","","","","","Mostly Cloudy"
"-79.63","43.68","TORONTO INTL A","6158731","2023-05-08 17:00","2023","05","08","17:00","","17.8","","-5.0","","20","","","","2","","19","","24.1","","99.24","","","","","","NA"
"-79.63","43.68","TORONTO INTL A","6158731","2023-05-08 18:00","2023","05","08","18:00","","16.9","","-0.4","","31","","","","36","","23","","24.1","","99.25","","","","","","NA"
"-79.63","43.68","TORONTO INTL A","6158731","2023-05-08 19:00","2023","05","08","19:00","","15.1","","-0.6","","34","","","","35","","22","","24.1","","99.33","","","","","","Mostly Cloudy"
"-79.63","43.68","TORONTO INTL A","6158731","2023-05-08 20:00","2023","05","08","20:00","","13.1","","-2.4","","34","","","","35","","26","","24.1","","99.41","","","","","","NA"
"-79.63","43.68","TORONTO INTL A","6158731","2023-05-08 21:00","2023","05","08","21:00","","11.8","","-3.9","","33","","","","34","","27","","24.1","","99.45","","","","","","NA"
"-79.63","43.68","TORONTO INTL A","6158731","2023-05-08 22:00","2023","05","08","22:00","","11.1","","-4.8","","32","","","","35","","26","","24.1","","99.44","","","","","","Mainly Clear"
"-79.63","43.68","TORONTO INTL A","6158731","2023-05-08 23:00","2023","05","08","23:00","","10.4","","-4.5","","35","","","","35","","23","","24.1","","99.44","","","","","","NA"
"-79.63","43.68","TORONTO INTL A","6158731","2023-05-09 00:00","2023","05","09","00:00","","9.7","","-3.9","","38","","","","35","","21","","24.1","","99.45","","","","","","NA"
"-79.63","43.68","TORONTO INTL A","6158731","2023-05-09 01:00","2023","05","09","01:00","","8.8","","-2.9","","43","","","","36","","18","","24.1","","99.44","","","","","","Mainly Clear"
"-79.63","43.68","TORONTO INTL A","6158731","2023-05-09 02:00","2023","05","09","02:00","","8.3","","-2.0","","48","","","","35","","15","","24.1","","99.51","","","","","","NA"
"-79.63","43.68","TORONTO INTL A","6158731","2023-05-09 03:00","2023","05","09","03:00","","8.0","","-1.3","","52","","","","35","","13","","24.1","","99.56","","","","","","NA"
"-79.63","43.68","TORONTO INTL A","6158731","2023-05-09 04:00","2023","05","09","04:00","","7.1","","-0.5","","59","","","","36","","13","","24.1","","99.64","","","","","","Mainly Clear"
"-79.63","43.68","TORONTO INTL A","6158731","2023-05-09 05:00","2023","05","09","05:00","","7.3","","-0.5","","58","","","","36","","8","","24.1","","99.70","","","","","","NA"
"-79.63","43.68","TORONTO INTL A","6158731","2023-05-09 06:00","2023","05","09","06:00","","7.8","","0.0","","58","","","","2","","5","","24.1","","99.75","","","","","","NA"
"-79.63","43.68","TORONTO INTL A","6158731","2023-05-09 07:00","2023","05","09","07:00","","9.6","","0.9","","55","","","","1","","7","","24.1","","99.79","","","","","","Mostly Cloudy"
"-79.63","43.68","TORONTO INTL A","6158731","2023-05-09 08:00","2023","05","09","08:00","","11.8","","-2.4","","37","","","","5","","9","","24.1","","99.85","","","","","","NA"
"-79.63","43.68","TORONTO INTL A","6158731","2023-05-09 09:00","2023","05","09","09:00","","13.1","","-1.8","","35","","","","5","","7","","24.1","","99.90","","","","","","NA"
"-79.63","43.68","TORONTO INTL A","6158731","2023-05-09 10:00","2023","05","09","10:00","","14.2","","-1.5","","34","","","","10","","11","","24.1","","99.94","","","","","","Mostly Cloudy"
"-79.63","43.68","TORONTO INTL A","6158731","2023-05-09 11:00","2023","05","09","11:00","","14.3","","-2.0","","32","","","","16","","12","","24.1","","99.93","","","","","","NA"
"-79.63","43.68","TORONTO INTL A","6158731","2023-05-09 12:00","2023","05","09","12:00","","13.9","","-2.8","","31","","","","13","","14","","24.1","","99.95","","","","","","NA"
"-79.63","43.68","TORONTO INTL A","6158731","2023-05-09 13:00","2023","05","09","13:00","","14.7","","-2.8","","30","","","","16","","14","","24.1","","99.94","","","","","","Cloudy"
"-79.63","43.68","TORONTO INTL A","6158731","2023-05-09 14:00","2023","05","09","14:00","","15.1","","-1.4","","32","","","","14","","9","","24.1","","99.92","","","","","","NA"
"-79.63","43.68","TORONTO INTL A","6158731","2023-05-09 15:00","2023","05","09","15:00","","15.4","","-2.9","","28","","","","15","","17","","24.1","","99.90","","","","","","NA"
"-79.63","43.68","TORONTO INTL A","6158731","2023-05-09 16:00","2023","05","09","16:00","","15.3","","-2.2","","30","","","","15","","17","","24.1","","99.87","","","","","","Cloudy"
"-79.63","43.68","TORONTO INTL A","6158731","2023-05-09 17:00","2023","05","09","17:00","","14.4","","-3.1","","30","","","","12","","13","","24.1","","99.87","","","","","","NA"
"-79.63","43.68","TORONTO INTL A","6158731","2023-05-09 18:00","2023","05","09","18:00","","15.1","","1.7","","40","","","","36","","17","","24.1","","99.87","","","","","","NA"
"-79.63","43.68","TORONTO INTL A","6158731","2023-05-09 19:00","2023","05","09","19:00","","13.8","","-2.8","","31","","","","36","","26","","24.1","","99.92","","","","","","Cloudy"
"-79.63","43.68","TORONTO INTL A","6158731","2023-05-09 20:00","2023","05","09","20:00","","13.0","","-3.5","","31","","","","35","","21","","24.1","","99.97","","","","","","NA"
"-79.63","43.68","TORONTO INTL A","6158731","2023-05-09 21:00","2023","05","09","21:00","","12.1","","-3.9","","32","","","","33","","18","","24.1","","99.99","","","","","","NA"
"-79.63","43.68","TORONTO INTL A","6158731","2023-05-09 22:00","2023","05","09","22:00","","10.8","","-2.9","","38","","","","35","","15","","24.1","","100.01","","","","","","Mostly Cloudy"
"-79.63","43.68","TORONTO INTL A","6158731","2023-05-09 23:00","2023","05","09","23:00","","9.4","","-2.0","","45","","","","35","","8","","24.1","","100.02","","","","","","NA"
"-79.63","43.68","TORONTO INTL A","6158731","2023-05-10 00:00","2023","05","10","00:00","","8.5","","-0.6","","53","","","","31","","14","","24.1","","100.03","","","","","","NA"
"-79.63","43.68","TORONTO INTL A","6158731","2023-05-10 01:00","2023","05","10","01:00","","8.5","","-0.6","","52","","","","33","","7","","24.1","","100.05","","","","","","Mainly Clear"
"-79.63","43.68","TORONTO INTL A","6158731","2023-05-10 02:00","2023","05","10","02:00","","7.9","","-0.5","","55","","","","26","","6","","24.1","","100.08","","","","","","NA"
"-79.63","43.68","TORONTO INTL A","6158731","2023-05-10 03:00","2023","05","10","03:00","","8.6","","-0.4","","53","","","","29","","7","","24.1","","100.11","","","","","","NA"
"-79.63","43.68","TORONTO INTL A","6158731","2023-05-10 04:00","2023","05","10","04:00","","6.6","","0.0","","63","","","","29","","5","","24.1","","100.10","","","","","","Mainly Clear"
"-79.63","43.68","TORONTO INTL A","6158731","2023-05-10 05:00","2023","05","10","05:00","","5.7","","0.3","","68","","","","25","","9","","24.1","","100.18","","","","","","NA"
"-79.63","43.68","TORONTO INTL A","6158731","2023-05-10 06:00","2023","05","10","06:00","","6.9","","1.8","","70","","","","27","","11","","24.1","","100.28","","","","","","NA"
"-79.63","43.68","TORONTO INTL A","6158731","2023-05-10 07:00","2023","05","10","07:00","","11.3","","3.4","","58","","","","27","","5","","24.1","","100.28","","","","","","Mainly Clear"
"-79.63","43.68","TORONTO INTL A","6158731","2023-05-10 08:00","2023","05","10","08:00","","14.3","","1.9","","43","","","","30","","5","","24.1","","100.30","","","","","","NA"
"-79.63","43.68","TORONTO INTL A","6158731","2023-05-10 09:00","2023","05","10","09:00","","16.8","","1.1","","35","","","","25","","7","","24.1","","100.27","","","","","","NA"
"-79.63","43.68","TORONTO INTL A","6158731","2023-05-10 10:00","2023","05","10","10:00","","17.2","","-0.8","","29","","","","7","","3","","24.1","","100.22","","","","","","Mainly Clear"
"-79.63","43.68","TORONTO INTL A","6158731","2023-05-10 11:00","2023","05","10","11:00","","18.4","","-1.5","","26","","","","17","","9","","24.1","","100.20","","","","","","NA"
"-79.63","43.68","TORONTO INTL A","6158731","2023-05-10 12:00","2023","05","10","12:00","","18.9","","1.3","","30","","","","14","","14","","24.1","","100.13","","","","","","NA"
"-79.63","43.68","TORONTO INTL A","6158731","2023-05-10 13:00","2023","05","10","13:00","","19.3","","1.6","","30","","","","15","","19","","24.1","","100.06","","","","","","Mostly Cloudy"
"-79.63","43.68","TORONTO INTL A","6158731","2023-05-10 14:00","2023","05","10","14:00","","20.0","","2.9","","32","","","","16","","18","","24.1","","99.98","","","","","","NA"
"-79.63","43.68","TORONTO INTL A","6158731","2023-05-10 15:00","2023","05","10","15:00","","19.3","","3.0","","34","","","","14","","19","","24.1","","99.93","","","","","","NA"
"-79.63","43.68","TORONTO INTL A","6158731","2023-05-10 16:00","2023","05","10","16:00","","20.2","","2.5","","31","","","","17","","15","","24.1","","99.91","","","","","","Cloudy"
"-79.63","43.68","TORONTO INTL A","6158731","2023-05-10 17:00","2023","05","10","17:00","","20.8","","4.0","","33","","","","16","","17","","24.1","","99.87","","","","","","NA"
"-79.63","43.68","TORONTO INTL A","6158731","2023-05-10 18:00","2023","05","10","18:00","","21.3","","4.2","","32","","","","32","","19","","24.1","","99.85","","","","","","NA"
"-79.63","43.68","TORONTO INTL A","6158731","2023-05-10 19:00","2023","05","10","19:00","","19.1","","4.5","","38","","","","29","","17","","24.1","","99.84","","","","","","Mostly Cloudy"
"-79.63","43.68","TORONTO INTL A","6158731","2023-05-10 20:00","2023","05","10","20:00","","17.8","","5.0","","42","","","","28","","13","","24.1","","99.87","","","","","","NA"
"-79.63","43.68","TORONTO INTL A","6158731","2023-05-10 21:00","2023","05","10","21:00","","15.6","","5.1","","49","","","","28","","13","","24.1","","99.89","","","","","","NA"
"-79.63","43.68","TORONTO INTL A","6158731","2023-05-10 22:00","2023","05","10","22:00","","15.5","","5.5","","51","","","","23","","10","","24.1","","99.88","","","","","","Mainly Clear"
"-79.63","43.68","TORONTO INTL A","6158731","2023-05-10 23:00","2023","05","10","23:00","","14.4","","5.9","","56","","","","25","","6","","24.1","","99.90","","","","","","NA"
"-79.63","43.68","TORONTO INTL A","6158731","2023-05-11 00:00","2023","05","11","00:00","","12.2","","5.9","","65","","","","25","","10","","24.1","","99.90","","","","","","NA"
"-79.63","43.68","TORONTO INTL A","6158731","2023-05-11 01:00","2023","05","11","01:00","","11.2","","5.6","","68","","","","25","","13","","24.1","","99.88","","","","","","Clear"
"-79.63","43.68","TORONTO INTL A","6158731","2023-05-11 02:00","2023","05","11","02:00","","11.8","","4.9","","63","","","","28","","9","","24.1","","99.84","","","","","","NA"
"-79.63","43.68","TORONTO INTL A","6158731","2023-05-11 03:00","2023","05","11","03:00","","12.7","","4.5","","57","","","","23","","4","","24.1","","99.87","","","","","","NA"
"-79.63","43.68","TORONTO INTL A","6158731","2023-05-11 04:00","2023","05","11","04:00","","12.5","","4.4","","58","","","","31","","7","","24.1","","99.89","","","","","","Clear"
"-79.63","43.68","TORONTO INTL A","6158731","2023-05-11 05:00","2023","05","11","05:00","","12.2","","4.5","","59","","","","","","0","","24.1","","99.94","","","","","","NA"
"-79.63","43.68","TORONTO INTL A","6158731","2023-05-11 06:00","2023","05","11","06:00","","13.4","","4.3","","54","","","","36","","3","","24.1","","100.01","","","","","","NA"
"-79.63","43.68","TORONTO INTL A","6158731","2023-05-11 07:00","2023","05","11","07:00","","15.5","","7.7","","59","","","","","","0","","24.1","","100.00","","","","","","Mostly Cloudy"
"-79.63","43.68","TORONTO INTL A","6158731","2023-05-11 08:00","2023","05","11","08:00","","17.3","","6.5","","49","","","","14","","5","","24.1","","99.97","","","","","","NA"
"-79.63","43.68","TORONTO INTL A","6158731","2023-05-11 09:00","2023","05","11","09:00","","19.1","","7.3","","46","","","","17","","8","","24.1","","99.97","","","","","","NA"
"-79.63","43.68","TORONTO INTL A","6158731","2023-05-11 10:00","2023","05","11","10:00","","19.3","","9.2","","52","","","","13","","13","","24.1","","99.94","","","","","","Mostly Cloudy"
"-79.63","43.68","TORONTO INTL A","6158731","2023-05-11 11:00","2023","05","11","11:00","","20.0","","7.9","","45","","","","13","","15","","24.1","","99.91","","","","","","NA"
"-79.63","43.68","TORONTO INTL A","6158731","2023-05-11 12:00","2023","05","11","12:00","","21.2","","9.6","","47","","","","10","","12","","24.1","","99.85","","","","","","NA"
"-79.63","43.68","TORONTO INTL A","6158731","2023-05-11 13:00","2023","05","11","13:00","","22.1","","11.4","","50","","","","11","","18","","24.1","","99.78","","","","","","Mostly Cloudy"
"-79.63","43.68","TORONTO INTL A","6158731","2023-05-11 14:00","2023","05","11","14:00","","22.4","","10.9","","48","","","","14","","13","","24.1","","99.73","","","","","","NA"
"-79.63","43.68","TORONTO INTL A","6158731","2023-05-11 15:00","2023","05","11","15:00","","26.2","","10.1","","36","","","","30","","22","","24.1","","99.71","","28","","","","NA"
"-79.63","43.68","TORONTO INTL A","6158731","2023-05-11 16:00","2023","05","11","16:00","","25.9","","9.0","","34","","","","30","","22","","24.1","","99.68","","27","","","","Mostly Cloudy"
"-79.63","43.68","TORONTO INTL A","6158731","2023-05-11 17:00","2023","05","11","17:00","","25.5","","9.1","","35","","","","30","","16","","24.1","","99.64","","26","","","","NA"
"-79.63","43.68","TORONTO INTL A","6158731","2023-05-11 18:00","2023","05","11","18:00","","24.9","","7.3","","32","","","","29","","17","","24.1","","99.63","","25","","","","NA"
"-79.63","43.68","TORONTO INTL A","6158731","2023-05-11 19:00","2023","05","11","19:00","","23.1","","7.0","","35","","","","29","","16","","24.1","","99.65","","","","","","Clear"
"-79.63","43.68","TORONTO INTL A","6158731","2023-05-11 20:00","2023","05","11","20:00","","21.1","","7.3","","41","","","","28","","18","","24.1","","99.69","","","","","","NA"
"-79.63","43.68","TORONTO INTL A","6158731","2023-05-11 21:00","2023","05","11","21:00","","19.7","","7.5","","45","","","","28","","12","","24.1","","99.73","","","","","","NA"
"-79.63","43.68","TORONTO INTL A","6158731","2023-05-11 22:00","2023","05","11","22:00","","18.7","","7.0","","46","","","","28","","12","","24.1","","99.71","","","","","","Clear"
"-79.63","43.68","TORONTO INTL A","6158731","2023-05-11 23:00","2023","05","11","23:00","","16.0","","6.9","","54","","","","27","","13","","24.1","","99.69","","","","","","NA"
"-79.63","43.68","TORONTO INTL A","6158731","2023-05-12 00:00","2023","05","12","00:00","","15.7","","6.3","","54","","","","26","","7","","24.1","","99.66","","","","","","NA"
"-79.63","43.68","TORONTO INTL A","6158731","2023-05-12 01:00","2023","05","12","01:00","","16.8","","6.8","","51","","","","29","","11","","24.1","","99.66","","","","","","Mainly Clear"
"-79.63","43.68","TORONTO INTL A","6158731","2023-05-12 02:00","2023","05","12","02:00","","17.3","","6.8","","50","","","","30","","12","","24.1","","99.67","","","","","","NA"
"-79.63","43.68","TORONTO INTL A","6158731","2023-05-12 03:00","2023","05","12","03:00","","16.3","","7.2","","54","","","","32","","12","","24.1","","99.66","","","","","","NA"
"-79.63","43.68","TORONTO INTL A","6158731","2023-05-12 04:00","2023","05","12","04:00","","17.2","","6.5","","49","","","","30","","15","","24.1","","99.67","","","","","","Mainly Clear"
"-79.63","43.68","TORONTO INTL A","6158731","2023-05-12 05:00","2023","05","12","05:00","","15.8","","6.6","","54","","","","30","","11","","24.1","","99.71","","","","","","NA"
"-79.63","43.68","TORONTO INTL A","6158731","2023-05-12 06:00","2023","05","12","06:00","","17.6","","6.0","","46","","","","20","","4","","24.1","","99.77","","","","","","NA"
"-79.63","43.68","TORONTO INTL A","6158731","2023-05-12 07:00","2023","05","12","07:00","","19.4","","7.6","","46","","","","33","","15","","24.1","","99.81","","","","","","Mostly Cloudy"
"-79.63","43.68","TORONTO INTL A","6158731","2023-05-12 08:00","2023","05","12","08:00","","21.2","","9.0","","45","","","","35","","10","","24.1","","99.84","","","","","","NA"
"-79.63","43.68","TORONTO INTL A","6158731","2023-05-12 09:00","2023","05","12","09:00","","22.6","","9.6","","43","","","","5","","5","","24.1","","99.83","","","","","","NA"
"-79.63","43.68","TORONTO INTL A","6158731","2023-05-12 10:00","2023","05","12","10:00","","23.4","","10.8","","44","","","","24","","4","","24.1","","99.83","","25","","","","Mostly Cloudy"
"-79.63","43.68","TORONTO INTL A","6158731","2023-05-12 11:00","2023","05","12","11:00","","23.8","","9.1","","39","","","","15","","5","","24.1","","99.82","","25","","","","NA"
"-79.63","43.68","TORONTO INTL A","6158731","2023-05-12 12:00","2023","05","12","12:00","","25.6","","11.1","","40","","","","24","","6","","24.1","","99.77","","27","","","","NA"
"-79.63","43.68","TORONTO INTL A","6158731","2023-05-12 13:00","2023","05","12","13:00","","25.5","","8.5","","34","","","","14","","16","","24.1","","99.71","","26","","","","Mostly Cloudy"
"-79.63","43.68","TORONTO INTL A","6158731","2023-05-12 14:00","2023","05","12","14:00","","25.1","","8.4","","34","","","","13","","15","","24.1","","99.65","","26","","","","NA"
"-79.63","43.68","TORONTO INTL A","6158731","2023-05-12 15:00","2023","05","12","15:00","","27.0","","10.1","","34","","","","13","","8","","24.1","","99.59","","28","","","","NA"
"-79.63","43.68","TORONTO INTL A","6158731","2023-05-12 16:00","2023","05","12","16:00","","26.6","","11.1","","37","","","","35","","27","","24.1","","99.61","","28","","","","Mostly Cloudy"
"-79.63","43.68","TORONTO INTL A","6158731","2023-05-12 17:00","2023","05","12","17:00","","25.1","","8.4","","34","","","","36","","29","","24.1","","99.65","","26","","","","NA"
"-79.63","43.68","TORONTO INTL A","6158731","2023-05-12 18:00","2023","05","12","18:00","","23.5","","7.9","","36","","","","36","","25","","24.1","","99.64","","","","","","NA"
"-79.63","43.68","TORONTO INTL A","6158731","2023-05-12 19:00","2023","05","12","19:00","","22.4","","8.3","","40","","","","1","","18","","24.1","","99.66","","","","","","Cloudy"
"-79.63","43.68","TORONTO INTL A","6158731","2023-05-12 20:00","2023","05","12","20:00","","21.2","","7.9","","42","","","","34","","19","","24.1","","99.70","","","","","","NA"
"-79.63","43.68","TORONTO INTL A","6158731","2023-05-12 21:00","2023","05","12","21:00","","20.1","","8.5","","47","","","","34","","19","","24.1","","99.72","","","","","","NA"
"-79.63","43.68","TORONTO INTL A","6158731","2023-05-12 22:00","2023","05","12","22:00","","19.1","","8.9","","51","","","","34","","13","","24.1","","99.75","","","","","","Mostly Cloudy"
"-79.63","43.68","TORONTO INTL A","6158731","2023-05-12 23:00","2023","05","12","23:00","","18.0","","9.3","","57","","","","36","","16","","24.1","","99.75","","","","","","NA"
"-79.63","43.68","TORONTO INTL A","6158731","2023-05-13 00:00","2023","05","13","00:00","","17.5","","9.5","","59","","","","35","","15","","24.1","","99.77","","","","","","NA"
"-79.63","43.68","TORONTO INTL A","6158731","2023-05-13 01:00","2023","05","13","01:00","","16.6","","9.4","","63","","","","36","","11","","24.1","","99.74","","","","","","Mostly Cloudy"
"-79.63","43.68","TORONTO INTL A","6158731","2023-05-13 02:00","2023","05","13","02:00","","14.7","","9.3","","70","","","","28","","8","","24.1","","99.80","","","","","","NA"
"-79.63","43.68","TORONTO INTL A","6158731","2023-05-13 03:00","2023","05","13","03:00","","15.6","","9.5","","66","","","","35","","10","","24.1","","99.86","","","","","","NA"
"-79.63","43.68","TORONTO INTL A","6158731","2023-05-13 04:00","2023","05","13","04:00","","14.8","","9.4","","70","","","","1","","7","","24.1","","99.91","","","","","","Mostly Cloudy"
"-79.63","43.68","TORONTO INTL A","6158731","2023-05-13 05:00","2023","05","13","05:00","","14.3","","9.6","","73","","","","1","","12","","24.1","","99.95","","","","","","NA"
"-79.63","43.68","TORONTO INTL A","6158731","2023-05-13 06:00","2023","05","13","06:00","","15.0","","9.5","","70","","","","2","","13","","24.1","","100.02","","","","","","NA"
"-79.63","43.68","TORONTO INTL A","6158731","2023-05-13 07:00","2023","05","13","07:00","","17.2","","7.5","","53","","","","6","","12","","24.1","","100.09","","","","","","Mostly Cloudy"
"-79.63","43.68","TORONTO INTL A","6158731","2023-05-13 08:00","2023","05","13","08:00","","18.4","","5.5","","42","","","","7","","16","","24.1","","100.13","","","","","","NA"
"-79.63","43.68","TORONTO INTL A","6158731","2023-05-13 09:00","2023","05","13","09:00","","19.6","","5.5","","39","","","","7","","12","","24.1","","100.13","","","","","","NA"
"-79.63","43.68","TORONTO INTL A","6158731","2023-05-13 10:00","2023","05","13","10:00","","19.8","","4.7","","37","","","","15","","19","","24.1","","100.13","","","","","","Mostly Cloudy"
"-79.63","43.68","TORONTO INTL A","6158731","2023-05-13 11:00","2023","05","13","11:00","","19.8","","5.6","","39","","","","17","","20","","24.1","","100.10","","","","","","NA"
"-79.63","43.68","TORONTO INTL A","6158731","2023-05-13 12:00","2023","05","13","12:00","","20.4","","6.3","","39","","","","16","","12","","24.1","","100.07","","","","","","NA"
"-79.63","43.68","TORONTO INTL A","6158731","2023-05-13 13:00","2023","05","13","13:00","","20.4","","5.0","","36","","","","19","","15","","24.1","","100.03","","","","","","Mostly Cloudy"
"-79.63","43.68","TORONTO INTL A","6158731","2023-05-13 14:00","2023","05","13","14:00","","21.8","","5.0","","33","","","","15","","8","","24.1","","100.01","","","","","","NA"
"-79.63","43.68","TORONTO INTL A","6158731","2023-05-13 15:00","2023","05","13","15:00","","21.6","","5.6","","35","","","","18","","11","","24.1","","100.01","","","","","","NA"
"-79.63","43.68","TORONTO INTL A","6158731","2023-05-13 16:00","2023","05","13","16:00","","22.6","","4.7","","31","","","","35","","19","","24.1","","100.03","","","","","","Mostly Cloudy"
"-79.63","43.68","TORONTO INTL A","6158731","2023-05-13 17:00","2023","05","13","17:00","","21.7","","0.6","","24","","","","35","","19","","24.1","","100.05","","","","","","NA"
"-79.63","43.68","TORONTO INTL A","6158731","2023-05-13 18:00","2023","05","13","18:00","","19.9","","1.5","","29","","","","35","","30","","24.1","","100.07","","","","","","NA"
"-79.63","43.68","TORONTO INTL A","6158731","2023-05-13 19:00","2023","05","13","19:00","","18.2","","1.5","","32","","","","34","","25","","24.1","","100.14","","","","","","Mostly Cloudy"
"-79.63","43.68","TORONTO INTL A","6158731","2023-05-13 20:00","2023","05","13","20:00","","16.7","","0.1","","32","","","","34","","20","","24.1","","100.20","","","","","","NA"
"-79.63","43.68","TORONTO INTL A","6158731","2023-05-13 21:00","2023","05","13","21:00","","15.2","","0.3","","36","","","","34","","20","","24.1","","100.29","","","","","","NA"
"-79.63","43.68","TORONTO INTL A","6158731","2023-05-13 22:00","2023","05","13","22:00","","13.8","","1.7","","44","","","","35","","23","","24.1","","100.32","","","","","","Mainly Clear"
"-79.63","43.68","TORONTO INTL A","6158731","2023-05-13 23:00","2023","05","13","23:00","","13.4","","0.9","","42","","","","1","","22","","24.1","","100.38","","","","","","NA"
"-79.63","43.68","TORONTO INTL A","6158731","2023-05-14 00:00","2023","05","14","00:00","","12.6","","0.9","","45","","","","36","","21","","24.1","","100.46","","","","","","NA"
"-79.63","43.68","TORONTO INTL A","6158731","2023-05-14 01:00","2023","05","14","01:00","","11.6","","0.9","","48","","","","36","","17","","24.1","","100.48","","","","","","Mainly Clear"
"-79.63","43.68","TORONTO INTL A","6158731","2023-05-14 02:00","2023","05","14","02:00","","10.6","","0.7","","50","","","","36","","14","","24.1","","100.51","","","","","","NA"
"-79.63","43.68","TORONTO INTL A","6158731","2023-05-14 03:00","2023","05","14","03:00","","10.1","","0.5","","51","","","","36","","16","","24.1","","100.57","","","","","","NA"
"-79.63","43.68","TORONTO INTL A","6158731","2023-05-14 04:00","2023","05","14","04:00","","9.4","","0.5","","53","","","","1","","17","","24.1","","100.66","","","","","","Mainly Clear"
"-79.63","43.68","TORONTO INTL A","6158731","2023-05-14 05:00","2023","05","14","05:00","","8.6","","0.5","","57","","","","1","","14","","24.1","","100.74","","","","","","NA"
"-79.63","43.68","TORONTO INTL A","6158731","2023-05-14 06:00","2023","05","14","06:00","","9.9","","0.5","","52","","","","3","","15","","24.1","","100.80","","","","","","NA"
"-79.63","43.68","TORONTO INTL A","6158731","2023-05-14 07:00","2023","05","14","07:00","","11.8","","0.5","","46","","","","3","","16","","24.1","","100.84","","","","","","Mainly Clear"
"-79.63","43.68","TORONTO INTL A","6158731","2023-05-14 08:00","2023","05","14","08:00","","12.5","","0.5","","44","","","","2","","15","","24.1","","100.85","","","","","","NA"
"-79.63","43.68","TORONTO INTL A","6158731","2023-05-14 09:00","2023","05","14","09:00","","13.4","","0.8","","42","","","","36","","17","","24.1","","100.85","","","","","","NA"
"-79.63","43.68","TORONTO INTL A","6158731","2023-05-14 10:00","2023","05","14","10:00","","14.5","","0.8","","39","","","","36","","9","","24.1","","100.82","","","","","","Mainly Clear"
"-79.63","43.68","TORONTO INTL A","6158731","2023-05-14 11:00","2023","05","14","11:00","","15.9","","1.2","","37","","","","1","","20","","24.1","","100.83","","","","","","NA"
"-79.63","43.68","TORONTO INTL A","6158731","2023-05-14 12:00","2023","05","14","12:00","","16.4","","-2.5","","27","","","","3","","23","","24.1","","100.79","","","","","","NA"
"-79.63","43.68","TORONTO INTL A","6158731","2023-05-14 13:00","2023","05","14","13:00","","15.7","","1.7","","39","","","","4","","8","","24.1","","100.80","","","","","","Mostly Cloudy"
"-79.63","43.68","TORONTO INTL A","6158731","2023-05-14 14:00","2023","05","14","14:00","","17.5","","-2.2","","26","","","","1","","19","","24.1","","100.78","","","","","","NA"
"-79.63","43.68","TORONTO INTL A","6158731","2023-05-14 15:00","2023","05","14","15:00","","17.1","","-1.4","","28","","","","3","","31","","24.1","","100.73","","","","","","NA"
"-79.63","43.68","TORONTO INTL A","6158731","2023-05-14 16:00","2023","05","14","16:00","","17.2","","-1.5","","28","","","","1","","24","","24.1","","100.70","","","","","","Mostly Cloudy"
"-79.63","43.68","TORONTO INTL A","6158731","2023-05-14 17:00","2023","05","14","17:00","","16.6","","0.4","","33","","","","34","","21","","24.1","","100.73","","","","","","NA"
"-79.63","43.68","TORONTO INTL A","6158731","2023-05-14 18:00","2023","05","14","18:00","","16.0","","-0.7","","32","","","","35","","18","","24.1","","100.72","","","","","","NA"
"-79.63","43.68","TORONTO INTL A","6158731","2023-05-14 19:00","2023","05","14","19:00","","15.2","","-1.4","","32","","","","34","","23","","24.1","","100.71","","","","","","Mostly Cloudy"
"-79.63","43.68","TORONTO INTL A","6158731","2023-05-14 20:00","2023","05","14","20:00","","13.5","","-4.8","","28","","","","36","","24","","24.1","","100.75","","","","","","NA"
"-79.63","43.68","TORONTO INTL A","6158731","2023-05-14 21:00","2023","05","14","21:00","","12.5","","-4.0","","31","","","","34","","17","","24.1","","100.77","","","","","","NA"
"-79.63","43.68","TORONTO INTL A","6158731","2023-05-14 22:00","2023","05","14","22:00","","11.3","","-3.4","","35","","","","35","","16","","24.1","","100.78","","","","","","Mainly Clear"
"-79.63","43.68","TORONTO INTL A","6158731","2023-05-14 23:00","2023","05","14","23:00","","10.5","","-2.5","","40","","","","34","","17","","24.1","","100.75","","","","","","NA"
"-79.63","43.68","TORONTO INTL A","6158731","2023-05-15 00:00","2023","05","15","00:00","","9.9","","-2.9","","40","","","","35","","24","","24.1","","100.74","","","","","","NA"
"-79.63","43.68","TORONTO INTL A","6158731","2023-05-15 01:00","2023","05","15","01:00","","9.1","","-2.8","","43","","","","35","","24","","24.1","","100.68","","","","","","Clear"
"-79.63","43.68","TORONTO INTL A","6158731","2023-05-15 02:00","2023","05","15","02:00","","8.1","","-1.9","","49","","","","36","","14","","24.1","","100.65","","","","","","NA"
"-79.63","43.68","TORONTO INTL A","6158731","2023-05-15 03:00","2023","05","15","03:00","","8.3","","-2.2","","48","","","","36","","16","","24.1","","100.66","","","","","","NA"
"-79.63","43.68","TORONTO INTL A","6158731","2023-05-15 04:00","2023","05","15","04:00","","8.3","","-2.7","","46","","","","34","","10","","24.1","","100.66","","","","","","Clear"
"-79.63","43.68","TORONTO INTL A","6158731","2023-05-15 05:00","2023","05","15","05:00","","7.6","","-3.2","","46","","","","34","","9","","24.1","","100.66","","","","","","NA"
"-79.63","43.68","TORONTO INTL A","6158731","2023-05-15 06:00","2023","05","15","06:00","","8.7","","-2.9","","44","","","","1","","4","","24.1","","100.63","","","","","","NA"
"-79.63","43.68","TORONTO INTL A","6158731","2023-05-15 07:00","2023","05","15","07:00","","11.8","","-2.4","","37","","","","34","","10","","24.1","","100.61","","","","","","Mainly Clear"
"-79.63","43.68","TORONTO INTL A","6158731","2023-05-15 08:00","2023","05","15","08:00","","14.9","","-2.4","","30","","","","32","","12","","24.1","","100.57","","","","","","NA"
"-79.63","43.68","TORONTO INTL A","6158731","2023-05-15 09:00","2023","05","15","09:00","","17.4","","-2.2","","26","","","","28","","12","","24.1","","100.54","","","","","","NA"
"-79.63","43.68","TORONTO INTL A","6158731","2023-05-15 10:00","2023","05","15","10:00","","18.8","","-1.5","","25","","","","29","","23","","24.1","","100.44","","","","","","Mainly Clear"
"-79.63","43.68","TORONTO INTL A","6158731","2023-05-15 11:00","2023","05","15","11:00","","19.6","","-0.4","","26","","","","28","","22","","24.1","","100.35","","","","","","NA"
"-79.63","43.68","TORONTO INTL A","6158731","2023-05-15 12:00","2023","05","15","12:00","","20.9","","-1.2","","22","","","","28","","23","","24.1","","100.22","","","","","","NA"
"-79.63","43.68","TORONTO INTL A","6158731","2023-05-15 13:00","2023","05","15","13:00","","21.6","","-1.7","","21","","","","30","","21","","24.1","","100.11","","","","","","Mostly Cloudy"
"-79.63","43.68","TORONTO INTL A","6158731","2023-05-15 14:00","2023","05","15","14:00","","22.1","","0.6","","24","","","","30","","24","","24.1","","100.00","","","","","","NA"
"-79.63","43.68","TORONTO INTL A","6158731","2023-05-15 15:00","2023","05","15","15:00","","22.5","","0.3","","23","","","","29","","23","","24.1","","99.90","","","","","","NA"
"-79.63","43.68","TORONTO INTL A","6158731","2023-05-15 16:00","2023","05","15","16:00","","22.2","","0.9","","24","","","","27","","24","","24.1","","99.81","","","","","","Mostly Cloudy"
"-79.63","43.68","TORONTO INTL A","6158731","2023-05-15 17:00","2023","05","15","17:00","","21.7","","-0.2","","23","","","","26","","25","","24.1","","99.73","","","","","","NA"
"-79.63","43.68","TORONTO INTL A","6158731","2023-05-15 18:00","2023","05","15","18:00","","20.6","","-1.2","","23","","","","28","","27","","24.1","","99.64","","","","","","NA"
"-79.63","43.68","TORONTO INTL A","6158731","2023-05-15 19:00","2023","05","15","19:00","","18.6","","-2.3","","24","","","","28","","22","","24.1","","99.60","","","","","","Mostly Cloudy"
"-79.63","43.68","TORONTO INTL A","6158731","2023-05-15 20:00","2023","05","15","20:00","","16.4","","-2.7","","27","","","","29","","14","","24.1","","99.57","","","","","","NA"
"-79.63","43.68","TORONTO INTL A","6158731","2023-05-15 21:00","2023","05","15","21:00","","14.4","","-0.8","","35","","","","26","","16","","24.1","","99.59","","","","","","NA"
"-79.63","43.68","TORONTO INTL A","6158731","2023-05-15 22:00","2023","05","15","22:00","","13.0","","-0.3","","40","","","","24","","14","","24.1","","99.50","","","","","","Mostly Cloudy"
"-79.63","43.68","TORONTO INTL A","6158731","2023-05-15 23:00","2023","05","15","23:00","","13.2","","-0.1","","40","","","","27","","18","","24.1","","99.41","","","","","","NA"
"-79.63","43.68","TORONTO INTL A","6158731","2023-05-16 00:00","2023","05","16","00:00","","11.1","","0.5","","48","","","","24","","11","","24.1","","99.34","","","","","","NA"
"-79.63","43.68","TORONTO INTL A","6158731","2023-05-16 01:00","2023","05","16","01:00","","12.6","","-0.1","","42","","","","22","","8","","24.1","","99.22","","","","","","Mainly Clear"
"-79.63","43.68","TORONTO INTL A","6158731","2023-05-16 02:00","2023","05","16","02:00","","12.5","","0.1","","42","","","","25","","8","","24.1","","99.12","","","","","","NA"
"-79.63","43.68","TORONTO INTL A","6158731","2023-05-16 03:00","2023","05","16","03:00","","11.2","","0.8","","49","","","","25","","12","","24.1","","99.03","","","","","","NA"
"-79.63","43.68","TORONTO INTL A","6158731","2023-05-16 04:00","2023","05","16","04:00","","10.1","","1.5","","55","","","","26","","11","","24.1","","98.96","","","","","","Mainly Clear"
"-79.63","43.68","TORONTO INTL A","6158731","2023-05-16 05:00","2023","05","16","05:00","","9.6","","1.7","","57","","","","26","","9","","24.1","","98.88","","","","","","NA"
"-79.63","43.68","TORONTO INTL A","6158731","2023-05-16 06:00","2023","05","16","06:00","","9.7","","2.6","","61","","","","24","","14","","24.1","","98.83","","","","","","NA"
"-79.63","43.68","TORONTO INTL A","6158731","2023-05-16 07:00","2023","05","16","07:00","","12.2","","3.1","","54","","","","26","","15","","24.1","","98.78","","","","","","Mostly Cloudy"
"-79.63","43.68","TORONTO INTL A","6158731","2023-05-16 08:00","2023","05","16","08:00","","15.3","","3.5","","45","","","","26","","21","","24.1","","98.67","","","","","","NA"
"-79.63","43.68","TORONTO INTL A","6158731","2023-05-16 09:00","2023","05","16","09:00","","18.2","","4.1","","39","","","","25","","15","","24.1","","98.54","","","","","","NA"
"-79.63","43.68","TORONTO INTL A","6158731","2023-05-16 10:00","2023","05","16","10:00","","20.0","","5.8","","39","","","","26","","28","","24.1","","98.41","","","","","","Mostly Cloudy"
"-79.63","43.68","TORONTO INTL A","6158731","2023-05-16 11:00","2023","05","16","11:00","","21.2","","6.4","","38","","","","26","","29","","24.1","","98.31","","","","","","NA"
"-79.63","43.68","TORONTO INTL A","6158731","2023-05-16 12:00","2023","05","16","12:00","","22.1","","5.6","","34","","","","24","","35","","24.1","","98.19","","","","","","NA"
"-79.63","43.68","TORONTO INTL A","6158731","2023-05-16 13:00","2023","05","16","13:00","","23.1","","5.4","","31","","","","28","","33","","24.1","","98.14","","","","","","Cloudy"
"-79.63","43.68","TORONTO INTL A","6158731","2023-05-16 14:00","2023","05","16","14:00","","23.9","","6.3","","32","","","","27","","34","","24.1","","98.07","","","","","","NA"
"-79.63","43.68","TORONTO INTL A","6158731","2023-05-16 15:00","2023","05","16","15:00","","19.6","","6.4","","42","","","","35","","23","","24.1","","98.17","","","","","","NA"
"-79.63","43.68","TORONTO INTL A","6158731","2023-05-16 16:00","2023","05","16","16:00","","18.3","","5.3","","42","","","","34","","36","","24.1","","98.27","","","","","","Cloudy"
"-79.63","43.68","TORONTO INTL A","6158731","2023-05-16 17:00","2023","05","16","17:00","","16.8","","4.6","","44","","","","35","","39","","24.1","","98.36","","","","","","NA"
"-79.63","43.68","TORONTO INTL A","6158731","2023-05-16 18:00","2023","05","16","18:00","","15.7","","6.0","","52","","","","34","","38","","24.1","","98.38","","","","","","NA"
"-79.63","43.68","TORONTO INTL A","6158731","2023-05-16 19:00","2023","05","16","19:00","","13.5","","5.4","","58","","","","34","","27","","24.1","","98.47","","","","","","Mainly Clear"
"-79.63","43.68","TORONTO INTL A","6158731","2023-05-16 20:00","2023","05","16","20:00","","10.9","","3.3","","59","","","","33","","34","","24.1","","98.59","","","","","","NA"
"-79.63","43.68","TORONTO INTL A","6158731","2023-05-16 21:00","2023","05","16","21:00","","9.3","","2.8","","64","","","","34","","29","","24.1","","98.72","","","","","","NA"
"-79.63","43.68","TORONTO INTL A","6158731","2023-05-16 22:00","2023","05","16","22:00","","8.4","","2.3","","65","","","","36","","23","","24.1","","98.82","","","","","","Mainly Clear"
"-79.63","43.68","TORONTO INTL A","6158731","2023-05-16 23:00","2023","05","16","23:00","","7.2","","0.1","","61","","","","36","","31","","24.1","","98.90","","","","","","NA"
"-79.63","43.68","TORONTO INTL A","6158731","2023-05-17 00:00","2023","05","17","00:00","","5.9","","-1.2","","60","","","","1","","22","","24.1","","98.99","","","","","","NA"
"-79.63","43.68","TORONTO INTL A","6158731","2023-05-17 01:00","2023","05","17","01:00","","5.1","","-1.8","","61","","","","1","","27","","24.1","","99.04","","","","","","Clear"
"-79.63","43.68","TORONTO INTL A","6158731","2023-05-17 02:00","2023","05","17","02:00","","3.8","","-1.7","","67","","","","36","","22","","24.1","","99.08","","","","","","NA"
"-79.63","43.68","TORONTO INTL A","6158731","2023-05-17 03:00","2023","05","17","03:00","","2.7","","-2.4","","69","","","","35","","24","","24.1","","99.16","","","","","","NA"
"-79.63","43.68","TORONTO INTL A","6158731","2023-05-17 04:00","2023","05","17","04:00","","1.7","","-3.6","","68","","","","36","","21","","24.1","","99.25","","","","","","Clear"
"-79.63","43.68","TORONTO INTL A","6158731","2023-05-17 05:00","2023","05","17","05:00","","1.1","","-3.8","","70","","","","36","","20","","24.1","","99.34","","","","","","NA"
"-79.63","43.68","TORONTO INTL A","6158731","2023-05-17 06:00","2023","05","17","06:00","","1.8","","-3.7","","67","","","","36","","17","","24.1","","99.45","","","","","","NA"
"-79.63","43.68","TORONTO INTL A","6158731","2023-05-17 07:00","2023","05","17","07:00","","3.0","","-3.8","","61","","","","36","","18","","24.1","","99.51","","","","","","Mainly Clear"
"-79.63","43.68","TORONTO INTL A","6158731","2023-05-17 08:00","2023","05","17","08:00","","3.8","","-3.7","","58","","","","34","","14","","24.1","","99.60","","","","","","NA"
"-79.63","43.68","TORONTO INTL A","6158731","2023-05-17 09:00","2023","05","17","09:00","","5.3","","-3.3","","54","","","","3","","12","","24.1","","99.64","","","","","","NA"
"-79.63","43.68","TORONTO INTL A","6158731","2023-05-17 10:00","2023","05","17","10:00","","6.3","","-2.5","","53","","","","30","","18","","24.1","","99.66","","","","","","Mainly Clear"
"-79.63","43.68","TORONTO INTL A","6158731","2023-05-17 11:00","2023","05","17","11:00","","7.0","","-3.7","","47","","","","36","","11","","24.1","","99.74","","","","","","NA"
"-79.63","43.68","TORONTO INTL A","6158731","2023-05-17 12:00","2023","05","17","12:00","","8.2","","-4.0","","42","","","","5","","12","","24.1","","99.69","","","","","","NA"
"-79.63","43.68","TORONTO INTL A","6158731","2023-05-17 13:00","2023","05","17","13:00","","10.7","","-2.8","","39","","","","35","","20","","24.1","","99.66","","","","","","Mainly Clear"
"-79.63","43.68","TORONTO INTL A","6158731","2023-05-17 14:00","2023","05","17","14:00","","10.6","","-3.0","","38","","","","33","","9","","24.1","","99.65","","","","","","NA"
"-79.63","43.68","TORONTO INTL A","6158731","2023-05-17 15:00","2023","05","17","15:00","","10.8","","-7.1","","28","","","","33","","16","","24.1","","99.66","","","","","","NA"
"-79.63","43.68","TORONTO INTL A","6158731","2023-05-17 16:00","2023","05","17","16:00","","11.0","","-5.3","","31","","","","33","","20","","22.5","","99.67","","","","","","Mostly Cloudy"
"-79.63","43.68","TORONTO INTL A","6158731","2023-05-17 17:00","2023","05","17","17:00","","10.7","","-6.7","","29","","","","32","","11","","24.1","","99.69","","","","","","NA"
"-79.63","43.68","TORONTO INTL A","6158731","2023-05-17 18:00","2023","05","17","18:00","","10.3","","-5.8","","32","","","","36","","13","","24.1","","99.70","","","","","","NA"
"-79.63","43.68","TORONTO INTL A","6158731","2023-05-17 19:00","2023","05","17","19:00","","8.8","","-6.2","","34","","","","3","","17","","24.1","","99.74","","","","","","Mainly Clear"
"-79.63","43.68","TORONTO INTL A","6158731","2023-05-17 20:00","2023","05","17","20:00","","7.5","","-6.5","","36","","","","1","","13","","24.1","","99.80","","","","","","NA"
"-79.63","43.68","TORONTO INTL A","6158731","2023-05-17 21:00","2023","05","17","21:00","","6.5","","-2.9","","51","","","","36","","14","","24.1","","99.89","","","","","","NA"
"-79.63","43.68","TORONTO INTL A","6158731","2023-05-17 22:00","2023","05","17","22:00","","5.2","","-2.4","","58","","","","36","","19","","24.1","","99.96","","","","","","Clear"
"-79.63","43.68","TORONTO INTL A","6158731","2023-05-17 23:00","2023","05","17","23:00","","4.2","","-2.9","","60","","","","36","","20","","24.1","","100.04","","","","","","NA"
"-79.63","43.68","TORONTO INTL A","6158731","2023-05-18 00:00","2023","05","18","00:00","","3.2","","-3.3","","62","","","","34","","10","","24.1","","100.08","","","","","","NA"
"-79.63","43.68","TORONTO INTL A","6158731","2023-05-18 01:00","2023","05","18","01:00","","3.1","","-3.5","","62","","","","34","","11","","24.1","","100.09","","","","","","Mainly Clear"
"-79.63","43.68","TORONTO INTL A","6158731","2023-05-18 02:00","2023","05","18","02:00","","2.6","","-3.6","","63","","","","35","","10","","24.1","","100.08","","","","","","NA"
"-79.63","43.68","TORONTO INTL A","6158731","2023-05-18 03:00","2023","05","18","03:00","","2.1","","-3.5","","66","","","","34","","8","","24.1","","100.10","","","","","","NA"
"-79.63","43.68","TORONTO INTL A","6158731","2023-05-18 04:00","2023","05","18","04:00","","1.5","","-3.6","","69","","","","36","","9","","24.1","","100.15","","","","","","Mainly Clear"
"-79.63","43.68","TORONTO INTL A","6158731","2023-05-18 05:00","2023","05","18","05:00","","2.3","","-3.7","","65","","","","35","","3","","24.1","","100.18","","","","","","NA"
"-79.63","43.68","TORONTO INTL A","6158731","2023-05-18 06:00","2023","05","18","06:00","","3.5","","-3.1","","62","","","","","","0","","24.1","","100.23","","","","","","NA"
"-79.63","43.68","TORONTO INTL A","6158731","2023-05-18 07:00","2023","05","18","07:00","","5.5","","-2.7","","55","","","","36","","3","","24.1","","100.28","","","","","","Clear"
"-79.63","43.68","TORONTO INTL A","6158731","2023-05-18 08:00","2023","05","18","08:00","","8.3","","-1.5","","50","","","","8","","3","","24.1","","100.31","","","","","","NA"
"-79.63","43.68","TORONTO INTL A","6158731","2023-05-18 09:00","2023","05","18","09:00","","10.2","","-2.6","","40","","","","11","","8","","24.1","","100.31","","","","","","NA"
"-79.63","43.68","TORONTO INTL A","6158731","2023-05-18 10:00","2023","05","18","10:00","","11.7","","-2.8","","36","","","","17","","14","","24.1","","100.31","","","","","","Clear"
"-79.63","43.68","TORONTO INTL A","6158731","2023-05-18 11:00","2023","05","18","11:00","","11.1","","-3.0","","37","","","","14","","16","","24.1","","100.33","","","","","","NA"
"-79.63","43.68","TORONTO INTL A","6158731","2023-05-18 12:00","2023","05","18","12:00","","12.6","","-1.0","","39","","","","15","","14","","24.1","","100.29","","","","","","NA"
"-79.63","43.68","TORONTO INTL A","6158731","2023-05-18 13:00","2023","05","18","13:00","","12.9","","-4.5","","29","","","","14","","14","","24.1","","100.24","","","","","","Mainly Clear"
"-79.63","43.68","TORONTO INTL A","6158731","2023-05-18 14:00","2023","05","18","14:00","","13.2","","-4.1","","30","","","","11","","11","","24.1","","100.19","","","","","","NA"
"-79.63","43.68","TORONTO INTL A","6158731","2023-05-18 15:00","2023","05","18","15:00","","13.9","","-3.3","","30","","","","13","","11","","24.1","","100.13","","","","","","NA"
"-79.63","43.68","TORONTO INTL A","6158731","2023-05-18 16:00","2023","05","18","16:00","","13.5","","-3.4","","31","","","","12","","7","","24.1","","100.08","","","","","","Mostly Cloudy"
"-79.63","43.68","TORONTO INTL A","6158731","2023-05-18 17:00","2023","05","18","17:00","","13.6","","-3.2","","31","","","","14","","12","","24.1","","100.05","","","","","","NA"
"-79.63","43.68","TORONTO INTL A","6158731","2023-05-18 18:00","2023","05","18","18:00","","11.9","","-3.6","","34","","","","16","","9","","24.1","","100.02","","","","","","NA"
"-79.63","43.68","TORONTO INTL A","6158731","2023-05-18 19:00","2023","05","18","19:00","","10.4","","-3.3","","38","","","","17","","10","","24.1","","99.99","","","","","","Mostly Cloudy"
"-79.63","43.68","TORONTO INTL A","6158731","2023-05-18 20:00","2023","05","18","20:00","","9.4","","-5.0","","36","","","","13","","9","","24.1","","99.99","","","","","","NA"
"-79.63","43.68","TORONTO INTL A","6158731","2023-05-18 21:00","2023","05","18","21:00","","8.9","","-3.7","","41","","","","16","","7","","24.1","","100.01","","","","","","NA"
"-79.63","43.68","TORONTO INTL A","6158731","2023-05-18 22:00","2023","05","18","22:00","","8.9","","-3.5","","42","","","","10","","4","","24.1","","99.99","","","","","","Cloudy"
"-79.63","43.68","TORONTO INTL A","6158731","2023-05-18 23:00","2023","05","18","23:00","","8.7","","-4.3","","40","","","","","","0","","24.1","","99.94","","","","","","NA"
"-79.63","43.68","TORONTO INTL A","6158731","2023-05-19 00:00","2023","05","19","00:00","","8.6","","-3.2","","43","","","","15","","4","","24.1","","99.89","","","","","","NA"
"-79.63","43.68","TORONTO INTL A","6158731","2023-05-19 01:00","2023","05","19","01:00","","8.0","","-2.4","","48","","","","","","0","","24.1","","99.81","","","","","","Mostly Cloudy"
"-79.63","43.68","TORONTO INTL A","6158731","2023-05-19 02:00","2023","05","19","02:00","","7.9","","-2.3","","48","","","","9","","3","","24.1","","99.73","","","","","","NA"
"-79.63","43.68","TORONTO INTL A","6158731","2023-05-19 03:00","2023","05","19","03:00","","7.3","","-2.3","","50","","","","5","","4","","24.1","","99.68","","","","","","NA"
"-79.63","43.68","TORONTO INTL A","6158731","2023-05-19 04:00","2023","05","19","04:00","","7.8","","-1.4","","52","","","","13","","3","","24.1","","99.67","","","","","","Mostly Cloudy"
"-79.63","43.68","TORONTO INTL A","6158731","2023-05-19 05:00","2023","05","19","05:00","","8.0","","-0.3","","56","","","","36","","3","","24.1","","99.66","","","","","","NA"
"-79.63","43.68","TORONTO INTL A","6158731","2023-05-19 06:00","2023","05","19","06:00","","8.1","","0.6","","59","","","","10","","3","","24.1","","99.67","","","","","","NA"
"-79.63","43.68","TORONTO INTL A","6158731","2023-05-19 07:00","2023","05","19","07:00","","9.4","","3.5","","66","","","","13","","5","","24.1","","99.69","","","","","","Mainly Clear"
"-79.63","43.68","TORONTO INTL A","6158731","2023-05-19 08:00","2023","05","19","08:00","","12.1","","5.6","","64","","","","22","","4","","24.1","","99.66","","","","","","NA"
"-79.63","43.68","TORONTO INTL A","6158731","2023-05-19 09:00","2023","05","19","09:00","","15.4","","8.1","","62","","","","16","","9","","24.1","","99.65","","","","","","NA"
"-79.63","43.68","TORONTO INTL A","6158731","2023-05-19 10:00","2023","05","19","10:00","","17.0","","9.5","","61","","","","19","","12","","24.1","","99.62","","","","","","Mostly Cloudy"
"-79.63","43.68","TORONTO INTL A","6158731","2023-05-19 11:00","2023","05","19","11:00","","17.6","","9.7","","59","","","","16","","14","","24.1","","99.59","","","","","","NA"
"-79.63","43.68","TORONTO INTL A","6158731","2023-05-19 12:00","2023","05","19","12:00","","18.5","","10.9","","61","","","","16","","14","","24.1","","99.54","","","","","","NA"
"-79.63","43.68","TORONTO INTL A","6158731","2023-05-19 13:00","2023","05","19","13:00","","20.0","","12.2","","60","","","","17","","16","","24.1","","99.47","","","","","","Mostly Cloudy"
"-79.63","43.68","TORONTO INTL A","6158731","2023-05-19 14:00","2023","05","19","14:00","","20.9","","11.8","","56","","","","18","","22","","24.1","","99.45","","","","","","NA"
"-79.63","43.68","TORONTO INTL A","6158731","2023-05-19 15:00","2023","05","19","15:00","","21.6","","12.0","","54","","","","16","","28","","24.1","","99.38","","","","","","NA"
"-79.63","43.68","TORONTO INTL A","6158731","2023-05-19 16:00","2023","05","19","16:00","","21.5","","12.3","","55","","","","17","","28","","19.3","","99.39","","","","","","Cloudy"
"-79.63","43.68","TORONTO INTL A","6158731","2023-05-19 17:00","2023","05","19","17:00","","20.3","","12.9","","62","","","","19","","20","","24.1","","99.37","","","","","","NA"
"-79.63","43.68","TORONTO INTL A","6158731","2023-05-19 18:00","2023","05","19","18:00","","20.3","","13.0","","63","","","","20","","15","","24.1","","99.36","","","","","","NA"
"-79.63","43.68","TORONTO INTL A","6158731","2023-05-19 19:00","2023","05","19","19:00","","20.0","","13.3","","65","","","","20","","13","","24.1","","99.35","","","","","","Cloudy"
"-79.63","43.68","TORONTO INTL A","6158731","2023-05-19 20:00","2023","05","19","20:00","","18.8","","13.9","","73","","","","13","","7","","19.3","","99.34","","","","","","Rain"
"-79.63","43.68","TORONTO INTL A","6158731","2023-05-19 21:00","2023","05","19","21:00","","18.2","","13.4","","73","","","","15","","7","","24.1","","99.34","","","","","","NA"
"-79.63","43.68","TORONTO INTL A","6158731","2023-05-19 22:00","2023","05","19","22:00","","16.3","","13.7","","84","","","","11","","4","","16.1","","99.36","","","","","","Rain"
"-79.63","43.68","TORONTO INTL A","6158731","2023-05-19 23:00","2023","05","19","23:00","","15.5","","15.1","","97","","","","2","","5","","16.1","","99.30","","","","","","Rain"
"-79.63","43.68","TORONTO INTL A","6158731","2023-05-20 00:00","2023","05","20","00:00","","15.6","","15.5","","99","","","","9","","5","","9.7","","99.27","","","","","","Moderate Rain,Fog"
"-79.63","43.68","TORONTO INTL A","6158731","2023-05-20 01:00","2023","05","20","01:00","","15.5","","15.5","","100","","","","11","","15","","9.7","","99.19","","","","","","Rain,Fog"
"-79.63","43.68","TORONTO INTL A","6158731","2023-05-20 02:00","2023","05","20","02:00","","15.3","","15.3","","100","","","","13","","10","","9.7","","99.14","","","","","","Rain,Fog"
"-79.63","43.68","TORONTO INTL A","6158731","2023-05-20 03:00","2023","05","20","03:00","","14.2","","14.2","","100","","","","14","","12","","9.7","","99.11","","","","","","Rain,Fog"
"-79.63","43.68","TORONTO INTL A","6158731","2023-05-20 04:00","2023","05","20","04:00","","14.1","","14.1","","100","","","","16","","7","","4.0","","99.07","","","","","","Rain,Fog"
"-79.63","43.68","TORONTO INTL A","6158731","2023-05-20 05:00","2023","05","20","05:00","","13.7","","13.7","","100","","","","17","","6","","4.0","","99.11","","","","","","Rain,Fog"
"-79.63","43.68","TORONTO INTL A","6158731","2023-05-20 06:00","2023","05","20","06:00","","14.1","","14.1","","100","","","","","","0","","4.8","","99.12","","","","","","Rain,Fog"
"-79.63","43.68","TORONTO INTL A","6158731","2023-05-20 07:00","2023","05","20","07:00","","14.3","","14.3","","100","","","","21","","7","","6.4","","99.13","","","","","","Rain,Fog"
"-79.63","43.68","TORONTO INTL A","6158731","2023-05-20 08:00","2023","05","20","08:00","","14.3","","14.3","","100","","","","17","","6","","6.4","","99.13","","","","","","Rain,Fog"
"-79.63","43.68","TORONTO INTL A","6158731","2023-05-20 09:00","2023","05","20","09:00","","14.5","","14.3","","98","","","","23","","9","","8.1","","99.16","","","","","","Rain,Fog"
"-79.63","43.68","TORONTO INTL A","6158731","2023-05-20 10:00","2023","05","20","10:00","","14.0","","13.1","","94","","","","24","","12","","8.1","","99.19","","","","","","Rain,Fog"
"-79.63","43.68","TORONTO INTL A","6158731","2023-05-20 11:00","2023","05","20","11:00","","14.1","","13.3","","95","","","","25","","14","","12.9","","99.18","","","","","","NA"
"-79.63","43.68","TORONTO INTL A","6158731","2023-05-20 12:00","2023","05","20","12:00","","14.8","","12.0","","83","","","","27","","17","","19.3","","99.15","","","","","","NA"
"-79.63","43.68","TORONTO INTL A","6158731","2023-05-20 13:00","2023","05","20","13:00","","15.1","","10.4","","73","","","","28","","22","","19.3","","99.16","","","","","","Cloudy"
"-79.63","43.68","TORONTO INTL A","6158731","2023-05-20 14:00","2023","05","20","14:00","","16.1","","7.5","","57","","","","27","","23","","24.1","","99.19","","","","","","NA"
"-79.63","43.68","TORONTO INTL A","6158731","2023-05-20 15:00","2023","05","20","15:00","","15.3","","7.2","","58","","","","26","","21","","24.1","","99.15","","","","","","NA"
"-79.63","43.68","TORONTO INTL A","6158731","2023-05-20 16:00","2023","05","20","16:00","","14.0","","7.1","","63","","","","26","","26","","24.1","","99.22","","","","","","Cloudy"
"-79.63","43.68","TORONTO INTL A","6158731","2023-05-20 17:00","2023","05","20","17:00","","13.5","","5.7","","59","","","","28","","32","","24.1","","99.22","","","","","","NA"
"-79.63","43.68","TORONTO INTL A","6158731","2023-05-20 18:00","2023","05","20","18:00","","12.3","","7.2","","71","","","","26","","26","","24.1","","99.24","","","","","","NA"
"-79.63","43.68","TORONTO INTL A","6158731","2023-05-20 19:00","2023","05","20","19:00","","11.7","","7.3","","74","","","","26","","35","","24.1","","99.24","","","","","","Cloudy"
"-79.63","43.68","TORONTO INTL A","6158731","2023-05-20 20:00","2023","05","20","20:00","","11.6","","7.4","","75","","","","28","","24","","24.1","","99.25","","","","","","NA"
"-79.63","43.68","TORONTO INTL A","6158731","2023-05-20 21:00","2023","05","20","21:00","","11.1","","7.8","","80","","","","28","","16","","24.1","","99.30","","","","","","NA"
"-79.63","43.68","TORONTO INTL A","6158731","2023-05-20 22:00","2023","05","20","22:00","","11.2","","7.9","","80","","","","27","","18","","24.1","","99.28","","","","","","Mostly Cloudy"
"-79.63","43.68","TORONTO INTL A","6158731","2023-05-20 23:00","2023","05","20","23:00","","11.2","","8.2","","82","","","","25","","19","","24.1","","99.29","","","","","","NA"
"-79.63","43.68","TORONTO INTL A","6158731","2023-05-21 00:00","2023","05","21","00:00","","12.0","","8.9","","81","","","","28","","18","","24.1","","99.32","","","","","","NA"
"-79.63","43.68","TORONTO INTL A","6158731","2023-05-21 01:00","2023","05","21","01:00","","11.7","","8.0","","78","","","","28","","23","","24.1","","99.34","","","","","","Mostly Cloudy"
"-79.63","43.68","TORONTO INTL A","6158731","2023-05-21 02:00","2023","05","21","02:00","","10.5","","8.0","","85","","","","28","","14","","24.1","","99.34","","","","","","NA"
"-79.63","43.68","TORONTO INTL A","6158731","2023-05-21 03:00","2023","05","21","03:00","","10.0","","7.8","","86","","","","27","","16","","24.1","","99.32","","","","","","NA"
"-79.63","43.68","TORONTO INTL A","6158731","2023-05-21 04:00","2023","05","21","04:00","","9.4","","6.4","","82","","","","25","","8","","24.1","","99.33","","","","","","Mainly Clear"
"-79.63","43.68","TORONTO INTL A","6158731","2023-05-21 05:00","2023","05","21","05:00","","10.3","","5.7","","73","","","","28","","16","","24.1","","99.34","","","","","","NA"
"-79.63","43.68","TORONTO INTL A","6158731","2023-05-21 06:00","2023","05","21","06:00","","12.1","","5.7","","65","","","","31","","19","","24.1","","99.41","","","","","","NA"
"-79.63","43.68","TORONTO INTL A","6158731","2023-05-21 07:00","2023","05","21","07:00","","13.6","","6.1","","60","","","","30","","22","","24.1","","99.49","","","","","","Mainly Clear"
"-79.63","43.68","TORONTO INTL A","6158731","2023-05-21 08:00","2023","05","21","08:00","","15.2","","6.7","","57","","","","30","","21","","24.1","","99.52","","","","","","NA"
"-79.63","43.68","TORONTO INTL A","6158731","2023-05-21 09:00","2023","05","21","09:00","","17.0","","7.5","","53","","","","29","","22","","24.1","","99.55","","","","","","NA"
"-79.63","43.68","TORONTO INTL A","6158731","2023-05-21 10:00","2023","05","21","10:00","","19.1","","8.4","","50","","","","31","","18","","24.1","","99.57","","","","","","Cloudy"
"-79.63","43.68","TORONTO INTL A","6158731","2023-05-21 11:00","2023","05","21","11:00","","20.5","","9.7","","50","","","","29","","8","","24.1","","99.58","","","","","","NA"
"-79.63","43.68","TORONTO INTL A","6158731","2023-05-21 12:00","2023","05","21","12:00","","21.3","","8.3","","43","","","","30","","14","","24.1","","99.58","","","","","","NA"
"-79.63","43.68","TORONTO INTL A","6158731","2023-05-21 13:00","2023","05","21","13:00","","22.5","","10.0","","45","","","","29","","11","","24.1","","99.56","","","","","","Cloudy"
"-79.63","43.68","TORONTO INTL A","6158731","2023-05-21 14:00","2023","05","21","14:00","","23.2","","8.8","","39","","","","30","","23","","24.1","","99.55","","","","","","NA"
"-79.63","43.68","TORONTO INTL A","6158731","2023-05-21 15:00","2023","05","21","15:00","","23.5","","8.8","","39","","","","32","","20","","24.1","","99.56","","","","","","NA"
"-79.63","43.68","TORONTO INTL A","6158731","2023-05-21 16:00","2023","05","21","16:00","","23.9","","8.5","","37","","","","32","","21","","24.1","","99.58","","25","","","","Cloudy"
"-79.63","43.68","TORONTO INTL A","6158731","2023-05-21 17:00","2023","05","21","17:00","","23.4","","6.6","","34","","","","30","","23","","24.1","","99.60","","","","","","NA"
"-79.63","43.68","TORONTO INTL A","6158731","2023-05-21 18:00","2023","05","21","18:00","","21.0","","11.2","","53","","","","35","","23","","24.1","","99.64","","","","","","NA"
"-79.63","43.68","TORONTO INTL A","6158731","2023-05-21 19:00","2023","05","21","19:00","","17.8","","9.7","","59","","","","35","","26","","24.1","","99.70","","","","","","Mainly Clear"
"-79.63","43.68","TORONTO INTL A","6158731","2023-05-21 20:00","2023","05","21","20:00","","15.5","","9.3","","67","","","","35","","26","","24.1","","99.78","","","","","","NA"
"-79.63","43.68","TORONTO INTL A","6158731","2023-05-21 21:00","2023","05","21","21:00","","14.5","","7.8","","64","","","","35","","21","","24.1","","99.84","","","","","","NA"
"-79.63","43.68","TORONTO INTL A","6158731","2023-05-21 22:00","2023","05","21","22:00","","13.3","","8.4","","72","","","","35","","18","","24.1","","99.89","","","","","","Mainly Clear"
"-79.63","43.68","TORONTO INTL A","6158731","2023-05-21 23:00","2023","05","21","23:00","","12.2","","8.2","","76","","","","36","","19","","24.1","","99.95","","","","","","NA"
"-79.63","43.68","TORONTO INTL A","6158731","2023-05-22 00:00","2023","05","22","00:00","","11.5","","7.8","","78","","","","35","","19","","24.1","","100.01","","","","","","NA"
"-79.63","43.68","TORONTO INTL A","6158731","2023-05-22 01:00","2023","05","22","01:00","","11.1","","7.5","","78","","","","35","","13","","24.1","","100.04","","","","","","Clear"
"-79.63","43.68","TORONTO INTL A","6158731","2023-05-22 02:00","2023","05","22","02:00","","10.4","","7.3","","81","","","","36","","12","","24.1","","100.05","","","","","","NA"
"-79.63","43.68","TORONTO INTL A","6158731","2023-05-22 03:00","2023","05","22","03:00","","9.6","","7.1","","84","","","","36","","11","","24.1","","100.10","","","","","","NA"
"-79.63","43.68","TORONTO INTL A","6158731","2023-05-22 04:00","2023","05","22","04:00","","9.3","","7.0","","85","","","","1","","11","","24.1","","100.16","","","","","","Mainly Clear"
"-79.63","43.68","TORONTO INTL A","6158731","2023-05-22 05:00","2023","05","22","05:00","","8.9","","6.5","","85","","","","1","","9","","24.1","","100.20","","","","","","NA"
"-79.63","43.68","TORONTO INTL A","6158731","2023-05-22 06:00","2023","05","22","06:00","","10.0","","5.8","","75","","","","3","","10","","24.1","","100.28","","","","","","NA"
"-79.63","43.68","TORONTO INTL A","6158731","2023-05-22 07:00","2023","05","22","07:00","","11.5","","2.0","","52","","","","6","","14","","24.1","","100.35","","","","","","Cloudy"
"-79.63","43.68","TORONTO INTL A","6158731","2023-05-22 08:00","2023","05","22","08:00","","12.7","","-0.5","","40","","","","7","","14","","24.1","","100.41","","","","","","NA"
"-79.63","43.68","TORONTO INTL A","6158731","2023-05-22 09:00","2023","05","22","09:00","","14.1","","-0.6","","36","","","","8","","13","","24.1","","100.42","","","","","","NA"
"-79.63","43.68","TORONTO INTL A","6158731","2023-05-22 10:00","2023","05","22","10:00","","14.7","","-1.0","","34","","","","8","","18","","24.1","","100.43","","","","","","Cloudy"
"-79.63","43.68","TORONTO INTL A","6158731","2023-05-22 11:00","2023","05","22","11:00","","14.6","","1.1","","40","","","","14","","16","","24.1","","100.46","","","","","","NA"
"-79.63","43.68","TORONTO INTL A","6158731","2023-05-22 12:00","2023","05","22","12:00","","15.4","","2.1","","40","","","","14","","15","","24.1","","100.46","","","","","","NA"
"-79.63","43.68","TORONTO INTL A","6158731","2023-05-22 13:00","2023","05","22","13:00","","15.2","","1.3","","39","","","","12","","13","","24.1","","100.46","","","","","","Cloudy"
"-79.63","43.68","TORONTO INTL A","6158731","2023-05-22 14:00","2023","05","22","14:00","","15.7","","0.4","","35","","","","13","","14","","24.1","","100.42","","","","","","NA"
"-79.63","43.68","TORONTO INTL A","6158731","2023-05-22 15:00","2023","05","22","15:00","","16.4","","1.8","","37","","","","15","","15","","24.1","","100.37","","","","","","NA"
"-79.63","43.68","TORONTO INTL A","6158731","2023-05-22 16:00","2023","05","22","16:00","","15.8","","-0.2","","34","","","","15","","12","","24.1","","100.34","","","","","","Cloudy"
"-79.63","43.68","TORONTO INTL A","6158731","2023-05-22 17:00","2023","05","22","17:00","","15.3","","-0.2","","35","","","","14","","15","","24.1","","100.35","","","","","","NA"
"-79.63","43.68","TORONTO INTL A","6158731","2023-05-22 18:00","2023","05","22","18:00","","14.9","","0.4","","37","","","","15","","10","","24.1","","100.34","","","","","","NA"
"-79.63","43.68","TORONTO INTL A","6158731","2023-05-22 19:00","2023","05","22","19:00","","14.1","","-1.2","","35","","","","17","","9","","24.1","","100.35","","","","","","Cloudy"
"-79.63","43.68","TORONTO INTL A","6158731","2023-05-22 20:00","2023","05","22","20:00","","13.4","","-1.7","","35","","","","15","","5","","24.1","","100.37","","","","","","NA"
"-79.63","43.68","TORONTO INTL A","6158731","2023-05-22 21:00","2023","05","22","21:00","","13.1","","-1.6","","36","","","","15","","3","","24.1","","100.42","","","","","","NA"
"-79.63","43.68","TORONTO INTL A","6158731","2023-05-22 22:00","2023","05","22","22:00","","12.8","","-0.7","","39","","","","10","","3","","24.1","","100.41","","","","","","Clear"
"-79.63","43.68","TORONTO INTL A","6158731","2023-05-22 23:00","2023","05","22","23:00","","12.7","","0.3","","42","","","","4","","4","","24.1","","100.39","","","","","","NA"
"-79.63","43.68","TORONTO INTL A","6158731","2023-05-23 00:00","2023","05","23","00:00","","12.1","","0.5","","45","","","","5","","6","","24.1","","100.38","","","","","","NA"
"-79.63","43.68","TORONTO INTL A","6158731","2023-05-23 01:00","2023","05","23","01:00","","11.4","","0.6","","47","","","","8","","5","","24.1","","100.36","","","","","","Clear"
"-79.63","43.68","TORONTO INTL A","6158731","2023-05-23 02:00","2023","05","23","02:00","","10.7","","1.3","","52","","","","8","","8","","24.1","","100.34","","","","","","NA"
"-79.63","43.68","TORONTO INTL A","6158731","2023-05-23 03:00","2023","05","23","03:00","","10.2","","1.7","","55","","","","5","","5","","24.1","","100.33","","","","","","NA"
"-79.63","43.68","TORONTO INTL A","6158731","2023-05-23 04:00","2023","05","23","04:00","","9.1","","2.4","","63","","","","2","","9","","24.1","","100.35","","","","","","Clear"
"-79.63","43.68","TORONTO INTL A","6158731","2023-05-23 05:00","2023","05","23","05:00","","9.2","","2.8","","64","","","","3","","8","","24.1","","100.37","","","","","","NA"
"-79.63","43.68","TORONTO INTL A","6158731","2023-05-23 06:00","2023","05","23","06:00","","10.3","","3.4","","62","","","","4","","7","","24.1","","100.38","","","","","","NA"
"-79.63","43.68","TORONTO INTL A","6158731","2023-05-23 07:00","2023","05","23","07:00","","12.5","","2.0","","49","","","","5","","10","","24.1","","100.38","","","","","","Cloudy"
"-79.63","43.68","TORONTO INTL A","6158731","2023-05-23 08:00","2023","05","23","08:00","","14.8","","3.0","","45","","","","10","","8","","24.1","","100.40","","","","","","NA"
"-79.63","43.68","TORONTO INTL A","6158731","2023-05-23 09:00","2023","05","23","09:00","","16.9","","4.0","","42","","","","11","","11","","24.1","","100.37","","","","","","NA"
"-79.63","43.68","TORONTO INTL A","6158731","2023-05-23 10:00","2023","05","23","10:00","","17.7","","4.2","","40","","","","8","","11","","24.1","","100.33","","","","","","Cloudy"
"-79.63","43.68","TORONTO INTL A","6158731","2023-05-23 11:00","2023","05","23","11:00","","18.8","","6.0","","43","","","","7","","10","","24.1","","100.30","","","","","","NA"
"-79.63","43.68","TORONTO INTL A","6158731","2023-05-23 12:00","2023","05","23","12:00","","20.1","","5.0","","37","","","","9","","6","","24.1","","100.26","","","","","","NA"
"-79.63","43.68","TORONTO INTL A","6158731","2023-05-23 13:00","2023","05","23","13:00","","19.7","","3.9","","35","","","","13","","15","","24.1","","100.18","","","","","","Cloudy"
"-79.63","43.68","TORONTO INTL A","6158731","2023-05-23 14:00","2023","05","23","14:00","","19.9","","3.4","","33","","","","14","","15","","24.1","","100.12","","","","","","NA"
"-79.63","43.68","TORONTO INTL A","6158731","2023-05-23 15:00","2023","05","23","15:00","","20.2","","6.4","","40","","","","17","","12","","24.1","","100.06","","","","","","NA"
"-79.63","43.68","TORONTO INTL A","6158731","2023-05-23 16:00","2023","05","23","16:00","","18.6","","4.2","","38","","","","15","","13","","24.1","","100.01","","","","","","Cloudy"
"-79.63","43.68","TORONTO INTL A","6158731","2023-05-23 17:00","2023","05","23","17:00","","18.0","","3.3","","37","","","","16","","10","","24.1","","99.96","","","","","","NA"
"-79.63","43.68","TORONTO INTL A","6158731","2023-05-23 18:00","2023","05","23","18:00","","16.8","","3.5","","41","","","","15","","13","","24.1","","99.91","","","","","","NA"
"-79.63","43.68","TORONTO INTL A","6158731","2023-05-23 19:00","2023","05","23","19:00","","15.8","","4.3","","46","","","","15","","8","","24.1","","99.89","","","","","","Mostly Cloudy"
"-79.63","43.68","TORONTO INTL A","6158731","2023-05-23 20:00","2023","05","23","20:00","","14.9","","5.3","","52","","","","18","","7","","24.1","","99.88","","","","","","NA"
"-79.63","43.68","TORONTO INTL A","6158731","2023-05-23 21:00","2023","05","23","21:00","","14.2","","5.4","","55","","","","17","","3","","24.1","","99.90","","","","","","NA"
"-79.63","43.68","TORONTO INTL A","6158731","2023-05-23 22:00","2023","05","23","22:00","","14.6","","6.5","","58","","","","31","","8","","24.1","","99.88","","","","","","Mainly Clear"
"-79.63","43.68","TORONTO INTL A","6158731","2023-05-23 23:00","2023","05","23","23:00","","13.9","","6.7","","61","","","","28","","8","","24.1","","99.83","","","","","","NA"
"-79.63","43.68","TORONTO INTL A","6158731","2023-05-24 00:00","2023","05","24","00:00","","14.8","","7.1","","60","","","","30","","6","","24.1","","99.81","","","","","","NA"
"-79.63","43.68","TORONTO INTL A","6158731","2023-05-24 01:00","2023","05","24","01:00","","14.9","","8.6","","66","","","","20","","5","","24.1","","99.75","","","","","","Mainly Clear"
"-79.63","43.68","TORONTO INTL A","6158731","2023-05-24 02:00","2023","05","24","02:00","","13.6","","7.7","","67","","","","17","","4","","24.1","","99.70","","","","","","NA"
"-79.63","43.68","TORONTO INTL A","6158731","2023-05-24 03:00","2023","05","24","03:00","","15.0","","8.2","","63","","","","34","","24","","24.1","","99.72","","","","","","NA"
"-79.63","43.68","TORONTO INTL A","6158731","2023-05-24 04:00","2023","05","24","04:00","","14.3","","7.7","","64","","","","34","","14","","24.1","","99.67","","","","","","Mostly Cloudy"
"-79.63","43.68","TORONTO INTL A","6158731","2023-05-24 05:00","2023","05","24","05:00","","14.0","","7.1","","63","","","","34","","14","","19.3","","99.67","","","","","","NA"
"-79.63","43.68","TORONTO INTL A","6158731","2023-05-24 06:00","2023","05","24","06:00","","13.8","","7.0","","63","","","","36","","12","","24.1","","99.73","","","","","","NA"
"-79.63","43.68","TORONTO INTL A","6158731","2023-05-24 07:00","2023","05","24","07:00","","14.5","","7.7","","63","","","","1","","18","","24.1","","99.80","","","","","","Cloudy"
"-79.63","43.68","TORONTO INTL A","6158731","2023-05-24 08:00","2023","05","24","08:00","","13.3","","9.2","","76","","","","36","","28","","19.3","","99.93","","","","","","Rain"
"-79.63","43.68","TORONTO INTL A","6158731","2023-05-24 09:00","2023","05","24","09:00","","13.3","","10.4","","83","","","","36","","16","","24.1","","99.96","","","","","","NA"
"-79.63","43.68","TORONTO INTL A","6158731","2023-05-24 10:00","2023","05","24","10:00","","11.7","","9.2","","85","","","","33","","34","","24.1","","100.03","","","","","","Cloudy"
"-79.63","43.68","TORONTO INTL A","6158731","2023-05-24 11:00","2023","05","24","11:00","","13.2","","8.5","","73","","","","35","","30","","24.1","","100.10","","","","","","NA"
"-79.63","43.68","TORONTO INTL A","6158731","2023-05-24 12:00","2023","05","24","12:00","","14.4","","8.2","","66","","","","35","","26","","24.1","","100.14","","","","","","NA"
"-79.63","43.68","TORONTO INTL A","6158731","2023-05-24 13:00","2023","05","24","13:00","","14.0","","7.6","","65","","","","35","","21","","24.1","","100.15","","","","","","Mostly Cloudy"
"-79.63","43.68","TORONTO INTL A","6158731","2023-05-24 14:00","2023","05","24","14:00","","15.7","","5.0","","49","","","","35","","26","","24.1","","100.15","","","","","","NA"
"-79.63","43.68","TORONTO INTL A","6158731","2023-05-24 15:00","2023","05","24","15:00","","16.2","","1.9","","38","","","","36","","32","","24.1","","100.16","","","","","","NA"
"-79.63","43.68","TORONTO INTL A","6158731","2023-05-24 16:00","2023","05","24","16:00","","15.5","","3.0","","43","","","","35","","32","","24.1","","100.17","","","","","","Clear"
"-79.63","43.68","TORONTO INTL A","6158731","2023-05-24 17:00","2023","05","24","17:00","","15.1","","1.8","","40","","","","36","","28","","24.1","","100.17","","","","","","NA"
"-79.63","43.68","TORONTO INTL A","6158731","2023-05-24 18:00","2023","05","24","18:00","","13.7","","0.6","","40","","","","35","","31","","24.1","","100.17","","","","","","NA"
"-79.63","43.68","TORONTO INTL A","6158731","2023-05-24 19:00","2023","05","24","19:00","","12.1","","-0.2","","43","","","","35","","30","","24.1","","100.22","","","","","","Clear"
"-79.63","43.68","TORONTO INTL A","6158731","2023-05-24 20:00","2023","05","24","20:00","","10.2","","-0.9","","46","","","","36","","27","","24.1","","100.30","","","","","","NA"
"-79.63","43.68","TORONTO INTL A","6158731","2023-05-24 21:00","2023","05","24","21:00","","8.8","","-0.7","","51","","","","35","","19","","24.1","","100.38","","","","","","NA"
"-79.63","43.68","TORONTO INTL A","6158731","2023-05-24 22:00","2023","05","24","22:00","","7.8","","0.2","","58","","","","36","","19","","24.1","","100.43","","","","","","Clear"
"-79.63","43.68","TORONTO INTL A","6158731","2023-05-24 23:00","2023","05","24","23:00","","7.6","","-2.3","","50","","","","3","","29","","24.1","","100.48","","","","","","NA"
"-79.63","43.68","TORONTO INTL A","6158731","2023-05-25 00:00","2023","05","25","00:00","","6.2","","-2.2","","55","","","","4","","22","","24.1","","100.56","","","","","","NA"
"-79.63","43.68","TORONTO INTL A","6158731","2023-05-25 01:00","2023","05","25","01:00","","5.3","","-2.0","","59","","","","3","","16","","24.1","","100.60","","","","","","Clear"
"-79.63","43.68","TORONTO INTL A","6158731","2023-05-25 02:00","2023","05","25","02:00","","4.8","","-1.9","","62","","","","2","","17","","24.1","","100.59","","","","","","NA"
"-79.63","43.68","TORONTO INTL A","6158731","2023-05-25 03:00","2023","05","25","03:00","","4.6","","-1.6","","64","","","","35","","15","","24.1","","100.59","","","","","","NA"
"-79.63","43.68","TORONTO INTL A","6158731","2023-05-25 04:00","2023","05","25","04:00","","4.2","","-1.3","","68","","","","1","","16","","24.1","","100.61","","","","","","Mainly Clear"
"-79.63","43.68","TORONTO INTL A","6158731","2023-05-25 05:00","2023","05","25","05:00","","4.2","","-1.0","","69","","","","36","","13","","24.1","","100.62","","","","","","NA"
"-79.63","43.68","TORONTO INTL A","6158731","2023-05-25 06:00","2023","05","25","06:00","","5.3","","-0.4","","67","","","","36","","11","","24.1","","100.68","","","","","","NA"
"-79.63","43.68","TORONTO INTL A","6158731","2023-05-25 07:00","2023","05","25","07:00","","7.3","","0.2","","60","","","","1","","13","","24.1","","100.68","","","","","","Mainly Clear"
"-79.63","43.68","TORONTO INTL A","6158731","2023-05-25 08:00","2023","05","25","08:00","","8.8","","-0.4","","52","","","","3","","15","","24.1","","100.68","","","","","","NA"
"-79.63","43.68","TORONTO INTL A","6158731","2023-05-25 09:00","2023","05","25","09:00","","10.1","","0.3","","51","","","","3","","12","","24.1","","100.66","","","","","","NA"
"-79.63","43.68","TORONTO INTL A","6158731","2023-05-25 10:00","2023","05","25","10:00","","11.9","","0.3","","45","","","","5","","13","","24.1","","100.63","","","","","","Clear"
"-79.63","43.68","TORONTO INTL A","6158731","2023-05-25 11:00","2023","05","25","11:00","","13.3","","1.6","","45","","","","4","","17","","24.1","","100.60","","","","","","NA"
"-79.63","43.68","TORONTO INTL A","6158731","2023-05-25 12:00","2023","05","25","12:00","","13.9","","2.1","","45","","","","12","","12","","24.1","","100.57","","","","","","NA"
"-79.63","43.68","TORONTO INTL A","6158731","2023-05-25 13:00","2023","05","25","13:00","","13.5","","3.1","","49","","","","16","","14","","24.1","","100.54","","","","","","Clear"
"-79.63","43.68","TORONTO INTL A","6158731","2023-05-25 14:00","2023","05","25","14:00","","14.5","","4.1","","49","","","","15","","11","","24.1","","100.50","","","","","","NA"
"-79.63","43.68","TORONTO INTL A","6158731","2023-05-25 15:00","2023","05","25","15:00","","14.9","","3.3","","46","","","","17","","14","","24.1","","100.46","","","","","","NA"
"-79.63","43.68","TORONTO INTL A","6158731","2023-05-25 16:00","2023","05","25","16:00","","15.7","","3.4","","43","","","","14","","16","","24.1","","100.41","","","","","","Clear"
"-79.63","43.68","TORONTO INTL A","6158731","2023-05-25 17:00","2023","05","25","17:00","","14.9","","3.1","","45","","","","15","","14","","24.1","","100.38","","","","","","NA"
"-79.63","43.68","TORONTO INTL A","6158731","2023-05-25 18:00","2023","05","25","18:00","","14.7","","2.1","","42","","","","14","","13","","24.1","","100.38","","","","","","NA"
"-79.63","43.68","TORONTO INTL A","6158731","2023-05-25 19:00","2023","05","25","19:00","","13.6","","1.8","","45","","","","14","","9","","24.1","","100.40","","","","","","Clear"
"-79.63","43.68","TORONTO INTL A","6158731","2023-05-25 20:00","2023","05","25","20:00","","12.2","","1.3","","47","","","","14","","6","","24.1","","100.44","","","","","","NA"
"-79.63","43.68","TORONTO INTL A","6158731","2023-05-25 21:00","2023","05","25","21:00","","11.7","","0.3","","46","","","","1","","15","","24.1","","100.45","","","","","","NA"
"-79.63","43.68","TORONTO INTL A","6158731","2023-05-25 22:00","2023","05","25","22:00","","11.0","","-1.2","","43","","","","36","","28","","24.1","","100.49","","","","","","Clear"
"-79.63","43.68","TORONTO INTL A","6158731","2023-05-25 23:00","2023","05","25","23:00","","9.9","","-1.8","","44","","","","36","","16","","24.1","","100.49","","","","","","NA"
"-79.63","43.68","TORONTO INTL A","6158731","2023-05-26 00:00","2023","05","26","00:00","","9.6","","-1.7","","45","","","","35","","16","","24.1","","100.51","","","","","","NA"
"-79.63","43.68","TORONTO INTL A","6158731","2023-05-26 01:00","2023","05","26","01:00","","8.8","","-0.9","","50","","","","36","","19","","24.1","","100.50","","","","","","Clear"
"-79.63","43.68","TORONTO INTL A","6158731","2023-05-26 02:00","2023","05","26","02:00","","8.4","","-1.0","","51","","","","35","","19","","24.1","","100.50","","","","","","NA"
"-79.63","43.68","TORONTO INTL A","6158731","2023-05-26 03:00","2023","05","26","03:00","","7.2","","-0.4","","58","","","","36","","12","","24.1","","100.55","","","","","","NA"
"-79.63","43.68","TORONTO INTL A","6158731","2023-05-26 04:00","2023","05","26","04:00","","7.0","","0.0","","61","","","","35","","16","","24.1","","100.58","","","","","","Clear"
"-79.63","43.68","TORONTO INTL A","6158731","2023-05-26 05:00","2023","05","26","05:00","","7.2","","0.0","","60","","","","35","","10","","24.1","","100.63","","","","","","NA"
"-79.63","43.68","TORONTO INTL A","6158731","2023-05-26 06:00","2023","05","26","06:00","","8.6","","0.1","","55","","","","35","","13","","24.1","","100.72","","","","","","NA"
"-79.63","43.68","TORONTO INTL A","6158731","2023-05-26 07:00","2023","05","26","07:00","","10.9","","1.7","","53","","","","36","","14","","24.1","","100.75","","","","","","Clear"
"-79.63","43.68","TORONTO INTL A","6158731","2023-05-26 08:00","2023","05","26","08:00","","13.3","","2.6","","48","","","","36","","12","","24.1","","100.78","","","","","","NA"
"-79.63","43.68","TORONTO INTL A","6158731","2023-05-26 09:00","2023","05","26","09:00","","15.8","","2.9","","42","","","","1","","7","","24.1","","100.80","","","","","","NA"
"-79.63","43.68","TORONTO INTL A","6158731","2023-05-26 10:00","2023","05","26","10:00","","17.9","","0.7","","31","","","","34","","10","","24.1","","100.76","","","","","","Clear"
"-79.63","43.68","TORONTO INTL A","6158731","2023-05-26 11:00","2023","05","26","11:00","","18.6","","-0.2","","28","","","","1","","8","","24.1","","100.73","","","","","","NA"
"-79.63","43.68","TORONTO INTL A","6158731","2023-05-26 12:00","2023","05","26","12:00","","19.6","","0.2","","27","","","","34","","16","","24.1","","100.68","","","","","","NA"
"-79.63","43.68","TORONTO INTL A","6158731","2023-05-26 13:00","2023","05","26","13:00","","19.0","","3.3","","35","","","","13","","19","","24.1","","100.66","","","","","","Clear"
"-79.63","43.68","TORONTO INTL A","6158731","2023-05-26 14:00","2023","05","26","14:00","","19.6","","1.4","","29","","","","14","","17","","24.1","","100.63","","","","","","NA"
"-79.63","43.68","TORONTO INTL A","6158731","2023-05-26 15:00","2023","05","26","15:00","","19.3","","0.8","","29","","","","15","","14","","24.1","","100.59","","","","","","NA"
"-79.63","43.68","TORONTO INTL A","6158731","2023-05-26 16:00","2023","05","26","16:00","","19.6","","0.1","","27","","","","15","","16","","24.1","","100.55","","","","","","Clear"
"-79.63","43.68","TORONTO INTL A","6158731","2023-05-26 17:00","2023","05","26","17:00","","19.1","","0.5","","28","","","","15","","14","","24.1","","100.54","","","","","","NA"
"-79.63","43.68","TORONTO INTL A","6158731","2023-05-26 18:00","2023","05","26","18:00","","18.2","","0.2","","29","","","","15","","14","","24.1","","100.48","","","","","","NA"
"-79.63","43.68","TORONTO INTL A","6158731","2023-05-26 19:00","2023","05","26","19:00","","17.5","","0.8","","32","","","","17","","6","","24.1","","100.51","","","","","","Clear"
"-79.63","43.68","TORONTO INTL A","6158731","2023-05-26 20:00","2023","05","26","20:00","","16.6","","-0.1","","32","","","","18","","7","","24.1","","100.52","","","","","","NA"
"-79.63","43.68","TORONTO INTL A","6158731","2023-05-26 21:00","2023","05","26","21:00","","15.9","","0.2","","34","","","","26","","4","","24.1","","100.57","","","","","","NA"
"-79.63","43.68","TORONTO INTL A","6158731","2023-05-26 22:00","2023","05","26","22:00","","15.7","","0.4","","35","","","","25","","4","","24.1","","100.59","","","","","","Clear"
"-79.63","43.68","TORONTO INTL A","6158731","2023-05-26 23:00","2023","05","26","23:00","","14.3","","0.2","","38","","","","34","","11","","24.1","","100.60","","","","","","NA"
"-79.63","43.68","TORONTO INTL A","6158731","2023-05-27 00:00","2023","05","27","00:00","","12.1","","1.6","","48","","","","30","","7","","24.1","","100.62","","","","","","NA"
"-79.63","43.68","TORONTO INTL A","6158731","2023-05-27 01:00","2023","05","27","01:00","","12.8","","0.8","","44","","","","2","","9","","24.1","","100.61","","","","","","Clear"
"-79.63","43.68","TORONTO INTL A","6158731","2023-05-27 02:00","2023","05","27","02:00","","11.4","","1.4","","50","","","","34","","5","","24.1","","100.61","","","","","","NA"
"-79.63","43.68","TORONTO INTL A","6158731","2023-05-27 03:00","2023","05","27","03:00","","9.9","","2.1","","58","","","","1","","13","","24.1","","100.58","","","","","","NA"
"-79.63","43.68","TORONTO INTL A","6158731","2023-05-27 04:00","2023","05","27","04:00","","8.7","","2.4","","64","","","","30","","9","","24.1","","100.62","","","","","","Clear"
"-79.63","43.68","TORONTO INTL A","6158731","2023-05-27 05:00","2023","05","27","05:00","","9.5","","1.7","","58","","","","33","","4","","24.1","","100.65","","","","","","NA"
"-79.63","43.68","TORONTO INTL A","6158731","2023-05-27 06:00","2023","05","27","06:00","","12.3","","3.4","","54","","","","32","","3","","24.1","","100.68","","","","","","NA"
"-79.63","43.68","TORONTO INTL A","6158731","2023-05-27 07:00","2023","05","27","07:00","","14.3","","4.5","","51","","","","24","","4","","24.1","","100.75","","","","","","Clear"
"-79.63","43.68","TORONTO INTL A","6158731","2023-05-27 08:00","2023","05","27","08:00","","16.6","","1.0","","34","","","","","","0","","24.1","","100.76","","","","","","NA"
"-79.63","43.68","TORONTO INTL A","6158731","2023-05-27 09:00","2023","05","27","09:00","","19.1","","3.1","","34","","","","30","","6","","24.1","","100.76","","","","","","NA"
"-79.63","43.68","TORONTO INTL A","6158731","2023-05-27 10:00","2023","05","27","10:00","","20.1","","1.8","","29","","","","33","","8","","24.1","","100.74","","","","","","Clear"
"-79.63","43.68","TORONTO INTL A","6158731","2023-05-27 11:00","2023","05","27","11:00","","21.3","","2.2","","28","","","","12","","4","","24.1","","100.69","","","","","","NA"
"-79.63","43.68","TORONTO INTL A","6158731","2023-05-27 12:00","2023","05","27","12:00","","21.7","","5.3","","34","","","","16","","8","","24.1","","100.64","","","","","","NA"
"-79.63","43.68","TORONTO INTL A","6158731","2023-05-27 13:00","2023","05","27","13:00","","22.4","","2.3","","26","","","","15","","12","","24.1","","100.58","","","","","","Clear"
"-79.63","43.68","TORONTO INTL A","6158731","2023-05-27 14:00","2023","05","27","14:00","","22.6","","1.8","","25","","","","16","","13","","24.1","","100.50","","","","","","NA"
"-79.63","43.68","TORONTO INTL A","6158731","2023-05-27 15:00","2023","05","27","15:00","","23.5","","4.0","","28","","","","15","","13","","24.1","","100.47","","","","","","NA"
"-79.63","43.68","TORONTO INTL A","6158731","2023-05-27 16:00","2023","05","27","16:00","","22.8","","2.8","","27","","","","17","","16","","24.1","","100.41","","","","","","Mainly Clear"
"-79.63","43.68","TORONTO INTL A","6158731","2023-05-27 17:00","2023","05","27","17:00","","22.8","","2.1","","25","","","","15","","14","","24.1","","100.36","","","","","","NA"
"-79.63","43.68","TORONTO INTL A","6158731","2023-05-27 18:00","2023","05","27","18:00","","22.0","","1.4","","25","","","","15","","11","","24.1","","100.30","","","","","","NA"
"-79.63","43.68","TORONTO INTL A","6158731","2023-05-27 19:00","2023","05","27","19:00","","21.0","","1.2","","27","","","","16","","8","","24.1","","100.32","","","","","","Mostly Cloudy"
"-79.63","43.68","TORONTO INTL A","6158731","2023-05-27 20:00","2023","05","27","20:00","","20.1","","1.9","","30","","","","14","","6","","24.1","","100.34","","","","","","NA"
"-79.63","43.68","TORONTO INTL A","6158731","2023-05-27 21:00","2023","05","27","21:00","","18.1","","3.5","","37","","","","36","","3","","24.1","","100.36","","","","","","NA"
"-79.63","43.68","TORONTO INTL A","6158731","2023-05-27 22:00","2023","05","27","22:00","","17.7","","4.7","","42","","","","35","","16","","24.1","","100.36","","","","","","Mainly Clear"
"-79.63","43.68","TORONTO INTL A","6158731","2023-05-27 23:00","2023","05","27","23:00","","16.5","","2.0","","38","","","","36","","16","","24.1","","100.34","","","","","","NA"
"-79.63","43.68","TORONTO INTL A","6158731","2023-05-28 00:00","2023","05","28","00:00","","15.2","","2.3","","42","","","","36","","11","","24.1","","100.31","","","","","","NA"
"-79.63","43.68","TORONTO INTL A","6158731","2023-05-28 01:00","2023","05","28","01:00","","14.6","","2.2","","43","","","","34","","10","","24.1","","100.28","","","","","","Clear"
"-79.63","43.68","TORONTO INTL A","6158731","2023-05-28 02:00","2023","05","28","02:00","","14.3","","2.2","","44","","","","33","","5","","24.1","","100.24","","","","","","NA"
"-79.63","43.68","TORONTO INTL A","6158731","2023-05-28 03:00","2023","05","28","03:00","","13.2","","2.9","","50","","","","33","","7","","24.1","","100.21","","","","","","NA"
"-79.63","43.68","TORONTO INTL A","6158731","2023-05-28 04:00","2023","05","28","04:00","","12.6","","2.1","","48","","","","30","","4","","24.1","","100.18","","","","","","Clear"
"-79.63","43.68","TORONTO INTL A","6158731","2023-05-28 05:00","2023","05","28","05:00","","13.0","","1.8","","46","","","","34","","9","","24.1","","100.19","","","","","","NA"
"-79.63","43.68","TORONTO INTL A","6158731","2023-05-28 06:00","2023","05","28","06:00","","14.8","","2.2","","42","","","","31","","7","","24.1","","100.18","","","","","","NA"
"-79.63","43.68","TORONTO INTL A","6158731","2023-05-28 07:00","2023","05","28","07:00","","17.5","","2.6","","37","","","","32","","8","","24.1","","100.16","","","","","","Mainly Clear"
"-79.63","43.68","TORONTO INTL A","6158731","2023-05-28 08:00","2023","05","28","08:00","","19.9","","1.9","","30","","","","3","","7","","24.1","","100.19","","","","","","NA"
"-79.63","43.68","TORONTO INTL A","6158731","2023-05-28 09:00","2023","05","28","09:00","","22.1","","3.4","","29","","","","23","","4","","24.1","","100.17","","","","","","NA"
"-79.63","43.68","TORONTO INTL A","6158731","2023-05-28 10:00","2023","05","28","10:00","","23.8","","3.6","","27","","","","26","","6","","24.1","","100.14","","","","","","Mainly Clear"
"-79.63","43.68","TORONTO INTL A","6158731","2023-05-28 11:00","2023","05","28","11:00","","24.7","","6.6","","31","","","","35","","9","","24.1","","100.08","","25","","","","NA"
"-79.63","43.68","TORONTO INTL A","6158731","2023-05-28 12:00","2023","05","28","12:00","","25.8","","5.1","","26","","","","3","","14","","24.1","","99.99","","25","","","","NA"
"-79.63","43.68","TORONTO INTL A","6158731","2023-05-28 13:00","2023","05","28","13:00","","26.5","","2.8","","21","","","","2","","15","","24.1","","99.90","","25","","","","Mainly Clear"
"-79.63","43.68","TORONTO INTL A","6158731","2023-05-28 14:00","2023","05","28","14:00","","26.7","","-0.6","","16","","","","35","","4","","24.1","","99.83","","","","","","NA"
"-79.63","43.68","TORONTO INTL A","6158731","2023-05-28 15:00","2023","05","28","15:00","","26.6","","5.0","","25","","","","6","","10","","24.1","","99.77","","26","","","","NA"
"-79.63","43.68","TORONTO INTL A","6158731","2023-05-28 16:00","2023","05","28","16:00","","27.6","","-0.3","","16","","","","36","","9","","24.1","","99.70","","25","","","","Mainly Clear"
"-79.63","43.68","TORONTO INTL A","6158731","2023-05-28 17:00","2023","05","28","17:00","","27.0","","0.8","","18","","","","33","","16","","24.1","","99.65","","25","","","","NA"
"-79.63","43.68","TORONTO INTL A","6158731","2023-05-28 18:00","2023","05","28","18:00","","25.8","","-0.2","","18","","","","36","","20","","24.1","","99.63","","","","","","NA"
"-79.63","43.68","TORONTO INTL A","6158731","2023-05-28 19:00","2023","05","28","19:00","","23.9","","1.3","","22","","","","36","","25","","24.1","","99.64","","","","","","Clear"
"-79.63","43.68","TORONTO INTL A","6158731","2023-05-28 20:00","2023","05","28","20:00","","22.0","","1.8","","26","","","","35","","18","","24.1","","99.65","","","","","","NA"
"-79.63","43.68","TORONTO INTL A","6158731","2023-05-28 21:00","2023","05","28","21:00","","20.4","","1.4","","28","","","","35","","22","","24.1","","99.68","","","","","","NA"
"-79.63","43.68","TORONTO INTL A","6158731","2023-05-28 22:00","2023","05","28","22:00","","18.8","","1.6","","31","","","","36","","18","","24.1","","99.66","","","","","","Clear"
"-79.63","43.68","TORONTO INTL A","6158731","2023-05-28 23:00","2023","05","28","23:00","","17.8","","1.8","","34","","","","36","","17","","24.1","","99.63","","","","","","NA"
"-79.63","43.68","TORONTO INTL A","6158731","2023-05-29 00:00","2023","05","29","00:00","","16.9","","1.9","","36","","","","36","","13","","24.1","","99.65","","","","","","NA"
"-79.63","43.68","TORONTO INTL A","6158731","2023-05-29 01:00","2023","05","29","01:00","","16.0","","2.0","","39","","","","36","","15","","24.1","","99.62","","","","","","Clear"
"-79.63","43.68","TORONTO INTL A","6158731","2023-05-29 02:00","2023","05","29","02:00","","16.0","","1.4","","37","","","","35","","18","","24.1","","99.61","","","","","","NA"
"-79.63","43.68","TORONTO INTL A","6158731","2023-05-29 03:00","2023","05","29","03:00","","15.3","","1.7","","39","","","","35","","18","","24.1","","99.59","","","","","","NA"
"-79.63","43.68","TORONTO INTL A","6158731","2023-05-29 04:00","2023","05","29","04:00","","14.9","","2.2","","42","","","","35","","14","","24.1","","99.60","","","","","","Clear"
"-79.63","43.68","TORONTO INTL A","6158731","2023-05-29 05:00","2023","05","29","05:00","","13.9","","3.5","","49","","","","36","","16","","24.1","","99.64","","","","","","NA"
"-79.63","43.68","TORONTO INTL A","6158731","2023-05-29 06:00","2023","05","29","06:00","","15.3","","5.1","","50","","","","35","","8","","24.1","","99.68","","","","","","NA"
"-79.63","43.68","TORONTO INTL A","6158731","2023-05-29 07:00","2023","05","29","07:00","","18.3","","6.7","","46","","","","35","","9","","24.1","","99.74","","","","","","Clear"
"-79.63","43.68","TORONTO INTL A","6158731","2023-05-29 08:00","2023","05","29","08:00","","21.4","","7.1","","39","","","","7","","18","","24.1","","99.78","","","","","","NA"
"-79.63","43.68","TORONTO INTL A","6158731","2023-05-29 09:00","2023","05","29","09:00","","21.9","","7.6","","39","","","","11","","13","","24.1","","99.83","","","","","","NA"
"-79.63","43.68","TORONTO INTL A","6158731","2023-05-29 10:00","2023","05","29","10:00","","22.3","","7.7","","39","","","","8","","12","","24.1","","99.81","","","","","","Clear"
"-79.63","43.68","TORONTO INTL A","6158731","2023-05-29 11:00","2023","05","29","11:00","","23.3","","6.9","","34","","","","11","","13","","24.1","","99.77","","","","","","NA"
"-79.63","43.68","TORONTO INTL A","6158731","2023-05-29 12:00","2023","05","29","12:00","","23.5","","7.6","","36","","","","12","","10","","24.1","","99.75","","","","","","NA"
"-79.63","43.68","TORONTO INTL A","6158731","2023-05-29 13:00","2023","05","29","13:00","","23.3","","8.7","","39","","","","16","","14","","24.1","","99.75","","","","","","Mainly Clear"
"-79.63","43.68","TORONTO INTL A","6158731","2023-05-29 14:00","2023","05","29","14:00","","23.7","","7.6","","35","","","","15","","11","","24.1","","99.68","","","","","","NA"
"-79.63","43.68","TORONTO INTL A","6158731","2023-05-29 15:00","2023","05","29","15:00","","24.3","","10.1","","40","","","","12","","9","","24.1","","99.64","","26","","","","NA"
"-79.63","43.68","TORONTO INTL A","6158731","2023-05-29 16:00","2023","05","29","16:00","","23.9","","8.2","","36","","","","13","","18","","24.1","","99.63","","","","","","Mainly Clear"
"-79.63","43.68","TORONTO INTL A","6158731","2023-05-29 17:00","2023","05","29","17:00","","23.6","","7.2","","34","","","","12","","11","","24.1","","99.62","","","","","","NA"
"-79.63","43.68","TORONTO INTL A","6158731","2023-05-29 18:00","2023","05","29","18:00","","23.8","","6.8","","33","","","","12","","8","","24.1","","99.60","","","","","","NA"
"-79.63","43.68","TORONTO INTL A","6158731","2023-05-29 19:00","2023","05","29","19:00","","22.0","","6.4","","36","","","","16","","8","","24.1","","99.65","","","","","","Clear"
"-79.63","43.68","TORONTO INTL A","6158731","2023-05-29 20:00","2023","05","29","20:00","","20.6","","5.8","","38","","","","15","","5","","24.1","","99.67","","","","","","NA"
"-79.63","43.68","TORONTO INTL A","6158731","2023-05-29 21:00","2023","05","29","21:00","","19.8","","6.4","","41","","","","8","","9","","24.1","","99.72","","","","","","NA"
"-79.63","43.68","TORONTO INTL A","6158731","2023-05-29 22:00","2023","05","29","22:00","","18.8","","6.1","","43","","","","8","","9","","24.1","","99.76","","","","","","Clear"
"-79.63","43.68","TORONTO INTL A","6158731","2023-05-29 23:00","2023","05","29","23:00","","18.3","","5.8","","43","","","","8","","9","","24.1","","99.78","","","","","","NA"
"-79.63","43.68","TORONTO INTL A","6158731","2023-05-30 00:00","2023","05","30","00:00","","17.6","","5.2","","44","","","","9","","6","","24.1","","99.79","","","","","","NA"
"-79.63","43.68","TORONTO INTL A","6158731","2023-05-30 01:00","2023","05","30","01:00","","17.2","","4.3","","42","","","","8","","5","","24.1","","99.78","","","","","","Clear"
"-79.63","43.68","TORONTO INTL A","6158731","2023-05-30 02:00","2023","05","30","02:00","","16.8","","4.5","","44","","","","4","","3","","24.1","","99.76","","","","","","NA"
"-79.63","43.68","TORONTO INTL A","6158731","2023-05-30 03:00","2023","05","30","03:00","","16.3","","5.1","","47","","","","6","","4","","24.1","","99.77","","","","","","NA"
"-79.63","43.68","TORONTO INTL A","6158731","2023-05-30 04:00","2023","05","30","04:00","","15.9","","5.0","","48","","","","11","","5","","24.1","","99.77","","","","","","Clear"
"-79.63","43.68","TORONTO INTL A","6158731","2023-05-30 05:00","2023","05","30","05:00","","15.2","","6.2","","55","","","","2","","7","","24.1","","99.81","","","","","","NA"
"-79.63","43.68","TORONTO INTL A","6158731","2023-05-30 06:00","2023","05","30","06:00","","16.3","","7.8","","57","","","","4","","10","","24.1","","99.83","","","","","","NA"
"-79.63","43.68","TORONTO INTL A","6158731","2023-05-30 07:00","2023","05","30","07:00","","18.5","","5.1","","41","","","","8","","10","","24.1","","99.89","","","","","","Clear"
"-79.63","43.68","TORONTO INTL A","6158731","2023-05-30 08:00","2023","05","30","08:00","","20.3","","5.3","","37","","","","10","","10","","24.1","","99.93","","","","","","NA"
"-79.63","43.68","TORONTO INTL A","6158731","2023-05-30 09:00","2023","05","30","09:00","","21.2","","6.5","","38","","","","19","","6","","24.1","","99.93","","","","","","NA"
"-79.63","43.68","TORONTO INTL A","6158731","2023-05-30 10:00","2023","05","30","10:00","","23.1","","7.2","","36","","","","16","","10","","24.1","","99.91","","","","","","Mainly Clear"
"-79.63","43.68","TORONTO INTL A","6158731","2023-05-30 11:00","2023","05","30","11:00","","24.0","","8.7","","37","","","","14","","11","","24.1","","99.90","","25","","","","NA"
"-79.63","43.68","TORONTO INTL A","6158731","2023-05-30 12:00","2023","05","30","12:00","","24.6","","9.7","","38","","","","18","","8","","24.1","","99.86","","26","","","","NA"
"-79.63","43.68","TORONTO INTL A","6158731","2023-05-30 13:00","2023","05","30","13:00","","26.3","","9.8","","35","","","","15","","11","","24.1","","99.82","","27","","","","Clear"
"-79.63","43.68","TORONTO INTL A","6158731","2023-05-30 14:00","2023","05","30","14:00","","26.6","","10.6","","36","","","","15","","12","","24.1","","99.78","","28","","","","NA"
"-79.63","43.68","TORONTO INTL A","6158731","2023-05-30 15:00","2023","05","30","15:00","","26.9","","11.8","","38","","","","14","","14","","24.1","","99.74","","29","","","","NA"
"-79.63","43.68","TORONTO INTL A","6158731","2023-05-30 16:00","2023","05","30","16:00","","26.1","","11.7","","40","","","","14","","13","","24.1","","99.74","","28","","","","Clear"
"-79.63","43.68","TORONTO INTL A","6158731","2023-05-30 17:00","2023","05","30","17:00","","26.2","","10.5","","37","","","","15","","12","","24.1","","99.70","","28","","","","NA"
"-79.63","43.68","TORONTO INTL A","6158731","2023-05-30 18:00","2023","05","30","18:00","","24.8","","11.1","","42","","","","14","","9","","24.1","","99.68","","27","","","","NA"
"-79.63","43.68","TORONTO INTL A","6158731","2023-05-30 19:00","2023","05","30","19:00","","24.1","","11.2","","44","","","","15","","10","","24.1","","99.71","","26","","","","Clear"
"-79.63","43.68","TORONTO INTL A","6158731","2023-05-30 20:00","2023","05","30","20:00","","19.0","","10.5","","57","","","","16","","9","","24.1","","99.74","","","","","","NA"
"-79.63","43.68","TORONTO INTL A","6158731","2023-05-30 21:00","2023","05","30","21:00","","18.6","","11.0","","61","","","","18","","8","","24.1","","99.78","","","","","","NA"
"-79.63","43.68","TORONTO INTL A","6158731","2023-05-30 22:00","2023","05","30","22:00","","18.7","","11.4","","62","","","","11","","4","","24.1","","99.80","","","","","","Clear"
"-79.63","43.68","TORONTO INTL A","6158731","2023-05-30 23:00","2023","05","30","23:00","","19.3","","11.1","","59","","","","2","","4","","24.1","","99.81","","","","","","NA"
"-79.63","43.68","TORONTO INTL A","6158731","2023-05-31 00:00","2023","05","31","00:00","","18.4","","11.3","","63","","","","3","","3","","24.1","","99.80","","","","","","NA"
"-79.63","43.68","TORONTO INTL A","6158731","2023-05-31 01:00","2023","05","31","01:00","","18.1","","11.1","","63","","","","35","","5","","24.1","","99.81","","","","","","Clear"
"-79.63","43.68","TORONTO INTL A","6158731","2023-05-31 02:00","2023","05","31","02:00","","19.0","","11.4","","61","","","","3","","6","","24.1","","99.83","","","","","","NA"
"-79.63","43.68","TORONTO INTL A","6158731","2023-05-31 03:00","2023","05","31","03:00","","18.7","","11.5","","63","","","","33","","4","","24.1","","99.85","","","","","","NA"
"-79.63","43.68","TORONTO INTL A","6158731","2023-05-31 04:00","2023","05","31","04:00","","17.6","","11.9","","69","","","","27","","3","","24.1","","99.91","","","","","","Mainly Clear"
"-79.63","43.68","TORONTO INTL A","6158731","2023-05-31 05:00","2023","05","31","05:00","","17.7","","11.8","","68","","","","29","","3","","19.3","","99.94","","","","","","NA"
"-79.63","43.68","TORONTO INTL A","6158731","2023-05-31 06:00","2023","05","31","06:00","","18.7","","12.6","","67","","","","25","","6","","24.1","","99.97","","","","","","NA"
"-79.63","43.68","TORONTO INTL A","6158731","2023-05-31 07:00","2023","05","31","07:00","","20.4","","12.9","","62","","","","13","","8","","24.1","","100.03","","","","","","Mainly Clear"
"-79.63","43.68","TORONTO INTL A","6158731","2023-05-31 08:00","2023","05","31","08:00","","22.3","","13.1","","56","","","","18","","8","","24.1","","100.05","","25","","","","NA"
"-79.63","43.68","TORONTO INTL A","6158731","2023-05-31 09:00","2023","05","31","09:00","","25.1","","12.8","","46","","","","22","","5","","24.1","","100.04","","28","","","","NA"
"-79.63","43.68","TORONTO INTL A","6158731","2023-05-31 10:00","2023","05","31","10:00","","27.4","","12.8","","40","","","","21","","10","","24.1","","100.03","","30","","","","Mainly Clear"
"-79.63","43.68","TORONTO INTL A","6158731","2023-05-31 11:00","2023","05","31","11:00","","27.3","","14.8","","46","","","","15","","10","","24.1","","100.01","","31","","","","NA"
"-79.63","43.68","TORONTO INTL A","6158731","2023-05-31 12:00","2023","05","31","12:00","","28.4","","14.5","","42","","","","14","","9","","24.1","","99.98","","32","","","","NA"
"-79.63","43.68","TORONTO INTL A","6158731","2023-05-31 13:00","2023","05","31","13:00","","29.5","","13.3","","36","","","","14","","9","","24.1","","99.93","","32","","","","Mainly Clear"
"-79.63","43.68","TORONTO INTL A","6158731","2023-05-31 14:00","2023","05","31","14:00","","29.8","","12.8","","35","","","","16","","18","","24.1","","99.88","","32","","","","NA"
"-79.63","43.68","TORONTO INTL A","6158731","2023-05-31 15:00","2023","05","31","15:00","","29.9","","11.9","","33","","","","18","","17","","24.1","","99.84","","32","","","","NA"
"-79.63","43.68","TORONTO INTL A","6158731","2023-05-31 16:00","2023","05","31","16:00","","29.3","","10.8","","31","","","","16","","20","","24.1","","99.83","","31","","","","Clear"
"-79.63","43.68","TORONTO INTL A","6158731","2023-05-31 17:00","2023","05","31","17:00","","29.5","","11.3","","32","","","","18","","15","","24.1","","99.80","","31","","","","NA"
"-79.63","43.68","TORONTO INTL A","6158731","2023-05-31 18:00","2023","05","31","18:00","","28.4","","10.2","","32","","","","17","","14","","24.1","","99.76","","30","","","","NA"
"-79.63","43.68","TORONTO INTL A","6158731","2023-05-31 19:00","2023","05","31","19:00","","27.4","","10.7","","35","","","","19","","10","","24.1","","99.76","","29","","","","Clear"
"-79.63","43.68","TORONTO INTL A","6158731","2023-05-31 20:00","2023","05","31","20:00","","26.6","","10.3","","35","","","","15","","6","","24.1","","99.78","","28","","","","NA"
"-79.63","43.68","TORONTO INTL A","6158731","2023-05-31 21:00","2023","05","31","21:00","","26.0","","10.7","","38","","","","36","","3","","24.1","","99.83","","28","","","","NA"
"-79.63","43.68","TORONTO INTL A","6158731","2023-05-31 22:00","2023","05","31","22:00","","25.2","","10.8","","40","","","","9","","3","","24.1","","99.85","","27","","","","Clear"
"-79.63","43.68","TORONTO INTL A","6158731","2023-05-31 23:00","2023","05","31","23:00","","23.9","","10.9","","44","","","","15","","7","","24.1","","99.87","","26","","","","NA"
