"Longitude (x)","Latitude (y)","Station Name","Climate ID","Date/Time (LST)","Year","Month","Day","Time (LST)","Flag","Temp (°C)","Temp Flag","Dew Point Temp (°C)","Dew Point Temp Flag","Rel Hum (%)","Rel Hum Flag","Precip. Amount (mm)","Precip. Amount Flag","Wind Dir (10s deg)","Wind Dir Flag","Wind Spd (km/h)","Wind Spd Flag","Visibility (km)","Visibility Flag","Stn Press (kPa)","Stn Press Flag","Hmdx","Hmdx Flag","Wind Chill","Wind Chill Flag","Weather"
"-79.63","43.68","TORONTO INTL A","6158731","2023-06-01 00:00","2023","06","01","00:00","","22.6","","11.8","","50","","","","35","","8","","24.1","","99.89","","25","","","","NA"
"-79.63","43.68","TORONTO INTL A","6158731","2023-06-01 01:00","2023","06","01","01:00","","21.1","","12.0","","56","","","","3","","4","","24.1","","99.88","","","","","","Clear"
"-79.63","43.68","TORONTO INTL A","6158731","2023-06-01 02:00","2023","06","01","02:00","","21.2","","12.3","","56","","","","34","","7","","24.1","","99.87","","","","","","NA"
"-79.63","43.68","TORONTO INTL A","6158731","2023-06-01 03:00","2023","06","01","03:00","","19.3","","12.3","","64","","","","35","","8","","24.1","","99.88","","","","","","NA"
"-79.63","43.68","TORONTO INTL A","6158731","2023-06-01 04:00","2023","06","01","04:00","","20.0","","12.5","","61","","","","","","0","","24.1","","99.91","","","","","","Mainly Clear"
"-79.63","43.68","TORONTO INTL A","6158731","2023-06-01 05:00","2023","06","01","05:00","","19.5","","11.9","","61","","","","32","","5","","24.1","","99.94","","","","","","NA"
"-79.63","43.68","TORONTO INTL A","6158731","2023-06-01 06:00","2023","06","01","06:00","","20.2","","12.6","","61","","","","1","","6","","24.1","","99.97","","","","","","NA"
"-79.63","43.68","TORONTO INTL A","6158731","2023-06-01 07:00","2023","06","01","07:00","","22.7","","13.3","","55","","","","31","","10","","24.1","","99.99","","26","","","","Mostly Cloudy"
"-79.63","43.68","TORONTO INTL A","6158731","2023-06-01 08:00","2023","06","01","08:00","","25.2","","13.6","","48","","","","36","","10","","24.1","","100.02","","28","","","","NA"
"-79.63","43.68","TORONTO INTL A","6158731","2023-06-01 09:00","2023","06","01","09:00","","27.2","","13.6","","43","","","","1","","10","","24.1","","100.02","","30","","","","NA"
"-79.63","43.68","TORONTO INTL A","6158731","2023-06-01 10:00","2023","06","01","10:00","","28.2","","13.8","","41","","","","1","","4","","24.1","","100.02","","31","","","","Mainly Clear"
"-79.63","43.68","TORONTO INTL A","6158731","2023-06-01 11:00","2023","06","01","11:00","","29.0","","14.6","","41","","","","14","","9","","24.1","","100.01","","33","","","","NA"
"-79.63","43.68","TORONTO INTL A","6158731","2023-06-01 12:00","2023","06","01","12:00","","30.3","","13.5","","35","","","","16","","9","","24.1","","99.95","","33","","","","NA"
"-79.63","43.68","TORONTO INTL A","6158731","2023-06-01 13:00","2023","06","01","13:00","","29.9","","12.7","","34","","","","14","","14","","24.1","","99.90","","33","","","","Mainly Clear"
"-79.63","43.68","TORONTO INTL A","6158731","2023-06-01 14:00","2023","06","01","14:00","","30.6","","12.2","","32","","","","13","","12","","24.1","","99.85","","33","","","","NA"
"-79.63","43.68","TORONTO INTL A","6158731","2023-06-01 15:00","2023","06","01","15:00","","30.7","","12.3","","32","","","","16","","14","","24.1","","99.79","","33","","","","NA"
"-79.63","43.68","TORONTO INTL A","6158731","2023-06-01 16:00","2023","06","01","16:00","","30.3","","12.5","","33","","","","17","","12","","24.1","","99.75","","33","","","","Mainly Clear"
"-79.63","43.68","TORONTO INTL A","6158731","2023-06-01 17:00","2023","06","01","17:00","","29.9","","12.5","","34","","","","15","","10","","24.1","","99.71","","32","","","","NA"
"-79.63","43.68","TORONTO INTL A","6158731","2023-06-01 18:00","2023","06","01","18:00","","28.8","","10.5","","31","","","","15","","13","","24.1","","99.68","","30","","","","NA"
"-79.63","43.68","TORONTO INTL A","6158731","2023-06-01 19:00","2023","06","01","19:00","","27.9","","11.1","","35","","","","19","","8","","24.1","","99.70","","30","","","","Cloudy"
"-79.63","43.68","TORONTO INTL A","6158731","2023-06-01 20:00","2023","06","01","20:00","","27.6","","11.8","","37","","","","34","","19","","24.1","","99.75","","30","","","","NA"
"-79.63","43.68","TORONTO INTL A","6158731","2023-06-01 21:00","2023","06","01","21:00","","25.6","","10.9","","39","","","","35","","22","","24.1","","99.81","","27","","","","NA"
"-79.63","43.68","TORONTO INTL A","6158731","2023-06-01 22:00","2023","06","01","22:00","","24.4","","10.0","","40","","","","35","","21","","24.1","","99.83","","26","","","","Mainly Clear"
"-79.63","43.68","TORONTO INTL A","6158731","2023-06-01 23:00","2023","06","01","23:00","","23.1","","9.9","","43","","","","34","","15","","24.1","","99.82","","","","","","NA"
"-79.63","43.68","TORONTO INTL A","6158731","2023-06-02 00:00","2023","06","02","00:00","","22.3","","9.7","","44","","","","35","","17","","24.1","","99.80","","","","","","NA"
"-79.63","43.68","TORONTO INTL A","6158731","2023-06-02 01:00","2023","06","02","01:00","","21.8","","9.3","","45","","","","36","","19","","24.1","","99.76","","","","","","Mostly Cloudy"
"-79.63","43.68","TORONTO INTL A","6158731","2023-06-02 02:00","2023","06","02","02:00","","21.2","","9.4","","46","","","","35","","19","","24.1","","99.71","","","","","","NA"
"-79.63","43.68","TORONTO INTL A","6158731","2023-06-02 03:00","2023","06","02","03:00","","20.4","","9.5","","49","","","","36","","17","","24.1","","99.66","","","","","","NA"
"-79.63","43.68","TORONTO INTL A","6158731","2023-06-02 04:00","2023","06","02","04:00","","20.4","","9.5","","49","","","","36","","18","","24.1","","99.65","","","","","","Mainly Clear"
"-79.63","43.68","TORONTO INTL A","6158731","2023-06-02 05:00","2023","06","02","05:00","","20.9","","9.6","","48","","","","35","","19","","24.1","","99.66","","","","","","NA"
"-79.63","43.68","TORONTO INTL A","6158731","2023-06-02 06:00","2023","06","02","06:00","","20.3","","10.8","","54","","","","36","","7","","24.1","","99.71","","","","","","NA"
"-79.63","43.68","TORONTO INTL A","6158731","2023-06-02 07:00","2023","06","02","07:00","","22.4","","11.0","","48","","","","36","","10","","24.1","","99.73","","","","","","Mostly Cloudy"
"-79.63","43.68","TORONTO INTL A","6158731","2023-06-02 08:00","2023","06","02","08:00","","25.4","","13.2","","46","","","","1","","13","","24.1","","99.76","","28","","","","NA"
"-79.63","43.68","TORONTO INTL A","6158731","2023-06-02 09:00","2023","06","02","09:00","","27.2","","13.4","","42","","","","2","","12","","24.1","","99.74","","30","","","","NA"
"-79.63","43.68","TORONTO INTL A","6158731","2023-06-02 10:00","2023","06","02","10:00","","30.1","","12.7","","34","","","","36","","24","","24.1","","99.70","","33","","","","Mostly Cloudy"
"-79.63","43.68","TORONTO INTL A","6158731","2023-06-02 11:00","2023","06","02","11:00","","31.6","","11.3","","28","","","","35","","22","","24.1","","99.65","","34","","","","NA"
"-79.63","43.68","TORONTO INTL A","6158731","2023-06-02 12:00","2023","06","02","12:00","","31.6","","13.1","","32","","","","34","","20","","24.1","","99.61","","34","","","","NA"
"-79.63","43.68","TORONTO INTL A","6158731","2023-06-02 13:00","2023","06","02","13:00","","30.0","","13.1","","35","","","","36","","27","","24.1","","99.60","","33","","","","Mostly Cloudy"
"-79.63","43.68","TORONTO INTL A","6158731","2023-06-02 14:00","2023","06","02","14:00","","31.2","","13.6","","34","","","","3","","23","","24.1","","99.54","","34","","","","NA"
"-79.63","43.68","TORONTO INTL A","6158731","2023-06-02 15:00","2023","06","02","15:00","","31.5","","14.6","","35","","","","1","","23","","24.1","","99.45","","35","","","","NA"
"-79.63","43.68","TORONTO INTL A","6158731","2023-06-02 16:00","2023","06","02","16:00","","31.4","","14.6","","35","","","","35","","19","","24.1","","99.39","","35","","","","Mostly Cloudy"
"-79.63","43.68","TORONTO INTL A","6158731","2023-06-02 17:00","2023","06","02","17:00","","31.1","","16.5","","41","","","","3","","18","","24.1","","99.38","","36","","","","NA"
"-79.63","43.68","TORONTO INTL A","6158731","2023-06-02 18:00","2023","06","02","18:00","","29.6","","17.5","","48","","","","35","","26","","24.1","","99.38","","35","","","","NA"
"-79.63","43.68","TORONTO INTL A","6158731","2023-06-02 19:00","2023","06","02","19:00","","25.8","","16.4","","55","","","","18","","5","","24.1","","99.44","","31","","","","Mostly Cloudy"
"-79.63","43.68","TORONTO INTL A","6158731","2023-06-02 20:00","2023","06","02","20:00","","26.0","","16.4","","55","","","","35","","22","","24.1","","99.46","","31","","","","NA"
"-79.63","43.68","TORONTO INTL A","6158731","2023-06-02 21:00","2023","06","02","21:00","","24.7","","16.1","","58","","","","35","","27","","24.1","","99.48","","29","","","","NA"
"-79.63","43.68","TORONTO INTL A","6158731","2023-06-02 22:00","2023","06","02","22:00","","23.6","","15.8","","61","","","","36","","23","","24.1","","99.47","","28","","","","Mainly Clear"
"-79.63","43.68","TORONTO INTL A","6158731","2023-06-02 23:00","2023","06","02","23:00","","22.3","","15.7","","66","","","","1","","21","","24.1","","99.51","","27","","","","NA"
"-79.63","43.68","TORONTO INTL A","6158731","2023-06-03 00:00","2023","06","03","00:00","","22.2","","15.7","","66","","","","35","","18","","24.1","","99.48","","27","","","","NA"
"-79.63","43.68","TORONTO INTL A","6158731","2023-06-03 01:00","2023","06","03","01:00","","21.2","","15.2","","68","","","","35","","23","","24.1","","99.45","","25","","","","Mainly Clear"
"-79.63","43.68","TORONTO INTL A","6158731","2023-06-03 02:00","2023","06","03","02:00","","20.5","","15.2","","71","","","","36","","20","","24.1","","99.46","","25","","","","NA"
"-79.63","43.68","TORONTO INTL A","6158731","2023-06-03 03:00","2023","06","03","03:00","","19.8","","15.0","","73","","","","3","","12","","24.1","","99.49","","","","","","NA"
"-79.63","43.68","TORONTO INTL A","6158731","2023-06-03 04:00","2023","06","03","04:00","","20.7","","14.6","","68","","","","5","","6","","16.1","","99.54","","","","","","Mainly Clear"
"-79.63","43.68","TORONTO INTL A","6158731","2023-06-03 05:00","2023","06","03","05:00","","19.2","","14.1","","72","","","","1","","10","","19.3","","99.61","","","","","","NA"
"-79.63","43.68","TORONTO INTL A","6158731","2023-06-03 06:00","2023","06","03","06:00","","20.0","","13.8","","67","","","","3","","8","","24.1","","99.69","","","","","","NA"
"-79.63","43.68","TORONTO INTL A","6158731","2023-06-03 07:00","2023","06","03","07:00","","20.8","","12.3","","58","","","","4","","12","","24.1","","99.75","","","","","","Mostly Cloudy"
"-79.63","43.68","TORONTO INTL A","6158731","2023-06-03 08:00","2023","06","03","08:00","","21.5","","11.8","","54","","","","8","","15","","24.1","","99.78","","","","","","NA"
"-79.63","43.68","TORONTO INTL A","6158731","2023-06-03 09:00","2023","06","03","09:00","","20.1","","14.1","","68","","","","13","","16","","24.1","","99.83","","","","","","NA"
"-79.63","43.68","TORONTO INTL A","6158731","2023-06-03 10:00","2023","06","03","10:00","","18.8","","13.3","","70","","","","14","","17","","24.1","","99.88","","","","","","Cloudy"
"-79.63","43.68","TORONTO INTL A","6158731","2023-06-03 11:00","2023","06","03","11:00","","19.2","","12.8","","66","","","","15","","14","","24.1","","99.90","","","","","","NA"
"-79.63","43.68","TORONTO INTL A","6158731","2023-06-03 12:00","2023","06","03","12:00","","20.0","","12.4","","61","","","","13","","16","","24.1","","99.90","","","","","","NA"
"-79.63","43.68","TORONTO INTL A","6158731","2023-06-03 13:00","2023","06","03","13:00","","20.7","","11.9","","57","","","","15","","21","","24.1","","99.89","","","","","","Cloudy"
"-79.63","43.68","TORONTO INTL A","6158731","2023-06-03 14:00","2023","06","03","14:00","","21.0","","11.6","","55","","","","13","","19","","24.1","","99.89","","","","","","NA"
"-79.63","43.68","TORONTO INTL A","6158731","2023-06-03 15:00","2023","06","03","15:00","","21.9","","10.4","","48","","","","13","","18","","24.1","","99.88","","","","","","NA"
"-79.63","43.68","TORONTO INTL A","6158731","2023-06-03 16:00","2023","06","03","16:00","","21.4","","8.4","","43","","","","10","","23","","24.1","","99.89","","","","","","Mostly Cloudy"
"-79.63","43.68","TORONTO INTL A","6158731","2023-06-03 17:00","2023","06","03","17:00","","20.9","","9.2","","47","","","","12","","15","","24.1","","99.88","","","","","","NA"
"-79.63","43.68","TORONTO INTL A","6158731","2023-06-03 18:00","2023","06","03","18:00","","20.5","","6.9","","41","","","","9","","17","","24.1","","99.88","","","","","","NA"
"-79.63","43.68","TORONTO INTL A","6158731","2023-06-03 19:00","2023","06","03","19:00","","19.8","","6.7","","42","","","","8","","11","","24.1","","99.92","","","","","","Mainly Clear"
"-79.63","43.68","TORONTO INTL A","6158731","2023-06-03 20:00","2023","06","03","20:00","","18.1","","6.5","","46","","","","9","","14","","24.1","","99.93","","","","","","NA"
"-79.63","43.68","TORONTO INTL A","6158731","2023-06-03 21:00","2023","06","03","21:00","","16.9","","6.7","","51","","","","9","","10","","24.1","","99.98","","","","","","NA"
"-79.63","43.68","TORONTO INTL A","6158731","2023-06-03 22:00","2023","06","03","22:00","","16.4","","7.0","","53","","","","11","","11","","24.1","","100.02","","","","","","Mainly Clear"
"-79.63","43.68","TORONTO INTL A","6158731","2023-06-03 23:00","2023","06","03","23:00","","16.1","","4.1","","45","","","","10","","14","","24.1","","100.06","","","","","","NA"
"-79.63","43.68","TORONTO INTL A","6158731","2023-06-04 00:00","2023","06","04","00:00","","16.1","","1.5","","37","","","","9","","18","","24.1","","100.06","","","","","","NA"
"-79.63","43.68","TORONTO INTL A","6158731","2023-06-04 01:00","2023","06","04","01:00","","15.2","","2.8","","43","","","","9","","13","","24.1","","100.02","","","","","","Clear"
"-79.63","43.68","TORONTO INTL A","6158731","2023-06-04 02:00","2023","06","04","02:00","","14.4","","3.5","","47","","","","8","","9","","24.1","","100.01","","","","","","NA"
"-79.63","43.68","TORONTO INTL A","6158731","2023-06-04 03:00","2023","06","04","03:00","","13.9","","3.5","","49","","","","7","","9","","24.1","","99.99","","","","","","NA"
"-79.63","43.68","TORONTO INTL A","6158731","2023-06-04 04:00","2023","06","04","04:00","","12.4","","2.3","","50","","","","5","","8","","24.1","","99.98","","","","","","Mainly Clear"
"-79.63","43.68","TORONTO INTL A","6158731","2023-06-04 05:00","2023","06","04","05:00","","13.0","","1.9","","47","","","","3","","8","","24.1","","100.01","","","","","","NA"
"-79.63","43.68","TORONTO INTL A","6158731","2023-06-04 06:00","2023","06","04","06:00","","13.7","","1.8","","44","","","","2","","10","","24.1","","100.05","","","","","","NA"
"-79.63","43.68","TORONTO INTL A","6158731","2023-06-04 07:00","2023","06","04","07:00","","15.4","","2.4","","41","","","","7","","10","","24.1","","100.10","","","","","","Clear"
"-79.63","43.68","TORONTO INTL A","6158731","2023-06-04 08:00","2023","06","04","08:00","","17.0","","0.1","","32","","","","11","","11","","24.1","","100.13","","","","","","NA"
"-79.63","43.68","TORONTO INTL A","6158731","2023-06-04 09:00","2023","06","04","09:00","","18.6","","1.4","","31","","","","6","","16","","24.1","","100.13","","","","","","NA"
"-79.63","43.68","TORONTO INTL A","6158731","2023-06-04 10:00","2023","06","04","10:00","","20.0","","1.8","","30","","","","5","","8","","24.1","","100.11","","","","","","Mainly Clear"
"-79.63","43.68","TORONTO INTL A","6158731","2023-06-04 11:00","2023","06","04","11:00","","19.1","","4.4","","38","","","","17","","21","","24.1","","100.06","","","","","","NA"
"-79.63","43.68","TORONTO INTL A","6158731","2023-06-04 12:00","2023","06","04","12:00","","19.0","","3.1","","35","","","","16","","17","","24.1","","99.99","","","","","","NA"
"-79.63","43.68","TORONTO INTL A","6158731","2023-06-04 13:00","2023","06","04","13:00","","19.1","","3.5","","35","","","","16","","17","","24.1","","99.93","","","","","","Mainly Clear"
"-79.63","43.68","TORONTO INTL A","6158731","2023-06-04 14:00","2023","06","04","14:00","","19.8","","1.4","","29","","","","18","","13","","24.1","","99.86","","","","","","NA"
"-79.63","43.68","TORONTO INTL A","6158731","2023-06-04 15:00","2023","06","04","15:00","","19.9","","1.6","","29","","","","15","","16","","24.1","","99.82","","","","","","NA"
"-79.63","43.68","TORONTO INTL A","6158731","2023-06-04 16:00","2023","06","04","16:00","","19.1","","3.4","","35","","","","17","","16","","24.1","","99.80","","","","","","Mostly Cloudy"
"-79.63","43.68","TORONTO INTL A","6158731","2023-06-04 17:00","2023","06","04","17:00","","19.0","","2.7","","34","","","","16","","9","","24.1","","99.75","","","","","","NA"
"-79.63","43.68","TORONTO INTL A","6158731","2023-06-04 18:00","2023","06","04","18:00","","18.9","","2.3","","33","","","","18","","12","","24.1","","99.75","","","","","","NA"
"-79.63","43.68","TORONTO INTL A","6158731","2023-06-04 19:00","2023","06","04","19:00","","18.4","","1.6","","32","","","","19","","8","","24.1","","99.73","","","","","","Mostly Cloudy"
"-79.63","43.68","TORONTO INTL A","6158731","2023-06-04 20:00","2023","06","04","20:00","","17.5","","2.1","","35","","","","17","","5","","24.1","","99.75","","","","","","NA"
"-79.63","43.68","TORONTO INTL A","6158731","2023-06-04 21:00","2023","06","04","21:00","","16.4","","2.0","","37","","","","25","","7","","24.1","","99.80","","","","","","NA"
"-79.63","43.68","TORONTO INTL A","6158731","2023-06-04 22:00","2023","06","04","22:00","","16.0","","2.2","","39","","","","25","","9","","24.1","","99.79","","","","","","Mostly Cloudy"
"-79.63","43.68","TORONTO INTL A","6158731","2023-06-04 23:00","2023","06","04","23:00","","15.9","","3.1","","42","","","","29","","9","","24.1","","99.74","","","","","","NA"
"-79.63","43.68","TORONTO INTL A","6158731","2023-06-05 00:00","2023","06","05","00:00","","15.4","","2.8","","42","","","","28","","9","","24.1","","99.70","","","","","","NA"
"-79.63","43.68","TORONTO INTL A","6158731","2023-06-05 01:00","2023","06","05","01:00","","15.6","","5.4","","50","","","","31","","10","","24.1","","99.69","","","","","","Mostly Cloudy"
"-79.63","43.68","TORONTO INTL A","6158731","2023-06-05 02:00","2023","06","05","02:00","","15.2","","6.1","","54","","","","34","","13","","24.1","","99.68","","","","","","NA"
"-79.63","43.68","TORONTO INTL A","6158731","2023-06-05 03:00","2023","06","05","03:00","","14.4","","6.2","","57","","","","29","","5","","24.1","","99.63","","","","","","NA"
"-79.63","43.68","TORONTO INTL A","6158731","2023-06-05 04:00","2023","06","05","04:00","","13.7","","6.6","","62","","","","28","","9","","24.1","","99.64","","","","","","Cloudy"
"-79.63","43.68","TORONTO INTL A","6158731","2023-06-05 05:00","2023","06","05","05:00","","14.6","","5.8","","55","","","","28","","13","","19.3","","99.66","","","","","","NA"
"-79.63","43.68","TORONTO INTL A","6158731","2023-06-05 06:00","2023","06","05","06:00","","15.7","","5.5","","50","","","","31","","12","","24.1","","99.62","","","","","","NA"
"-79.63","43.68","TORONTO INTL A","6158731","2023-06-05 07:00","2023","06","05","07:00","","17.0","","6.0","","48","","","","30","","11","","24.1","","99.63","","","","","","Mostly Cloudy"
"-79.63","43.68","TORONTO INTL A","6158731","2023-06-05 08:00","2023","06","05","08:00","","17.6","","6.3","","47","","","","4","","8","","24.1","","99.64","","","","","","NA"
"-79.63","43.68","TORONTO INTL A","6158731","2023-06-05 09:00","2023","06","05","09:00","","18.9","","6.5","","44","","","","33","","9","","24.1","","99.62","","","","","","NA"
"-79.63","43.68","TORONTO INTL A","6158731","2023-06-05 10:00","2023","06","05","10:00","","19.9","","6.3","","41","","","","5","","6","","24.1","","99.61","","","","","","Mostly Cloudy"
"-79.63","43.68","TORONTO INTL A","6158731","2023-06-05 11:00","2023","06","05","11:00","","22.1","","6.0","","35","","","","2","","10","","24.1","","99.55","","","","","","NA"
"-79.63","43.68","TORONTO INTL A","6158731","2023-06-05 12:00","2023","06","05","12:00","","22.7","","5.8","","33","","","","25","","4","","24.1","","99.49","","","","","","NA"
"-79.63","43.68","TORONTO INTL A","6158731","2023-06-05 13:00","2023","06","05","13:00","","23.8","","6.1","","32","","","","1","","10","","24.1","","99.42","","","","","","Mostly Cloudy"
"-79.63","43.68","TORONTO INTL A","6158731","2023-06-05 14:00","2023","06","05","14:00","","23.7","","8.4","","37","","","","14","","13","","19.3","","99.34","","","","","","NA"
"-79.63","43.68","TORONTO INTL A","6158731","2023-06-05 15:00","2023","06","05","15:00","","23.8","","7.9","","36","","","","13","","17","","16.1","","99.29","","","","","","NA"
"-79.63","43.68","TORONTO INTL A","6158731","2023-06-05 16:00","2023","06","05","16:00","","24.3","","8.1","","35","","","","15","","11","","16.1","","99.24","","25","","","","Mainly Clear"
"-79.63","43.68","TORONTO INTL A","6158731","2023-06-05 17:00","2023","06","05","17:00","","23.3","","7.3","","35","","","","15","","13","","16.1","","99.20","","","","","","NA"
"-79.63","43.68","TORONTO INTL A","6158731","2023-06-05 18:00","2023","06","05","18:00","","22.3","","7.7","","39","","","","15","","9","","16.1","","99.18","","","","","","NA"
"-79.63","43.68","TORONTO INTL A","6158731","2023-06-05 19:00","2023","06","05","19:00","","21.6","","7.1","","39","","","","14","","7","","16.1","","99.19","","","","","","Mostly Cloudy"
"-79.63","43.68","TORONTO INTL A","6158731","2023-06-05 20:00","2023","06","05","20:00","","20.2","","13.4","","64","","","","2","","11","","16.1","","99.20","","","","","","NA"
"-79.63","43.68","TORONTO INTL A","6158731","2023-06-05 21:00","2023","06","05","21:00","","19.9","","13.5","","66","","","","35","","5","","16.1","","99.21","","","","","","NA"
"-79.63","43.68","TORONTO INTL A","6158731","2023-06-05 22:00","2023","06","05","22:00","","19.4","","13.7","","69","","","","32","","12","","16.1","","99.19","","","","","","Mostly Cloudy"
"-79.63","43.68","TORONTO INTL A","6158731","2023-06-05 23:00","2023","06","05","23:00","","19.1","","12.7","","66","","","","33","","22","","16.1","","99.17","","","","","","NA"
"-79.63","43.68","TORONTO INTL A","6158731","2023-06-06 00:00","2023","06","06","00:00","","18.0","","12.3","","69","","","","34","","15","","12.9","","99.14","","","","","","NA"
"-79.63","43.68","TORONTO INTL A","6158731","2023-06-06 01:00","2023","06","06","01:00","","17.0","","11.7","","71","","","","34","","21","","12.9","","99.10","","","","","","Mostly Cloudy"
"-79.63","43.68","TORONTO INTL A","6158731","2023-06-06 02:00","2023","06","06","02:00","","16.9","","11.4","","70","","","","34","","22","","16.1","","99.08","","","","","","NA"
"-79.63","43.68","TORONTO INTL A","6158731","2023-06-06 03:00","2023","06","06","03:00","","16.4","","11.0","","70","","","","35","","21","","16.1","","99.05","","","","","","NA"
"-79.63","43.68","TORONTO INTL A","6158731","2023-06-06 04:00","2023","06","06","04:00","","15.7","","10.2","","70","","","","35","","20","","16.1","","99.05","","","","","","Mostly Cloudy"
"-79.63","43.68","TORONTO INTL A","6158731","2023-06-06 05:00","2023","06","06","05:00","","15.4","","9.0","","65","","","","35","","23","","19.3","","99.07","","","","","","NA"
"-79.63","43.68","TORONTO INTL A","6158731","2023-06-06 06:00","2023","06","06","06:00","","15.5","","8.1","","61","","","","35","","27","","24.1","","99.08","","","","","","NA"
"-79.63","43.68","TORONTO INTL A","6158731","2023-06-06 07:00","2023","06","06","07:00","","16.4","","8.2","","58","","","","36","","27","","24.1","","99.09","","","","","","Mainly Clear"
"-79.63","43.68","TORONTO INTL A","6158731","2023-06-06 08:00","2023","06","06","08:00","","17.8","","7.9","","52","","","","35","","25","","24.1","","99.08","","","","","","NA"
"-79.63","43.68","TORONTO INTL A","6158731","2023-06-06 09:00","2023","06","06","09:00","","18.7","","8.3","","51","","","","35","","30","","24.1","","99.07","","","","","","NA"
"-79.63","43.68","TORONTO INTL A","6158731","2023-06-06 10:00","2023","06","06","10:00","","20.2","","8.6","","47","","","","35","","24","","16.1","","99.00","","","","","","Mainly Clear"
"-79.63","43.68","TORONTO INTL A","6158731","2023-06-06 11:00","2023","06","06","11:00","","20.8","","7.8","","43","","","","34","","35","","9.7","","98.95","","","","","","Smoke"
"-79.63","43.68","TORONTO INTL A","6158731","2023-06-06 12:00","2023","06","06","12:00","","21.2","","6.8","","39","","","","1","","23","","8.1","","98.91","","","","","","Smoke"
"-79.63","43.68","TORONTO INTL A","6158731","2023-06-06 13:00","2023","06","06","13:00","","22.1","","8.2","","40","","","","35","","29","","8.1","","98.86","","","","","","Smoke"
"-79.63","43.68","TORONTO INTL A","6158731","2023-06-06 14:00","2023","06","06","14:00","","23.0","","2.5","","26","","","","34","","29","","9.7","","98.81","","","","","","Smoke"
"-79.63","43.68","TORONTO INTL A","6158731","2023-06-06 15:00","2023","06","06","15:00","","22.4","","2.5","","27","","","","34","","30","","8.1","","98.79","","","","","","Smoke"
"-79.63","43.68","TORONTO INTL A","6158731","2023-06-06 16:00","2023","06","06","16:00","","22.2","","3.7","","29","","","","34","","34","","9.7","","98.77","","","","","","Smoke"
"-79.63","43.68","TORONTO INTL A","6158731","2023-06-06 17:00","2023","06","06","17:00","","21.6","","3.9","","31","","","","34","","28","","9.7","","98.78","","","","","","Smoke"
"-79.63","43.68","TORONTO INTL A","6158731","2023-06-06 18:00","2023","06","06","18:00","","20.3","","3.3","","32","","","","36","","35","","9.7","","98.78","","","","","","Smoke"
"-79.63","43.68","TORONTO INTL A","6158731","2023-06-06 19:00","2023","06","06","19:00","","19.6","","2.2","","31","","","","32","","35","","9.7","","98.79","","","","","","Smoke"
"-79.63","43.68","TORONTO INTL A","6158731","2023-06-06 20:00","2023","06","06","20:00","","18.3","","2.0","","33","","","","35","","24","","9.7","","98.83","","","","","","Smoke"
"-79.63","43.68","TORONTO INTL A","6158731","2023-06-06 21:00","2023","06","06","21:00","","17.1","","2.7","","38","","","","34","","18","","9.7","","98.88","","","","","","Smoke"
"-79.63","43.68","TORONTO INTL A","6158731","2023-06-06 22:00","2023","06","06","22:00","","16.1","","3.0","","41","","","","35","","20","","16.1","","98.90","","","","","","Mainly Clear"
"-79.63","43.68","TORONTO INTL A","6158731","2023-06-06 23:00","2023","06","06","23:00","","15.2","","3.0","","44","","","","35","","20","","24.1","","98.90","","","","","","NA"
"-79.63","43.68","TORONTO INTL A","6158731","2023-06-07 00:00","2023","06","07","00:00","","14.4","","3.3","","47","","","","34","","21","","24.1","","98.85","","","","","","NA"
"-79.63","43.68","TORONTO INTL A","6158731","2023-06-07 01:00","2023","06","07","01:00","","13.8","","3.4","","49","","","","34","","21","","24.1","","98.82","","","","","","Mainly Clear"
"-79.63","43.68","TORONTO INTL A","6158731","2023-06-07 02:00","2023","06","07","02:00","","13.1","","3.2","","51","","","","34","","16","","24.1","","98.80","","","","","","NA"
"-79.63","43.68","TORONTO INTL A","6158731","2023-06-07 03:00","2023","06","07","03:00","","12.5","","3.0","","52","","","","34","","17","","24.1","","98.79","","","","","","NA"
"-79.63","43.68","TORONTO INTL A","6158731","2023-06-07 04:00","2023","06","07","04:00","","12.1","","2.8","","52","","","","35","","21","","16.1","","98.80","","","","","","Mainly Clear"
"-79.63","43.68","TORONTO INTL A","6158731","2023-06-07 05:00","2023","06","07","05:00","","12.2","","2.9","","53","","","","33","","19","","12.9","","98.83","","","","","","NA"
"-79.63","43.68","TORONTO INTL A","6158731","2023-06-07 06:00","2023","06","07","06:00","","12.7","","3.4","","53","","","","34","","23","","24.1","","98.83","","","","","","NA"
"-79.63","43.68","TORONTO INTL A","6158731","2023-06-07 07:00","2023","06","07","07:00","","13.7","","3.5","","50","","","","34","","21","","24.1","","98.85","","","","","","Mainly Clear"
"-79.63","43.68","TORONTO INTL A","6158731","2023-06-07 08:00","2023","06","07","08:00","","15.1","","2.9","","44","","","","36","","18","","19.3","","98.85","","","","","","NA"
"-79.63","43.68","TORONTO INTL A","6158731","2023-06-07 09:00","2023","06","07","09:00","","16.2","","2.9","","41","","","","35","","19","","16.1","","98.84","","","","","","NA"
"-79.63","43.68","TORONTO INTL A","6158731","2023-06-07 10:00","2023","06","07","10:00","","17.7","","1.5","","33","","","","35","","16","","12.9","","98.80","","","","","","Mostly Cloudy"
"-79.63","43.68","TORONTO INTL A","6158731","2023-06-07 11:00","2023","06","07","11:00","","19.5","","-0.8","","25","","","","34","","27","","12.9","","98.73","","","","","","NA"
"-79.63","43.68","TORONTO INTL A","6158731","2023-06-07 12:00","2023","06","07","12:00","","19.6","","-0.4","","26","","","","34","","23","","19.3","","98.67","","","","","","NA"
"-79.63","43.68","TORONTO INTL A","6158731","2023-06-07 13:00","2023","06","07","13:00","","20.5","","-0.4","","24","","","","30","","23","","16.1","","98.62","","","","","","Mainly Clear"
"-79.63","43.68","TORONTO INTL A","6158731","2023-06-07 14:00","2023","06","07","14:00","","20.6","","-1.2","","23","","","","35","","24","","19.3","","98.62","","","","","","NA"
"-79.63","43.68","TORONTO INTL A","6158731","2023-06-07 15:00","2023","06","07","15:00","","20.7","","1.5","","28","","","","32","","33","","19.3","","98.62","","","","","","NA"
"-79.63","43.68","TORONTO INTL A","6158731","2023-06-07 16:00","2023","06","07","16:00","","20.2","","1.8","","29","","","","35","","25","","19.3","","98.63","","","","","","Mainly Clear"
"-79.63","43.68","TORONTO INTL A","6158731","2023-06-07 17:00","2023","06","07","17:00","","19.4","","1.4","","30","","","","35","","21","","16.1","","98.64","","","","","","NA"
"-79.63","43.68","TORONTO INTL A","6158731","2023-06-07 18:00","2023","06","07","18:00","","19.1","","1.0","","29","","","","35","","28","","12.9","","98.66","","","","","","NA"
"-79.63","43.68","TORONTO INTL A","6158731","2023-06-07 19:00","2023","06","07","19:00","","18.4","","0.5","","30","","","","33","","25","","12.9","","98.67","","","","","","Mainly Clear"
"-79.63","43.68","TORONTO INTL A","6158731","2023-06-07 20:00","2023","06","07","20:00","","17.6","","0.4","","31","","","","35","","18","","12.9","","98.69","","","","","","NA"
"-79.63","43.68","TORONTO INTL A","6158731","2023-06-07 21:00","2023","06","07","21:00","","16.8","","3.3","","40","","","","36","","22","","19.3","","98.74","","","","","","NA"
"-79.63","43.68","TORONTO INTL A","6158731","2023-06-07 22:00","2023","06","07","22:00","","16.1","","4.6","","46","","","","36","","19","","16.1","","98.77","","","","","","Rain Showers"
"-79.63","43.68","TORONTO INTL A","6158731","2023-06-07 23:00","2023","06","07","23:00","","15.3","","4.9","","50","","","","36","","12","","16.1","","98.75","","","","","","NA"
"-79.63","43.68","TORONTO INTL A","6158731","2023-06-08 00:00","2023","06","08","00:00","","15.3","","5.4","","51","","","","34","","12","","19.3","","98.72","","","","","","NA"
"-79.63","43.68","TORONTO INTL A","6158731","2023-06-08 01:00","2023","06","08","01:00","","15.4","","5.1","","50","","","","34","","17","","19.3","","98.69","","","","","","Mostly Cloudy"
"-79.63","43.68","TORONTO INTL A","6158731","2023-06-08 02:00","2023","06","08","02:00","","14.9","","6.6","","57","","","","35","","18","","19.3","","98.67","","","","","","NA"
"-79.63","43.68","TORONTO INTL A","6158731","2023-06-08 03:00","2023","06","08","03:00","","14.7","","7.2","","61","","","","34","","16","","19.3","","98.66","","","","","","NA"
"-79.63","43.68","TORONTO INTL A","6158731","2023-06-08 04:00","2023","06","08","04:00","","14.4","","7.2","","62","","","","35","","18","","19.3","","98.68","","","","","","Mostly Cloudy"
"-79.63","43.68","TORONTO INTL A","6158731","2023-06-08 05:00","2023","06","08","05:00","","14.4","","7.9","","65","","","","35","","17","","16.1","","98.72","","","","","","NA"
"-79.63","43.68","TORONTO INTL A","6158731","2023-06-08 06:00","2023","06","08","06:00","","14.4","","8.3","","66","","","","35","","14","","24.1","","98.75","","","","","","NA"
"-79.63","43.68","TORONTO INTL A","6158731","2023-06-08 07:00","2023","06","08","07:00","","14.8","","8.8","","67","","","","35","","14","","24.1","","98.79","","","","","","Cloudy"
"-79.63","43.68","TORONTO INTL A","6158731","2023-06-08 08:00","2023","06","08","08:00","","15.4","","8.9","","65","","","","36","","17","","19.3","","98.81","","","","","","NA"
"-79.63","43.68","TORONTO INTL A","6158731","2023-06-08 09:00","2023","06","08","09:00","","16.5","","7.8","","56","","","","35","","14","","16.1","","98.80","","","","","","NA"
"-79.63","43.68","TORONTO INTL A","6158731","2023-06-08 10:00","2023","06","08","10:00","","16.8","","7.7","","55","","","","1","","17","","16.1","","98.79","","","","","","Cloudy"
"-79.63","43.68","TORONTO INTL A","6158731","2023-06-08 11:00","2023","06","08","11:00","","17.4","","7.4","","51","","","","35","","23","","16.1","","98.79","","","","","","NA"
"-79.63","43.68","TORONTO INTL A","6158731","2023-06-08 12:00","2023","06","08","12:00","","19.0","","7.6","","47","","","","36","","17","","16.1","","98.78","","","","","","NA"
"-79.63","43.68","TORONTO INTL A","6158731","2023-06-08 13:00","2023","06","08","13:00","","17.7","","7.4","","51","","","","36","","16","","16.1","","98.76","","","","","","Cloudy"
"-79.63","43.68","TORONTO INTL A","6158731","2023-06-08 14:00","2023","06","08","14:00","","17.5","","7.4","","51","","","","34","","21","","16.1","","98.77","","","","","","NA"
"-79.63","43.68","TORONTO INTL A","6158731","2023-06-08 15:00","2023","06","08","15:00","","16.8","","9.2","","61","","","","4","","18","","16.1","","98.80","","","","","","NA"
"-79.63","43.68","TORONTO INTL A","6158731","2023-06-08 16:00","2023","06","08","16:00","","14.0","","11.3","","84","","","","36","","18","","16.1","","98.85","","","","","","Rain"
"-79.63","43.68","TORONTO INTL A","6158731","2023-06-08 17:00","2023","06","08","17:00","","14.2","","11.1","","82","","","","36","","18","","19.3","","98.86","","","","","","NA"
"-79.63","43.68","TORONTO INTL A","6158731","2023-06-08 18:00","2023","06","08","18:00","","14.6","","10.6","","77","","","","32","","13","","16.1","","98.86","","","","","","NA"
"-79.63","43.68","TORONTO INTL A","6158731","2023-06-08 19:00","2023","06","08","19:00","","14.6","","10.1","","74","","","","34","","11","","16.1","","98.86","","","","","","Rain"
"-79.63","43.68","TORONTO INTL A","6158731","2023-06-08 20:00","2023","06","08","20:00","","15.2","","8.9","","66","","","","32","","12","","12.9","","98.87","","","","","","NA"
"-79.63","43.68","TORONTO INTL A","6158731","2023-06-08 21:00","2023","06","08","21:00","","14.7","","9.3","","70","","","","35","","17","","24.1","","98.91","","","","","","NA"
"-79.63","43.68","TORONTO INTL A","6158731","2023-06-08 22:00","2023","06","08","22:00","","14.1","","9.5","","74","","","","35","","16","","24.1","","98.91","","","","","","Mainly Clear"
"-79.63","43.68","TORONTO INTL A","6158731","2023-06-08 23:00","2023","06","08","23:00","","13.9","","9.3","","73","","","","33","","15","","24.1","","98.89","","","","","","NA"
"-79.63","43.68","TORONTO INTL A","6158731","2023-06-09 00:00","2023","06","09","00:00","","14.0","","9.0","","72","","","","33","","18","","24.1","","98.87","","","","","","NA"
"-79.63","43.68","TORONTO INTL A","6158731","2023-06-09 01:00","2023","06","09","01:00","","13.4","","9.0","","74","","","","33","","17","","24.1","","98.85","","","","","","Mostly Cloudy"
"-79.63","43.68","TORONTO INTL A","6158731","2023-06-09 02:00","2023","06","09","02:00","","12.7","","8.8","","77","","","","33","","14","","24.1","","98.84","","","","","","NA"
"-79.63","43.68","TORONTO INTL A","6158731","2023-06-09 03:00","2023","06","09","03:00","","12.5","","8.5","","76","","","","33","","14","","24.1","","98.84","","","","","","NA"
"-79.63","43.68","TORONTO INTL A","6158731","2023-06-09 04:00","2023","06","09","04:00","","11.4","","8.1","","80","","","","32","","7","","24.1","","98.84","","","","","","Mostly Cloudy"
"-79.63","43.68","TORONTO INTL A","6158731","2023-06-09 05:00","2023","06","09","05:00","","11.3","","8.1","","81","","","","31","","9","","24.1","","98.88","","","","","","NA"
"-79.63","43.68","TORONTO INTL A","6158731","2023-06-09 06:00","2023","06","09","06:00","","12.1","","8.5","","79","","","","27","","9","","24.1","","98.91","","","","","","Rain"
"-79.63","43.68","TORONTO INTL A","6158731","2023-06-09 07:00","2023","06","09","07:00","","12.0","","10.5","","90","","","","35","","16","","9.7","","98.94","","","","","","Rain,Fog"
"-79.63","43.68","TORONTO INTL A","6158731","2023-06-09 08:00","2023","06","09","08:00","","13.1","","11.5","","90","","","","30","","12","","16.1","","98.92","","","","","","NA"
"-79.63","43.68","TORONTO INTL A","6158731","2023-06-09 09:00","2023","06","09","09:00","","13.9","","11.9","","88","","","","32","","13","","16.1","","98.93","","","","","","Rain"
"-79.63","43.68","TORONTO INTL A","6158731","2023-06-09 10:00","2023","06","09","10:00","","14.6","","11.7","","82","","","","34","","19","","19.3","","98.93","","","","","","Cloudy"
"-79.63","43.68","TORONTO INTL A","6158731","2023-06-09 11:00","2023","06","09","11:00","","14.7","","11.7","","82","","","","31","","18","","19.3","","98.94","","","","","","NA"
"-79.63","43.68","TORONTO INTL A","6158731","2023-06-09 12:00","2023","06","09","12:00","","16.7","","11.7","","72","","","","34","","24","","19.3","","98.91","","","","","","NA"
"-79.63","43.68","TORONTO INTL A","6158731","2023-06-09 13:00","2023","06","09","13:00","","18.6","","11.5","","63","","","","32","","25","","19.3","","98.85","","","","","","Mostly Cloudy"
"-79.63","43.68","TORONTO INTL A","6158731","2023-06-09 14:00","2023","06","09","14:00","","19.8","","11.5","","59","","","","36","","24","","19.3","","98.79","","","","","","NA"
"-79.63","43.68","TORONTO INTL A","6158731","2023-06-09 15:00","2023","06","09","15:00","","20.4","","9.9","","51","","","","30","","26","","24.1","","98.73","","","","","","NA"
"-79.63","43.68","TORONTO INTL A","6158731","2023-06-09 16:00","2023","06","09","16:00","","20.6","","9.4","","48","","","","35","","20","","24.1","","98.75","","","","","","Cloudy"
"-79.63","43.68","TORONTO INTL A","6158731","2023-06-09 17:00","2023","06","09","17:00","","21.0","","9.6","","47","","","","32","","19","","24.1","","98.72","","","","","","NA"
"-79.63","43.68","TORONTO INTL A","6158731","2023-06-09 18:00","2023","06","09","18:00","","21.0","","9.8","","48","","","","34","","15","","24.1","","98.71","","","","","","NA"
"-79.63","43.68","TORONTO INTL A","6158731","2023-06-09 19:00","2023","06","09","19:00","","20.5","","9.4","","49","","","","36","","14","","24.1","","98.74","","","","","","Mostly Cloudy"
"-79.63","43.68","TORONTO INTL A","6158731","2023-06-09 20:00","2023","06","09","20:00","","18.8","","8.8","","52","","","","3","","13","","24.1","","98.76","","","","","","NA"
"-79.63","43.68","TORONTO INTL A","6158731","2023-06-09 21:00","2023","06","09","21:00","","18.1","","8.8","","54","","","","2","","9","","24.1","","98.79","","","","","","NA"
"-79.63","43.68","TORONTO INTL A","6158731","2023-06-09 22:00","2023","06","09","22:00","","18.1","","9.1","","55","","","","34","","5","","24.1","","98.81","","","","","","Mostly Cloudy"
"-79.63","43.68","TORONTO INTL A","6158731","2023-06-09 23:00","2023","06","09","23:00","","17.9","","9.1","","56","","","","9","","6","","24.1","","98.79","","","","","","NA"
"-79.63","43.68","TORONTO INTL A","6158731","2023-06-10 00:00","2023","06","10","00:00","","15.9","","9.1","","64","","","","27","","4","","24.1","","98.76","","","","","","NA"
"-79.63","43.68","TORONTO INTL A","6158731","2023-06-10 01:00","2023","06","10","01:00","","13.7","","9.7","","77","","","","25","","9","","24.1","","98.70","","","","","","Mostly Cloudy"
"-79.63","43.68","TORONTO INTL A","6158731","2023-06-10 02:00","2023","06","10","02:00","","13.9","","8.4","","69","","","","27","","9","","24.1","","98.71","","","","","","NA"
"-79.63","43.68","TORONTO INTL A","6158731","2023-06-10 03:00","2023","06","10","03:00","","13.2","","8.5","","73","","","","28","","5","","24.1","","98.70","","","","","","NA"
"-79.63","43.68","TORONTO INTL A","6158731","2023-06-10 04:00","2023","06","10","04:00","","12.1","","8.3","","78","","","","26","","9","","24.1","","98.70","","","","","","Mostly Cloudy"
"-79.63","43.68","TORONTO INTL A","6158731","2023-06-10 05:00","2023","06","10","05:00","","12.7","","7.1","","69","","","","28","","11","","24.1","","98.74","","","","","","NA"
"-79.63","43.68","TORONTO INTL A","6158731","2023-06-10 06:00","2023","06","10","06:00","","15.5","","7.0","","56","","","","27","","14","","24.1","","98.75","","","","","","NA"
"-79.63","43.68","TORONTO INTL A","6158731","2023-06-10 07:00","2023","06","10","07:00","","17.3","","6.5","","49","","","","26","","23","","24.1","","98.75","","","","","","Mostly Cloudy"
"-79.63","43.68","TORONTO INTL A","6158731","2023-06-10 08:00","2023","06","10","08:00","","20.2","","8.0","","45","","","","28","","21","","24.1","","98.78","","","","","","NA"
"-79.63","43.68","TORONTO INTL A","6158731","2023-06-10 09:00","2023","06","10","09:00","","22.8","","8.2","","39","","","","27","","23","","24.1","","98.77","","","","","","NA"
"-79.63","43.68","TORONTO INTL A","6158731","2023-06-10 10:00","2023","06","10","10:00","","24.1","","7.3","","34","","","","28","","25","","24.1","","98.75","","","","","","Cloudy"
"-79.63","43.68","TORONTO INTL A","6158731","2023-06-10 11:00","2023","06","10","11:00","","22.9","","7.3","","36","","","","28","","22","","24.1","","98.77","","","","","","NA"
"-79.63","43.68","TORONTO INTL A","6158731","2023-06-10 12:00","2023","06","10","12:00","","23.7","","8.2","","37","","","","29","","8","","24.1","","98.76","","","","","","NA"
"-79.63","43.68","TORONTO INTL A","6158731","2023-06-10 13:00","2023","06","10","13:00","","25.3","","9.6","","37","","","","25","","8","","24.1","","98.72","","26","","","","Cloudy"
"-79.63","43.68","TORONTO INTL A","6158731","2023-06-10 14:00","2023","06","10","14:00","","26.0","","6.6","","28","","","","31","","8","","24.1","","98.69","","26","","","","NA"
"-79.63","43.68","TORONTO INTL A","6158731","2023-06-10 15:00","2023","06","10","15:00","","24.8","","8.3","","34","","","","11","","14","","24.1","","98.67","","25","","","","NA"
"-79.63","43.68","TORONTO INTL A","6158731","2023-06-10 16:00","2023","06","10","16:00","","24.5","","8.4","","35","","","","15","","18","","24.1","","98.64","","25","","","","Mostly Cloudy"
"-79.63","43.68","TORONTO INTL A","6158731","2023-06-10 17:00","2023","06","10","17:00","","23.3","","9.8","","42","","","","14","","11","","24.1","","98.66","","","","","","NA"
"-79.63","43.68","TORONTO INTL A","6158731","2023-06-10 18:00","2023","06","10","18:00","","23.2","","10.7","","45","","","","15","","10","","24.1","","98.67","","25","","","","NA"
"-79.63","43.68","TORONTO INTL A","6158731","2023-06-10 19:00","2023","06","10","19:00","","22.9","","11.3","","48","","","","15","","6","","24.1","","98.67","","25","","","","Mostly Cloudy"
"-79.63","43.68","TORONTO INTL A","6158731","2023-06-10 20:00","2023","06","10","20:00","","23.3","","6.6","","34","","","","29","","10","","24.1","","98.69","","","","","","NA"
"-79.63","43.68","TORONTO INTL A","6158731","2023-06-10 21:00","2023","06","10","21:00","","22.8","","7.8","","38","","","","31","","11","","24.1","","98.76","","","","","","NA"
"-79.63","43.68","TORONTO INTL A","6158731","2023-06-10 22:00","2023","06","10","22:00","","21.4","","7.2","","39","","","","31","","14","","24.1","","98.78","","","","","","Mostly Cloudy"
"-79.63","43.68","TORONTO INTL A","6158731","2023-06-10 23:00","2023","06","10","23:00","","20.4","","7.8","","44","","","","31","","16","","24.1","","98.81","","","","","","NA"
"-79.63","43.68","TORONTO INTL A","6158731","2023-06-11 00:00","2023","06","11","00:00","","19.7","","7.5","","45","","","","35","","16","","24.1","","98.79","","","","","","NA"
"-79.63","43.68","TORONTO INTL A","6158731","2023-06-11 01:00","2023","06","11","01:00","","18.8","","7.7","","48","","","","2","","7","","24.1","","98.78","","","","","","Cloudy"
"-79.63","43.68","TORONTO INTL A","6158731","2023-06-11 02:00","2023","06","11","02:00","","19.3","","7.6","","46","","","","14","","4","","24.1","","98.77","","","","","","NA"
"-79.63","43.68","TORONTO INTL A","6158731","2023-06-11 03:00","2023","06","11","03:00","","19.0","","7.6","","47","","","","36","","3","","24.1","","98.78","","","","","","NA"
"-79.63","43.68","TORONTO INTL A","6158731","2023-06-11 04:00","2023","06","11","04:00","","17.4","","12.0","","71","","","","14","","9","","24.1","","98.74","","","","","","Cloudy"
"-79.63","43.68","TORONTO INTL A","6158731","2023-06-11 05:00","2023","06","11","05:00","","16.9","","11.8","","72","","","","23","","4","","24.1","","98.76","","","","","","NA"
"-79.63","43.68","TORONTO INTL A","6158731","2023-06-11 06:00","2023","06","11","06:00","","17.7","","11.7","","68","","","","","","0","","24.1","","98.79","","","","","","NA"
"-79.63","43.68","TORONTO INTL A","6158731","2023-06-11 07:00","2023","06","11","07:00","","18.2","","11.2","","63","","","","8","","4","","24.1","","98.81","","","","","","Cloudy"
"-79.63","43.68","TORONTO INTL A","6158731","2023-06-11 08:00","2023","06","11","08:00","","18.4","","11.9","","66","","","","20","","10","","16.1","","98.92","","","","","","NA"
"-79.63","43.68","TORONTO INTL A","6158731","2023-06-11 09:00","2023","06","11","09:00","","17.8","","11.6","","66","","","","28","","6","","19.3","","98.93","","","","","","Rain"
"-79.63","43.68","TORONTO INTL A","6158731","2023-06-11 10:00","2023","06","11","10:00","","19.3","","13.4","","68","","","","33","","7","","19.3","","98.90","","","","","","Cloudy"
"-79.63","43.68","TORONTO INTL A","6158731","2023-06-11 11:00","2023","06","11","11:00","","22.0","","13.7","","59","","","","32","","16","","19.3","","98.87","","25","","","","NA"
"-79.63","43.68","TORONTO INTL A","6158731","2023-06-11 12:00","2023","06","11","12:00","","22.1","","12.9","","55","","","","3","","18","","19.3","","98.82","","25","","","","NA"
"-79.63","43.68","TORONTO INTL A","6158731","2023-06-11 13:00","2023","06","11","13:00","","22.9","","11.1","","47","","","","3","","11","","19.3","","98.82","","25","","","","Cloudy"
"-79.63","43.68","TORONTO INTL A","6158731","2023-06-11 14:00","2023","06","11","14:00","","22.6","","10.9","","47","","","","7","","10","","19.3","","98.81","","","","","","NA"
"-79.63","43.68","TORONTO INTL A","6158731","2023-06-11 15:00","2023","06","11","15:00","","19.1","","14.0","","72","","","","14","","16","","16.1","","98.79","","","","","","NA"
"-79.63","43.68","TORONTO INTL A","6158731","2023-06-11 16:00","2023","06","11","16:00","","19.6","","14.1","","70","","","","11","","4","","16.1","","98.78","","","","","","Cloudy"
"-79.63","43.68","TORONTO INTL A","6158731","2023-06-11 17:00","2023","06","11","17:00","","20.5","","13.6","","64","","","","10","","12","","19.3","","98.73","","","","","","NA"
"-79.63","43.68","TORONTO INTL A","6158731","2023-06-11 18:00","2023","06","11","18:00","","18.7","","14.0","","74","","","","8","","18","","9.7","","98.79","","","","","","Rain,Fog"
"-79.63","43.68","TORONTO INTL A","6158731","2023-06-11 19:00","2023","06","11","19:00","","17.4","","14.3","","81","","","","7","","5","","9.7","","98.87","","","","","","Rain,Fog"
"-79.63","43.68","TORONTO INTL A","6158731","2023-06-11 20:00","2023","06","11","20:00","","16.9","","15.3","","90","","","","3","","19","","6.4","","98.80","","","","","","Rain,Fog"
"-79.63","43.68","TORONTO INTL A","6158731","2023-06-11 21:00","2023","06","11","21:00","","16.8","","15.5","","92","","","","8","","8","","8.1","","98.85","","","","","","Rain,Fog"
"-79.63","43.68","TORONTO INTL A","6158731","2023-06-11 22:00","2023","06","11","22:00","","16.4","","14.7","","89","","","","6","","20","","8.1","","98.75","","","","","","Rain,Fog"
"-79.63","43.68","TORONTO INTL A","6158731","2023-06-11 23:00","2023","06","11","23:00","","15.7","","14.3","","92","","","","6","","11","","8.1","","98.70","","","","","","Rain,Fog"
"-79.63","43.68","TORONTO INTL A","6158731","2023-06-12 00:00","2023","06","12","00:00","","15.2","","14.1","","93","","","","6","","16","","8.1","","98.52","","","","","","Rain,Fog"
"-79.63","43.68","TORONTO INTL A","6158731","2023-06-12 01:00","2023","06","12","01:00","","15.2","","13.8","","91","","","","5","","15","","8.1","","98.40","","","","","","Rain,Fog"
"-79.63","43.68","TORONTO INTL A","6158731","2023-06-12 02:00","2023","06","12","02:00","","15.1","","13.8","","92","","","","6","","17","","4.8","","98.31","","","","","","Rain,Fog"
"-79.63","43.68","TORONTO INTL A","6158731","2023-06-12 03:00","2023","06","12","03:00","","15.4","","14.1","","91","","","","9","","16","","6.4","","98.26","","","","","","Rain,Fog"
"-79.63","43.68","TORONTO INTL A","6158731","2023-06-12 04:00","2023","06","12","04:00","","15.3","","14.7","","96","","","","9","","16","","8.1","","98.18","","","","","","Rain,Fog"
"-79.63","43.68","TORONTO INTL A","6158731","2023-06-12 05:00","2023","06","12","05:00","","15.4","","14.8","","96","","","","9","","26","","4.8","","98.11","","","","","","Rain,Fog"
"-79.63","43.68","TORONTO INTL A","6158731","2023-06-12 06:00","2023","06","12","06:00","","15.6","","14.8","","95","","","","8","","22","","8.1","","98.11","","","","","","Rain,Fog"
"-79.63","43.68","TORONTO INTL A","6158731","2023-06-12 07:00","2023","06","12","07:00","","15.3","","15.0","","98","","","","8","","14","","6.4","","98.08","","","","","","Rain,Fog"
"-79.63","43.68","TORONTO INTL A","6158731","2023-06-12 08:00","2023","06","12","08:00","","15.4","","15.4","","100","","","","8","","11","","4.8","","98.07","","","","","","Rain,Fog"
"-79.63","43.68","TORONTO INTL A","6158731","2023-06-12 09:00","2023","06","12","09:00","","15.6","","15.6","","100","","","","8","","13","","4.8","","98.05","","","","","","Rain,Fog"
"-79.63","43.68","TORONTO INTL A","6158731","2023-06-12 10:00","2023","06","12","10:00","","15.8","","15.8","","100","","","","8","","13","","4.8","","98.00","","","","","","Rain,Fog"
"-79.63","43.68","TORONTO INTL A","6158731","2023-06-12 11:00","2023","06","12","11:00","","15.9","","15.9","","100","","","","8","","13","","6.4","","97.98","","","","","","Moderate Rain,Fog"
"-79.63","43.68","TORONTO INTL A","6158731","2023-06-12 12:00","2023","06","12","12:00","","16.3","","16.3","","100","","","","19","","4","","9.7","","97.93","","","","","","Rain,Fog"
"-79.63","43.68","TORONTO INTL A","6158731","2023-06-12 13:00","2023","06","12","13:00","","17.2","","17.2","","100","","","","11","","10","","3.2","","97.91","","","","","","Rain,Fog"
"-79.63","43.68","TORONTO INTL A","6158731","2023-06-12 14:00","2023","06","12","14:00","","17.4","","17.4","","100","","","","29","","10","","3.2","","97.91","","","","","","Rain,Fog"
"-79.63","43.68","TORONTO INTL A","6158731","2023-06-12 15:00","2023","06","12","15:00","","18.1","","17.8","","98","","","","30","","10","","16.1","","97.90","","","","","","Drizzle"
"-79.63","43.68","TORONTO INTL A","6158731","2023-06-12 16:00","2023","06","12","16:00","","17.9","","16.0","","88","","","","28","","25","","24.1","","97.95","","","","","","Cloudy"
"-79.63","43.68","TORONTO INTL A","6158731","2023-06-12 17:00","2023","06","12","17:00","","17.7","","14.6","","82","","","","28","","27","","24.1","","98.02","","","","","","NA"
"-79.63","43.68","TORONTO INTL A","6158731","2023-06-12 18:00","2023","06","12","18:00","","15.8","","12.2","","79","","","","27","","35","","24.1","","98.13","","","","","","NA"
"-79.63","43.68","TORONTO INTL A","6158731","2023-06-12 19:00","2023","06","12","19:00","","14.3","","11.2","","81","","","","27","","31","","24.1","","98.26","","","","","","Mostly Cloudy"
"-79.63","43.68","TORONTO INTL A","6158731","2023-06-12 20:00","2023","06","12","20:00","","13.7","","10.8","","82","","","","28","","26","","24.1","","98.31","","","","","","NA"
"-79.63","43.68","TORONTO INTL A","6158731","2023-06-12 21:00","2023","06","12","21:00","","13.2","","10.7","","84","","","","26","","17","","24.1","","98.36","","","","","","NA"
"-79.63","43.68","TORONTO INTL A","6158731","2023-06-12 22:00","2023","06","12","22:00","","12.9","","10.5","","85","","","","25","","18","","24.1","","98.39","","","","","","Mostly Cloudy"
"-79.63","43.68","TORONTO INTL A","6158731","2023-06-12 23:00","2023","06","12","23:00","","12.6","","10.6","","87","","","","24","","13","","24.1","","98.39","","","","","","NA"
"-79.63","43.68","TORONTO INTL A","6158731","2023-06-13 00:00","2023","06","13","00:00","","12.0","","10.4","","90","","","","24","","11","","24.1","","98.37","","","","","","NA"
"-79.63","43.68","TORONTO INTL A","6158731","2023-06-13 01:00","2023","06","13","01:00","","12.1","","10.5","","90","","","","23","","10","","24.1","","98.36","","","","","","Mostly Cloudy"
"-79.63","43.68","TORONTO INTL A","6158731","2023-06-13 02:00","2023","06","13","02:00","","12.6","","10.4","","86","","","","22","","8","","24.1","","98.37","","","","","","NA"
"-79.63","43.68","TORONTO INTL A","6158731","2023-06-13 03:00","2023","06","13","03:00","","11.9","","10.0","","88","","","","20","","10","","24.1","","98.37","","","","","","NA"
"-79.63","43.68","TORONTO INTL A","6158731","2023-06-13 04:00","2023","06","13","04:00","","11.1","","9.7","","91","","","","21","","11","","24.1","","98.37","","","","","","Mainly Clear"
"-79.63","43.68","TORONTO INTL A","6158731","2023-06-13 05:00","2023","06","13","05:00","","11.7","","9.0","","84","","","","23","","9","","24.1","","98.39","","","","","","NA"
"-79.63","43.68","TORONTO INTL A","6158731","2023-06-13 06:00","2023","06","13","06:00","","11.8","","9.3","","84","","","","24","","18","","24.1","","98.43","","","","","","NA"
"-79.63","43.68","TORONTO INTL A","6158731","2023-06-13 07:00","2023","06","13","07:00","","12.3","","8.8","","79","","","","25","","16","","24.1","","98.43","","","","","","Mainly Clear"
"-79.63","43.68","TORONTO INTL A","6158731","2023-06-13 08:00","2023","06","13","08:00","","15.4","","9.2","","66","","","","24","","18","","24.1","","98.43","","","","","","NA"
"-79.63","43.68","TORONTO INTL A","6158731","2023-06-13 09:00","2023","06","13","09:00","","17.0","","8.3","","56","","","","25","","22","","24.1","","98.40","","","","","","NA"
"-79.63","43.68","TORONTO INTL A","6158731","2023-06-13 10:00","2023","06","13","10:00","","17.8","","7.3","","50","","","","24","","13","","24.1","","98.41","","","","","","Mainly Clear"
"-79.63","43.68","TORONTO INTL A","6158731","2023-06-13 11:00","2023","06","13","11:00","","18.1","","7.7","","50","","","","22","","12","","24.1","","98.40","","","","","","NA"
"-79.63","43.68","TORONTO INTL A","6158731","2023-06-13 12:00","2023","06","13","12:00","","18.5","","8.5","","52","","","","18","","13","","24.1","","98.37","","","","","","NA"
"-79.63","43.68","TORONTO INTL A","6158731","2023-06-13 13:00","2023","06","13","13:00","","17.8","","8.3","","53","","","","16","","23","","24.1","","98.34","","","","","","Mostly Cloudy"
"-79.63","43.68","TORONTO INTL A","6158731","2023-06-13 14:00","2023","06","13","14:00","","16.5","","9.8","","64","","","","15","","20","","24.1","","98.35","","","","","","NA"
"-79.63","43.68","TORONTO INTL A","6158731","2023-06-13 15:00","2023","06","13","15:00","","16.3","","11.9","","75","","","","10","","13","","24.1","","98.34","","","","","","NA"
"-79.63","43.68","TORONTO INTL A","6158731","2023-06-13 16:00","2023","06","13","16:00","","16.4","","9.7","","64","","","","11","","8","","24.1","","98.32","","","","","","Cloudy"
"-79.63","43.68","TORONTO INTL A","6158731","2023-06-13 17:00","2023","06","13","17:00","","13.6","","10.6","","82","","","","18","","13","","8.1","","98.37","","","","","","Rain,Fog"
"-79.63","43.68","TORONTO INTL A","6158731","2023-06-13 18:00","2023","06","13","18:00","","13.0","","11.8","","93","","","","13","","13","","19.3","","98.37","","","","","","Rain"
"-79.63","43.68","TORONTO INTL A","6158731","2023-06-13 19:00","2023","06","13","19:00","","13.2","","11.8","","91","","","","12","","9","","24.1","","98.30","","","","","","Mostly Cloudy"
"-79.63","43.68","TORONTO INTL A","6158731","2023-06-13 20:00","2023","06","13","20:00","","12.7","","11.2","","91","","","","12","","10","","24.1","","98.24","","","","","","NA"
"-79.63","43.68","TORONTO INTL A","6158731","2023-06-13 21:00","2023","06","13","21:00","","12.7","","11.7","","93","","","","15","","10","","24.1","","98.25","","","","","","NA"
"-79.63","43.68","TORONTO INTL A","6158731","2023-06-13 22:00","2023","06","13","22:00","","12.9","","11.9","","93","","","","13","","7","","24.1","","98.20","","","","","","Mostly Cloudy"
"-79.63","43.68","TORONTO INTL A","6158731","2023-06-13 23:00","2023","06","13","23:00","","12.9","","12.1","","95","","","","11","","5","","24.1","","98.17","","","","","","NA"
"-79.63","43.68","TORONTO INTL A","6158731","2023-06-14 00:00","2023","06","14","00:00","","13.1","","12.4","","95","","","","10","","10","","24.1","","98.12","","","","","","NA"
"-79.63","43.68","TORONTO INTL A","6158731","2023-06-14 01:00","2023","06","14","01:00","","12.7","","12.4","","98","","","","10","","8","","24.1","","98.08","","","","","","Mostly Cloudy"
"-79.63","43.68","TORONTO INTL A","6158731","2023-06-14 02:00","2023","06","14","02:00","","12.8","","12.4","","98","","","","8","","10","","24.1","","98.01","","","","","","NA"
"-79.63","43.68","TORONTO INTL A","6158731","2023-06-14 03:00","2023","06","14","03:00","","11.6","","11.3","","99","","","","2","","12","","24.1","","97.94","","","","","","NA"
"-79.63","43.68","TORONTO INTL A","6158731","2023-06-14 04:00","2023","06","14","04:00","","11.8","","11.7","","100","","","","4","","11","","3.2","","97.94","","","","","","Fog"
"-79.63","43.68","TORONTO INTL A","6158731","2023-06-14 05:00","2023","06","14","05:00","","11.8","","11.4","","98","","","","2","","10","","8.1","","97.90","","","","","","Fog"
"-79.63","43.68","TORONTO INTL A","6158731","2023-06-14 06:00","2023","06","14","06:00","","12.6","","11.3","","92","","","","3","","17","","24.1","","97.89","","","","","","NA"
"-79.63","43.68","TORONTO INTL A","6158731","2023-06-14 07:00","2023","06","14","07:00","","14.4","","11.5","","83","","","","2","","18","","24.1","","97.91","","","","","","Mainly Clear"
"-79.63","43.68","TORONTO INTL A","6158731","2023-06-14 08:00","2023","06","14","08:00","","16.2","","12.2","","77","","","","3","","18","","24.1","","97.92","","","","","","NA"
"-79.63","43.68","TORONTO INTL A","6158731","2023-06-14 09:00","2023","06","14","09:00","","16.9","","11.8","","72","","","","36","","14","","24.1","","97.91","","","","","","NA"
"-79.63","43.68","TORONTO INTL A","6158731","2023-06-14 10:00","2023","06","14","10:00","","18.1","","11.9","","67","","","","1","","16","","24.1","","97.89","","","","","","Mostly Cloudy"
"-79.63","43.68","TORONTO INTL A","6158731","2023-06-14 11:00","2023","06","14","11:00","","18.5","","11.2","","62","","","","35","","22","","24.1","","97.90","","","","","","NA"
"-79.63","43.68","TORONTO INTL A","6158731","2023-06-14 12:00","2023","06","14","12:00","","19.1","","11.2","","60","","","","35","","28","","24.1","","97.94","","","","","","NA"
"-79.63","43.68","TORONTO INTL A","6158731","2023-06-14 13:00","2023","06","14","13:00","","18.2","","11.9","","66","","","","1","","34","","24.1","","98.01","","","","","","Cloudy"
"-79.63","43.68","TORONTO INTL A","6158731","2023-06-14 14:00","2023","06","14","14:00","","18.4","","11.9","","66","","","","33","","30","","24.1","","98.05","","","","","","NA"
"-79.63","43.68","TORONTO INTL A","6158731","2023-06-14 15:00","2023","06","14","15:00","","19.7","","11.6","","59","","","","35","","30","","24.1","","98.07","","","","","","NA"
"-79.63","43.68","TORONTO INTL A","6158731","2023-06-14 16:00","2023","06","14","16:00","","19.3","","11.0","","58","","","","35","","30","","24.1","","98.10","","","","","","Mostly Cloudy"
"-79.63","43.68","TORONTO INTL A","6158731","2023-06-14 17:00","2023","06","14","17:00","","19.3","","10.7","","57","","","","35","","22","","24.1","","98.11","","","","","","NA"
"-79.63","43.68","TORONTO INTL A","6158731","2023-06-14 18:00","2023","06","14","18:00","","18.8","","10.4","","58","","","","34","","23","","24.1","","98.16","","","","","","NA"
"-79.63","43.68","TORONTO INTL A","6158731","2023-06-14 19:00","2023","06","14","19:00","","18.4","","10.6","","60","","","","35","","14","","24.1","","98.21","","","","","","Mostly Cloudy"
"-79.63","43.68","TORONTO INTL A","6158731","2023-06-14 20:00","2023","06","14","20:00","","17.8","","10.6","","62","","","","36","","16","","24.1","","98.23","","","","","","NA"
"-79.63","43.68","TORONTO INTL A","6158731","2023-06-14 21:00","2023","06","14","21:00","","17.1","","10.4","","64","","","","36","","14","","24.1","","98.29","","","","","","NA"
"-79.63","43.68","TORONTO INTL A","6158731","2023-06-14 22:00","2023","06","14","22:00","","16.5","","10.4","","67","","","","33","","11","","24.1","","98.30","","","","","","Mainly Clear"
"-79.63","43.68","TORONTO INTL A","6158731","2023-06-14 23:00","2023","06","14","23:00","","14.4","","10.7","","78","","","","27","","10","","24.1","","98.31","","","","","","NA"
"-79.63","43.68","TORONTO INTL A","6158731","2023-06-15 00:00","2023","06","15","00:00","","15.0","","9.7","","70","","","","32","","12","","24.1","","98.30","","","","","","NA"
"-79.63","43.68","TORONTO INTL A","6158731","2023-06-15 01:00","2023","06","15","01:00","","12.6","","9.1","","79","","","","29","","8","","24.1","","98.33","","","","","","Mainly Clear"
"-79.63","43.68","TORONTO INTL A","6158731","2023-06-15 02:00","2023","06","15","02:00","","13.1","","8.6","","74","","","","30","","14","","24.1","","98.31","","","","","","NA"
"-79.63","43.68","TORONTO INTL A","6158731","2023-06-15 03:00","2023","06","15","03:00","","13.3","","7.8","","69","","","","31","","15","","24.1","","98.31","","","","","","NA"
"-79.63","43.68","TORONTO INTL A","6158731","2023-06-15 04:00","2023","06","15","04:00","","11.9","","7.6","","75","","","","32","","13","","24.1","","98.32","","","","","","Mainly Clear"
"-79.63","43.68","TORONTO INTL A","6158731","2023-06-15 05:00","2023","06","15","05:00","","11.9","","7.7","","75","","","","32","","10","","24.1","","98.38","","","","","","NA"
"-79.63","43.68","TORONTO INTL A","6158731","2023-06-15 06:00","2023","06","15","06:00","","13.6","","9.0","","74","","","","32","","8","","24.1","","98.42","","","","","","NA"
"-79.63","43.68","TORONTO INTL A","6158731","2023-06-15 07:00","2023","06","15","07:00","","14.9","","10.1","","72","","","","33","","8","","24.1","","98.47","","","","","","Mostly Cloudy"
"-79.63","43.68","TORONTO INTL A","6158731","2023-06-15 08:00","2023","06","15","08:00","","15.6","","11.2","","75","","","","25","","6","","24.1","","98.50","","","","","","NA"
"-79.63","43.68","TORONTO INTL A","6158731","2023-06-15 09:00","2023","06","15","09:00","","17.6","","11.0","","65","","","","28","","7","","24.1","","98.52","","","","","","NA"
"-79.63","43.68","TORONTO INTL A","6158731","2023-06-15 10:00","2023","06","15","10:00","","18.7","","11.5","","62","","","","26","","11","","24.1","","98.54","","","","","","Cloudy"
"-79.63","43.68","TORONTO INTL A","6158731","2023-06-15 11:00","2023","06","15","11:00","","18.1","","11.2","","64","","","","24","","13","","24.1","","98.55","","","","","","NA"
"-79.63","43.68","TORONTO INTL A","6158731","2023-06-15 12:00","2023","06","15","12:00","","19.8","","11.7","","59","","","","23","","17","","24.1","","98.51","","","","","","NA"
"-79.63","43.68","TORONTO INTL A","6158731","2023-06-15 13:00","2023","06","15","13:00","","20.7","","11.8","","56","","","","24","","16","","24.1","","98.48","","","","","","Mostly Cloudy"
"-79.63","43.68","TORONTO INTL A","6158731","2023-06-15 14:00","2023","06","15","14:00","","20.8","","12.4","","58","","","","25","","7","","24.1","","98.47","","","","","","NA"
"-79.63","43.68","TORONTO INTL A","6158731","2023-06-15 15:00","2023","06","15","15:00","","19.8","","12.3","","61","","","","","","0","","24.1","","98.47","","","","","","NA"
"-79.63","43.68","TORONTO INTL A","6158731","2023-06-15 16:00","2023","06","15","16:00","","20.4","","13.0","","62","","","","31","","16","","24.1","","98.49","","","","","","Cloudy"
"-79.63","43.68","TORONTO INTL A","6158731","2023-06-15 17:00","2023","06","15","17:00","","19.5","","13.4","","68","","","","31","","15","","24.1","","98.50","","","","","","NA"
"-79.63","43.68","TORONTO INTL A","6158731","2023-06-15 18:00","2023","06","15","18:00","","18.5","","13.9","","74","","","","1","","14","","24.1","","98.52","","","","","","NA"
"-79.63","43.68","TORONTO INTL A","6158731","2023-06-15 19:00","2023","06","15","19:00","","18.4","","13.1","","71","","","","34","","12","","24.1","","98.54","","","","","","Cloudy"
"-79.63","43.68","TORONTO INTL A","6158731","2023-06-15 20:00","2023","06","15","20:00","","17.8","","13.4","","75","","","","35","","16","","24.1","","98.61","","","","","","NA"
"-79.63","43.68","TORONTO INTL A","6158731","2023-06-15 21:00","2023","06","15","21:00","","16.3","","14.9","","91","","","","2","","10","","19.3","","98.66","","","","","","Rain Showers"
"-79.63","43.68","TORONTO INTL A","6158731","2023-06-15 22:00","2023","06","15","22:00","","16.0","","14.5","","90","","","","35","","10","","19.3","","98.70","","","","","","Rain Showers"
"-79.63","43.68","TORONTO INTL A","6158731","2023-06-15 23:00","2023","06","15","23:00","","15.9","","14.3","","90","","","","36","","21","","24.1","","98.67","","","","","","NA"
"-79.63","43.68","TORONTO INTL A","6158731","2023-06-16 00:00","2023","06","16","00:00","","15.1","","12.7","","86","","","","36","","22","","24.1","","98.66","","","","","","NA"
"-79.63","43.68","TORONTO INTL A","6158731","2023-06-16 01:00","2023","06","16","01:00","","14.5","","12.1","","85","","","","35","","17","","24.1","","98.65","","","","","","Cloudy"
"-79.63","43.68","TORONTO INTL A","6158731","2023-06-16 02:00","2023","06","16","02:00","","14.0","","12.0","","88","","","","34","","14","","24.1","","98.67","","","","","","Rain"
"-79.63","43.68","TORONTO INTL A","6158731","2023-06-16 03:00","2023","06","16","03:00","","14.0","","12.2","","89","","","","33","","12","","24.1","","98.64","","","","","","NA"
"-79.63","43.68","TORONTO INTL A","6158731","2023-06-16 04:00","2023","06","16","04:00","","13.8","","12.3","","90","","","","33","","9","","24.1","","98.65","","","","","","Cloudy"
"-79.63","43.68","TORONTO INTL A","6158731","2023-06-16 05:00","2023","06","16","05:00","","13.1","","11.9","","92","","","","35","","15","","24.1","","98.67","","","","","","NA"
"-79.63","43.68","TORONTO INTL A","6158731","2023-06-16 06:00","2023","06","16","06:00","","13.2","","12.4","","95","","","","35","","14","","16.1","","98.70","","","","","","NA"
"-79.63","43.68","TORONTO INTL A","6158731","2023-06-16 07:00","2023","06","16","07:00","","14.1","","12.9","","92","","","","36","","16","","16.1","","98.74","","","","","","Cloudy"
"-79.63","43.68","TORONTO INTL A","6158731","2023-06-16 08:00","2023","06","16","08:00","","15.3","","13.2","","88","","","","1","","19","","16.1","","98.77","","","","","","NA"
"-79.63","43.68","TORONTO INTL A","6158731","2023-06-16 09:00","2023","06","16","09:00","","16.1","","13.2","","83","","","","34","","17","","16.1","","98.79","","","","","","NA"
"-79.63","43.68","TORONTO INTL A","6158731","2023-06-16 10:00","2023","06","16","10:00","","18.8","","13.4","","70","","","","34","","22","","16.1","","98.79","","","","","","Mostly Cloudy"
"-79.63","43.68","TORONTO INTL A","6158731","2023-06-16 11:00","2023","06","16","11:00","","19.9","","13.7","","67","","","","36","","19","","19.3","","98.77","","","","","","NA"
"-79.63","43.68","TORONTO INTL A","6158731","2023-06-16 12:00","2023","06","16","12:00","","20.3","","13.6","","65","","","","36","","23","","19.3","","98.75","","","","","","NA"
"-79.63","43.68","TORONTO INTL A","6158731","2023-06-16 13:00","2023","06","16","13:00","","20.9","","13.2","","61","","","","36","","22","","19.3","","98.73","","","","","","Mostly Cloudy"
"-79.63","43.68","TORONTO INTL A","6158731","2023-06-16 14:00","2023","06","16","14:00","","22.0","","13.1","","57","","","","34","","24","","16.1","","98.69","","25","","","","NA"
"-79.63","43.68","TORONTO INTL A","6158731","2023-06-16 15:00","2023","06","16","15:00","","22.2","","13.5","","58","","","","34","","24","","19.3","","98.69","","25","","","","NA"
"-79.63","43.68","TORONTO INTL A","6158731","2023-06-16 16:00","2023","06","16","16:00","","22.4","","12.9","","55","","","","35","","21","","16.1","","98.70","","25","","","","Mostly Cloudy"
"-79.63","43.68","TORONTO INTL A","6158731","2023-06-16 17:00","2023","06","16","17:00","","22.1","","13.5","","58","","","","33","","24","","19.3","","98.70","","25","","","","NA"
"-79.63","43.68","TORONTO INTL A","6158731","2023-06-16 18:00","2023","06","16","18:00","","21.5","","13.3","","59","","","","36","","22","","16.1","","98.77","","","","","","NA"
"-79.63","43.68","TORONTO INTL A","6158731","2023-06-16 19:00","2023","06","16","19:00","","20.7","","13.3","","62","","","","34","","24","","12.9","","98.84","","","","","","Mostly Cloudy"
"-79.63","43.68","TORONTO INTL A","6158731","2023-06-16 20:00","2023","06","16","20:00","","19.9","","12.9","","64","","","","34","","22","","9.7","","98.85","","","","","","Fog"
"-79.63","43.68","TORONTO INTL A","6158731","2023-06-16 21:00","2023","06","16","21:00","","18.6","","12.2","","66","","","","35","","23","","9.7","","98.90","","","","","","Fog"
"-79.63","43.68","TORONTO INTL A","6158731","2023-06-16 22:00","2023","06","16","22:00","","17.8","","11.4","","66","","","","34","","23","","9.7","","98.94","","","","","","Fog"
"-79.63","43.68","TORONTO INTL A","6158731","2023-06-16 23:00","2023","06","16","23:00","","17.1","","11.8","","71","","","","33","","21","","9.7","","98.97","","","","","","Fog"
"-79.63","43.68","TORONTO INTL A","6158731","2023-06-17 00:00","2023","06","17","00:00","","16.0","","11.1","","72","","","","32","","16","","9.7","","98.96","","","","","","Smoke"
"-79.63","43.68","TORONTO INTL A","6158731","2023-06-17 01:00","2023","06","17","01:00","","15.3","","11.3","","77","","","","33","","16","","9.7","","98.94","","","","","","Smoke"
"-79.63","43.68","TORONTO INTL A","6158731","2023-06-17 02:00","2023","06","17","02:00","","14.6","","11.1","","79","","","","33","","17","","9.7","","98.92","","","","","","Smoke"
"-79.63","43.68","TORONTO INTL A","6158731","2023-06-17 03:00","2023","06","17","03:00","","13.6","","10.7","","83","","","","33","","10","","9.7","","98.94","","","","","","Smoke"
"-79.63","43.68","TORONTO INTL A","6158731","2023-06-17 04:00","2023","06","17","04:00","","12.7","","10.2","","85","","","","32","","12","","9.7","","98.95","","","","","","Smoke"
"-79.63","43.68","TORONTO INTL A","6158731","2023-06-17 05:00","2023","06","17","05:00","","12.8","","10.0","","83","","","","32","","12","","12.9","","99.00","","","","","","NA"
"-79.63","43.68","TORONTO INTL A","6158731","2023-06-17 06:00","2023","06","17","06:00","","15.1","","10.1","","72","","","","33","","8","","19.3","","99.01","","","","","","NA"
"-79.63","43.68","TORONTO INTL A","6158731","2023-06-17 07:00","2023","06","17","07:00","","16.8","","9.5","","62","","","","35","","15","","16.1","","99.01","","","","","","Mainly Clear"
"-79.63","43.68","TORONTO INTL A","6158731","2023-06-17 08:00","2023","06","17","08:00","","19.0","","10.0","","56","","","","33","","18","","16.1","","99.01","","","","","","NA"
"-79.63","43.68","TORONTO INTL A","6158731","2023-06-17 09:00","2023","06","17","09:00","","21.3","","9.6","","47","","","","32","","23","","16.1","","99.02","","","","","","NA"
"-79.63","43.68","TORONTO INTL A","6158731","2023-06-17 10:00","2023","06","17","10:00","","22.7","","9.2","","42","","","","33","","31","","16.1","","99.01","","","","","","Mainly Clear"
"-79.63","43.68","TORONTO INTL A","6158731","2023-06-17 11:00","2023","06","17","11:00","","23.6","","7.7","","35","","","","36","","32","","19.3","","99.04","","","","","","NA"
"-79.63","43.68","TORONTO INTL A","6158731","2023-06-17 12:00","2023","06","17","12:00","","24.0","","6.7","","32","","","","34","","24","","19.3","","99.00","","","","","","NA"
"-79.63","43.68","TORONTO INTL A","6158731","2023-06-17 13:00","2023","06","17","13:00","","24.7","","6.7","","31","","","","34","","28","","24.1","","98.97","","25","","","","Clear"
"-79.63","43.68","TORONTO INTL A","6158731","2023-06-17 14:00","2023","06","17","14:00","","25.1","","6.2","","29","","","","34","","32","","24.1","","98.95","","25","","","","NA"
"-79.63","43.68","TORONTO INTL A","6158731","2023-06-17 15:00","2023","06","17","15:00","","24.9","","5.2","","27","","","","36","","28","","24.1","","98.93","","","","","","NA"
"-79.63","43.68","TORONTO INTL A","6158731","2023-06-17 16:00","2023","06","17","16:00","","24.4","","3.3","","25","","","","35","","26","","24.1","","98.93","","","","","","Clear"
"-79.63","43.68","TORONTO INTL A","6158731","2023-06-17 17:00","2023","06","17","17:00","","23.6","","1.9","","24","","","","36","","35","","24.1","","98.96","","","","","","NA"
"-79.63","43.68","TORONTO INTL A","6158731","2023-06-17 18:00","2023","06","17","18:00","","22.8","","-0.3","","21","","","","34","","30","","24.1","","98.99","","","","","","NA"
"-79.63","43.68","TORONTO INTL A","6158731","2023-06-17 19:00","2023","06","17","19:00","","21.9","","1.6","","26","","","","34","","23","","24.1","","99.03","","","","","","Mainly Clear"
"-79.63","43.68","TORONTO INTL A","6158731","2023-06-17 20:00","2023","06","17","20:00","","20.8","","1.4","","27","","","","34","","21","","24.1","","99.08","","","","","","NA"
"-79.63","43.68","TORONTO INTL A","6158731","2023-06-17 21:00","2023","06","17","21:00","","19.6","","2.6","","32","","","","34","","18","","24.1","","99.12","","","","","","NA"
"-79.63","43.68","TORONTO INTL A","6158731","2023-06-17 22:00","2023","06","17","22:00","","18.8","","3.1","","35","","","","33","","18","","24.1","","99.12","","","","","","Mainly Clear"
"-79.63","43.68","TORONTO INTL A","6158731","2023-06-17 23:00","2023","06","17","23:00","","17.3","","4.6","","43","","","","34","","19","","24.1","","99.13","","","","","","NA"
"-79.63","43.68","TORONTO INTL A","6158731","2023-06-18 00:00","2023","06","18","00:00","","15.9","","5.2","","49","","","","36","","15","","24.1","","99.15","","","","","","NA"
"-79.63","43.68","TORONTO INTL A","6158731","2023-06-18 01:00","2023","06","18","01:00","","15.5","","5.9","","52","","","","35","","17","","24.1","","99.13","","","","","","Mainly Clear"
"-79.63","43.68","TORONTO INTL A","6158731","2023-06-18 02:00","2023","06","18","02:00","","14.8","","6.8","","58","","","","34","","13","","24.1","","99.13","","","","","","NA"
"-79.63","43.68","TORONTO INTL A","6158731","2023-06-18 03:00","2023","06","18","03:00","","14.4","","6.9","","60","","","","33","","14","","24.1","","99.13","","","","","","NA"
"-79.63","43.68","TORONTO INTL A","6158731","2023-06-18 04:00","2023","06","18","04:00","","13.9","","6.7","","61","","","","33","","6","","24.1","","99.15","","","","","","Mainly Clear"
"-79.63","43.68","TORONTO INTL A","6158731","2023-06-18 05:00","2023","06","18","05:00","","14.0","","6.6","","60","","","","34","","7","","16.1","","99.21","","","","","","NA"
"-79.63","43.68","TORONTO INTL A","6158731","2023-06-18 06:00","2023","06","18","06:00","","15.9","","6.5","","53","","","","36","","10","","16.1","","99.26","","","","","","NA"
"-79.63","43.68","TORONTO INTL A","6158731","2023-06-18 07:00","2023","06","18","07:00","","18.0","","7.0","","48","","","","36","","11","","16.1","","99.29","","","","","","Mostly Cloudy"
"-79.63","43.68","TORONTO INTL A","6158731","2023-06-18 08:00","2023","06","18","08:00","","20.0","","9.0","","49","","","","2","","7","","19.3","","99.30","","","","","","NA"
"-79.63","43.68","TORONTO INTL A","6158731","2023-06-18 09:00","2023","06","18","09:00","","21.1","","10.3","","50","","","","","","0","","16.1","","99.25","","","","","","NA"
"-79.63","43.68","TORONTO INTL A","6158731","2023-06-18 10:00","2023","06","18","10:00","","22.8","","10.4","","45","","","","12","","8","","16.1","","99.22","","","","","","Mainly Clear"
"-79.63","43.68","TORONTO INTL A","6158731","2023-06-18 11:00","2023","06","18","11:00","","22.6","","10.2","","45","","","","16","","15","","16.1","","99.25","","","","","","NA"
"-79.63","43.68","TORONTO INTL A","6158731","2023-06-18 12:00","2023","06","18","12:00","","23.3","","10.3","","43","","","","17","","13","","16.1","","99.25","","25","","","","NA"
"-79.63","43.68","TORONTO INTL A","6158731","2023-06-18 13:00","2023","06","18","13:00","","24.1","","11.6","","45","","","","14","","18","","16.1","","99.25","","26","","","","Mainly Clear"
"-79.63","43.68","TORONTO INTL A","6158731","2023-06-18 14:00","2023","06","18","14:00","","24.3","","9.3","","38","","","","15","","21","","16.1","","99.21","","25","","","","NA"
"-79.63","43.68","TORONTO INTL A","6158731","2023-06-18 15:00","2023","06","18","15:00","","24.2","","7.8","","35","","","","15","","20","","16.1","","99.15","","25","","","","NA"
"-79.63","43.68","TORONTO INTL A","6158731","2023-06-18 16:00","2023","06","18","16:00","","24.1","","7.5","","34","","","","14","","18","","16.1","","99.16","","","","","","Clear"
"-79.63","43.68","TORONTO INTL A","6158731","2023-06-18 17:00","2023","06","18","17:00","","24.2","","8.2","","36","","","","16","","17","","16.1","","99.20","","25","","","","NA"
"-79.63","43.68","TORONTO INTL A","6158731","2023-06-18 18:00","2023","06","18","18:00","","23.2","","8.1","","37","","","","14","","15","","16.1","","99.19","","","","","","NA"
"-79.63","43.68","TORONTO INTL A","6158731","2023-06-18 19:00","2023","06","18","19:00","","22.6","","9.1","","42","","","","14","","10","","12.9","","99.20","","","","","","Clear"
"-79.63","43.68","TORONTO INTL A","6158731","2023-06-18 20:00","2023","06","18","20:00","","20.6","","11.8","","57","","","","14","","11","","9.7","","99.23","","","","","","Smoke"
"-79.63","43.68","TORONTO INTL A","6158731","2023-06-18 21:00","2023","06","18","21:00","","19.3","","12.2","","63","","","","13","","5","","9.7","","99.30","","","","","","Smoke"
"-79.63","43.68","TORONTO INTL A","6158731","2023-06-18 22:00","2023","06","18","22:00","","18.6","","11.7","","64","","","","8","","8","","9.7","","99.36","","","","","","Smoke"
"-79.63","43.68","TORONTO INTL A","6158731","2023-06-18 23:00","2023","06","18","23:00","","17.4","","11.9","","70","","","","6","","7","","16.1","","99.38","","","","","","NA"
"-79.63","43.68","TORONTO INTL A","6158731","2023-06-19 00:00","2023","06","19","00:00","","17.0","","12.2","","73","","","","5","","11","","16.1","","99.37","","","","","","NA"
"-79.63","43.68","TORONTO INTL A","6158731","2023-06-19 01:00","2023","06","19","01:00","","16.1","","12.3","","78","","","","2","","8","","16.1","","99.41","","","","","","Clear"
"-79.63","43.68","TORONTO INTL A","6158731","2023-06-19 02:00","2023","06","19","02:00","","15.9","","12.4","","80","","","","3","","9","","16.1","","99.42","","","","","","NA"
"-79.63","43.68","TORONTO INTL A","6158731","2023-06-19 03:00","2023","06","19","03:00","","15.9","","12.5","","80","","","","3","","4","","19.3","","99.42","","","","","","NA"
"-79.63","43.68","TORONTO INTL A","6158731","2023-06-19 04:00","2023","06","19","04:00","","15.3","","12.1","","81","","","","5","","7","","16.1","","99.41","","","","","","Mainly Clear"
"-79.63","43.68","TORONTO INTL A","6158731","2023-06-19 05:00","2023","06","19","05:00","","15.0","","12.1","","83","","","","","","0","","24.1","","99.49","","","","","","NA"
"-79.63","43.68","TORONTO INTL A","6158731","2023-06-19 06:00","2023","06","19","06:00","","16.4","","12.6","","78","","","","6","","12","","24.1","","99.53","","","","","","NA"
"-79.63","43.68","TORONTO INTL A","6158731","2023-06-19 07:00","2023","06","19","07:00","","18.0","","13.3","","74","","","","4","","12","","24.1","","99.55","","","","","","Clear"
"-79.63","43.68","TORONTO INTL A","6158731","2023-06-19 08:00","2023","06","19","08:00","","20.2","","14.3","","68","","","","8","","7","","24.1","","99.59","","","","","","NA"
"-79.63","43.68","TORONTO INTL A","6158731","2023-06-19 09:00","2023","06","19","09:00","","21.9","","14.1","","61","","","","6","","14","","24.1","","99.59","","25","","","","NA"
"-79.63","43.68","TORONTO INTL A","6158731","2023-06-19 10:00","2023","06","19","10:00","","23.3","","13.5","","53","","","","12","","15","","24.1","","99.61","","26","","","","Clear"
"-79.63","43.68","TORONTO INTL A","6158731","2023-06-19 11:00","2023","06","19","11:00","","23.4","","12.5","","50","","","","10","","18","","24.1","","99.62","","26","","","","NA"
"-79.63","43.68","TORONTO INTL A","6158731","2023-06-19 12:00","2023","06","19","12:00","","24.1","","13.0","","49","","","","10","","20","","24.1","","99.64","","27","","","","NA"
"-79.63","43.68","TORONTO INTL A","6158731","2023-06-19 13:00","2023","06","19","13:00","","24.0","","13.2","","50","","","","9","","22","","24.1","","99.63","","27","","","","Clear"
"-79.63","43.68","TORONTO INTL A","6158731","2023-06-19 14:00","2023","06","19","14:00","","24.1","","12.6","","48","","","","9","","22","","24.1","","99.64","","27","","","","NA"
"-79.63","43.68","TORONTO INTL A","6158731","2023-06-19 15:00","2023","06","19","15:00","","24.1","","11.5","","45","","","","8","","21","","24.1","","99.63","","26","","","","NA"
"-79.63","43.68","TORONTO INTL A","6158731","2023-06-19 16:00","2023","06","19","16:00","","23.9","","11.5","","45","","","","9","","18","","24.1","","99.61","","26","","","","Mostly Cloudy"
"-79.63","43.68","TORONTO INTL A","6158731","2023-06-19 17:00","2023","06","19","17:00","","23.4","","11.5","","47","","","","9","","18","","24.1","","99.58","","25","","","","NA"
"-79.63","43.68","TORONTO INTL A","6158731","2023-06-19 18:00","2023","06","19","18:00","","23.1","","11.0","","46","","","","9","","14","","24.1","","99.61","","25","","","","NA"
"-79.63","43.68","TORONTO INTL A","6158731","2023-06-19 19:00","2023","06","19","19:00","","22.1","","10.4","","47","","","","9","","15","","24.1","","99.65","","","","","","Mostly Cloudy"
"-79.63","43.68","TORONTO INTL A","6158731","2023-06-19 20:00","2023","06","19","20:00","","21.3","","9.8","","47","","","","8","","16","","24.1","","99.69","","","","","","NA"
"-79.63","43.68","TORONTO INTL A","6158731","2023-06-19 21:00","2023","06","19","21:00","","20.4","","9.9","","50","","","","8","","10","","24.1","","99.75","","","","","","NA"
"-79.63","43.68","TORONTO INTL A","6158731","2023-06-19 22:00","2023","06","19","22:00","","19.7","","10.6","","55","","","","8","","7","","24.1","","99.79","","","","","","Mostly Cloudy"
"-79.63","43.68","TORONTO INTL A","6158731","2023-06-19 23:00","2023","06","19","23:00","","19.3","","12.3","","64","","","","7","","9","","24.1","","99.84","","","","","","NA"
"-79.63","43.68","TORONTO INTL A","6158731","2023-06-20 00:00","2023","06","20","00:00","","19.2","","12.8","","66","","","","6","","9","","24.1","","99.84","","","","","","NA"
"-79.63","43.68","TORONTO INTL A","6158731","2023-06-20 01:00","2023","06","20","01:00","","20.0","","12.8","","63","","","","9","","15","","24.1","","99.87","","","","","","Mainly Clear"
"-79.63","43.68","TORONTO INTL A","6158731","2023-06-20 02:00","2023","06","20","02:00","","19.8","","13.0","","64","","","","8","","16","","24.1","","99.87","","","","","","NA"
"-79.63","43.68","TORONTO INTL A","6158731","2023-06-20 03:00","2023","06","20","03:00","","19.3","","12.5","","64","","","","7","","10","","24.1","","99.88","","","","","","NA"
"-79.63","43.68","TORONTO INTL A","6158731","2023-06-20 04:00","2023","06","20","04:00","","18.4","","12.0","","66","","","","4","","8","","24.1","","99.89","","","","","","Mainly Clear"
"-79.63","43.68","TORONTO INTL A","6158731","2023-06-20 05:00","2023","06","20","05:00","","18.0","","12.4","","70","","","","5","","10","","24.1","","99.94","","","","","","NA"
"-79.63","43.68","TORONTO INTL A","6158731","2023-06-20 06:00","2023","06","20","06:00","","19.7","","12.6","","63","","","","8","","11","","24.1","","99.99","","","","","","NA"
"-79.63","43.68","TORONTO INTL A","6158731","2023-06-20 07:00","2023","06","20","07:00","","20.9","","11.6","","55","","","","8","","22","","24.1","","100.02","","","","","","Mainly Clear"
"-79.63","43.68","TORONTO INTL A","6158731","2023-06-20 08:00","2023","06","20","08:00","","21.5","","12.6","","56","","","","8","","24","","24.1","","100.07","","","","","","NA"
"-79.63","43.68","TORONTO INTL A","6158731","2023-06-20 09:00","2023","06","20","09:00","","22.3","","13.0","","55","","","","8","","24","","24.1","","100.12","","25","","","","NA"
"-79.63","43.68","TORONTO INTL A","6158731","2023-06-20 10:00","2023","06","20","10:00","","23.2","","13.6","","54","","","","10","","25","","24.1","","100.14","","26","","","","Clear"
"-79.63","43.68","TORONTO INTL A","6158731","2023-06-20 11:00","2023","06","20","11:00","","23.6","","12.0","","48","","","","7","","28","","24.1","","100.15","","26","","","","NA"
"-79.63","43.68","TORONTO INTL A","6158731","2023-06-20 12:00","2023","06","20","12:00","","24.5","","11.0","","42","","","","10","","31","","24.1","","100.15","","26","","","","NA"
"-79.63","43.68","TORONTO INTL A","6158731","2023-06-20 13:00","2023","06","20","13:00","","24.9","","11.4","","42","","","","10","","21","","24.1","","100.13","","27","","","","Mainly Clear"
"-79.63","43.68","TORONTO INTL A","6158731","2023-06-20 14:00","2023","06","20","14:00","","25.2","","11.8","","43","","","","11","","27","","24.1","","100.13","","27","","","","NA"
"-79.63","43.68","TORONTO INTL A","6158731","2023-06-20 15:00","2023","06","20","15:00","","25.3","","11.1","","40","","","","11","","26","","24.1","","100.11","","27","","","","NA"
"-79.63","43.68","TORONTO INTL A","6158731","2023-06-20 16:00","2023","06","20","16:00","","25.5","","10.7","","39","","","","9","","22","","24.1","","100.11","","27","","","","Clear"
"-79.63","43.68","TORONTO INTL A","6158731","2023-06-20 17:00","2023","06","20","17:00","","25.3","","9.8","","37","","","","8","","20","","24.1","","100.07","","26","","","","NA"
"-79.63","43.68","TORONTO INTL A","6158731","2023-06-20 18:00","2023","06","20","18:00","","25.2","","9.0","","35","","","","9","","20","","24.1","","100.07","","26","","","","NA"
"-79.63","43.68","TORONTO INTL A","6158731","2023-06-20 19:00","2023","06","20","19:00","","24.0","","8.3","","36","","","","8","","17","","24.1","","100.10","","25","","","","Mainly Clear"
"-79.63","43.68","TORONTO INTL A","6158731","2023-06-20 20:00","2023","06","20","20:00","","22.6","","8.1","","39","","","","8","","9","","24.1","","100.12","","","","","","NA"
"-79.63","43.68","TORONTO INTL A","6158731","2023-06-20 21:00","2023","06","20","21:00","","21.7","","9.2","","44","","","","7","","6","","24.1","","100.16","","","","","","NA"
"-79.63","43.68","TORONTO INTL A","6158731","2023-06-20 22:00","2023","06","20","22:00","","21.3","","9.8","","47","","","","5","","5","","24.1","","100.17","","","","","","Clear"
"-79.63","43.68","TORONTO INTL A","6158731","2023-06-20 23:00","2023","06","20","23:00","","20.5","","10.0","","51","","","","4","","9","","24.1","","100.20","","","","","","NA"
"-79.63","43.68","TORONTO INTL A","6158731","2023-06-21 00:00","2023","06","21","00:00","","20.1","","10.2","","52","","","","3","","8","","24.1","","100.19","","","","","","NA"
"-79.63","43.68","TORONTO INTL A","6158731","2023-06-21 01:00","2023","06","21","01:00","","19.2","","10.1","","55","","","","2","","9","","24.1","","100.19","","","","","","Clear"
"-79.63","43.68","TORONTO INTL A","6158731","2023-06-21 02:00","2023","06","21","02:00","","17.6","","10.5","","63","","","","34","","4","","24.1","","100.17","","","","","","NA"
"-79.63","43.68","TORONTO INTL A","6158731","2023-06-21 03:00","2023","06","21","03:00","","17.1","","10.4","","64","","","","33","","3","","24.1","","100.17","","","","","","NA"
"-79.63","43.68","TORONTO INTL A","6158731","2023-06-21 04:00","2023","06","21","04:00","","16.6","","10.8","","68","","","","33","","6","","24.1","","100.19","","","","","","Clear"
"-79.63","43.68","TORONTO INTL A","6158731","2023-06-21 05:00","2023","06","21","05:00","","16.8","","10.9","","68","","","","31","","6","","24.1","","100.25","","","","","","NA"
"-79.63","43.68","TORONTO INTL A","6158731","2023-06-21 06:00","2023","06","21","06:00","","18.9","","12.4","","66","","","","2","","8","","24.1","","100.26","","","","","","NA"
"-79.63","43.68","TORONTO INTL A","6158731","2023-06-21 07:00","2023","06","21","07:00","","20.5","","12.8","","61","","","","4","","14","","24.1","","100.31","","","","","","Clear"
"-79.63","43.68","TORONTO INTL A","6158731","2023-06-21 08:00","2023","06","21","08:00","","22.1","","14.4","","61","","","","9","","11","","24.1","","100.33","","26","","","","NA"
"-79.63","43.68","TORONTO INTL A","6158731","2023-06-21 09:00","2023","06","21","09:00","","23.6","","15.4","","60","","","","11","","12","","24.1","","100.33","","28","","","","NA"
"-79.63","43.68","TORONTO INTL A","6158731","2023-06-21 10:00","2023","06","21","10:00","","24.3","","16.0","","59","","","","7","","16","","24.1","","100.34","","29","","","","Clear"
"-79.63","43.68","TORONTO INTL A","6158731","2023-06-21 11:00","2023","06","21","11:00","","26.0","","15.7","","52","","","","10","","17","","24.1","","100.32","","30","","","","NA"
"-79.63","43.68","TORONTO INTL A","6158731","2023-06-21 12:00","2023","06","21","12:00","","26.3","","16.3","","54","","","","12","","19","","24.1","","100.28","","31","","","","NA"
"-79.63","43.68","TORONTO INTL A","6158731","2023-06-21 13:00","2023","06","21","13:00","","26.5","","14.6","","47","","","","13","","21","","24.1","","100.22","","30","","","","Clear"
"-79.63","43.68","TORONTO INTL A","6158731","2023-06-21 14:00","2023","06","21","14:00","","26.6","","13.9","","45","","","","12","","24","","24.1","","100.18","","30","","","","NA"
"-79.63","43.68","TORONTO INTL A","6158731","2023-06-21 15:00","2023","06","21","15:00","","26.8","","11.5","","38","","","","10","","23","","24.1","","100.13","","29","","","","NA"
"-79.63","43.68","TORONTO INTL A","6158731","2023-06-21 16:00","2023","06","21","16:00","","26.6","","11.9","","39","","","","13","","16","","24.1","","100.09","","29","","","","Clear"
"-79.63","43.68","TORONTO INTL A","6158731","2023-06-21 17:00","2023","06","21","17:00","","26.1","","12.0","","41","","","","8","","19","","24.1","","100.07","","28","","","","NA"
"-79.63","43.68","TORONTO INTL A","6158731","2023-06-21 18:00","2023","06","21","18:00","","25.2","","10.6","","39","","","","10","","14","","24.1","","100.08","","27","","","","NA"
"-79.63","43.68","TORONTO INTL A","6158731","2023-06-21 19:00","2023","06","21","19:00","","24.1","","10.1","","40","","","","8","","12","","24.1","","100.06","","25","","","","Mainly Clear"
"-79.63","43.68","TORONTO INTL A","6158731","2023-06-21 20:00","2023","06","21","20:00","","23.2","","9.7","","42","","","","7","","9","","24.1","","100.06","","","","","","NA"
"-79.63","43.68","TORONTO INTL A","6158731","2023-06-21 21:00","2023","06","21","21:00","","22.6","","9.5","","43","","","","7","","13","","24.1","","100.10","","","","","","NA"
"-79.63","43.68","TORONTO INTL A","6158731","2023-06-21 22:00","2023","06","21","22:00","","21.2","","9.7","","47","","","","5","","8","","24.1","","100.09","","","","","","Clear"
"-79.63","43.68","TORONTO INTL A","6158731","2023-06-21 23:00","2023","06","21","23:00","","21.1","","9.8","","48","","","","6","","7","","24.1","","100.08","","","","","","NA"
"-79.63","43.68","TORONTO INTL A","6158731","2023-06-22 00:00","2023","06","22","00:00","","20.8","","11.0","","53","","","","8","","9","","24.1","","100.04","","","","","","NA"
"-79.63","43.68","TORONTO INTL A","6158731","2023-06-22 01:00","2023","06","22","01:00","","19.6","","11.4","","59","","","","4","","9","","24.1","","100.05","","","","","","Clear"
"-79.63","43.68","TORONTO INTL A","6158731","2023-06-22 02:00","2023","06","22","02:00","","18.9","","12.1","","64","","","","4","","8","","24.1","","100.03","","","","","","NA"
"-79.63","43.68","TORONTO INTL A","6158731","2023-06-22 03:00","2023","06","22","03:00","","17.9","","12.3","","69","","","","2","","8","","24.1","","100.00","","","","","","NA"
"-79.63","43.68","TORONTO INTL A","6158731","2023-06-22 04:00","2023","06","22","04:00","","17.0","","11.8","","71","","","","5","","4","","24.1","","100.01","","","","","","Mainly Clear"
"-79.63","43.68","TORONTO INTL A","6158731","2023-06-22 05:00","2023","06","22","05:00","","16.6","","11.8","","73","","","","","","0","","24.1","","100.03","","","","","","NA"
"-79.63","43.68","TORONTO INTL A","6158731","2023-06-22 06:00","2023","06","22","06:00","","19.0","","14.2","","73","","","","36","","3","","24.1","","100.06","","","","","","NA"
"-79.63","43.68","TORONTO INTL A","6158731","2023-06-22 07:00","2023","06","22","07:00","","20.0","","14.4","","70","","","","15","","5","","24.1","","100.09","","","","","","Mainly Clear"
"-79.63","43.68","TORONTO INTL A","6158731","2023-06-22 08:00","2023","06","22","08:00","","21.8","","14.1","","61","","","","14","","6","","24.1","","100.12","","25","","","","NA"
"-79.63","43.68","TORONTO INTL A","6158731","2023-06-22 09:00","2023","06","22","09:00","","22.4","","11.1","","48","","","","17","","10","","24.1","","100.11","","","","","","NA"
"-79.63","43.68","TORONTO INTL A","6158731","2023-06-22 10:00","2023","06","22","10:00","","23.0","","10.4","","44","","","","11","","16","","24.1","","100.09","","","","","","Mostly Cloudy"
"-79.63","43.68","TORONTO INTL A","6158731","2023-06-22 11:00","2023","06","22","11:00","","23.7","","12.2","","48","","","","12","","11","","24.1","","100.07","","26","","","","NA"
"-79.63","43.68","TORONTO INTL A","6158731","2023-06-22 12:00","2023","06","22","12:00","","23.8","","11.2","","45","","","","11","","20","","24.1","","100.01","","26","","","","NA"
"-79.63","43.68","TORONTO INTL A","6158731","2023-06-22 13:00","2023","06","22","13:00","","24.8","","11.5","","43","","","","14","","18","","24.1","","99.92","","27","","","","Mostly Cloudy"
"-79.63","43.68","TORONTO INTL A","6158731","2023-06-22 14:00","2023","06","22","14:00","","24.1","","10.5","","42","","","","11","","26","","24.1","","99.84","","26","","","","NA"
"-79.63","43.68","TORONTO INTL A","6158731","2023-06-22 15:00","2023","06","22","15:00","","23.9","","10.8","","43","","","","9","","20","","24.1","","99.83","","26","","","","NA"
"-79.63","43.68","TORONTO INTL A","6158731","2023-06-22 16:00","2023","06","22","16:00","","24.0","","10.1","","41","","","","9","","15","","24.1","","99.77","","25","","","","Mostly Cloudy"
"-79.63","43.68","TORONTO INTL A","6158731","2023-06-22 17:00","2023","06","22","17:00","","23.8","","8.7","","38","","","","10","","19","","24.1","","99.72","","25","","","","NA"
"-79.63","43.68","TORONTO INTL A","6158731","2023-06-22 18:00","2023","06","22","18:00","","23.8","","7.8","","36","","","","8","","12","","24.1","","99.72","","","","","","NA"
"-79.63","43.68","TORONTO INTL A","6158731","2023-06-22 19:00","2023","06","22","19:00","","22.5","","8.8","","41","","","","8","","17","","24.1","","99.72","","","","","","Mostly Cloudy"
"-79.63","43.68","TORONTO INTL A","6158731","2023-06-22 20:00","2023","06","22","20:00","","21.6","","10.0","","47","","","","10","","10","","24.1","","99.69","","","","","","NA"
"-79.63","43.68","TORONTO INTL A","6158731","2023-06-22 21:00","2023","06","22","21:00","","21.4","","8.7","","44","","","","13","","12","","24.1","","99.68","","","","","","NA"
"-79.63","43.68","TORONTO INTL A","6158731","2023-06-22 22:00","2023","06","22","22:00","","21.4","","10.6","","50","","","","11","","8","","24.1","","99.67","","","","","","Mostly Cloudy"
"-79.63","43.68","TORONTO INTL A","6158731","2023-06-22 23:00","2023","06","22","23:00","","21.1","","11.2","","53","","","","10","","7","","24.1","","99.62","","","","","","NA"
"-79.63","43.68","TORONTO INTL A","6158731","2023-06-23 00:00","2023","06","23","00:00","","20.8","","11.4","","55","","","","10","","12","","24.1","","99.56","","","","","","NA"
"-79.63","43.68","TORONTO INTL A","6158731","2023-06-23 01:00","2023","06","23","01:00","","20.6","","13.5","","63","","","","12","","9","","24.1","","99.54","","","","","","Mostly Cloudy"
"-79.63","43.68","TORONTO INTL A","6158731","2023-06-23 02:00","2023","06","23","02:00","","20.3","","14.7","","70","","","","12","","7","","24.1","","99.53","","","","","","NA"
"-79.63","43.68","TORONTO INTL A","6158731","2023-06-23 03:00","2023","06","23","03:00","","19.7","","15.4","","76","","","","8","","6","","24.1","","99.45","","","","","","NA"
"-79.63","43.68","TORONTO INTL A","6158731","2023-06-23 04:00","2023","06","23","04:00","","20.4","","15.8","","74","","","","13","","4","","24.1","","99.44","","25","","","","Mostly Cloudy"
"-79.63","43.68","TORONTO INTL A","6158731","2023-06-23 05:00","2023","06","23","05:00","","20.0","","16.6","","81","","","","10","","7","","24.1","","99.46","","25","","","","NA"
"-79.63","43.68","TORONTO INTL A","6158731","2023-06-23 06:00","2023","06","23","06:00","","20.2","","16.9","","81","","","","5","","7","","24.1","","99.46","","25","","","","NA"
"-79.63","43.68","TORONTO INTL A","6158731","2023-06-23 07:00","2023","06","23","07:00","","21.0","","17.5","","80","","","","7","","6","","24.1","","99.47","","27","","","","Mostly Cloudy"
"-79.63","43.68","TORONTO INTL A","6158731","2023-06-23 08:00","2023","06","23","08:00","","21.2","","17.7","","80","","","","8","","6","","24.1","","99.42","","27","","","","NA"
"-79.63","43.68","TORONTO INTL A","6158731","2023-06-23 09:00","2023","06","23","09:00","","22.8","","18.1","","75","","","","8","","10","","24.1","","99.43","","29","","","","NA"
"-79.63","43.68","TORONTO INTL A","6158731","2023-06-23 10:00","2023","06","23","10:00","","23.9","","16.4","","62","","","","7","","11","","24.1","","99.40","","29","","","","Mostly Cloudy"
"-79.63","43.68","TORONTO INTL A","6158731","2023-06-23 11:00","2023","06","23","11:00","","23.9","","16.5","","63","","","","8","","11","","24.1","","99.39","","29","","","","NA"
"-79.63","43.68","TORONTO INTL A","6158731","2023-06-23 12:00","2023","06","23","12:00","","23.6","","17.2","","67","","","","13","","10","","24.1","","99.36","","29","","","","NA"
"-79.63","43.68","TORONTO INTL A","6158731","2023-06-23 13:00","2023","06","23","13:00","","20.9","","18.7","","87","","","","11","","11","","24.1","","99.34","","27","","","","Rain Showers"
"-79.63","43.68","TORONTO INTL A","6158731","2023-06-23 14:00","2023","06","23","14:00","","19.7","","19.4","","98","","","","13","","4","","9.7","","99.33","","","","","","Moderate Rain Showers,Fog"
"-79.63","43.68","TORONTO INTL A","6158731","2023-06-23 15:00","2023","06","23","15:00","","20.0","","19.5","","97","","","","8","","9","","12.9","","99.29","","27","","","","Rain Showers"
"-79.63","43.68","TORONTO INTL A","6158731","2023-06-23 16:00","2023","06","23","16:00","","20.2","","19.2","","94","","","","8","","12","","24.1","","99.27","","27","","","","Cloudy"
"-79.63","43.68","TORONTO INTL A","6158731","2023-06-23 17:00","2023","06","23","17:00","","19.4","","18.7","","95","","","","15","","11","","19.3","","99.25","","","","","","NA"
"-79.63","43.68","TORONTO INTL A","6158731","2023-06-23 18:00","2023","06","23","18:00","","19.4","","19.3","","99","","","","7","","4","","16.1","","99.23","","","","","","Rain"
"-79.63","43.68","TORONTO INTL A","6158731","2023-06-23 19:00","2023","06","23","19:00","","19.6","","19.2","","98","","","","10","","6","","24.1","","99.22","","","","","","Rain"
"-79.63","43.68","TORONTO INTL A","6158731","2023-06-23 20:00","2023","06","23","20:00","","19.2","","18.4","","95","","","","17","","6","","19.3","","99.20","","","","","","NA"
"-79.63","43.68","TORONTO INTL A","6158731","2023-06-23 21:00","2023","06","23","21:00","","19.1","","18.4","","95","","","","17","","5","","19.3","","99.22","","","","","","Rain"
"-79.63","43.68","TORONTO INTL A","6158731","2023-06-23 22:00","2023","06","23","22:00","","19.4","","18.7","","96","","","","","","0","","24.1","","99.20","","","","","","Mostly Cloudy"
"-79.63","43.68","TORONTO INTL A","6158731","2023-06-23 23:00","2023","06","23","23:00","","19.1","","19.1","","100","","","","25","","3","","19.3","","99.20","","","","","","Rain"
"-79.63","43.68","TORONTO INTL A","6158731","2023-06-24 00:00","2023","06","24","00:00","","19.3","","19.2","","100","","","","28","","7","","19.3","","99.18","","","","","","NA"
"-79.63","43.68","TORONTO INTL A","6158731","2023-06-24 01:00","2023","06","24","01:00","","19.6","","19.5","","99","","","","30","","6","","12.9","","99.12","","","","","","Cloudy"
"-79.63","43.68","TORONTO INTL A","6158731","2023-06-24 02:00","2023","06","24","02:00","","19.7","","19.7","","100","","","","32","","7","","9.7","","99.06","","","","","","Fog"
"-79.63","43.68","TORONTO INTL A","6158731","2023-06-24 03:00","2023","06","24","03:00","","19.8","","19.4","","98","","","","36","","8","","9.7","","99.05","","","","","","Fog"
"-79.63","43.68","TORONTO INTL A","6158731","2023-06-24 04:00","2023","06","24","04:00","","19.9","","19.1","","95","","","","33","","8","","24.1","","99.07","","","","","","Cloudy"
"-79.63","43.68","TORONTO INTL A","6158731","2023-06-24 05:00","2023","06","24","05:00","","19.8","","19.3","","97","","","","32","","9","","19.3","","99.07","","","","","","NA"
"-79.63","43.68","TORONTO INTL A","6158731","2023-06-24 06:00","2023","06","24","06:00","","20.0","","19.2","","95","","","","1","","8","","19.3","","99.08","","27","","","","Rain"
"-79.63","43.68","TORONTO INTL A","6158731","2023-06-24 07:00","2023","06","24","07:00","","20.1","","19.7","","98","","","","2","","13","","24.1","","99.10","","27","","","","Mostly Cloudy"
"-79.63","43.68","TORONTO INTL A","6158731","2023-06-24 08:00","2023","06","24","08:00","","20.2","","20.2","","100","","","","2","","10","","19.3","","99.11","","28","","","","Rain Showers"
"-79.63","43.68","TORONTO INTL A","6158731","2023-06-24 09:00","2023","06","24","09:00","","21.0","","20.1","","95","","","","1","","8","","24.1","","99.10","","29","","","","NA"
"-79.63","43.68","TORONTO INTL A","6158731","2023-06-24 10:00","2023","06","24","10:00","","21.6","","20.0","","90","","","","34","","8","","24.1","","99.10","","29","","","","Mostly Cloudy"
"-79.63","43.68","TORONTO INTL A","6158731","2023-06-24 11:00","2023","06","24","11:00","","22.5","","20.4","","88","","","","32","","11","","24.1","","99.08","","30","","","","NA"
"-79.63","43.68","TORONTO INTL A","6158731","2023-06-24 12:00","2023","06","24","12:00","","23.4","","19.6","","79","","","","27","","10","","24.1","","99.05","","31","","","","NA"
"-79.63","43.68","TORONTO INTL A","6158731","2023-06-24 13:00","2023","06","24","13:00","","24.0","","19.3","","75","","","","29","","3","","24.1","","99.00","","31","","","","Mostly Cloudy"
"-79.63","43.68","TORONTO INTL A","6158731","2023-06-24 14:00","2023","06","24","14:00","","24.9","","18.7","","68","","","","36","","7","","24.1","","98.97","","31","","","","NA"
"-79.63","43.68","TORONTO INTL A","6158731","2023-06-24 15:00","2023","06","24","15:00","","25.2","","18.6","","66","","","","3","","8","","24.1","","98.93","","32","","","","NA"
"-79.63","43.68","TORONTO INTL A","6158731","2023-06-24 16:00","2023","06","24","16:00","","26.0","","20.5","","71","","","","31","","13","","24.1","","98.95","","34","","","","Mostly Cloudy"
"-79.63","43.68","TORONTO INTL A","6158731","2023-06-24 17:00","2023","06","24","17:00","","26.4","","19.8","","67","","","","31","","14","","24.1","","98.94","","34","","","","NA"
"-79.63","43.68","TORONTO INTL A","6158731","2023-06-24 18:00","2023","06","24","18:00","","23.9","","18.4","","71","","","","33","","14","","24.1","","98.94","","30","","","","NA"
"-79.63","43.68","TORONTO INTL A","6158731","2023-06-24 19:00","2023","06","24","19:00","","24.3","","19.2","","73","","","","1","","8","","24.1","","98.95","","31","","","","Mostly Cloudy"
"-79.63","43.68","TORONTO INTL A","6158731","2023-06-24 20:00","2023","06","24","20:00","","23.7","","19.4","","77","","","","4","","8","","24.1","","98.99","","31","","","","NA"
"-79.63","43.68","TORONTO INTL A","6158731","2023-06-24 21:00","2023","06","24","21:00","","23.1","","19.2","","78","","","","32","","10","","24.1","","99.03","","30","","","","NA"
"-79.63","43.68","TORONTO INTL A","6158731","2023-06-24 22:00","2023","06","24","22:00","","23.2","","18.1","","72","","","","35","","10","","24.1","","99.02","","29","","","","Clear"
"-79.63","43.68","TORONTO INTL A","6158731","2023-06-24 23:00","2023","06","24","23:00","","22.6","","16.9","","70","","","","35","","16","","24.1","","99.04","","28","","","","NA"
"-79.63","43.68","TORONTO INTL A","6158731","2023-06-25 00:00","2023","06","25","00:00","","21.1","","16.8","","76","","","","32","","9","","24.1","","99.02","","26","","","","NA"
"-79.63","43.68","TORONTO INTL A","6158731","2023-06-25 01:00","2023","06","25","01:00","","20.5","","16.4","","77","","","","32","","10","","24.1","","99.01","","25","","","","Clear"
"-79.63","43.68","TORONTO INTL A","6158731","2023-06-25 02:00","2023","06","25","02:00","","19.9","","16.2","","79","","","","33","","8","","24.1","","98.99","","","","","","NA"
"-79.63","43.68","TORONTO INTL A","6158731","2023-06-25 03:00","2023","06","25","03:00","","19.6","","15.9","","79","","","","35","","8","","24.1","","98.98","","","","","","NA"
"-79.63","43.68","TORONTO INTL A","6158731","2023-06-25 04:00","2023","06","25","04:00","","18.9","","16.1","","83","","","","31","","11","","24.1","","98.99","","","","","","Clear"
"-79.63","43.68","TORONTO INTL A","6158731","2023-06-25 05:00","2023","06","25","05:00","","18.5","","16.4","","88","","","","31","","11","","24.1","","99.03","","","","","","NA"
"-79.63","43.68","TORONTO INTL A","6158731","2023-06-25 06:00","2023","06","25","06:00","","20.4","","16.5","","78","","","","31","","12","","24.1","","99.03","","25","","","","NA"
"-79.63","43.68","TORONTO INTL A","6158731","2023-06-25 07:00","2023","06","25","07:00","","21.4","","17.2","","77","","","","1","","8","","24.1","","99.00","","27","","","","Mainly Clear"
"-79.63","43.68","TORONTO INTL A","6158731","2023-06-25 08:00","2023","06","25","08:00","","23.0","","18.6","","76","","","","","","0","","24.1","","98.97","","29","","","","NA"
"-79.63","43.68","TORONTO INTL A","6158731","2023-06-25 09:00","2023","06","25","09:00","","24.7","","17.5","","64","","","","13","","4","","24.1","","98.97","","30","","","","NA"
"-79.63","43.68","TORONTO INTL A","6158731","2023-06-25 10:00","2023","06","25","10:00","","25.6","","18.4","","64","","","","12","","13","","24.1","","98.94","","32","","","","Mostly Cloudy"
"-79.63","43.68","TORONTO INTL A","6158731","2023-06-25 11:00","2023","06","25","11:00","","26.1","","17.4","","58","","","","14","","13","","24.1","","98.90","","32","","","","NA"
"-79.63","43.68","TORONTO INTL A","6158731","2023-06-25 12:00","2023","06","25","12:00","","26.4","","19.1","","64","","","","13","","14","","24.1","","98.87","","33","","","","NA"
"-79.63","43.68","TORONTO INTL A","6158731","2023-06-25 13:00","2023","06","25","13:00","","26.9","","18.8","","61","","","","16","","13","","24.1","","98.81","","34","","","","Mostly Cloudy"
"-79.63","43.68","TORONTO INTL A","6158731","2023-06-25 14:00","2023","06","25","14:00","","27.2","","18.0","","56","","","","15","","15","","24.1","","98.74","","33","","","","NA"
"-79.63","43.68","TORONTO INTL A","6158731","2023-06-25 15:00","2023","06","25","15:00","","27.3","","18.3","","57","","","","16","","14","","24.1","","98.70","","34","","","","NA"
"-79.63","43.68","TORONTO INTL A","6158731","2023-06-25 16:00","2023","06","25","16:00","","27.5","","18.6","","58","","","","15","","19","","24.1","","98.65","","34","","","","Mostly Cloudy"
"-79.63","43.68","TORONTO INTL A","6158731","2023-06-25 17:00","2023","06","25","17:00","","25.9","","18.5","","63","","","","13","","21","","24.1","","98.57","","32","","","","NA"
"-79.63","43.68","TORONTO INTL A","6158731","2023-06-25 18:00","2023","06","25","18:00","","24.7","","18.4","","67","","","","12","","14","","24.1","","98.56","","31","","","","NA"
"-79.63","43.68","TORONTO INTL A","6158731","2023-06-25 19:00","2023","06","25","19:00","","23.7","","18.6","","73","","","","10","","12","","24.1","","98.55","","30","","","","Mostly Cloudy"
"-79.63","43.68","TORONTO INTL A","6158731","2023-06-25 20:00","2023","06","25","20:00","","22.9","","18.4","","75","","","","10","","13","","24.1","","98.56","","29","","","","NA"
"-79.63","43.68","TORONTO INTL A","6158731","2023-06-25 21:00","2023","06","25","21:00","","22.4","","18.9","","80","","","","8","","10","","24.1","","98.53","","29","","","","NA"
"-79.63","43.68","TORONTO INTL A","6158731","2023-06-25 22:00","2023","06","25","22:00","","22.9","","19.5","","81","","","","10","","17","","24.1","","98.47","","30","","","","Mostly Cloudy"
"-79.63","43.68","TORONTO INTL A","6158731","2023-06-25 23:00","2023","06","25","23:00","","21.7","","20.2","","91","","","","13","","9","","24.1","","98.45","","29","","","","Thunderstorms,Rain Showers"
"-79.63","43.68","TORONTO INTL A","6158731","2023-06-26 00:00","2023","06","26","00:00","","20.9","","20.2","","96","","","","3","","11","","19.3","","98.37","","29","","","","Thunderstorms,Rain Showers"
"-79.63","43.68","TORONTO INTL A","6158731","2023-06-26 01:00","2023","06","26","01:00","","20.6","","20.0","","97","","","","10","","16","","19.3","","98.30","","28","","","","Thunderstorms,Rain Showers"
"-79.63","43.68","TORONTO INTL A","6158731","2023-06-26 02:00","2023","06","26","02:00","","20.3","","20.1","","98","","","","9","","13","","24.1","","98.25","","28","","","","NA"
"-79.63","43.68","TORONTO INTL A","6158731","2023-06-26 03:00","2023","06","26","03:00","","20.1","","20.1","","100","","","","9","","13","","24.1","","98.25","","28","","","","NA"
"-79.63","43.68","TORONTO INTL A","6158731","2023-06-26 04:00","2023","06","26","04:00","","20.0","","20.0","","100","","","","9","","11","","24.1","","98.27","","28","","","","Cloudy"
"-79.63","43.68","TORONTO INTL A","6158731","2023-06-26 05:00","2023","06","26","05:00","","20.0","","19.9","","99","","","","9","","11","","19.3","","98.19","","27","","","","NA"
"-79.63","43.68","TORONTO INTL A","6158731","2023-06-26 06:00","2023","06","26","06:00","","20.1","","19.7","","97","","","","10","","11","","19.3","","98.20","","27","","","","NA"
"-79.63","43.68","TORONTO INTL A","6158731","2023-06-26 07:00","2023","06","26","07:00","","20.5","","19.5","","94","","","","11","","10","","24.1","","98.20","","28","","","","Cloudy"
"-79.63","43.68","TORONTO INTL A","6158731","2023-06-26 08:00","2023","06","26","08:00","","21.0","","19.1","","89","","","","11","","17","","24.1","","98.15","","28","","","","NA"
"-79.63","43.68","TORONTO INTL A","6158731","2023-06-26 09:00","2023","06","26","09:00","","20.2","","19.4","","95","","","","21","","19","","0.8","","98.20","","27","","","","Thunderstorms,Heavy Rain Showers"
"-79.63","43.68","TORONTO INTL A","6158731","2023-06-26 10:00","2023","06","26","10:00","","21.7","","21.1","","96","","","","14","","13","","16.1","","98.14","","30","","","","Mostly Cloudy"
"-79.63","43.68","TORONTO INTL A","6158731","2023-06-26 11:00","2023","06","26","11:00","","23.1","","18.9","","77","","","","23","","14","","16.1","","98.10","","30","","","","NA"
"-79.63","43.68","TORONTO INTL A","6158731","2023-06-26 12:00","2023","06","26","12:00","","22.5","","18.1","","76","","","","17","","9","","24.1","","98.05","","29","","","","NA"
"-79.63","43.68","TORONTO INTL A","6158731","2023-06-26 13:00","2023","06","26","13:00","","21.1","","18.1","","83","","","","15","","16","","24.1","","98.11","","27","","","","Rain Showers"
"-79.63","43.68","TORONTO INTL A","6158731","2023-06-26 14:00","2023","06","26","14:00","","21.2","","17.8","","81","","","","16","","14","","24.1","","98.09","","27","","","","NA"
"-79.63","43.68","TORONTO INTL A","6158731","2023-06-26 15:00","2023","06","26","15:00","","21.5","","19.4","","87","","","","16","","12","","24.1","","98.04","","29","","","","NA"
"-79.63","43.68","TORONTO INTL A","6158731","2023-06-26 16:00","2023","06","26","16:00","","22.5","","18.1","","76","","","","17","","17","","24.1","","97.98","","29","","","","Mostly Cloudy"
"-79.63","43.68","TORONTO INTL A","6158731","2023-06-26 17:00","2023","06","26","17:00","","22.4","","18.1","","76","","","","15","","23","","24.1","","97.98","","28","","","","NA"
"-79.63","43.68","TORONTO INTL A","6158731","2023-06-26 18:00","2023","06","26","18:00","","21.6","","18.2","","81","","","","14","","18","","24.1","","97.98","","28","","","","NA"
"-79.63","43.68","TORONTO INTL A","6158731","2023-06-26 19:00","2023","06","26","19:00","","21.8","","17.8","","78","","","","16","","13","","24.1","","97.96","","28","","","","Mostly Cloudy"
"-79.63","43.68","TORONTO INTL A","6158731","2023-06-26 20:00","2023","06","26","20:00","","21.5","","17.7","","79","","","","15","","9","","24.1","","98.00","","27","","","","NA"
"-79.63","43.68","TORONTO INTL A","6158731","2023-06-26 21:00","2023","06","26","21:00","","21.0","","18.1","","83","","","","17","","10","","24.1","","98.03","","27","","","","NA"
"-79.63","43.68","TORONTO INTL A","6158731","2023-06-26 22:00","2023","06","26","22:00","","20.9","","17.7","","82","","","","16","","13","","24.1","","98.09","","27","","","","Cloudy"
"-79.63","43.68","TORONTO INTL A","6158731","2023-06-26 23:00","2023","06","26","23:00","","20.0","","18.3","","90","","","","14","","11","","24.1","","98.08","","26","","","","NA"
"-79.63","43.68","TORONTO INTL A","6158731","2023-06-27 00:00","2023","06","27","00:00","","19.7","","18.2","","91","","","","14","","10","","24.1","","98.06","","","","","","NA"
"-79.63","43.68","TORONTO INTL A","6158731","2023-06-27 01:00","2023","06","27","01:00","","19.3","","18.3","","94","","","","15","","5","","24.1","","97.99","","","","","","Mostly Cloudy"
"-79.63","43.68","TORONTO INTL A","6158731","2023-06-27 02:00","2023","06","27","02:00","","19.0","","18.7","","98","","","","13","","9","","24.1","","97.99","","","","","","NA"
"-79.63","43.68","TORONTO INTL A","6158731","2023-06-27 03:00","2023","06","27","03:00","","19.3","","19.3","","100","","","","14","","10","","16.1","","97.97","","","","","","NA"
"-79.63","43.68","TORONTO INTL A","6158731","2023-06-27 04:00","2023","06","27","04:00","","19.1","","19.1","","100","","","","15","","9","","9.7","","97.98","","","","","","Fog"
"-79.63","43.68","TORONTO INTL A","6158731","2023-06-27 05:00","2023","06","27","05:00","","19.4","","19.4","","100","","","","16","","7","","9.7","","98.02","","","","","","Fog"
"-79.63","43.68","TORONTO INTL A","6158731","2023-06-27 06:00","2023","06","27","06:00","","19.6","","19.6","","99","","","","13","","11","","8.1","","98.06","","","","","","Fog"
"-79.63","43.68","TORONTO INTL A","6158731","2023-06-27 07:00","2023","06","27","07:00","","19.6","","19.1","","97","","","","15","","12","","12.9","","98.06","","","","","","Drizzle"
"-79.63","43.68","TORONTO INTL A","6158731","2023-06-27 08:00","2023","06","27","08:00","","19.9","","18.8","","93","","","","14","","7","","16.1","","98.10","","","","","","NA"
"-79.63","43.68","TORONTO INTL A","6158731","2023-06-27 09:00","2023","06","27","09:00","","20.3","","18.8","","91","","","","13","","10","","16.1","","98.10","","27","","","","NA"
"-79.63","43.68","TORONTO INTL A","6158731","2023-06-27 10:00","2023","06","27","10:00","","21.4","","18.0","","81","","","","5","","3","","16.1","","98.10","","27","","","","Rain"
"-79.63","43.68","TORONTO INTL A","6158731","2023-06-27 11:00","2023","06","27","11:00","","22.0","","18.4","","80","","","","27","","5","","24.1","","98.11","","28","","","","Rain"
"-79.63","43.68","TORONTO INTL A","6158731","2023-06-27 12:00","2023","06","27","12:00","","22.3","","18.2","","77","","","","36","","9","","19.3","","98.14","","28","","","","Rain"
"-79.63","43.68","TORONTO INTL A","6158731","2023-06-27 13:00","2023","06","27","13:00","","21.0","","19.1","","89","","","","11","","7","","19.3","","98.13","","28","","","","Rain Showers"
"-79.63","43.68","TORONTO INTL A","6158731","2023-06-27 14:00","2023","06","27","14:00","","22.3","","19.0","","82","","","","29","","21","","16.1","","98.15","","29","","","","Rain Showers"
"-79.63","43.68","TORONTO INTL A","6158731","2023-06-27 15:00","2023","06","27","15:00","","20.4","","19.3","","93","","","","35","","23","","4.8","","98.21","","27","","","","Moderate Rain Showers"
"-79.63","43.68","TORONTO INTL A","6158731","2023-06-27 16:00","2023","06","27","16:00","","21.9","","19.0","","83","","","","32","","9","","9.7","","98.26","","29","","","","Rain,Fog"
"-79.63","43.68","TORONTO INTL A","6158731","2023-06-27 17:00","2023","06","27","17:00","","22.3","","17.2","","72","","","","31","","32","","9.7","","98.32","","28","","","","Fog"
"-79.63","43.68","TORONTO INTL A","6158731","2023-06-27 18:00","2023","06","27","18:00","","21.1","","16.6","","75","","","","32","","31","","16.1","","98.38","","26","","","","NA"
"-79.63","43.68","TORONTO INTL A","6158731","2023-06-27 19:00","2023","06","27","19:00","","19.4","","15.5","","78","","","","30","","28","","16.1","","98.47","","","","","","Mostly Cloudy"
"-79.63","43.68","TORONTO INTL A","6158731","2023-06-27 20:00","2023","06","27","20:00","","18.4","","14.8","","79","","","","31","","26","","9.7","","98.55","","","","","","Smoke"
"-79.63","43.68","TORONTO INTL A","6158731","2023-06-27 21:00","2023","06","27","21:00","","17.7","","14.4","","81","","","","32","","31","","9.7","","98.65","","","","","","Smoke"
"-79.63","43.68","TORONTO INTL A","6158731","2023-06-27 22:00","2023","06","27","22:00","","17.1","","14.2","","83","","","","32","","32","","8.1","","98.71","","","","","","Smoke"
"-79.63","43.68","TORONTO INTL A","6158731","2023-06-27 23:00","2023","06","27","23:00","","16.9","","14.0","","83","","","","32","","33","","6.4","","98.75","","","","","","Smoke"
"-79.63","43.68","TORONTO INTL A","6158731","2023-06-28 00:00","2023","06","28","00:00","","16.4","","13.4","","83","","","","33","","31","","8.1","","98.78","","","","","","Smoke"
"-79.63","43.68","TORONTO INTL A","6158731","2023-06-28 01:00","2023","06","28","01:00","","16.0","","13.2","","83","","","","33","","26","","8.1","","98.79","","","","","","Smoke"
"-79.63","43.68","TORONTO INTL A","6158731","2023-06-28 02:00","2023","06","28","02:00","","15.5","","12.6","","83","","","","34","","33","","6.4","","98.83","","","","","","Smoke"
"-79.63","43.68","TORONTO INTL A","6158731","2023-06-28 03:00","2023","06","28","03:00","","15.3","","12.4","","83","","","","33","","32","","8.1","","98.86","","","","","","Smoke"
"-79.63","43.68","TORONTO INTL A","6158731","2023-06-28 04:00","2023","06","28","04:00","","15.0","","12.1","","83","","","","35","","26","","8.1","","98.92","","","","","","Smoke"
"-79.63","43.68","TORONTO INTL A","6158731","2023-06-28 05:00","2023","06","28","05:00","","14.8","","11.5","","80","","","","34","","31","","8.1","","99.01","","","","","","Smoke"
"-79.63","43.68","TORONTO INTL A","6158731","2023-06-28 06:00","2023","06","28","06:00","","14.8","","11.2","","79","","","","34","","25","","8.1","","99.08","","","","","","Smoke"
"-79.63","43.68","TORONTO INTL A","6158731","2023-06-28 07:00","2023","06","28","07:00","","15.6","","11.6","","77","","","","35","","30","","8.1","","99.14","","","","","","Smoke"
"-79.63","43.68","TORONTO INTL A","6158731","2023-06-28 08:00","2023","06","28","08:00","","16.2","","12.0","","76","","","","33","","28","","6.4","","99.22","","","","","","Smoke"
"-79.63","43.68","TORONTO INTL A","6158731","2023-06-28 09:00","2023","06","28","09:00","","16.9","","12.5","","75","","","","33","","29","","6.4","","99.25","","","","","","Smoke"
"-79.63","43.68","TORONTO INTL A","6158731","2023-06-28 10:00","2023","06","28","10:00","","17.7","","12.6","","72","","","","36","","23","","4.8","","99.31","","","","","","Smoke"
"-79.63","43.68","TORONTO INTL A","6158731","2023-06-28 11:00","2023","06","28","11:00","","19.4","","13.3","","67","","","","32","","26","","4.0","","99.32","","","","","","Smoke"
"-79.63","43.68","TORONTO INTL A","6158731","2023-06-28 12:00","2023","06","28","12:00","","20.7","","13.2","","62","","","","34","","29","","2.4","","99.37","","","","","","Smoke"
"-79.63","43.68","TORONTO INTL A","6158731","2023-06-28 13:00","2023","06","28","13:00","","22.6","","13.3","","55","","","","32","","17","","2.4","","99.33","","26","","","","Smoke"
"-79.63","43.68","TORONTO INTL A","6158731","2023-06-28 14:00","2023","06","28","14:00","","23.5","","13.7","","54","","","","34","","19","","4.8","","99.27","","27","","","","Smoke"
"-79.63","43.68","TORONTO INTL A","6158731","2023-06-28 15:00","2023","06","28","15:00","","23.4","","12.8","","51","","","","36","","21","","4.8","","99.26","","26","","","","Smoke"
"-79.63","43.68","TORONTO INTL A","6158731","2023-06-28 16:00","2023","06","28","16:00","","22.9","","9.1","","41","","","","1","","25","","6.4","","99.29","","","","","","Smoke"
"-79.63","43.68","TORONTO INTL A","6158731","2023-06-28 17:00","2023","06","28","17:00","","22.8","","5.2","","32","","","","36","","21","","16.1","","99.32","","","","","","NA"
"-79.63","43.68","TORONTO INTL A","6158731","2023-06-28 18:00","2023","06","28","18:00","","22.3","","4.3","","31","","","","35","","20","","24.1","","99.35","","","","","","NA"
"-79.63","43.68","TORONTO INTL A","6158731","2023-06-28 19:00","2023","06","28","19:00","","20.9","","6.0","","38","","","","1","","22","","19.3","","99.38","","","","","","Mainly Clear"
"-79.63","43.68","TORONTO INTL A","6158731","2023-06-28 20:00","2023","06","28","20:00","","19.1","","4.4","","37","","","","36","","21","","19.3","","99.42","","","","","","NA"
"-79.63","43.68","TORONTO INTL A","6158731","2023-06-28 21:00","2023","06","28","21:00","","17.8","","2.4","","35","","","","36","","14","","24.1","","99.48","","","","","","NA"
"-79.63","43.68","TORONTO INTL A","6158731","2023-06-28 22:00","2023","06","28","22:00","","16.8","","0.6","","33","","","","36","","17","","24.1","","99.51","","","","","","Clear"
"-79.63","43.68","TORONTO INTL A","6158731","2023-06-28 23:00","2023","06","28","23:00","","16.0","","2.4","","40","","","","31","","10","","24.1","","99.56","","","","","","NA"
"-79.63","43.68","TORONTO INTL A","6158731","2023-06-29 00:00","2023","06","29","00:00","","15.2","","3.1","","44","","","","34","","9","","24.1","","99.55","","","","","","NA"
"-79.63","43.68","TORONTO INTL A","6158731","2023-06-29 01:00","2023","06","29","01:00","","14.6","","4.3","","50","","","","33","","10","","24.1","","99.56","","","","","","Cloudy"
"-79.63","43.68","TORONTO INTL A","6158731","2023-06-29 02:00","2023","06","29","02:00","","13.7","","5.9","","59","","","","31","","10","","24.1","","99.57","","","","","","NA"
"-79.63","43.68","TORONTO INTL A","6158731","2023-06-29 03:00","2023","06","29","03:00","","13.4","","6.5","","62","","","","34","","10","","24.1","","99.58","","","","","","NA"
"-79.63","43.68","TORONTO INTL A","6158731","2023-06-29 04:00","2023","06","29","04:00","","14.0","","5.9","","58","","","","33","","9","","24.1","","99.63","","","","","","Mainly Clear"
"-79.63","43.68","TORONTO INTL A","6158731","2023-06-29 05:00","2023","06","29","05:00","","14.2","","6.0","","58","","","","34","","7","","19.3","","99.67","","","","","","NA"
"-79.63","43.68","TORONTO INTL A","6158731","2023-06-29 06:00","2023","06","29","06:00","","15.2","","6.5","","56","","","","35","","9","","24.1","","99.66","","","","","","NA"
"-79.63","43.68","TORONTO INTL A","6158731","2023-06-29 07:00","2023","06","29","07:00","","17.3","","7.0","","50","","","","35","","8","","24.1","","99.71","","","","","","Mainly Clear"
"-79.63","43.68","TORONTO INTL A","6158731","2023-06-29 08:00","2023","06","29","08:00","","19.2","","9.0","","51","","","","","","0","","24.1","","99.74","","","","","","NA"
"-79.63","43.68","TORONTO INTL A","6158731","2023-06-29 09:00","2023","06","29","09:00","","20.9","","8.4","","44","","","","16","","5","","24.1","","99.78","","","","","","NA"
"-79.63","43.68","TORONTO INTL A","6158731","2023-06-29 10:00","2023","06","29","10:00","","22.3","","9.8","","45","","","","20","","8","","24.1","","99.78","","","","","","Mainly Clear"
"-79.63","43.68","TORONTO INTL A","6158731","2023-06-29 11:00","2023","06","29","11:00","","23.1","","9.6","","42","","","","14","","7","","24.1","","99.72","","","","","","NA"
"-79.63","43.68","TORONTO INTL A","6158731","2023-06-29 12:00","2023","06","29","12:00","","23.7","","8.0","","36","","","","16","","12","","24.1","","99.65","","","","","","NA"
"-79.63","43.68","TORONTO INTL A","6158731","2023-06-29 13:00","2023","06","29","13:00","","24.2","","6.3","","31","","","","15","","12","","24.1","","99.59","","","","","","Mostly Cloudy"
"-79.63","43.68","TORONTO INTL A","6158731","2023-06-29 14:00","2023","06","29","14:00","","24.7","","10.4","","40","","","","14","","12","","24.1","","99.55","","26","","","","NA"
"-79.63","43.68","TORONTO INTL A","6158731","2023-06-29 15:00","2023","06","29","15:00","","25.1","","8.1","","33","","","","14","","9","","24.1","","99.54","","26","","","","NA"
"-79.63","43.68","TORONTO INTL A","6158731","2023-06-29 16:00","2023","06","29","16:00","","25.4","","7.7","","32","","","","11","","14","","24.1","","99.52","","26","","","","Mainly Clear"
"-79.63","43.68","TORONTO INTL A","6158731","2023-06-29 17:00","2023","06","29","17:00","","24.9","","9.3","","37","","","","15","","17","","19.3","","99.53","","26","","","","NA"
"-79.63","43.68","TORONTO INTL A","6158731","2023-06-29 18:00","2023","06","29","18:00","","23.7","","11.3","","45","","","","14","","15","","12.9","","99.54","","26","","","","NA"
"-79.63","43.68","TORONTO INTL A","6158731","2023-06-29 19:00","2023","06","29","19:00","","22.2","","9.4","","44","","","","14","","11","","12.9","","99.51","","","","","","Mainly Clear"
"-79.63","43.68","TORONTO INTL A","6158731","2023-06-29 20:00","2023","06","29","20:00","","21.1","","11.3","","53","","","","14","","11","","8.1","","99.49","","","","","","Smoke"
"-79.63","43.68","TORONTO INTL A","6158731","2023-06-29 21:00","2023","06","29","21:00","","20.0","","12.6","","62","","","","13","","9","","19.3","","99.47","","","","","","NA"
"-79.63","43.68","TORONTO INTL A","6158731","2023-06-29 22:00","2023","06","29","22:00","","19.8","","14.1","","69","","","","14","","7","","19.3","","99.47","","","","","","Cloudy"
"-79.63","43.68","TORONTO INTL A","6158731","2023-06-29 23:00","2023","06","29","23:00","","20.2","","13.7","","66","","","","15","","8","","24.1","","99.47","","","","","","NA"
"-79.63","43.68","TORONTO INTL A","6158731","2023-06-30 00:00","2023","06","30","00:00","","20.3","","12.7","","61","","","","12","","8","","24.1","","99.46","","","","","","NA"
"-79.63","43.68","TORONTO INTL A","6158731","2023-06-30 01:00","2023","06","30","01:00","","20.1","","13.1","","63","","","","9","","9","","24.1","","99.44","","","","","","Cloudy"
"-79.63","43.68","TORONTO INTL A","6158731","2023-06-30 02:00","2023","06","30","02:00","","19.8","","13.4","","66","","","","8","","8","","19.3","","99.43","","","","","","NA"
"-79.63","43.68","TORONTO INTL A","6158731","2023-06-30 03:00","2023","06","30","03:00","","19.9","","13.9","","68","","","","36","","3","","19.3","","99.43","","","","","","NA"
"-79.63","43.68","TORONTO INTL A","6158731","2023-06-30 04:00","2023","06","30","04:00","","19.7","","14.4","","71","","","","9","","13","","19.3","","99.32","","","","","","Cloudy"
"-79.63","43.68","TORONTO INTL A","6158731","2023-06-30 05:00","2023","06","30","05:00","","18.9","","15.3","","79","","","","35","","8","","6.4","","99.32","","","","","","Smoke"
"-79.63","43.68","TORONTO INTL A","6158731","2023-06-30 06:00","2023","06","30","06:00","","19.2","","15.3","","78","","","","","","0","","6.4","","99.39","","","","","","Smoke"
"-79.63","43.68","TORONTO INTL A","6158731","2023-06-30 07:00","2023","06","30","07:00","","20.1","","15.2","","73","","","","5","","7","","8.1","","99.42","","","","","","Smoke"
"-79.63","43.68","TORONTO INTL A","6158731","2023-06-30 08:00","2023","06","30","08:00","","21.4","","15.5","","69","","","","9","","8","","6.4","","99.43","","26","","","","Smoke"
"-79.63","43.68","TORONTO INTL A","6158731","2023-06-30 09:00","2023","06","30","09:00","","21.8","","16.3","","71","","","","5","","3","","6.4","","99.45","","27","","","","Smoke"
"-79.63","43.68","TORONTO INTL A","6158731","2023-06-30 10:00","2023","06","30","10:00","","21.9","","17.0","","74","","","","15","","12","","4.8","","99.44","","27","","","","Smoke"
"-79.63","43.68","TORONTO INTL A","6158731","2023-06-30 11:00","2023","06","30","11:00","","22.5","","17.4","","72","","","","11","","17","","6.4","","99.37","","28","","","","Smoke"
"-79.63","43.68","TORONTO INTL A","6158731","2023-06-30 12:00","2023","06","30","12:00","","22.5","","16.4","","68","","","","14","","13","","6.4","","99.42","","27","","","","Smoke"
"-79.63","43.68","TORONTO INTL A","6158731","2023-06-30 13:00","2023","06","30","13:00","","24.4","","17.3","","64","","","","12","","11","","6.4","","99.39","","30","","","","Smoke"
"-79.63","43.68","TORONTO INTL A","6158731","2023-06-30 14:00","2023","06","30","14:00","","24.6","","15.2","","55","","","","15","","17","","8.1","","99.34","","29","","","","Smoke"
"-79.63","43.68","TORONTO INTL A","6158731","2023-06-30 15:00","2023","06","30","15:00","","25.2","","14.1","","49","","","","12","","19","","9.7","","99.32","","29","","","","Smoke"
"-79.63","43.68","TORONTO INTL A","6158731","2023-06-30 16:00","2023","06","30","16:00","","25.0","","13.6","","49","","","","12","","21","","9.7","","99.29","","28","","","","Smoke"
"-79.63","43.68","TORONTO INTL A","6158731","2023-06-30 17:00","2023","06","30","17:00","","24.9","","13.7","","49","","","","11","","14","","8.1","","99.27","","28","","","","Smoke"
"-79.63","43.68","TORONTO INTL A","6158731","2023-06-30 18:00","2023","06","30","18:00","","24.3","","15.0","","56","","","","13","","16","","6.4","","99.28","","28","","","","Smoke"
"-79.63","43.68","TORONTO INTL A","6158731","2023-06-30 19:00","2023","06","30","19:00","","23.4","","16.2","","63","","","","13","","16","","11.3","","99.25","","28","","","","Mainly Clear"
"-79.63","43.68","TORONTO INTL A","6158731","2023-06-30 20:00","2023","06","30","20:00","","21.7","","16.7","","73","","","","14","","12","","12.9","","99.26","","27","","","","NA"
"-79.63","43.68","TORONTO INTL A","6158731","2023-06-30 21:00","2023","06","30","21:00","","20.9","","17.3","","80","","","","10","","9","","16.1","","99.28","","26","","","","NA"
"-79.63","43.68","TORONTO INTL A","6158731","2023-06-30 22:00","2023","06","30","22:00","","21.0","","17.0","","78","","","","11","","8","","16.1","","99.27","","26","","","","Clear"
"-79.63","43.68","TORONTO INTL A","6158731","2023-06-30 23:00","2023","06","30","23:00","","20.7","","16.9","","79","","","","9","","9","","16.1","","99.26","","26","","","","NA"
