"Longitude (x)","Latitude (y)","Station Name","Climate ID","Date/Time (LST)","Year","Month","Day","Time (LST)","Flag","Temp (°C)","Temp Flag","Dew Point Temp (°C)","Dew Point Temp Flag","Rel Hum (%)","Rel Hum Flag","Precip. Amount (mm)","Precip. Amount Flag","Wind Dir (10s deg)","Wind Dir Flag","Wind Spd (km/h)","Wind Spd Flag","Visibility (km)","Visibility Flag","Stn Press (kPa)","Stn Press Flag","Hmdx","Hmdx Flag","Wind Chill","Wind Chill Flag","Weather"
"-79.63","43.68","TORONTO INTL A","6158731","2026-03-01 00:00","2026","03","01","00:00","","-6.7","","-9.3","","82","","","","33","","19","","6.4","","100.36","","","","-14","","Snow"
"-79.63","43.68","TORONTO INTL A","6158731","2026-03-01 01:00","2026","03","01","01:00","","-6.1","","-11.3","","67","","","","33","","19","","19.3","","100.34","","","","-13","","Cloudy"
"-79.63","43.68","TORONTO INTL A","6158731","2026-03-01 02:00","2026","03","01","02:00","","-6.4","","-12.7","","61","","","","32","","22","","24.1","","100.38","","","","-14","","NA"
"-79.63","43.68","TORONTO INTL A","6158731","2026-03-01 03:00","2026","03","01","03:00","","-6.6","","-13.4","","59","","","","34","","27","","24.1","","100.44","","","","-15","","NA"
"-79.63","43.68","TORONTO INTL A","6158731","2026-03-01 04:00","2026","03","01","04:00","","-7.1","","-13.5","","61","","","","33","","19","","24.1","","100.47","","","","-14","","Mostly Cloudy"
"-79.63","43.68","TORONTO INTL A","6158731","2026-03-01 05:00","2026","03","01","05:00","","-8.1","","-14.3","","61","","","","34","","21","","24.1","","100.56","","","","-16","","NA"
"-79.63","43.68","TORONTO INTL A","6158731","2026-03-01 06:00","2026","03","01","06:00","","-9.0","","-14.2","","66","","","","33","","19","","24.1","","100.61","","","","-16","","NA"
"-79.63","43.68","TORONTO INTL A","6158731","2026-03-01 07:00","2026","03","01","07:00","","-9.9","","-14.8","","68","","","","31","","15","","24.1","","100.69","","","","-17","","Mainly Clear"
"-79.63","43.68","TORONTO INTL A","6158731","2026-03-01 08:00","2026","03","01","08:00","","-9.6","","-15.1","","65","","","","34","","22","","24.1","","100.80","","","","-18","","NA"
"-79.63","43.68","TORONTO INTL A","6158731","2026-03-01 09:00","2026","03","01","09:00","","-9.4","","-15.5","","62","","","","34","","19","","24.1","","100.90","","","","-17","","NA"
"-79.63","43.68","TORONTO INTL A","6158731","2026-03-01 10:00","2026","03","01","10:00","","-9.0","","-16.5","","55","","","","34","","17","","24.1","","100.97","","","","-16","","Mainly Clear"
"-79.63","43.68","TORONTO INTL A","6158731","2026-03-01 11:00","2026","03","01","11:00","","-8.3","","-17.1","","50","","","","34","","16","","24.1","","101.04","","","","-15","","NA"
"-79.63","43.68","TORONTO INTL A","6158731","2026-03-01 12:00","2026","03","01","12:00","","-7.8","","-17.3","","47","","","","35","","19","","24.1","","101.08","","","","-15","","NA"
"-79.63","43.68","TORONTO INTL A","6158731","2026-03-01 13:00","2026","03","01","13:00","","-7.8","","-17.7","","46","","","","36","","22","","24.1","","101.09","","","","-15","","Mainly Clear"
"-79.63","43.68","TORONTO INTL A","6158731","2026-03-01 14:00","2026","03","01","14:00","","-7.3","","-19.3","","38","","","","34","","22","","24.1","","101.09","","","","-15","","NA"
"-79.63","43.68","TORONTO INTL A","6158731","2026-03-01 15:00","2026","03","01","15:00","","-7.2","","-17.2","","45","","","","1","","22","","24.1","","101.11","","","","-15","","NA"
"-79.63","43.68","TORONTO INTL A","6158731","2026-03-01 16:00","2026","03","01","16:00","","-7.3","","-17.3","","45","","","","34","","17","","24.1","","101.13","","","","-14","","Clear"
"-79.63","43.68","TORONTO INTL A","6158731","2026-03-01 17:00","2026","03","01","17:00","","-8.1","","-16.4","","52","","","","2","","18","","24.1","","101.17","","","","-15","","NA"
"-79.63","43.68","TORONTO INTL A","6158731","2026-03-01 18:00","2026","03","01","18:00","","-9.0","","-16.7","","54","","","","36","","19","","24.1","","101.21","","","","-16","","NA"
"-79.63","43.68","TORONTO INTL A","6158731","2026-03-01 19:00","2026","03","01","19:00","","-10.3","","-17.1","","58","","","","1","","18","","24.1","","101.29","","","","-18","","Clear"
"-79.63","43.68","TORONTO INTL A","6158731","2026-03-01 20:00","2026","03","01","20:00","","-10.8","","-17.2","","60","","","","35","","18","","24.1","","101.34","","","","-18","","NA"
"-79.63","43.68","TORONTO INTL A","6158731","2026-03-01 21:00","2026","03","01","21:00","","-11.5","","-17.6","","61","","","","35","","16","","24.1","","101.40","","","","-19","","NA"
"-79.63","43.68","TORONTO INTL A","6158731","2026-03-01 22:00","2026","03","01","22:00","","-11.6","","-17.5","","62","","","","34","","16","","24.1","","101.42","","","","-19","","Clear"
"-79.63","43.68","TORONTO INTL A","6158731","2026-03-01 23:00","2026","03","01","23:00","","-12.8","","-17.8","","66","","","","28","","8","","24.1","","101.44","","","","-18","","NA"
"-79.63","43.68","TORONTO INTL A","6158731","2026-03-02 00:00","2026","03","02","00:00","","-12.0","","-17.1","","66","","","","31","","7","","24.1","","101.45","","","","-16","","NA"
"-79.63","43.68","TORONTO INTL A","6158731","2026-03-02 01:00","2026","03","02","01:00","","-12.0","","-16.9","","67","","","","30","","9","","24.1","","101.47","","","","-17","","Clear"
"-79.63","43.68","TORONTO INTL A","6158731","2026-03-02 02:00","2026","03","02","02:00","","-13.1","","-18.4","","65","","","","28","","8","","24.1","","101.51","","","","-18","","NA"
"-79.63","43.68","TORONTO INTL A","6158731","2026-03-02 03:00","2026","03","02","03:00","","-12.8","","-18.6","","62","","","","30","","6","","24.1","","101.48","","","","-17","","NA"
"-79.63","43.68","TORONTO INTL A","6158731","2026-03-02 04:00","2026","03","02","04:00","","-13.2","","-18.8","","63","","","","36","","5","","24.1","","101.44","","","","-17","","Clear"
"-79.63","43.68","TORONTO INTL A","6158731","2026-03-02 05:00","2026","03","02","05:00","","-13.9","","-20.0","","60","","","","27","","4","","24.1","","101.46","","","","-17","","NA"
"-79.63","43.68","TORONTO INTL A","6158731","2026-03-02 06:00","2026","03","02","06:00","","-13.5","","-18.7","","66","","","","32","","9","","24.1","","101.56","","","","-19","","NA"
"-79.63","43.68","TORONTO INTL A","6158731","2026-03-02 07:00","2026","03","02","07:00","","-13.6","","-18.9","","65","","","","2","","9","","24.1","","101.58","","","","-19","","Clear"
"-79.63","43.68","TORONTO INTL A","6158731","2026-03-02 08:00","2026","03","02","08:00","","-12.3","","-18.9","","58","","","","2","","9","","24.1","","101.64","","","","-18","","NA"
"-79.63","43.68","TORONTO INTL A","6158731","2026-03-02 09:00","2026","03","02","09:00","","-10.2","","-18.0","","53","","","","33","","4","","24.1","","101.73","","","","-13","","NA"
"-79.63","43.68","TORONTO INTL A","6158731","2026-03-02 10:00","2026","03","02","10:00","","-8.5","","-17.0","","51","","","","","","0","","24.1","","101.68","","","","","","Clear"
"-79.63","43.68","TORONTO INTL A","6158731","2026-03-02 11:00","2026","03","02","11:00","","-6.8","","-17.1","","44","","","","10","","4","","24.1","","101.62","","","","-9","","NA"
"-79.63","43.68","TORONTO INTL A","6158731","2026-03-02 12:00","2026","03","02","12:00","","-6.2","","-16.4","","45","","","","16","","7","","24.1","","101.53","","","","-10","","NA"
"-79.63","43.68","TORONTO INTL A","6158731","2026-03-02 13:00","2026","03","02","13:00","","-5.5","","-14.8","","49","","","","14","","13","","24.1","","101.47","","","","-11","","Clear"
"-79.63","43.68","TORONTO INTL A","6158731","2026-03-02 14:00","2026","03","02","14:00","","-5.5","","-15.2","","47","","","","13","","12","","24.1","","101.38","","","","-10","","NA"
"-79.63","43.68","TORONTO INTL A","6158731","2026-03-02 15:00","2026","03","02","15:00","","-5.1","","-15.3","","45","","","","12","","13","","24.1","","101.33","","","","-10","","NA"
"-79.63","43.68","TORONTO INTL A","6158731","2026-03-02 16:00","2026","03","02","16:00","","-5.2","","-14.7","","48","","","","15","","12","","24.1","","101.28","","","","-10","","Clear"
"-79.63","43.68","TORONTO INTL A","6158731","2026-03-02 17:00","2026","03","02","17:00","","-5.3","","-15.7","","44","","","","10","","12","","24.1","","101.21","","","","-10","","NA"
"-79.63","43.68","TORONTO INTL A","6158731","2026-03-02 18:00","2026","03","02","18:00","","-5.4","","-16.5","","42","","","","13","","7","","24.1","","101.17","","","","-9","","NA"
"-79.63","43.68","TORONTO INTL A","6158731","2026-03-02 19:00","2026","03","02","19:00","","-5.4","","-14.8","","48","","","","11","","7","","24.1","","101.17","","","","-9","","Clear"
"-79.63","43.68","TORONTO INTL A","6158731","2026-03-02 20:00","2026","03","02","20:00","","-5.6","","-13.9","","52","","","","12","","8","","24.1","","101.12","","","","-9","","NA"
"-79.63","43.68","TORONTO INTL A","6158731","2026-03-02 21:00","2026","03","02","21:00","","-5.7","","-12.1","","61","","","","10","","5","","24.1","","101.08","","","","-8","","NA"
"-79.63","43.68","TORONTO INTL A","6158731","2026-03-02 22:00","2026","03","02","22:00","","-5.4","","-10.6","","67","","","","15","","8","","24.1","","100.99","","","","-9","","Clear"
"-79.63","43.68","TORONTO INTL A","6158731","2026-03-02 23:00","2026","03","02","23:00","","-4.9","","-9.3","","71","","","","11","","4","","24.1","","100.97","","","","-7","","NA"
"-79.63","43.68","TORONTO INTL A","6158731","2026-03-03 00:00","2026","03","03","00:00","","-4.7","","-8.6","","74","","","","10","","3","","24.1","","100.92","","","","-6","","NA"
"-79.63","43.68","TORONTO INTL A","6158731","2026-03-03 01:00","2026","03","03","01:00","","-5.2","","-8.8","","76","","","","8","","5","","24.1","","100.81","","","","-7","","Clear"
"-79.63","43.68","TORONTO INTL A","6158731","2026-03-03 02:00","2026","03","03","02:00","","-6.5","","-9.9","","77","","","","1","","10","","24.1","","100.79","","","","-11","","NA"
"-79.63","43.68","TORONTO INTL A","6158731","2026-03-03 03:00","2026","03","03","03:00","","-8.2","","-11.7","","76","","","","31","","8","","24.1","","100.73","","","","-12","","NA"
"-79.63","43.68","TORONTO INTL A","6158731","2026-03-03 04:00","2026","03","03","04:00","","-7.8","","-11.2","","77","","","","34","","5","","24.1","","100.69","","","","-10","","Mainly Clear"
"-79.63","43.68","TORONTO INTL A","6158731","2026-03-03 05:00","2026","03","03","05:00","","-7.2","","-10.4","","78","","","","32","","7","","24.1","","100.63","","","","-11","","NA"
"-79.63","43.68","TORONTO INTL A","6158731","2026-03-03 06:00","2026","03","03","06:00","","-7.1","","-10.1","","79","","","","36","","5","","24.1","","100.64","","","","-10","","NA"
"-79.63","43.68","TORONTO INTL A","6158731","2026-03-03 07:00","2026","03","03","07:00","","-6.9","","-9.8","","80","","","","2","","8","","24.1","","100.61","","","","-11","","Mainly Clear"
"-79.63","43.68","TORONTO INTL A","6158731","2026-03-03 08:00","2026","03","03","08:00","","-5.5","","-8.2","","81","","","","36","","7","","19.3","","100.60","","","","-9","","NA"
"-79.63","43.68","TORONTO INTL A","6158731","2026-03-03 09:00","2026","03","03","09:00","","-3.8","","-6.8","","79","","","","2","","6","","19.3","","100.56","","","","-6","","NA"
"-79.63","43.68","TORONTO INTL A","6158731","2026-03-03 10:00","2026","03","03","10:00","","-1.6","","-5.9","","73","","","","11","","5","","16.1","","100.53","","","","-3","","Mostly Cloudy"
"-79.63","43.68","TORONTO INTL A","6158731","2026-03-03 11:00","2026","03","03","11:00","","0.1","","-4.8","","69","","","","13","","7","","19.3","","100.42","","","","","","NA"
"-79.63","43.68","TORONTO INTL A","6158731","2026-03-03 12:00","2026","03","03","12:00","","1.3","","-4.1","","68","","","","15","","9","","19.3","","100.33","","","","","","NA"
"-79.63","43.68","TORONTO INTL A","6158731","2026-03-03 13:00","2026","03","03","13:00","","2.2","","-4.0","","64","","","","7","","7","","24.1","","100.22","","","","","","Mostly Cloudy"
"-79.63","43.68","TORONTO INTL A","6158731","2026-03-03 14:00","2026","03","03","14:00","","2.6","","-6.0","","53","","","","7","","14","","24.1","","100.11","","","","","","NA"
"-79.63","43.68","TORONTO INTL A","6158731","2026-03-03 15:00","2026","03","03","15:00","","2.3","","-4.0","","63","","","","11","","9","","24.1","","100.07","","","","","","NA"
"-79.63","43.68","TORONTO INTL A","6158731","2026-03-03 16:00","2026","03","03","16:00","","1.5","","-3.4","","70","","","","9","","12","","24.1","","100.02","","","","","","Mostly Cloudy"
"-79.63","43.68","TORONTO INTL A","6158731","2026-03-03 17:00","2026","03","03","17:00","","0.9","","-3.0","","75","","","","9","","9","","19.3","","99.99","","","","","","NA"
"-79.63","43.68","TORONTO INTL A","6158731","2026-03-03 18:00","2026","03","03","18:00","","0.7","","-2.6","","79","","","","11","","7","","19.3","","99.99","","","","","","NA"
"-79.63","43.68","TORONTO INTL A","6158731","2026-03-03 19:00","2026","03","03","19:00","","0.6","","-2.5","","80","","","","","","0","","24.1","","100.03","","","","","","Cloudy"
"-79.63","43.68","TORONTO INTL A","6158731","2026-03-03 20:00","2026","03","03","20:00","","0.7","","-2.9","","77","","","","2","","8","","24.1","","100.05","","","","","","NA"
"-79.63","43.68","TORONTO INTL A","6158731","2026-03-03 21:00","2026","03","03","21:00","","0.9","","-3.1","","75","","","","6","","4","","24.1","","100.03","","","","","","NA"
"-79.63","43.68","TORONTO INTL A","6158731","2026-03-03 22:00","2026","03","03","22:00","","-0.5","","-3.5","","80","","","","28","","5","","24.1","","100.10","","","","-2","","Mainly Clear"
"-79.63","43.68","TORONTO INTL A","6158731","2026-03-03 23:00","2026","03","03","23:00","","-0.4","","-3.7","","78","","","","28","","5","","16.1","","100.13","","","","-2","","NA"
"-79.63","43.68","TORONTO INTL A","6158731","2026-03-04 00:00","2026","03","04","00:00","","-0.4","","-3.2","","82","","","","22","","7","","16.1","","100.13","","","","-3","","NA"
"-79.63","43.68","TORONTO INTL A","6158731","2026-03-04 01:00","2026","03","04","01:00","","-1.4","","-3.6","","85","","","","21","","9","","16.1","","100.15","","","","-5","","Clear"
"-79.63","43.68","TORONTO INTL A","6158731","2026-03-04 02:00","2026","03","04","02:00","","-1.8","","-3.7","","87","","","","22","","5","","16.1","","100.18","","","","-4","","NA"
"-79.63","43.68","TORONTO INTL A","6158731","2026-03-04 03:00","2026","03","04","03:00","","-2.6","","-4.2","","89","","","","33","","15","","16.1","","100.19","","","","-8","","NA"
"-79.63","43.68","TORONTO INTL A","6158731","2026-03-04 04:00","2026","03","04","04:00","","-3.0","","-5.0","","86","","","","32","","9","","16.1","","100.23","","","","-7","","Clear"
"-79.63","43.68","TORONTO INTL A","6158731","2026-03-04 05:00","2026","03","04","05:00","","-2.2","","-5.2","","81","","","","35","","13","","16.1","","100.26","","","","-7","","NA"
"-79.63","43.68","TORONTO INTL A","6158731","2026-03-04 06:00","2026","03","04","06:00","","-2.1","","-5.1","","80","","","","20","","7","","24.1","","100.33","","","","-5","","NA"
"-79.63","43.68","TORONTO INTL A","6158731","2026-03-04 07:00","2026","03","04","07:00","","-1.5","","-4.1","","82","","","","16","","3","","16.1","","100.39","","","","-3","","Clear"
"-79.63","43.68","TORONTO INTL A","6158731","2026-03-04 08:00","2026","03","04","08:00","","-0.8","","-3.7","","81","","","","","","0","","16.1","","100.43","","","","","","NA"
"-79.63","43.68","TORONTO INTL A","6158731","2026-03-04 09:00","2026","03","04","09:00","","1.6","","-2.8","","73","","","","1","","7","","16.1","","100.46","","","","","","NA"
"-79.63","43.68","TORONTO INTL A","6158731","2026-03-04 10:00","2026","03","04","10:00","","3.0","","-3.2","","64","","","","","","0","","16.1","","100.45","","","","","","Clear"
"-79.63","43.68","TORONTO INTL A","6158731","2026-03-04 11:00","2026","03","04","11:00","","5.2","","-4.1","","51","","","","15","","12","","19.3","","100.40","","","","","","NA"
"-79.63","43.68","TORONTO INTL A","6158731","2026-03-04 12:00","2026","03","04","12:00","","5.4","","-5.2","","46","","","","14","","13","","19.3","","100.37","","","","","","NA"
"-79.63","43.68","TORONTO INTL A","6158731","2026-03-04 13:00","2026","03","04","13:00","","6.0","","-5.8","","43","","","","13","","12","","24.1","","100.30","","","","","","Clear"
"-79.63","43.68","TORONTO INTL A","6158731","2026-03-04 14:00","2026","03","04","14:00","","6.5","","-5.6","","42","","","","14","","13","","24.1","","100.22","","","","","","NA"
"-79.63","43.68","TORONTO INTL A","6158731","2026-03-04 15:00","2026","03","04","15:00","","6.7","","-6.9","","37","","","","9","","4","","24.1","","100.20","","","","","","NA"
"-79.63","43.68","TORONTO INTL A","6158731","2026-03-04 16:00","2026","03","04","16:00","","7.4","","-5.7","","39","","","","11","","5","","19.3","","100.14","","","","","","Mainly Clear"
"-79.63","43.68","TORONTO INTL A","6158731","2026-03-04 17:00","2026","03","04","17:00","","7.4","","-8.3","","32","","","","15","","10","","24.1","","100.11","","","","","","NA"
"-79.63","43.68","TORONTO INTL A","6158731","2026-03-04 18:00","2026","03","04","18:00","","5.7","","-9.6","","32","","","","15","","6","","24.1","","100.14","","","","","","NA"
"-79.63","43.68","TORONTO INTL A","6158731","2026-03-04 19:00","2026","03","04","19:00","","5.0","","-9.1","","35","","","","17","","8","","24.1","","100.17","","","","","","Mainly Clear"
"-79.63","43.68","TORONTO INTL A","6158731","2026-03-04 20:00","2026","03","04","20:00","","2.7","","-4.8","","58","","","","15","","8","","24.1","","100.17","","","","","","NA"
"-79.63","43.68","TORONTO INTL A","6158731","2026-03-04 21:00","2026","03","04","21:00","","2.2","","-3.0","","69","","","","14","","3","","19.3","","100.16","","","","","","NA"
"-79.63","43.68","TORONTO INTL A","6158731","2026-03-04 22:00","2026","03","04","22:00","","2.0","","-2.8","","70","","","","","","0","","19.3","","100.11","","","","","","Mostly Cloudy"
"-79.63","43.68","TORONTO INTL A","6158731","2026-03-04 23:00","2026","03","04","23:00","","1.7","","-2.6","","73","","","","18","","4","","16.1","","100.05","","","","","","NA"
"-79.63","43.68","TORONTO INTL A","6158731","2026-03-05 00:00","2026","03","05","00:00","","0.9","","-2.3","","79","","","","20","","4","","12.9","","100.09","","","","","","NA"
"-79.63","43.68","TORONTO INTL A","6158731","2026-03-05 01:00","2026","03","05","01:00","","0.3","","-2.5","","82","","","","","","0","","12.9","","100.07","","","","","","Mostly Cloudy"
"-79.63","43.68","TORONTO INTL A","6158731","2026-03-05 02:00","2026","03","05","02:00","","0.0","","-3.0","","81","","","","","","0","","16.1","","100.05","","","","","","NA"
"-79.63","43.68","TORONTO INTL A","6158731","2026-03-05 03:00","2026","03","05","03:00","","-0.8","","-4.0","","79","","","","36","","6","","16.1","","100.01","","","","-3","","NA"
"-79.63","43.68","TORONTO INTL A","6158731","2026-03-05 04:00","2026","03","05","04:00","","-1.1","","-4.8","","76","","","","36","","11","","12.9","","99.98","","","","-5","","Mostly Cloudy"
"-79.63","43.68","TORONTO INTL A","6158731","2026-03-05 05:00","2026","03","05","05:00","","-0.9","","-4.7","","76","","","","36","","7","","19.3","","100.03","","","","-3","","NA"
"-79.63","43.68","TORONTO INTL A","6158731","2026-03-05 06:00","2026","03","05","06:00","","-0.1","","-4.6","","71","","","","1","","8","","19.3","","100.08","","","","-3","","NA"
"-79.63","43.68","TORONTO INTL A","6158731","2026-03-05 07:00","2026","03","05","07:00","","0.7","","-4.8","","67","","","","3","","10","","24.1","","100.07","","","","","","Mostly Cloudy"
"-79.63","43.68","TORONTO INTL A","6158731","2026-03-05 08:00","2026","03","05","08:00","","1.3","","-5.0","","63","","","","3","","5","","24.1","","100.17","","","","","","NA"
"-79.63","43.68","TORONTO INTL A","6158731","2026-03-05 09:00","2026","03","05","09:00","","4.3","","-7.3","","43","","","","9","","14","","24.1","","100.21","","","","","","NA"
"-79.63","43.68","TORONTO INTL A","6158731","2026-03-05 10:00","2026","03","05","10:00","","3.8","","-4.1","","56","","","","7","","24","","24.1","","100.25","","","","","","Mostly Cloudy"
"-79.63","43.68","TORONTO INTL A","6158731","2026-03-05 11:00","2026","03","05","11:00","","4.8","","-1.9","","62","","","","11","","22","","24.1","","100.25","","","","","","NA"
"-79.63","43.68","TORONTO INTL A","6158731","2026-03-05 12:00","2026","03","05","12:00","","4.3","","-2.1","","63","","","","8","","20","","24.1","","100.20","","","","","","NA"
"-79.63","43.68","TORONTO INTL A","6158731","2026-03-05 13:00","2026","03","05","13:00","","4.7","","-2.0","","62","","","","9","","20","","24.1","","100.08","","","","","","Cloudy"
"-79.63","43.68","TORONTO INTL A","6158731","2026-03-05 14:00","2026","03","05","14:00","","4.2","","-2.2","","63","","","","8","","18","","24.1","","100.01","","","","","","NA"
"-79.63","43.68","TORONTO INTL A","6158731","2026-03-05 15:00","2026","03","05","15:00","","3.9","","-1.4","","68","","","","9","","17","","24.1","","99.99","","","","","","Rain"
"-79.63","43.68","TORONTO INTL A","6158731","2026-03-05 16:00","2026","03","05","16:00","","3.3","","-0.6","","76","","","","9","","16","","16.1","","100.03","","","","","","Rain"
"-79.63","43.68","TORONTO INTL A","6158731","2026-03-05 17:00","2026","03","05","17:00","","2.6","","0.0","","83","","","","9","","14","","16.1","","100.02","","","","","","Rain"
"-79.63","43.68","TORONTO INTL A","6158731","2026-03-05 18:00","2026","03","05","18:00","","1.8","","0.0","","88","","","","9","","11","","16.1","","100.01","","","","","","Rain"
"-79.63","43.68","TORONTO INTL A","6158731","2026-03-05 19:00","2026","03","05","19:00","","1.9","","0.2","","89","","","","5","","12","","16.1","","100.04","","","","","","Rain"
"-79.63","43.68","TORONTO INTL A","6158731","2026-03-05 20:00","2026","03","05","20:00","","1.9","","0.3","","89","","","","12","","6","","16.1","","100.09","","","","","","Rain"
"-79.63","43.68","TORONTO INTL A","6158731","2026-03-05 21:00","2026","03","05","21:00","","1.8","","0.1","","89","","","","10","","10","","16.1","","100.12","","","","","","Rain"
"-79.63","43.68","TORONTO INTL A","6158731","2026-03-05 22:00","2026","03","05","22:00","","1.7","","-0.9","","83","","","","9","","18","","19.3","","100.14","","","","","","Cloudy"
"-79.63","43.68","TORONTO INTL A","6158731","2026-03-05 23:00","2026","03","05","23:00","","1.7","","-2.5","","74","","","","6","","16","","24.1","","100.12","","","","","","NA"
"-79.63","43.68","TORONTO INTL A","6158731","2026-03-06 00:00","2026","03","06","00:00","","1.6","","-3.0","","71","","","","10","","12","","24.1","","100.20","","","","","","NA"
"-79.63","43.68","TORONTO INTL A","6158731","2026-03-06 01:00","2026","03","06","01:00","","1.2","","-3.3","","72","","","","10","","4","","24.1","","100.23","","","","","","Cloudy"
"-79.63","43.68","TORONTO INTL A","6158731","2026-03-06 02:00","2026","03","06","02:00","","1.1","","-2.9","","74","","","","12","","9","","24.1","","100.21","","","","","","NA"
"-79.63","43.68","TORONTO INTL A","6158731","2026-03-06 03:00","2026","03","06","03:00","","0.4","","-3.1","","77","","","","10","","14","","24.1","","100.22","","","","","","NA"
"-79.63","43.68","TORONTO INTL A","6158731","2026-03-06 04:00","2026","03","06","04:00","","-0.1","","-2.9","","82","","","","8","","11","","24.1","","100.22","","","","-4","","Cloudy"
"-79.63","43.68","TORONTO INTL A","6158731","2026-03-06 05:00","2026","03","06","05:00","","-0.6","","-2.1","","89","","","","9","","10","","11.3","","100.23","","","","-4","","NA"
"-79.63","43.68","TORONTO INTL A","6158731","2026-03-06 06:00","2026","03","06","06:00","","-0.6","","-1.7","","92","","","","10","","12","","8.1","","100.25","","","","-5","","Freezing Drizzle,Fog"
"-79.63","43.68","TORONTO INTL A","6158731","2026-03-06 07:00","2026","03","06","07:00","","-0.8","","-1.6","","94","","","","10","","10","","2.0","","100.32","","","","-4","","Freezing Drizzle,Fog"
"-79.63","43.68","TORONTO INTL A","6158731","2026-03-06 08:00","2026","03","06","08:00","","-1.0","","-1.7","","95","","","","9","","13","","2.0","","100.34","","","","-5","","Freezing Drizzle,Fog"
"-79.63","43.68","TORONTO INTL A","6158731","2026-03-06 09:00","2026","03","06","09:00","","-0.9","","-1.6","","95","","","","10","","11","","1.6","","100.38","","","","-5","","Fog"
"-79.63","43.68","TORONTO INTL A","6158731","2026-03-06 10:00","2026","03","06","10:00","","-0.9","","-1.6","","96","","","","11","","9","","1.6","","100.42","","","","-4","","Fog"
"-79.63","43.68","TORONTO INTL A","6158731","2026-03-06 11:00","2026","03","06","11:00","","-0.7","","-1.3","","96","","","","10","","9","","1.2","","100.37","","","","-4","","Fog"
"-79.63","43.68","TORONTO INTL A","6158731","2026-03-06 12:00","2026","03","06","12:00","","-0.5","","-1.1","","96","","","","11","","11","","1.2","","100.32","","","","-4","","Fog"
"-79.63","43.68","TORONTO INTL A","6158731","2026-03-06 13:00","2026","03","06","13:00","","-0.2","","-0.8","","96","","","","12","","11","","1.6","","100.22","","","","-4","","Fog"
"-79.63","43.68","TORONTO INTL A","6158731","2026-03-06 14:00","2026","03","06","14:00","","-0.2","","-0.8","","96","","","","8","","13","","3.2","","100.12","","","","-4","","Fog"
"-79.63","43.68","TORONTO INTL A","6158731","2026-03-06 15:00","2026","03","06","15:00","","0.0","","-0.6","","96","","","","9","","8","","4.8","","100.11","","","","-3","","Fog"
"-79.63","43.68","TORONTO INTL A","6158731","2026-03-06 16:00","2026","03","06","16:00","","0.0","","-0.6","","95","","","","8","","10","","4.0","","100.11","","","","-3","","Drizzle,Fog"
"-79.63","43.68","TORONTO INTL A","6158731","2026-03-06 17:00","2026","03","06","17:00","","0.2","","-0.5","","95","","","","8","","14","","6.4","","100.05","","","","","","Fog"
"-79.63","43.68","TORONTO INTL A","6158731","2026-03-06 18:00","2026","03","06","18:00","","0.3","","-0.4","","95","","","","9","","9","","6.4","","100.02","","","","","","Fog"
"-79.63","43.68","TORONTO INTL A","6158731","2026-03-06 19:00","2026","03","06","19:00","","0.5","","-0.1","","95","","","","8","","8","","3.6","","99.98","","","","","","Rain,Fog"
"-79.63","43.68","TORONTO INTL A","6158731","2026-03-06 20:00","2026","03","06","20:00","","0.8","","0.2","","96","","","","11","","10","","3.2","","99.82","","","","","","Rain,Fog"
"-79.63","43.68","TORONTO INTL A","6158731","2026-03-06 21:00","2026","03","06","21:00","","1.1","","0.6","","96","","","","13","","3","","0.8","","99.71","","","","","","Fog"
"-79.63","43.68","TORONTO INTL A","6158731","2026-03-06 22:00","2026","03","06","22:00","","1.1","","0.7","","97","","","","32","","4","","0.4","","99.59","","","","","","Fog"
"-79.63","43.68","TORONTO INTL A","6158731","2026-03-06 23:00","2026","03","06","23:00","","1.2","","0.8","","97","","","","23","","3","","0.2","","99.43","","","","","","Fog"
"-79.63","43.68","TORONTO INTL A","6158731","2026-03-07 00:00","2026","03","07","00:00","","1.7","","1.4","","97","","","","20","","5","","0.2","","99.27","","","","","","Fog"
"-79.63","43.68","TORONTO INTL A","6158731","2026-03-07 01:00","2026","03","07","01:00","","2.3","","2.0","","97","","","","14","","6","","4.0","","99.28","","","","","","Moderate Rain,Fog"
"-79.63","43.68","TORONTO INTL A","6158731","2026-03-07 02:00","2026","03","07","02:00","","3.1","","2.7","","97","","","","11","","6","","3.2","","99.17","","","","","","Rain,Fog"
"-79.63","43.68","TORONTO INTL A","6158731","2026-03-07 03:00","2026","03","07","03:00","","3.2","","2.8","","97","","","","8","","9","","1.6","","99.06","","","","","","Fog"
"-79.63","43.68","TORONTO INTL A","6158731","2026-03-07 04:00","2026","03","07","04:00","","3.3","","3.0","","98","","","","","","0","","2.0","","99.10","","","","","","Fog"
"-79.63","43.68","TORONTO INTL A","6158731","2026-03-07 05:00","2026","03","07","05:00","","2.8","","2.5","","98","","","","16","","5","","2.4","","99.05","","","","","","Fog"
"-79.63","43.68","TORONTO INTL A","6158731","2026-03-07 06:00","2026","03","07","06:00","","5.6","","5.3","","98","","","","","","0","","0.0","","99.00","","","","","","Rain,Fog"
"-79.63","43.68","TORONTO INTL A","6158731","2026-03-07 07:00","2026","03","07","07:00","","7.4","","7.1","","98","","","","16","","6","","0.2","","98.96","","","","","","Fog"
"-79.63","43.68","TORONTO INTL A","6158731","2026-03-07 08:00","2026","03","07","08:00","","7.0","","6.7","","98","","","","7","","3","","0.0","","98.90","","","","","","Fog"
"-79.63","43.68","TORONTO INTL A","6158731","2026-03-07 09:00","2026","03","07","09:00","","8.7","","8.4","","98","","","","13","","5","","0.2","","98.81","","","","","","Fog"
"-79.63","43.68","TORONTO INTL A","6158731","2026-03-07 10:00","2026","03","07","10:00","","9.4","","9.1","","98","","","","14","","10","","0.8","","98.71","","","","","","Fog"
"-79.63","43.68","TORONTO INTL A","6158731","2026-03-07 11:00","2026","03","07","11:00","","10.6","","10.2","","98","","","","13","","13","","8.1","","98.55","","","","","","Fog"
"-79.63","43.68","TORONTO INTL A","6158731","2026-03-07 12:00","2026","03","07","12:00","","11.3","","10.2","","93","","","","14","","10","","24.1","","98.50","","","","","","NA"
"-79.63","43.68","TORONTO INTL A","6158731","2026-03-07 13:00","2026","03","07","13:00","","13.0","","12.2","","95","","","","18","","13","","24.1","","98.36","","","","","","Cloudy"
"-79.63","43.68","TORONTO INTL A","6158731","2026-03-07 14:00","2026","03","07","14:00","","17.1","","14.2","","83","","","","22","","25","","24.1","","98.18","","","","","","NA"
"-79.63","43.68","TORONTO INTL A","6158731","2026-03-07 15:00","2026","03","07","15:00","","17.4","","14.7","","84","","","","23","","37","","24.1","","98.15","","","","","","NA"
"-79.63","43.68","TORONTO INTL A","6158731","2026-03-07 16:00","2026","03","07","16:00","","17.1","","14.0","","82","","","","23","","34","","24.1","","98.10","","","","","","Cloudy"
"-79.63","43.68","TORONTO INTL A","6158731","2026-03-07 17:00","2026","03","07","17:00","","16.4","","13.7","","84","","","","24","","24","","24.1","","98.10","","","","","","NA"
"-79.63","43.68","TORONTO INTL A","6158731","2026-03-07 18:00","2026","03","07","18:00","","16.1","","13.5","","84","","","","20","","13","","24.1","","98.12","","","","","","NA"
"-79.63","43.68","TORONTO INTL A","6158731","2026-03-07 19:00","2026","03","07","19:00","","15.1","","12.9","","86","","","","21","","17","","24.1","","98.09","","","","","","Mostly Cloudy"
"-79.63","43.68","TORONTO INTL A","6158731","2026-03-07 20:00","2026","03","07","20:00","","14.4","","12.3","","87","","","","22","","22","","24.1","","98.08","","","","","","NA"
"-79.63","43.68","TORONTO INTL A","6158731","2026-03-07 21:00","2026","03","07","21:00","","14.2","","12.0","","86","","","","24","","28","","24.1","","98.09","","","","","","NA"
"-79.63","43.68","TORONTO INTL A","6158731","2026-03-07 22:00","2026","03","07","22:00","","13.4","","11.3","","87","","","","25","","25","","24.1","","98.11","","","","","","Mainly Clear"
"-79.63","43.68","TORONTO INTL A","6158731","2026-03-07 23:00","2026","03","07","23:00","","12.5","","9.6","","83","","","","28","","39","","24.1","","98.20","","","","","","NA"
"-79.63","43.68","TORONTO INTL A","6158731","2026-03-08 00:00","2026","03","08","00:00","","8.5","","5.6","","82","","","","30","","36","","24.1","","98.36","","","","","","NA"
"-79.63","43.68","TORONTO INTL A","6158731","2026-03-08 01:00","2026","03","08","01:00","","6.0","","3.4","","83","","","","29","","21","","24.1","","98.43","","","","","","Mostly Cloudy"
"-79.63","43.68","TORONTO INTL A","6158731","2026-03-08 02:00","2026","03","08","02:00","","4.1","","1.4","","83","","","","31","","26","","24.1","","98.58","","","","","","NA"
"-79.63","43.68","TORONTO INTL A","6158731","2026-03-08 03:00","2026","03","08","03:00","","3.5","","0.8","","82","","","","29","","26","","24.1","","98.65","","","","","","NA"
"-79.63","43.68","TORONTO INTL A","6158731","2026-03-08 04:00","2026","03","08","04:00","","3.2","","0.7","","83","","","","27","","15","","24.1","","98.67","","","","","","Cloudy"
"-79.63","43.68","TORONTO INTL A","6158731","2026-03-08 05:00","2026","03","08","05:00","","2.7","","0.1","","83","","","","27","","18","","24.1","","98.72","","","","","","NA"
"-79.63","43.68","TORONTO INTL A","6158731","2026-03-08 06:00","2026","03","08","06:00","","2.5","","-0.3","","82","","","","25","","11","","24.1","","98.80","","","","","","NA"
"-79.63","43.68","TORONTO INTL A","6158731","2026-03-08 07:00","2026","03","08","07:00","","2.5","","0.0","","84","","","","26","","18","","24.1","","98.88","","","","","","Cloudy"
"-79.63","43.68","TORONTO INTL A","6158731","2026-03-08 08:00","2026","03","08","08:00","","3.0","","-0.1","","80","","","","24","","16","","24.1","","98.95","","","","","","NA"
"-79.63","43.68","TORONTO INTL A","6158731","2026-03-08 09:00","2026","03","08","09:00","","3.8","","-0.1","","75","","","","20","","14","","24.1","","98.90","","","","","","NA"
"-79.63","43.68","TORONTO INTL A","6158731","2026-03-08 10:00","2026","03","08","10:00","","6.7","","1.8","","71","","","","24","","22","","24.1","","98.85","","","","","","Mainly Clear"
"-79.63","43.68","TORONTO INTL A","6158731","2026-03-08 11:00","2026","03","08","11:00","","8.0","","1.9","","65","","","","24","","35","","24.1","","98.76","","","","","","NA"
"-79.63","43.68","TORONTO INTL A","6158731","2026-03-08 12:00","2026","03","08","12:00","","9.4","","1.1","","56","","","","23","","36","","24.1","","98.74","","","","","","NA"
"-79.63","43.68","TORONTO INTL A","6158731","2026-03-08 13:00","2026","03","08","13:00","","10.6","","0.8","","51","","","","24","","34","","24.1","","98.67","","","","","","Clear"
"-79.63","43.68","TORONTO INTL A","6158731","2026-03-08 14:00","2026","03","08","14:00","","10.9","","1.5","","52","","","","22","","34","","24.1","","98.53","","","","","","NA"
"-79.63","43.68","TORONTO INTL A","6158731","2026-03-08 15:00","2026","03","08","15:00","","11.6","","2.1","","52","","","","23","","36","","24.1","","98.51","","","","","","NA"
"-79.63","43.68","TORONTO INTL A","6158731","2026-03-08 16:00","2026","03","08","16:00","","12.1","","2.2","","51","","","","22","","25","","24.1","","98.54","","","","","","Mainly Clear"
"-79.63","43.68","TORONTO INTL A","6158731","2026-03-08 17:00","2026","03","08","17:00","","11.3","","2.3","","54","","","","23","","29","","24.1","","98.58","","","","","","NA"
"-79.63","43.68","TORONTO INTL A","6158731","2026-03-08 18:00","2026","03","08","18:00","","10.1","","2.0","","57","","","","21","","27","","24.1","","98.65","","","","","","NA"
"-79.63","43.68","TORONTO INTL A","6158731","2026-03-08 19:00","2026","03","08","19:00","","8.9","","1.7","","60","","","","22","","22","","24.1","","98.75","","","","","","Clear"
"-79.63","43.68","TORONTO INTL A","6158731","2026-03-08 20:00","2026","03","08","20:00","","8.4","","1.4","","61","","","","22","","24","","24.1","","98.82","","","","","","NA"
"-79.63","43.68","TORONTO INTL A","6158731","2026-03-08 21:00","2026","03","08","21:00","","8.0","","1.3","","62","","","","21","","16","","24.1","","98.86","","","","","","NA"
"-79.63","43.68","TORONTO INTL A","6158731","2026-03-08 22:00","2026","03","08","22:00","","7.9","","0.9","","61","","","","21","","12","","24.1","","98.88","","","","","","Clear"
"-79.63","43.68","TORONTO INTL A","6158731","2026-03-08 23:00","2026","03","08","23:00","","7.8","","0.7","","61","","","","20","","9","","24.1","","98.88","","","","","","NA"
"-79.63","43.68","TORONTO INTL A","6158731","2026-03-09 00:00","2026","03","09","00:00","","8.4","","1.0","","59","","","","22","","13","","24.1","","98.85","","","","","","NA"
"-79.63","43.68","TORONTO INTL A","6158731","2026-03-09 01:00","2026","03","09","01:00","","9.0","","1.3","","58","","","","22","","18","","24.1","","98.83","","","","","","Mostly Cloudy"
"-79.63","43.68","TORONTO INTL A","6158731","2026-03-09 02:00","2026","03","09","02:00","","8.8","","1.8","","62","","","","22","","19","","24.1","","98.82","","","","","","NA"
"-79.63","43.68","TORONTO INTL A","6158731","2026-03-09 03:00","2026","03","09","03:00","","7.9","","1.7","","65","","","","21","","16","","24.1","","98.79","","","","","","NA"
"-79.63","43.68","TORONTO INTL A","6158731","2026-03-09 04:00","2026","03","09","04:00","","8.5","","1.6","","62","","","","21","","22","","24.1","","98.80","","","","","","Mainly Clear"
"-79.63","43.68","TORONTO INTL A","6158731","2026-03-09 05:00","2026","03","09","05:00","","8.6","","1.4","","60","","","","21","","21","","24.1","","98.80","","","","","","NA"
"-79.63","43.68","TORONTO INTL A","6158731","2026-03-09 06:00","2026","03","09","06:00","","8.4","","1.1","","60","","","","21","","22","","24.1","","98.79","","","","","","NA"
"-79.63","43.68","TORONTO INTL A","6158731","2026-03-09 07:00","2026","03","09","07:00","","7.9","","0.8","","61","","","","22","","25","","24.1","","98.79","","","","","","Mostly Cloudy"
"-79.63","43.68","TORONTO INTL A","6158731","2026-03-09 08:00","2026","03","09","08:00","","8.2","","0.8","","60","","","","21","","21","","24.1","","98.82","","","","","","NA"
"-79.63","43.68","TORONTO INTL A","6158731","2026-03-09 09:00","2026","03","09","09:00","","10.0","","1.1","","54","","","","22","","27","","24.1","","98.81","","","","","","NA"
"-79.63","43.68","TORONTO INTL A","6158731","2026-03-09 10:00","2026","03","09","10:00","","12.3","","2.4","","51","","","","22","","21","","24.1","","98.77","","","","","","Mostly Cloudy"
"-79.63","43.68","TORONTO INTL A","6158731","2026-03-09 11:00","2026","03","09","11:00","","14.3","","2.9","","46","","","","22","","21","","24.1","","98.73","","","","","","NA"
"-79.63","43.68","TORONTO INTL A","6158731","2026-03-09 12:00","2026","03","09","12:00","","16.4","","4.1","","44","","","","22","","26","","24.1","","98.73","","","","","","NA"
"-79.63","43.68","TORONTO INTL A","6158731","2026-03-09 13:00","2026","03","09","13:00","","16.9","","3.5","","40","","","","21","","27","","24.1","","98.69","","","","","","Mostly Cloudy"
"-79.63","43.68","TORONTO INTL A","6158731","2026-03-09 14:00","2026","03","09","14:00","","17.8","","3.4","","38","","","","21","","28","","24.1","","98.66","","","","","","NA"
"-79.63","43.68","TORONTO INTL A","6158731","2026-03-09 15:00","2026","03","09","15:00","","18.4","","2.7","","35","","","","22","","47","","24.1","","98.62","","","","","","NA"
"-79.63","43.68","TORONTO INTL A","6158731","2026-03-09 16:00","2026","03","09","16:00","","18.9","","2.7","","34","","","","21","","34","","24.1","","98.63","","","","","","Clear"
"-79.63","43.68","TORONTO INTL A","6158731","2026-03-09 17:00","2026","03","09","17:00","","18.3","","2.9","","35","","","","20","","30","","24.1","","98.69","","","","","","NA"
"-79.63","43.68","TORONTO INTL A","6158731","2026-03-09 18:00","2026","03","09","18:00","","17.4","","2.4","","36","","","","21","","21","","24.1","","98.74","","","","","","NA"
"-79.63","43.68","TORONTO INTL A","6158731","2026-03-09 19:00","2026","03","09","19:00","","16.6","","1.9","","37","","","","21","","14","","24.1","","98.83","","","","","","Clear"
"-79.63","43.68","TORONTO INTL A","6158731","2026-03-09 20:00","2026","03","09","20:00","","14.8","","1.9","","41","","","","20","","10","","24.1","","98.89","","","","","","NA"
"-79.63","43.68","TORONTO INTL A","6158731","2026-03-09 21:00","2026","03","09","21:00","","14.4","","2.1","","43","","","","20","","12","","24.1","","98.94","","","","","","NA"
"-79.63","43.68","TORONTO INTL A","6158731","2026-03-09 22:00","2026","03","09","22:00","","13.5","","2.6","","47","","","","24","","8","","24.1","","99.02","","","","","","Mainly Clear"
"-79.63","43.68","TORONTO INTL A","6158731","2026-03-09 23:00","2026","03","09","23:00","","13.6","","3.7","","51","","","","23","","13","","24.1","","99.03","","","","","","NA"
"-79.63","43.68","TORONTO INTL A","6158731","2026-03-10 00:00","2026","03","10","00:00","","13.4","","5.0","","56","","","","23","","17","","24.1","","99.01","","","","","","NA"
"-79.63","43.68","TORONTO INTL A","6158731","2026-03-10 01:00","2026","03","10","01:00","","11.6","","4.9","","63","","","","31","","3","","24.1","","99.01","","","","","","Clear"
"-79.63","43.68","TORONTO INTL A","6158731","2026-03-10 02:00","2026","03","10","02:00","","12.0","","4.8","","61","","","","15","","7","","24.1","","98.98","","","","","","NA"
"-79.63","43.68","TORONTO INTL A","6158731","2026-03-10 03:00","2026","03","10","03:00","","11.2","","4.1","","62","","","","21","","7","","24.1","","98.94","","","","","","NA"
"-79.63","43.68","TORONTO INTL A","6158731","2026-03-10 04:00","2026","03","10","04:00","","10.5","","4.2","","65","","","","22","","12","","24.1","","98.95","","","","","","Clear"
"-79.63","43.68","TORONTO INTL A","6158731","2026-03-10 05:00","2026","03","10","05:00","","10.5","","4.3","","65","","","","17","","7","","24.1","","98.98","","","","","","NA"
"-79.63","43.68","TORONTO INTL A","6158731","2026-03-10 06:00","2026","03","10","06:00","","10.1","","4.4","","68","","","","15","","6","","24.1","","99.01","","","","","","NA"
"-79.63","43.68","TORONTO INTL A","6158731","2026-03-10 07:00","2026","03","10","07:00","","8.8","","4.6","","75","","","","","","0","","24.1","","99.06","","","","","","Mainly Clear"
"-79.63","43.68","TORONTO INTL A","6158731","2026-03-10 08:00","2026","03","10","08:00","","11.0","","5.9","","71","","","","","","0","","24.1","","99.11","","","","","","NA"
"-79.63","43.68","TORONTO INTL A","6158731","2026-03-10 09:00","2026","03","10","09:00","","12.8","","7.3","","69","","","","31","","4","","24.1","","99.15","","","","","","NA"
"-79.63","43.68","TORONTO INTL A","6158731","2026-03-10 10:00","2026","03","10","10:00","","15.8","","10.1","","68","","","","28","","11","","24.1","","99.14","","","","","","Mostly Cloudy"
"-79.63","43.68","TORONTO INTL A","6158731","2026-03-10 11:00","2026","03","10","11:00","","17.7","","11.8","","68","","","","28","","9","","24.1","","99.14","","","","","","NA"
"-79.63","43.68","TORONTO INTL A","6158731","2026-03-10 12:00","2026","03","10","12:00","","17.9","","9.9","","59","","","","14","","16","","24.1","","99.12","","","","","","NA"
"-79.63","43.68","TORONTO INTL A","6158731","2026-03-10 13:00","2026","03","10","13:00","","18.0","","11.0","","63","","","","14","","13","","24.1","","99.13","","","","","","Mostly Cloudy"
"-79.63","43.68","TORONTO INTL A","6158731","2026-03-10 14:00","2026","03","10","14:00","","18.4","","12.0","","66","","","","15","","11","","24.1","","99.12","","","","","","NA"
"-79.63","43.68","TORONTO INTL A","6158731","2026-03-10 15:00","2026","03","10","15:00","","16.9","","9.5","","62","","","","36","","24","","24.1","","99.17","","","","","","NA"
"-79.63","43.68","TORONTO INTL A","6158731","2026-03-10 16:00","2026","03","10","16:00","","11.4","","5.6","","67","","","","36","","23","","24.1","","99.20","","","","","","Mostly Cloudy"
"-79.63","43.68","TORONTO INTL A","6158731","2026-03-10 17:00","2026","03","10","17:00","","10.4","","4.4","","66","","","","36","","24","","24.1","","99.25","","","","","","NA"
"-79.63","43.68","TORONTO INTL A","6158731","2026-03-10 18:00","2026","03","10","18:00","","7.8","","2.2","","68","","","","35","","26","","24.1","","99.40","","","","","","NA"
"-79.63","43.68","TORONTO INTL A","6158731","2026-03-10 19:00","2026","03","10","19:00","","7.4","","1.7","","67","","","","35","","19","","24.1","","99.45","","","","","","Cloudy"
"-79.63","43.68","TORONTO INTL A","6158731","2026-03-10 20:00","2026","03","10","20:00","","6.7","","1.0","","67","","","","1","","22","","24.1","","99.53","","","","","","NA"
"-79.63","43.68","TORONTO INTL A","6158731","2026-03-10 21:00","2026","03","10","21:00","","6.0","","1.2","","71","","","","1","","21","","24.1","","99.51","","","","","","NA"
"-79.63","43.68","TORONTO INTL A","6158731","2026-03-10 22:00","2026","03","10","22:00","","6.8","","2.4","","73","","","","4","","11","","24.1","","99.51","","","","","","Cloudy"
"-79.63","43.68","TORONTO INTL A","6158731","2026-03-10 23:00","2026","03","10","23:00","","6.9","","0.4","","63","","","","6","","17","","24.1","","99.45","","","","","","NA"
"-79.63","43.68","TORONTO INTL A","6158731","2026-03-11 00:00","2026","03","11","00:00","","6.0","","-1.8","","57","","","","8","","22","","24.1","","99.35","","","","","","NA"
"-79.63","43.68","TORONTO INTL A","6158731","2026-03-11 01:00","2026","03","11","01:00","","4.5","","-2.3","","62","","","","10","","22","","19.3","","99.32","","","","","","Rain Showers"
"-79.63","43.68","TORONTO INTL A","6158731","2026-03-11 02:00","2026","03","11","02:00","","3.7","","-2.1","","66","","","","10","","25","","19.3","","99.22","","","","","","NA"
"-79.63","43.68","TORONTO INTL A","6158731","2026-03-11 03:00","2026","03","11","03:00","","2.9","","-2.5","","68","","","","9","","25","","24.1","","99.02","","","","","","NA"
"-79.63","43.68","TORONTO INTL A","6158731","2026-03-11 04:00","2026","03","11","04:00","","2.4","","-2.0","","73","","","","9","","18","","24.1","","98.92","","","","","","Cloudy"
"-79.63","43.68","TORONTO INTL A","6158731","2026-03-11 05:00","2026","03","11","05:00","","1.8","","-1.1","","81","","","","8","","16","","9.7","","98.78","","","","","","Thunderstorms,Rain Showers"
"-79.63","43.68","TORONTO INTL A","6158731","2026-03-11 06:00","2026","03","11","06:00","","1.1","","-0.1","","92","","","","9","","21","","16.1","","98.56","","","","","","Rain"
"-79.63","43.68","TORONTO INTL A","6158731","2026-03-11 07:00","2026","03","11","07:00","","1.4","","0.2","","92","","","","7","","10","","24.1","","98.49","","","","","","Cloudy"
"-79.63","43.68","TORONTO INTL A","6158731","2026-03-11 08:00","2026","03","11","08:00","","1.9","","0.7","","92","","","","7","","7","","24.1","","98.51","","","","","","NA"
"-79.63","43.68","TORONTO INTL A","6158731","2026-03-11 09:00","2026","03","11","09:00","","2.7","","1.6","","92","","","","12","","13","","9.7","","98.51","","","","","","Fog"
"-79.63","43.68","TORONTO INTL A","6158731","2026-03-11 10:00","2026","03","11","10:00","","2.7","","1.9","","95","","","","8","","19","","2.0","","98.20","","","","","","Fog"
"-79.63","43.68","TORONTO INTL A","6158731","2026-03-11 11:00","2026","03","11","11:00","","3.0","","2.4","","96","","","","9","","8","","0.8","","98.22","","","","","","Rain,Fog"
"-79.63","43.68","TORONTO INTL A","6158731","2026-03-11 12:00","2026","03","11","12:00","","3.2","","2.7","","96","","","","8","","9","","8.1","","98.12","","","","","","Rain,Fog"
"-79.63","43.68","TORONTO INTL A","6158731","2026-03-11 13:00","2026","03","11","13:00","","3.3","","2.7","","96","","","","6","","8","","9.7","","97.92","","","","","","Rain,Fog"
"-79.63","43.68","TORONTO INTL A","6158731","2026-03-11 14:00","2026","03","11","14:00","","3.8","","3.2","","96","","","","11","","9","","12.9","","97.74","","","","","","Rain"
"-79.63","43.68","TORONTO INTL A","6158731","2026-03-11 15:00","2026","03","11","15:00","","4.0","","3.4","","96","","","","","","0","","2.4","","97.71","","","","","","Fog"
"-79.63","43.68","TORONTO INTL A","6158731","2026-03-11 16:00","2026","03","11","16:00","","5.0","","4.4","","96","","","","23","","7","","2.4","","97.79","","","","","","Drizzle,Fog"
"-79.63","43.68","TORONTO INTL A","6158731","2026-03-11 17:00","2026","03","11","17:00","","5.3","","4.6","","95","","","","18","","8","","16.1","","97.72","","","","","","NA"
"-79.63","43.68","TORONTO INTL A","6158731","2026-03-11 18:00","2026","03","11","18:00","","4.8","","4.0","","95","","","","16","","8","","6.4","","97.84","","","","","","Fog"
"-79.63","43.68","TORONTO INTL A","6158731","2026-03-11 19:00","2026","03","11","19:00","","6.3","","5.1","","92","","","","27","","26","","19.3","","97.88","","","","","","Rain"
"-79.63","43.68","TORONTO INTL A","6158731","2026-03-11 20:00","2026","03","11","20:00","","5.0","","2.8","","86","","","","30","","28","","24.1","","97.98","","","","","","NA"
"-79.63","43.68","TORONTO INTL A","6158731","2026-03-11 21:00","2026","03","11","21:00","","2.9","","-1.1","","75","","","","31","","49","","24.1","","98.08","","","","","","NA"
"-79.63","43.68","TORONTO INTL A","6158731","2026-03-11 22:00","2026","03","11","22:00","","1.6","","-2.3","","75","","","","29","","34","","24.1","","98.31","","","","","","Mostly Cloudy"
"-79.63","43.68","TORONTO INTL A","6158731","2026-03-11 23:00","2026","03","11","23:00","","0.4","","-3.6","","75","","","","28","","48","","24.1","","98.43","","","","","","NA"
"-79.63","43.68","TORONTO INTL A","6158731","2026-03-12 00:00","2026","03","12","00:00","","0.4","","-4.1","","72","","","","28","","39","","24.1","","98.56","","","","","","NA"
"-79.63","43.68","TORONTO INTL A","6158731","2026-03-12 01:00","2026","03","12","01:00","","0.0","","-4.6","","71","","","","29","","38","","24.1","","98.67","","","","-7","","Cloudy"
"-79.63","43.68","TORONTO INTL A","6158731","2026-03-12 02:00","2026","03","12","02:00","","-0.8","","-5.4","","71","","","","29","","40","","24.1","","98.74","","","","-8","","NA"
"-79.63","43.68","TORONTO INTL A","6158731","2026-03-12 03:00","2026","03","12","03:00","","-0.9","","-5.6","","71","","","","29","","43","","24.1","","98.79","","","","-9","","NA"
"-79.63","43.68","TORONTO INTL A","6158731","2026-03-12 04:00","2026","03","12","04:00","","-1.1","","-6.4","","67","","","","30","","40","","24.1","","98.91","","","","-9","","Cloudy"
"-79.63","43.68","TORONTO INTL A","6158731","2026-03-12 05:00","2026","03","12","05:00","","-1.6","","-7.2","","66","","","","30","","45","","24.1","","99.12","","","","-10","","NA"
"-79.63","43.68","TORONTO INTL A","6158731","2026-03-12 06:00","2026","03","12","06:00","","-1.5","","-7.4","","64","","","","31","","42","","24.1","","99.14","","","","-10","","NA"
"-79.63","43.68","TORONTO INTL A","6158731","2026-03-12 07:00","2026","03","12","07:00","","-1.7","","-6.4","","70","","","","30","","25","","24.1","","99.20","","","","-8","","Mostly Cloudy"
"-79.63","43.68","TORONTO INTL A","6158731","2026-03-12 08:00","2026","03","12","08:00","","-1.0","","-5.5","","72","","","","29","","27","","24.1","","99.29","","","","-7","","NA"
"-79.63","43.68","TORONTO INTL A","6158731","2026-03-12 09:00","2026","03","12","09:00","","1.1","","-4.9","","64","","","","29","","30","","24.1","","99.38","","","","","","NA"
"-79.63","43.68","TORONTO INTL A","6158731","2026-03-12 10:00","2026","03","12","10:00","","0.7","","-4.8","","67","","","","27","","35","","24.1","","99.38","","","","","","Mostly Cloudy"
"-79.63","43.68","TORONTO INTL A","6158731","2026-03-12 11:00","2026","03","12","11:00","","0.8","","-5.6","","62","","","","29","","33","","24.1","","99.39","","","","","","NA"
"-79.63","43.68","TORONTO INTL A","6158731","2026-03-12 12:00","2026","03","12","12:00","","1.3","","-6.0","","58","","","","28","","36","","24.1","","99.36","","","","","","NA"
"-79.63","43.68","TORONTO INTL A","6158731","2026-03-12 13:00","2026","03","12","13:00","","0.8","","-6.6","","58","","","","30","","37","","24.1","","99.34","","","","","","Mostly Cloudy"
"-79.63","43.68","TORONTO INTL A","6158731","2026-03-12 14:00","2026","03","12","14:00","","1.3","","-8.5","","48","","","","30","","40","","24.1","","99.33","","","","","","NA"
"-79.63","43.68","TORONTO INTL A","6158731","2026-03-12 15:00","2026","03","12","15:00","","1.1","","-9.1","","47","","","","29","","36","","24.1","","99.41","","","","","","NA"
"-79.63","43.68","TORONTO INTL A","6158731","2026-03-12 16:00","2026","03","12","16:00","","0.4","","-9.4","","48","","","","30","","35","","24.1","","99.50","","","","","","Mostly Cloudy"
"-79.63","43.68","TORONTO INTL A","6158731","2026-03-12 17:00","2026","03","12","17:00","","0.6","","-9.5","","47","","","","29","","39","","24.1","","99.53","","","","","","NA"
"-79.63","43.68","TORONTO INTL A","6158731","2026-03-12 18:00","2026","03","12","18:00","","-0.2","","-11.3","","43","","","","30","","36","","24.1","","99.58","","","","-7","","NA"
"-79.63","43.68","TORONTO INTL A","6158731","2026-03-12 19:00","2026","03","12","19:00","","-1.1","","-10.1","","51","","","","32","","23","","24.1","","99.62","","","","-7","","Mainly Clear"
"-79.63","43.68","TORONTO INTL A","6158731","2026-03-12 20:00","2026","03","12","20:00","","-1.8","","-9.7","","55","","","","29","","18","","24.1","","99.69","","","","-7","","NA"
"-79.63","43.68","TORONTO INTL A","6158731","2026-03-12 21:00","2026","03","12","21:00","","-2.0","","-9.0","","59","","","","31","","16","","24.1","","99.72","","","","-7","","NA"
"-79.63","43.68","TORONTO INTL A","6158731","2026-03-12 22:00","2026","03","12","22:00","","-2.4","","-9.1","","60","","","","31","","14","","24.1","","99.74","","","","-7","","Mainly Clear"
"-79.63","43.68","TORONTO INTL A","6158731","2026-03-12 23:00","2026","03","12","23:00","","-3.7","","-8.9","","67","","","","29","","8","","24.1","","99.75","","","","-7","","NA"
"-79.63","43.68","TORONTO INTL A","6158731","2026-03-13 00:00","2026","03","13","00:00","","-4.6","","-9.0","","72","","","","26","","9","","24.1","","99.72","","","","-8","","NA"
"-79.63","43.68","TORONTO INTL A","6158731","2026-03-13 01:00","2026","03","13","01:00","","-4.4","","-8.5","","73","","","","23","","5","","24.1","","99.68","","","","-7","","Clear"
"-79.63","43.68","TORONTO INTL A","6158731","2026-03-13 02:00","2026","03","13","02:00","","-4.4","","-8.5","","73","","","","25","","4","","24.1","","99.66","","","","-6","","NA"
"-79.63","43.68","TORONTO INTL A","6158731","2026-03-13 03:00","2026","03","13","03:00","","-4.7","","-8.4","","76","","","","","","0","","24.1","","99.54","","","","","","NA"
"-79.63","43.68","TORONTO INTL A","6158731","2026-03-13 04:00","2026","03","13","04:00","","-4.5","","-8.3","","75","","","","7","","8","","24.1","","99.42","","","","-8","","Mainly Clear"
"-79.63","43.68","TORONTO INTL A","6158731","2026-03-13 05:00","2026","03","13","05:00","","-4.1","","-8.1","","74","","","","12","","5","","24.1","","99.36","","","","-6","","NA"
"-79.63","43.68","TORONTO INTL A","6158731","2026-03-13 06:00","2026","03","13","06:00","","-3.2","","-7.2","","74","","","","12","","10","","24.1","","99.25","","","","-7","","NA"
"-79.63","43.68","TORONTO INTL A","6158731","2026-03-13 07:00","2026","03","13","07:00","","-1.5","","-5.3","","75","","","","13","","15","","24.1","","99.13","","","","-6","","Mostly Cloudy"
"-79.63","43.68","TORONTO INTL A","6158731","2026-03-13 08:00","2026","03","13","08:00","","-0.9","","-3.3","","84","","","","13","","15","","24.1","","99.05","","","","-6","","NA"
"-79.63","43.68","TORONTO INTL A","6158731","2026-03-13 09:00","2026","03","13","09:00","","-0.6","","-3.3","","82","","","","12","","14","","24.1","","98.88","","","","-5","","NA"
"-79.63","43.68","TORONTO INTL A","6158731","2026-03-13 10:00","2026","03","13","10:00","","-0.7","","-3.6","","80","","","","10","","24","","2.0","","98.73","","","","-7","","Snow"
"-79.63","43.68","TORONTO INTL A","6158731","2026-03-13 11:00","2026","03","13","11:00","","-1.1","","-2.1","","93","","","","12","","22","","0.8","","98.44","","","","-7","","Moderate Snow"
"-79.63","43.68","TORONTO INTL A","6158731","2026-03-13 12:00","2026","03","13","12:00","","-0.1","","-0.9","","94","","","","13","","30","","0.8","","98.13","","","","-7","","Moderate Snow"
"-79.63","43.68","TORONTO INTL A","6158731","2026-03-13 13:00","2026","03","13","13:00","","0.1","","-0.7","","95","","","","14","","31","","4.8","","97.96","","","","","","Snow"
"-79.63","43.68","TORONTO INTL A","6158731","2026-03-13 14:00","2026","03","13","14:00","","0.8","","-0.3","","92","","","","12","","22","","16.1","","97.73","","","","","","NA"
"-79.63","43.68","TORONTO INTL A","6158731","2026-03-13 15:00","2026","03","13","15:00","","0.9","","-0.5","","90","","","","11","","18","","1.6","","97.60","","","","","","Snow"
"-79.63","43.68","TORONTO INTL A","6158731","2026-03-13 16:00","2026","03","13","16:00","","1.4","","0.4","","93","","","","14","","26","","6.4","","97.47","","","","","","Rain,Snow"
"-79.63","43.68","TORONTO INTL A","6158731","2026-03-13 17:00","2026","03","13","17:00","","2.3","","0.6","","88","","","","22","","17","","19.3","","97.52","","","","","","Rain"
"-79.63","43.68","TORONTO INTL A","6158731","2026-03-13 18:00","2026","03","13","18:00","","2.3","","0.4","","87","","","","21","","15","","19.3","","97.61","","","","","","Rain"
"-79.63","43.68","TORONTO INTL A","6158731","2026-03-13 19:00","2026","03","13","19:00","","2.1","","0.6","","90","","","","20","","17","","16.1","","97.67","","","","","","Rain"
"-79.63","43.68","TORONTO INTL A","6158731","2026-03-13 20:00","2026","03","13","20:00","","1.9","","0.3","","89","","","","22","","25","","16.1","","97.72","","","","","","Rain"
"-79.63","43.68","TORONTO INTL A","6158731","2026-03-13 21:00","2026","03","13","21:00","","1.4","","-0.8","","86","","","","26","","18","","16.1","","97.83","","","","","","Snow Pellets"
"-79.63","43.68","TORONTO INTL A","6158731","2026-03-13 22:00","2026","03","13","22:00","","1.8","","-1.1","","81","","","","24","","29","","16.1","","97.87","","","","","","Mostly Cloudy"
"-79.63","43.68","TORONTO INTL A","6158731","2026-03-13 23:00","2026","03","13","23:00","","1.6","","-3.2","","70","","","","26","","51","","24.1","","97.91","","","","","","NA"
"-79.63","43.68","TORONTO INTL A","6158731","2026-03-14 00:00","2026","03","14","00:00","","0.7","","-3.6","","73","","","","26","","46","","24.1","","97.97","","","","","","NA"
"-79.63","43.68","TORONTO INTL A","6158731","2026-03-14 01:00","2026","03","14","01:00","","0.1","","-3.9","","74","","","","25","","42","","24.1","","97.97","","","","","","Mostly Cloudy"
"-79.63","43.68","TORONTO INTL A","6158731","2026-03-14 02:00","2026","03","14","02:00","","-0.8","","-3.7","","81","","","","25","","42","","9.7","","97.97","","","","-9","","Snow"
"-79.63","43.68","TORONTO INTL A","6158731","2026-03-14 03:00","2026","03","14","03:00","","-0.6","","-3.9","","78","","","","28","","46","","16.1","","98.16","","","","-9","","Snow"
"-79.63","43.68","TORONTO INTL A","6158731","2026-03-14 04:00","2026","03","14","04:00","","-1.0","","-5.8","","70","","","","29","","53","","24.1","","98.46","","","","-10","","Mostly Cloudy"
"-79.63","43.68","TORONTO INTL A","6158731","2026-03-14 05:00","2026","03","14","05:00","","-2.1","","-6.8","","70","","","","29","","40","","24.1","","98.76","","","","-10","","NA"
"-79.63","43.68","TORONTO INTL A","6158731","2026-03-14 06:00","2026","03","14","06:00","","-2.8","","-7.8","","69","","","","31","","42","","24.1","","99.00","","","","-11","","NA"
"-79.63","43.68","TORONTO INTL A","6158731","2026-03-14 07:00","2026","03","14","07:00","","-3.0","","-7.6","","71","","","","31","","34","","24.1","","99.19","","","","-11","","Mostly Cloudy"
"-79.63","43.68","TORONTO INTL A","6158731","2026-03-14 08:00","2026","03","14","08:00","","-2.6","","-7.8","","67","","","","30","","37","","24.1","","99.36","","","","-11","","NA"
"-79.63","43.68","TORONTO INTL A","6158731","2026-03-14 09:00","2026","03","14","09:00","","-1.8","","-7.3","","66","","","","30","","31","","24.1","","99.58","","","","-9","","NA"
"-79.63","43.68","TORONTO INTL A","6158731","2026-03-14 10:00","2026","03","14","10:00","","-1.7","","-7.2","","67","","","","30","","36","","24.1","","99.75","","","","-9","","Mostly Cloudy"
"-79.63","43.68","TORONTO INTL A","6158731","2026-03-14 11:00","2026","03","14","11:00","","-0.9","","-6.6","","65","","","","30","","38","","24.1","","99.89","","","","-8","","NA"
"-79.63","43.68","TORONTO INTL A","6158731","2026-03-14 12:00","2026","03","14","12:00","","-0.2","","-6.6","","62","","","","30","","33","","24.1","","99.97","","","","-7","","NA"
"-79.63","43.68","TORONTO INTL A","6158731","2026-03-14 13:00","2026","03","14","13:00","","0.0","","-6.5","","62","","","","28","","28","","24.1","","100.07","","","","-6","","Mostly Cloudy"
"-79.63","43.68","TORONTO INTL A","6158731","2026-03-14 14:00","2026","03","14","14:00","","-0.2","","-7.1","","60","","","","30","","29","","24.1","","100.07","","","","-7","","NA"
"-79.63","43.68","TORONTO INTL A","6158731","2026-03-14 15:00","2026","03","14","15:00","","0.0","","-7.8","","56","","","","30","","27","","24.1","","100.16","","","","-6","","NA"
"-79.63","43.68","TORONTO INTL A","6158731","2026-03-14 16:00","2026","03","14","16:00","","0.3","","-7.4","","56","","","","29","","23","","24.1","","100.25","","","","","","Mainly Clear"
"-79.63","43.68","TORONTO INTL A","6158731","2026-03-14 17:00","2026","03","14","17:00","","-0.4","","-7.8","","57","","","","29","","23","","24.1","","100.34","","","","-6","","NA"
"-79.63","43.68","TORONTO INTL A","6158731","2026-03-14 18:00","2026","03","14","18:00","","-1.0","","-9.0","","55","","","","31","","21","","24.1","","100.44","","","","-7","","NA"
"-79.63","43.68","TORONTO INTL A","6158731","2026-03-14 19:00","2026","03","14","19:00","","-2.0","","-8.8","","60","","","","28","","13","","24.1","","100.46","","","","-6","","Mainly Clear"
"-79.63","43.68","TORONTO INTL A","6158731","2026-03-14 20:00","2026","03","14","20:00","","-2.3","","-8.9","","61","","","","29","","9","","24.1","","100.51","","","","-6","","NA"
"-79.63","43.68","TORONTO INTL A","6158731","2026-03-14 21:00","2026","03","14","21:00","","-3.5","","-9.0","","66","","","","28","","7","","24.1","","100.56","","","","-6","","NA"
"-79.63","43.68","TORONTO INTL A","6158731","2026-03-14 22:00","2026","03","14","22:00","","-3.0","","-9.0","","64","","","","2","","8","","24.1","","100.57","","","","-6","","Mostly Cloudy"
"-79.63","43.68","TORONTO INTL A","6158731","2026-03-14 23:00","2026","03","14","23:00","","-2.5","","-8.0","","66","","","","6","","5","","24.1","","100.57","","","","-4","","NA"
"-79.63","43.68","TORONTO INTL A","6158731","2026-03-15 00:00","2026","03","15","00:00","","-2.8","","-7.1","","72","","","","8","","8","","24.1","","100.57","","","","-6","","NA"
"-79.63","43.68","TORONTO INTL A","6158731","2026-03-15 01:00","2026","03","15","01:00","","-2.7","","-7.3","","71","","","","8","","11","","24.1","","100.55","","","","-7","","Cloudy"
"-79.63","43.68","TORONTO INTL A","6158731","2026-03-15 02:00","2026","03","15","02:00","","-2.7","","-8.0","","67","","","","8","","10","","24.1","","100.56","","","","-7","","NA"
"-79.63","43.68","TORONTO INTL A","6158731","2026-03-15 03:00","2026","03","15","03:00","","-2.5","","-6.6","","73","","","","8","","14","","24.1","","100.49","","","","-7","","NA"
"-79.63","43.68","TORONTO INTL A","6158731","2026-03-15 04:00","2026","03","15","04:00","","-1.8","","-6.0","","73","","","","8","","12","","24.1","","100.47","","","","-6","","Cloudy"
"-79.63","43.68","TORONTO INTL A","6158731","2026-03-15 05:00","2026","03","15","05:00","","-1.4","","-5.4","","74","","","","10","","13","","24.1","","100.46","","","","-6","","NA"
"-79.63","43.68","TORONTO INTL A","6158731","2026-03-15 06:00","2026","03","15","06:00","","-1.1","","-4.1","","80","","","","10","","17","","12.9","","100.40","","","","-6","","Snow"
"-79.63","43.68","TORONTO INTL A","6158731","2026-03-15 07:00","2026","03","15","07:00","","-1.5","","-2.7","","92","","","","10","","20","","1.2","","100.35","","","","-7","","Snow"
"-79.63","43.68","TORONTO INTL A","6158731","2026-03-15 08:00","2026","03","15","08:00","","-1.1","","-2.2","","92","","","","12","","27","","12.9","","100.22","","","","-8","","Snow"
"-79.63","43.68","TORONTO INTL A","6158731","2026-03-15 09:00","2026","03","15","09:00","","-0.4","","-2.9","","83","","","","10","","27","","24.1","","100.05","","","","-7","","NA"
"-79.63","43.68","TORONTO INTL A","6158731","2026-03-15 10:00","2026","03","15","10:00","","0.2","","-3.8","","74","","","","9","","31","","17.7","","99.87","","","","","","Snow"
"-79.63","43.68","TORONTO INTL A","6158731","2026-03-15 11:00","2026","03","15","11:00","","1.4","","-3.8","","68","","","","10","","31","","24.1","","99.62","","","","","","NA"
"-79.63","43.68","TORONTO INTL A","6158731","2026-03-15 12:00","2026","03","15","12:00","","1.5","","-3.9","","67","","","","10","","39","","24.1","","99.46","","","","","","NA"
"-79.63","43.68","TORONTO INTL A","6158731","2026-03-15 13:00","2026","03","15","13:00","","1.5","","-3.6","","69","","","","9","","37","","24.1","","99.25","","","","","","Cloudy"
"-79.63","43.68","TORONTO INTL A","6158731","2026-03-15 14:00","2026","03","15","14:00","","1.9","","-3.7","","67","","","","9","","35","","24.1","","99.09","","","","","","NA"
"-79.63","43.68","TORONTO INTL A","6158731","2026-03-15 15:00","2026","03","15","15:00","","2.0","","-3.7","","66","","","","8","","35","","24.1","","98.92","","","","","","NA"
"-79.63","43.68","TORONTO INTL A","6158731","2026-03-15 16:00","2026","03","15","16:00","","3.2","","-3.3","","63","","","","8","","26","","24.1","","98.78","","","","","","Cloudy"
"-79.63","43.68","TORONTO INTL A","6158731","2026-03-15 17:00","2026","03","15","17:00","","4.0","","-2.9","","61","","","","9","","28","","24.1","","98.63","","","","","","NA"
"-79.63","43.68","TORONTO INTL A","6158731","2026-03-15 18:00","2026","03","15","18:00","","4.4","","-2.1","","63","","","","9","","25","","24.1","","98.43","","","","","","NA"
"-79.63","43.68","TORONTO INTL A","6158731","2026-03-15 19:00","2026","03","15","19:00","","5.7","","-1.0","","62","","","","10","","21","","24.1","","98.29","","","","","","Mostly Cloudy"
"-79.63","43.68","TORONTO INTL A","6158731","2026-03-15 20:00","2026","03","15","20:00","","9.2","","0.5","","54","","","","13","","23","","24.1","","98.14","","","","","","NA"
"-79.63","43.68","TORONTO INTL A","6158731","2026-03-15 21:00","2026","03","15","21:00","","8.0","","1.4","","63","","","","13","","19","","24.1","","98.08","","","","","","NA"
"-79.63","43.68","TORONTO INTL A","6158731","2026-03-15 22:00","2026","03","15","22:00","","7.8","","2.1","","67","","","","13","","13","","24.1","","98.02","","","","","","Mainly Clear"
"-79.63","43.68","TORONTO INTL A","6158731","2026-03-15 23:00","2026","03","15","23:00","","8.3","","2.8","","68","","","","13","","18","","24.1","","97.94","","","","","","NA"
"-79.63","43.68","TORONTO INTL A","6158731","2026-03-16 00:00","2026","03","16","00:00","","8.2","","3.2","","70","","","","13","","15","","24.1","","97.84","","","","","","NA"
"-79.63","43.68","TORONTO INTL A","6158731","2026-03-16 01:00","2026","03","16","01:00","","8.9","","4.2","","72","","","","15","","20","","24.1","","97.74","","","","","","Mostly Cloudy"
"-79.63","43.68","TORONTO INTL A","6158731","2026-03-16 02:00","2026","03","16","02:00","","9.2","","4.9","","74","","","","15","","19","","24.1","","97.69","","","","","","NA"
"-79.63","43.68","TORONTO INTL A","6158731","2026-03-16 03:00","2026","03","16","03:00","","8.8","","5.5","","80","","","","14","","18","","24.1","","97.51","","","","","","NA"
"-79.63","43.68","TORONTO INTL A","6158731","2026-03-16 04:00","2026","03","16","04:00","","9.0","","6.3","","83","","","","15","","18","","24.1","","97.33","","","","","","Mostly Cloudy"
"-79.63","43.68","TORONTO INTL A","6158731","2026-03-16 05:00","2026","03","16","05:00","","10.6","","7.5","","81","","","","14","","20","","24.1","","97.20","","","","","","NA"
"-79.63","43.68","TORONTO INTL A","6158731","2026-03-16 06:00","2026","03","16","06:00","","11.6","","8.0","","78","","","","15","","18","","24.1","","97.11","","","","","","NA"
"-79.63","43.68","TORONTO INTL A","6158731","2026-03-16 07:00","2026","03","16","07:00","","11.7","","8.0","","78","","","","17","","14","","24.1","","97.11","","","","","","Mostly Cloudy"
"-79.63","43.68","TORONTO INTL A","6158731","2026-03-16 08:00","2026","03","16","08:00","","11.5","","8.6","","82","","","","14","","13","","24.1","","96.95","","","","","","NA"
"-79.63","43.68","TORONTO INTL A","6158731","2026-03-16 09:00","2026","03","16","09:00","","11.0","","8.0","","82","","","","15","","16","","24.1","","96.95","","","","","","Rain"
"-79.63","43.68","TORONTO INTL A","6158731","2026-03-16 10:00","2026","03","16","10:00","","12.2","","10.0","","86","","","","17","","18","","24.1","","96.89","","","","","","Mostly Cloudy"
"-79.63","43.68","TORONTO INTL A","6158731","2026-03-16 11:00","2026","03","16","11:00","","9.2","","6.6","","84","","","","22","","33","","16.1","","97.08","","","","","","NA"
"-79.63","43.68","TORONTO INTL A","6158731","2026-03-16 12:00","2026","03","16","12:00","","7.3","","3.1","","75","","","","25","","42","","24.1","","97.16","","","","","","NA"
"-79.63","43.68","TORONTO INTL A","6158731","2026-03-16 13:00","2026","03","16","13:00","","5.8","","-1.2","","61","","","","23","","45","","24.1","","97.24","","","","","","Cloudy"
"-79.63","43.68","TORONTO INTL A","6158731","2026-03-16 14:00","2026","03","16","14:00","","4.8","","-1.3","","64","","","","20","","27","","24.1","","97.21","","","","","","NA"
"-79.63","43.68","TORONTO INTL A","6158731","2026-03-16 15:00","2026","03","16","15:00","","4.6","","-1.9","","63","","","","23","","30","","24.1","","97.24","","","","","","NA"
"-79.63","43.68","TORONTO INTL A","6158731","2026-03-16 16:00","2026","03","16","16:00","","3.3","","-3.4","","62","","","","22","","30","","24.1","","97.30","","","","","","Cloudy"
"-79.63","43.68","TORONTO INTL A","6158731","2026-03-16 17:00","2026","03","16","17:00","","2.7","","-3.7","","63","","","","22","","27","","19.3","","97.30","","","","","","NA"
"-79.63","43.68","TORONTO INTL A","6158731","2026-03-16 18:00","2026","03","16","18:00","","0.4","","-1.0","","90","","","","21","","16","","12.9","","97.25","","","","","","Snow"
"-79.63","43.68","TORONTO INTL A","6158731","2026-03-16 19:00","2026","03","16","19:00","","1.0","","-3.9","","69","","","","24","","27","","9.7","","97.25","","","","","","Snow"
"-79.63","43.68","TORONTO INTL A","6158731","2026-03-16 20:00","2026","03","16","20:00","","-1.2","","-3.3","","86","","","","25","","31","","4.8","","97.29","","","","-8","","Snow"
"-79.63","43.68","TORONTO INTL A","6158731","2026-03-16 21:00","2026","03","16","21:00","","-1.5","","-3.3","","88","","","","26","","27","","4.8","","97.36","","","","-8","","Snow"
"-79.63","43.68","TORONTO INTL A","6158731","2026-03-16 22:00","2026","03","16","22:00","","-2.2","","-5.8","","77","","","","26","","28","","4.8","","97.35","","","","-9","","Snow"
"-79.63","43.68","TORONTO INTL A","6158731","2026-03-16 23:00","2026","03","16","23:00","","-3.5","","-9.6","","63","","","","26","","38","","19.3","","97.41","","","","-12","","NA"
"-79.63","43.68","TORONTO INTL A","6158731","2026-03-17 00:00","2026","03","17","00:00","","-5.5","","-10.7","","67","","","","27","","41","","8.1","","97.52","","","","-15","","Snow,Blowing Snow"
"-79.63","43.68","TORONTO INTL A","6158731","2026-03-17 01:00","2026","03","17","01:00","","-7.2","","-11.1","","74","","","","28","","40","","4.0","","97.64","","","","-17","","Snow"
"-79.63","43.68","TORONTO INTL A","6158731","2026-03-17 02:00","2026","03","17","02:00","","-8.1","","-13.5","","65","","","","26","","43","","16.1","","97.80","","","","-19","","Snow"
"-79.63","43.68","TORONTO INTL A","6158731","2026-03-17 03:00","2026","03","17","03:00","","-9.0","","-15.2","","61","","","","26","","36","","19.3","","97.93","","","","-19","","NA"
"-79.63","43.68","TORONTO INTL A","6158731","2026-03-17 04:00","2026","03","17","04:00","","-9.7","","-14.9","","66","","","","27","","46","","9.7","","98.06","","","","-21","","Snow Showers"
"-79.63","43.68","TORONTO INTL A","6158731","2026-03-17 05:00","2026","03","17","05:00","","-10.4","","-17.4","","57","","","","28","","48","","24.1","","98.26","","","","-22","","NA"
"-79.63","43.68","TORONTO INTL A","6158731","2026-03-17 06:00","2026","03","17","06:00","","-10.6","","-17.4","","58","","","","27","","40","","24.1","","98.41","","","","-22","","NA"
"-79.63","43.68","TORONTO INTL A","6158731","2026-03-17 07:00","2026","03","17","07:00","","-10.2","","-17.1","","57","","","","27","","45","","24.1","","98.57","","","","-22","","Mainly Clear"
"-79.63","43.68","TORONTO INTL A","6158731","2026-03-17 08:00","2026","03","17","08:00","","-9.3","","-16.4","","57","","","","28","","49","","24.1","","98.72","","","","-21","","NA"
"-79.63","43.68","TORONTO INTL A","6158731","2026-03-17 09:00","2026","03","17","09:00","","-8.9","","-13.9","","67","","","","27","","35","","16.1","","98.88","","","","-19","","NA"
"-79.63","43.68","TORONTO INTL A","6158731","2026-03-17 10:00","2026","03","17","10:00","","-7.6","","-14.0","","61","","","","29","","37","","16.1","","99.03","","","","-17","","Mostly Cloudy"
"-79.63","43.68","TORONTO INTL A","6158731","2026-03-17 11:00","2026","03","17","11:00","","-6.3","","-13.5","","57","","","","29","","41","","24.1","","99.14","","","","-16","","NA"
"-79.63","43.68","TORONTO INTL A","6158731","2026-03-17 12:00","2026","03","17","12:00","","-4.8","","-13.3","","52","","","","29","","35","","24.1","","99.17","","","","-13","","NA"
"-79.63","43.68","TORONTO INTL A","6158731","2026-03-17 13:00","2026","03","17","13:00","","-4.6","","-13.1","","52","","","","29","","36","","24.1","","99.23","","","","-13","","Mostly Cloudy"
"-79.63","43.68","TORONTO INTL A","6158731","2026-03-17 14:00","2026","03","17","14:00","","-4.9","","-11.4","","60","","","","30","","31","","24.1","","99.30","","","","-13","","NA"
"-79.63","43.68","TORONTO INTL A","6158731","2026-03-17 15:00","2026","03","17","15:00","","-4.9","","-10.8","","64","","","","29","","35","","19.3","","99.41","","","","-13","","Snow Showers"
"-79.63","43.68","TORONTO INTL A","6158731","2026-03-17 16:00","2026","03","17","16:00","","-4.5","","-11.0","","61","","","","26","","37","","24.1","","99.50","","","","-13","","Mostly Cloudy"
"-79.63","43.68","TORONTO INTL A","6158731","2026-03-17 17:00","2026","03","17","17:00","","-5.5","","-13.0","","56","","","","29","","38","","24.1","","99.64","","","","-15","","NA"
"-79.63","43.68","TORONTO INTL A","6158731","2026-03-17 18:00","2026","03","17","18:00","","-6.9","","-14.2","","56","","","","30","","37","","24.1","","99.79","","","","-16","","NA"
"-79.63","43.68","TORONTO INTL A","6158731","2026-03-17 19:00","2026","03","17","19:00","","-7.0","","-12.3","","66","","","","27","","32","","19.3","","99.85","","","","-16","","Snow Showers"
"-79.63","43.68","TORONTO INTL A","6158731","2026-03-17 20:00","2026","03","17","20:00","","-7.5","","-14.7","","57","","","","28","","22","","24.1","","99.91","","","","-15","","NA"
"-79.63","43.68","TORONTO INTL A","6158731","2026-03-17 21:00","2026","03","17","21:00","","-7.7","","-13.5","","63","","","","28","","18","","24.1","","100.01","","","","-15","","NA"
"-79.63","43.68","TORONTO INTL A","6158731","2026-03-17 22:00","2026","03","17","22:00","","-8.1","","-13.1","","68","","","","28","","16","","24.1","","100.08","","","","-15","","Mainly Clear"
"-79.63","43.68","TORONTO INTL A","6158731","2026-03-17 23:00","2026","03","17","23:00","","-7.7","","-12.3","","70","","","","25","","15","","24.1","","100.15","","","","-14","","NA"
"-79.63","43.68","TORONTO INTL A","6158731","2026-03-18 00:00","2026","03","18","00:00","","-8.2","","-12.2","","73","","","","24","","9","","24.1","","100.19","","","","-13","","NA"
"-79.63","43.68","TORONTO INTL A","6158731","2026-03-18 01:00","2026","03","18","01:00","","-7.9","","-11.4","","76","","","","22","","12","","24.1","","100.24","","","","-13","","Mainly Clear"
"-79.63","43.68","TORONTO INTL A","6158731","2026-03-18 02:00","2026","03","18","02:00","","-7.9","","-10.8","","80","","","","23","","11","","24.1","","100.27","","","","-13","","NA"
"-79.63","43.68","TORONTO INTL A","6158731","2026-03-18 03:00","2026","03","18","03:00","","-7.2","","-9.9","","82","","","","22","","13","","24.1","","100.28","","","","-13","","NA"
"-79.63","43.68","TORONTO INTL A","6158731","2026-03-18 04:00","2026","03","18","04:00","","-6.8","","-9.9","","79","","","","20","","8","","24.1","","100.23","","","","-11","","Mostly Cloudy"
"-79.63","43.68","TORONTO INTL A","6158731","2026-03-18 05:00","2026","03","18","05:00","","-6.6","","-9.8","","78","","","","20","","7","","24.1","","100.28","","","","-10","","NA"
"-79.63","43.68","TORONTO INTL A","6158731","2026-03-18 06:00","2026","03","18","06:00","","-6.3","","-9.7","","77","","","","22","","8","","24.1","","100.35","","","","-10","","NA"
"-79.63","43.68","TORONTO INTL A","6158731","2026-03-18 07:00","2026","03","18","07:00","","-5.7","","-9.6","","74","","","","19","","9","","24.1","","100.42","","","","-10","","Mostly Cloudy"
"-79.63","43.68","TORONTO INTL A","6158731","2026-03-18 08:00","2026","03","18","08:00","","-4.6","","-9.9","","66","","","","20","","10","","24.1","","100.44","","","","-9","","NA"
"-79.63","43.68","TORONTO INTL A","6158731","2026-03-18 09:00","2026","03","18","09:00","","-3.6","","-11.7","","54","","","","18","","10","","24.1","","100.43","","","","-8","","NA"
"-79.63","43.68","TORONTO INTL A","6158731","2026-03-18 10:00","2026","03","18","10:00","","-2.5","","-12.3","","47","","","","22","","12","","24.1","","100.43","","","","-7","","Mostly Cloudy"
"-79.63","43.68","TORONTO INTL A","6158731","2026-03-18 11:00","2026","03","18","11:00","","-2.4","","-12.1","","48","","","","18","","16","","24.1","","100.40","","","","-8","","NA"
"-79.63","43.68","TORONTO INTL A","6158731","2026-03-18 12:00","2026","03","18","12:00","","-2.2","","-10.5","","53","","","","16","","20","","24.1","","100.37","","","","-8","","NA"
"-79.63","43.68","TORONTO INTL A","6158731","2026-03-18 13:00","2026","03","18","13:00","","-3.1","","-7.5","","72","","","","15","","18","","3.2","","100.33","","","","-9","","Snow"
"-79.63","43.68","TORONTO INTL A","6158731","2026-03-18 14:00","2026","03","18","14:00","","-2.6","","-5.3","","81","","","","15","","10","","24.1","","100.23","","","","-6","","Snow"
"-79.63","43.68","TORONTO INTL A","6158731","2026-03-18 15:00","2026","03","18","15:00","","-1.5","","-10.7","","50","","","","17","","21","","24.1","","100.17","","","","-7","","NA"
"-79.63","43.68","TORONTO INTL A","6158731","2026-03-18 16:00","2026","03","18","16:00","","-1.7","","-11.0","","49","","","","18","","22","","24.1","","100.14","","","","-8","","Cloudy"
"-79.63","43.68","TORONTO INTL A","6158731","2026-03-18 17:00","2026","03","18","17:00","","-1.8","","-11.2","","49","","","","19","","20","","24.1","","100.13","","","","-8","","NA"
"-79.63","43.68","TORONTO INTL A","6158731","2026-03-18 18:00","2026","03","18","18:00","","-1.9","","-10.2","","53","","","","20","","21","","24.1","","100.12","","","","-8","","NA"
"-79.63","43.68","TORONTO INTL A","6158731","2026-03-18 19:00","2026","03","18","19:00","","-1.6","","-10.6","","51","","","","19","","10","","24.1","","100.12","","","","-5","","Cloudy"
"-79.63","43.68","TORONTO INTL A","6158731","2026-03-18 20:00","2026","03","18","20:00","","-1.6","","-9.5","","55","","","","18","","12","","19.3","","100.09","","","","-6","","Snow"
"-79.63","43.68","TORONTO INTL A","6158731","2026-03-18 21:00","2026","03","18","21:00","","-2.2","","-7.1","","70","","","","19","","16","","12.9","","100.10","","","","-7","","Snow"
"-79.63","43.68","TORONTO INTL A","6158731","2026-03-18 22:00","2026","03","18","22:00","","-2.6","","-5.5","","81","","","","16","","11","","19.3","","100.05","","","","-7","","Snow"
"-79.63","43.68","TORONTO INTL A","6158731","2026-03-18 23:00","2026","03","18","23:00","","-2.4","","-4.8","","84","","","","16","","7","","19.3","","99.98","","","","-5","","Snow"
"-79.63","43.68","TORONTO INTL A","6158731","2026-03-19 00:00","2026","03","19","00:00","","-2.3","","-4.3","","86","","","","15","","8","","16.1","","99.92","","","","-5","","Snow"
"-79.63","43.68","TORONTO INTL A","6158731","2026-03-19 01:00","2026","03","19","01:00","","-1.8","","-4.1","","84","","","","15","","7","","19.3","","99.89","","","","-4","","Cloudy"
"-79.63","43.68","TORONTO INTL A","6158731","2026-03-19 02:00","2026","03","19","02:00","","-1.2","","-4.3","","79","","","","15","","8","","19.3","","99.81","","","","-4","","NA"
"-79.63","43.68","TORONTO INTL A","6158731","2026-03-19 03:00","2026","03","19","03:00","","-0.7","","-4.2","","77","","","","15","","8","","24.1","","99.73","","","","-4","","NA"
"-79.63","43.68","TORONTO INTL A","6158731","2026-03-19 04:00","2026","03","19","04:00","","-0.3","","-4.1","","76","","","","17","","7","","24.1","","99.71","","","","-3","","Cloudy"
"-79.63","43.68","TORONTO INTL A","6158731","2026-03-19 05:00","2026","03","19","05:00","","0.0","","-4.3","","73","","","","19","","7","","24.1","","99.72","","","","-2","","NA"
"-79.63","43.68","TORONTO INTL A","6158731","2026-03-19 06:00","2026","03","19","06:00","","-0.3","","-4.3","","74","","","","24","","9","","24.1","","99.72","","","","-3","","NA"
"-79.63","43.68","TORONTO INTL A","6158731","2026-03-19 07:00","2026","03","19","07:00","","-0.2","","-4.0","","76","","","","25","","10","","19.3","","99.76","","","","-4","","Mostly Cloudy"
"-79.63","43.68","TORONTO INTL A","6158731","2026-03-19 08:00","2026","03","19","08:00","","1.2","","-3.5","","71","","","","25","","10","","24.1","","99.76","","","","","","NA"
"-79.63","43.68","TORONTO INTL A","6158731","2026-03-19 09:00","2026","03","19","09:00","","2.1","","-3.2","","68","","","","22","","13","","24.1","","99.75","","","","","","NA"
"-79.63","43.68","TORONTO INTL A","6158731","2026-03-19 10:00","2026","03","19","10:00","","5.0","","-1.8","","62","","","","25","","16","","24.1","","99.75","","","","","","Mostly Cloudy"
"-79.63","43.68","TORONTO INTL A","6158731","2026-03-19 11:00","2026","03","19","11:00","","6.5","","-1.9","","55","","","","27","","30","","24.1","","99.75","","","","","","NA"
"-79.63","43.68","TORONTO INTL A","6158731","2026-03-19 12:00","2026","03","19","12:00","","8.5","","-1.1","","51","","","","28","","17","","24.1","","99.71","","","","","","NA"
"-79.63","43.68","TORONTO INTL A","6158731","2026-03-19 13:00","2026","03","19","13:00","","7.8","","-1.0","","54","","","","26","","13","","24.1","","99.74","","","","","","Mostly Cloudy"
"-79.63","43.68","TORONTO INTL A","6158731","2026-03-19 14:00","2026","03","19","14:00","","7.7","","-1.1","","53","","","","27","","21","","24.1","","99.72","","","","","","NA"
"-79.63","43.68","TORONTO INTL A","6158731","2026-03-19 15:00","2026","03","19","15:00","","6.9","","-1.0","","57","","","","28","","22","","24.1","","99.73","","","","","","NA"
"-79.63","43.68","TORONTO INTL A","6158731","2026-03-19 16:00","2026","03","19","16:00","","6.6","","-0.6","","60","","","","28","","22","","24.1","","99.75","","","","","","Mostly Cloudy"
"-79.63","43.68","TORONTO INTL A","6158731","2026-03-19 17:00","2026","03","19","17:00","","5.7","","-2.1","","57","","","","30","","33","","24.1","","99.79","","","","","","NA"
"-79.63","43.68","TORONTO INTL A","6158731","2026-03-19 18:00","2026","03","19","18:00","","4.8","","-1.9","","62","","","","31","","23","","24.1","","99.85","","","","","","NA"
"-79.63","43.68","TORONTO INTL A","6158731","2026-03-19 19:00","2026","03","19","19:00","","3.8","","-2.9","","61","","","","32","","26","","24.1","","99.94","","","","","","Mostly Cloudy"
"-79.63","43.68","TORONTO INTL A","6158731","2026-03-19 20:00","2026","03","19","20:00","","3.0","","-3.7","","62","","","","32","","26","","24.1","","99.98","","","","","","NA"
"-79.63","43.68","TORONTO INTL A","6158731","2026-03-19 21:00","2026","03","19","21:00","","1.8","","-4.7","","62","","","","31","","17","","24.1","","100.02","","","","","","NA"
"-79.63","43.68","TORONTO INTL A","6158731","2026-03-19 22:00","2026","03","19","22:00","","-0.4","","-4.2","","75","","","","3","","12","","24.1","","100.03","","","","-4","","Mainly Clear"
"-79.63","43.68","TORONTO INTL A","6158731","2026-03-19 23:00","2026","03","19","23:00","","0.0","","-3.8","","75","","","","","","0","","24.1","","99.95","","","","","","NA"
"-79.63","43.68","TORONTO INTL A","6158731","2026-03-20 00:00","2026","03","20","00:00","","-0.2","","-3.9","","76","","","","","","0","","24.1","","99.86","","","","","","NA"
"-79.63","43.68","TORONTO INTL A","6158731","2026-03-20 01:00","2026","03","20","01:00","","-0.8","","-4.2","","78","","","","18","","5","","24.1","","99.78","","","","-2","","Mainly Clear"
"-79.63","43.68","TORONTO INTL A","6158731","2026-03-20 02:00","2026","03","20","02:00","","-0.5","","-3.9","","78","","","","15","","5","","24.1","","99.69","","","","-2","","NA"
"-79.63","43.68","TORONTO INTL A","6158731","2026-03-20 03:00","2026","03","20","03:00","","-0.1","","-3.1","","80","","","","14","","5","","24.1","","99.57","","","","-2","","NA"
"-79.63","43.68","TORONTO INTL A","6158731","2026-03-20 04:00","2026","03","20","04:00","","0.3","","-2.8","","80","","","","10","","7","","24.1","","99.57","","","","","","Cloudy"
"-79.63","43.68","TORONTO INTL A","6158731","2026-03-20 05:00","2026","03","20","05:00","","0.1","","-2.6","","82","","","","14","","4","","24.1","","99.44","","","","","","Freezing Rain"
"-79.63","43.68","TORONTO INTL A","6158731","2026-03-20 06:00","2026","03","20","06:00","","0.4","","-2.5","","81","","","","9","","13","","24.1","","99.24","","","","","","NA"
"-79.63","43.68","TORONTO INTL A","6158731","2026-03-20 07:00","2026","03","20","07:00","","0.2","","-1.8","","87","","","","11","","10","","8.1","","99.14","","","","","","Freezing Rain,Freezing Drizzle,Fog"
"-79.63","43.68","TORONTO INTL A","6158731","2026-03-20 08:00","2026","03","20","08:00","","0.0","","-1.2","","92","","","","13","","14","","8.1","","98.92","","","","-4","","Moderate Freezing Rain,Fog"
"-79.63","43.68","TORONTO INTL A","6158731","2026-03-20 09:00","2026","03","20","09:00","","0.5","","-0.3","","94","","","","13","","11","","6.4","","98.83","","","","","","Rain,Fog"
"-79.63","43.68","TORONTO INTL A","6158731","2026-03-20 10:00","2026","03","20","10:00","","1.1","","0.4","","95","","","","11","","8","","6.4","","98.64","","","","","","Rain,Fog"
"-79.63","43.68","TORONTO INTL A","6158731","2026-03-20 11:00","2026","03","20","11:00","","1.5","","0.9","","95","","","","17","","5","","6.4","","98.57","","","","","","Rain,Fog"
"-79.63","43.68","TORONTO INTL A","6158731","2026-03-20 12:00","2026","03","20","12:00","","2.0","","1.3","","95","","","","","","0","","6.4","","98.53","","","","","","Rain,Fog"
"-79.63","43.68","TORONTO INTL A","6158731","2026-03-20 13:00","2026","03","20","13:00","","2.7","","1.9","","94","","","","4","","7","","9.7","","98.51","","","","","","Fog"
"-79.63","43.68","TORONTO INTL A","6158731","2026-03-20 14:00","2026","03","20","14:00","","3.8","","2.3","","90","","","","","","0","","9.7","","98.50","","","","","","Fog"
"-79.63","43.68","TORONTO INTL A","6158731","2026-03-20 15:00","2026","03","20","15:00","","4.7","","2.7","","87","","","","27","","5","","9.7","","98.52","","","","","","Fog"
"-79.63","43.68","TORONTO INTL A","6158731","2026-03-20 16:00","2026","03","20","16:00","","5.1","","3.1","","87","","","","3","","7","","9.7","","98.60","","","","","","Fog"
"-79.63","43.68","TORONTO INTL A","6158731","2026-03-20 17:00","2026","03","20","17:00","","5.1","","3.1","","87","","","","2","","10","","9.7","","98.67","","","","","","Fog"
"-79.63","43.68","TORONTO INTL A","6158731","2026-03-20 18:00","2026","03","20","18:00","","4.7","","3.0","","89","","","","36","","13","","8.1","","98.77","","","","","","Fog"
"-79.63","43.68","TORONTO INTL A","6158731","2026-03-20 19:00","2026","03","20","19:00","","3.9","","2.1","","88","","","","35","","12","","12.9","","98.84","","","","","","Cloudy"
"-79.63","43.68","TORONTO INTL A","6158731","2026-03-20 20:00","2026","03","20","20:00","","2.8","","1.1","","88","","","","1","","23","","8.1","","98.99","","","","","","Fog"
"-79.63","43.68","TORONTO INTL A","6158731","2026-03-20 21:00","2026","03","20","21:00","","2.1","","0.3","","88","","","","36","","25","","19.3","","99.06","","","","","","NA"
"-79.63","43.68","TORONTO INTL A","6158731","2026-03-20 22:00","2026","03","20","22:00","","1.8","","0.0","","88","","","","35","","22","","19.3","","99.11","","","","","","Cloudy"
"-79.63","43.68","TORONTO INTL A","6158731","2026-03-20 23:00","2026","03","20","23:00","","1.6","","0.5","","92","","","","34","","18","","9.7","","99.15","","","","","","Fog"
"-79.63","43.68","TORONTO INTL A","6158731","2026-03-21 00:00","2026","03","21","00:00","","1.7","","0.5","","92","","","","34","","18","","12.9","","99.22","","","","","","NA"
"-79.63","43.68","TORONTO INTL A","6158731","2026-03-21 01:00","2026","03","21","01:00","","1.5","","0.1","","90","","","","34","","16","","19.3","","99.25","","","","","","Cloudy"
"-79.63","43.68","TORONTO INTL A","6158731","2026-03-21 02:00","2026","03","21","02:00","","1.3","","-1.0","","85","","","","34","","16","","24.1","","99.22","","","","","","NA"
"-79.63","43.68","TORONTO INTL A","6158731","2026-03-21 03:00","2026","03","21","03:00","","1.3","","-1.2","","83","","","","35","","17","","24.1","","99.33","","","","","","NA"
"-79.63","43.68","TORONTO INTL A","6158731","2026-03-21 04:00","2026","03","21","04:00","","1.1","","-1.5","","83","","","","36","","18","","24.1","","99.35","","","","","","Cloudy"
"-79.63","43.68","TORONTO INTL A","6158731","2026-03-21 05:00","2026","03","21","05:00","","1.2","","-1.4","","83","","","","34","","16","","24.1","","99.40","","","","","","NA"
"-79.63","43.68","TORONTO INTL A","6158731","2026-03-21 06:00","2026","03","21","06:00","","0.9","","-1.0","","87","","","","31","","12","","19.3","","99.55","","","","","","NA"
"-79.63","43.68","TORONTO INTL A","6158731","2026-03-21 07:00","2026","03","21","07:00","","1.3","","-1.1","","84","","","","34","","4","","24.1","","99.59","","","","","","Cloudy"
"-79.63","43.68","TORONTO INTL A","6158731","2026-03-21 08:00","2026","03","21","08:00","","1.9","","-0.8","","82","","","","1","","10","","24.1","","99.59","","","","","","NA"
"-79.63","43.68","TORONTO INTL A","6158731","2026-03-21 09:00","2026","03","21","09:00","","2.5","","-0.9","","78","","","","3","","9","","24.1","","99.67","","","","","","NA"
"-79.63","43.68","TORONTO INTL A","6158731","2026-03-21 10:00","2026","03","21","10:00","","3.0","","-1.1","","75","","","","13","","4","","24.1","","99.62","","","","","","Cloudy"
"-79.63","43.68","TORONTO INTL A","6158731","2026-03-21 11:00","2026","03","21","11:00","","3.3","","-1.7","","70","","","","1","","5","","24.1","","99.62","","","","","","NA"
"-79.63","43.68","TORONTO INTL A","6158731","2026-03-21 12:00","2026","03","21","12:00","","3.0","","-1.0","","75","","","","14","","13","","24.1","","99.59","","","","","","NA"
"-79.63","43.68","TORONTO INTL A","6158731","2026-03-21 13:00","2026","03","21","13:00","","2.7","","-1.4","","74","","","","16","","14","","24.1","","99.65","","","","","","Cloudy"
"-79.63","43.68","TORONTO INTL A","6158731","2026-03-21 14:00","2026","03","21","14:00","","3.2","","-1.8","","70","","","","14","","11","","24.1","","99.54","","","","","","NA"
"-79.63","43.68","TORONTO INTL A","6158731","2026-03-21 15:00","2026","03","21","15:00","","3.0","","-2.7","","66","","","","13","","11","","24.1","","99.47","","","","","","NA"
"-79.63","43.68","TORONTO INTL A","6158731","2026-03-21 16:00","2026","03","21","16:00","","3.1","","-2.5","","67","","","","12","","14","","24.1","","99.33","","","","","","Cloudy"
"-79.63","43.68","TORONTO INTL A","6158731","2026-03-21 17:00","2026","03","21","17:00","","2.4","","-2.9","","68","","","","12","","13","","24.1","","99.27","","","","","","NA"
"-79.63","43.68","TORONTO INTL A","6158731","2026-03-21 18:00","2026","03","21","18:00","","2.1","","-2.8","","70","","","","9","","17","","24.1","","99.16","","","","","","Snow"
"-79.63","43.68","TORONTO INTL A","6158731","2026-03-21 19:00","2026","03","21","19:00","","1.7","","-1.7","","78","","","","11","","19","","24.1","","99.12","","","","","","Mostly Cloudy"
"-79.63","43.68","TORONTO INTL A","6158731","2026-03-21 20:00","2026","03","21","20:00","","1.4","","-1.3","","83","","","","11","","22","","24.1","","99.03","","","","","","NA"
"-79.63","43.68","TORONTO INTL A","6158731","2026-03-21 21:00","2026","03","21","21:00","","1.6","","-0.6","","85","","","","13","","21","","24.1","","98.90","","","","","","NA"
"-79.63","43.68","TORONTO INTL A","6158731","2026-03-21 22:00","2026","03","21","22:00","","1.5","","-1.1","","83","","","","11","","19","","24.1","","98.84","","","","","","Mostly Cloudy"
"-79.63","43.68","TORONTO INTL A","6158731","2026-03-21 23:00","2026","03","21","23:00","","1.9","","-1.0","","81","","","","8","","10","","24.1","","98.80","","","","","","NA"
"-79.63","43.68","TORONTO INTL A","6158731","2026-03-22 00:00","2026","03","22","00:00","","1.7","","-1.0","","82","","","","10","","14","","24.1","","98.67","","","","","","NA"
"-79.63","43.68","TORONTO INTL A","6158731","2026-03-22 01:00","2026","03","22","01:00","","1.5","","-0.9","","84","","","","9","","12","","24.1","","98.57","","","","","","Cloudy"
"-79.63","43.68","TORONTO INTL A","6158731","2026-03-22 02:00","2026","03","22","02:00","","1.4","","-0.6","","87","","","","11","","9","","24.1","","98.39","","","","","","NA"
"-79.63","43.68","TORONTO INTL A","6158731","2026-03-22 03:00","2026","03","22","03:00","","1.2","","-0.4","","89","","","","9","","5","","24.1","","98.33","","","","","","NA"
"-79.63","43.68","TORONTO INTL A","6158731","2026-03-22 04:00","2026","03","22","04:00","","1.2","","-0.3","","90","","","","11","","3","","24.1","","98.23","","","","","","Cloudy"
"-79.63","43.68","TORONTO INTL A","6158731","2026-03-22 05:00","2026","03","22","05:00","","1.0","","-0.4","","90","","","","32","","7","","24.1","","98.25","","","","","","NA"
"-79.63","43.68","TORONTO INTL A","6158731","2026-03-22 06:00","2026","03","22","06:00","","1.2","","-0.2","","90","","","","3","","7","","16.1","","98.24","","","","","","NA"
"-79.63","43.68","TORONTO INTL A","6158731","2026-03-22 07:00","2026","03","22","07:00","","1.7","","0.0","","89","","","","16","","8","","9.7","","98.18","","","","","","Fog"
"-79.63","43.68","TORONTO INTL A","6158731","2026-03-22 08:00","2026","03","22","08:00","","1.9","","0.5","","91","","","","7","","4","","6.4","","98.24","","","","","","Rain,Fog"
"-79.63","43.68","TORONTO INTL A","6158731","2026-03-22 09:00","2026","03","22","09:00","","2.2","","1.1","","93","","","","34","","6","","4.0","","98.46","","","","","","Moderate Rain,Fog"
"-79.63","43.68","TORONTO INTL A","6158731","2026-03-22 10:00","2026","03","22","10:00","","2.6","","1.8","","94","","","","17","","9","","4.0","","98.38","","","","","","Moderate Rain,Fog"
"-79.63","43.68","TORONTO INTL A","6158731","2026-03-22 11:00","2026","03","22","11:00","","3.2","","2.5","","95","","","","13","","3","","2.4","","98.45","","","","","","Rain,Fog"
"-79.63","43.68","TORONTO INTL A","6158731","2026-03-22 12:00","2026","03","22","12:00","","3.8","","2.6","","92","","","","36","","24","","9.7","","98.48","","","","","","Fog"
"-79.63","43.68","TORONTO INTL A","6158731","2026-03-22 13:00","2026","03","22","13:00","","4.9","","2.9","","87","","","","36","","17","","12.9","","98.56","","","","","","Cloudy"
"-79.63","43.68","TORONTO INTL A","6158731","2026-03-22 14:00","2026","03","22","14:00","","4.8","","2.4","","84","","","","36","","23","","12.9","","98.73","","","","","","NA"
"-79.63","43.68","TORONTO INTL A","6158731","2026-03-22 15:00","2026","03","22","15:00","","4.8","","2.0","","82","","","","35","","24","","16.1","","98.79","","","","","","NA"
"-79.63","43.68","TORONTO INTL A","6158731","2026-03-22 16:00","2026","03","22","16:00","","4.2","","1.1","","80","","","","35","","28","","19.3","","98.95","","","","","","Cloudy"
"-79.63","43.68","TORONTO INTL A","6158731","2026-03-22 17:00","2026","03","22","17:00","","3.8","","0.8","","81","","","","35","","25","","24.1","","98.99","","","","","","NA"
"-79.63","43.68","TORONTO INTL A","6158731","2026-03-22 18:00","2026","03","22","18:00","","3.6","","0.6","","80","","","","35","","18","","24.1","","99.10","","","","","","NA"
"-79.63","43.68","TORONTO INTL A","6158731","2026-03-22 19:00","2026","03","22","19:00","","3.1","","0.0","","80","","","","36","","18","","24.1","","99.13","","","","","","Cloudy"
"-79.63","43.68","TORONTO INTL A","6158731","2026-03-22 20:00","2026","03","22","20:00","","3.0","","-0.1","","80","","","","36","","20","","24.1","","99.18","","","","","","NA"
"-79.63","43.68","TORONTO INTL A","6158731","2026-03-22 21:00","2026","03","22","21:00","","2.6","","0.1","","83","","","","1","","16","","24.1","","99.23","","","","","","NA"
"-79.63","43.68","TORONTO INTL A","6158731","2026-03-22 22:00","2026","03","22","22:00","","2.8","","0.3","","83","","","","2","","15","","24.1","","99.23","","","","","","Cloudy"
"-79.63","43.68","TORONTO INTL A","6158731","2026-03-22 23:00","2026","03","22","23:00","","2.2","","-2.1","","73","","","","9","","21","","24.1","","99.16","","","","","","NA"
"-79.63","43.68","TORONTO INTL A","6158731","2026-03-23 00:00","2026","03","23","00:00","","1.4","","-2.8","","73","","","","9","","18","","24.1","","99.27","","","","","","NA"
"-79.63","43.68","TORONTO INTL A","6158731","2026-03-23 01:00","2026","03","23","01:00","","1.0","","-4.0","","69","","","","6","","23","","24.1","","99.31","","","","","","Cloudy"
"-79.63","43.68","TORONTO INTL A","6158731","2026-03-23 02:00","2026","03","23","02:00","","0.9","","-4.3","","68","","","","4","","15","","24.1","","99.38","","","","","","NA"
"-79.63","43.68","TORONTO INTL A","6158731","2026-03-23 03:00","2026","03","23","03:00","","0.7","","-3.8","","72","","","","5","","12","","24.1","","99.37","","","","","","NA"
"-79.63","43.68","TORONTO INTL A","6158731","2026-03-23 04:00","2026","03","23","04:00","","0.2","","-3.8","","75","","","","2","","18","","24.1","","99.38","","","","","","Cloudy"
"-79.63","43.68","TORONTO INTL A","6158731","2026-03-23 05:00","2026","03","23","05:00","","0.3","","-4.2","","71","","","","1","","15","","24.1","","99.45","","","","","","NA"
"-79.63","43.68","TORONTO INTL A","6158731","2026-03-23 06:00","2026","03","23","06:00","","0.2","","-4.1","","73","","","","36","","14","","24.1","","99.54","","","","","","NA"
"-79.63","43.68","TORONTO INTL A","6158731","2026-03-23 07:00","2026","03","23","07:00","","0.1","","-4.6","","70","","","","36","","18","","24.1","","99.60","","","","","","Mostly Cloudy"
"-79.63","43.68","TORONTO INTL A","6158731","2026-03-23 08:00","2026","03","23","08:00","","0.4","","-4.3","","70","","","","3","","21","","24.1","","99.63","","","","","","NA"
"-79.63","43.68","TORONTO INTL A","6158731","2026-03-23 09:00","2026","03","23","09:00","","0.8","","-4.2","","69","","","","1","","19","","24.1","","99.73","","","","","","NA"
"-79.63","43.68","TORONTO INTL A","6158731","2026-03-23 10:00","2026","03","23","10:00","","1.1","","-4.8","","65","","","","36","","16","","24.1","","99.83","","","","","","Cloudy"
"-79.63","43.68","TORONTO INTL A","6158731","2026-03-23 11:00","2026","03","23","11:00","","1.1","","-3.4","","72","","","","34","","15","","16.1","","99.90","","","","","","Snow Showers"
"-79.63","43.68","TORONTO INTL A","6158731","2026-03-23 12:00","2026","03","23","12:00","","1.8","","-2.6","","73","","","","33","","16","","24.1","","99.93","","","","","","NA"
"-79.63","43.68","TORONTO INTL A","6158731","2026-03-23 13:00","2026","03","23","13:00","","0.8","","-3.5","","73","","","","33","","34","","19.3","","99.99","","","","","","Snow Showers"
"-79.63","43.68","TORONTO INTL A","6158731","2026-03-23 14:00","2026","03","23","14:00","","2.4","","-5.5","","56","","","","33","","33","","24.1","","100.02","","","","","","NA"
"-79.63","43.68","TORONTO INTL A","6158731","2026-03-23 15:00","2026","03","23","15:00","","1.8","","-6.1","","56","","","","32","","27","","24.1","","100.11","","","","","","NA"
"-79.63","43.68","TORONTO INTL A","6158731","2026-03-23 16:00","2026","03","23","16:00","","1.0","","-5.9","","60","","","","32","","31","","24.1","","100.22","","","","","","Mostly Cloudy"
"-79.63","43.68","TORONTO INTL A","6158731","2026-03-23 17:00","2026","03","23","17:00","","0.3","","-8.0","","54","","","","34","","29","","24.1","","100.32","","","","","","NA"
"-79.63","43.68","TORONTO INTL A","6158731","2026-03-23 18:00","2026","03","23","18:00","","-1.4","","-8.2","","60","","","","35","","32","","24.1","","100.45","","","","-9","","NA"
"-79.63","43.68","TORONTO INTL A","6158731","2026-03-23 19:00","2026","03","23","19:00","","-1.8","","-9.2","","57","","","","33","","30","","24.1","","100.56","","","","-9","","Mostly Cloudy"
"-79.63","43.68","TORONTO INTL A","6158731","2026-03-23 20:00","2026","03","23","20:00","","-2.5","","-9.7","","58","","","","33","","28","","24.1","","100.67","","","","-10","","NA"
"-79.63","43.68","TORONTO INTL A","6158731","2026-03-23 21:00","2026","03","23","21:00","","-3.0","","-9.7","","60","","","","33","","22","","24.1","","100.75","","","","-9","","NA"
"-79.63","43.68","TORONTO INTL A","6158731","2026-03-23 22:00","2026","03","23","22:00","","-3.5","","-9.3","","64","","","","31","","21","","24.1","","100.78","","","","-10","","Clear"
"-79.63","43.68","TORONTO INTL A","6158731","2026-03-23 23:00","2026","03","23","23:00","","-3.5","","-9.1","","65","","","","30","","19","","24.1","","100.81","","","","-9","","NA"
"-79.63","43.68","TORONTO INTL A","6158731","2026-03-24 00:00","2026","03","24","00:00","","-3.9","","-8.3","","72","","","","31","","18","","24.1","","100.81","","","","-10","","NA"
"-79.63","43.68","TORONTO INTL A","6158731","2026-03-24 01:00","2026","03","24","01:00","","-4.4","","-8.4","","74","","","","31","","18","","24.1","","100.81","","","","-10","","Clear"
"-79.63","43.68","TORONTO INTL A","6158731","2026-03-24 02:00","2026","03","24","02:00","","-4.8","","-8.6","","75","","","","31","","17","","24.1","","100.83","","","","-11","","NA"
"-79.63","43.68","TORONTO INTL A","6158731","2026-03-24 03:00","2026","03","24","03:00","","-5.4","","-9.2","","75","","","","31","","9","","24.1","","100.82","","","","-9","","NA"
"-79.63","43.68","TORONTO INTL A","6158731","2026-03-24 04:00","2026","03","24","04:00","","-6.6","","-9.9","","77","","","","29","","10","","24.1","","100.86","","","","-11","","Clear"
"-79.63","43.68","TORONTO INTL A","6158731","2026-03-24 05:00","2026","03","24","05:00","","-6.6","","-9.7","","79","","","","26","","9","","24.1","","100.90","","","","-11","","NA"
"-79.63","43.68","TORONTO INTL A","6158731","2026-03-24 06:00","2026","03","24","06:00","","-6.1","","-9.5","","77","","","","27","","8","","24.1","","100.93","","","","-10","","NA"
"-79.63","43.68","TORONTO INTL A","6158731","2026-03-24 07:00","2026","03","24","07:00","","-4.9","","-8.5","","76","","","","23","","5","","24.1","","100.91","","","","-7","","Mainly Clear"
"-79.63","43.68","TORONTO INTL A","6158731","2026-03-24 08:00","2026","03","24","08:00","","-2.4","","-7.9","","66","","","","24","","6","","24.1","","100.87","","","","-5","","NA"
"-79.63","43.68","TORONTO INTL A","6158731","2026-03-24 09:00","2026","03","24","09:00","","-1.0","","-8.8","","55","","","","21","","17","","24.1","","100.82","","","","-6","","NA"
"-79.63","43.68","TORONTO INTL A","6158731","2026-03-24 10:00","2026","03","24","10:00","","0.1","","-9.2","","50","","","","20","","19","","24.1","","100.80","","","","","","Mostly Cloudy"
"-79.63","43.68","TORONTO INTL A","6158731","2026-03-24 11:00","2026","03","24","11:00","","1.3","","-8.9","","47","","","","22","","15","","24.1","","100.80","","","","","","NA"
"-79.63","43.68","TORONTO INTL A","6158731","2026-03-24 12:00","2026","03","24","12:00","","2.7","","-7.9","","46","","","","23","","18","","24.1","","100.66","","","","","","NA"
"-79.63","43.68","TORONTO INTL A","6158731","2026-03-24 13:00","2026","03","24","13:00","","2.5","","-7.4","","48","","","","23","","19","","24.1","","100.63","","","","","","Mostly Cloudy"
"-79.63","43.68","TORONTO INTL A","6158731","2026-03-24 14:00","2026","03","24","14:00","","3.0","","-6.2","","51","","","","25","","23","","24.1","","100.58","","","","","","NA"
"-79.63","43.68","TORONTO INTL A","6158731","2026-03-24 15:00","2026","03","24","15:00","","3.9","","-6.0","","49","","","","22","","23","","24.1","","100.53","","","","","","NA"
"-79.63","43.68","TORONTO INTL A","6158731","2026-03-24 16:00","2026","03","24","16:00","","4.3","","-5.8","","48","","","","25","","23","","24.1","","100.49","","","","","","Mostly Cloudy"
"-79.63","43.68","TORONTO INTL A","6158731","2026-03-24 17:00","2026","03","24","17:00","","4.2","","-5.3","","50","","","","26","","20","","24.1","","100.48","","","","","","NA"
"-79.63","43.68","TORONTO INTL A","6158731","2026-03-24 18:00","2026","03","24","18:00","","3.6","","-5.5","","51","","","","25","","19","","24.1","","100.46","","","","","","NA"
"-79.63","43.68","TORONTO INTL A","6158731","2026-03-24 19:00","2026","03","24","19:00","","2.7","","-5.1","","56","","","","29","","14","","24.1","","100.51","","","","","","Mostly Cloudy"
"-79.63","43.68","TORONTO INTL A","6158731","2026-03-24 20:00","2026","03","24","20:00","","2.4","","-4.0","","63","","","","28","","16","","24.1","","100.58","","","","","","NA"
"-79.63","43.68","TORONTO INTL A","6158731","2026-03-24 21:00","2026","03","24","21:00","","1.6","","-3.7","","68","","","","26","","10","","24.1","","100.60","","","","","","NA"
"-79.63","43.68","TORONTO INTL A","6158731","2026-03-24 22:00","2026","03","24","22:00","","0.6","","-3.4","","74","","","","24","","10","","24.1","","100.60","","","","","","Mostly Cloudy"
"-79.63","43.68","TORONTO INTL A","6158731","2026-03-24 23:00","2026","03","24","23:00","","0.8","","-3.5","","73","","","","21","","9","","24.1","","100.62","","","","","","NA"
"-79.63","43.68","TORONTO INTL A","6158731","2026-03-25 00:00","2026","03","25","00:00","","0.1","","-2.9","","80","","","","23","","11","","24.1","","100.60","","","","","","NA"
"-79.63","43.68","TORONTO INTL A","6158731","2026-03-25 01:00","2026","03","25","01:00","","-0.3","","-3.3","","80","","","","22","","7","","24.1","","100.59","","","","-3","","Mostly Cloudy"
"-79.63","43.68","TORONTO INTL A","6158731","2026-03-25 02:00","2026","03","25","02:00","","-0.7","","-3.5","","81","","","","24","","10","","24.1","","100.53","","","","-4","","NA"
"-79.63","43.68","TORONTO INTL A","6158731","2026-03-25 03:00","2026","03","25","03:00","","-0.8","","-3.3","","83","","","","25","","6","","24.1","","100.48","","","","-3","","NA"
"-79.63","43.68","TORONTO INTL A","6158731","2026-03-25 04:00","2026","03","25","04:00","","-0.6","","-3.4","","81","","","","14","","6","","24.1","","100.47","","","","-3","","Mostly Cloudy"
"-79.63","43.68","TORONTO INTL A","6158731","2026-03-25 05:00","2026","03","25","05:00","","-0.3","","-3.5","","79","","","","20","","4","","24.1","","100.47","","","","-2","","NA"
"-79.63","43.68","TORONTO INTL A","6158731","2026-03-25 06:00","2026","03","25","06:00","","-0.5","","-3.5","","80","","","","","","0","","24.1","","100.54","","","","","","NA"
"-79.63","43.68","TORONTO INTL A","6158731","2026-03-25 07:00","2026","03","25","07:00","","0.1","","-3.2","","78","","","","7","","3","","24.1","","100.53","","","","","","Cloudy"
"-79.63","43.68","TORONTO INTL A","6158731","2026-03-25 08:00","2026","03","25","08:00","","0.8","","-2.7","","77","","","","15","","8","","24.1","","100.51","","","","","","NA"
"-79.63","43.68","TORONTO INTL A","6158731","2026-03-25 09:00","2026","03","25","09:00","","2.1","","-3.2","","68","","","","14","","10","","24.1","","100.45","","","","","","NA"
"-79.63","43.68","TORONTO INTL A","6158731","2026-03-25 10:00","2026","03","25","10:00","","4.3","","-2.8","","60","","","","14","","12","","24.1","","100.36","","","","","","Mostly Cloudy"
"-79.63","43.68","TORONTO INTL A","6158731","2026-03-25 11:00","2026","03","25","11:00","","5.3","","-4.5","","49","","","","15","","16","","24.1","","100.25","","","","","","NA"
"-79.63","43.68","TORONTO INTL A","6158731","2026-03-25 12:00","2026","03","25","12:00","","5.6","","-4.0","","50","","","","14","","21","","24.1","","100.09","","","","","","NA"
"-79.63","43.68","TORONTO INTL A","6158731","2026-03-25 13:00","2026","03","25","13:00","","5.6","","-5.0","","46","","","","13","","19","","24.1","","99.95","","","","","","Mostly Cloudy"
"-79.63","43.68","TORONTO INTL A","6158731","2026-03-25 14:00","2026","03","25","14:00","","5.3","","-4.6","","49","","","","14","","18","","24.1","","99.80","","","","","","NA"
"-79.63","43.68","TORONTO INTL A","6158731","2026-03-25 15:00","2026","03","25","15:00","","5.0","","-4.0","","52","","","","13","","15","","24.1","","99.63","","","","","","NA"
"-79.63","43.68","TORONTO INTL A","6158731","2026-03-25 16:00","2026","03","25","16:00","","4.5","","-3.7","","55","","","","11","","13","","24.1","","99.49","","","","","","Cloudy"
"-79.63","43.68","TORONTO INTL A","6158731","2026-03-25 17:00","2026","03","25","17:00","","3.4","","-3.3","","62","","","","7","","14","","24.1","","99.46","","","","","","NA"
"-79.63","43.68","TORONTO INTL A","6158731","2026-03-25 18:00","2026","03","25","18:00","","3.0","","-3.2","","64","","","","8","","11","","24.1","","99.41","","","","","","NA"
"-79.63","43.68","TORONTO INTL A","6158731","2026-03-25 19:00","2026","03","25","19:00","","2.9","","-2.8","","66","","","","11","","8","","24.1","","99.31","","","","","","Cloudy"
"-79.63","43.68","TORONTO INTL A","6158731","2026-03-25 20:00","2026","03","25","20:00","","3.1","","-2.6","","66","","","","13","","6","","24.1","","99.26","","","","","","NA"
"-79.63","43.68","TORONTO INTL A","6158731","2026-03-25 21:00","2026","03","25","21:00","","2.3","","-1.5","","76","","","","16","","11","","24.1","","99.19","","","","","","NA"
"-79.63","43.68","TORONTO INTL A","6158731","2026-03-25 22:00","2026","03","25","22:00","","2.1","","-0.8","","81","","","","20","","6","","24.1","","99.21","","","","","","Cloudy"
"-79.63","43.68","TORONTO INTL A","6158731","2026-03-25 23:00","2026","03","25","23:00","","2.7","","-0.1","","82","","","","15","","9","","24.1","","99.00","","","","","","NA"
"-79.63","43.68","TORONTO INTL A","6158731","2026-03-26 00:00","2026","03","26","00:00","","3.0","","0.2","","82","","","","18","","9","","24.1","","98.92","","","","","","NA"
"-79.63","43.68","TORONTO INTL A","6158731","2026-03-26 01:00","2026","03","26","01:00","","2.8","","0.0","","81","","","","","","0","","24.1","","98.83","","","","","","Mostly Cloudy"
"-79.63","43.68","TORONTO INTL A","6158731","2026-03-26 02:00","2026","03","26","02:00","","2.3","","0.0","","85","","","","","","0","","24.1","","98.75","","","","","","NA"
"-79.63","43.68","TORONTO INTL A","6158731","2026-03-26 03:00","2026","03","26","03:00","","1.4","","-1.0","","84","","","","29","","6","","24.1","","98.71","","","","","","NA"
"-79.63","43.68","TORONTO INTL A","6158731","2026-03-26 04:00","2026","03","26","04:00","","2.8","","-0.5","","79","","","","31","","9","","24.1","","98.69","","","","","","Mostly Cloudy"
"-79.63","43.68","TORONTO INTL A","6158731","2026-03-26 05:00","2026","03","26","05:00","","2.6","","-1.2","","76","","","","34","","9","","24.1","","98.74","","","","","","NA"
"-79.63","43.68","TORONTO INTL A","6158731","2026-03-26 06:00","2026","03","26","06:00","","2.1","","-1.8","","76","","","","27","","5","","19.3","","98.75","","","","","","NA"
"-79.63","43.68","TORONTO INTL A","6158731","2026-03-26 07:00","2026","03","26","07:00","","4.2","","-0.7","","70","","","","","","0","","19.3","","98.82","","","","","","Mainly Clear"
"-79.63","43.68","TORONTO INTL A","6158731","2026-03-26 08:00","2026","03","26","08:00","","4.9","","0.3","","72","","","","17","","11","","19.3","","98.73","","","","","","NA"
"-79.63","43.68","TORONTO INTL A","6158731","2026-03-26 09:00","2026","03","26","09:00","","7.5","","1.1","","64","","","","22","","9","","24.1","","98.79","","","","","","NA"
"-79.63","43.68","TORONTO INTL A","6158731","2026-03-26 10:00","2026","03","26","10:00","","9.8","","1.7","","57","","","","23","","17","","24.1","","98.73","","","","","","Cloudy"
"-79.63","43.68","TORONTO INTL A","6158731","2026-03-26 11:00","2026","03","26","11:00","","10.0","","3.3","","63","","","","30","","7","","24.1","","98.76","","","","","","Rain"
"-79.63","43.68","TORONTO INTL A","6158731","2026-03-26 12:00","2026","03","26","12:00","","9.0","","4.0","","71","","","","31","","14","","16.1","","98.80","","","","","","Rain"
"-79.63","43.68","TORONTO INTL A","6158731","2026-03-26 13:00","2026","03","26","13:00","","9.5","","5.0","","73","","","","35","","15","","24.1","","98.67","","","","","","Cloudy"
"-79.63","43.68","TORONTO INTL A","6158731","2026-03-26 14:00","2026","03","26","14:00","","9.8","","5.8","","76","","","","17","","9","","16.1","","98.62","","","","","","Rain"
"-79.63","43.68","TORONTO INTL A","6158731","2026-03-26 15:00","2026","03","26","15:00","","8.8","","5.5","","79","","","","14","","4","","19.3","","98.57","","","","","","NA"
"-79.63","43.68","TORONTO INTL A","6158731","2026-03-26 16:00","2026","03","26","16:00","","8.7","","6.8","","88","","","","19","","4","","12.9","","98.57","","","","","","Cloudy"
"-79.63","43.68","TORONTO INTL A","6158731","2026-03-26 17:00","2026","03","26","17:00","","8.4","","7.2","","92","","","","14","","9","","9.7","","98.43","","","","","","Fog"
"-79.63","43.68","TORONTO INTL A","6158731","2026-03-26 18:00","2026","03","26","18:00","","9.2","","7.8","","91","","","","32","","17","","8.1","","98.53","","","","","","Rain,Fog"
"-79.63","43.68","TORONTO INTL A","6158731","2026-03-26 19:00","2026","03","26","19:00","","8.9","","7.0","","88","","","","29","","19","","9.7","","98.70","","","","","","Rain Showers,Fog"
"-79.63","43.68","TORONTO INTL A","6158731","2026-03-26 20:00","2026","03","26","20:00","","5.0","","3.5","","90","","","","35","","33","","9.7","","98.85","","","","","","Rain Showers,Fog"
"-79.63","43.68","TORONTO INTL A","6158731","2026-03-26 21:00","2026","03","26","21:00","","3.3","","0.9","","84","","","","35","","33","","19.3","","98.98","","","","","","NA"
"-79.63","43.68","TORONTO INTL A","6158731","2026-03-26 22:00","2026","03","26","22:00","","2.2","","0.0","","85","","","","33","","36","","19.3","","99.09","","","","","","Cloudy"
"-79.63","43.68","TORONTO INTL A","6158731","2026-03-26 23:00","2026","03","26","23:00","","-0.1","","-2.6","","83","","","","34","","35","","24.1","","99.26","","","","-7","","NA"
"-79.63","43.68","TORONTO INTL A","6158731","2026-03-27 00:00","2026","03","27","00:00","","-0.9","","-3.7","","81","","","","33","","38","","19.3","","99.39","","","","-8","","NA"
"-79.63","43.68","TORONTO INTL A","6158731","2026-03-27 01:00","2026","03","27","01:00","","-1.9","","-5.4","","77","","","","34","","36","","24.1","","99.51","","","","-10","","Cloudy"
"-79.63","43.68","TORONTO INTL A","6158731","2026-03-27 02:00","2026","03","27","02:00","","-3.0","","-7.2","","73","","","","35","","41","","24.1","","99.65","","","","-11","","NA"
"-79.63","43.68","TORONTO INTL A","6158731","2026-03-27 03:00","2026","03","27","03:00","","-4.8","","-9.6","","69","","","","34","","40","","24.1","","99.85","","","","-14","","NA"
"-79.63","43.68","TORONTO INTL A","6158731","2026-03-27 04:00","2026","03","27","04:00","","-5.5","","-10.9","","66","","","","35","","36","","24.1","","99.96","","","","-14","","Mainly Clear"
"-79.63","43.68","TORONTO INTL A","6158731","2026-03-27 05:00","2026","03","27","05:00","","-6.3","","-11.8","","65","","","","36","","31","","24.1","","100.11","","","","-15","","NA"
"-79.63","43.68","TORONTO INTL A","6158731","2026-03-27 06:00","2026","03","27","06:00","","-7.0","","-13.8","","59","","","","1","","29","","24.1","","100.31","","","","-15","","NA"
"-79.63","43.68","TORONTO INTL A","6158731","2026-03-27 07:00","2026","03","27","07:00","","-7.0","","-15.3","","52","","","","1","","23","","24.1","","100.44","","","","-15","","Mainly Clear"
"-79.63","43.68","TORONTO INTL A","6158731","2026-03-27 08:00","2026","03","27","08:00","","-6.4","","-15.7","","48","","","","35","","27","","24.1","","100.49","","","","-14","","NA"
"-79.63","43.68","TORONTO INTL A","6158731","2026-03-27 09:00","2026","03","27","09:00","","-5.2","","-15.2","","46","","","","36","","26","","24.1","","100.58","","","","-13","","NA"
"-79.63","43.68","TORONTO INTL A","6158731","2026-03-27 10:00","2026","03","27","10:00","","-5.0","","-15.1","","45","","","","3","","11","","24.1","","100.61","","","","-10","","Clear"
"-79.63","43.68","TORONTO INTL A","6158731","2026-03-27 11:00","2026","03","27","11:00","","-3.6","","-13.8","","45","","","","36","","20","","24.1","","100.59","","","","-10","","NA"
"-79.63","43.68","TORONTO INTL A","6158731","2026-03-27 12:00","2026","03","27","12:00","","-2.7","","-14.1","","42","","","","2","","15","","24.1","","100.49","","","","-8","","NA"
"-79.63","43.68","TORONTO INTL A","6158731","2026-03-27 13:00","2026","03","27","13:00","","-1.6","","-14.1","","38","","","","3","","9","","24.1","","100.45","","","","-5","","Clear"
"-79.63","43.68","TORONTO INTL A","6158731","2026-03-27 14:00","2026","03","27","14:00","","-1.4","","-15.7","","33","","","","34","","16","","24.1","","100.39","","","","-6","","NA"
"-79.63","43.68","TORONTO INTL A","6158731","2026-03-27 15:00","2026","03","27","15:00","","-0.9","","-16.3","","30","","","","34","","18","","24.1","","100.39","","","","-6","","NA"
"-79.63","43.68","TORONTO INTL A","6158731","2026-03-27 16:00","2026","03","27","16:00","","-0.8","","-14.3","","36","","","","36","","9","","24.1","","100.39","","","","-4","","Mainly Clear"
"-79.63","43.68","TORONTO INTL A","6158731","2026-03-27 17:00","2026","03","27","17:00","","-0.6","","-13.7","","37","","","","","","0","","24.1","","100.38","","","","","","NA"
"-79.63","43.68","TORONTO INTL A","6158731","2026-03-27 18:00","2026","03","27","18:00","","-2.2","","-10.8","","52","","","","","","0","","24.1","","100.45","","","","","","NA"
"-79.63","43.68","TORONTO INTL A","6158731","2026-03-27 19:00","2026","03","27","19:00","","-2.9","","-14.4","","41","","","","1","","16","","24.1","","100.48","","","","-8","","Mainly Clear"
"-79.63","43.68","TORONTO INTL A","6158731","2026-03-27 20:00","2026","03","27","20:00","","-3.7","","-13.9","","45","","","","35","","19","","24.1","","100.59","","","","-10","","NA"
"-79.63","43.68","TORONTO INTL A","6158731","2026-03-27 21:00","2026","03","27","21:00","","-4.9","","-13.3","","52","","","","36","","19","","24.1","","100.65","","","","-11","","NA"
"-79.63","43.68","TORONTO INTL A","6158731","2026-03-27 22:00","2026","03","27","22:00","","-5.3","","-14.1","","50","","","","34","","20","","24.1","","100.67","","","","-12","","Clear"
"-79.63","43.68","TORONTO INTL A","6158731","2026-03-27 23:00","2026","03","27","23:00","","-5.3","","-14.9","","47","","","","34","","18","","24.1","","100.69","","","","-12","","NA"
"-79.63","43.68","TORONTO INTL A","6158731","2026-03-28 00:00","2026","03","28","00:00","","-5.1","","-15.1","","46","","","","34","","16","","24.1","","100.72","","","","-11","","NA"
"-79.63","43.68","TORONTO INTL A","6158731","2026-03-28 01:00","2026","03","28","01:00","","-4.8","","-15.3","","44","","","","32","","18","","24.1","","100.76","","","","-11","","Mostly Cloudy"
"-79.63","43.68","TORONTO INTL A","6158731","2026-03-28 02:00","2026","03","28","02:00","","-6.4","","-14.0","","55","","","","28","","12","","24.1","","100.75","","","","-12","","NA"
"-79.63","43.68","TORONTO INTL A","6158731","2026-03-28 03:00","2026","03","28","03:00","","-6.8","","-12.9","","62","","","","27","","13","","24.1","","100.78","","","","-12","","NA"
"-79.63","43.68","TORONTO INTL A","6158731","2026-03-28 04:00","2026","03","28","04:00","","-5.4","","-11.5","","63","","","","27","","16","","24.1","","100.82","","","","-11","","Mainly Clear"
"-79.63","43.68","TORONTO INTL A","6158731","2026-03-28 05:00","2026","03","28","05:00","","-5.3","","-12.3","","58","","","","27","","18","","24.1","","100.87","","","","-12","","NA"
"-79.63","43.68","TORONTO INTL A","6158731","2026-03-28 06:00","2026","03","28","06:00","","-5.1","","-10.2","","67","","","","29","","18","","24.1","","100.94","","","","-11","","NA"
"-79.63","43.68","TORONTO INTL A","6158731","2026-03-28 07:00","2026","03","28","07:00","","-4.2","","-8.5","","72","","","","28","","18","","24.1","","101.06","","","","-10","","Mostly Cloudy"
"-79.63","43.68","TORONTO INTL A","6158731","2026-03-28 08:00","2026","03","28","08:00","","-3.5","","-8.4","","69","","","","28","","17","","24.1","","101.10","","","","-9","","NA"
"-79.63","43.68","TORONTO INTL A","6158731","2026-03-28 09:00","2026","03","28","09:00","","-1.2","","-11.6","","46","","","","30","","23","","24.1","","101.15","","","","-7","","NA"
"-79.63","43.68","TORONTO INTL A","6158731","2026-03-28 10:00","2026","03","28","10:00","","-0.8","","-11.4","","45","","","","29","","26","","24.1","","101.23","","","","-7","","Mostly Cloudy"
"-79.63","43.68","TORONTO INTL A","6158731","2026-03-28 11:00","2026","03","28","11:00","","-0.5","","-9.7","","50","","","","29","","18","","24.1","","101.19","","","","-6","","NA"
"-79.63","43.68","TORONTO INTL A","6158731","2026-03-28 12:00","2026","03","28","12:00","","-0.5","","-9.7","","50","","","","28","","24","","24.1","","101.17","","","","-6","","NA"
"-79.63","43.68","TORONTO INTL A","6158731","2026-03-28 13:00","2026","03","28","13:00","","0.8","","-9.8","","45","","","","30","","27","","24.1","","101.13","","","","","","Mostly Cloudy"
"-79.63","43.68","TORONTO INTL A","6158731","2026-03-28 14:00","2026","03","28","14:00","","1.0","","-10.4","","43","","","","28","","33","","24.1","","101.10","","","","","","NA"
"-79.63","43.68","TORONTO INTL A","6158731","2026-03-28 15:00","2026","03","28","15:00","","1.2","","-10.1","","43","","","","29","","27","","24.1","","101.06","","","","","","NA"
"-79.63","43.68","TORONTO INTL A","6158731","2026-03-28 16:00","2026","03","28","16:00","","1.2","","-10.7","","41","","","","28","","35","","24.1","","101.05","","","","","","Mostly Cloudy"
"-79.63","43.68","TORONTO INTL A","6158731","2026-03-28 17:00","2026","03","28","17:00","","0.7","","-10.2","","44","","","","28","","29","","24.1","","101.01","","","","","","NA"
"-79.63","43.68","TORONTO INTL A","6158731","2026-03-28 18:00","2026","03","28","18:00","","0.2","","-10.2","","46","","","","28","","28","","24.1","","101.00","","","","","","NA"
"-79.63","43.68","TORONTO INTL A","6158731","2026-03-28 19:00","2026","03","28","19:00","","0.0","","-9.8","","48","","","","27","","19","","24.1","","100.99","","","","-5","","Mostly Cloudy"
"-79.63","43.68","TORONTO INTL A","6158731","2026-03-28 20:00","2026","03","28","20:00","","-0.4","","-9.2","","52","","","","26","","7","","24.1","","101.00","","","","-3","","NA"
"-79.63","43.68","TORONTO INTL A","6158731","2026-03-28 21:00","2026","03","28","21:00","","0.2","","-9.0","","50","","","","21","","9","","24.1","","100.98","","","","","","NA"
"-79.63","43.68","TORONTO INTL A","6158731","2026-03-28 22:00","2026","03","28","22:00","","-0.2","","-5.8","","66","","","","22","","17","","24.1","","100.94","","","","-5","","Mostly Cloudy"
"-79.63","43.68","TORONTO INTL A","6158731","2026-03-28 23:00","2026","03","28","23:00","","-0.2","","-5.8","","66","","","","22","","14","","24.1","","100.88","","","","-4","","NA"
"-79.63","43.68","TORONTO INTL A","6158731","2026-03-29 00:00","2026","03","29","00:00","","-0.6","","-6.2","","66","","","","19","","7","","24.1","","100.81","","","","-3","","NA"
"-79.63","43.68","TORONTO INTL A","6158731","2026-03-29 01:00","2026","03","29","01:00","","-0.7","","-6.1","","67","","","","17","","6","","24.1","","100.76","","","","-3","","Mostly Cloudy"
"-79.63","43.68","TORONTO INTL A","6158731","2026-03-29 02:00","2026","03","29","02:00","","-0.7","","-5.7","","69","","","","24","","4","","24.1","","100.79","","","","-2","","NA"
"-79.63","43.68","TORONTO INTL A","6158731","2026-03-29 03:00","2026","03","29","03:00","","-0.4","","-5.0","","71","","","","20","","6","","24.1","","100.75","","","","-2","","NA"
"-79.63","43.68","TORONTO INTL A","6158731","2026-03-29 04:00","2026","03","29","04:00","","0.2","","-4.7","","70","","","","20","","7","","24.1","","100.72","","","","","","Mostly Cloudy"
"-79.63","43.68","TORONTO INTL A","6158731","2026-03-29 05:00","2026","03","29","05:00","","0.3","","-4.5","","70","","","","21","","13","","24.1","","100.70","","","","","","NA"
"-79.63","43.68","TORONTO INTL A","6158731","2026-03-29 06:00","2026","03","29","06:00","","0.6","","-4.7","","68","","","","21","","11","","24.1","","100.67","","","","","","NA"
"-79.63","43.68","TORONTO INTL A","6158731","2026-03-29 07:00","2026","03","29","07:00","","0.8","","-4.9","","65","","","","22","","12","","24.1","","100.68","","","","","","Mostly Cloudy"
"-79.63","43.68","TORONTO INTL A","6158731","2026-03-29 08:00","2026","03","29","08:00","","2.2","","-4.0","","64","","","","22","","13","","24.1","","100.67","","","","","","NA"
"-79.63","43.68","TORONTO INTL A","6158731","2026-03-29 09:00","2026","03","29","09:00","","4.4","","-3.2","","57","","","","22","","12","","24.1","","100.64","","","","","","NA"
"-79.63","43.68","TORONTO INTL A","6158731","2026-03-29 10:00","2026","03","29","10:00","","6.3","","-2.4","","53","","","","24","","16","","24.1","","100.60","","","","","","Mostly Cloudy"
"-79.63","43.68","TORONTO INTL A","6158731","2026-03-29 11:00","2026","03","29","11:00","","8.0","","-2.1","","49","","","","24","","17","","24.1","","100.55","","","","","","NA"
"-79.63","43.68","TORONTO INTL A","6158731","2026-03-29 12:00","2026","03","29","12:00","","9.5","","-2.1","","44","","","","23","","16","","24.1","","100.44","","","","","","NA"
"-79.63","43.68","TORONTO INTL A","6158731","2026-03-29 13:00","2026","03","29","13:00","","9.6","","-2.1","","44","","","","24","","23","","24.1","","100.39","","","","","","Cloudy"
"-79.63","43.68","TORONTO INTL A","6158731","2026-03-29 14:00","2026","03","29","14:00","","9.9","","-1.6","","44","","","","20","","17","","24.1","","100.31","","","","","","NA"
"-79.63","43.68","TORONTO INTL A","6158731","2026-03-29 15:00","2026","03","29","15:00","","9.8","","-1.3","","46","","","","17","","13","","24.1","","100.26","","","","","","NA"
"-79.63","43.68","TORONTO INTL A","6158731","2026-03-29 16:00","2026","03","29","16:00","","10.0","","-1.5","","45","","","","16","","13","","24.1","","100.20","","","","","","Cloudy"
"-79.63","43.68","TORONTO INTL A","6158731","2026-03-29 17:00","2026","03","29","17:00","","9.7","","-2.3","","43","","","","16","","16","","24.1","","100.16","","","","","","NA"
"-79.63","43.68","TORONTO INTL A","6158731","2026-03-29 18:00","2026","03","29","18:00","","9.6","","-4.9","","35","","","","20","","14","","24.1","","100.10","","","","","","NA"
"-79.63","43.68","TORONTO INTL A","6158731","2026-03-29 19:00","2026","03","29","19:00","","9.2","","-4.9","","37","","","","15","","7","","24.1","","100.06","","","","","","Mostly Cloudy"
"-79.63","43.68","TORONTO INTL A","6158731","2026-03-29 20:00","2026","03","29","20:00","","7.6","","-4.2","","43","","","","16","","9","","24.1","","100.01","","","","","","NA"
"-79.63","43.68","TORONTO INTL A","6158731","2026-03-29 21:00","2026","03","29","21:00","","7.3","","-4.2","","44","","","","17","","10","","24.1","","99.99","","","","","","NA"
"-79.63","43.68","TORONTO INTL A","6158731","2026-03-29 22:00","2026","03","29","22:00","","6.3","","-3.6","","49","","","","15","","11","","24.1","","99.92","","","","","","Mostly Cloudy"
"-79.63","43.68","TORONTO INTL A","6158731","2026-03-29 23:00","2026","03","29","23:00","","5.0","","-3.8","","53","","","","15","","13","","24.1","","99.84","","","","","","NA"
"-79.63","43.68","TORONTO INTL A","6158731","2026-03-30 00:00","2026","03","30","00:00","","4.0","","-3.3","","59","","","","13","","5","","24.1","","99.80","","","","","","NA"
"-79.63","43.68","TORONTO INTL A","6158731","2026-03-30 01:00","2026","03","30","01:00","","3.1","","-3.2","","63","","","","12","","4","","24.1","","99.74","","","","","","Mainly Clear"
"-79.63","43.68","TORONTO INTL A","6158731","2026-03-30 02:00","2026","03","30","02:00","","3.1","","-3.8","","61","","","","17","","3","","24.1","","99.66","","","","","","NA"
"-79.63","43.68","TORONTO INTL A","6158731","2026-03-30 03:00","2026","03","30","03:00","","2.6","","-3.8","","63","","","","","","0","","24.1","","99.59","","","","","","NA"
"-79.63","43.68","TORONTO INTL A","6158731","2026-03-30 04:00","2026","03","30","04:00","","3.5","","-5.6","","51","","","","26","","4","","24.1","","99.52","","","","","","Mostly Cloudy"
"-79.63","43.68","TORONTO INTL A","6158731","2026-03-30 05:00","2026","03","30","05:00","","5.1","","-5.5","","46","","","","26","","3","","24.1","","99.49","","","","","","NA"
"-79.63","43.68","TORONTO INTL A","6158731","2026-03-30 06:00","2026","03","30","06:00","","6.1","","-4.4","","47","","","","24","","7","","24.1","","99.47","","","","","","NA"
"-79.63","43.68","TORONTO INTL A","6158731","2026-03-30 07:00","2026","03","30","07:00","","7.8","","-2.6","","48","","","","23","","11","","24.1","","99.49","","","","","","Cloudy"
"-79.63","43.68","TORONTO INTL A","6158731","2026-03-30 08:00","2026","03","30","08:00","","9.5","","-0.5","","49","","","","25","","21","","24.1","","99.44","","","","","","NA"
"-79.63","43.68","TORONTO INTL A","6158731","2026-03-30 09:00","2026","03","30","09:00","","11.2","","0.4","","47","","","","26","","16","","24.1","","99.43","","","","","","NA"
"-79.63","43.68","TORONTO INTL A","6158731","2026-03-30 10:00","2026","03","30","10:00","","13.8","","1.5","","43","","","","23","","14","","24.1","","99.43","","","","","","Mostly Cloudy"
"-79.63","43.68","TORONTO INTL A","6158731","2026-03-30 11:00","2026","03","30","11:00","","16.5","","1.5","","36","","","","25","","11","","24.1","","99.37","","","","","","NA"
"-79.63","43.68","TORONTO INTL A","6158731","2026-03-30 12:00","2026","03","30","12:00","","19.1","","4.5","","38","","","","28","","21","","24.1","","99.34","","","","","","NA"
"-79.63","43.68","TORONTO INTL A","6158731","2026-03-30 13:00","2026","03","30","13:00","","19.5","","4.9","","38","","","","27","","16","","24.1","","99.28","","","","","","Mostly Cloudy"
"-79.63","43.68","TORONTO INTL A","6158731","2026-03-30 14:00","2026","03","30","14:00","","21.2","","7.2","","40","","","","26","","18","","24.1","","99.20","","","","","","NA"
"-79.63","43.68","TORONTO INTL A","6158731","2026-03-30 15:00","2026","03","30","15:00","","21.2","","6.6","","38","","","","26","","22","","24.1","","99.17","","","","","","NA"
"-79.63","43.68","TORONTO INTL A","6158731","2026-03-30 16:00","2026","03","30","16:00","","20.9","","6.4","","38","","","","25","","22","","24.1","","99.16","","","","","","Mainly Clear"
"-79.63","43.68","TORONTO INTL A","6158731","2026-03-30 17:00","2026","03","30","17:00","","20.7","","6.6","","39","","","","27","","17","","24.1","","99.16","","","","","","NA"
"-79.63","43.68","TORONTO INTL A","6158731","2026-03-30 18:00","2026","03","30","18:00","","18.8","","7.3","","47","","","","22","","24","","24.1","","99.20","","","","","","NA"
"-79.63","43.68","TORONTO INTL A","6158731","2026-03-30 19:00","2026","03","30","19:00","","17.3","","8.5","","56","","","","22","","17","","24.1","","99.21","","","","","","Cloudy"
"-79.63","43.68","TORONTO INTL A","6158731","2026-03-30 20:00","2026","03","30","20:00","","16.8","","9.6","","62","","","","21","","12","","24.1","","99.18","","","","","","NA"
"-79.63","43.68","TORONTO INTL A","6158731","2026-03-30 21:00","2026","03","30","21:00","","16.0","","10.1","","67","","","","21","","10","","24.1","","99.18","","","","","","NA"
"-79.63","43.68","TORONTO INTL A","6158731","2026-03-30 22:00","2026","03","30","22:00","","16.1","","10.2","","68","","","","21","","10","","24.1","","99.13","","","","","","Cloudy"
"-79.63","43.68","TORONTO INTL A","6158731","2026-03-30 23:00","2026","03","30","23:00","","14.4","","11.8","","84","","","","15","","5","","24.1","","99.03","","","","","","NA"
"-79.63","43.68","TORONTO INTL A","6158731","2026-03-31 00:00","2026","03","31","00:00","","12.3","","10.7","","90","","","","13","","9","","16.1","","98.90","","","","","","Rain Showers"
"-79.63","43.68","TORONTO INTL A","6158731","2026-03-31 01:00","2026","03","31","01:00","","11.1","","10.2","","95","","","","9","","9","","9.7","","98.73","","","","","","Thunderstorms,Rain Showers,Fog"
"-79.63","43.68","TORONTO INTL A","6158731","2026-03-31 02:00","2026","03","31","02:00","","13.8","","12.5","","91","","","","23","","17","","24.1","","98.71","","","","","","NA"
"-79.63","43.68","TORONTO INTL A","6158731","2026-03-31 03:00","2026","03","31","03:00","","13.0","","11.5","","91","","","","36","","18","","24.1","","98.85","","","","","","Thunderstorms,Rain Showers"
"-79.63","43.68","TORONTO INTL A","6158731","2026-03-31 04:00","2026","03","31","04:00","","13.1","","12.4","","95","","","","23","","9","","9.7","","98.82","","","","","","Thunderstorms,Rain Showers"
"-79.63","43.68","TORONTO INTL A","6158731","2026-03-31 05:00","2026","03","31","05:00","","13.9","","13.1","","95","","","","19","","14","","9.7","","98.89","","","","","","Rain Showers,Fog"
"-79.63","43.68","TORONTO INTL A","6158731","2026-03-31 06:00","2026","03","31","06:00","","13.2","","12.6","","96","","","","19","","11","","6.4","","98.90","","","","","","Fog"
"-79.63","43.68","TORONTO INTL A","6158731","2026-03-31 07:00","2026","03","31","07:00","","14.1","","13.2","","94","","","","17","","11","","8.1","","98.89","","","","","","Rain Showers,Fog"
"-79.63","43.68","TORONTO INTL A","6158731","2026-03-31 08:00","2026","03","31","08:00","","14.2","","12.8","","91","","","","18","","6","","16.1","","98.83","","","","","","NA"
"-79.63","43.68","TORONTO INTL A","6158731","2026-03-31 09:00","2026","03","31","09:00","","16.5","","13.6","","83","","","","21","","8","","19.3","","98.81","","","","","","NA"
"-79.63","43.68","TORONTO INTL A","6158731","2026-03-31 10:00","2026","03","31","10:00","","17.1","","13.6","","80","","","","21","","16","","24.1","","98.85","","","","","","Mostly Cloudy"
"-79.63","43.68","TORONTO INTL A","6158731","2026-03-31 11:00","2026","03","31","11:00","","18.0","","13.7","","76","","","","23","","23","","16.1","","98.82","","","","","","Thunderstorms,Hail"
"-79.63","43.68","TORONTO INTL A","6158731","2026-03-31 12:00","2026","03","31","12:00","","17.5","","14.0","","80","","","","24","","19","","9.7","","98.85","","","","","","Rain Showers,Fog"
"-79.63","43.68","TORONTO INTL A","6158731","2026-03-31 13:00","2026","03","31","13:00","","11.0","","9.9","","93","","","","13","","15","","9.7","","98.66","","","","","","Fog"
"-79.63","43.68","TORONTO INTL A","6158731","2026-03-31 14:00","2026","03","31","14:00","","12.9","","11.0","","88","","","","7","","9","","16.1","","98.70","","","","","","NA"
"-79.63","43.68","TORONTO INTL A","6158731","2026-03-31 15:00","2026","03","31","15:00","","13.2","","10.3","","82","","","","8","","12","","24.1","","98.66","","","","","","NA"
"-79.63","43.68","TORONTO INTL A","6158731","2026-03-31 16:00","2026","03","31","16:00","","13.6","","9.7","","77","","","","8","","11","","16.1","","98.64","","","","","","Cloudy"
"-79.63","43.68","TORONTO INTL A","6158731","2026-03-31 17:00","2026","03","31","17:00","","12.6","","9.0","","79","","","","11","","12","","16.1","","98.58","","","","","","NA"
"-79.63","43.68","TORONTO INTL A","6158731","2026-03-31 18:00","2026","03","31","18:00","","8.7","","6.6","","87","","","","10","","5","","8.1","","98.59","","","","","","Rain Showers,Fog"
"-79.63","43.68","TORONTO INTL A","6158731","2026-03-31 19:00","2026","03","31","19:00","","9.3","","8.5","","95","","","","5","","7","","8.1","","98.69","","","","","","Thunderstorms,Rain Showers,Fog"
"-79.63","43.68","TORONTO INTL A","6158731","2026-03-31 20:00","2026","03","31","20:00","","9.4","","8.8","","96","","","","14","","6","","4.0","","98.53","","","","","","Fog"
"-79.63","43.68","TORONTO INTL A","6158731","2026-03-31 21:00","2026","03","31","21:00","","9.6","","9.0","","96","","","","16","","13","","6.4","","98.87","","","","","","Fog"
"-79.63","43.68","TORONTO INTL A","6158731","2026-03-31 22:00","2026","03","31","22:00","","7.6","","7.1","","97","","","","3","","11","","3.2","","98.90","","","","","","Drizzle,Fog"
"-79.63","43.68","TORONTO INTL A","6158731","2026-03-31 23:00","2026","03","31","23:00","","8.7","","8.2","","97","","","","","","0","","9.7","","98.95","","","","","","Fog"
