"Longitude (x)","Latitude (y)","Station Name","Climate ID","Date/Time (LST)","Year","Month","Day","Time (LST)","Flag","Temp (°C)","Temp Flag","Dew Point Temp (°C)","Dew Point Temp Flag","Rel Hum (%)","Rel Hum Flag","Precip. Amount (mm)","Precip. Amount Flag","Wind Dir (10s deg)","Wind Dir Flag","Wind Spd (km/h)","Wind Spd Flag","Visibility (km)","Visibility Flag","Stn Press (kPa)","Stn Press Flag","Hmdx","Hmdx Flag","Wind Chill","Wind Chill Flag","Weather"
"-79.63","43.68","TORONTO INTL A","6158731","2025-11-01 00:00","2025","11","01","00:00","","5.1","","1.0","","75","","","","28","","21","","24.1","","98.76","","","","","","NA"
"-79.63","43.68","TORONTO INTL A","6158731","2025-11-01 01:00","2025","11","01","01:00","","3.4","","1.0","","84","","","","26","","11","","24.1","","98.81","","","","","","Mostly Cloudy"
"-79.63","43.68","TORONTO INTL A","6158731","2025-11-01 02:00","2025","11","01","02:00","","4.8","","1.4","","79","","","","27","","18","","24.1","","98.87","","","","","","NA"
"-79.63","43.68","TORONTO INTL A","6158731","2025-11-01 03:00","2025","11","01","03:00","","5.3","","1.7","","78","","","","25","","18","","24.1","","98.90","","","","","","NA"
"-79.63","43.68","TORONTO INTL A","6158731","2025-11-01 04:00","2025","11","01","04:00","","5.3","","1.5","","77","","","","27","","15","","24.1","","98.97","","","","","","Mostly Cloudy"
"-79.63","43.68","TORONTO INTL A","6158731","2025-11-01 05:00","2025","11","01","05:00","","5.0","","1.2","","77","","","","28","","17","","24.1","","99.05","","","","","","NA"
"-79.63","43.68","TORONTO INTL A","6158731","2025-11-01 06:00","2025","11","01","06:00","","4.0","","0.9","","80","","","","27","","13","","24.1","","99.16","","","","","","NA"
"-79.63","43.68","TORONTO INTL A","6158731","2025-11-01 07:00","2025","11","01","07:00","","4.5","","1.4","","80","","","","28","","12","","24.1","","99.24","","","","","","Mostly Cloudy"
"-79.63","43.68","TORONTO INTL A","6158731","2025-11-01 08:00","2025","11","01","08:00","","5.3","","2.1","","80","","","","26","","9","","24.1","","99.33","","","","","","NA"
"-79.63","43.68","TORONTO INTL A","6158731","2025-11-01 09:00","2025","11","01","09:00","","6.8","","1.9","","71","","","","30","","15","","24.1","","99.40","","","","","","NA"
"-79.63","43.68","TORONTO INTL A","6158731","2025-11-01 10:00","2025","11","01","10:00","","7.3","","1.3","","66","","","","31","","11","","24.1","","99.47","","","","","","Mostly Cloudy"
"-79.63","43.68","TORONTO INTL A","6158731","2025-11-01 11:00","2025","11","01","11:00","","7.5","","1.4","","65","","","","1","","8","","24.1","","99.50","","","","","","NA"
"-79.63","43.68","TORONTO INTL A","6158731","2025-11-01 12:00","2025","11","01","12:00","","8.5","","0.1","","55","","","","30","","15","","24.1","","99.49","","","","","","NA"
"-79.63","43.68","TORONTO INTL A","6158731","2025-11-01 13:00","2025","11","01","13:00","","9.0","","0.8","","57","","","","30","","12","","24.1","","99.50","","","","","","Mostly Cloudy"
"-79.63","43.68","TORONTO INTL A","6158731","2025-11-01 14:00","2025","11","01","14:00","","9.3","","1.0","","56","","","","28","","13","","24.1","","99.51","","","","","","NA"
"-79.63","43.68","TORONTO INTL A","6158731","2025-11-01 15:00","2025","11","01","15:00","","9.7","","0.7","","54","","","","29","","20","","24.1","","99.56","","","","","","NA"
"-79.63","43.68","TORONTO INTL A","6158731","2025-11-01 16:00","2025","11","01","16:00","","8.9","","-0.1","","53","","","","31","","19","","24.1","","99.60","","","","","","Mostly Cloudy"
"-79.63","43.68","TORONTO INTL A","6158731","2025-11-01 17:00","2025","11","01","17:00","","8.2","","-0.4","","55","","","","32","","16","","24.1","","99.67","","","","","","NA"
"-79.63","43.68","TORONTO INTL A","6158731","2025-11-01 18:00","2025","11","01","18:00","","6.2","","1.2","","70","","","","1","","18","","24.1","","99.72","","","","","","NA"
"-79.63","43.68","TORONTO INTL A","6158731","2025-11-01 19:00","2025","11","01","19:00","","5.0","","1.1","","76","","","","1","","10","","24.1","","99.82","","","","","","Mainly Clear"
"-79.63","43.68","TORONTO INTL A","6158731","2025-11-01 20:00","2025","11","01","20:00","","4.5","","1.1","","78","","","","1","","15","","24.1","","99.85","","","","","","NA"
"-79.63","43.68","TORONTO INTL A","6158731","2025-11-01 21:00","2025","11","01","21:00","","4.2","","0.5","","77","","","","1","","7","","24.1","","99.94","","","","","","NA"
"-79.63","43.68","TORONTO INTL A","6158731","2025-11-01 22:00","2025","11","01","22:00","","3.8","","0.7","","80","","","","36","","3","","24.1","","99.98","","","","","","Clear"
"-79.63","43.68","TORONTO INTL A","6158731","2025-11-01 23:00","2025","11","01","23:00","","3.2","","0.4","","82","","","","32","","5","","24.1","","100.02","","","","","","NA"
"-79.63","43.68","TORONTO INTL A","6158731","2025-11-02 00:00","2025","11","02","00:00","","3.5","","0.7","","82","","","","36","","4","","24.1","","100.05","","","","","","NA"
"-79.63","43.68","TORONTO INTL A","6158731","2025-11-02 01:00","2025","11","02","01:00","","1.1","","-0.4","","89","","","","28","","6","","24.1","","100.07","","","","","","Clear"
"-79.63","43.68","TORONTO INTL A","6158731","2025-11-02 02:00","2025","11","02","02:00","","1.0","","-0.8","","88","","","","","","0","","24.1","","100.10","","","","","","NA"
"-79.63","43.68","TORONTO INTL A","6158731","2025-11-02 03:00","2025","11","02","03:00","","1.1","","-1.2","","85","","","","28","","7","","24.1","","100.15","","","","","","NA"
"-79.63","43.68","TORONTO INTL A","6158731","2025-11-02 04:00","2025","11","02","04:00","","0.7","","-2.0","","82","","","","33","","7","","24.1","","100.18","","","","","","Clear"
"-79.63","43.68","TORONTO INTL A","6158731","2025-11-02 05:00","2025","11","02","05:00","","-0.3","","-2.6","","84","","","","","","0","","24.1","","100.22","","","","","","NA"
"-79.63","43.68","TORONTO INTL A","6158731","2025-11-02 06:00","2025","11","02","06:00","","0.0","","-2.4","","84","","","","2","","8","","24.1","","100.29","","","","-3","","NA"
"-79.63","43.68","TORONTO INTL A","6158731","2025-11-02 07:00","2025","11","02","07:00","","-1.0","","-3.2","","85","","","","","","0","","24.1","","100.33","","","","","","Mainly Clear"
"-79.63","43.68","TORONTO INTL A","6158731","2025-11-02 08:00","2025","11","02","08:00","","1.6","","-1.2","","82","","","","4","","6","","24.1","","100.39","","","","","","NA"
"-79.63","43.68","TORONTO INTL A","6158731","2025-11-02 09:00","2025","11","02","09:00","","4.8","","0.0","","71","","","","4","","6","","24.1","","100.46","","","","","","NA"
"-79.63","43.68","TORONTO INTL A","6158731","2025-11-02 10:00","2025","11","02","10:00","","7.3","","-0.9","","56","","","","","","0","","24.1","","100.43","","","","","","Clear"
"-79.63","43.68","TORONTO INTL A","6158731","2025-11-02 11:00","2025","11","02","11:00","","9.2","","0.8","","56","","","","17","","11","","24.1","","100.40","","","","","","NA"
"-79.63","43.68","TORONTO INTL A","6158731","2025-11-02 12:00","2025","11","02","12:00","","9.1","","3.4","","67","","","","13","","11","","24.1","","100.34","","","","","","NA"
"-79.63","43.68","TORONTO INTL A","6158731","2025-11-02 13:00","2025","11","02","13:00","","9.4","","3.5","","66","","","","14","","14","","24.1","","100.22","","","","","","Mostly Cloudy"
"-79.63","43.68","TORONTO INTL A","6158731","2025-11-02 14:00","2025","11","02","14:00","","9.5","","3.4","","65","","","","16","","10","","24.1","","100.19","","","","","","NA"
"-79.63","43.68","TORONTO INTL A","6158731","2025-11-02 15:00","2025","11","02","15:00","","9.9","","2.7","","61","","","","15","","12","","24.1","","100.12","","","","","","NA"
"-79.63","43.68","TORONTO INTL A","6158731","2025-11-02 16:00","2025","11","02","16:00","","9.3","","2.6","","63","","","","13","","11","","24.1","","100.08","","","","","","Mainly Clear"
"-79.63","43.68","TORONTO INTL A","6158731","2025-11-02 17:00","2025","11","02","17:00","","8.9","","3.3","","67","","","","13","","7","","24.1","","100.07","","","","","","NA"
"-79.63","43.68","TORONTO INTL A","6158731","2025-11-02 18:00","2025","11","02","18:00","","8.3","","3.5","","72","","","","12","","8","","24.1","","100.05","","","","","","NA"
"-79.63","43.68","TORONTO INTL A","6158731","2025-11-02 19:00","2025","11","02","19:00","","7.6","","3.8","","77","","","","14","","8","","24.1","","100.03","","","","","","Clear"
"-79.63","43.68","TORONTO INTL A","6158731","2025-11-02 20:00","2025","11","02","20:00","","8.1","","4.8","","80","","","","15","","5","","24.1","","99.99","","","","","","NA"
"-79.63","43.68","TORONTO INTL A","6158731","2025-11-02 21:00","2025","11","02","21:00","","8.1","","3.9","","75","","","","21","","8","","24.1","","99.95","","","","","","NA"
"-79.63","43.68","TORONTO INTL A","6158731","2025-11-02 22:00","2025","11","02","22:00","","7.0","","3.2","","76","","","","21","","8","","24.1","","99.92","","","","","","Clear"
"-79.63","43.68","TORONTO INTL A","6158731","2025-11-02 23:00","2025","11","02","23:00","","6.7","","3.4","","79","","","","20","","8","","24.1","","99.89","","","","","","NA"
"-79.63","43.68","TORONTO INTL A","6158731","2025-11-03 00:00","2025","11","03","00:00","","6.7","","3.8","","82","","","","21","","12","","24.1","","99.83","","","","","","NA"
"-79.63","43.68","TORONTO INTL A","6158731","2025-11-03 01:00","2025","11","03","01:00","","6.3","","3.9","","85","","","","22","","10","","24.1","","99.80","","","","","","Clear"
"-79.63","43.68","TORONTO INTL A","6158731","2025-11-03 02:00","2025","11","03","02:00","","6.4","","4.0","","85","","","","22","","12","","24.1","","99.73","","","","","","NA"
"-79.63","43.68","TORONTO INTL A","6158731","2025-11-03 03:00","2025","11","03","03:00","","6.3","","4.3","","87","","","","21","","12","","24.1","","99.64","","","","","","NA"
"-79.63","43.68","TORONTO INTL A","6158731","2025-11-03 04:00","2025","11","03","04:00","","6.1","","4.2","","88","","","","20","","9","","24.1","","99.55","","","","","","Mainly Clear"
"-79.63","43.68","TORONTO INTL A","6158731","2025-11-03 05:00","2025","11","03","05:00","","7.3","","4.5","","82","","","","22","","20","","24.1","","99.45","","","","","","NA"
"-79.63","43.68","TORONTO INTL A","6158731","2025-11-03 06:00","2025","11","03","06:00","","8.0","","4.0","","76","","","","21","","16","","24.1","","99.44","","","","","","NA"
"-79.63","43.68","TORONTO INTL A","6158731","2025-11-03 07:00","2025","11","03","07:00","","8.3","","3.3","","70","","","","21","","16","","24.1","","99.38","","","","","","Mostly Cloudy"
"-79.63","43.68","TORONTO INTL A","6158731","2025-11-03 08:00","2025","11","03","08:00","","8.3","","3.1","","70","","","","20","","22","","24.1","","99.24","","","","","","NA"
"-79.63","43.68","TORONTO INTL A","6158731","2025-11-03 09:00","2025","11","03","09:00","","8.6","","2.6","","66","","","","22","","23","","24.1","","99.17","","","","","","NA"
"-79.63","43.68","TORONTO INTL A","6158731","2025-11-03 10:00","2025","11","03","10:00","","9.3","","2.7","","63","","","","23","","27","","24.1","","99.12","","","","","","Mostly Cloudy"
"-79.63","43.68","TORONTO INTL A","6158731","2025-11-03 11:00","2025","11","03","11:00","","8.2","","2.7","","68","","","","26","","36","","9.7","","99.09","","","","","","Rain Showers,Fog"
"-79.63","43.68","TORONTO INTL A","6158731","2025-11-03 12:00","2025","11","03","12:00","","6.4","","3.8","","83","","","","24","","38","","16.1","","98.99","","","","","","Rain Showers"
"-79.63","43.68","TORONTO INTL A","6158731","2025-11-03 13:00","2025","11","03","13:00","","7.0","","4.5","","85","","","","25","","33","","11.3","","98.91","","","","","","Cloudy"
"-79.63","43.68","TORONTO INTL A","6158731","2025-11-03 14:00","2025","11","03","14:00","","8.2","","5.3","","82","","","","24","","31","","24.1","","98.84","","","","","","NA"
"-79.63","43.68","TORONTO INTL A","6158731","2025-11-03 15:00","2025","11","03","15:00","","10.1","","5.7","","74","","","","26","","29","","24.1","","98.85","","","","","","NA"
"-79.63","43.68","TORONTO INTL A","6158731","2025-11-03 16:00","2025","11","03","16:00","","10.7","","3.9","","63","","","","27","","36","","24.1","","98.90","","","","","","Mainly Clear"
"-79.63","43.68","TORONTO INTL A","6158731","2025-11-03 17:00","2025","11","03","17:00","","9.9","","2.9","","61","","","","28","","31","","24.1","","98.98","","","","","","NA"
"-79.63","43.68","TORONTO INTL A","6158731","2025-11-03 18:00","2025","11","03","18:00","","9.4","","4.1","","69","","","","26","","19","","24.1","","99.06","","","","","","Rain Showers"
"-79.63","43.68","TORONTO INTL A","6158731","2025-11-03 19:00","2025","11","03","19:00","","8.5","","3.3","","70","","","","27","","18","","24.1","","99.18","","","","","","Mainly Clear"
"-79.63","43.68","TORONTO INTL A","6158731","2025-11-03 20:00","2025","11","03","20:00","","8.5","","-0.1","","55","","","","29","","22","","24.1","","99.23","","","","","","NA"
"-79.63","43.68","TORONTO INTL A","6158731","2025-11-03 21:00","2025","11","03","21:00","","7.7","","1.1","","63","","","","32","","12","","24.1","","99.33","","","","","","Rain Showers"
"-79.63","43.68","TORONTO INTL A","6158731","2025-11-03 22:00","2025","11","03","22:00","","5.6","","0.5","","70","","","","27","","7","","24.1","","99.37","","","","","","Mainly Clear"
"-79.63","43.68","TORONTO INTL A","6158731","2025-11-03 23:00","2025","11","03","23:00","","8.0","","-0.6","","55","","","","29","","30","","24.1","","99.43","","","","","","NA"
"-79.63","43.68","TORONTO INTL A","6158731","2025-11-04 00:00","2025","11","04","00:00","","5.8","","-1.1","","61","","","","28","","13","","24.1","","99.51","","","","","","NA"
"-79.63","43.68","TORONTO INTL A","6158731","2025-11-04 01:00","2025","11","04","01:00","","4.2","","0.2","","75","","","","26","","12","","24.1","","99.56","","","","","","Clear"
"-79.63","43.68","TORONTO INTL A","6158731","2025-11-04 02:00","2025","11","04","02:00","","3.8","","0.2","","78","","","","24","","14","","24.1","","99.61","","","","","","NA"
"-79.63","43.68","TORONTO INTL A","6158731","2025-11-04 03:00","2025","11","04","03:00","","2.8","","0.0","","82","","","","24","","7","","24.1","","99.67","","","","","","NA"
"-79.63","43.68","TORONTO INTL A","6158731","2025-11-04 04:00","2025","11","04","04:00","","1.8","","-0.8","","83","","","","26","","12","","24.1","","99.69","","","","","","Clear"
"-79.63","43.68","TORONTO INTL A","6158731","2025-11-04 05:00","2025","11","04","05:00","","2.5","","-0.6","","80","","","","25","","17","","24.1","","99.75","","","","","","NA"
"-79.63","43.68","TORONTO INTL A","6158731","2025-11-04 06:00","2025","11","04","06:00","","2.4","","-0.6","","81","","","","25","","16","","24.1","","99.77","","","","","","NA"
"-79.63","43.68","TORONTO INTL A","6158731","2025-11-04 07:00","2025","11","04","07:00","","3.0","","-0.6","","77","","","","25","","17","","24.1","","99.79","","","","","","Clear"
"-79.63","43.68","TORONTO INTL A","6158731","2025-11-04 08:00","2025","11","04","08:00","","5.1","","0.5","","72","","","","26","","17","","24.1","","99.85","","","","","","NA"
"-79.63","43.68","TORONTO INTL A","6158731","2025-11-04 09:00","2025","11","04","09:00","","8.6","","2.3","","65","","","","27","","20","","24.1","","99.88","","","","","","NA"
"-79.63","43.68","TORONTO INTL A","6158731","2025-11-04 10:00","2025","11","04","10:00","","10.2","","3.0","","61","","","","27","","26","","24.1","","99.89","","","","","","Clear"
"-79.63","43.68","TORONTO INTL A","6158731","2025-11-04 11:00","2025","11","04","11:00","","12.0","","3.1","","54","","","","27","","28","","24.1","","99.85","","","","","","NA"
"-79.63","43.68","TORONTO INTL A","6158731","2025-11-04 12:00","2025","11","04","12:00","","13.3","","1.8","","45","","","","28","","32","","24.1","","99.83","","","","","","NA"
"-79.63","43.68","TORONTO INTL A","6158731","2025-11-04 13:00","2025","11","04","13:00","","13.6","","-0.2","","39","","","","28","","38","","24.1","","99.76","","","","","","Mainly Clear"
"-79.63","43.68","TORONTO INTL A","6158731","2025-11-04 14:00","2025","11","04","14:00","","13.3","","-2.5","","33","","","","29","","37","","24.1","","99.73","","","","","","NA"
"-79.63","43.68","TORONTO INTL A","6158731","2025-11-04 15:00","2025","11","04","15:00","","13.4","","-0.7","","38","","","","28","","31","","24.1","","99.72","","","","","","NA"
"-79.63","43.68","TORONTO INTL A","6158731","2025-11-04 16:00","2025","11","04","16:00","","12.4","","-0.7","","40","","","","28","","26","","24.1","","99.78","","","","","","Mainly Clear"
"-79.63","43.68","TORONTO INTL A","6158731","2025-11-04 17:00","2025","11","04","17:00","","10.9","","0.1","","47","","","","28","","27","","24.1","","99.82","","","","","","NA"
"-79.63","43.68","TORONTO INTL A","6158731","2025-11-04 18:00","2025","11","04","18:00","","10.0","","-0.4","","48","","","","28","","19","","24.1","","99.89","","","","","","NA"
"-79.63","43.68","TORONTO INTL A","6158731","2025-11-04 19:00","2025","11","04","19:00","","8.9","","-0.6","","51","","","","29","","15","","24.1","","99.94","","","","","","Mainly Clear"
"-79.63","43.68","TORONTO INTL A","6158731","2025-11-04 20:00","2025","11","04","20:00","","8.0","","0.0","","57","","","","30","","8","","24.1","","99.91","","","","","","NA"
"-79.63","43.68","TORONTO INTL A","6158731","2025-11-04 21:00","2025","11","04","21:00","","7.4","","0.2","","60","","","","25","","5","","24.1","","99.88","","","","","","NA"
"-79.63","43.68","TORONTO INTL A","6158731","2025-11-04 22:00","2025","11","04","22:00","","7.1","","0.0","","61","","","","29","","5","","24.1","","99.85","","","","","","Mostly Cloudy"
"-79.63","43.68","TORONTO INTL A","6158731","2025-11-04 23:00","2025","11","04","23:00","","7.7","","0.2","","59","","","","23","","3","","24.1","","99.78","","","","","","NA"
"-79.63","43.68","TORONTO INTL A","6158731","2025-11-05 00:00","2025","11","05","00:00","","7.9","","0.8","","61","","","","19","","7","","24.1","","99.80","","","","","","NA"
"-79.63","43.68","TORONTO INTL A","6158731","2025-11-05 01:00","2025","11","05","01:00","","7.9","","1.3","","63","","","","","","0","","24.1","","99.73","","","","","","Mostly Cloudy"
"-79.63","43.68","TORONTO INTL A","6158731","2025-11-05 02:00","2025","11","05","02:00","","7.2","","1.5","","67","","","","17","","6","","24.1","","99.65","","","","","","NA"
"-79.63","43.68","TORONTO INTL A","6158731","2025-11-05 03:00","2025","11","05","03:00","","7.8","","0.4","","59","","","","16","","7","","24.1","","99.55","","","","","","NA"
"-79.63","43.68","TORONTO INTL A","6158731","2025-11-05 04:00","2025","11","05","04:00","","7.9","","0.0","","57","","","","12","","5","","24.1","","99.40","","","","","","Mostly Cloudy"
"-79.63","43.68","TORONTO INTL A","6158731","2025-11-05 05:00","2025","11","05","05:00","","8.6","","2.4","","65","","","","13","","9","","24.1","","99.27","","","","","","NA"
"-79.63","43.68","TORONTO INTL A","6158731","2025-11-05 06:00","2025","11","05","06:00","","8.9","","3.2","","68","","","","13","","8","","24.1","","99.10","","","","","","NA"
"-79.63","43.68","TORONTO INTL A","6158731","2025-11-05 07:00","2025","11","05","07:00","","8.8","","4.8","","76","","","","12","","13","","24.1","","98.91","","","","","","Cloudy"
"-79.63","43.68","TORONTO INTL A","6158731","2025-11-05 08:00","2025","11","05","08:00","","9.8","","6.2","","78","","","","14","","16","","24.1","","98.73","","","","","","NA"
"-79.63","43.68","TORONTO INTL A","6158731","2025-11-05 09:00","2025","11","05","09:00","","10.3","","5.2","","70","","","","15","","9","","24.1","","98.53","","","","","","NA"
"-79.63","43.68","TORONTO INTL A","6158731","2025-11-05 10:00","2025","11","05","10:00","","11.5","","4.4","","61","","","","21","","18","","24.1","","98.37","","","","","","Cloudy"
"-79.63","43.68","TORONTO INTL A","6158731","2025-11-05 11:00","2025","11","05","11:00","","12.2","","6.6","","68","","","","23","","22","","24.1","","98.26","","","","","","NA"
"-79.63","43.68","TORONTO INTL A","6158731","2025-11-05 12:00","2025","11","05","12:00","","12.6","","7.1","","69","","","","25","","23","","24.1","","98.15","","","","","","NA"
"-79.63","43.68","TORONTO INTL A","6158731","2025-11-05 13:00","2025","11","05","13:00","","12.1","","6.8","","70","","","","25","","34","","24.1","","98.13","","","","","","Cloudy"
"-79.63","43.68","TORONTO INTL A","6158731","2025-11-05 14:00","2025","11","05","14:00","","12.1","","7.2","","72","","","","26","","39","","24.1","","98.07","","","","","","NA"
"-79.63","43.68","TORONTO INTL A","6158731","2025-11-05 15:00","2025","11","05","15:00","","10.8","","8.4","","85","","","","28","","34","","19.3","","98.14","","","","","","Rain"
"-79.63","43.68","TORONTO INTL A","6158731","2025-11-05 16:00","2025","11","05","16:00","","10.2","","6.0","","75","","","","30","","42","","24.1","","98.25","","","","","","Mostly Cloudy"
"-79.63","43.68","TORONTO INTL A","6158731","2025-11-05 17:00","2025","11","05","17:00","","9.3","","4.2","","71","","","","30","","43","","24.1","","98.43","","","","","","Rain"
"-79.63","43.68","TORONTO INTL A","6158731","2025-11-05 18:00","2025","11","05","18:00","","7.7","","4.1","","78","","","","32","","41","","24.1","","98.63","","","","","","Rain"
"-79.63","43.68","TORONTO INTL A","6158731","2025-11-05 19:00","2025","11","05","19:00","","7.7","","3.2","","73","","","","32","","31","","24.1","","98.78","","","","","","Mostly Cloudy"
"-79.63","43.68","TORONTO INTL A","6158731","2025-11-05 20:00","2025","11","05","20:00","","6.9","","2.2","","72","","","","31","","30","","24.1","","98.91","","","","","","NA"
"-79.63","43.68","TORONTO INTL A","6158731","2025-11-05 21:00","2025","11","05","21:00","","6.0","","1.4","","72","","","","30","","33","","24.1","","99.01","","","","","","NA"
"-79.63","43.68","TORONTO INTL A","6158731","2025-11-05 22:00","2025","11","05","22:00","","6.1","","0.5","","67","","","","30","","41","","24.1","","99.13","","","","","","Clear"
"-79.63","43.68","TORONTO INTL A","6158731","2025-11-05 23:00","2025","11","05","23:00","","5.1","","1.1","","75","","","","29","","34","","24.1","","99.23","","","","","","NA"
"-79.63","43.68","TORONTO INTL A","6158731","2025-11-06 00:00","2025","11","06","00:00","","4.8","","0.0","","71","","","","31","","28","","24.1","","99.28","","","","","","NA"
"-79.63","43.68","TORONTO INTL A","6158731","2025-11-06 01:00","2025","11","06","01:00","","4.5","","0.0","","72","","","","30","","29","","24.1","","99.36","","","","","","Clear"
"-79.63","43.68","TORONTO INTL A","6158731","2025-11-06 02:00","2025","11","06","02:00","","4.0","","0.1","","75","","","","31","","17","","24.1","","99.43","","","","","","NA"
"-79.63","43.68","TORONTO INTL A","6158731","2025-11-06 03:00","2025","11","06","03:00","","4.0","","0.5","","78","","","","28","","15","","24.1","","99.53","","","","","","NA"
"-79.63","43.68","TORONTO INTL A","6158731","2025-11-06 04:00","2025","11","06","04:00","","1.0","","-1.2","","85","","","","27","","14","","24.1","","99.59","","","","","","Clear"
"-79.63","43.68","TORONTO INTL A","6158731","2025-11-06 05:00","2025","11","06","05:00","","2.3","","-1.3","","77","","","","27","","15","","24.1","","99.64","","","","","","NA"
"-79.63","43.68","TORONTO INTL A","6158731","2025-11-06 06:00","2025","11","06","06:00","","1.0","","-1.5","","83","","","","28","","12","","24.1","","99.76","","","","","","NA"
"-79.63","43.68","TORONTO INTL A","6158731","2025-11-06 07:00","2025","11","06","07:00","","2.1","","-1.0","","80","","","","34","","17","","24.1","","99.84","","","","","","Mainly Clear"
"-79.63","43.68","TORONTO INTL A","6158731","2025-11-06 08:00","2025","11","06","08:00","","2.2","","-0.6","","82","","","","36","","14","","24.1","","99.95","","","","","","NA"
"-79.63","43.68","TORONTO INTL A","6158731","2025-11-06 09:00","2025","11","06","09:00","","3.5","","-1.5","","70","","","","33","","11","","24.1","","100.02","","","","","","NA"
"-79.63","43.68","TORONTO INTL A","6158731","2025-11-06 10:00","2025","11","06","10:00","","5.7","","-1.8","","59","","","","35","","18","","24.1","","100.04","","","","","","Mainly Clear"
"-79.63","43.68","TORONTO INTL A","6158731","2025-11-06 11:00","2025","11","06","11:00","","6.5","","-3.0","","51","","","","31","","22","","24.1","","100.07","","","","","","NA"
"-79.63","43.68","TORONTO INTL A","6158731","2025-11-06 12:00","2025","11","06","12:00","","6.4","","-4.2","","46","","","","31","","20","","24.1","","100.04","","","","","","NA"
"-79.63","43.68","TORONTO INTL A","6158731","2025-11-06 13:00","2025","11","06","13:00","","6.6","","-3.1","","50","","","","27","","21","","24.1","","99.99","","","","","","Mostly Cloudy"
"-79.63","43.68","TORONTO INTL A","6158731","2025-11-06 14:00","2025","11","06","14:00","","6.9","","-1.2","","56","","","","28","","15","","24.1","","99.95","","","","","","NA"
"-79.63","43.68","TORONTO INTL A","6158731","2025-11-06 15:00","2025","11","06","15:00","","6.7","","-1.5","","56","","","","25","","16","","24.1","","99.89","","","","","","NA"
"-79.63","43.68","TORONTO INTL A","6158731","2025-11-06 16:00","2025","11","06","16:00","","6.3","","-1.1","","59","","","","26","","16","","24.1","","99.89","","","","","","Mostly Cloudy"
"-79.63","43.68","TORONTO INTL A","6158731","2025-11-06 17:00","2025","11","06","17:00","","5.3","","-1.5","","62","","","","27","","10","","24.1","","99.90","","","","","","NA"
"-79.63","43.68","TORONTO INTL A","6158731","2025-11-06 18:00","2025","11","06","18:00","","4.4","","-1.5","","66","","","","27","","12","","24.1","","99.91","","","","","","NA"
"-79.63","43.68","TORONTO INTL A","6158731","2025-11-06 19:00","2025","11","06","19:00","","3.3","","-1.3","","72","","","","27","","12","","24.1","","99.88","","","","","","Clear"
"-79.63","43.68","TORONTO INTL A","6158731","2025-11-06 20:00","2025","11","06","20:00","","2.1","","-1.6","","77","","","","27","","10","","24.1","","99.86","","","","","","NA"
"-79.63","43.68","TORONTO INTL A","6158731","2025-11-06 21:00","2025","11","06","21:00","","2.6","","-1.2","","76","","","","25","","8","","24.1","","99.80","","","","","","NA"
"-79.63","43.68","TORONTO INTL A","6158731","2025-11-06 22:00","2025","11","06","22:00","","4.0","","-0.6","","72","","","","23","","3","","24.1","","99.72","","","","","","Mostly Cloudy"
"-79.63","43.68","TORONTO INTL A","6158731","2025-11-06 23:00","2025","11","06","23:00","","3.4","","-0.9","","73","","","","","","0","","24.1","","99.68","","","","","","NA"
"-79.63","43.68","TORONTO INTL A","6158731","2025-11-07 00:00","2025","11","07","00:00","","3.9","","-1.2","","69","","","","14","","4","","24.1","","99.59","","","","","","NA"
"-79.63","43.68","TORONTO INTL A","6158731","2025-11-07 01:00","2025","11","07","01:00","","4.0","","-0.6","","72","","","","12","","4","","24.1","","99.53","","","","","","Cloudy"
"-79.63","43.68","TORONTO INTL A","6158731","2025-11-07 02:00","2025","11","07","02:00","","4.0","","-0.2","","74","","","","14","","4","","24.1","","99.43","","","","","","NA"
"-79.63","43.68","TORONTO INTL A","6158731","2025-11-07 03:00","2025","11","07","03:00","","4.6","","0.4","","74","","","","14","","10","","24.1","","99.33","","","","","","NA"
"-79.63","43.68","TORONTO INTL A","6158731","2025-11-07 04:00","2025","11","07","04:00","","5.9","","2.5","","79","","","","14","","12","","24.1","","99.14","","","","","","Cloudy"
"-79.63","43.68","TORONTO INTL A","6158731","2025-11-07 05:00","2025","11","07","05:00","","6.6","","3.2","","79","","","","15","","18","","24.1","","98.97","","","","","","NA"
"-79.63","43.68","TORONTO INTL A","6158731","2025-11-07 06:00","2025","11","07","06:00","","6.8","","2.3","","73","","","","15","","22","","24.1","","98.74","","","","","","NA"
"-79.63","43.68","TORONTO INTL A","6158731","2025-11-07 07:00","2025","11","07","07:00","","7.0","","2.2","","71","","","","15","","14","","24.1","","98.63","","","","","","Mostly Cloudy"
"-79.63","43.68","TORONTO INTL A","6158731","2025-11-07 08:00","2025","11","07","08:00","","7.2","","1.7","","68","","","","14","","21","","24.1","","98.35","","","","","","NA"
"-79.63","43.68","TORONTO INTL A","6158731","2025-11-07 09:00","2025","11","07","09:00","","8.1","","1.6","","64","","","","15","","18","","24.1","","98.23","","","","","","NA"
"-79.63","43.68","TORONTO INTL A","6158731","2025-11-07 10:00","2025","11","07","10:00","","8.1","","1.5","","63","","","","15","","16","","24.1","","98.01","","","","","","Mostly Cloudy"
"-79.63","43.68","TORONTO INTL A","6158731","2025-11-07 11:00","2025","11","07","11:00","","7.0","","4.3","","83","","","","13","","8","","12.9","","97.93","","","","","","Rain Showers"
"-79.63","43.68","TORONTO INTL A","6158731","2025-11-07 12:00","2025","11","07","12:00","","7.2","","4.9","","85","","","","19","","14","","19.3","","97.74","","","","","","Rain Showers"
"-79.63","43.68","TORONTO INTL A","6158731","2025-11-07 13:00","2025","11","07","13:00","","8.1","","5.9","","86","","","","19","","13","","24.1","","97.62","","","","","","Cloudy"
"-79.63","43.68","TORONTO INTL A","6158731","2025-11-07 14:00","2025","11","07","14:00","","9.0","","7.0","","87","","","","21","","18","","16.1","","97.57","","","","","","NA"
"-79.63","43.68","TORONTO INTL A","6158731","2025-11-07 15:00","2025","11","07","15:00","","9.9","","8.4","","90","","","","23","","17","","24.1","","97.53","","","","","","NA"
"-79.63","43.68","TORONTO INTL A","6158731","2025-11-07 16:00","2025","11","07","16:00","","10.5","","8.7","","89","","","","24","","28","","19.3","","97.55","","","","","","Cloudy"
"-79.63","43.68","TORONTO INTL A","6158731","2025-11-07 17:00","2025","11","07","17:00","","10.4","","8.3","","86","","","","25","","26","","24.1","","97.59","","","","","","NA"
"-79.63","43.68","TORONTO INTL A","6158731","2025-11-07 18:00","2025","11","07","18:00","","10.7","","8.0","","83","","","","23","","18","","24.1","","97.64","","","","","","NA"
"-79.63","43.68","TORONTO INTL A","6158731","2025-11-07 19:00","2025","11","07","19:00","","10.6","","7.9","","83","","","","24","","19","","24.1","","97.67","","","","","","Cloudy"
"-79.63","43.68","TORONTO INTL A","6158731","2025-11-07 20:00","2025","11","07","20:00","","10.5","","7.8","","84","","","","24","","24","","24.1","","97.72","","","","","","NA"
"-79.63","43.68","TORONTO INTL A","6158731","2025-11-07 21:00","2025","11","07","21:00","","10.4","","7.6","","83","","","","24","","17","","24.1","","97.76","","","","","","NA"
"-79.63","43.68","TORONTO INTL A","6158731","2025-11-07 22:00","2025","11","07","22:00","","10.4","","7.4","","82","","","","25","","19","","24.1","","97.82","","","","","","Mostly Cloudy"
"-79.63","43.68","TORONTO INTL A","6158731","2025-11-07 23:00","2025","11","07","23:00","","9.7","","5.6","","75","","","","28","","17","","24.1","","97.92","","","","","","NA"
"-79.63","43.68","TORONTO INTL A","6158731","2025-11-08 00:00","2025","11","08","00:00","","9.5","","4.2","","69","","","","28","","28","","24.1","","98.03","","","","","","NA"
"-79.63","43.68","TORONTO INTL A","6158731","2025-11-08 01:00","2025","11","08","01:00","","8.1","","2.2","","66","","","","29","","37","","24.1","","98.10","","","","","","Mostly Cloudy"
"-79.63","43.68","TORONTO INTL A","6158731","2025-11-08 02:00","2025","11","08","02:00","","6.1","","2.2","","76","","","","28","","19","","24.1","","98.22","","","","","","NA"
"-79.63","43.68","TORONTO INTL A","6158731","2025-11-08 03:00","2025","11","08","03:00","","6.1","","1.8","","74","","","","31","","20","","24.1","","98.32","","","","","","NA"
"-79.63","43.68","TORONTO INTL A","6158731","2025-11-08 04:00","2025","11","08","04:00","","5.8","","0.5","","69","","","","31","","18","","24.1","","98.42","","","","","","Mostly Cloudy"
"-79.63","43.68","TORONTO INTL A","6158731","2025-11-08 05:00","2025","11","08","05:00","","4.8","","-0.3","","69","","","","30","","22","","24.1","","98.56","","","","","","NA"
"-79.63","43.68","TORONTO INTL A","6158731","2025-11-08 06:00","2025","11","08","06:00","","3.3","","-1.3","","72","","","","32","","26","","24.1","","98.67","","","","","","NA"
"-79.63","43.68","TORONTO INTL A","6158731","2025-11-08 07:00","2025","11","08","07:00","","2.8","","-1.6","","73","","","","31","","16","","24.1","","98.80","","","","","","Mainly Clear"
"-79.63","43.68","TORONTO INTL A","6158731","2025-11-08 08:00","2025","11","08","08:00","","3.0","","-1.3","","73","","","","32","","15","","24.1","","98.88","","","","","","NA"
"-79.63","43.68","TORONTO INTL A","6158731","2025-11-08 09:00","2025","11","08","09:00","","3.9","","-2.0","","65","","","","31","","22","","24.1","","98.92","","","","","","NA"
"-79.63","43.68","TORONTO INTL A","6158731","2025-11-08 10:00","2025","11","08","10:00","","4.8","","-1.4","","64","","","","34","","16","","24.1","","98.97","","","","","","Mainly Clear"
"-79.63","43.68","TORONTO INTL A","6158731","2025-11-08 11:00","2025","11","08","11:00","","5.8","","-1.6","","59","","","","34","","16","","24.1","","98.99","","","","","","NA"
"-79.63","43.68","TORONTO INTL A","6158731","2025-11-08 12:00","2025","11","08","12:00","","6.0","","-2.8","","53","","","","31","","18","","24.1","","99.03","","","","","","NA"
"-79.63","43.68","TORONTO INTL A","6158731","2025-11-08 13:00","2025","11","08","13:00","","6.3","","-2.9","","52","","","","30","","15","","24.1","","99.03","","","","","","Mostly Cloudy"
"-79.63","43.68","TORONTO INTL A","6158731","2025-11-08 14:00","2025","11","08","14:00","","5.7","","-2.4","","56","","","","35","","17","","24.1","","99.03","","","","","","NA"
"-79.63","43.68","TORONTO INTL A","6158731","2025-11-08 15:00","2025","11","08","15:00","","5.4","","-2.4","","57","","","","2","","18","","24.1","","99.07","","","","","","NA"
"-79.63","43.68","TORONTO INTL A","6158731","2025-11-08 16:00","2025","11","08","16:00","","4.5","","-2.9","","59","","","","4","","11","","24.1","","99.12","","","","","","Mostly Cloudy"
"-79.63","43.68","TORONTO INTL A","6158731","2025-11-08 17:00","2025","11","08","17:00","","3.6","","-3.8","","59","","","","2","","15","","24.1","","99.16","","","","","","NA"
"-79.63","43.68","TORONTO INTL A","6158731","2025-11-08 18:00","2025","11","08","18:00","","2.6","","-3.9","","62","","","","1","","18","","24.1","","99.19","","","","","","NA"
"-79.63","43.68","TORONTO INTL A","6158731","2025-11-08 19:00","2025","11","08","19:00","","2.6","","-4.4","","60","","","","3","","18","","24.1","","99.25","","","","","","Mostly Cloudy"
"-79.63","43.68","TORONTO INTL A","6158731","2025-11-08 20:00","2025","11","08","20:00","","2.5","","-4.5","","60","","","","36","","11","","24.1","","99.28","","","","","","NA"
"-79.63","43.68","TORONTO INTL A","6158731","2025-11-08 21:00","2025","11","08","21:00","","2.2","","-4.5","","61","","","","36","","17","","24.1","","99.30","","","","","","NA"
"-79.63","43.68","TORONTO INTL A","6158731","2025-11-08 22:00","2025","11","08","22:00","","2.0","","-4.7","","61","","","","1","","14","","24.1","","99.30","","","","","","Mostly Cloudy"
"-79.63","43.68","TORONTO INTL A","6158731","2025-11-08 23:00","2025","11","08","23:00","","1.9","","-4.5","","63","","","","1","","17","","19.3","","99.29","","","","","","NA"
"-79.63","43.68","TORONTO INTL A","6158731","2025-11-09 00:00","2025","11","09","00:00","","1.3","","-3.7","","70","","","","3","","13","","24.1","","99.29","","","","","","NA"
"-79.63","43.68","TORONTO INTL A","6158731","2025-11-09 01:00","2025","11","09","01:00","","1.6","","-4.5","","64","","","","3","","15","","19.3","","99.27","","","","","","Cloudy"
"-79.63","43.68","TORONTO INTL A","6158731","2025-11-09 02:00","2025","11","09","02:00","","1.0","","-4.1","","69","","","","3","","13","","12.9","","99.28","","","","","","Snow"
"-79.63","43.68","TORONTO INTL A","6158731","2025-11-09 03:00","2025","11","09","03:00","","1.2","","-3.6","","70","","","","3","","13","","12.9","","99.26","","","","","","Snow"
"-79.63","43.68","TORONTO INTL A","6158731","2025-11-09 04:00","2025","11","09","04:00","","1.0","","-2.9","","75","","","","3","","14","","12.9","","99.19","","","","","","Snow"
"-79.63","43.68","TORONTO INTL A","6158731","2025-11-09 05:00","2025","11","09","05:00","","0.1","","-1.2","","91","","","","4","","11","","4.8","","99.21","","","","","","Snow"
"-79.63","43.68","TORONTO INTL A","6158731","2025-11-09 06:00","2025","11","09","06:00","","-0.2","","-1.2","","93","","","","4","","18","","3.6","","99.17","","","","-5","","Snow"
"-79.63","43.68","TORONTO INTL A","6158731","2025-11-09 07:00","2025","11","09","07:00","","-0.3","","-1.6","","91","","","","3","","19","","4.8","","99.18","","","","-5","","Snow"
"-79.63","43.68","TORONTO INTL A","6158731","2025-11-09 08:00","2025","11","09","08:00","","-0.8","","-1.9","","92","","","","4","","21","","2.0","","99.20","","","","-6","","Snow"
"-79.63","43.68","TORONTO INTL A","6158731","2025-11-09 09:00","2025","11","09","09:00","","-1.0","","-2.2","","92","","","","3","","22","","2.0","","99.17","","","","-7","","Snow"
"-79.63","43.68","TORONTO INTL A","6158731","2025-11-09 10:00","2025","11","09","10:00","","-1.2","","-2.5","","91","","","","2","","22","","4.8","","99.15","","","","-7","","Snow"
"-79.63","43.68","TORONTO INTL A","6158731","2025-11-09 11:00","2025","11","09","11:00","","-1.1","","-2.7","","89","","","","2","","26","","4.0","","99.07","","","","-7","","Snow"
"-79.63","43.68","TORONTO INTL A","6158731","2025-11-09 12:00","2025","11","09","12:00","","-1.3","","-2.6","","91","","","","2","","23","","2.0","","99.01","","","","-7","","Snow"
"-79.63","43.68","TORONTO INTL A","6158731","2025-11-09 13:00","2025","11","09","13:00","","-1.6","","-2.9","","91","","","","1","","27","","2.0","","98.96","","","","-8","","Snow"
"-79.63","43.68","TORONTO INTL A","6158731","2025-11-09 14:00","2025","11","09","14:00","","-1.9","","-3.2","","91","","","","36","","27","","1.2","","98.97","","","","-9","","Snow"
"-79.63","43.68","TORONTO INTL A","6158731","2025-11-09 15:00","2025","11","09","15:00","","-2.0","","-3.3","","91","","","","36","","28","","1.0","","99.03","","","","-9","","Snow"
"-79.63","43.68","TORONTO INTL A","6158731","2025-11-09 16:00","2025","11","09","16:00","","-1.8","","-3.5","","88","","","","36","","29","","4.8","","99.09","","","","-9","","Snow"
"-79.63","43.68","TORONTO INTL A","6158731","2025-11-09 17:00","2025","11","09","17:00","","-1.8","","-3.7","","87","","","","1","","29","","6.4","","99.14","","","","-9","","Snow"
"-79.63","43.68","TORONTO INTL A","6158731","2025-11-09 18:00","2025","11","09","18:00","","-1.6","","-3.8","","85","","","","1","","32","","6.4","","99.19","","","","-9","","Snow"
"-79.63","43.68","TORONTO INTL A","6158731","2025-11-09 19:00","2025","11","09","19:00","","-1.9","","-4.4","","83","","","","36","","27","","19.3","","99.23","","","","-9","","Cloudy"
"-79.63","43.68","TORONTO INTL A","6158731","2025-11-09 20:00","2025","11","09","20:00","","-1.9","","-5.4","","77","","","","36","","27","","19.3","","99.28","","","","-9","","NA"
"-79.63","43.68","TORONTO INTL A","6158731","2025-11-09 21:00","2025","11","09","21:00","","-2.0","","-5.2","","79","","","","35","","25","","6.4","","99.27","","","","-8","","Snow"
"-79.63","43.68","TORONTO INTL A","6158731","2025-11-09 22:00","2025","11","09","22:00","","-2.9","","-4.7","","87","","","","35","","23","","3.2","","99.29","","","","-9","","Snow"
"-79.63","43.68","TORONTO INTL A","6158731","2025-11-09 23:00","2025","11","09","23:00","","-2.7","","-6.3","","76","","","","35","","26","","9.7","","99.26","","","","-10","","Snow"
"-79.63","43.68","TORONTO INTL A","6158731","2025-11-10 00:00","2025","11","10","00:00","","-3.1","","-6.3","","79","","","","34","","26","","6.4","","99.39","","","","-10","","Snow"
"-79.63","43.68","TORONTO INTL A","6158731","2025-11-10 01:00","2025","11","10","01:00","","-3.7","","-6.2","","83","","","","35","","30","","8.1","","99.32","","","","-11","","Snow"
"-79.63","43.68","TORONTO INTL A","6158731","2025-11-10 02:00","2025","11","10","02:00","","-3.6","","-6.4","","82","","","","34","","23","","19.3","","99.28","","","","-10","","NA"
"-79.63","43.68","TORONTO INTL A","6158731","2025-11-10 03:00","2025","11","10","03:00","","-3.9","","-7.0","","79","","","","35","","24","","24.1","","99.31","","","","-11","","NA"
"-79.63","43.68","TORONTO INTL A","6158731","2025-11-10 04:00","2025","11","10","04:00","","-4.0","","-7.6","","76","","","","34","","23","","24.1","","99.30","","","","-11","","Mostly Cloudy"
"-79.63","43.68","TORONTO INTL A","6158731","2025-11-10 05:00","2025","11","10","05:00","","-4.0","","-8.3","","72","","","","34","","26","","24.1","","99.28","","","","-11","","NA"
"-79.63","43.68","TORONTO INTL A","6158731","2025-11-10 06:00","2025","11","10","06:00","","-3.9","","-8.2","","72","","","","34","","21","","24.1","","99.26","","","","-10","","NA"
"-79.63","43.68","TORONTO INTL A","6158731","2025-11-10 07:00","2025","11","10","07:00","","-3.9","","-8.1","","73","","","","34","","20","","16.1","","99.33","","","","-10","","Snow"
"-79.63","43.68","TORONTO INTL A","6158731","2025-11-10 08:00","2025","11","10","08:00","","-4.3","","-6.7","","83","","","","34","","19","","4.0","","99.35","","","","-10","","Snow"
"-79.63","43.68","TORONTO INTL A","6158731","2025-11-10 09:00","2025","11","10","09:00","","-4.4","","-6.6","","85","","","","33","","25","","4.8","","99.33","","","","-12","","Snow"
"-79.63","43.68","TORONTO INTL A","6158731","2025-11-10 10:00","2025","11","10","10:00","","-4.0","","-6.8","","81","","","","33","","28","","8.1","","99.31","","","","-11","","Snow"
"-79.63","43.68","TORONTO INTL A","6158731","2025-11-10 11:00","2025","11","10","11:00","","-3.3","","-7.4","","74","","","","35","","21","","24.1","","99.28","","","","-10","","NA"
"-79.63","43.68","TORONTO INTL A","6158731","2025-11-10 12:00","2025","11","10","12:00","","-2.8","","-7.7","","69","","","","36","","23","","24.1","","99.22","","","","-9","","NA"
"-79.63","43.68","TORONTO INTL A","6158731","2025-11-10 13:00","2025","11","10","13:00","","-2.9","","-6.7","","75","","","","33","","24","","19.3","","99.16","","","","-10","","Snow"
"-79.63","43.68","TORONTO INTL A","6158731","2025-11-10 14:00","2025","11","10","14:00","","-2.8","","-6.9","","73","","","","33","","22","","19.3","","99.09","","","","-9","","Snow"
"-79.63","43.68","TORONTO INTL A","6158731","2025-11-10 15:00","2025","11","10","15:00","","-3.1","","-7.3","","73","","","","34","","26","","19.3","","99.05","","","","-10","","Snow"
"-79.63","43.68","TORONTO INTL A","6158731","2025-11-10 16:00","2025","11","10","16:00","","-3.2","","-7.0","","75","","","","33","","22","","24.1","","99.04","","","","-10","","Mostly Cloudy"
"-79.63","43.68","TORONTO INTL A","6158731","2025-11-10 17:00","2025","11","10","17:00","","-3.5","","-6.9","","77","","","","32","","20","","24.1","","99.05","","","","-10","","NA"
"-79.63","43.68","TORONTO INTL A","6158731","2025-11-10 18:00","2025","11","10","18:00","","-3.6","","-6.6","","79","","","","33","","18","","24.1","","99.09","","","","-9","","NA"
"-79.63","43.68","TORONTO INTL A","6158731","2025-11-10 19:00","2025","11","10","19:00","","-3.7","","-6.6","","80","","","","34","","19","","6.4","","99.09","","","","-10","","Snow"
"-79.63","43.68","TORONTO INTL A","6158731","2025-11-10 20:00","2025","11","10","20:00","","-3.9","","-6.0","","86","","","","32","","21","","3.6","","99.07","","","","-10","","Snow"
"-79.63","43.68","TORONTO INTL A","6158731","2025-11-10 21:00","2025","11","10","21:00","","-4.0","","-6.2","","84","","","","32","","25","","9.7","","99.02","","","","-11","","Snow"
"-79.63","43.68","TORONTO INTL A","6158731","2025-11-10 22:00","2025","11","10","22:00","","-3.8","","-6.8","","80","","","","32","","23","","24.1","","98.95","","","","-11","","Cloudy"
"-79.63","43.68","TORONTO INTL A","6158731","2025-11-10 23:00","2025","11","10","23:00","","-3.8","","-6.8","","80","","","","31","","23","","24.1","","98.90","","","","-11","","NA"
"-79.63","43.68","TORONTO INTL A","6158731","2025-11-11 00:00","2025","11","11","00:00","","-3.7","","-6.4","","82","","","","31","","20","","16.1","","98.86","","","","-10","","Snow"
"-79.63","43.68","TORONTO INTL A","6158731","2025-11-11 01:00","2025","11","11","01:00","","-3.9","","-5.8","","87","","","","30","","19","","2.4","","98.81","","","","-10","","Snow"
"-79.63","43.68","TORONTO INTL A","6158731","2025-11-11 02:00","2025","11","11","02:00","","-3.8","","-5.9","","86","","","","26","","10","","24.1","","98.76","","","","-8","","NA"
"-79.63","43.68","TORONTO INTL A","6158731","2025-11-11 03:00","2025","11","11","03:00","","-3.7","","-5.5","","87","","","","22","","7","","9.7","","98.72","","","","-7","","Snow"
"-79.63","43.68","TORONTO INTL A","6158731","2025-11-11 04:00","2025","11","11","04:00","","-3.3","","-5.7","","84","","","","34","","10","","4.0","","98.70","","","","-7","","Snow"
"-79.63","43.68","TORONTO INTL A","6158731","2025-11-11 05:00","2025","11","11","05:00","","-3.6","","-5.4","","87","","","","30","","9","","24.1","","98.69","","","","-7","","Snow"
"-79.63","43.68","TORONTO INTL A","6158731","2025-11-11 06:00","2025","11","11","06:00","","-2.9","","-5.5","","82","","","","30","","13","","9.7","","98.69","","","","-8","","Snow"
"-79.63","43.68","TORONTO INTL A","6158731","2025-11-11 07:00","2025","11","11","07:00","","-3.2","","-5.3","","85","","","","26","","10","","8.1","","98.71","","","","-7","","Snow"
"-79.63","43.68","TORONTO INTL A","6158731","2025-11-11 08:00","2025","11","11","08:00","","-2.3","","-4.0","","88","","","","27","","9","","3.2","","98.74","","","","-6","","Snow"
"-79.63","43.68","TORONTO INTL A","6158731","2025-11-11 09:00","2025","11","11","09:00","","-1.0","","-3.0","","86","","","","32","","14","","12.9","","98.77","","","","-5","","Snow"
"-79.63","43.68","TORONTO INTL A","6158731","2025-11-11 10:00","2025","11","11","10:00","","0.1","","-3.7","","76","","","","32","","9","","24.1","","98.76","","","","","","Mainly Clear"
"-79.63","43.68","TORONTO INTL A","6158731","2025-11-11 11:00","2025","11","11","11:00","","2.3","","-5.1","","58","","","","31","","30","","24.1","","98.77","","","","","","NA"
"-79.63","43.68","TORONTO INTL A","6158731","2025-11-11 12:00","2025","11","11","12:00","","2.2","","-3.6","","65","","","","30","","37","","24.1","","98.75","","","","","","NA"
"-79.63","43.68","TORONTO INTL A","6158731","2025-11-11 13:00","2025","11","11","13:00","","2.3","","-3.7","","65","","","","30","","30","","24.1","","98.77","","","","","","Mostly Cloudy"
"-79.63","43.68","TORONTO INTL A","6158731","2025-11-11 14:00","2025","11","11","14:00","","2.7","","-2.8","","67","","","","28","","18","","24.1","","98.76","","","","","","NA"
"-79.63","43.68","TORONTO INTL A","6158731","2025-11-11 15:00","2025","11","11","15:00","","2.2","","-0.8","","80","","","","31","","19","","24.1","","98.77","","","","","","NA"
"-79.63","43.68","TORONTO INTL A","6158731","2025-11-11 16:00","2025","11","11","16:00","","2.3","","-1.9","","74","","","","26","","35","","24.1","","98.77","","","","","","Cloudy"
"-79.63","43.68","TORONTO INTL A","6158731","2025-11-11 17:00","2025","11","11","17:00","","2.1","","-3.0","","69","","","","25","","30","","24.1","","98.81","","","","","","NA"
"-79.63","43.68","TORONTO INTL A","6158731","2025-11-11 18:00","2025","11","11","18:00","","1.7","","-3.3","","69","","","","23","","18","","24.1","","98.80","","","","","","NA"
"-79.63","43.68","TORONTO INTL A","6158731","2025-11-11 19:00","2025","11","11","19:00","","1.6","","-3.6","","68","","","","21","","11","","24.1","","98.75","","","","","","Cloudy"
"-79.63","43.68","TORONTO INTL A","6158731","2025-11-11 20:00","2025","11","11","20:00","","1.4","","-3.5","","70","","","","21","","17","","24.1","","98.75","","","","","","NA"
"-79.63","43.68","TORONTO INTL A","6158731","2025-11-11 21:00","2025","11","11","21:00","","0.1","","-1.3","","91","","","","23","","17","","2.4","","98.73","","","","","","Snow"
"-79.63","43.68","TORONTO INTL A","6158731","2025-11-11 22:00","2025","11","11","22:00","","-0.1","","-1.6","","90","","","","24","","15","","9.7","","98.62","","","","-5","","Snow"
"-79.63","43.68","TORONTO INTL A","6158731","2025-11-11 23:00","2025","11","11","23:00","","0.4","","-1.5","","87","","","","20","","13","","9.7","","98.55","","","","","","Snow"
"-79.63","43.68","TORONTO INTL A","6158731","2025-11-12 00:00","2025","11","12","00:00","","0.6","","-1.4","","86","","","","21","","15","","24.1","","98.46","","","","","","NA"
"-79.63","43.68","TORONTO INTL A","6158731","2025-11-12 01:00","2025","11","12","01:00","","1.1","","-2.0","","80","","","","19","","9","","24.1","","98.34","","","","","","Cloudy"
"-79.63","43.68","TORONTO INTL A","6158731","2025-11-12 02:00","2025","11","12","02:00","","1.2","","-2.6","","75","","","","21","","9","","24.1","","98.28","","","","","","NA"
"-79.63","43.68","TORONTO INTL A","6158731","2025-11-12 03:00","2025","11","12","03:00","","1.6","","-3.1","","71","","","","24","","14","","24.1","","98.25","","","","","","NA"
"-79.63","43.68","TORONTO INTL A","6158731","2025-11-12 04:00","2025","11","12","04:00","","1.4","","-2.2","","77","","","","24","","15","","9.7","","98.19","","","","","","Snow"
"-79.63","43.68","TORONTO INTL A","6158731","2025-11-12 05:00","2025","11","12","05:00","","1.6","","-2.0","","77","","","","22","","14","","24.1","","98.17","","","","","","NA"
"-79.63","43.68","TORONTO INTL A","6158731","2025-11-12 06:00","2025","11","12","06:00","","1.8","","-1.9","","76","","","","22","","13","","24.1","","98.15","","","","","","NA"
"-79.63","43.68","TORONTO INTL A","6158731","2025-11-12 07:00","2025","11","12","07:00","","2.1","","-1.8","","75","","","","22","","13","","24.1","","98.14","","","","","","Cloudy"
"-79.63","43.68","TORONTO INTL A","6158731","2025-11-12 08:00","2025","11","12","08:00","","2.2","","-1.4","","77","","","","23","","17","","24.1","","98.14","","","","","","NA"
"-79.63","43.68","TORONTO INTL A","6158731","2025-11-12 09:00","2025","11","12","09:00","","2.4","","-0.7","","80","","","","25","","26","","19.3","","98.15","","","","","","NA"
"-79.63","43.68","TORONTO INTL A","6158731","2025-11-12 10:00","2025","11","12","10:00","","3.0","","0.1","","81","","","","24","","18","","19.3","","98.12","","","","","","Mostly Cloudy"
"-79.63","43.68","TORONTO INTL A","6158731","2025-11-12 11:00","2025","11","12","11:00","","4.0","","1.0","","81","","","","24","","22","","24.1","","98.14","","","","","","NA"
"-79.63","43.68","TORONTO INTL A","6158731","2025-11-12 12:00","2025","11","12","12:00","","5.0","","1.8","","80","","","","25","","23","","24.1","","98.09","","","","","","NA"
"-79.63","43.68","TORONTO INTL A","6158731","2025-11-12 13:00","2025","11","12","13:00","","6.1","","2.4","","77","","","","26","","29","","24.1","","98.06","","","","","","Cloudy"
"-79.63","43.68","TORONTO INTL A","6158731","2025-11-12 14:00","2025","11","12","14:00","","6.5","","2.8","","77","","","","27","","35","","24.1","","98.10","","","","","","NA"
"-79.63","43.68","TORONTO INTL A","6158731","2025-11-12 15:00","2025","11","12","15:00","","6.9","","2.7","","75","","","","28","","36","","24.1","","98.15","","","","","","NA"
"-79.63","43.68","TORONTO INTL A","6158731","2025-11-12 16:00","2025","11","12","16:00","","6.4","","2.4","","76","","","","27","","39","","24.1","","98.28","","","","","","Mostly Cloudy"
"-79.63","43.68","TORONTO INTL A","6158731","2025-11-12 17:00","2025","11","12","17:00","","5.6","","3.2","","85","","","","27","","26","","19.3","","98.36","","","","","","Rain"
"-79.63","43.68","TORONTO INTL A","6158731","2025-11-12 18:00","2025","11","12","18:00","","5.2","","2.9","","85","","","","28","","22","","24.1","","98.49","","","","","","NA"
"-79.63","43.68","TORONTO INTL A","6158731","2025-11-12 19:00","2025","11","12","19:00","","5.3","","2.5","","82","","","","28","","26","","24.1","","98.58","","","","","","Mostly Cloudy"
"-79.63","43.68","TORONTO INTL A","6158731","2025-11-12 20:00","2025","11","12","20:00","","5.1","","1.9","","80","","","","27","","26","","24.1","","98.64","","","","","","NA"
"-79.63","43.68","TORONTO INTL A","6158731","2025-11-12 21:00","2025","11","12","21:00","","4.6","","1.9","","83","","","","27","","22","","24.1","","98.68","","","","","","NA"
"-79.63","43.68","TORONTO INTL A","6158731","2025-11-12 22:00","2025","11","12","22:00","","4.8","","1.8","","81","","","","28","","18","","24.1","","98.75","","","","","","Mostly Cloudy"
"-79.63","43.68","TORONTO INTL A","6158731","2025-11-12 23:00","2025","11","12","23:00","","4.4","","1.7","","82","","","","27","","24","","24.1","","98.76","","","","","","NA"
"-79.63","43.68","TORONTO INTL A","6158731","2025-11-13 00:00","2025","11","13","00:00","","4.1","","1.0","","80","","","","28","","22","","24.1","","98.80","","","","","","NA"
"-79.63","43.68","TORONTO INTL A","6158731","2025-11-13 01:00","2025","11","13","01:00","","4.3","","0.9","","79","","","","25","","32","","24.1","","98.77","","","","","","Mostly Cloudy"
"-79.63","43.68","TORONTO INTL A","6158731","2025-11-13 02:00","2025","11","13","02:00","","4.5","","0.4","","75","","","","25","","21","","24.1","","98.82","","","","","","NA"
"-79.63","43.68","TORONTO INTL A","6158731","2025-11-13 03:00","2025","11","13","03:00","","4.0","","0.3","","76","","","","27","","22","","24.1","","98.86","","","","","","NA"
"-79.63","43.68","TORONTO INTL A","6158731","2025-11-13 04:00","2025","11","13","04:00","","3.8","","0.1","","76","","","","27","","22","","24.1","","98.87","","","","","","Mostly Cloudy"
"-79.63","43.68","TORONTO INTL A","6158731","2025-11-13 05:00","2025","11","13","05:00","","3.9","","-0.1","","75","","","","28","","22","","24.1","","98.91","","","","","","NA"
"-79.63","43.68","TORONTO INTL A","6158731","2025-11-13 06:00","2025","11","13","06:00","","3.8","","0.0","","76","","","","29","","28","","24.1","","98.97","","","","","","NA"
"-79.63","43.68","TORONTO INTL A","6158731","2025-11-13 07:00","2025","11","13","07:00","","3.4","","0.1","","79","","","","28","","23","","24.1","","99.06","","","","","","Mainly Clear"
"-79.63","43.68","TORONTO INTL A","6158731","2025-11-13 08:00","2025","11","13","08:00","","3.1","","0.2","","81","","","","29","","20","","24.1","","99.15","","","","","","NA"
"-79.63","43.68","TORONTO INTL A","6158731","2025-11-13 09:00","2025","11","13","09:00","","5.1","","0.8","","73","","","","29","","19","","24.1","","99.20","","","","","","NA"
"-79.63","43.68","TORONTO INTL A","6158731","2025-11-13 10:00","2025","11","13","10:00","","5.6","","0.8","","71","","","","28","","28","","24.1","","99.24","","","","","","Mainly Clear"
"-79.63","43.68","TORONTO INTL A","6158731","2025-11-13 11:00","2025","11","13","11:00","","6.1","","0.5","","67","","","","29","","28","","24.1","","99.31","","","","","","NA"
"-79.63","43.68","TORONTO INTL A","6158731","2025-11-13 12:00","2025","11","13","12:00","","5.6","","-0.7","","64","","","","31","","36","","19.3","","99.34","","","","","","Rain Showers"
"-79.63","43.68","TORONTO INTL A","6158731","2025-11-13 13:00","2025","11","13","13:00","","4.3","","2.2","","86","","","","32","","25","","19.3","","99.37","","","","","","Rain Showers"
"-79.63","43.68","TORONTO INTL A","6158731","2025-11-13 14:00","2025","11","13","14:00","","5.3","","1.0","","74","","","","30","","26","","24.1","","99.38","","","","","","NA"
"-79.63","43.68","TORONTO INTL A","6158731","2025-11-13 15:00","2025","11","13","15:00","","6.0","","-0.3","","64","","","","30","","32","","24.1","","99.42","","","","","","NA"
"-79.63","43.68","TORONTO INTL A","6158731","2025-11-13 16:00","2025","11","13","16:00","","3.5","","1.7","","88","","","","31","","19","","24.1","","99.52","","","","","","Rain Showers"
"-79.63","43.68","TORONTO INTL A","6158731","2025-11-13 17:00","2025","11","13","17:00","","4.2","","-0.3","","72","","","","29","","23","","24.1","","99.55","","","","","","NA"
"-79.63","43.68","TORONTO INTL A","6158731","2025-11-13 18:00","2025","11","13","18:00","","4.4","","0.0","","73","","","","26","","17","","24.1","","99.60","","","","","","NA"
"-79.63","43.68","TORONTO INTL A","6158731","2025-11-13 19:00","2025","11","13","19:00","","3.8","","-0.1","","75","","","","26","","16","","24.1","","99.64","","","","","","Mostly Cloudy"
"-79.63","43.68","TORONTO INTL A","6158731","2025-11-13 20:00","2025","11","13","20:00","","3.3","","-0.6","","76","","","","26","","16","","24.1","","99.67","","","","","","NA"
"-79.63","43.68","TORONTO INTL A","6158731","2025-11-13 21:00","2025","11","13","21:00","","3.2","","-1.2","","73","","","","24","","16","","24.1","","99.67","","","","","","NA"
"-79.63","43.68","TORONTO INTL A","6158731","2025-11-13 22:00","2025","11","13","22:00","","3.1","","-1.4","","72","","","","35","","8","","24.1","","99.68","","","","","","Mostly Cloudy"
"-79.63","43.68","TORONTO INTL A","6158731","2025-11-13 23:00","2025","11","13","23:00","","2.3","","-1.9","","74","","","","23","","5","","24.1","","99.69","","","","","","NA"
"-79.63","43.68","TORONTO INTL A","6158731","2025-11-14 00:00","2025","11","14","00:00","","1.4","","-2.0","","78","","","","24","","13","","24.1","","99.68","","","","","","NA"
"-79.63","43.68","TORONTO INTL A","6158731","2025-11-14 01:00","2025","11","14","01:00","","1.5","","-1.4","","81","","","","26","","14","","24.1","","99.68","","","","","","Mostly Cloudy"
"-79.63","43.68","TORONTO INTL A","6158731","2025-11-14 02:00","2025","11","14","02:00","","1.1","","-1.6","","82","","","","26","","16","","24.1","","99.71","","","","","","NA"
"-79.63","43.68","TORONTO INTL A","6158731","2025-11-14 03:00","2025","11","14","03:00","","1.0","","-1.6","","82","","","","26","","20","","24.1","","99.73","","","","","","NA"
"-79.63","43.68","TORONTO INTL A","6158731","2025-11-14 04:00","2025","11","14","04:00","","2.3","","-0.2","","84","","","","26","","12","","24.1","","99.77","","","","","","Rain"
"-79.63","43.68","TORONTO INTL A","6158731","2025-11-14 05:00","2025","11","14","05:00","","1.6","","-1.2","","82","","","","25","","14","","24.1","","99.79","","","","","","NA"
"-79.63","43.68","TORONTO INTL A","6158731","2025-11-14 06:00","2025","11","14","06:00","","0.8","","-1.4","","86","","","","27","","8","","24.1","","99.81","","","","","","NA"
"-79.63","43.68","TORONTO INTL A","6158731","2025-11-14 07:00","2025","11","14","07:00","","1.7","","-1.0","","83","","","","28","","14","","24.1","","99.79","","","","","","Mostly Cloudy"
"-79.63","43.68","TORONTO INTL A","6158731","2025-11-14 08:00","2025","11","14","08:00","","2.0","","-0.6","","83","","","","27","","13","","24.1","","99.81","","","","","","NA"
"-79.63","43.68","TORONTO INTL A","6158731","2025-11-14 09:00","2025","11","14","09:00","","3.8","","0.4","","78","","","","29","","12","","24.1","","99.79","","","","","","NA"
"-79.63","43.68","TORONTO INTL A","6158731","2025-11-14 10:00","2025","11","14","10:00","","5.7","","1.1","","72","","","","28","","13","","24.1","","99.74","","","","","","Mostly Cloudy"
"-79.63","43.68","TORONTO INTL A","6158731","2025-11-14 11:00","2025","11","14","11:00","","7.3","","1.6","","67","","","","28","","10","","24.1","","99.69","","","","","","NA"
"-79.63","43.68","TORONTO INTL A","6158731","2025-11-14 12:00","2025","11","14","12:00","","7.7","","1.8","","66","","","","27","","14","","24.1","","99.62","","","","","","NA"
"-79.63","43.68","TORONTO INTL A","6158731","2025-11-14 13:00","2025","11","14","13:00","","8.7","","2.2","","64","","","","29","","16","","24.1","","99.54","","","","","","Cloudy"
"-79.63","43.68","TORONTO INTL A","6158731","2025-11-14 14:00","2025","11","14","14:00","","8.5","","2.0","","64","","","","27","","15","","24.1","","99.46","","","","","","NA"
"-79.63","43.68","TORONTO INTL A","6158731","2025-11-14 15:00","2025","11","14","15:00","","8.8","","1.8","","61","","","","28","","14","","24.1","","99.42","","","","","","NA"
"-79.63","43.68","TORONTO INTL A","6158731","2025-11-14 16:00","2025","11","14","16:00","","8.6","","2.3","","65","","","","30","","9","","24.1","","99.43","","","","","","Mostly Cloudy"
"-79.63","43.68","TORONTO INTL A","6158731","2025-11-14 17:00","2025","11","14","17:00","","7.3","","1.8","","68","","","","36","","13","","24.1","","99.40","","","","","","NA"
"-79.63","43.68","TORONTO INTL A","6158731","2025-11-14 18:00","2025","11","14","18:00","","5.7","","1.8","","76","","","","5","","9","","24.1","","99.43","","","","","","NA"
"-79.63","43.68","TORONTO INTL A","6158731","2025-11-14 19:00","2025","11","14","19:00","","4.7","","1.4","","79","","","","5","","9","","24.1","","99.44","","","","","","Clear"
"-79.63","43.68","TORONTO INTL A","6158731","2025-11-14 20:00","2025","11","14","20:00","","4.8","","1.3","","78","","","","5","","7","","24.1","","99.44","","","","","","NA"
"-79.63","43.68","TORONTO INTL A","6158731","2025-11-14 21:00","2025","11","14","21:00","","4.1","","1.2","","81","","","","6","","5","","24.1","","99.44","","","","","","NA"
"-79.63","43.68","TORONTO INTL A","6158731","2025-11-14 22:00","2025","11","14","22:00","","3.5","","0.4","","80","","","","8","","6","","24.1","","99.41","","","","","","Clear"
"-79.63","43.68","TORONTO INTL A","6158731","2025-11-14 23:00","2025","11","14","23:00","","3.4","","-0.6","","75","","","","7","","10","","24.1","","99.39","","","","","","NA"
"-79.63","43.68","TORONTO INTL A","6158731","2025-11-15 00:00","2025","11","15","00:00","","2.0","","-1.2","","79","","","","8","","10","","24.1","","99.34","","","","","","NA"
"-79.63","43.68","TORONTO INTL A","6158731","2025-11-15 01:00","2025","11","15","01:00","","2.0","","-1.4","","78","","","","8","","12","","24.1","","99.27","","","","","","Mostly Cloudy"
"-79.63","43.68","TORONTO INTL A","6158731","2025-11-15 02:00","2025","11","15","02:00","","2.1","","-1.6","","76","","","","8","","10","","24.1","","99.27","","","","","","NA"
"-79.63","43.68","TORONTO INTL A","6158731","2025-11-15 03:00","2025","11","15","03:00","","2.4","","-1.2","","77","","","","7","","10","","24.1","","99.18","","","","","","NA"
"-79.63","43.68","TORONTO INTL A","6158731","2025-11-15 04:00","2025","11","15","04:00","","2.3","","-0.9","","79","","","","7","","11","","24.1","","99.10","","","","","","Mostly Cloudy"
"-79.63","43.68","TORONTO INTL A","6158731","2025-11-15 05:00","2025","11","15","05:00","","2.6","","-0.4","","81","","","","8","","8","","24.1","","99.03","","","","","","NA"
"-79.63","43.68","TORONTO INTL A","6158731","2025-11-15 06:00","2025","11","15","06:00","","2.5","","0.0","","84","","","","7","","8","","24.1","","98.92","","","","","","NA"
"-79.63","43.68","TORONTO INTL A","6158731","2025-11-15 07:00","2025","11","15","07:00","","2.6","","0.3","","84","","","","9","","9","","24.1","","98.80","","","","","","Cloudy"
"-79.63","43.68","TORONTO INTL A","6158731","2025-11-15 08:00","2025","11","15","08:00","","3.8","","0.7","","80","","","","13","","14","","24.1","","98.67","","","","","","NA"
"-79.63","43.68","TORONTO INTL A","6158731","2025-11-15 09:00","2025","11","15","09:00","","4.6","","1.1","","78","","","","10","","16","","24.1","","98.57","","","","","","NA"
"-79.63","43.68","TORONTO INTL A","6158731","2025-11-15 10:00","2025","11","15","10:00","","5.1","","2.0","","81","","","","11","","18","","24.1","","98.44","","","","","","Cloudy"
"-79.63","43.68","TORONTO INTL A","6158731","2025-11-15 11:00","2025","11","15","11:00","","5.9","","2.4","","78","","","","11","","14","","24.1","","98.26","","","","","","NA"
"-79.63","43.68","TORONTO INTL A","6158731","2025-11-15 12:00","2025","11","15","12:00","","6.0","","2.8","","80","","","","12","","13","","24.1","","98.00","","","","","","Rain"
"-79.63","43.68","TORONTO INTL A","6158731","2025-11-15 13:00","2025","11","15","13:00","","5.0","","3.5","","90","","","","11","","14","","19.3","","97.79","","","","","","Cloudy"
"-79.63","43.68","TORONTO INTL A","6158731","2025-11-15 14:00","2025","11","15","14:00","","5.3","","3.8","","90","","","","12","","17","","19.3","","97.45","","","","","","NA"
"-79.63","43.68","TORONTO INTL A","6158731","2025-11-15 15:00","2025","11","15","15:00","","5.2","","4.2","","93","","","","11","","8","","8.1","","97.31","","","","","","Thunderstorms,Rain Showers"
"-79.63","43.68","TORONTO INTL A","6158731","2025-11-15 16:00","2025","11","15","16:00","","5.2","","4.5","","95","","","","10","","3","","3.2","","97.26","","","","","","Rain,Fog"
"-79.63","43.68","TORONTO INTL A","6158731","2025-11-15 17:00","2025","11","15","17:00","","5.6","","5.0","","96","","","","12","","7","","6.4","","97.17","","","","","","Rain,Fog"
"-79.63","43.68","TORONTO INTL A","6158731","2025-11-15 18:00","2025","11","15","18:00","","5.7","","5.1","","96","","","","","","0","","2.4","","97.09","","","","","","Fog"
"-79.63","43.68","TORONTO INTL A","6158731","2025-11-15 19:00","2025","11","15","19:00","","5.9","","5.4","","97","","","","27","","4","","2.0","","97.00","","","","","","Fog"
"-79.63","43.68","TORONTO INTL A","6158731","2025-11-15 20:00","2025","11","15","20:00","","5.9","","5.4","","96","","","","28","","10","","4.8","","96.96","","","","","","Rain,Fog"
"-79.63","43.68","TORONTO INTL A","6158731","2025-11-15 21:00","2025","11","15","21:00","","10.6","","7.8","","83","","","","29","","30","","24.1","","96.96","","","","","","NA"
"-79.63","43.68","TORONTO INTL A","6158731","2025-11-15 22:00","2025","11","15","22:00","","9.1","","6.5","","84","","","","30","","36","","24.1","","97.06","","","","","","Mostly Cloudy"
"-79.63","43.68","TORONTO INTL A","6158731","2025-11-15 23:00","2025","11","15","23:00","","8.4","","5.9","","84","","","","29","","38","","24.1","","97.14","","","","","","NA"
"-79.63","43.68","TORONTO INTL A","6158731","2025-11-16 00:00","2025","11","16","00:00","","8.4","","5.4","","81","","","","29","","32","","24.1","","97.15","","","","","","NA"
"-79.63","43.68","TORONTO INTL A","6158731","2025-11-16 01:00","2025","11","16","01:00","","8.1","","4.6","","78","","","","30","","38","","24.1","","97.18","","","","","","Cloudy"
"-79.63","43.68","TORONTO INTL A","6158731","2025-11-16 02:00","2025","11","16","02:00","","7.0","","2.9","","75","","","","30","","33","","24.1","","97.25","","","","","","NA"
"-79.63","43.68","TORONTO INTL A","6158731","2025-11-16 03:00","2025","11","16","03:00","","6.4","","2.4","","75","","","","29","","39","","24.1","","97.35","","","","","","NA"
"-79.63","43.68","TORONTO INTL A","6158731","2025-11-16 04:00","2025","11","16","04:00","","5.0","","1.2","","77","","","","28","","31","","24.1","","97.37","","","","","","Mainly Clear"
"-79.63","43.68","TORONTO INTL A","6158731","2025-11-16 05:00","2025","11","16","05:00","","5.0","","-1.3","","64","","","","32","","43","","24.1","","97.46","","","","","","NA"
"-79.63","43.68","TORONTO INTL A","6158731","2025-11-16 06:00","2025","11","16","06:00","","4.1","","-3.3","","59","","","","30","","35","","24.1","","97.49","","","","","","NA"
"-79.63","43.68","TORONTO INTL A","6158731","2025-11-16 07:00","2025","11","16","07:00","","3.1","","-2.9","","65","","","","29","","37","","24.1","","97.54","","","","","","Mainly Clear"
"-79.63","43.68","TORONTO INTL A","6158731","2025-11-16 08:00","2025","11","16","08:00","","3.1","","-1.5","","72","","","","29","","35","","24.1","","97.64","","","","","","NA"
"-79.63","43.68","TORONTO INTL A","6158731","2025-11-16 09:00","2025","11","16","09:00","","3.6","","-3.2","","61","","","","30","","47","","24.1","","97.71","","","","","","NA"
"-79.63","43.68","TORONTO INTL A","6158731","2025-11-16 10:00","2025","11","16","10:00","","3.1","","-5.0","","55","","","","31","","41","","24.1","","97.81","","","","","","Mostly Cloudy"
"-79.63","43.68","TORONTO INTL A","6158731","2025-11-16 11:00","2025","11","16","11:00","","3.4","","-4.9","","55","","","","32","","43","","24.1","","97.86","","","","","","NA"
"-79.63","43.68","TORONTO INTL A","6158731","2025-11-16 12:00","2025","11","16","12:00","","5.0","","-6.6","","43","","","","32","","52","","24.1","","97.84","","","","","","NA"
"-79.63","43.68","TORONTO INTL A","6158731","2025-11-16 13:00","2025","11","16","13:00","","4.4","","-5.7","","48","","","","30","","50","","24.1","","97.88","","","","","","Mostly Cloudy"
"-79.63","43.68","TORONTO INTL A","6158731","2025-11-16 14:00","2025","11","16","14:00","","4.5","","-6.5","","45","","","","30","","41","","24.1","","97.89","","","","","","NA"
"-79.63","43.68","TORONTO INTL A","6158731","2025-11-16 15:00","2025","11","16","15:00","","3.2","","-7.5","","45","","","","31","","50","","24.1","","98.01","","","","","","NA"
"-79.63","43.68","TORONTO INTL A","6158731","2025-11-16 16:00","2025","11","16","16:00","","2.8","","-7.9","","45","","","","31","","49","","24.1","","98.09","","","","","","Mostly Cloudy"
"-79.63","43.68","TORONTO INTL A","6158731","2025-11-16 17:00","2025","11","16","17:00","","1.7","","-8.4","","47","","","","32","","48","","24.1","","98.20","","","","","","NA"
"-79.63","43.68","TORONTO INTL A","6158731","2025-11-16 18:00","2025","11","16","18:00","","0.1","","-5.1","","68","","","","29","","30","","24.1","","98.30","","","","","","NA"
"-79.63","43.68","TORONTO INTL A","6158731","2025-11-16 19:00","2025","11","16","19:00","","0.8","","-7.0","","56","","","","30","","39","","24.1","","98.32","","","","","","Clear"
"-79.63","43.68","TORONTO INTL A","6158731","2025-11-16 20:00","2025","11","16","20:00","","1.0","","-8.2","","50","","","","29","","29","","24.1","","98.35","","","","","","NA"
"-79.63","43.68","TORONTO INTL A","6158731","2025-11-16 21:00","2025","11","16","21:00","","-0.2","","-7.2","","59","","","","28","","21","","24.1","","98.39","","","","-6","","NA"
"-79.63","43.68","TORONTO INTL A","6158731","2025-11-16 22:00","2025","11","16","22:00","","-0.9","","-5.9","","69","","","","27","","18","","24.1","","98.40","","","","-6","","Mainly Clear"
"-79.63","43.68","TORONTO INTL A","6158731","2025-11-16 23:00","2025","11","16","23:00","","-1.4","","-6.3","","69","","","","28","","12","","24.1","","98.40","","","","-5","","NA"
"-79.63","43.68","TORONTO INTL A","6158731","2025-11-17 00:00","2025","11","17","00:00","","-1.8","","-6.1","","72","","","","28","","16","","24.1","","98.43","","","","-7","","NA"
"-79.63","43.68","TORONTO INTL A","6158731","2025-11-17 01:00","2025","11","17","01:00","","-1.4","","-5.2","","75","","","","28","","18","","24.1","","98.44","","","","-7","","Clear"
"-79.63","43.68","TORONTO INTL A","6158731","2025-11-17 02:00","2025","11","17","02:00","","-0.4","","-7.1","","61","","","","31","","22","","24.1","","98.50","","","","-6","","NA"
"-79.63","43.68","TORONTO INTL A","6158731","2025-11-17 03:00","2025","11","17","03:00","","-2.0","","-7.3","","67","","","","28","","15","","24.1","","98.56","","","","-7","","NA"
"-79.63","43.68","TORONTO INTL A","6158731","2025-11-17 04:00","2025","11","17","04:00","","-0.9","","-7.7","","60","","","","31","","14","","24.1","","98.61","","","","-5","","Mainly Clear"
"-79.63","43.68","TORONTO INTL A","6158731","2025-11-17 05:00","2025","11","17","05:00","","-2.8","","-7.4","","71","","","","27","","14","","24.1","","98.67","","","","-8","","NA"
"-79.63","43.68","TORONTO INTL A","6158731","2025-11-17 06:00","2025","11","17","06:00","","-0.8","","-5.8","","69","","","","27","","14","","24.1","","98.75","","","","-5","","NA"
"-79.63","43.68","TORONTO INTL A","6158731","2025-11-17 07:00","2025","11","17","07:00","","0.0","","-6.8","","60","","","","29","","19","","24.1","","98.83","","","","-5","","Mostly Cloudy"
"-79.63","43.68","TORONTO INTL A","6158731","2025-11-17 08:00","2025","11","17","08:00","","0.0","","-7.9","","56","","","","29","","21","","24.1","","98.91","","","","-5","","NA"
"-79.63","43.68","TORONTO INTL A","6158731","2025-11-17 09:00","2025","11","17","09:00","","1.4","","-7.3","","52","","","","30","","27","","24.1","","98.97","","","","","","NA"
"-79.63","43.68","TORONTO INTL A","6158731","2025-11-17 10:00","2025","11","17","10:00","","3.1","","-6.5","","49","","","","30","","32","","24.1","","99.03","","","","","","Mostly Cloudy"
"-79.63","43.68","TORONTO INTL A","6158731","2025-11-17 11:00","2025","11","17","11:00","","4.0","","-7.9","","41","","","","31","","36","","24.1","","99.07","","","","","","NA"
"-79.63","43.68","TORONTO INTL A","6158731","2025-11-17 12:00","2025","11","17","12:00","","3.8","","-7.0","","45","","","","31","","31","","24.1","","99.07","","","","","","NA"
"-79.63","43.68","TORONTO INTL A","6158731","2025-11-17 13:00","2025","11","17","13:00","","4.4","","-5.6","","48","","","","29","","24","","24.1","","99.10","","","","","","Mostly Cloudy"
"-79.63","43.68","TORONTO INTL A","6158731","2025-11-17 14:00","2025","11","17","14:00","","3.3","","-6.8","","48","","","","29","","32","","24.1","","99.16","","","","","","NA"
"-79.63","43.68","TORONTO INTL A","6158731","2025-11-17 15:00","2025","11","17","15:00","","3.6","","-6.8","","47","","","","30","","33","","24.1","","99.21","","","","","","NA"
"-79.63","43.68","TORONTO INTL A","6158731","2025-11-17 16:00","2025","11","17","16:00","","3.0","","-7.3","","47","","","","30","","36","","24.1","","99.30","","","","","","Mostly Cloudy"
"-79.63","43.68","TORONTO INTL A","6158731","2025-11-17 17:00","2025","11","17","17:00","","2.5","","-6.8","","50","","","","30","","30","","24.1","","99.35","","","","","","NA"
"-79.63","43.68","TORONTO INTL A","6158731","2025-11-17 18:00","2025","11","17","18:00","","1.8","","-6.0","","56","","","","29","","21","","24.1","","99.47","","","","","","NA"
"-79.63","43.68","TORONTO INTL A","6158731","2025-11-17 19:00","2025","11","17","19:00","","0.0","","-5.9","","64","","","","26","","18","","24.1","","99.52","","","","-5","","Mainly Clear"
"-79.63","43.68","TORONTO INTL A","6158731","2025-11-17 20:00","2025","11","17","20:00","","-0.4","","-5.8","","67","","","","28","","13","","24.1","","99.58","","","","-5","","NA"
"-79.63","43.68","TORONTO INTL A","6158731","2025-11-17 21:00","2025","11","17","21:00","","-1.5","","-5.7","","73","","","","26","","17","","24.1","","99.61","","","","-7","","NA"
"-79.63","43.68","TORONTO INTL A","6158731","2025-11-17 22:00","2025","11","17","22:00","","-1.6","","-5.5","","75","","","","26","","10","","24.1","","99.64","","","","-5","","Mainly Clear"
"-79.63","43.68","TORONTO INTL A","6158731","2025-11-17 23:00","2025","11","17","23:00","","-0.1","","-3.2","","80","","","","26","","12","","24.1","","99.69","","","","-4","","NA"
"-79.63","43.68","TORONTO INTL A","6158731","2025-11-18 00:00","2025","11","18","00:00","","1.0","","-2.5","","78","","","","27","","13","","24.1","","99.70","","","","","","NA"
"-79.63","43.68","TORONTO INTL A","6158731","2025-11-18 01:00","2025","11","18","01:00","","0.4","","-2.8","","79","","","","26","","11","","24.1","","99.66","","","","","","Mostly Cloudy"
"-79.63","43.68","TORONTO INTL A","6158731","2025-11-18 02:00","2025","11","18","02:00","","0.9","","-2.3","","79","","","","26","","14","","24.1","","99.72","","","","","","NA"
"-79.63","43.68","TORONTO INTL A","6158731","2025-11-18 03:00","2025","11","18","03:00","","1.2","","-2.3","","77","","","","26","","14","","24.1","","99.77","","","","","","NA"
"-79.63","43.68","TORONTO INTL A","6158731","2025-11-18 04:00","2025","11","18","04:00","","1.0","","-2.4","","78","","","","28","","7","","24.1","","99.78","","","","","","Mostly Cloudy"
"-79.63","43.68","TORONTO INTL A","6158731","2025-11-18 05:00","2025","11","18","05:00","","0.6","","-2.2","","81","","","","26","","9","","24.1","","99.85","","","","","","NA"
"-79.63","43.68","TORONTO INTL A","6158731","2025-11-18 06:00","2025","11","18","06:00","","1.2","","-2.4","","77","","","","25","","8","","24.1","","99.87","","","","","","NA"
"-79.63","43.68","TORONTO INTL A","6158731","2025-11-18 07:00","2025","11","18","07:00","","1.7","","-2.5","","74","","","","25","","8","","24.1","","99.93","","","","","","Mostly Cloudy"
"-79.63","43.68","TORONTO INTL A","6158731","2025-11-18 08:00","2025","11","18","08:00","","2.1","","-2.3","","73","","","","26","","9","","24.1","","99.98","","","","","","NA"
"-79.63","43.68","TORONTO INTL A","6158731","2025-11-18 09:00","2025","11","18","09:00","","3.0","","-2.1","","69","","","","29","","9","","24.1","","99.95","","","","","","NA"
"-79.63","43.68","TORONTO INTL A","6158731","2025-11-18 10:00","2025","11","18","10:00","","3.9","","-3.1","","61","","","","29","","11","","24.1","","99.97","","","","","","Mostly Cloudy"
"-79.63","43.68","TORONTO INTL A","6158731","2025-11-18 11:00","2025","11","18","11:00","","5.2","","-3.4","","54","","","","23","","14","","24.1","","99.96","","","","","","NA"
"-79.63","43.68","TORONTO INTL A","6158731","2025-11-18 12:00","2025","11","18","12:00","","5.1","","-4.7","","49","","","","25","","19","","24.1","","99.88","","","","","","NA"
"-79.63","43.68","TORONTO INTL A","6158731","2025-11-18 13:00","2025","11","18","13:00","","5.1","","-5.3","","47","","","","21","","7","","24.1","","99.79","","","","","","Mostly Cloudy"
"-79.63","43.68","TORONTO INTL A","6158731","2025-11-18 14:00","2025","11","18","14:00","","5.6","","-5.2","","46","","","","30","","11","","24.1","","99.76","","","","","","NA"
"-79.63","43.68","TORONTO INTL A","6158731","2025-11-18 15:00","2025","11","18","15:00","","6.0","","-5.2","","45","","","","26","","15","","24.1","","99.76","","","","","","NA"
"-79.63","43.68","TORONTO INTL A","6158731","2025-11-18 16:00","2025","11","18","16:00","","4.6","","-6.1","","46","","","","28","","8","","24.1","","99.76","","","","","","Mostly Cloudy"
"-79.63","43.68","TORONTO INTL A","6158731","2025-11-18 17:00","2025","11","18","17:00","","4.1","","-5.6","","49","","","","30","","9","","24.1","","99.77","","","","","","NA"
"-79.63","43.68","TORONTO INTL A","6158731","2025-11-18 18:00","2025","11","18","18:00","","3.3","","-5.5","","52","","","","34","","13","","24.1","","99.77","","","","","","NA"
"-79.63","43.68","TORONTO INTL A","6158731","2025-11-18 19:00","2025","11","18","19:00","","2.3","","-4.2","","62","","","","4","","11","","24.1","","99.81","","","","","","Mainly Clear"
"-79.63","43.68","TORONTO INTL A","6158731","2025-11-18 20:00","2025","11","18","20:00","","1.9","","-4.3","","63","","","","5","","8","","24.1","","99.85","","","","","","NA"
"-79.63","43.68","TORONTO INTL A","6158731","2025-11-18 21:00","2025","11","18","21:00","","1.1","","-4.6","","65","","","","2","","10","","24.1","","99.84","","","","","","NA"
"-79.63","43.68","TORONTO INTL A","6158731","2025-11-18 22:00","2025","11","18","22:00","","0.8","","-4.4","","68","","","","2","","9","","24.1","","99.86","","","","","","Mostly Cloudy"
"-79.63","43.68","TORONTO INTL A","6158731","2025-11-18 23:00","2025","11","18","23:00","","-0.2","","-4.6","","73","","","","1","","7","","24.1","","99.88","","","","-3","","NA"
"-79.63","43.68","TORONTO INTL A","6158731","2025-11-19 00:00","2025","11","19","00:00","","-0.1","","-4.2","","74","","","","1","","5","","24.1","","99.89","","","","-2","","NA"
"-79.63","43.68","TORONTO INTL A","6158731","2025-11-19 01:00","2025","11","19","01:00","","-1.1","","-5.1","","75","","","","34","","7","","24.1","","99.90","","","","-4","","Mainly Clear"
"-79.63","43.68","TORONTO INTL A","6158731","2025-11-19 02:00","2025","11","19","02:00","","-1.8","","-5.3","","77","","","","","","0","","24.1","","99.93","","","","","","NA"
"-79.63","43.68","TORONTO INTL A","6158731","2025-11-19 03:00","2025","11","19","03:00","","-2.3","","-5.8","","77","","","","33","","7","","24.1","","99.98","","","","-5","","NA"
"-79.63","43.68","TORONTO INTL A","6158731","2025-11-19 04:00","2025","11","19","04:00","","-3.3","","-6.4","","79","","","","32","","8","","24.1","","100.01","","","","-7","","Clear"
"-79.63","43.68","TORONTO INTL A","6158731","2025-11-19 05:00","2025","11","19","05:00","","-2.1","","-5.9","","76","","","","30","","3","","24.1","","100.06","","","","-3","","NA"
"-79.63","43.68","TORONTO INTL A","6158731","2025-11-19 06:00","2025","11","19","06:00","","-2.7","","-6.2","","77","","","","32","","4","","24.1","","100.12","","","","-4","","NA"
"-79.63","43.68","TORONTO INTL A","6158731","2025-11-19 07:00","2025","11","19","07:00","","-1.4","","-5.1","","76","","","","34","","17","","24.1","","100.18","","","","-7","","Clear"
"-79.63","43.68","TORONTO INTL A","6158731","2025-11-19 08:00","2025","11","19","08:00","","-1.5","","-4.8","","78","","","","36","","5","","24.1","","100.20","","","","-3","","NA"
"-79.63","43.68","TORONTO INTL A","6158731","2025-11-19 09:00","2025","11","19","09:00","","0.3","","-4.1","","72","","","","36","","9","","24.1","","100.26","","","","","","NA"
"-79.63","43.68","TORONTO INTL A","6158731","2025-11-19 10:00","2025","11","19","10:00","","2.2","","-3.3","","67","","","","36","","7","","24.1","","100.29","","","","","","Clear"
"-79.63","43.68","TORONTO INTL A","6158731","2025-11-19 11:00","2025","11","19","11:00","","3.7","","-4.2","","56","","","","4","","9","","24.1","","100.30","","","","","","NA"
"-79.63","43.68","TORONTO INTL A","6158731","2025-11-19 12:00","2025","11","19","12:00","","4.5","","-4.4","","53","","","","9","","3","","24.1","","100.27","","","","","","NA"
"-79.63","43.68","TORONTO INTL A","6158731","2025-11-19 13:00","2025","11","19","13:00","","5.0","","-4.8","","49","","","","2","","5","","24.1","","100.26","","","","","","Mainly Clear"
"-79.63","43.68","TORONTO INTL A","6158731","2025-11-19 14:00","2025","11","19","14:00","","5.4","","-4.4","","49","","","","","","0","","24.1","","100.27","","","","","","NA"
"-79.63","43.68","TORONTO INTL A","6158731","2025-11-19 15:00","2025","11","19","15:00","","5.9","","-5.8","","43","","","","26","","7","","24.1","","100.24","","","","","","NA"
"-79.63","43.68","TORONTO INTL A","6158731","2025-11-19 16:00","2025","11","19","16:00","","4.8","","-5.5","","47","","","","7","","4","","24.1","","100.23","","","","","","Mostly Cloudy"
"-79.63","43.68","TORONTO INTL A","6158731","2025-11-19 17:00","2025","11","19","17:00","","3.5","","-2.8","","63","","","","15","","8","","24.1","","100.24","","","","","","NA"
"-79.63","43.68","TORONTO INTL A","6158731","2025-11-19 18:00","2025","11","19","18:00","","3.3","","-2.2","","67","","","","","","0","","24.1","","100.33","","","","","","NA"
"-79.63","43.68","TORONTO INTL A","6158731","2025-11-19 19:00","2025","11","19","19:00","","3.3","","-2.2","","67","","","","3","","3","","24.1","","100.32","","","","","","Mostly Cloudy"
"-79.63","43.68","TORONTO INTL A","6158731","2025-11-19 20:00","2025","11","19","20:00","","2.2","","-2.0","","74","","","","6","","7","","24.1","","100.33","","","","","","NA"
"-79.63","43.68","TORONTO INTL A","6158731","2025-11-19 21:00","2025","11","19","21:00","","2.1","","-4.3","","63","","","","4","","8","","24.1","","100.37","","","","","","NA"
"-79.63","43.68","TORONTO INTL A","6158731","2025-11-19 22:00","2025","11","19","22:00","","2.2","","-4.4","","62","","","","3","","7","","24.1","","100.37","","","","","","Mostly Cloudy"
"-79.63","43.68","TORONTO INTL A","6158731","2025-11-19 23:00","2025","11","19","23:00","","1.1","","-3.6","","71","","","","32","","8","","24.1","","100.34","","","","","","NA"
"-79.63","43.68","TORONTO INTL A","6158731","2025-11-20 00:00","2025","11","20","00:00","","1.1","","-3.9","","69","","","","","","0","","24.1","","100.30","","","","","","NA"
"-79.63","43.68","TORONTO INTL A","6158731","2025-11-20 01:00","2025","11","20","01:00","","-0.7","","-4.2","","77","","","","","","0","","24.1","","100.25","","","","","","Mostly Cloudy"
"-79.63","43.68","TORONTO INTL A","6158731","2025-11-20 02:00","2025","11","20","02:00","","-0.7","","-4.0","","79","","","","3","","4","","24.1","","100.23","","","","-2","","NA"
"-79.63","43.68","TORONTO INTL A","6158731","2025-11-20 03:00","2025","11","20","03:00","","-0.2","","-4.0","","76","","","","35","","4","","24.1","","100.22","","","","-1","","NA"
"-79.63","43.68","TORONTO INTL A","6158731","2025-11-20 04:00","2025","11","20","04:00","","-0.6","","-4.1","","77","","","","1","","7","","24.1","","100.20","","","","-3","","Mostly Cloudy"
"-79.63","43.68","TORONTO INTL A","6158731","2025-11-20 05:00","2025","11","20","05:00","","-0.6","","-4.1","","77","","","","36","","5","","24.1","","100.20","","","","-2","","NA"
"-79.63","43.68","TORONTO INTL A","6158731","2025-11-20 06:00","2025","11","20","06:00","","-1.5","","-4.3","","81","","","","1","","4","","24.1","","100.20","","","","-3","","NA"
"-79.63","43.68","TORONTO INTL A","6158731","2025-11-20 07:00","2025","11","20","07:00","","-1.3","","-4.9","","76","","","","","","0","","24.1","","100.25","","","","","","Clear"
"-79.63","43.68","TORONTO INTL A","6158731","2025-11-20 08:00","2025","11","20","08:00","","-0.6","","-4.0","","78","","","","1","","7","","24.1","","100.22","","","","-3","","NA"
"-79.63","43.68","TORONTO INTL A","6158731","2025-11-20 09:00","2025","11","20","09:00","","1.8","","-2.0","","75","","","","2","","5","","24.1","","100.21","","","","","","NA"
"-79.63","43.68","TORONTO INTL A","6158731","2025-11-20 10:00","2025","11","20","10:00","","4.2","","-0.1","","73","","","","10","","8","","24.1","","100.15","","","","","","Clear"
"-79.63","43.68","TORONTO INTL A","6158731","2025-11-20 11:00","2025","11","20","11:00","","4.7","","0.3","","73","","","","16","","9","","24.1","","100.10","","","","","","NA"
"-79.63","43.68","TORONTO INTL A","6158731","2025-11-20 12:00","2025","11","20","12:00","","4.7","","0.6","","75","","","","14","","13","","24.1","","100.04","","","","","","NA"
"-79.63","43.68","TORONTO INTL A","6158731","2025-11-20 13:00","2025","11","20","13:00","","6.2","","1.2","","70","","","","12","","15","","24.1","","99.93","","","","","","Mostly Cloudy"
"-79.63","43.68","TORONTO INTL A","6158731","2025-11-20 14:00","2025","11","20","14:00","","4.9","","0.0","","71","","","","14","","8","","24.1","","99.89","","","","","","NA"
"-79.63","43.68","TORONTO INTL A","6158731","2025-11-20 15:00","2025","11","20","15:00","","5.2","","-0.5","","66","","","","15","","10","","24.1","","99.84","","","","","","NA"
"-79.63","43.68","TORONTO INTL A","6158731","2025-11-20 16:00","2025","11","20","16:00","","4.6","","-0.5","","69","","","","13","","11","","24.1","","99.85","","","","","","Clear"
"-79.63","43.68","TORONTO INTL A","6158731","2025-11-20 17:00","2025","11","20","17:00","","3.7","","0.7","","81","","","","12","","8","","24.1","","99.79","","","","","","NA"
"-79.63","43.68","TORONTO INTL A","6158731","2025-11-20 18:00","2025","11","20","18:00","","3.4","","1.2","","86","","","","12","","7","","24.1","","99.73","","","","","","NA"
"-79.63","43.68","TORONTO INTL A","6158731","2025-11-20 19:00","2025","11","20","19:00","","3.7","","1.6","","86","","","","15","","7","","24.1","","99.72","","","","","","Mostly Cloudy"
"-79.63","43.68","TORONTO INTL A","6158731","2025-11-20 20:00","2025","11","20","20:00","","4.1","","2.2","","87","","","","18","","7","","24.1","","99.79","","","","","","NA"
"-79.63","43.68","TORONTO INTL A","6158731","2025-11-20 21:00","2025","11","20","21:00","","4.3","","2.4","","88","","","","14","","7","","24.1","","99.71","","","","","","NA"
"-79.63","43.68","TORONTO INTL A","6158731","2025-11-20 22:00","2025","11","20","22:00","","4.8","","1.0","","76","","","","17","","7","","24.1","","99.62","","","","","","Cloudy"
"-79.63","43.68","TORONTO INTL A","6158731","2025-11-20 23:00","2025","11","20","23:00","","4.9","","1.4","","78","","","","16","","8","","24.1","","99.56","","","","","","NA"
"-79.63","43.68","TORONTO INTL A","6158731","2025-11-21 00:00","2025","11","21","00:00","","5.0","","1.5","","78","","","","19","","5","","24.1","","99.46","","","","","","NA"
"-79.63","43.68","TORONTO INTL A","6158731","2025-11-21 01:00","2025","11","21","01:00","","5.2","","1.6","","77","","","","21","","8","","24.1","","99.42","","","","","","Cloudy"
"-79.63","43.68","TORONTO INTL A","6158731","2025-11-21 02:00","2025","11","21","02:00","","5.6","","1.7","","76","","","","20","","8","","24.1","","99.35","","","","","","NA"
"-79.63","43.68","TORONTO INTL A","6158731","2025-11-21 03:00","2025","11","21","03:00","","5.8","","3.2","","83","","","","23","","13","","19.3","","99.34","","","","","","NA"
"-79.63","43.68","TORONTO INTL A","6158731","2025-11-21 04:00","2025","11","21","04:00","","5.5","","4.6","","94","","","","23","","13","","11.3","","99.32","","","","","","Drizzle"
"-79.63","43.68","TORONTO INTL A","6158731","2025-11-21 05:00","2025","11","21","05:00","","6.0","","5.1","","94","","","","21","","10","","11.3","","99.25","","","","","","Drizzle"
"-79.63","43.68","TORONTO INTL A","6158731","2025-11-21 06:00","2025","11","21","06:00","","6.7","","5.4","","92","","","","20","","12","","11.3","","99.18","","","","","","Drizzle"
"-79.63","43.68","TORONTO INTL A","6158731","2025-11-21 07:00","2025","11","21","07:00","","7.2","","5.6","","90","","","","22","","13","","8.1","","99.23","","","","","","Drizzle,Fog"
"-79.63","43.68","TORONTO INTL A","6158731","2025-11-21 08:00","2025","11","21","08:00","","7.2","","5.9","","91","","","","24","","16","","6.4","","99.26","","","","","","Drizzle,Fog"
"-79.63","43.68","TORONTO INTL A","6158731","2025-11-21 09:00","2025","11","21","09:00","","8.1","","6.0","","87","","","","24","","18","","16.1","","99.24","","","","","","NA"
"-79.63","43.68","TORONTO INTL A","6158731","2025-11-21 10:00","2025","11","21","10:00","","9.3","","5.5","","77","","","","25","","27","","19.3","","99.26","","","","","","Mostly Cloudy"
"-79.63","43.68","TORONTO INTL A","6158731","2025-11-21 11:00","2025","11","21","11:00","","9.7","","4.3","","69","","","","25","","29","","24.1","","99.24","","","","","","NA"
"-79.63","43.68","TORONTO INTL A","6158731","2025-11-21 12:00","2025","11","21","12:00","","7.6","","4.4","","80","","","","28","","29","","24.1","","99.22","","","","","","NA"
"-79.63","43.68","TORONTO INTL A","6158731","2025-11-21 13:00","2025","11","21","13:00","","8.4","","3.4","","70","","","","29","","31","","24.1","","99.19","","","","","","Mostly Cloudy"
"-79.63","43.68","TORONTO INTL A","6158731","2025-11-21 14:00","2025","11","21","14:00","","9.6","","2.6","","61","","","","28","","29","","24.1","","99.11","","","","","","NA"
"-79.63","43.68","TORONTO INTL A","6158731","2025-11-21 15:00","2025","11","21","15:00","","8.7","","1.9","","62","","","","29","","28","","24.1","","99.12","","","","","","NA"
"-79.63","43.68","TORONTO INTL A","6158731","2025-11-21 16:00","2025","11","21","16:00","","8.3","","1.2","","61","","","","28","","25","","24.1","","99.16","","","","","","Mostly Cloudy"
"-79.63","43.68","TORONTO INTL A","6158731","2025-11-21 17:00","2025","11","21","17:00","","6.4","","0.7","","67","","","","29","","13","","24.1","","99.17","","","","","","NA"
"-79.63","43.68","TORONTO INTL A","6158731","2025-11-21 18:00","2025","11","21","18:00","","5.0","","0.5","","73","","","","29","","13","","24.1","","99.21","","","","","","NA"
"-79.63","43.68","TORONTO INTL A","6158731","2025-11-21 19:00","2025","11","21","19:00","","4.7","","0.5","","74","","","","28","","13","","24.1","","99.21","","","","","","Mainly Clear"
"-79.63","43.68","TORONTO INTL A","6158731","2025-11-21 20:00","2025","11","21","20:00","","4.1","","-0.2","","73","","","","28","","11","","24.1","","99.23","","","","","","NA"
"-79.63","43.68","TORONTO INTL A","6158731","2025-11-21 21:00","2025","11","21","21:00","","2.7","","-0.2","","81","","","","29","","8","","24.1","","99.21","","","","","","NA"
"-79.63","43.68","TORONTO INTL A","6158731","2025-11-21 22:00","2025","11","21","22:00","","3.4","","-0.2","","77","","","","30","","11","","24.1","","99.18","","","","","","Mostly Cloudy"
"-79.63","43.68","TORONTO INTL A","6158731","2025-11-21 23:00","2025","11","21","23:00","","3.7","","0.2","","78","","","","28","","13","","24.1","","99.17","","","","","","NA"
"-79.63","43.68","TORONTO INTL A","6158731","2025-11-22 00:00","2025","11","22","00:00","","4.2","","0.7","","78","","","","32","","10","","24.1","","99.19","","","","","","NA"
"-79.63","43.68","TORONTO INTL A","6158731","2025-11-22 01:00","2025","11","22","01:00","","4.0","","0.6","","79","","","","31","","10","","24.1","","99.19","","","","","","Mostly Cloudy"
"-79.63","43.68","TORONTO INTL A","6158731","2025-11-22 02:00","2025","11","22","02:00","","4.1","","0.6","","78","","","","30","","7","","24.1","","99.19","","","","","","NA"
"-79.63","43.68","TORONTO INTL A","6158731","2025-11-22 03:00","2025","11","22","03:00","","3.7","","0.1","","78","","","","32","","14","","24.1","","99.22","","","","","","NA"
"-79.63","43.68","TORONTO INTL A","6158731","2025-11-22 04:00","2025","11","22","04:00","","2.1","","-1.0","","80","","","","31","","12","","24.1","","99.21","","","","","","Mainly Clear"
"-79.63","43.68","TORONTO INTL A","6158731","2025-11-22 05:00","2025","11","22","05:00","","1.1","","-2.7","","76","","","","30","","10","","24.1","","99.26","","","","","","NA"
"-79.63","43.68","TORONTO INTL A","6158731","2025-11-22 06:00","2025","11","22","06:00","","1.9","","-1.6","","78","","","","31","","13","","24.1","","99.29","","","","","","NA"
"-79.63","43.68","TORONTO INTL A","6158731","2025-11-22 07:00","2025","11","22","07:00","","1.7","","-1.9","","77","","","","31","","16","","24.1","","99.37","","","","","","Mostly Cloudy"
"-79.63","43.68","TORONTO INTL A","6158731","2025-11-22 08:00","2025","11","22","08:00","","2.5","","-1.3","","76","","","","31","","13","","24.1","","99.43","","","","","","NA"
"-79.63","43.68","TORONTO INTL A","6158731","2025-11-22 09:00","2025","11","22","09:00","","3.4","","-1.3","","72","","","","30","","17","","24.1","","99.49","","","","","","NA"
"-79.63","43.68","TORONTO INTL A","6158731","2025-11-22 10:00","2025","11","22","10:00","","3.9","","-1.2","","69","","","","34","","16","","24.1","","99.51","","","","","","Mostly Cloudy"
"-79.63","43.68","TORONTO INTL A","6158731","2025-11-22 11:00","2025","11","22","11:00","","4.7","","-1.8","","63","","","","34","","18","","24.1","","99.52","","","","","","NA"
"-79.63","43.68","TORONTO INTL A","6158731","2025-11-22 12:00","2025","11","22","12:00","","5.0","","-1.9","","61","","","","34","","15","","24.1","","99.54","","","","","","NA"
"-79.63","43.68","TORONTO INTL A","6158731","2025-11-22 13:00","2025","11","22","13:00","","5.5","","-2.4","","57","","","","30","","11","","24.1","","99.51","","","","","","Mostly Cloudy"
"-79.63","43.68","TORONTO INTL A","6158731","2025-11-22 14:00","2025","11","22","14:00","","5.5","","-4.9","","47","","","","31","","23","","24.1","","99.49","","","","","","NA"
"-79.63","43.68","TORONTO INTL A","6158731","2025-11-22 15:00","2025","11","22","15:00","","4.6","","-5.2","","49","","","","31","","21","","24.1","","99.52","","","","","","NA"
"-79.63","43.68","TORONTO INTL A","6158731","2025-11-22 16:00","2025","11","22","16:00","","4.0","","-5.1","","52","","","","31","","14","","24.1","","99.56","","","","","","Mostly Cloudy"
"-79.63","43.68","TORONTO INTL A","6158731","2025-11-22 17:00","2025","11","22","17:00","","4.0","","-5.1","","51","","","","30","","10","","24.1","","99.59","","","","","","NA"
"-79.63","43.68","TORONTO INTL A","6158731","2025-11-22 18:00","2025","11","22","18:00","","3.8","","-4.4","","55","","","","32","","10","","24.1","","99.56","","","","","","NA"
"-79.63","43.68","TORONTO INTL A","6158731","2025-11-22 19:00","2025","11","22","19:00","","4.0","","-4.6","","54","","","","33","","7","","24.1","","99.55","","","","","","Mostly Cloudy"
"-79.63","43.68","TORONTO INTL A","6158731","2025-11-22 20:00","2025","11","22","20:00","","3.0","","-4.5","","58","","","","10","","7","","24.1","","99.51","","","","","","NA"
"-79.63","43.68","TORONTO INTL A","6158731","2025-11-22 21:00","2025","11","22","21:00","","3.2","","-4.4","","58","","","","11","","5","","24.1","","99.49","","","","","","NA"
"-79.63","43.68","TORONTO INTL A","6158731","2025-11-22 22:00","2025","11","22","22:00","","3.5","","-4.0","","58","","","","14","","5","","24.1","","99.48","","","","","","Cloudy"
"-79.63","43.68","TORONTO INTL A","6158731","2025-11-22 23:00","2025","11","22","23:00","","3.6","","-3.2","","61","","","","17","","6","","24.1","","99.44","","","","","","NA"
"-79.63","43.68","TORONTO INTL A","6158731","2025-11-23 00:00","2025","11","23","00:00","","3.8","","-1.6","","68","","","","19","","8","","24.1","","99.40","","","","","","NA"
"-79.63","43.68","TORONTO INTL A","6158731","2025-11-23 01:00","2025","11","23","01:00","","3.1","","-0.7","","76","","","","20","","14","","19.3","","99.34","","","","","","Rain"
"-79.63","43.68","TORONTO INTL A","6158731","2025-11-23 02:00","2025","11","23","02:00","","3.1","","-0.2","","79","","","","19","","10","","24.1","","99.27","","","","","","Rain"
"-79.63","43.68","TORONTO INTL A","6158731","2025-11-23 03:00","2025","11","23","03:00","","2.8","","0.0","","82","","","","14","","7","","24.1","","99.16","","","","","","NA"
"-79.63","43.68","TORONTO INTL A","6158731","2025-11-23 04:00","2025","11","23","04:00","","3.0","","0.2","","82","","","","15","","6","","24.1","","99.05","","","","","","Cloudy"
"-79.63","43.68","TORONTO INTL A","6158731","2025-11-23 05:00","2025","11","23","05:00","","3.6","","0.8","","82","","","","16","","9","","24.1","","98.99","","","","","","NA"
"-79.63","43.68","TORONTO INTL A","6158731","2025-11-23 06:00","2025","11","23","06:00","","3.8","","1.8","","87","","","","19","","13","","16.1","","98.93","","","","","","Drizzle"
"-79.63","43.68","TORONTO INTL A","6158731","2025-11-23 07:00","2025","11","23","07:00","","3.9","","2.0","","87","","","","22","","12","","24.1","","98.89","","","","","","Cloudy"
"-79.63","43.68","TORONTO INTL A","6158731","2025-11-23 08:00","2025","11","23","08:00","","4.1","","2.1","","87","","","","24","","14","","24.1","","98.89","","","","","","NA"
"-79.63","43.68","TORONTO INTL A","6158731","2025-11-23 09:00","2025","11","23","09:00","","5.0","","2.2","","82","","","","25","","18","","19.3","","98.92","","","","","","Rain"
"-79.63","43.68","TORONTO INTL A","6158731","2025-11-23 10:00","2025","11","23","10:00","","6.7","","3.4","","79","","","","28","","24","","24.1","","98.95","","","","","","Mainly Clear"
"-79.63","43.68","TORONTO INTL A","6158731","2025-11-23 11:00","2025","11","23","11:00","","8.2","","2.7","","68","","","","29","","30","","24.1","","98.98","","","","","","NA"
"-79.63","43.68","TORONTO INTL A","6158731","2025-11-23 12:00","2025","11","23","12:00","","9.3","","2.5","","62","","","","27","","30","","24.1","","99.00","","","","","","NA"
"-79.63","43.68","TORONTO INTL A","6158731","2025-11-23 13:00","2025","11","23","13:00","","9.6","","0.5","","53","","","","28","","39","","24.1","","99.01","","","","","","Mostly Cloudy"
"-79.63","43.68","TORONTO INTL A","6158731","2025-11-23 14:00","2025","11","23","14:00","","7.9","","1.5","","64","","","","30","","37","","24.1","","99.10","","","","","","NA"
"-79.63","43.68","TORONTO INTL A","6158731","2025-11-23 15:00","2025","11","23","15:00","","7.4","","1.6","","67","","","","32","","32","","24.1","","99.15","","","","","","NA"
"-79.63","43.68","TORONTO INTL A","6158731","2025-11-23 16:00","2025","11","23","16:00","","7.9","","-1.0","","53","","","","29","","24","","24.1","","99.21","","","","","","Mostly Cloudy"
"-79.63","43.68","TORONTO INTL A","6158731","2025-11-23 17:00","2025","11","23","17:00","","6.2","","0.2","","65","","","","30","","24","","24.1","","99.36","","","","","","NA"
"-79.63","43.68","TORONTO INTL A","6158731","2025-11-23 18:00","2025","11","23","18:00","","6.1","","-0.4","","63","","","","29","","21","","24.1","","99.42","","","","","","NA"
"-79.63","43.68","TORONTO INTL A","6158731","2025-11-23 19:00","2025","11","23","19:00","","6.2","","0.0","","65","","","","29","","25","","24.1","","99.46","","","","","","Mostly Cloudy"
"-79.63","43.68","TORONTO INTL A","6158731","2025-11-23 20:00","2025","11","23","20:00","","6.1","","-0.1","","65","","","","29","","21","","24.1","","99.52","","","","","","NA"
"-79.63","43.68","TORONTO INTL A","6158731","2025-11-23 21:00","2025","11","23","21:00","","5.5","","-0.3","","66","","","","31","","29","","24.1","","99.60","","","","","","NA"
"-79.63","43.68","TORONTO INTL A","6158731","2025-11-23 22:00","2025","11","23","22:00","","5.0","","0.1","","71","","","","29","","21","","24.1","","99.66","","","","","","Mostly Cloudy"
"-79.63","43.68","TORONTO INTL A","6158731","2025-11-23 23:00","2025","11","23","23:00","","4.3","","0.2","","74","","","","28","","22","","24.1","","99.72","","","","","","NA"
"-79.63","43.68","TORONTO INTL A","6158731","2025-11-24 00:00","2025","11","24","00:00","","4.2","","-1.9","","65","","","","30","","27","","24.1","","99.76","","","","","","NA"
"-79.63","43.68","TORONTO INTL A","6158731","2025-11-24 01:00","2025","11","24","01:00","","3.1","","-1.4","","72","","","","30","","21","","24.1","","99.83","","","","","","Mainly Clear"
"-79.63","43.68","TORONTO INTL A","6158731","2025-11-24 02:00","2025","11","24","02:00","","1.8","","-1.7","","77","","","","29","","16","","24.1","","99.89","","","","","","NA"
"-79.63","43.68","TORONTO INTL A","6158731","2025-11-24 03:00","2025","11","24","03:00","","1.1","","-2.4","","77","","","","31","","14","","24.1","","99.96","","","","","","NA"
"-79.63","43.68","TORONTO INTL A","6158731","2025-11-24 04:00","2025","11","24","04:00","","0.5","","-2.6","","80","","","","29","","14","","24.1","","100.04","","","","","","Clear"
"-79.63","43.68","TORONTO INTL A","6158731","2025-11-24 05:00","2025","11","24","05:00","","1.1","","-1.9","","80","","","","30","","15","","24.1","","100.06","","","","","","NA"
"-79.63","43.68","TORONTO INTL A","6158731","2025-11-24 06:00","2025","11","24","06:00","","1.1","","-1.8","","81","","","","30","","15","","24.1","","100.13","","","","","","NA"
"-79.63","43.68","TORONTO INTL A","6158731","2025-11-24 07:00","2025","11","24","07:00","","-0.3","","-2.6","","84","","","","24","","12","","24.1","","100.24","","","","-4","","Clear"
"-79.63","43.68","TORONTO INTL A","6158731","2025-11-24 08:00","2025","11","24","08:00","","0.8","","-1.4","","85","","","","22","","8","","24.1","","100.26","","","","","","NA"
"-79.63","43.68","TORONTO INTL A","6158731","2025-11-24 09:00","2025","11","24","09:00","","3.7","","0.2","","78","","","","","","0","","24.1","","100.20","","","","","","NA"
"-79.63","43.68","TORONTO INTL A","6158731","2025-11-24 10:00","2025","11","24","10:00","","5.0","","0.2","","71","","","","18","","7","","24.1","","100.20","","","","","","Mostly Cloudy"
"-79.63","43.68","TORONTO INTL A","6158731","2025-11-24 11:00","2025","11","24","11:00","","6.4","","0.4","","66","","","","21","","14","","24.1","","100.20","","","","","","NA"
"-79.63","43.68","TORONTO INTL A","6158731","2025-11-24 12:00","2025","11","24","12:00","","6.8","","0.7","","65","","","","24","","17","","24.1","","100.17","","","","","","NA"
"-79.63","43.68","TORONTO INTL A","6158731","2025-11-24 13:00","2025","11","24","13:00","","7.0","","0.1","","62","","","","20","","18","","24.1","","100.14","","","","","","Mostly Cloudy"
"-79.63","43.68","TORONTO INTL A","6158731","2025-11-24 14:00","2025","11","24","14:00","","7.9","","-0.1","","57","","","","19","","10","","24.1","","100.02","","","","","","NA"
"-79.63","43.68","TORONTO INTL A","6158731","2025-11-24 15:00","2025","11","24","15:00","","8.0","","0.4","","58","","","","21","","13","","24.1","","100.05","","","","","","NA"
"-79.63","43.68","TORONTO INTL A","6158731","2025-11-24 16:00","2025","11","24","16:00","","7.8","","0.2","","59","","","","22","","13","","24.1","","100.04","","","","","","Mostly Cloudy"
"-79.63","43.68","TORONTO INTL A","6158731","2025-11-24 17:00","2025","11","24","17:00","","6.2","","1.5","","72","","","","14","","10","","24.1","","99.95","","","","","","NA"
"-79.63","43.68","TORONTO INTL A","6158731","2025-11-24 18:00","2025","11","24","18:00","","5.7","","2.7","","81","","","","17","","10","","24.1","","99.94","","","","","","NA"
"-79.63","43.68","TORONTO INTL A","6158731","2025-11-24 19:00","2025","11","24","19:00","","6.1","","2.6","","78","","","","18","","9","","24.1","","99.90","","","","","","Mostly Cloudy"
"-79.63","43.68","TORONTO INTL A","6158731","2025-11-24 20:00","2025","11","24","20:00","","6.2","","2.2","","76","","","","16","","8","","24.1","","99.83","","","","","","NA"
"-79.63","43.68","TORONTO INTL A","6158731","2025-11-24 21:00","2025","11","24","21:00","","5.4","","2.5","","81","","","","17","","9","","24.1","","99.82","","","","","","NA"
"-79.63","43.68","TORONTO INTL A","6158731","2025-11-24 22:00","2025","11","24","22:00","","5.1","","2.9","","86","","","","16","","7","","24.1","","99.79","","","","","","Mostly Cloudy"
"-79.63","43.68","TORONTO INTL A","6158731","2025-11-24 23:00","2025","11","24","23:00","","5.2","","3.1","","86","","","","14","","8","","24.1","","99.75","","","","","","NA"
"-79.63","43.68","TORONTO INTL A","6158731","2025-11-25 00:00","2025","11","25","00:00","","5.0","","3.2","","88","","","","16","","8","","24.1","","99.73","","","","","","NA"
"-79.63","43.68","TORONTO INTL A","6158731","2025-11-25 01:00","2025","11","25","01:00","","5.0","","3.6","","91","","","","13","","4","","24.1","","99.69","","","","","","Mostly Cloudy"
"-79.63","43.68","TORONTO INTL A","6158731","2025-11-25 02:00","2025","11","25","02:00","","4.9","","3.5","","91","","","","12","","8","","24.1","","99.65","","","","","","NA"
"-79.63","43.68","TORONTO INTL A","6158731","2025-11-25 03:00","2025","11","25","03:00","","5.1","","3.5","","90","","","","12","","6","","24.1","","99.56","","","","","","NA"
"-79.63","43.68","TORONTO INTL A","6158731","2025-11-25 04:00","2025","11","25","04:00","","5.2","","3.3","","88","","","","9","","4","","24.1","","99.56","","","","","","Cloudy"
"-79.63","43.68","TORONTO INTL A","6158731","2025-11-25 05:00","2025","11","25","05:00","","5.1","","3.4","","89","","","","19","","4","","24.1","","99.60","","","","","","NA"
"-79.63","43.68","TORONTO INTL A","6158731","2025-11-25 06:00","2025","11","25","06:00","","5.9","","3.5","","84","","","","10","","6","","24.1","","99.48","","","","","","NA"
"-79.63","43.68","TORONTO INTL A","6158731","2025-11-25 07:00","2025","11","25","07:00","","6.1","","3.4","","83","","","","14","","4","","24.1","","99.47","","","","","","Cloudy"
"-79.63","43.68","TORONTO INTL A","6158731","2025-11-25 08:00","2025","11","25","08:00","","6.4","","3.6","","82","","","","12","","5","","24.1","","99.46","","","","","","NA"
"-79.63","43.68","TORONTO INTL A","6158731","2025-11-25 09:00","2025","11","25","09:00","","6.8","","3.6","","80","","","","11","","5","","24.1","","99.45","","","","","","NA"
"-79.63","43.68","TORONTO INTL A","6158731","2025-11-25 10:00","2025","11","25","10:00","","7.6","","3.6","","76","","","","8","","9","","24.1","","99.37","","","","","","Cloudy"
"-79.63","43.68","TORONTO INTL A","6158731","2025-11-25 11:00","2025","11","25","11:00","","8.5","","3.2","","69","","","","12","","7","","24.1","","99.30","","","","","","NA"
"-79.63","43.68","TORONTO INTL A","6158731","2025-11-25 12:00","2025","11","25","12:00","","9.4","","1.9","","59","","","","11","","10","","24.1","","99.15","","","","","","NA"
"-79.63","43.68","TORONTO INTL A","6158731","2025-11-25 13:00","2025","11","25","13:00","","9.5","","0.6","","53","","","","12","","9","","24.1","","99.09","","","","","","Cloudy"
"-79.63","43.68","TORONTO INTL A","6158731","2025-11-25 14:00","2025","11","25","14:00","","8.4","","2.6","","67","","","","10","","9","","24.1","","98.99","","","","","","Rain"
"-79.63","43.68","TORONTO INTL A","6158731","2025-11-25 15:00","2025","11","25","15:00","","7.0","","4.2","","82","","","","10","","9","","9.7","","98.95","","","","","","Rain,Fog"
"-79.63","43.68","TORONTO INTL A","6158731","2025-11-25 16:00","2025","11","25","16:00","","6.4","","4.9","","90","","","","8","","10","","16.1","","98.88","","","","","","Rain"
"-79.63","43.68","TORONTO INTL A","6158731","2025-11-25 17:00","2025","11","25","17:00","","6.4","","5.5","","93","","","","8","","13","","6.4","","98.83","","","","","","Rain,Fog"
"-79.63","43.68","TORONTO INTL A","6158731","2025-11-25 18:00","2025","11","25","18:00","","6.5","","5.9","","96","","","","8","","15","","4.0","","98.81","","","","","","Rain,Fog"
"-79.63","43.68","TORONTO INTL A","6158731","2025-11-25 19:00","2025","11","25","19:00","","6.6","","6.0","","96","","","","9","","10","","3.2","","98.77","","","","","","Rain,Fog"
"-79.63","43.68","TORONTO INTL A","6158731","2025-11-25 20:00","2025","11","25","20:00","","7.0","","6.5","","97","","","","9","","6","","2.0","","98.71","","","","","","Drizzle,Fog"
"-79.63","43.68","TORONTO INTL A","6158731","2025-11-25 21:00","2025","11","25","21:00","","7.3","","6.8","","97","","","","8","","5","","1.2","","98.68","","","","","","Drizzle,Fog"
"-79.63","43.68","TORONTO INTL A","6158731","2025-11-25 22:00","2025","11","25","22:00","","7.5","","7.1","","97","","","","11","","6","","1.2","","98.62","","","","","","Rain,Drizzle,Fog"
"-79.63","43.68","TORONTO INTL A","6158731","2025-11-25 23:00","2025","11","25","23:00","","7.6","","7.2","","98","","","","14","","7","","0.6","","98.59","","","","","","Drizzle,Fog"
"-79.63","43.68","TORONTO INTL A","6158731","2025-11-26 00:00","2025","11","26","00:00","","7.5","","7.2","","98","","","","15","","4","","0.4","","98.55","","","","","","Fog"
"-79.63","43.68","TORONTO INTL A","6158731","2025-11-26 01:00","2025","11","26","01:00","","7.5","","7.2","","98","","","","14","","7","","0.4","","98.49","","","","","","Fog"
"-79.63","43.68","TORONTO INTL A","6158731","2025-11-26 02:00","2025","11","26","02:00","","7.5","","7.2","","98","","","","","","0","","0.4","","98.48","","","","","","Fog"
"-79.63","43.68","TORONTO INTL A","6158731","2025-11-26 03:00","2025","11","26","03:00","","7.3","","7.0","","98","","","","16","","8","","0.4","","98.47","","","","","","Fog"
"-79.63","43.68","TORONTO INTL A","6158731","2025-11-26 04:00","2025","11","26","04:00","","7.3","","7.0","","98","","","","16","","10","","0.6","","98.41","","","","","","Fog"
"-79.63","43.68","TORONTO INTL A","6158731","2025-11-26 05:00","2025","11","26","05:00","","7.2","","6.9","","98","","","","16","","11","","1.0","","98.38","","","","","","Fog"
"-79.63","43.68","TORONTO INTL A","6158731","2025-11-26 06:00","2025","11","26","06:00","","7.5","","7.2","","98","","","","16","","9","","6.4","","98.30","","","","","","Fog"
"-79.63","43.68","TORONTO INTL A","6158731","2025-11-26 07:00","2025","11","26","07:00","","8.0","","7.8","","98","","","","15","","10","","6.4","","98.30","","","","","","Fog"
"-79.63","43.68","TORONTO INTL A","6158731","2025-11-26 08:00","2025","11","26","08:00","","8.8","","8.5","","98","","","","17","","9","","6.4","","98.28","","","","","","Fog"
"-79.63","43.68","TORONTO INTL A","6158731","2025-11-26 09:00","2025","11","26","09:00","","8.6","","8.3","","98","","","","15","","10","","6.4","","98.23","","","","","","Fog"
"-79.63","43.68","TORONTO INTL A","6158731","2025-11-26 10:00","2025","11","26","10:00","","9.7","","9.2","","97","","","","17","","13","","8.1","","98.18","","","","","","Fog"
"-79.63","43.68","TORONTO INTL A","6158731","2025-11-26 11:00","2025","11","26","11:00","","10.8","","9.8","","94","","","","19","","14","","9.7","","98.09","","","","","","Rain,Fog"
"-79.63","43.68","TORONTO INTL A","6158731","2025-11-26 12:00","2025","11","26","12:00","","11.1","","8.5","","84","","","","21","","21","","24.1","","97.98","","","","","","NA"
"-79.63","43.68","TORONTO INTL A","6158731","2025-11-26 13:00","2025","11","26","13:00","","8.8","","4.1","","72","","","","24","","42","","24.1","","98.00","","","","","","Mostly Cloudy"
"-79.63","43.68","TORONTO INTL A","6158731","2025-11-26 14:00","2025","11","26","14:00","","7.5","","0.1","","59","","","","24","","36","","24.1","","98.11","","","","","","NA"
"-79.63","43.68","TORONTO INTL A","6158731","2025-11-26 15:00","2025","11","26","15:00","","5.3","","-1.6","","61","","","","24","","32","","24.1","","98.22","","","","","","NA"
"-79.63","43.68","TORONTO INTL A","6158731","2025-11-26 16:00","2025","11","26","16:00","","4.7","","-1.8","","63","","","","23","","41","","24.1","","98.28","","","","","","Cloudy"
"-79.63","43.68","TORONTO INTL A","6158731","2025-11-26 17:00","2025","11","26","17:00","","3.9","","-3.0","","61","","","","24","","30","","24.1","","98.32","","","","","","NA"
"-79.63","43.68","TORONTO INTL A","6158731","2025-11-26 18:00","2025","11","26","18:00","","3.7","","-3.5","","59","","","","23","","36","","24.1","","98.38","","","","","","NA"
"-79.63","43.68","TORONTO INTL A","6158731","2025-11-26 19:00","2025","11","26","19:00","","3.2","","-3.4","","62","","","","24","","33","","24.1","","98.37","","","","","","Mostly Cloudy"
"-79.63","43.68","TORONTO INTL A","6158731","2025-11-26 20:00","2025","11","26","20:00","","2.6","","-3.7","","63","","","","23","","35","","24.1","","98.36","","","","","","NA"
"-79.63","43.68","TORONTO INTL A","6158731","2025-11-26 21:00","2025","11","26","21:00","","2.1","","-3.6","","66","","","","23","","24","","24.1","","98.36","","","","","","NA"
"-79.63","43.68","TORONTO INTL A","6158731","2025-11-26 22:00","2025","11","26","22:00","","1.6","","-3.8","","67","","","","23","","26","","24.1","","98.36","","","","","","Mostly Cloudy"
"-79.63","43.68","TORONTO INTL A","6158731","2025-11-26 23:00","2025","11","26","23:00","","1.4","","-3.6","","69","","","","23","","37","","24.1","","98.32","","","","","","NA"
"-79.63","43.68","TORONTO INTL A","6158731","2025-11-27 00:00","2025","11","27","00:00","","1.6","","-5.0","","61","","","","23","","42","","24.1","","98.33","","","","","","NA"
"-79.63","43.68","TORONTO INTL A","6158731","2025-11-27 01:00","2025","11","27","01:00","","1.4","","-4.2","","66","","","","22","","37","","24.1","","98.31","","","","","","Mostly Cloudy"
"-79.63","43.68","TORONTO INTL A","6158731","2025-11-27 02:00","2025","11","27","02:00","","1.3","","-4.3","","66","","","","23","","44","","24.1","","98.33","","","","","","NA"
"-79.63","43.68","TORONTO INTL A","6158731","2025-11-27 03:00","2025","11","27","03:00","","1.4","","-4.6","","65","","","","24","","48","","24.1","","98.34","","","","","","NA"
"-79.63","43.68","TORONTO INTL A","6158731","2025-11-27 04:00","2025","11","27","04:00","","1.1","","-4.2","","68","","","","24","","41","","19.3","","98.38","","","","","","Snow Showers"
"-79.63","43.68","TORONTO INTL A","6158731","2025-11-27 05:00","2025","11","27","05:00","","1.0","","-3.7","","70","","","","24","","39","","24.1","","98.44","","","","","","NA"
"-79.63","43.68","TORONTO INTL A","6158731","2025-11-27 06:00","2025","11","27","06:00","","0.2","","-3.1","","79","","","","25","","35","","16.1","","98.47","","","","","","Snow Showers"
"-79.63","43.68","TORONTO INTL A","6158731","2025-11-27 07:00","2025","11","27","07:00","","0.2","","-3.2","","78","","","","24","","30","","24.1","","98.52","","","","","","Mostly Cloudy"
"-79.63","43.68","TORONTO INTL A","6158731","2025-11-27 08:00","2025","11","27","08:00","","1.2","","-3.2","","72","","","","25","","36","","24.1","","98.54","","","","","","NA"
"-79.63","43.68","TORONTO INTL A","6158731","2025-11-27 09:00","2025","11","27","09:00","","1.6","","-3.0","","72","","","","24","","39","","19.3","","98.57","","","","","","Snow Showers"
"-79.63","43.68","TORONTO INTL A","6158731","2025-11-27 10:00","2025","11","27","10:00","","2.2","","-3.4","","66","","","","25","","49","","24.1","","98.64","","","","","","Mostly Cloudy"
"-79.63","43.68","TORONTO INTL A","6158731","2025-11-27 11:00","2025","11","27","11:00","","2.8","","-3.5","","63","","","","25","","47","","24.1","","98.64","","","","","","NA"
"-79.63","43.68","TORONTO INTL A","6158731","2025-11-27 12:00","2025","11","27","12:00","","2.4","","-4.1","","62","","","","26","","41","","24.1","","98.64","","","","","","NA"
"-79.63","43.68","TORONTO INTL A","6158731","2025-11-27 13:00","2025","11","27","13:00","","1.5","","-2.3","","76","","","","27","","27","","2.4","","98.67","","","","","","Snow Showers"
"-79.63","43.68","TORONTO INTL A","6158731","2025-11-27 14:00","2025","11","27","14:00","","0.6","","-1.4","","86","","","","27","","32","","6.4","","98.67","","","","","","Snow Showers"
"-79.63","43.68","TORONTO INTL A","6158731","2025-11-27 15:00","2025","11","27","15:00","","0.4","","-1.0","","90","","","","27","","30","","1.2","","98.70","","","","","","Snow Showers"
"-79.63","43.68","TORONTO INTL A","6158731","2025-11-27 16:00","2025","11","27","16:00","","0.7","","-2.1","","81","","","","26","","31","","16.1","","98.74","","","","","","Snow Showers"
"-79.63","43.68","TORONTO INTL A","6158731","2025-11-27 17:00","2025","11","27","17:00","","0.3","","-1.9","","85","","","","26","","30","","8.1","","98.78","","","","","","Snow Showers"
"-79.63","43.68","TORONTO INTL A","6158731","2025-11-27 18:00","2025","11","27","18:00","","0.0","","-1.9","","87","","","","25","","26","","16.1","","98.79","","","","-6","","Snow Showers"
"-79.63","43.68","TORONTO INTL A","6158731","2025-11-27 19:00","2025","11","27","19:00","","-0.3","","-2.6","","85","","","","25","","29","","24.1","","98.77","","","","-7","","Mostly Cloudy"
"-79.63","43.68","TORONTO INTL A","6158731","2025-11-27 20:00","2025","11","27","20:00","","0.1","","-2.7","","81","","","","26","","31","","16.1","","98.75","","","","","","Snow Showers"
"-79.63","43.68","TORONTO INTL A","6158731","2025-11-27 21:00","2025","11","27","21:00","","-0.3","","-2.5","","85","","","","26","","26","","19.3","","98.72","","","","-6","","Snow Showers"
"-79.63","43.68","TORONTO INTL A","6158731","2025-11-27 22:00","2025","11","27","22:00","","-0.3","","-3.5","","80","","","","27","","26","","24.1","","98.71","","","","-6","","Mostly Cloudy"
"-79.63","43.68","TORONTO INTL A","6158731","2025-11-27 23:00","2025","11","27","23:00","","-0.5","","-3.3","","82","","","","27","","30","","16.1","","98.71","","","","-7","","Snow Showers"
"-79.63","43.68","TORONTO INTL A","6158731","2025-11-28 00:00","2025","11","28","00:00","","-0.8","","-4.6","","76","","","","28","","23","","24.1","","98.72","","","","-7","","NA"
"-79.63","43.68","TORONTO INTL A","6158731","2025-11-28 01:00","2025","11","28","01:00","","-0.9","","-4.4","","77","","","","27","","25","","24.1","","98.73","","","","-7","","Mostly Cloudy"
"-79.63","43.68","TORONTO INTL A","6158731","2025-11-28 02:00","2025","11","28","02:00","","-1.1","","-4.1","","80","","","","27","","19","","24.1","","98.76","","","","-6","","NA"
"-79.63","43.68","TORONTO INTL A","6158731","2025-11-28 03:00","2025","11","28","03:00","","-0.7","","-4.1","","78","","","","28","","27","","24.1","","98.78","","","","-7","","NA"
"-79.63","43.68","TORONTO INTL A","6158731","2025-11-28 04:00","2025","11","28","04:00","","-1.3","","-3.7","","84","","","","27","","21","","24.1","","98.79","","","","-7","","Cloudy"
"-79.63","43.68","TORONTO INTL A","6158731","2025-11-28 05:00","2025","11","28","05:00","","-0.6","","-4.4","","76","","","","28","","25","","24.1","","98.80","","","","-7","","NA"
"-79.63","43.68","TORONTO INTL A","6158731","2025-11-28 06:00","2025","11","28","06:00","","-0.5","","-4.7","","74","","","","29","","30","","24.1","","98.85","","","","-7","","NA"
"-79.63","43.68","TORONTO INTL A","6158731","2025-11-28 07:00","2025","11","28","07:00","","-0.7","","-4.6","","75","","","","29","","23","","24.1","","98.92","","","","-7","","Cloudy"
"-79.63","43.68","TORONTO INTL A","6158731","2025-11-28 08:00","2025","11","28","08:00","","-0.8","","-4.5","","76","","","","28","","25","","24.1","","98.98","","","","-7","","NA"
"-79.63","43.68","TORONTO INTL A","6158731","2025-11-28 09:00","2025","11","28","09:00","","-0.5","","-3.6","","80","","","","27","","31","","24.1","","99.05","","","","-7","","NA"
"-79.63","43.68","TORONTO INTL A","6158731","2025-11-28 10:00","2025","11","28","10:00","","-0.2","","-3.2","","80","","","","27","","29","","24.1","","99.14","","","","-7","","Mostly Cloudy"
"-79.63","43.68","TORONTO INTL A","6158731","2025-11-28 11:00","2025","11","28","11:00","","1.0","","-3.2","","74","","","","29","","37","","24.1","","99.20","","","","","","Snow Showers"
"-79.63","43.68","TORONTO INTL A","6158731","2025-11-28 12:00","2025","11","28","12:00","","1.8","","-1.9","","76","","","","28","","35","","16.1","","99.24","","","","","","Snow Showers"
"-79.63","43.68","TORONTO INTL A","6158731","2025-11-28 13:00","2025","11","28","13:00","","2.0","","-5.2","","59","","","","30","","48","","24.1","","99.28","","","","","","Mostly Cloudy"
"-79.63","43.68","TORONTO INTL A","6158731","2025-11-28 14:00","2025","11","28","14:00","","1.5","","-5.3","","61","","","","29","","44","","24.1","","99.35","","","","","","NA"
"-79.63","43.68","TORONTO INTL A","6158731","2025-11-28 15:00","2025","11","28","15:00","","1.4","","-4.5","","64","","","","29","","40","","24.1","","99.45","","","","","","NA"
"-79.63","43.68","TORONTO INTL A","6158731","2025-11-28 16:00","2025","11","28","16:00","","0.6","","-4.6","","68","","","","29","","34","","24.1","","99.58","","","","","","Mainly Clear"
"-79.63","43.68","TORONTO INTL A","6158731","2025-11-28 17:00","2025","11","28","17:00","","-0.2","","-5.9","","66","","","","29","","30","","24.1","","99.70","","","","-7","","NA"
"-79.63","43.68","TORONTO INTL A","6158731","2025-11-28 18:00","2025","11","28","18:00","","-0.9","","-6.8","","65","","","","28","","24","","24.1","","99.83","","","","-7","","NA"
"-79.63","43.68","TORONTO INTL A","6158731","2025-11-28 19:00","2025","11","28","19:00","","-1.7","","-6.7","","69","","","","27","","22","","24.1","","99.95","","","","-8","","Clear"
"-79.63","43.68","TORONTO INTL A","6158731","2025-11-28 20:00","2025","11","28","20:00","","-1.5","","-5.5","","74","","","","28","","32","","24.1","","100.02","","","","-9","","NA"
"-79.63","43.68","TORONTO INTL A","6158731","2025-11-28 21:00","2025","11","28","21:00","","-2.0","","-5.9","","75","","","","27","","24","","24.1","","100.08","","","","-8","","NA"
"-79.63","43.68","TORONTO INTL A","6158731","2025-11-28 22:00","2025","11","28","22:00","","-2.4","","-5.7","","79","","","","26","","22","","24.1","","100.14","","","","-9","","Mainly Clear"
"-79.63","43.68","TORONTO INTL A","6158731","2025-11-28 23:00","2025","11","28","23:00","","-2.9","","-5.2","","84","","","","27","","13","","24.1","","100.22","","","","-8","","NA"
"-79.63","43.68","TORONTO INTL A","6158731","2025-11-29 00:00","2025","11","29","00:00","","-2.9","","-5.6","","82","","","","26","","23","","24.1","","100.29","","","","-9","","NA"
"-79.63","43.68","TORONTO INTL A","6158731","2025-11-29 01:00","2025","11","29","01:00","","-3.2","","-6.1","","80","","","","28","","24","","24.1","","100.34","","","","-10","","Mainly Clear"
"-79.63","43.68","TORONTO INTL A","6158731","2025-11-29 02:00","2025","11","29","02:00","","-2.7","","-5.8","","80","","","","27","","21","","24.1","","100.45","","","","-9","","NA"
"-79.63","43.68","TORONTO INTL A","6158731","2025-11-29 03:00","2025","11","29","03:00","","-2.5","","-5.5","","80","","","","27","","21","","24.1","","100.53","","","","-9","","NA"
"-79.63","43.68","TORONTO INTL A","6158731","2025-11-29 04:00","2025","11","29","04:00","","-3.6","","-6.1","","83","","","","27","","17","","24.1","","100.58","","","","-9","","Clear"
"-79.63","43.68","TORONTO INTL A","6158731","2025-11-29 05:00","2025","11","29","05:00","","-4.1","","-6.5","","84","","","","27","","14","","24.1","","100.63","","","","-9","","NA"
"-79.63","43.68","TORONTO INTL A","6158731","2025-11-29 06:00","2025","11","29","06:00","","-4.1","","-6.6","","83","","","","28","","17","","24.1","","100.70","","","","-10","","NA"
"-79.63","43.68","TORONTO INTL A","6158731","2025-11-29 07:00","2025","11","29","07:00","","-4.4","","-6.8","","84","","","","25","","15","","24.1","","100.78","","","","-10","","Mainly Clear"
"-79.63","43.68","TORONTO INTL A","6158731","2025-11-29 08:00","2025","11","29","08:00","","-2.9","","-5.9","","80","","","","26","","15","","24.1","","100.86","","","","-8","","NA"
"-79.63","43.68","TORONTO INTL A","6158731","2025-11-29 09:00","2025","11","29","09:00","","-1.2","","-5.0","","76","","","","25","","14","","24.1","","100.93","","","","-6","","NA"
"-79.63","43.68","TORONTO INTL A","6158731","2025-11-29 10:00","2025","11","29","10:00","","-0.8","","-4.8","","74","","","","25","","17","","24.1","","101.03","","","","-6","","Mostly Cloudy"
"-79.63","43.68","TORONTO INTL A","6158731","2025-11-29 11:00","2025","11","29","11:00","","-0.2","","-5.5","","67","","","","25","","11","","24.1","","101.06","","","","-4","","NA"
"-79.63","43.68","TORONTO INTL A","6158731","2025-11-29 12:00","2025","11","29","12:00","","0.6","","-4.7","","67","","","","26","","13","","24.1","","100.98","","","","","","NA"
"-79.63","43.68","TORONTO INTL A","6158731","2025-11-29 13:00","2025","11","29","13:00","","1.1","","-7.2","","54","","","","25","","10","","24.1","","100.93","","","","","","Mostly Cloudy"
"-79.63","43.68","TORONTO INTL A","6158731","2025-11-29 14:00","2025","11","29","14:00","","0.8","","-7.5","","54","","","","27","","13","","24.1","","100.91","","","","","","NA"
"-79.63","43.68","TORONTO INTL A","6158731","2025-11-29 15:00","2025","11","29","15:00","","0.6","","-6.6","","59","","","","24","","12","","24.1","","100.93","","","","","","NA"
"-79.63","43.68","TORONTO INTL A","6158731","2025-11-29 16:00","2025","11","29","16:00","","0.4","","-5.8","","64","","","","22","","13","","24.1","","100.93","","","","","","Cloudy"
"-79.63","43.68","TORONTO INTL A","6158731","2025-11-29 17:00","2025","11","29","17:00","","0.0","","-5.8","","65","","","","21","","9","","24.1","","100.88","","","","-3","","NA"
"-79.63","43.68","TORONTO INTL A","6158731","2025-11-29 18:00","2025","11","29","18:00","","-0.3","","-6.9","","61","","","","21","","10","","24.1","","100.84","","","","-4","","NA"
"-79.63","43.68","TORONTO INTL A","6158731","2025-11-29 19:00","2025","11","29","19:00","","-0.3","","-7.0","","60","","","","13","","4","","24.1","","100.74","","","","-2","","Cloudy"
"-79.63","43.68","TORONTO INTL A","6158731","2025-11-29 20:00","2025","11","29","20:00","","-0.4","","-6.9","","61","","","","9","","6","","24.1","","100.64","","","","-2","","NA"
"-79.63","43.68","TORONTO INTL A","6158731","2025-11-29 21:00","2025","11","29","21:00","","-0.2","","-6.2","","64","","","","9","","10","","24.1","","100.52","","","","-4","","NA"
"-79.63","43.68","TORONTO INTL A","6158731","2025-11-29 22:00","2025","11","29","22:00","","0.7","","-6.0","","61","","","","14","","18","","24.1","","100.43","","","","","","Cloudy"
"-79.63","43.68","TORONTO INTL A","6158731","2025-11-29 23:00","2025","11","29","23:00","","0.9","","-5.3","","63","","","","12","","22","","24.1","","100.32","","","","","","NA"
"-79.63","43.68","TORONTO INTL A","6158731","2025-11-30 00:00","2025","11","30","00:00","","1.1","","-5.6","","61","","","","13","","18","","24.1","","100.29","","","","","","NA"
"-79.63","43.68","TORONTO INTL A","6158731","2025-11-30 01:00","2025","11","30","01:00","","-0.3","","-3.8","","78","","","","13","","19","","8.1","","100.15","","","","-5","","Snow"
"-79.63","43.68","TORONTO INTL A","6158731","2025-11-30 02:00","2025","11","30","02:00","","-0.9","","-2.4","","90","","","","12","","18","","4.8","","99.97","","","","-6","","Snow"
"-79.63","43.68","TORONTO INTL A","6158731","2025-11-30 03:00","2025","11","30","03:00","","-0.8","","-1.8","","93","","","","13","","17","","3.2","","99.79","","","","-6","","Snow"
"-79.63","43.68","TORONTO INTL A","6158731","2025-11-30 04:00","2025","11","30","04:00","","-0.4","","-1.1","","95","","","","13","","20","","1.2","","99.60","","","","-6","","Snow"
"-79.63","43.68","TORONTO INTL A","6158731","2025-11-30 05:00","2025","11","30","05:00","","-0.3","","-1.1","","94","","","","14","","24","","1.2","","99.42","","","","-6","","Snow"
"-79.63","43.68","TORONTO INTL A","6158731","2025-11-30 06:00","2025","11","30","06:00","","-0.1","","-1.2","","92","","","","14","","22","","6.4","","99.28","","","","-6","","Snow"
"-79.63","43.68","TORONTO INTL A","6158731","2025-11-30 07:00","2025","11","30","07:00","","-0.2","","-0.9","","95","","","","12","","22","","4.0","","99.15","","","","-6","","Snow"
"-79.63","43.68","TORONTO INTL A","6158731","2025-11-30 08:00","2025","11","30","08:00","","0.5","","-0.1","","96","","","","14","","15","","4.8","","99.02","","","","","","Rain,Snow"
"-79.63","43.68","TORONTO INTL A","6158731","2025-11-30 09:00","2025","11","30","09:00","","1.4","","0.8","","96","","","","16","","14","","8.1","","98.94","","","","","","Drizzle"
"-79.63","43.68","TORONTO INTL A","6158731","2025-11-30 10:00","2025","11","30","10:00","","2.1","","0.9","","92","","","","18","","20","","16.1","","98.84","","","","","","Rain"
"-79.63","43.68","TORONTO INTL A","6158731","2025-11-30 11:00","2025","11","30","11:00","","2.5","","1.2","","91","","","","18","","16","","16.1","","98.77","","","","","","Rain"
"-79.63","43.68","TORONTO INTL A","6158731","2025-11-30 12:00","2025","11","30","12:00","","2.2","","0.9","","91","","","","20","","22","","16.1","","98.73","","","","","","NA"
"-79.63","43.68","TORONTO INTL A","6158731","2025-11-30 13:00","2025","11","30","13:00","","2.5","","-0.1","","83","","","","23","","35","","19.3","","98.70","","","","","","Rain"
"-79.63","43.68","TORONTO INTL A","6158731","2025-11-30 14:00","2025","11","30","14:00","","2.1","","-1.2","","79","","","","24","","37","","19.3","","98.75","","","","","","NA"
"-79.63","43.68","TORONTO INTL A","6158731","2025-11-30 15:00","2025","11","30","15:00","","2.0","","-2.1","","74","","","","24","","33","","24.1","","98.83","","","","","","NA"
"-79.63","43.68","TORONTO INTL A","6158731","2025-11-30 16:00","2025","11","30","16:00","","1.8","","-2.3","","74","","","","24","","42","","24.1","","98.98","","","","","","Cloudy"
"-79.63","43.68","TORONTO INTL A","6158731","2025-11-30 17:00","2025","11","30","17:00","","1.4","","-2.3","","77","","","","23","","28","","24.1","","99.08","","","","","","NA"
"-79.63","43.68","TORONTO INTL A","6158731","2025-11-30 18:00","2025","11","30","18:00","","1.4","","-2.2","","77","","","","23","","33","","24.1","","99.14","","","","","","NA"
"-79.63","43.68","TORONTO INTL A","6158731","2025-11-30 19:00","2025","11","30","19:00","","1.4","","-2.3","","77","","","","24","","31","","24.1","","99.21","","","","","","Cloudy"
"-79.63","43.68","TORONTO INTL A","6158731","2025-11-30 20:00","2025","11","30","20:00","","1.6","","-1.8","","78","","","","34","","31","","16.1","","99.42","","","","","","Snow"
"-79.63","43.68","TORONTO INTL A","6158731","2025-11-30 21:00","2025","11","30","21:00","","1.2","","-3.8","","70","","","","31","","43","","24.1","","99.64","","","","","","NA"
"-79.63","43.68","TORONTO INTL A","6158731","2025-11-30 22:00","2025","11","30","22:00","","0.7","","-4.0","","70","","","","30","","37","","24.1","","99.80","","","","","","Mostly Cloudy"
"-79.63","43.68","TORONTO INTL A","6158731","2025-11-30 23:00","2025","11","30","23:00","","-0.2","","-4.8","","71","","","","29","","33","","24.1","","99.99","","","","-7","","NA"
