"Longitude (x)","Latitude (y)","Station Name","Climate ID","Date/Time (LST)","Year","Month","Day","Time (LST)","Flag","Temp (°C)","Temp Flag","Dew Point Temp (°C)","Dew Point Temp Flag","Rel Hum (%)","Rel Hum Flag","Precip. Amount (mm)","Precip. Amount Flag","Wind Dir (10s deg)","Wind Dir Flag","Wind Spd (km/h)","Wind Spd Flag","Visibility (km)","Visibility Flag","Stn Press (kPa)","Stn Press Flag","Hmdx","Hmdx Flag","Wind Chill","Wind Chill Flag","Weather"
"-79.63","43.68","TORONTO INTL A","6158731","2026-04-01 00:00","2026","04","01","00:00","","8.0","","6.8","","93","","","","34","","35","","16.1","","99.11","","","","","","NA"
"-79.63","43.68","TORONTO INTL A","6158731","2026-04-01 01:00","2026","04","01","01:00","","7.0","","4.5","","84","","","","33","","35","","24.1","","99.22","","","","","","Mostly Cloudy"
"-79.63","43.68","TORONTO INTL A","6158731","2026-04-01 02:00","2026","04","01","02:00","","5.9","","3.3","","83","","","","33","","27","","24.1","","99.33","","","","","","NA"
"-79.63","43.68","TORONTO INTL A","6158731","2026-04-01 03:00","2026","04","01","03:00","","4.0","","1.5","","84","","","","34","","30","","24.1","","99.44","","","","","","NA"
"-79.63","43.68","TORONTO INTL A","6158731","2026-04-01 04:00","2026","04","01","04:00","","3.3","","0.8","","84","","","","34","","29","","24.1","","99.58","","","","","","Mainly Clear"
"-79.63","43.68","TORONTO INTL A","6158731","2026-04-01 05:00","2026","04","01","05:00","","2.4","","0.2","","86","","","","34","","27","","24.1","","99.71","","","","","","NA"
"-79.63","43.68","TORONTO INTL A","6158731","2026-04-01 06:00","2026","04","01","06:00","","1.5","","-0.9","","84","","","","34","","34","","24.1","","99.86","","","","","","NA"
"-79.63","43.68","TORONTO INTL A","6158731","2026-04-01 07:00","2026","04","01","07:00","","1.4","","-1.8","","80","","","","35","","21","","24.1","","100.04","","","","","","Cloudy"
"-79.63","43.68","TORONTO INTL A","6158731","2026-04-01 08:00","2026","04","01","08:00","","1.2","","-2.3","","78","","","","33","","33","","24.1","","100.19","","","","","","NA"
"-79.63","43.68","TORONTO INTL A","6158731","2026-04-01 09:00","2026","04","01","09:00","","1.9","","-1.6","","78","","","","36","","25","","24.1","","100.28","","","","","","NA"
"-79.63","43.68","TORONTO INTL A","6158731","2026-04-01 10:00","2026","04","01","10:00","","1.8","","-2.2","","75","","","","35","","34","","24.1","","100.35","","","","","","Cloudy"
"-79.63","43.68","TORONTO INTL A","6158731","2026-04-01 11:00","2026","04","01","11:00","","1.6","","-2.6","","74","","","","34","","22","","24.1","","100.46","","","","","","NA"
"-79.63","43.68","TORONTO INTL A","6158731","2026-04-01 12:00","2026","04","01","12:00","","1.6","","-2.3","","75","","","","34","","22","","24.1","","100.48","","","","","","NA"
"-79.63","43.68","TORONTO INTL A","6158731","2026-04-01 13:00","2026","04","01","13:00","","2.0","","-2.0","","75","","","","2","","21","","24.1","","100.49","","","","","","Cloudy"
"-79.63","43.68","TORONTO INTL A","6158731","2026-04-01 14:00","2026","04","01","14:00","","2.4","","-1.7","","75","","","","1","","17","","24.1","","100.49","","","","","","NA"
"-79.63","43.68","TORONTO INTL A","6158731","2026-04-01 15:00","2026","04","01","15:00","","3.0","","-1.9","","71","","","","1","","17","","24.1","","100.46","","","","","","NA"
"-79.63","43.68","TORONTO INTL A","6158731","2026-04-01 16:00","2026","04","01","16:00","","3.5","","-1.6","","69","","","","1","","20","","24.1","","100.48","","","","","","Mostly Cloudy"
"-79.63","43.68","TORONTO INTL A","6158731","2026-04-01 17:00","2026","04","01","17:00","","3.7","","-1.4","","69","","","","2","","15","","24.1","","100.52","","","","","","NA"
"-79.63","43.68","TORONTO INTL A","6158731","2026-04-01 18:00","2026","04","01","18:00","","3.9","","-0.7","","72","","","","4","","18","","24.1","","100.55","","","","","","NA"
"-79.63","43.68","TORONTO INTL A","6158731","2026-04-01 19:00","2026","04","01","19:00","","3.7","","-1.0","","71","","","","2","","18","","24.1","","100.59","","","","","","Mostly Cloudy"
"-79.63","43.68","TORONTO INTL A","6158731","2026-04-01 20:00","2026","04","01","20:00","","4.2","","-0.6","","71","","","","7","","19","","24.1","","100.62","","","","","","NA"
"-79.63","43.68","TORONTO INTL A","6158731","2026-04-01 21:00","2026","04","01","21:00","","3.3","","-1.4","","72","","","","9","","21","","24.1","","100.70","","","","","","NA"
"-79.63","43.68","TORONTO INTL A","6158731","2026-04-01 22:00","2026","04","01","22:00","","2.6","","-1.3","","76","","","","8","","19","","24.1","","100.73","","","","","","Mostly Cloudy"
"-79.63","43.68","TORONTO INTL A","6158731","2026-04-01 23:00","2026","04","01","23:00","","2.1","","-2.0","","74","","","","9","","23","","24.1","","100.73","","","","","","NA"
"-79.63","43.68","TORONTO INTL A","6158731","2026-04-02 00:00","2026","04","02","00:00","","1.4","","-3.9","","68","","","","7","","21","","24.1","","100.75","","","","","","NA"
"-79.63","43.68","TORONTO INTL A","6158731","2026-04-02 01:00","2026","04","02","01:00","","1.1","","-4.2","","68","","","","8","","18","","24.1","","100.73","","","","","","Mainly Clear"
"-79.63","43.68","TORONTO INTL A","6158731","2026-04-02 02:00","2026","04","02","02:00","","0.6","","-4.8","","67","","","","8","","17","","24.1","","100.69","","","","","","NA"
"-79.63","43.68","TORONTO INTL A","6158731","2026-04-02 03:00","2026","04","02","03:00","","0.0","","-4.9","","69","","","","6","","14","","24.1","","100.61","","","","-4","","NA"
"-79.63","43.68","TORONTO INTL A","6158731","2026-04-02 04:00","2026","04","02","04:00","","0.0","","-5.0","","69","","","","6","","15","","24.1","","100.64","","","","-4","","Mainly Clear"
"-79.63","43.68","TORONTO INTL A","6158731","2026-04-02 05:00","2026","04","02","05:00","","0.2","","-4.5","","70","","","","8","","12","","24.1","","100.59","","","","","","NA"
"-79.63","43.68","TORONTO INTL A","6158731","2026-04-02 06:00","2026","04","02","06:00","","0.6","","-4.0","","72","","","","7","","13","","24.1","","100.63","","","","","","NA"
"-79.63","43.68","TORONTO INTL A","6158731","2026-04-02 07:00","2026","04","02","07:00","","1.1","","-3.6","","71","","","","8","","13","","24.1","","100.60","","","","","","Mostly Cloudy"
"-79.63","43.68","TORONTO INTL A","6158731","2026-04-02 08:00","2026","04","02","08:00","","1.4","","-3.2","","71","","","","8","","23","","24.1","","100.57","","","","","","NA"
"-79.63","43.68","TORONTO INTL A","6158731","2026-04-02 09:00","2026","04","02","09:00","","1.7","","-2.3","","75","","","","9","","21","","24.1","","100.57","","","","","","NA"
"-79.63","43.68","TORONTO INTL A","6158731","2026-04-02 10:00","2026","04","02","10:00","","2.1","","-0.9","","80","","","","9","","22","","12.9","","100.56","","","","","","Cloudy"
"-79.63","43.68","TORONTO INTL A","6158731","2026-04-02 11:00","2026","04","02","11:00","","2.0","","0.4","","90","","","","9","","26","","8.1","","100.48","","","","","","Drizzle,Fog"
"-79.63","43.68","TORONTO INTL A","6158731","2026-04-02 12:00","2026","04","02","12:00","","1.9","","0.8","","92","","","","8","","23","","6.4","","100.38","","","","","","Rain,Fog"
"-79.63","43.68","TORONTO INTL A","6158731","2026-04-02 13:00","2026","04","02","13:00","","2.0","","1.0","","93","","","","9","","26","","9.7","","100.34","","","","","","Rain,Fog"
"-79.63","43.68","TORONTO INTL A","6158731","2026-04-02 14:00","2026","04","02","14:00","","2.1","","1.3","","94","","","","9","","17","","8.1","","100.25","","","","","","Drizzle,Fog"
"-79.63","43.68","TORONTO INTL A","6158731","2026-04-02 15:00","2026","04","02","15:00","","2.5","","1.8","","95","","","","8","","22","","6.4","","100.07","","","","","","Fog"
"-79.63","43.68","TORONTO INTL A","6158731","2026-04-02 16:00","2026","04","02","16:00","","3.0","","2.4","","96","","","","9","","20","","3.2","","99.97","","","","","","Drizzle,Fog"
"-79.63","43.68","TORONTO INTL A","6158731","2026-04-02 17:00","2026","04","02","17:00","","3.4","","2.8","","96","","","","9","","25","","1.6","","99.87","","","","","","Drizzle,Fog"
"-79.63","43.68","TORONTO INTL A","6158731","2026-04-02 18:00","2026","04","02","18:00","","3.7","","3.2","","96","","","","8","","21","","2.0","","99.82","","","","","","Drizzle,Fog"
"-79.63","43.68","TORONTO INTL A","6158731","2026-04-02 19:00","2026","04","02","19:00","","3.8","","3.4","","97","","","","10","","18","","2.0","","99.72","","","","","","Fog"
"-79.63","43.68","TORONTO INTL A","6158731","2026-04-02 20:00","2026","04","02","20:00","","4.0","","3.6","","97","","","","9","","22","","1.2","","99.65","","","","","","Fog"
"-79.63","43.68","TORONTO INTL A","6158731","2026-04-02 21:00","2026","04","02","21:00","","4.3","","3.9","","97","","","","9","","16","","0.8","","99.55","","","","","","Fog"
"-79.63","43.68","TORONTO INTL A","6158731","2026-04-02 22:00","2026","04","02","22:00","","4.6","","4.2","","97","","","","10","","7","","8.1","","99.43","","","","","","Fog"
"-79.63","43.68","TORONTO INTL A","6158731","2026-04-02 23:00","2026","04","02","23:00","","5.1","","4.7","","97","","","","10","","6","","9.7","","99.39","","","","","","Fog"
"-79.63","43.68","TORONTO INTL A","6158731","2026-04-03 00:00","2026","04","03","00:00","","5.2","","4.8","","97","","","","","","0","","8.1","","99.31","","","","","","Fog"
"-79.63","43.68","TORONTO INTL A","6158731","2026-04-03 01:00","2026","04","03","01:00","","5.2","","4.8","","97","","","","11","","4","","12.9","","99.23","","","","","","Thunderstorms,Rain Showers"
"-79.63","43.68","TORONTO INTL A","6158731","2026-04-03 02:00","2026","04","03","02:00","","5.9","","5.5","","97","","","","30","","32","","12.9","","99.39","","","","","","NA"
"-79.63","43.68","TORONTO INTL A","6158731","2026-04-03 03:00","2026","04","03","03:00","","6.9","","6.5","","97","","","","14","","8","","16.1","","99.20","","","","","","NA"
"-79.63","43.68","TORONTO INTL A","6158731","2026-04-03 04:00","2026","04","03","04:00","","7.3","","6.9","","97","","","","14","","18","","12.9","","99.09","","","","","","Rain Showers"
"-79.63","43.68","TORONTO INTL A","6158731","2026-04-03 05:00","2026","04","03","05:00","","7.0","","6.6","","97","","","","17","","10","","2.0","","99.08","","","","","","Fog"
"-79.63","43.68","TORONTO INTL A","6158731","2026-04-03 06:00","2026","04","03","06:00","","7.0","","6.6","","97","","","","","","0","","2.0","","99.15","","","","","","Fog"
"-79.63","43.68","TORONTO INTL A","6158731","2026-04-03 07:00","2026","04","03","07:00","","9.2","","8.8","","98","","","","16","","7","","16.1","","99.06","","","","","","Mostly Cloudy"
"-79.63","43.68","TORONTO INTL A","6158731","2026-04-03 08:00","2026","04","03","08:00","","10.8","","10.2","","96","","","","15","","18","","19.3","","99.06","","","","","","NA"
"-79.63","43.68","TORONTO INTL A","6158731","2026-04-03 09:00","2026","04","03","09:00","","15.3","","13.1","","86","","","","15","","12","","24.1","","99.04","","","","","","NA"
"-79.63","43.68","TORONTO INTL A","6158731","2026-04-03 10:00","2026","04","03","10:00","","20.4","","14.7","","69","","","","23","","37","","24.1","","99.04","","","","","","Mostly Cloudy"
"-79.63","43.68","TORONTO INTL A","6158731","2026-04-03 11:00","2026","04","03","11:00","","21.7","","15.3","","67","","","","24","","37","","24.1","","99.04","","26","","","","NA"
"-79.63","43.68","TORONTO INTL A","6158731","2026-04-03 12:00","2026","04","03","12:00","","22.3","","14.9","","62","","","","24","","34","","24.1","","99.07","","26","","","","NA"
"-79.63","43.68","TORONTO INTL A","6158731","2026-04-03 13:00","2026","04","03","13:00","","23.3","","15.4","","61","","","","26","","39","","24.1","","99.16","","28","","","","Mostly Cloudy"
"-79.63","43.68","TORONTO INTL A","6158731","2026-04-03 14:00","2026","04","03","14:00","","21.6","","14.1","","62","","","","27","","41","","24.1","","99.24","","25","","","","NA"
"-79.63","43.68","TORONTO INTL A","6158731","2026-04-03 15:00","2026","04","03","15:00","","20.1","","11.8","","58","","","","30","","45","","24.1","","99.33","","","","","","NA"
"-79.63","43.68","TORONTO INTL A","6158731","2026-04-03 16:00","2026","04","03","16:00","","18.6","","10.7","","60","","","","30","","36","","24.1","","99.45","","","","","","Mostly Cloudy"
"-79.63","43.68","TORONTO INTL A","6158731","2026-04-03 17:00","2026","04","03","17:00","","14.6","","7.7","","63","","","","31","","40","","24.1","","99.58","","","","","","NA"
"-79.63","43.68","TORONTO INTL A","6158731","2026-04-03 18:00","2026","04","03","18:00","","12.1","","6.0","","66","","","","31","","39","","24.1","","99.69","","","","","","NA"
"-79.63","43.68","TORONTO INTL A","6158731","2026-04-03 19:00","2026","04","03","19:00","","9.0","","3.9","","70","","","","31","","39","","24.1","","99.82","","","","","","Mostly Cloudy"
"-79.63","43.68","TORONTO INTL A","6158731","2026-04-03 20:00","2026","04","03","20:00","","7.3","","2.0","","69","","","","32","","37","","24.1","","100.01","","","","","","NA"
"-79.63","43.68","TORONTO INTL A","6158731","2026-04-03 21:00","2026","04","03","21:00","","6.3","","-0.4","","62","","","","33","","32","","24.1","","100.17","","","","","","NA"
"-79.63","43.68","TORONTO INTL A","6158731","2026-04-03 22:00","2026","04","03","22:00","","5.2","","-0.5","","66","","","","34","","22","","24.1","","100.28","","","","","","Mainly Clear"
"-79.63","43.68","TORONTO INTL A","6158731","2026-04-03 23:00","2026","04","03","23:00","","5.0","","-0.3","","69","","","","36","","18","","24.1","","100.38","","","","","","NA"
"-79.63","43.68","TORONTO INTL A","6158731","2026-04-04 00:00","2026","04","04","00:00","","3.8","","-0.2","","75","","","","1","","10","","24.1","","100.36","","","","","","NA"
"-79.63","43.68","TORONTO INTL A","6158731","2026-04-04 01:00","2026","04","04","01:00","","3.6","","0.0","","77","","","","2","","15","","24.1","","100.38","","","","","","Mostly Cloudy"
"-79.63","43.68","TORONTO INTL A","6158731","2026-04-04 02:00","2026","04","04","02:00","","3.0","","-0.1","","80","","","","1","","8","","24.1","","100.40","","","","","","NA"
"-79.63","43.68","TORONTO INTL A","6158731","2026-04-04 03:00","2026","04","04","03:00","","2.8","","0.0","","82","","","","3","","16","","24.1","","100.32","","","","","","NA"
"-79.63","43.68","TORONTO INTL A","6158731","2026-04-04 04:00","2026","04","04","04:00","","2.9","","-0.2","","81","","","","6","","15","","24.1","","100.30","","","","","","Mostly Cloudy"
"-79.63","43.68","TORONTO INTL A","6158731","2026-04-04 05:00","2026","04","04","05:00","","3.0","","0.0","","81","","","","6","","8","","24.1","","100.32","","","","","","NA"
"-79.63","43.68","TORONTO INTL A","6158731","2026-04-04 06:00","2026","04","04","06:00","","3.2","","-0.1","","79","","","","8","","19","","24.1","","100.29","","","","","","NA"
"-79.63","43.68","TORONTO INTL A","6158731","2026-04-04 07:00","2026","04","04","07:00","","3.5","","-0.3","","76","","","","9","","19","","24.1","","100.31","","","","","","Mostly Cloudy"
"-79.63","43.68","TORONTO INTL A","6158731","2026-04-04 08:00","2026","04","04","08:00","","3.5","","-1.2","","71","","","","10","","31","","24.1","","100.25","","","","","","NA"
"-79.63","43.68","TORONTO INTL A","6158731","2026-04-04 09:00","2026","04","04","09:00","","3.7","","-1.0","","71","","","","9","","18","","24.1","","100.14","","","","","","NA"
"-79.63","43.68","TORONTO INTL A","6158731","2026-04-04 10:00","2026","04","04","10:00","","3.0","","-0.8","","77","","","","9","","21","","16.1","","100.08","","","","","","Rain Showers"
"-79.63","43.68","TORONTO INTL A","6158731","2026-04-04 11:00","2026","04","04","11:00","","2.0","","0.3","","89","","","","9","","21","","19.3","","99.94","","","","","","Rain Showers"
"-79.63","43.68","TORONTO INTL A","6158731","2026-04-04 12:00","2026","04","04","12:00","","3.0","","0.6","","85","","","","10","","26","","24.1","","99.81","","","","","","NA"
"-79.63","43.68","TORONTO INTL A","6158731","2026-04-04 13:00","2026","04","04","13:00","","3.8","","1.0","","81","","","","9","","24","","24.1","","99.69","","","","","","Cloudy"
"-79.63","43.68","TORONTO INTL A","6158731","2026-04-04 14:00","2026","04","04","14:00","","5.3","","1.9","","78","","","","10","","21","","24.1","","99.56","","","","","","NA"
"-79.63","43.68","TORONTO INTL A","6158731","2026-04-04 15:00","2026","04","04","15:00","","6.9","","2.5","","73","","","","10","","30","","24.1","","99.38","","","","","","NA"
"-79.63","43.68","TORONTO INTL A","6158731","2026-04-04 16:00","2026","04","04","16:00","","6.7","","2.1","","72","","","","8","","23","","24.1","","99.24","","","","","","Mostly Cloudy"
"-79.63","43.68","TORONTO INTL A","6158731","2026-04-04 17:00","2026","04","04","17:00","","6.5","","2.1","","73","","","","9","","21","","24.1","","99.08","","","","","","NA"
"-79.63","43.68","TORONTO INTL A","6158731","2026-04-04 18:00","2026","04","04","18:00","","6.3","","2.2","","75","","","","9","","15","","24.1","","98.88","","","","","","NA"
"-79.63","43.68","TORONTO INTL A","6158731","2026-04-04 19:00","2026","04","04","19:00","","5.5","","3.6","","88","","","","9","","14","","9.7","","98.82","","","","","","Rain,Fog"
"-79.63","43.68","TORONTO INTL A","6158731","2026-04-04 20:00","2026","04","04","20:00","","6.0","","4.5","","90","","","","16","","4","","24.1","","98.66","","","","","","NA"
"-79.63","43.68","TORONTO INTL A","6158731","2026-04-04 21:00","2026","04","04","21:00","","5.8","","4.8","","93","","","","22","","8","","9.7","","98.66","","","","","","Moderate Rain,Fog"
"-79.63","43.68","TORONTO INTL A","6158731","2026-04-04 22:00","2026","04","04","22:00","","5.4","","4.7","","95","","","","13","","8","","6.4","","98.60","","","","","","Rain,Fog"
"-79.63","43.68","TORONTO INTL A","6158731","2026-04-04 23:00","2026","04","04","23:00","","5.3","","4.7","","96","","","","22","","4","","9.7","","98.62","","","","","","Rain,Fog"
"-79.63","43.68","TORONTO INTL A","6158731","2026-04-05 00:00","2026","04","05","00:00","","6.3","","5.7","","96","","","","20","","7","","9.7","","98.58","","","","","","Rain,Fog"
"-79.63","43.68","TORONTO INTL A","6158731","2026-04-05 01:00","2026","04","05","01:00","","6.5","","5.9","","96","","","","16","","5","","16.1","","98.59","","","","","","Rain"
"-79.63","43.68","TORONTO INTL A","6158731","2026-04-05 02:00","2026","04","05","02:00","","8.2","","5.8","","84","","","","28","","38","","24.1","","98.69","","","","","","NA"
"-79.63","43.68","TORONTO INTL A","6158731","2026-04-05 03:00","2026","04","05","03:00","","7.5","","3.8","","77","","","","28","","23","","24.1","","98.68","","","","","","NA"
"-79.63","43.68","TORONTO INTL A","6158731","2026-04-05 04:00","2026","04","05","04:00","","7.1","","2.7","","74","","","","27","","36","","24.1","","98.70","","","","","","Mostly Cloudy"
"-79.63","43.68","TORONTO INTL A","6158731","2026-04-05 05:00","2026","04","05","05:00","","6.5","","1.9","","73","","","","25","","23","","24.1","","98.75","","","","","","NA"
"-79.63","43.68","TORONTO INTL A","6158731","2026-04-05 06:00","2026","04","05","06:00","","6.1","","0.8","","69","","","","26","","30","","24.1","","98.80","","","","","","NA"
"-79.63","43.68","TORONTO INTL A","6158731","2026-04-05 07:00","2026","04","05","07:00","","5.5","","-0.5","","65","","","","26","","34","","24.1","","98.86","","","","","","Cloudy"
"-79.63","43.68","TORONTO INTL A","6158731","2026-04-05 08:00","2026","04","05","08:00","","5.4","","-1.4","","62","","","","26","","39","","24.1","","98.90","","","","","","NA"
"-79.63","43.68","TORONTO INTL A","6158731","2026-04-05 09:00","2026","04","05","09:00","","5.2","","-0.7","","66","","","","26","","34","","24.1","","98.95","","","","","","NA"
"-79.63","43.68","TORONTO INTL A","6158731","2026-04-05 10:00","2026","04","05","10:00","","5.3","","-0.5","","66","","","","26","","36","","24.1","","98.97","","","","","","Cloudy"
"-79.63","43.68","TORONTO INTL A","6158731","2026-04-05 11:00","2026","04","05","11:00","","5.5","","-1.6","","60","","","","27","","34","","24.1","","98.98","","","","","","NA"
"-79.63","43.68","TORONTO INTL A","6158731","2026-04-05 12:00","2026","04","05","12:00","","5.2","","-0.6","","66","","","","27","","37","","24.1","","98.98","","","","","","NA"
"-79.63","43.68","TORONTO INTL A","6158731","2026-04-05 13:00","2026","04","05","13:00","","5.9","","-0.5","","63","","","","25","","36","","24.1","","98.98","","","","","","Mostly Cloudy"
"-79.63","43.68","TORONTO INTL A","6158731","2026-04-05 14:00","2026","04","05","14:00","","5.2","","0.0","","69","","","","27","","31","","19.3","","99.02","","","","","","NA"
"-79.63","43.68","TORONTO INTL A","6158731","2026-04-05 15:00","2026","04","05","15:00","","4.3","","0.7","","77","","","","29","","34","","19.3","","99.05","","","","","","Rain Showers"
"-79.63","43.68","TORONTO INTL A","6158731","2026-04-05 16:00","2026","04","05","16:00","","4.5","","0.8","","77","","","","28","","37","","16.1","","99.09","","","","","","Mostly Cloudy"
"-79.63","43.68","TORONTO INTL A","6158731","2026-04-05 17:00","2026","04","05","17:00","","3.6","","-1.3","","70","","","","28","","33","","19.3","","99.19","","","","","","NA"
"-79.63","43.68","TORONTO INTL A","6158731","2026-04-05 18:00","2026","04","05","18:00","","2.7","","-3.5","","64","","","","29","","41","","24.1","","99.32","","","","","","NA"
"-79.63","43.68","TORONTO INTL A","6158731","2026-04-05 19:00","2026","04","05","19:00","","2.0","","-3.9","","65","","","","29","","31","","24.1","","99.37","","","","","","Mostly Cloudy"
"-79.63","43.68","TORONTO INTL A","6158731","2026-04-05 20:00","2026","04","05","20:00","","1.9","","-3.9","","65","","","","29","","32","","24.1","","99.48","","","","","","Snow"
"-79.63","43.68","TORONTO INTL A","6158731","2026-04-05 21:00","2026","04","05","21:00","","1.9","","-3.8","","66","","","","29","","36","","24.1","","99.58","","","","","","NA"
"-79.63","43.68","TORONTO INTL A","6158731","2026-04-05 22:00","2026","04","05","22:00","","1.5","","-5.2","","61","","","","30","","45","","24.1","","99.63","","","","","","Cloudy"
"-79.63","43.68","TORONTO INTL A","6158731","2026-04-05 23:00","2026","04","05","23:00","","1.2","","-4.9","","64","","","","28","","29","","24.1","","99.66","","","","","","NA"
"-79.63","43.68","TORONTO INTL A","6158731","2026-04-06 00:00","2026","04","06","00:00","","1.3","","-5.1","","63","","","","29","","31","","24.1","","99.70","","","","","","NA"
"-79.63","43.68","TORONTO INTL A","6158731","2026-04-06 01:00","2026","04","06","01:00","","1.2","","-5.0","","63","","","","29","","23","","24.1","","99.70","","","","","","Cloudy"
"-79.63","43.68","TORONTO INTL A","6158731","2026-04-06 02:00","2026","04","06","02:00","","1.1","","-4.7","","65","","","","28","","24","","24.1","","99.70","","","","","","NA"
"-79.63","43.68","TORONTO INTL A","6158731","2026-04-06 03:00","2026","04","06","03:00","","1.0","","-4.4","","68","","","","27","","20","","24.1","","99.68","","","","","","NA"
"-79.63","43.68","TORONTO INTL A","6158731","2026-04-06 04:00","2026","04","06","04:00","","0.9","","-4.1","","69","","","","27","","21","","24.1","","99.69","","","","","","Cloudy"
"-79.63","43.68","TORONTO INTL A","6158731","2026-04-06 05:00","2026","04","06","05:00","","0.8","","-3.9","","71","","","","27","","16","","24.1","","99.70","","","","","","NA"
"-79.63","43.68","TORONTO INTL A","6158731","2026-04-06 06:00","2026","04","06","06:00","","0.9","","-4.0","","70","","","","28","","18","","24.1","","99.75","","","","","","NA"
"-79.63","43.68","TORONTO INTL A","6158731","2026-04-06 07:00","2026","04","06","07:00","","0.4","","-4.1","","72","","","","26","","21","","24.1","","99.80","","","","","","Mostly Cloudy"
"-79.63","43.68","TORONTO INTL A","6158731","2026-04-06 08:00","2026","04","06","08:00","","2.1","","-4.6","","61","","","","30","","21","","24.1","","99.81","","","","","","NA"
"-79.63","43.68","TORONTO INTL A","6158731","2026-04-06 09:00","2026","04","06","09:00","","2.7","","-4.5","","59","","","","30","","14","","24.1","","99.82","","","","","","NA"
"-79.63","43.68","TORONTO INTL A","6158731","2026-04-06 10:00","2026","04","06","10:00","","3.8","","-4.8","","53","","","","29","","10","","24.1","","99.83","","","","","","Mostly Cloudy"
"-79.63","43.68","TORONTO INTL A","6158731","2026-04-06 11:00","2026","04","06","11:00","","5.4","","-3.7","","52","","","","27","","8","","24.1","","99.79","","","","","","NA"
"-79.63","43.68","TORONTO INTL A","6158731","2026-04-06 12:00","2026","04","06","12:00","","5.3","","-3.5","","53","","","","25","","10","","24.1","","99.73","","","","","","NA"
"-79.63","43.68","TORONTO INTL A","6158731","2026-04-06 13:00","2026","04","06","13:00","","5.2","","-4.0","","51","","","","25","","8","","24.1","","99.69","","","","","","Cloudy"
"-79.63","43.68","TORONTO INTL A","6158731","2026-04-06 14:00","2026","04","06","14:00","","5.1","","-4.4","","50","","","","29","","17","","24.1","","99.66","","","","","","NA"
"-79.63","43.68","TORONTO INTL A","6158731","2026-04-06 15:00","2026","04","06","15:00","","4.9","","-3.9","","53","","","","30","","5","","24.1","","99.62","","","","","","NA"
"-79.63","43.68","TORONTO INTL A","6158731","2026-04-06 16:00","2026","04","06","16:00","","4.0","","-1.6","","67","","","","15","","8","","24.1","","99.61","","","","","","Cloudy"
"-79.63","43.68","TORONTO INTL A","6158731","2026-04-06 17:00","2026","04","06","17:00","","2.5","","-0.1","","83","","","","15","","13","","24.1","","99.62","","","","","","Rain"
"-79.63","43.68","TORONTO INTL A","6158731","2026-04-06 18:00","2026","04","06","18:00","","2.0","","0.2","","88","","","","12","","8","","12.9","","99.64","","","","","","Rain Showers,Snow Pellets"
"-79.63","43.68","TORONTO INTL A","6158731","2026-04-06 19:00","2026","04","06","19:00","","1.6","","0.3","","91","","","","15","","9","","16.1","","99.60","","","","","","Mostly Cloudy"
"-79.63","43.68","TORONTO INTL A","6158731","2026-04-06 20:00","2026","04","06","20:00","","1.3","","0.3","","93","","","","16","","6","","16.1","","99.65","","","","","","NA"
"-79.63","43.68","TORONTO INTL A","6158731","2026-04-06 21:00","2026","04","06","21:00","","1.5","","0.4","","93","","","","16","","9","","16.1","","99.64","","","","","","NA"
"-79.63","43.68","TORONTO INTL A","6158731","2026-04-06 22:00","2026","04","06","22:00","","1.7","","0.6","","92","","","","16","","7","","16.1","","99.59","","","","","","Mostly Cloudy"
"-79.63","43.68","TORONTO INTL A","6158731","2026-04-06 23:00","2026","04","06","23:00","","1.8","","0.6","","92","","","","20","","9","","9.7","","99.60","","","","","","Thunderstorms,Rain Showers,Snow Showers"
"-79.63","43.68","TORONTO INTL A","6158731","2026-04-07 00:00","2026","04","07","00:00","","0.8","","-0.6","","91","","","","31","","28","","24.1","","99.65","","","","","","NA"
"-79.63","43.68","TORONTO INTL A","6158731","2026-04-07 01:00","2026","04","07","01:00","","-1.6","","-5.3","","76","","","","30","","40","","24.1","","99.79","","","","-10","","Mostly Cloudy"
"-79.63","43.68","TORONTO INTL A","6158731","2026-04-07 02:00","2026","04","07","02:00","","-2.4","","-6.6","","73","","","","29","","30","","24.1","","99.80","","","","-10","","NA"
"-79.63","43.68","TORONTO INTL A","6158731","2026-04-07 03:00","2026","04","07","03:00","","-3.3","","-7.9","","71","","","","30","","43","","24.1","","99.85","","","","-12","","NA"
"-79.63","43.68","TORONTO INTL A","6158731","2026-04-07 04:00","2026","04","07","04:00","","-3.8","","-8.8","","69","","","","30","","44","","24.1","","99.94","","","","-13","","Mostly Cloudy"
"-79.63","43.68","TORONTO INTL A","6158731","2026-04-07 05:00","2026","04","07","05:00","","-4.4","","-9.2","","69","","","","30","","39","","24.1","","100.09","","","","-13","","Snow Showers"
"-79.63","43.68","TORONTO INTL A","6158731","2026-04-07 06:00","2026","04","07","06:00","","-5.1","","-10.7","","65","","","","31","","45","","24.1","","100.29","","","","-15","","NA"
"-79.63","43.68","TORONTO INTL A","6158731","2026-04-07 07:00","2026","04","07","07:00","","-4.9","","-9.9","","68","","","","31","","34","","24.1","","100.49","","","","-13","","Snow"
"-79.63","43.68","TORONTO INTL A","6158731","2026-04-07 08:00","2026","04","07","08:00","","-4.8","","-10.9","","63","","","","32","","43","","24.1","","100.64","","","","-14","","NA"
"-79.63","43.68","TORONTO INTL A","6158731","2026-04-07 09:00","2026","04","07","09:00","","-4.7","","-10.9","","62","","","","31","","40","","24.1","","100.77","","","","-14","","NA"
"-79.63","43.68","TORONTO INTL A","6158731","2026-04-07 10:00","2026","04","07","10:00","","-3.0","","-9.9","","59","","","","31","","32","","24.1","","100.88","","","","-11","","Mostly Cloudy"
"-79.63","43.68","TORONTO INTL A","6158731","2026-04-07 11:00","2026","04","07","11:00","","-2.5","","-10.1","","56","","","","32","","29","","24.1","","100.97","","","","-10","","NA"
"-79.63","43.68","TORONTO INTL A","6158731","2026-04-07 12:00","2026","04","07","12:00","","-1.4","","-10.7","","49","","","","32","","30","","24.1","","101.00","","","","-8","","NA"
"-79.63","43.68","TORONTO INTL A","6158731","2026-04-07 13:00","2026","04","07","13:00","","-0.7","","-10.8","","46","","","","31","","30","","24.1","","101.06","","","","-7","","Mainly Clear"
"-79.63","43.68","TORONTO INTL A","6158731","2026-04-07 14:00","2026","04","07","14:00","","0.3","","-10.7","","44","","","","29","","22","","24.1","","101.07","","","","","","NA"
"-79.63","43.68","TORONTO INTL A","6158731","2026-04-07 15:00","2026","04","07","15:00","","0.5","","-12.5","","37","","","","30","","17","","24.1","","101.04","","","","","","NA"
"-79.63","43.68","TORONTO INTL A","6158731","2026-04-07 16:00","2026","04","07","16:00","","0.3","","-14.1","","33","","","","31","","12","","24.1","","101.05","","","","","","Clear"
"-79.63","43.68","TORONTO INTL A","6158731","2026-04-07 17:00","2026","04","07","17:00","","0.9","","-12.9","","35","","","","32","","21","","24.1","","101.06","","","","","","NA"
"-79.63","43.68","TORONTO INTL A","6158731","2026-04-07 18:00","2026","04","07","18:00","","0.5","","-12.6","","37","","","","35","","14","","24.1","","101.07","","","","","","NA"
"-79.63","43.68","TORONTO INTL A","6158731","2026-04-07 19:00","2026","04","07","19:00","","-1.0","","-12.4","","42","","","","35","","9","","24.1","","101.10","","","","-4","","Clear"
"-79.63","43.68","TORONTO INTL A","6158731","2026-04-07 20:00","2026","04","07","20:00","","-1.8","","-11.9","","46","","","","3","","10","","24.1","","101.17","","","","-5","","NA"
"-79.63","43.68","TORONTO INTL A","6158731","2026-04-07 21:00","2026","04","07","21:00","","-2.4","","-10.9","","52","","","","1","","16","","24.1","","101.24","","","","-8","","NA"
"-79.63","43.68","TORONTO INTL A","6158731","2026-04-07 22:00","2026","04","07","22:00","","-3.5","","-11.0","","56","","","","1","","12","","24.1","","101.24","","","","-8","","Clear"
"-79.63","43.68","TORONTO INTL A","6158731","2026-04-07 23:00","2026","04","07","23:00","","-3.8","","-10.1","","62","","","","34","","9","","24.1","","101.28","","","","-8","","NA"
"-79.63","43.68","TORONTO INTL A","6158731","2026-04-08 00:00","2026","04","08","00:00","","-4.5","","-9.5","","68","","","","1","","10","","24.1","","101.28","","","","-9","","NA"
"-79.63","43.68","TORONTO INTL A","6158731","2026-04-08 01:00","2026","04","08","01:00","","-4.5","","-9.6","","68","","","","4","","6","","24.1","","101.32","","","","-7","","Clear"
"-79.63","43.68","TORONTO INTL A","6158731","2026-04-08 02:00","2026","04","08","02:00","","-4.2","","-9.4","","67","","","","","","0","","24.1","","101.33","","","","","","NA"
"-79.63","43.68","TORONTO INTL A","6158731","2026-04-08 03:00","2026","04","08","03:00","","-4.3","","-9.8","","66","","","","","","0","","24.1","","101.32","","","","","","NA"
"-79.63","43.68","TORONTO INTL A","6158731","2026-04-08 04:00","2026","04","08","04:00","","-4.3","","-9.6","","67","","","","","","0","","24.1","","101.32","","","","","","Clear"
"-79.63","43.68","TORONTO INTL A","6158731","2026-04-08 05:00","2026","04","08","05:00","","-4.4","","-9.3","","69","","","","11","","5","","24.1","","101.33","","","","-7","","NA"
"-79.63","43.68","TORONTO INTL A","6158731","2026-04-08 06:00","2026","04","08","06:00","","-4.0","","-8.5","","71","","","","10","","9","","24.1","","101.36","","","","-8","","NA"
"-79.63","43.68","TORONTO INTL A","6158731","2026-04-08 07:00","2026","04","08","07:00","","-2.5","","-7.3","","70","","","","10","","8","","24.1","","101.37","","","","-6","","Mainly Clear"
"-79.63","43.68","TORONTO INTL A","6158731","2026-04-08 08:00","2026","04","08","08:00","","-0.9","","-6.5","","66","","","","12","","13","","24.1","","101.34","","","","-5","","NA"
"-79.63","43.68","TORONTO INTL A","6158731","2026-04-08 09:00","2026","04","08","09:00","","0.4","","-6.0","","63","","","","11","","18","","24.1","","101.33","","","","","","NA"
"-79.63","43.68","TORONTO INTL A","6158731","2026-04-08 10:00","2026","04","08","10:00","","1.1","","-6.3","","58","","","","12","","19","","24.1","","101.34","","","","","","Clear"
"-79.63","43.68","TORONTO INTL A","6158731","2026-04-08 11:00","2026","04","08","11:00","","2.1","","-5.3","","58","","","","14","","16","","24.1","","101.25","","","","","","NA"
"-79.63","43.68","TORONTO INTL A","6158731","2026-04-08 12:00","2026","04","08","12:00","","2.4","","-7.0","","50","","","","12","","20","","24.1","","101.16","","","","","","NA"
"-79.63","43.68","TORONTO INTL A","6158731","2026-04-08 13:00","2026","04","08","13:00","","3.3","","-6.1","","50","","","","13","","22","","24.1","","101.07","","","","","","Clear"
"-79.63","43.68","TORONTO INTL A","6158731","2026-04-08 14:00","2026","04","08","14:00","","4.1","","-6.0","","48","","","","14","","12","","24.1","","101.01","","","","","","NA"
"-79.63","43.68","TORONTO INTL A","6158731","2026-04-08 15:00","2026","04","08","15:00","","5.4","","-5.8","","44","","","","15","","15","","24.1","","100.87","","","","","","NA"
"-79.63","43.68","TORONTO INTL A","6158731","2026-04-08 16:00","2026","04","08","16:00","","6.2","","-6.0","","41","","","","14","","14","","24.1","","100.81","","","","","","Mostly Cloudy"
"-79.63","43.68","TORONTO INTL A","6158731","2026-04-08 17:00","2026","04","08","17:00","","5.5","","-5.6","","45","","","","14","","17","","24.1","","100.72","","","","","","NA"
"-79.63","43.68","TORONTO INTL A","6158731","2026-04-08 18:00","2026","04","08","18:00","","4.0","","-4.3","","55","","","","8","","14","","24.1","","100.71","","","","","","NA"
"-79.63","43.68","TORONTO INTL A","6158731","2026-04-08 19:00","2026","04","08","19:00","","2.9","","-4.5","","58","","","","10","","9","","24.1","","100.66","","","","","","Mostly Cloudy"
"-79.63","43.68","TORONTO INTL A","6158731","2026-04-08 20:00","2026","04","08","20:00","","2.3","","-3.8","","64","","","","15","","7","","24.1","","100.61","","","","","","NA"
"-79.63","43.68","TORONTO INTL A","6158731","2026-04-08 21:00","2026","04","08","21:00","","2.2","","-3.5","","66","","","","12","","5","","24.1","","100.58","","","","","","NA"
"-79.63","43.68","TORONTO INTL A","6158731","2026-04-08 22:00","2026","04","08","22:00","","2.0","","-3.0","","69","","","","","","0","","24.1","","100.52","","","","","","Clear"
"-79.63","43.68","TORONTO INTL A","6158731","2026-04-08 23:00","2026","04","08","23:00","","1.8","","-2.2","","75","","","","15","","5","","24.1","","100.44","","","","","","NA"
"-79.63","43.68","TORONTO INTL A","6158731","2026-04-09 00:00","2026","04","09","00:00","","1.5","","-1.5","","80","","","","14","","3","","24.1","","100.38","","","","","","NA"
"-79.63","43.68","TORONTO INTL A","6158731","2026-04-09 01:00","2026","04","09","01:00","","1.4","","-1.4","","82","","","","15","","4","","24.1","","100.31","","","","","","Mostly Cloudy"
"-79.63","43.68","TORONTO INTL A","6158731","2026-04-09 02:00","2026","04","09","02:00","","1.7","","-0.9","","83","","","","12","","5","","24.1","","100.24","","","","","","NA"
"-79.63","43.68","TORONTO INTL A","6158731","2026-04-09 03:00","2026","04","09","03:00","","1.8","","-0.9","","82","","","","15","","3","","24.1","","100.22","","","","","","NA"
"-79.63","43.68","TORONTO INTL A","6158731","2026-04-09 04:00","2026","04","09","04:00","","2.3","","-0.8","","80","","","","13","","5","","24.1","","100.21","","","","","","Mainly Clear"
"-79.63","43.68","TORONTO INTL A","6158731","2026-04-09 05:00","2026","04","09","05:00","","3.2","","-1.4","","72","","","","14","","10","","24.1","","100.14","","","","","","NA"
"-79.63","43.68","TORONTO INTL A","6158731","2026-04-09 06:00","2026","04","09","06:00","","3.7","","-1.4","","69","","","","14","","9","","24.1","","100.14","","","","","","NA"
"-79.63","43.68","TORONTO INTL A","6158731","2026-04-09 07:00","2026","04","09","07:00","","5.9","","-1.4","","59","","","","14","","10","","24.1","","100.09","","","","","","Mostly Cloudy"
"-79.63","43.68","TORONTO INTL A","6158731","2026-04-09 08:00","2026","04","09","08:00","","10.2","","-0.8","","46","","","","18","","14","","24.1","","100.02","","","","","","NA"
"-79.63","43.68","TORONTO INTL A","6158731","2026-04-09 09:00","2026","04","09","09:00","","13.2","","-0.2","","40","","","","19","","17","","24.1","","99.99","","","","","","NA"
"-79.63","43.68","TORONTO INTL A","6158731","2026-04-09 10:00","2026","04","09","10:00","","15.7","","1.1","","37","","","","20","","16","","24.1","","99.89","","","","","","Mostly Cloudy"
"-79.63","43.68","TORONTO INTL A","6158731","2026-04-09 11:00","2026","04","09","11:00","","16.6","","2.9","","40","","","","22","","33","","24.1","","99.85","","","","","","NA"
"-79.63","43.68","TORONTO INTL A","6158731","2026-04-09 12:00","2026","04","09","12:00","","15.0","","7.5","","61","","","","25","","27","","16.1","","99.87","","","","","","Rain Showers"
"-79.63","43.68","TORONTO INTL A","6158731","2026-04-09 13:00","2026","04","09","13:00","","14.4","","7.5","","63","","","","22","","28","","24.1","","99.87","","","","","","Mostly Cloudy"
"-79.63","43.68","TORONTO INTL A","6158731","2026-04-09 14:00","2026","04","09","14:00","","16.8","","8.0","","56","","","","22","","27","","24.1","","99.82","","","","","","NA"
"-79.63","43.68","TORONTO INTL A","6158731","2026-04-09 15:00","2026","04","09","15:00","","17.0","","8.3","","56","","","","21","","30","","24.1","","99.84","","","","","","NA"
"-79.63","43.68","TORONTO INTL A","6158731","2026-04-09 16:00","2026","04","09","16:00","","18.1","","7.6","","50","","","","23","","28","","24.1","","99.85","","","","","","Mainly Clear"
"-79.63","43.68","TORONTO INTL A","6158731","2026-04-09 17:00","2026","04","09","17:00","","18.2","","7.2","","48","","","","23","","27","","24.1","","99.85","","","","","","NA"
"-79.63","43.68","TORONTO INTL A","6158731","2026-04-09 18:00","2026","04","09","18:00","","18.0","","6.7","","47","","","","23","","26","","24.1","","99.84","","","","","","NA"
"-79.63","43.68","TORONTO INTL A","6158731","2026-04-09 19:00","2026","04","09","19:00","","16.8","","6.5","","50","","","","22","","16","","24.1","","99.87","","","","","","Mainly Clear"
"-79.63","43.68","TORONTO INTL A","6158731","2026-04-09 20:00","2026","04","09","20:00","","9.8","","2.1","","58","","","","36","","28","","24.1","","100.00","","","","","","NA"
"-79.63","43.68","TORONTO INTL A","6158731","2026-04-09 21:00","2026","04","09","21:00","","7.6","","-2.0","","50","","","","35","","26","","24.1","","100.12","","","","","","NA"
"-79.63","43.68","TORONTO INTL A","6158731","2026-04-09 22:00","2026","04","09","22:00","","6.8","","-3.9","","46","","","","35","","18","","24.1","","100.14","","","","","","Clear"
"-79.63","43.68","TORONTO INTL A","6158731","2026-04-09 23:00","2026","04","09","23:00","","6.1","","-4.4","","47","","","","36","","17","","24.1","","100.13","","","","","","NA"
"-79.63","43.68","TORONTO INTL A","6158731","2026-04-10 00:00","2026","04","10","00:00","","5.7","","-3.8","","50","","","","34","","18","","24.1","","100.17","","","","","","NA"
"-79.63","43.68","TORONTO INTL A","6158731","2026-04-10 01:00","2026","04","10","01:00","","4.7","","-3.2","","57","","","","1","","10","","24.1","","100.17","","","","","","Mainly Clear"
"-79.63","43.68","TORONTO INTL A","6158731","2026-04-10 02:00","2026","04","10","02:00","","5.3","","-2.8","","56","","","","36","","14","","24.1","","100.09","","","","","","NA"
"-79.63","43.68","TORONTO INTL A","6158731","2026-04-10 03:00","2026","04","10","03:00","","5.2","","-2.6","","57","","","","1","","10","","24.1","","100.02","","","","","","NA"
"-79.63","43.68","TORONTO INTL A","6158731","2026-04-10 04:00","2026","04","10","04:00","","4.1","","-0.1","","74","","","","36","","12","","24.1","","100.06","","","","","","Rain"
"-79.63","43.68","TORONTO INTL A","6158731","2026-04-10 05:00","2026","04","10","05:00","","3.9","","0.8","","81","","","","34","","15","","16.1","","100.16","","","","","","Rain"
"-79.63","43.68","TORONTO INTL A","6158731","2026-04-10 06:00","2026","04","10","06:00","","3.5","","1.8","","88","","","","1","","22","","19.3","","100.04","","","","","","Rain"
"-79.63","43.68","TORONTO INTL A","6158731","2026-04-10 07:00","2026","04","10","07:00","","3.8","","1.6","","85","","","","36","","21","","24.1","","100.09","","","","","","Cloudy"
"-79.63","43.68","TORONTO INTL A","6158731","2026-04-10 08:00","2026","04","10","08:00","","4.7","","1.6","","81","","","","4","","9","","24.1","","100.01","","","","","","NA"
"-79.63","43.68","TORONTO INTL A","6158731","2026-04-10 09:00","2026","04","10","09:00","","5.0","","2.2","","82","","","","35","","17","","24.1","","99.98","","","","","","NA"
"-79.63","43.68","TORONTO INTL A","6158731","2026-04-10 10:00","2026","04","10","10:00","","4.5","","2.6","","88","","","","35","","13","","9.7","","100.04","","","","","","Rain,Fog"
"-79.63","43.68","TORONTO INTL A","6158731","2026-04-10 11:00","2026","04","10","11:00","","4.0","","2.7","","91","","","","1","","18","","9.7","","99.98","","","","","","Moderate Rain,Fog"
"-79.63","43.68","TORONTO INTL A","6158731","2026-04-10 12:00","2026","04","10","12:00","","4.3","","3.1","","92","","","","2","","12","","9.7","","99.94","","","","","","Rain,Fog"
"-79.63","43.68","TORONTO INTL A","6158731","2026-04-10 13:00","2026","04","10","13:00","","4.3","","3.2","","92","","","","31","","15","","8.1","","100.02","","","","","","Rain,Fog"
"-79.63","43.68","TORONTO INTL A","6158731","2026-04-10 14:00","2026","04","10","14:00","","5.7","","4.3","","90","","","","33","","9","","24.1","","99.95","","","","","","NA"
"-79.63","43.68","TORONTO INTL A","6158731","2026-04-10 15:00","2026","04","10","15:00","","6.9","","4.6","","85","","","","35","","9","","24.1","","99.93","","","","","","NA"
"-79.63","43.68","TORONTO INTL A","6158731","2026-04-10 16:00","2026","04","10","16:00","","6.7","","4.1","","84","","","","36","","11","","24.1","","99.96","","","","","","Cloudy"
"-79.63","43.68","TORONTO INTL A","6158731","2026-04-10 17:00","2026","04","10","17:00","","5.9","","3.7","","86","","","","33","","25","","24.1","","100.09","","","","","","NA"
"-79.63","43.68","TORONTO INTL A","6158731","2026-04-10 18:00","2026","04","10","18:00","","5.8","","3.4","","85","","","","35","","20","","24.1","","100.13","","","","","","NA"
"-79.63","43.68","TORONTO INTL A","6158731","2026-04-10 19:00","2026","04","10","19:00","","5.2","","2.7","","84","","","","34","","27","","24.1","","100.22","","","","","","Cloudy"
"-79.63","43.68","TORONTO INTL A","6158731","2026-04-10 20:00","2026","04","10","20:00","","4.7","","2.0","","82","","","","35","","21","","24.1","","100.34","","","","","","NA"
"-79.63","43.68","TORONTO INTL A","6158731","2026-04-10 21:00","2026","04","10","21:00","","4.2","","1.2","","81","","","","35","","19","","24.1","","100.45","","","","","","NA"
"-79.63","43.68","TORONTO INTL A","6158731","2026-04-10 22:00","2026","04","10","22:00","","4.2","","0.9","","79","","","","33","","16","","24.1","","100.47","","","","","","Mostly Cloudy"
"-79.63","43.68","TORONTO INTL A","6158731","2026-04-10 23:00","2026","04","10","23:00","","3.0","","0.5","","83","","","","32","","10","","24.1","","100.52","","","","","","NA"
"-79.63","43.68","TORONTO INTL A","6158731","2026-04-11 00:00","2026","04","11","00:00","","2.5","","0.4","","86","","","","33","","8","","24.1","","100.54","","","","","","NA"
"-79.63","43.68","TORONTO INTL A","6158731","2026-04-11 01:00","2026","04","11","01:00","","2.2","","0.7","","90","","","","26","","6","","24.1","","100.54","","","","","","Mostly Cloudy"
"-79.63","43.68","TORONTO INTL A","6158731","2026-04-11 02:00","2026","04","11","02:00","","2.5","","-0.4","","81","","","","31","","12","","24.1","","100.52","","","","","","NA"
"-79.63","43.68","TORONTO INTL A","6158731","2026-04-11 03:00","2026","04","11","03:00","","1.8","","-1.1","","81","","","","31","","17","","24.1","","100.55","","","","","","NA"
"-79.63","43.68","TORONTO INTL A","6158731","2026-04-11 04:00","2026","04","11","04:00","","1.3","","-2.1","","78","","","","29","","14","","24.1","","100.59","","","","","","Clear"
"-79.63","43.68","TORONTO INTL A","6158731","2026-04-11 05:00","2026","04","11","05:00","","0.7","","-3.0","","76","","","","30","","9","","24.1","","100.64","","","","","","NA"
"-79.63","43.68","TORONTO INTL A","6158731","2026-04-11 06:00","2026","04","11","06:00","","1.0","","-3.8","","71","","","","31","","11","","24.1","","100.74","","","","","","NA"
"-79.63","43.68","TORONTO INTL A","6158731","2026-04-11 07:00","2026","04","11","07:00","","1.9","","-3.1","","70","","","","32","","17","","24.1","","100.84","","","","","","Clear"
"-79.63","43.68","TORONTO INTL A","6158731","2026-04-11 08:00","2026","04","11","08:00","","3.2","","-2.0","","69","","","","34","","21","","24.1","","100.89","","","","","","NA"
"-79.63","43.68","TORONTO INTL A","6158731","2026-04-11 09:00","2026","04","11","09:00","","4.7","","-1.2","","65","","","","34","","21","","24.1","","100.92","","","","","","NA"
"-79.63","43.68","TORONTO INTL A","6158731","2026-04-11 10:00","2026","04","11","10:00","","6.3","","-0.8","","60","","","","36","","19","","24.1","","100.97","","","","","","Mostly Cloudy"
"-79.63","43.68","TORONTO INTL A","6158731","2026-04-11 11:00","2026","04","11","11:00","","7.4","","-0.2","","58","","","","36","","16","","24.1","","100.98","","","","","","NA"
"-79.63","43.68","TORONTO INTL A","6158731","2026-04-11 12:00","2026","04","11","12:00","","8.1","","-1.6","","50","","","","36","","11","","24.1","","100.95","","","","","","NA"
"-79.63","43.68","TORONTO INTL A","6158731","2026-04-11 13:00","2026","04","11","13:00","","9.3","","-3.1","","42","","","","1","","15","","24.1","","100.92","","","","","","Mainly Clear"
"-79.63","43.68","TORONTO INTL A","6158731","2026-04-11 14:00","2026","04","11","14:00","","9.9","","-4.1","","37","","","","35","","13","","24.1","","100.88","","","","","","NA"
"-79.63","43.68","TORONTO INTL A","6158731","2026-04-11 15:00","2026","04","11","15:00","","10.2","","-4.2","","36","","","","4","","12","","24.1","","100.86","","","","","","NA"
"-79.63","43.68","TORONTO INTL A","6158731","2026-04-11 16:00","2026","04","11","16:00","","10.3","","-5.2","","33","","","","34","","16","","24.1","","100.83","","","","","","Mainly Clear"
"-79.63","43.68","TORONTO INTL A","6158731","2026-04-11 17:00","2026","04","11","17:00","","10.1","","-4.5","","36","","","","36","","11","","24.1","","100.85","","","","","","NA"
"-79.63","43.68","TORONTO INTL A","6158731","2026-04-11 18:00","2026","04","11","18:00","","8.9","","-5.1","","37","","","","1","","19","","24.1","","100.86","","","","","","NA"
"-79.63","43.68","TORONTO INTL A","6158731","2026-04-11 19:00","2026","04","11","19:00","","6.8","","-5.3","","42","","","","2","","15","","24.1","","100.88","","","","","","Mainly Clear"
"-79.63","43.68","TORONTO INTL A","6158731","2026-04-11 20:00","2026","04","11","20:00","","6.9","","-6.1","","39","","","","3","","8","","24.1","","100.97","","","","","","NA"
"-79.63","43.68","TORONTO INTL A","6158731","2026-04-11 21:00","2026","04","11","21:00","","7.0","","-4.7","","43","","","","18","","4","","24.1","","100.98","","","","","","NA"
"-79.63","43.68","TORONTO INTL A","6158731","2026-04-11 22:00","2026","04","11","22:00","","5.9","","-4.6","","47","","","","6","","5","","24.1","","100.91","","","","","","Clear"
"-79.63","43.68","TORONTO INTL A","6158731","2026-04-11 23:00","2026","04","11","23:00","","4.7","","-4.7","","51","","","","1","","8","","24.1","","100.89","","","","","","NA"
"-79.63","43.68","TORONTO INTL A","6158731","2026-04-12 00:00","2026","04","12","00:00","","4.5","","-4.5","","52","","","","","","0","","24.1","","100.84","","","","","","NA"
"-79.63","43.68","TORONTO INTL A","6158731","2026-04-12 01:00","2026","04","12","01:00","","2.9","","-3.9","","61","","","","","","0","","24.1","","100.83","","","","","","Mainly Clear"
"-79.63","43.68","TORONTO INTL A","6158731","2026-04-12 02:00","2026","04","12","02:00","","3.8","","-2.6","","63","","","","14","","5","","24.1","","100.77","","","","","","NA"
"-79.63","43.68","TORONTO INTL A","6158731","2026-04-12 03:00","2026","04","12","03:00","","3.6","","-0.7","","73","","","","12","","11","","24.1","","100.73","","","","","","NA"
"-79.63","43.68","TORONTO INTL A","6158731","2026-04-12 04:00","2026","04","12","04:00","","3.6","","-0.6","","74","","","","12","","4","","24.1","","100.77","","","","","","Mostly Cloudy"
"-79.63","43.68","TORONTO INTL A","6158731","2026-04-12 05:00","2026","04","12","05:00","","4.0","","-1.2","","69","","","","11","","13","","24.1","","100.70","","","","","","NA"
"-79.63","43.68","TORONTO INTL A","6158731","2026-04-12 06:00","2026","04","12","06:00","","4.5","","-1.9","","64","","","","10","","8","","24.1","","100.65","","","","","","NA"
"-79.63","43.68","TORONTO INTL A","6158731","2026-04-12 07:00","2026","04","12","07:00","","5.3","","-2.8","","56","","","","8","","8","","24.1","","100.65","","","","","","Cloudy"
"-79.63","43.68","TORONTO INTL A","6158731","2026-04-12 08:00","2026","04","12","08:00","","5.7","","-3.3","","52","","","","10","","10","","24.1","","100.57","","","","","","NA"
"-79.63","43.68","TORONTO INTL A","6158731","2026-04-12 09:00","2026","04","12","09:00","","6.3","","-3.5","","49","","","","13","","13","","24.1","","100.52","","","","","","NA"
"-79.63","43.68","TORONTO INTL A","6158731","2026-04-12 10:00","2026","04","12","10:00","","5.6","","-2.1","","58","","","","8","","17","","24.1","","100.41","","","","","","Rain"
"-79.63","43.68","TORONTO INTL A","6158731","2026-04-12 11:00","2026","04","12","11:00","","5.0","","-0.1","","70","","","","36","","6","","12.9","","100.51","","","","","","Rain"
"-79.63","43.68","TORONTO INTL A","6158731","2026-04-12 12:00","2026","04","12","12:00","","4.3","","1.7","","83","","","","8","","14","","19.3","","100.24","","","","","","Rain"
"-79.63","43.68","TORONTO INTL A","6158731","2026-04-12 13:00","2026","04","12","13:00","","4.1","","2.2","","87","","","","8","","8","","9.7","","100.11","","","","","","Moderate Rain,Fog"
"-79.63","43.68","TORONTO INTL A","6158731","2026-04-12 14:00","2026","04","12","14:00","","4.1","","2.1","","87","","","","11","","13","","12.9","","99.95","","","","","","Rain"
"-79.63","43.68","TORONTO INTL A","6158731","2026-04-12 15:00","2026","04","12","15:00","","5.3","","2.4","","82","","","","5","","9","","24.1","","99.85","","","","","","NA"
"-79.63","43.68","TORONTO INTL A","6158731","2026-04-12 16:00","2026","04","12","16:00","","5.8","","2.2","","77","","","","5","","11","","24.1","","99.76","","","","","","Cloudy"
"-79.63","43.68","TORONTO INTL A","6158731","2026-04-12 17:00","2026","04","12","17:00","","6.4","","2.0","","74","","","","7","","10","","24.1","","99.64","","","","","","NA"
"-79.63","43.68","TORONTO INTL A","6158731","2026-04-12 18:00","2026","04","12","18:00","","6.9","","2.2","","72","","","","11","","4","","24.1","","99.52","","","","","","NA"
"-79.63","43.68","TORONTO INTL A","6158731","2026-04-12 19:00","2026","04","12","19:00","","6.9","","2.0","","71","","","","13","","7","","24.1","","99.42","","","","","","Cloudy"
"-79.63","43.68","TORONTO INTL A","6158731","2026-04-12 20:00","2026","04","12","20:00","","6.9","","2.6","","74","","","","15","","7","","24.1","","99.32","","","","","","NA"
"-79.63","43.68","TORONTO INTL A","6158731","2026-04-12 21:00","2026","04","12","21:00","","5.7","","2.1","","78","","","","16","","9","","24.1","","99.25","","","","","","NA"
"-79.63","43.68","TORONTO INTL A","6158731","2026-04-12 22:00","2026","04","12","22:00","","5.0","","2.1","","81","","","","15","","7","","24.1","","99.13","","","","","","Cloudy"
"-79.63","43.68","TORONTO INTL A","6158731","2026-04-12 23:00","2026","04","12","23:00","","5.3","","2.2","","80","","","","","","0","","24.1","","99.10","","","","","","NA"
"-79.63","43.68","TORONTO INTL A","6158731","2026-04-13 00:00","2026","04","13","00:00","","5.7","","2.9","","83","","","","","","0","","24.1","","99.03","","","","","","NA"
"-79.63","43.68","TORONTO INTL A","6158731","2026-04-13 01:00","2026","04","13","01:00","","7.0","","3.7","","79","","","","14","","8","","24.1","","98.98","","","","","","Cloudy"
"-79.63","43.68","TORONTO INTL A","6158731","2026-04-13 02:00","2026","04","13","02:00","","6.5","","3.7","","82","","","","16","","9","","24.1","","98.94","","","","","","NA"
"-79.63","43.68","TORONTO INTL A","6158731","2026-04-13 03:00","2026","04","13","03:00","","6.9","","3.9","","81","","","","15","","10","","24.1","","98.94","","","","","","NA"
"-79.63","43.68","TORONTO INTL A","6158731","2026-04-13 04:00","2026","04","13","04:00","","8.8","","6.3","","84","","","","1","","5","","16.1","","98.82","","","","","","Rain"
"-79.63","43.68","TORONTO INTL A","6158731","2026-04-13 05:00","2026","04","13","05:00","","6.3","","4.5","","88","","","","14","","13","","16.1","","98.84","","","","","","Rain"
"-79.63","43.68","TORONTO INTL A","6158731","2026-04-13 06:00","2026","04","13","06:00","","8.6","","6.2","","85","","","","15","","13","","24.1","","98.76","","","","","","NA"
"-79.63","43.68","TORONTO INTL A","6158731","2026-04-13 07:00","2026","04","13","07:00","","16.0","","12.6","","80","","","","22","","27","","24.1","","98.74","","","","","","Cloudy"
"-79.63","43.68","TORONTO INTL A","6158731","2026-04-13 08:00","2026","04","13","08:00","","16.0","","13.2","","83","","","","23","","26","","19.3","","98.72","","","","","","Rain"
"-79.63","43.68","TORONTO INTL A","6158731","2026-04-13 09:00","2026","04","13","09:00","","15.9","","13.8","","87","","","","24","","25","","24.1","","98.77","","","","","","NA"
"-79.63","43.68","TORONTO INTL A","6158731","2026-04-13 10:00","2026","04","13","10:00","","17.5","","14.3","","82","","","","26","","36","","24.1","","98.84","","","","","","Cloudy"
"-79.63","43.68","TORONTO INTL A","6158731","2026-04-13 11:00","2026","04","13","11:00","","19.7","","15.3","","75","","","","26","","39","","24.1","","98.92","","","","","","NA"
"-79.63","43.68","TORONTO INTL A","6158731","2026-04-13 12:00","2026","04","13","12:00","","19.6","","15.2","","75","","","","26","","30","","24.1","","98.96","","","","","","NA"
"-79.63","43.68","TORONTO INTL A","6158731","2026-04-13 13:00","2026","04","13","13:00","","19.3","","14.7","","75","","","","27","","31","","24.1","","99.03","","","","","","Mostly Cloudy"
"-79.63","43.68","TORONTO INTL A","6158731","2026-04-13 14:00","2026","04","13","14:00","","19.2","","14.8","","76","","","","27","","41","","24.1","","99.06","","","","","","NA"
"-79.63","43.68","TORONTO INTL A","6158731","2026-04-13 15:00","2026","04","13","15:00","","21.1","","15.6","","70","","","","27","","33","","24.1","","99.03","","25","","","","NA"
"-79.63","43.68","TORONTO INTL A","6158731","2026-04-13 16:00","2026","04","13","16:00","","21.0","","15.2","","69","","","","28","","35","","24.1","","99.11","","25","","","","Mostly Cloudy"
"-79.63","43.68","TORONTO INTL A","6158731","2026-04-13 17:00","2026","04","13","17:00","","20.3","","14.5","","69","","","","30","","35","","24.1","","99.19","","","","","","NA"
"-79.63","43.68","TORONTO INTL A","6158731","2026-04-13 18:00","2026","04","13","18:00","","20.1","","14.0","","68","","","","29","","21","","24.1","","99.24","","","","","","NA"
"-79.63","43.68","TORONTO INTL A","6158731","2026-04-13 19:00","2026","04","13","19:00","","18.6","","13.8","","73","","","","32","","13","","24.1","","99.27","","","","","","Mostly Cloudy"
"-79.63","43.68","TORONTO INTL A","6158731","2026-04-13 20:00","2026","04","13","20:00","","17.8","","13.8","","77","","","","32","","13","","24.1","","99.32","","","","","","NA"
"-79.63","43.68","TORONTO INTL A","6158731","2026-04-13 21:00","2026","04","13","21:00","","16.0","","13.3","","84","","","","36","","12","","24.1","","99.34","","","","","","NA"
"-79.63","43.68","TORONTO INTL A","6158731","2026-04-13 22:00","2026","04","13","22:00","","14.4","","12.4","","88","","","","3","","8","","24.1","","99.38","","","","","","Mostly Cloudy"
"-79.63","43.68","TORONTO INTL A","6158731","2026-04-13 23:00","2026","04","13","23:00","","13.6","","12.1","","91","","","","15","","5","","24.1","","99.36","","","","","","NA"
"-79.63","43.68","TORONTO INTL A","6158731","2026-04-14 00:00","2026","04","14","00:00","","12.6","","11.4","","92","","","","18","","8","","12.9","","99.34","","","","","","NA"
"-79.63","43.68","TORONTO INTL A","6158731","2026-04-14 01:00","2026","04","14","01:00","","11.2","","10.3","","95","","","","18","","10","","8.1","","99.29","","","","","","Fog"
"-79.63","43.68","TORONTO INTL A","6158731","2026-04-14 02:00","2026","04","14","02:00","","10.6","","9.9","","95","","","","6","","11","","8.1","","99.23","","","","","","Fog"
"-79.63","43.68","TORONTO INTL A","6158731","2026-04-14 03:00","2026","04","14","03:00","","11.6","","10.9","","95","","","","9","","5","","4.8","","99.27","","","","","","Thunderstorms,Heavy Rain Showers,Fog"
"-79.63","43.68","TORONTO INTL A","6158731","2026-04-14 04:00","2026","04","14","04:00","","11.9","","11.2","","95","","","","14","","16","","6.4","","99.09","","","","","","Fog"
"-79.63","43.68","TORONTO INTL A","6158731","2026-04-14 05:00","2026","04","14","05:00","","11.1","","10.5","","96","","","","16","","8","","4.8","","99.09","","","","","","Rain Showers,Fog"
"-79.63","43.68","TORONTO INTL A","6158731","2026-04-14 06:00","2026","04","14","06:00","","11.2","","10.6","","97","","","","6","","6","","3.2","","98.98","","","","","","Thunderstorms,Rain Showers,Fog"
"-79.63","43.68","TORONTO INTL A","6158731","2026-04-14 07:00","2026","04","14","07:00","","12.2","","11.7","","97","","","","8","","5","","4.8","","98.89","","","","","","Fog"
"-79.63","43.68","TORONTO INTL A","6158731","2026-04-14 08:00","2026","04","14","08:00","","12.3","","11.7","","96","","","","13","","12","","6.4","","98.84","","","","","","Fog"
"-79.63","43.68","TORONTO INTL A","6158731","2026-04-14 09:00","2026","04","14","09:00","","12.0","","11.4","","96","","","","15","","17","","16.1","","98.64","","","","","","NA"
"-79.63","43.68","TORONTO INTL A","6158731","2026-04-14 10:00","2026","04","14","10:00","","14.4","","13.3","","93","","","","15","","10","","16.1","","98.65","","","","","","Mostly Cloudy"
"-79.63","43.68","TORONTO INTL A","6158731","2026-04-14 11:00","2026","04","14","11:00","","20.0","","16.7","","81","","","","23","","21","","24.1","","98.65","","25","","","","NA"
"-79.63","43.68","TORONTO INTL A","6158731","2026-04-14 12:00","2026","04","14","12:00","","21.8","","16.3","","70","","","","24","","28","","24.1","","98.62","","27","","","","NA"
"-79.63","43.68","TORONTO INTL A","6158731","2026-04-14 13:00","2026","04","14","13:00","","22.7","","14.1","","58","","","","26","","44","","24.1","","98.69","","26","","","","Mostly Cloudy"
"-79.63","43.68","TORONTO INTL A","6158731","2026-04-14 14:00","2026","04","14","14:00","","21.1","","12.7","","58","","","","27","","38","","24.1","","98.75","","","","","","NA"
"-79.63","43.68","TORONTO INTL A","6158731","2026-04-14 15:00","2026","04","14","15:00","","19.7","","12.0","","61","","","","27","","33","","24.1","","98.79","","","","","","NA"
"-79.63","43.68","TORONTO INTL A","6158731","2026-04-14 16:00","2026","04","14","16:00","","18.7","","11.6","","63","","","","29","","29","","24.1","","98.89","","","","","","Mostly Cloudy"
"-79.63","43.68","TORONTO INTL A","6158731","2026-04-14 17:00","2026","04","14","17:00","","19.3","","11.7","","61","","","","28","","23","","24.1","","98.97","","","","","","NA"
"-79.63","43.68","TORONTO INTL A","6158731","2026-04-14 18:00","2026","04","14","18:00","","18.8","","10.8","","59","","","","29","","21","","24.1","","99.06","","","","","","NA"
"-79.63","43.68","TORONTO INTL A","6158731","2026-04-14 19:00","2026","04","14","19:00","","17.2","","10.6","","65","","","","30","","16","","24.1","","99.06","","","","","","Clear"
"-79.63","43.68","TORONTO INTL A","6158731","2026-04-14 20:00","2026","04","14","20:00","","15.2","","10.1","","72","","","","36","","20","","24.1","","99.12","","","","","","NA"
"-79.63","43.68","TORONTO INTL A","6158731","2026-04-14 21:00","2026","04","14","21:00","","12.1","","8.7","","80","","","","36","","10","","24.1","","99.24","","","","","","NA"
"-79.63","43.68","TORONTO INTL A","6158731","2026-04-14 22:00","2026","04","14","22:00","","10.9","","8.1","","83","","","","2","","12","","24.1","","99.23","","","","","","Mostly Cloudy"
"-79.63","43.68","TORONTO INTL A","6158731","2026-04-14 23:00","2026","04","14","23:00","","10.5","","7.9","","84","","","","2","","9","","24.1","","99.22","","","","","","NA"
"-79.63","43.68","TORONTO INTL A","6158731","2026-04-15 00:00","2026","04","15","00:00","","10.8","","7.8","","81","","","","11","","12","","24.1","","99.15","","","","","","NA"
"-79.63","43.68","TORONTO INTL A","6158731","2026-04-15 01:00","2026","04","15","01:00","","10.4","","8.1","","86","","","","15","","13","","24.1","","99.03","","","","","","Mostly Cloudy"
"-79.63","43.68","TORONTO INTL A","6158731","2026-04-15 02:00","2026","04","15","02:00","","10.2","","8.4","","89","","","","10","","11","","24.1","","99.05","","","","","","NA"
"-79.63","43.68","TORONTO INTL A","6158731","2026-04-15 03:00","2026","04","15","03:00","","9.4","","8.5","","94","","","","8","","14","","8.1","","99.02","","","","","","Thunderstorms,Moderate Rain Showers,Fog"
"-79.63","43.68","TORONTO INTL A","6158731","2026-04-15 04:00","2026","04","15","04:00","","8.9","","8.2","","95","","","","9","","17","","6.4","","98.85","","","","","","Heavy Rain Showers,Fog"
"-79.63","43.68","TORONTO INTL A","6158731","2026-04-15 05:00","2026","04","15","05:00","","8.3","","7.6","","95","","","","3","","9","","8.1","","98.75","","","","","","Drizzle,Fog"
"-79.63","43.68","TORONTO INTL A","6158731","2026-04-15 06:00","2026","04","15","06:00","","7.8","","6.9","","94","","","","9","","12","","24.1","","98.87","","","","","","NA"
"-79.63","43.68","TORONTO INTL A","6158731","2026-04-15 07:00","2026","04","15","07:00","","7.2","","6.5","","95","","","","7","","9","","16.1","","98.91","","","","","","Cloudy"
"-79.63","43.68","TORONTO INTL A","6158731","2026-04-15 08:00","2026","04","15","08:00","","7.4","","6.9","","96","","","","7","","4","","1.0","","98.93","","","","","","Fog"
"-79.63","43.68","TORONTO INTL A","6158731","2026-04-15 09:00","2026","04","15","09:00","","8.2","","7.7","","97","","","","21","","5","","2.0","","98.93","","","","","","Fog"
"-79.63","43.68","TORONTO INTL A","6158731","2026-04-15 10:00","2026","04","15","10:00","","9.4","","8.9","","97","","","","22","","6","","4.0","","98.98","","","","","","Fog"
"-79.63","43.68","TORONTO INTL A","6158731","2026-04-15 11:00","2026","04","15","11:00","","9.5","","8.6","","94","","","","21","","10","","12.9","","99.06","","","","","","NA"
"-79.63","43.68","TORONTO INTL A","6158731","2026-04-15 12:00","2026","04","15","12:00","","11.8","","10.3","","90","","","","23","","9","","12.9","","99.03","","","","","","NA"
"-79.63","43.68","TORONTO INTL A","6158731","2026-04-15 13:00","2026","04","15","13:00","","14.2","","12.1","","87","","","","23","","5","","16.1","","98.95","","","","","","Mostly Cloudy"
"-79.63","43.68","TORONTO INTL A","6158731","2026-04-15 14:00","2026","04","15","14:00","","17.5","","14.1","","81","","","","19","","13","","16.1","","98.99","","","","","","NA"
"-79.63","43.68","TORONTO INTL A","6158731","2026-04-15 15:00","2026","04","15","15:00","","18.3","","14.4","","78","","","","18","","10","","19.3","","98.98","","","","","","NA"
"-79.63","43.68","TORONTO INTL A","6158731","2026-04-15 16:00","2026","04","15","16:00","","18.7","","14.7","","77","","","","11","","7","","19.3","","98.94","","","","","","Mostly Cloudy"
"-79.63","43.68","TORONTO INTL A","6158731","2026-04-15 17:00","2026","04","15","17:00","","18.7","","15.1","","79","","","","6","","5","","19.3","","98.84","","","","","","NA"
"-79.63","43.68","TORONTO INTL A","6158731","2026-04-15 18:00","2026","04","15","18:00","","16.6","","15.1","","90","","","","7","","6","","4.8","","98.90","","","","","","Heavy Rain,Fog"
"-79.63","43.68","TORONTO INTL A","6158731","2026-04-15 19:00","2026","04","15","19:00","","15.7","","14.9","","95","","","","17","","7","","6.4","","98.88","","","","","","Drizzle,Fog"
"-79.63","43.68","TORONTO INTL A","6158731","2026-04-15 20:00","2026","04","15","20:00","","10.8","","10.1","","95","","","","16","","13","","6.4","","98.94","","","","","","Fog"
"-79.63","43.68","TORONTO INTL A","6158731","2026-04-15 21:00","2026","04","15","21:00","","11.9","","11.4","","96","","","","8","","4","","8.1","","99.04","","","","","","Drizzle,Fog"
"-79.63","43.68","TORONTO INTL A","6158731","2026-04-15 22:00","2026","04","15","22:00","","12.8","","12.2","","97","","","","26","","6","","4.8","","99.01","","","","","","Drizzle,Fog"
"-79.63","43.68","TORONTO INTL A","6158731","2026-04-15 23:00","2026","04","15","23:00","","12.8","","12.4","","97","","","","19","","5","","3.2","","98.99","","","","","","Fog"
"-79.63","43.68","TORONTO INTL A","6158731","2026-04-16 00:00","2026","04","16","00:00","","12.6","","12.1","","97","","","","16","","4","","0.0","","99.02","","","","","","Fog"
"-79.63","43.68","TORONTO INTL A","6158731","2026-04-16 01:00","2026","04","16","01:00","","12.2","","11.8","","98","","","","19","","4","","0.0","","98.97","","","","","","Fog"
"-79.63","43.68","TORONTO INTL A","6158731","2026-04-16 02:00","2026","04","16","02:00","","12.1","","11.8","","98","","","","7","","3","","0.0","","98.90","","","","","","Fog"
"-79.63","43.68","TORONTO INTL A","6158731","2026-04-16 03:00","2026","04","16","03:00","","12.0","","11.7","","98","","","","16","","6","","0.0","","98.85","","","","","","Fog"
"-79.63","43.68","TORONTO INTL A","6158731","2026-04-16 04:00","2026","04","16","04:00","","11.2","","10.9","","98","","","","16","","11","","0.2","","98.86","","","","","","Fog"
"-79.63","43.68","TORONTO INTL A","6158731","2026-04-16 05:00","2026","04","16","05:00","","9.5","","9.2","","98","","","","16","","13","","0.2","","98.83","","","","","","Fog"
"-79.63","43.68","TORONTO INTL A","6158731","2026-04-16 06:00","2026","04","16","06:00","","9.8","","9.5","","98","","","","14","","7","","0.2","","98.79","","","","","","Fog"
"-79.63","43.68","TORONTO INTL A","6158731","2026-04-16 07:00","2026","04","16","07:00","","10.9","","10.7","","98","","","","13","","7","","1.2","","98.75","","","","","","Rain,Fog"
"-79.63","43.68","TORONTO INTL A","6158731","2026-04-16 08:00","2026","04","16","08:00","","11.8","","11.5","","98","","","","14","","8","","3.2","","98.70","","","","","","Fog"
"-79.63","43.68","TORONTO INTL A","6158731","2026-04-16 09:00","2026","04","16","09:00","","11.8","","11.5","","98","","","","15","","13","","4.8","","98.71","","","","","","Fog"
"-79.63","43.68","TORONTO INTL A","6158731","2026-04-16 10:00","2026","04","16","10:00","","13.2","","12.9","","98","","","","15","","6","","16.1","","98.71","","","","","","Mostly Cloudy"
"-79.63","43.68","TORONTO INTL A","6158731","2026-04-16 11:00","2026","04","16","11:00","","19.5","","16.5","","82","","","","24","","22","","24.1","","98.68","","","","","","NA"
"-79.63","43.68","TORONTO INTL A","6158731","2026-04-16 12:00","2026","04","16","12:00","","20.6","","16.5","","77","","","","25","","21","","24.1","","98.64","","26","","","","NA"
"-79.63","43.68","TORONTO INTL A","6158731","2026-04-16 13:00","2026","04","16","13:00","","19.2","","16.0","","81","","","","27","","17","","24.1","","98.65","","","","","","Cloudy"
"-79.63","43.68","TORONTO INTL A","6158731","2026-04-16 14:00","2026","04","16","14:00","","18.1","","16.1","","88","","","","25","","12","","19.3","","98.63","","","","","","Rain Showers"
"-79.63","43.68","TORONTO INTL A","6158731","2026-04-16 15:00","2026","04","16","15:00","","16.1","","15.2","","94","","","","27","","12","","19.3","","98.69","","","","","","Rain Showers"
"-79.63","43.68","TORONTO INTL A","6158731","2026-04-16 16:00","2026","04","16","16:00","","17.4","","15.7","","90","","","","27","","9","","24.1","","98.66","","","","","","Mostly Cloudy"
"-79.63","43.68","TORONTO INTL A","6158731","2026-04-16 17:00","2026","04","16","17:00","","18.4","","15.3","","82","","","","27","","14","","24.1","","98.71","","","","","","NA"
"-79.63","43.68","TORONTO INTL A","6158731","2026-04-16 18:00","2026","04","16","18:00","","17.4","","14.7","","83","","","","23","","9","","24.1","","98.77","","","","","","NA"
"-79.63","43.68","TORONTO INTL A","6158731","2026-04-16 19:00","2026","04","16","19:00","","17.1","","14.3","","84","","","","23","","9","","24.1","","98.77","","","","","","Mostly Cloudy"
"-79.63","43.68","TORONTO INTL A","6158731","2026-04-16 20:00","2026","04","16","20:00","","16.9","","14.7","","87","","","","30","","10","","24.1","","98.87","","","","","","NA"
"-79.63","43.68","TORONTO INTL A","6158731","2026-04-16 21:00","2026","04","16","21:00","","16.1","","14.3","","89","","","","35","","18","","9.7","","98.93","","","","","","Rain,Fog"
"-79.63","43.68","TORONTO INTL A","6158731","2026-04-16 22:00","2026","04","16","22:00","","14.5","","13.2","","92","","","","36","","15","","8.1","","98.97","","","","","","Rain,Fog"
"-79.63","43.68","TORONTO INTL A","6158731","2026-04-16 23:00","2026","04","16","23:00","","12.3","","11.1","","92","","","","36","","23","","12.9","","99.02","","","","","","Rain"
"-79.63","43.68","TORONTO INTL A","6158731","2026-04-17 00:00","2026","04","17","00:00","","11.7","","10.6","","93","","","","34","","14","","24.1","","99.05","","","","","","NA"
"-79.63","43.68","TORONTO INTL A","6158731","2026-04-17 01:00","2026","04","17","01:00","","11.2","","9.8","","92","","","","33","","23","","16.1","","99.11","","","","","","Cloudy"
"-79.63","43.68","TORONTO INTL A","6158731","2026-04-17 02:00","2026","04","17","02:00","","10.5","","9.5","","93","","","","33","","21","","16.1","","99.10","","","","","","NA"
"-79.63","43.68","TORONTO INTL A","6158731","2026-04-17 03:00","2026","04","17","03:00","","10.9","","9.8","","93","","","","34","","17","","16.1","","99.15","","","","","","NA"
"-79.63","43.68","TORONTO INTL A","6158731","2026-04-17 04:00","2026","04","17","04:00","","11.0","","10.1","","95","","","","33","","23","","16.1","","99.21","","","","","","Drizzle"
"-79.63","43.68","TORONTO INTL A","6158731","2026-04-17 05:00","2026","04","17","05:00","","10.9","","10.1","","94","","","","34","","18","","16.1","","99.27","","","","","","Drizzle"
"-79.63","43.68","TORONTO INTL A","6158731","2026-04-17 06:00","2026","04","17","06:00","","11.2","","10.2","","93","","","","34","","19","","24.1","","99.36","","","","","","NA"
"-79.63","43.68","TORONTO INTL A","6158731","2026-04-17 07:00","2026","04","17","07:00","","11.6","","10.1","","90","","","","35","","26","","24.1","","99.43","","","","","","Mostly Cloudy"
"-79.63","43.68","TORONTO INTL A","6158731","2026-04-17 08:00","2026","04","17","08:00","","12.2","","10.3","","88","","","","34","","19","","24.1","","99.49","","","","","","NA"
"-79.63","43.68","TORONTO INTL A","6158731","2026-04-17 09:00","2026","04","17","09:00","","12.6","","10.5","","87","","","","1","","14","","24.1","","99.60","","","","","","NA"
"-79.63","43.68","TORONTO INTL A","6158731","2026-04-17 10:00","2026","04","17","10:00","","13.5","","10.9","","84","","","","3","","11","","24.1","","99.61","","","","","","Cloudy"
"-79.63","43.68","TORONTO INTL A","6158731","2026-04-17 11:00","2026","04","17","11:00","","14.5","","11.1","","80","","","","","","0","","24.1","","99.62","","","","","","NA"
"-79.63","43.68","TORONTO INTL A","6158731","2026-04-17 12:00","2026","04","17","12:00","","15.4","","11.0","","75","","","","15","","7","","24.1","","99.63","","","","","","NA"
"-79.63","43.68","TORONTO INTL A","6158731","2026-04-17 13:00","2026","04","17","13:00","","15.9","","11.0","","72","","","","18","","7","","24.1","","99.65","","","","","","Mainly Clear"
"-79.63","43.68","TORONTO INTL A","6158731","2026-04-17 14:00","2026","04","17","14:00","","16.4","","11.5","","73","","","","12","","11","","24.1","","99.62","","","","","","NA"
"-79.63","43.68","TORONTO INTL A","6158731","2026-04-17 15:00","2026","04","17","15:00","","16.0","","11.8","","76","","","","15","","13","","24.1","","99.59","","","","","","NA"
"-79.63","43.68","TORONTO INTL A","6158731","2026-04-17 16:00","2026","04","17","16:00","","15.5","","11.1","","75","","","","13","","14","","24.1","","99.53","","","","","","Mostly Cloudy"
"-79.63","43.68","TORONTO INTL A","6158731","2026-04-17 17:00","2026","04","17","17:00","","14.9","","10.8","","76","","","","14","","12","","24.1","","99.58","","","","","","NA"
"-79.63","43.68","TORONTO INTL A","6158731","2026-04-17 18:00","2026","04","17","18:00","","14.3","","9.5","","73","","","","11","","14","","24.1","","99.46","","","","","","NA"
"-79.63","43.68","TORONTO INTL A","6158731","2026-04-17 19:00","2026","04","17","19:00","","12.9","","9.8","","81","","","","11","","10","","24.1","","99.39","","","","","","Mostly Cloudy"
"-79.63","43.68","TORONTO INTL A","6158731","2026-04-17 20:00","2026","04","17","20:00","","11.4","","9.5","","88","","","","15","","10","","24.1","","99.35","","","","","","NA"
"-79.63","43.68","TORONTO INTL A","6158731","2026-04-17 21:00","2026","04","17","21:00","","11.0","","8.4","","84","","","","14","","6","","24.1","","99.39","","","","","","NA"
"-79.63","43.68","TORONTO INTL A","6158731","2026-04-17 22:00","2026","04","17","22:00","","10.1","","8.1","","87","","","","18","","4","","24.1","","99.45","","","","","","Mostly Cloudy"
"-79.63","43.68","TORONTO INTL A","6158731","2026-04-17 23:00","2026","04","17","23:00","","9.9","","8.0","","88","","","","16","","5","","24.1","","99.30","","","","","","NA"
"-79.63","43.68","TORONTO INTL A","6158731","2026-04-18 00:00","2026","04","18","00:00","","9.5","","7.5","","87","","","","21","","4","","24.1","","99.30","","","","","","NA"
"-79.63","43.68","TORONTO INTL A","6158731","2026-04-18 01:00","2026","04","18","01:00","","9.1","","7.3","","88","","","","15","","7","","24.1","","99.19","","","","","","Mainly Clear"
"-79.63","43.68","TORONTO INTL A","6158731","2026-04-18 02:00","2026","04","18","02:00","","8.2","","6.8","","91","","","","15","","5","","19.3","","99.06","","","","","","NA"
"-79.63","43.68","TORONTO INTL A","6158731","2026-04-18 03:00","2026","04","18","03:00","","7.8","","6.3","","91","","","","","","0","","19.3","","98.97","","","","","","NA"
"-79.63","43.68","TORONTO INTL A","6158731","2026-04-18 04:00","2026","04","18","04:00","","7.3","","5.9","","91","","","","27","","4","","19.3","","98.91","","","","","","Mostly Cloudy"
"-79.63","43.68","TORONTO INTL A","6158731","2026-04-18 05:00","2026","04","18","05:00","","6.7","","5.7","","93","","","","22","","4","","19.3","","98.80","","","","","","NA"
"-79.63","43.68","TORONTO INTL A","6158731","2026-04-18 06:00","2026","04","18","06:00","","7.5","","6.0","","90","","","","12","","4","","24.1","","98.71","","","","","","NA"
"-79.63","43.68","TORONTO INTL A","6158731","2026-04-18 07:00","2026","04","18","07:00","","8.9","","6.9","","87","","","","15","","4","","19.3","","98.67","","","","","","Mostly Cloudy"
"-79.63","43.68","TORONTO INTL A","6158731","2026-04-18 08:00","2026","04","18","08:00","","10.9","","8.5","","85","","","","14","","8","","24.1","","98.58","","","","","","NA"
"-79.63","43.68","TORONTO INTL A","6158731","2026-04-18 09:00","2026","04","18","09:00","","12.3","","8.5","","78","","","","15","","10","","24.1","","98.49","","","","","","NA"
"-79.63","43.68","TORONTO INTL A","6158731","2026-04-18 10:00","2026","04","18","10:00","","12.4","","8.0","","74","","","","15","","12","","24.1","","98.36","","","","","","Cloudy"
"-79.63","43.68","TORONTO INTL A","6158731","2026-04-18 11:00","2026","04","18","11:00","","15.3","","9.0","","66","","","","16","","14","","24.1","","98.31","","","","","","NA"
"-79.63","43.68","TORONTO INTL A","6158731","2026-04-18 12:00","2026","04","18","12:00","","18.7","","9.9","","56","","","","20","","21","","16.1","","98.29","","","","","","Rain"
"-79.63","43.68","TORONTO INTL A","6158731","2026-04-18 13:00","2026","04","18","13:00","","19.7","","14.2","","70","","","","23","","35","","16.1","","98.28","","","","","","Rain"
"-79.63","43.68","TORONTO INTL A","6158731","2026-04-18 14:00","2026","04","18","14:00","","16.9","","15.0","","88","","","","24","","18","","16.1","","98.27","","","","","","Rain"
"-79.63","43.68","TORONTO INTL A","6158731","2026-04-18 15:00","2026","04","18","15:00","","16.8","","15.4","","91","","","","21","","13","","24.1","","98.24","","","","","","NA"
"-79.63","43.68","TORONTO INTL A","6158731","2026-04-18 16:00","2026","04","18","16:00","","18.0","","15.2","","84","","","","22","","14","","24.1","","98.21","","","","","","Cloudy"
"-79.63","43.68","TORONTO INTL A","6158731","2026-04-18 17:00","2026","04","18","17:00","","14.7","","11.4","","80","","","","31","","27","","24.1","","98.36","","","","","","NA"
"-79.63","43.68","TORONTO INTL A","6158731","2026-04-18 18:00","2026","04","18","18:00","","11.8","","8.5","","80","","","","31","","33","","24.1","","98.57","","","","","","NA"
"-79.63","43.68","TORONTO INTL A","6158731","2026-04-18 19:00","2026","04","18","19:00","","10.1","","6.4","","78","","","","30","","27","","24.1","","98.68","","","","","","Mostly Cloudy"
"-79.63","43.68","TORONTO INTL A","6158731","2026-04-18 20:00","2026","04","18","20:00","","9.1","","4.8","","74","","","","30","","28","","24.1","","98.82","","","","","","NA"
"-79.63","43.68","TORONTO INTL A","6158731","2026-04-18 21:00","2026","04","18","21:00","","8.4","","4.3","","75","","","","29","","28","","24.1","","98.97","","","","","","NA"
"-79.63","43.68","TORONTO INTL A","6158731","2026-04-18 22:00","2026","04","18","22:00","","7.1","","3.6","","78","","","","32","","26","","24.1","","99.06","","","","","","Mostly Cloudy"
"-79.63","43.68","TORONTO INTL A","6158731","2026-04-18 23:00","2026","04","18","23:00","","6.1","","1.8","","74","","","","33","","28","","24.1","","99.11","","","","","","NA"
"-79.63","43.68","TORONTO INTL A","6158731","2026-04-19 00:00","2026","04","19","00:00","","4.9","","-0.5","","68","","","","31","","27","","24.1","","99.21","","","","","","NA"
"-79.63","43.68","TORONTO INTL A","6158731","2026-04-19 01:00","2026","04","19","01:00","","4.5","","-1.4","","65","","","","32","","21","","24.1","","99.22","","","","","","Mostly Cloudy"
"-79.63","43.68","TORONTO INTL A","6158731","2026-04-19 02:00","2026","04","19","02:00","","4.3","","-1.4","","66","","","","29","","20","","24.1","","99.18","","","","","","NA"
"-79.63","43.68","TORONTO INTL A","6158731","2026-04-19 03:00","2026","04","19","03:00","","4.1","","-0.8","","70","","","","27","","14","","24.1","","99.26","","","","","","NA"
"-79.63","43.68","TORONTO INTL A","6158731","2026-04-19 04:00","2026","04","19","04:00","","4.0","","-0.5","","73","","","","27","","11","","24.1","","99.23","","","","","","Mostly Cloudy"
"-79.63","43.68","TORONTO INTL A","6158731","2026-04-19 05:00","2026","04","19","05:00","","4.1","","0.2","","76","","","","23","","9","","24.1","","99.27","","","","","","NA"
"-79.63","43.68","TORONTO INTL A","6158731","2026-04-19 06:00","2026","04","19","06:00","","4.4","","-0.8","","69","","","","27","","16","","24.1","","99.31","","","","","","NA"
"-79.63","43.68","TORONTO INTL A","6158731","2026-04-19 07:00","2026","04","19","07:00","","4.6","","-2.2","","62","","","","30","","18","","24.1","","99.38","","","","","","Cloudy"
"-79.63","43.68","TORONTO INTL A","6158731","2026-04-19 08:00","2026","04","19","08:00","","4.6","","-2.6","","59","","","","32","","26","","24.1","","99.45","","","","","","NA"
"-79.63","43.68","TORONTO INTL A","6158731","2026-04-19 09:00","2026","04","19","09:00","","4.9","","-1.6","","63","","","","33","","14","","24.1","","99.45","","","","","","NA"
"-79.63","43.68","TORONTO INTL A","6158731","2026-04-19 10:00","2026","04","19","10:00","","5.6","","-4.2","","49","","","","29","","21","","24.1","","99.46","","","","","","Mostly Cloudy"
"-79.63","43.68","TORONTO INTL A","6158731","2026-04-19 11:00","2026","04","19","11:00","","6.1","","-5.1","","45","","","","27","","29","","24.1","","99.46","","","","","","NA"
"-79.63","43.68","TORONTO INTL A","6158731","2026-04-19 12:00","2026","04","19","12:00","","4.9","","0.3","","72","","","","30","","35","","16.1","","99.46","","","","","","Snow Showers"
"-79.63","43.68","TORONTO INTL A","6158731","2026-04-19 13:00","2026","04","19","13:00","","4.7","","0.0","","72","","","","25","","17","","24.1","","99.41","","","","","","Mostly Cloudy"
"-79.63","43.68","TORONTO INTL A","6158731","2026-04-19 14:00","2026","04","19","14:00","","6.2","","-1.4","","58","","","","31","","26","","24.1","","99.41","","","","","","NA"
"-79.63","43.68","TORONTO INTL A","6158731","2026-04-19 15:00","2026","04","19","15:00","","6.3","","-4.1","","47","","","","30","","20","","24.1","","99.40","","","","","","NA"
"-79.63","43.68","TORONTO INTL A","6158731","2026-04-19 16:00","2026","04","19","16:00","","2.0","","0.8","","92","","","","31","","19","","16.1","","99.48","","","","","","Snow Showers"
"-79.63","43.68","TORONTO INTL A","6158731","2026-04-19 17:00","2026","04","19","17:00","","4.5","","-0.8","","69","","","","30","","33","","24.1","","99.53","","","","","","NA"
"-79.63","43.68","TORONTO INTL A","6158731","2026-04-19 18:00","2026","04","19","18:00","","4.3","","0.6","","77","","","","34","","14","","24.1","","99.54","","","","","","NA"
"-79.63","43.68","TORONTO INTL A","6158731","2026-04-19 19:00","2026","04","19","19:00","","2.3","","-2.2","","72","","","","35","","22","","24.1","","99.65","","","","","","Mostly Cloudy"
"-79.63","43.68","TORONTO INTL A","6158731","2026-04-19 20:00","2026","04","19","20:00","","2.3","","-3.0","","68","","","","32","","22","","24.1","","99.71","","","","","","NA"
"-79.63","43.68","TORONTO INTL A","6158731","2026-04-19 21:00","2026","04","19","21:00","","1.1","","-6.7","","57","","","","30","","28","","24.1","","99.80","","","","","","NA"
"-79.63","43.68","TORONTO INTL A","6158731","2026-04-19 22:00","2026","04","19","22:00","","0.2","","-7.9","","55","","","","30","","24","","24.1","","99.85","","","","","","Clear"
"-79.63","43.68","TORONTO INTL A","6158731","2026-04-19 23:00","2026","04","19","23:00","","-0.6","","-7.8","","58","","","","29","","17","","24.1","","99.89","","","","-6","","NA"
"-79.63","43.68","TORONTO INTL A","6158731","2026-04-20 00:00","2026","04","20","00:00","","-0.6","","-8.8","","54","","","","30","","22","","24.1","","99.96","","","","-6","","NA"
"-79.63","43.68","TORONTO INTL A","6158731","2026-04-20 01:00","2026","04","20","01:00","","-1.1","","-9.2","","54","","","","30","","30","","24.1","","99.99","","","","-8","","Mainly Clear"
"-79.63","43.68","TORONTO INTL A","6158731","2026-04-20 02:00","2026","04","20","02:00","","-1.6","","-8.5","","60","","","","31","","23","","24.1","","100.04","","","","-8","","NA"
"-79.63","43.68","TORONTO INTL A","6158731","2026-04-20 03:00","2026","04","20","03:00","","-1.9","","-8.1","","63","","","","30","","20","","24.1","","100.07","","","","-8","","NA"
"-79.63","43.68","TORONTO INTL A","6158731","2026-04-20 04:00","2026","04","20","04:00","","-2.2","","-7.5","","67","","","","29","","19","","24.1","","100.12","","","","-8","","Clear"
"-79.63","43.68","TORONTO INTL A","6158731","2026-04-20 05:00","2026","04","20","05:00","","-2.0","","-7.3","","67","","","","31","","23","","24.1","","100.18","","","","-8","","NA"
"-79.63","43.68","TORONTO INTL A","6158731","2026-04-20 06:00","2026","04","20","06:00","","-1.7","","-6.4","","70","","","","32","","23","","24.1","","100.28","","","","-8","","NA"
"-79.63","43.68","TORONTO INTL A","6158731","2026-04-20 07:00","2026","04","20","07:00","","-0.8","","-8.4","","57","","","","32","","21","","24.1","","100.38","","","","-6","","Mainly Clear"
"-79.63","43.68","TORONTO INTL A","6158731","2026-04-20 08:00","2026","04","20","08:00","","0.7","","-8.8","","49","","","","33","","24","","24.1","","100.46","","","","","","NA"
"-79.63","43.68","TORONTO INTL A","6158731","2026-04-20 09:00","2026","04","20","09:00","","1.5","","-10.3","","41","","","","34","","23","","24.1","","100.53","","","","","","NA"
"-79.63","43.68","TORONTO INTL A","6158731","2026-04-20 10:00","2026","04","20","10:00","","1.2","","-11.9","","37","","","","33","","17","","24.1","","100.60","","","","","","Mostly Cloudy"
"-79.63","43.68","TORONTO INTL A","6158731","2026-04-20 11:00","2026","04","20","11:00","","2.2","","-9.6","","41","","","","31","","18","","24.1","","100.61","","","","","","NA"
"-79.63","43.68","TORONTO INTL A","6158731","2026-04-20 12:00","2026","04","20","12:00","","2.5","","-9.9","","40","","","","28","","15","","24.1","","100.60","","","","","","NA"
"-79.63","43.68","TORONTO INTL A","6158731","2026-04-20 13:00","2026","04","20","13:00","","3.5","","-9.3","","39","","","","32","","10","","24.1","","100.58","","","","","","Mostly Cloudy"
"-79.63","43.68","TORONTO INTL A","6158731","2026-04-20 14:00","2026","04","20","14:00","","4.4","","-8.7","","38","","","","26","","16","","24.1","","100.55","","","","","","NA"
"-79.63","43.68","TORONTO INTL A","6158731","2026-04-20 15:00","2026","04","20","15:00","","4.3","","-11.2","","31","","","","31","","16","","24.1","","100.52","","","","","","NA"
"-79.63","43.68","TORONTO INTL A","6158731","2026-04-20 16:00","2026","04","20","16:00","","3.6","","-11.2","","33","","","","30","","8","","24.1","","100.48","","","","","","Mostly Cloudy"
"-79.63","43.68","TORONTO INTL A","6158731","2026-04-20 17:00","2026","04","20","17:00","","4.5","","-11.2","","31","","","","34","","7","","24.1","","100.49","","","","","","NA"
"-79.63","43.68","TORONTO INTL A","6158731","2026-04-20 18:00","2026","04","20","18:00","","4.1","","-9.4","","37","","","","24","","18","","24.1","","100.48","","","","","","NA"
"-79.63","43.68","TORONTO INTL A","6158731","2026-04-20 19:00","2026","04","20","19:00","","3.0","","-9.1","","41","","","","27","","17","","24.1","","100.49","","","","","","Mostly Cloudy"
"-79.63","43.68","TORONTO INTL A","6158731","2026-04-20 20:00","2026","04","20","20:00","","2.6","","-8.3","","44","","","","29","","21","","24.1","","100.53","","","","","","NA"
"-79.63","43.68","TORONTO INTL A","6158731","2026-04-20 21:00","2026","04","20","21:00","","1.4","","-7.5","","52","","","","28","","16","","24.1","","100.55","","","","","","NA"
"-79.63","43.68","TORONTO INTL A","6158731","2026-04-20 22:00","2026","04","20","22:00","","0.8","","-7.3","","55","","","","28","","12","","24.1","","100.55","","","","","","Clear"
"-79.63","43.68","TORONTO INTL A","6158731","2026-04-20 23:00","2026","04","20","23:00","","-0.3","","-7.3","","59","","","","25","","9","","24.1","","100.51","","","","-3","","NA"
"-79.63","43.68","TORONTO INTL A","6158731","2026-04-21 00:00","2026","04","21","00:00","","0.2","","-7.7","","55","","","","23","","5","","24.1","","100.46","","","","","","NA"
"-79.63","43.68","TORONTO INTL A","6158731","2026-04-21 01:00","2026","04","21","01:00","","-0.3","","-7.5","","58","","","","20","","8","","24.1","","100.43","","","","-3","","Clear"
"-79.63","43.68","TORONTO INTL A","6158731","2026-04-21 02:00","2026","04","21","02:00","","-0.4","","-7.9","","57","","","","19","","7","","24.1","","100.45","","","","-3","","NA"
"-79.63","43.68","TORONTO INTL A","6158731","2026-04-21 03:00","2026","04","21","03:00","","-1.3","","-7.1","","65","","","","23","","10","","24.1","","100.49","","","","-5","","NA"
"-79.63","43.68","TORONTO INTL A","6158731","2026-04-21 04:00","2026","04","21","04:00","","-0.2","","-6.0","","65","","","","19","","8","","24.1","","100.45","","","","-3","","Mainly Clear"
"-79.63","43.68","TORONTO INTL A","6158731","2026-04-21 05:00","2026","04","21","05:00","","0.3","","-6.1","","62","","","","19","","7","","24.1","","100.38","","","","","","NA"
"-79.63","43.68","TORONTO INTL A","6158731","2026-04-21 06:00","2026","04","21","06:00","","0.9","","-4.7","","67","","","","15","","9","","24.1","","100.37","","","","","","NA"
"-79.63","43.68","TORONTO INTL A","6158731","2026-04-21 07:00","2026","04","21","07:00","","2.2","","-3.3","","67","","","","17","","12","","24.1","","100.35","","","","","","Mostly Cloudy"
"-79.63","43.68","TORONTO INTL A","6158731","2026-04-21 08:00","2026","04","21","08:00","","4.6","","-3.7","","55","","","","19","","12","","24.1","","100.29","","","","","","NA"
"-79.63","43.68","TORONTO INTL A","6158731","2026-04-21 09:00","2026","04","21","09:00","","5.8","","-4.1","","49","","","","18","","17","","24.1","","100.20","","","","","","NA"
"-79.63","43.68","TORONTO INTL A","6158731","2026-04-21 10:00","2026","04","21","10:00","","7.1","","-3.2","","48","","","","14","","17","","24.1","","100.10","","","","","","Mostly Cloudy"
"-79.63","43.68","TORONTO INTL A","6158731","2026-04-21 11:00","2026","04","21","11:00","","7.6","","-2.8","","48","","","","15","","22","","24.1","","100.00","","","","","","NA"
"-79.63","43.68","TORONTO INTL A","6158731","2026-04-21 12:00","2026","04","21","12:00","","8.5","","-2.4","","46","","","","15","","21","","24.1","","99.88","","","","","","NA"
"-79.63","43.68","TORONTO INTL A","6158731","2026-04-21 13:00","2026","04","21","13:00","","10.5","","-1.2","","44","","","","15","","23","","24.1","","99.78","","","","","","Mostly Cloudy"
"-79.63","43.68","TORONTO INTL A","6158731","2026-04-21 14:00","2026","04","21","14:00","","10.2","","-1.6","","44","","","","15","","21","","24.1","","99.68","","","","","","NA"
"-79.63","43.68","TORONTO INTL A","6158731","2026-04-21 15:00","2026","04","21","15:00","","9.9","","-0.8","","47","","","","12","","17","","24.1","","99.59","","","","","","NA"
"-79.63","43.68","TORONTO INTL A","6158731","2026-04-21 16:00","2026","04","21","16:00","","9.9","","-2.0","","43","","","","12","","16","","24.1","","99.52","","","","","","Mostly Cloudy"
"-79.63","43.68","TORONTO INTL A","6158731","2026-04-21 17:00","2026","04","21","17:00","","9.7","","-2.9","","41","","","","11","","18","","24.1","","99.46","","","","","","NA"
"-79.63","43.68","TORONTO INTL A","6158731","2026-04-21 18:00","2026","04","21","18:00","","8.7","","-2.8","","44","","","","11","","14","","24.1","","99.45","","","","","","NA"
"-79.63","43.68","TORONTO INTL A","6158731","2026-04-21 19:00","2026","04","21","19:00","","7.9","","-2.5","","48","","","","7","","9","","24.1","","99.42","","","","","","Mostly Cloudy"
"-79.63","43.68","TORONTO INTL A","6158731","2026-04-21 20:00","2026","04","21","20:00","","7.6","","-1.9","","51","","","","8","","5","","24.1","","99.42","","","","","","NA"
"-79.63","43.68","TORONTO INTL A","6158731","2026-04-21 21:00","2026","04","21","21:00","","7.4","","-1.3","","54","","","","4","","8","","24.1","","99.40","","","","","","NA"
"-79.63","43.68","TORONTO INTL A","6158731","2026-04-21 22:00","2026","04","21","22:00","","7.1","","-0.8","","57","","","","4","","7","","24.1","","99.34","","","","","","Mainly Clear"
"-79.63","43.68","TORONTO INTL A","6158731","2026-04-21 23:00","2026","04","21","23:00","","6.9","","-0.6","","58","","","","4","","7","","24.1","","99.29","","","","","","NA"
"-79.63","43.68","TORONTO INTL A","6158731","2026-04-22 00:00","2026","04","22","00:00","","5.8","","-0.4","","65","","","","4","","9","","24.1","","99.22","","","","","","NA"
"-79.63","43.68","TORONTO INTL A","6158731","2026-04-22 01:00","2026","04","22","01:00","","5.5","","-0.6","","65","","","","4","","8","","24.1","","99.20","","","","","","Clear"
"-79.63","43.68","TORONTO INTL A","6158731","2026-04-22 02:00","2026","04","22","02:00","","4.9","","-0.6","","68","","","","1","","8","","24.1","","99.15","","","","","","NA"
"-79.63","43.68","TORONTO INTL A","6158731","2026-04-22 03:00","2026","04","22","03:00","","5.3","","-0.7","","65","","","","33","","4","","24.1","","99.13","","","","","","NA"
"-79.63","43.68","TORONTO INTL A","6158731","2026-04-22 04:00","2026","04","22","04:00","","4.5","","-0.7","","69","","","","36","","6","","24.1","","99.15","","","","","","Clear"
"-79.63","43.68","TORONTO INTL A","6158731","2026-04-22 05:00","2026","04","22","05:00","","4.2","","-0.4","","72","","","","33","","10","","24.1","","99.18","","","","","","NA"
"-79.63","43.68","TORONTO INTL A","6158731","2026-04-22 06:00","2026","04","22","06:00","","4.8","","-0.3","","70","","","","4","","6","","24.1","","99.26","","","","","","NA"
"-79.63","43.68","TORONTO INTL A","6158731","2026-04-22 07:00","2026","04","22","07:00","","7.4","","0.4","","61","","","","2","","4","","24.1","","99.29","","","","","","Clear"
"-79.63","43.68","TORONTO INTL A","6158731","2026-04-22 08:00","2026","04","22","08:00","","9.7","","1.1","","55","","","","2","","7","","24.1","","99.28","","","","","","NA"
"-79.63","43.68","TORONTO INTL A","6158731","2026-04-22 09:00","2026","04","22","09:00","","11.8","","2.5","","53","","","","1","","7","","24.1","","99.29","","","","","","NA"
"-79.63","43.68","TORONTO INTL A","6158731","2026-04-22 10:00","2026","04","22","10:00","","13.9","","5.1","","55","","","","","","0","","24.1","","99.28","","","","","","Clear"
"-79.63","43.68","TORONTO INTL A","6158731","2026-04-22 11:00","2026","04","22","11:00","","14.8","","4.0","","48","","","","14","","6","","24.1","","99.30","","","","","","NA"
"-79.63","43.68","TORONTO INTL A","6158731","2026-04-22 12:00","2026","04","22","12:00","","16.4","","5.2","","47","","","","14","","10","","24.1","","99.27","","","","","","NA"
"-79.63","43.68","TORONTO INTL A","6158731","2026-04-22 13:00","2026","04","22","13:00","","16.8","","5.7","","48","","","","14","","15","","24.1","","99.26","","","","","","Clear"
"-79.63","43.68","TORONTO INTL A","6158731","2026-04-22 14:00","2026","04","22","14:00","","15.9","","4.7","","47","","","","14","","19","","24.1","","99.24","","","","","","NA"
"-79.63","43.68","TORONTO INTL A","6158731","2026-04-22 15:00","2026","04","22","15:00","","16.6","","5.4","","47","","","","15","","12","","24.1","","99.25","","","","","","NA"
"-79.63","43.68","TORONTO INTL A","6158731","2026-04-22 16:00","2026","04","22","16:00","","17.2","","6.0","","47","","","","17","","13","","24.1","","99.23","","","","","","Mainly Clear"
"-79.63","43.68","TORONTO INTL A","6158731","2026-04-22 17:00","2026","04","22","17:00","","17.5","","6.0","","47","","","","18","","7","","24.1","","99.25","","","","","","NA"
"-79.63","43.68","TORONTO INTL A","6158731","2026-04-22 18:00","2026","04","22","18:00","","17.2","","6.3","","48","","","","3","","5","","24.1","","99.26","","","","","","NA"
"-79.63","43.68","TORONTO INTL A","6158731","2026-04-22 19:00","2026","04","22","19:00","","15.8","","3.2","","43","","","","35","","22","","24.1","","99.32","","","","","","Clear"
"-79.63","43.68","TORONTO INTL A","6158731","2026-04-22 20:00","2026","04","22","20:00","","14.2","","2.3","","44","","","","35","","15","","24.1","","99.40","","","","","","NA"
"-79.63","43.68","TORONTO INTL A","6158731","2026-04-22 21:00","2026","04","22","21:00","","12.8","","2.1","","48","","","","35","","23","","24.1","","99.48","","","","","","NA"
"-79.63","43.68","TORONTO INTL A","6158731","2026-04-22 22:00","2026","04","22","22:00","","11.2","","2.1","","53","","","","35","","15","","24.1","","99.48","","","","","","Clear"
"-79.63","43.68","TORONTO INTL A","6158731","2026-04-22 23:00","2026","04","22","23:00","","10.1","","2.2","","58","","","","35","","17","","24.1","","99.49","","","","","","NA"
"-79.63","43.68","TORONTO INTL A","6158731","2026-04-23 00:00","2026","04","23","00:00","","9.7","","1.7","","57","","","","36","","19","","24.1","","99.48","","","","","","NA"
"-79.63","43.68","TORONTO INTL A","6158731","2026-04-23 01:00","2026","04","23","01:00","","9.3","","1.4","","58","","","","35","","21","","24.1","","99.49","","","","","","Clear"
"-79.63","43.68","TORONTO INTL A","6158731","2026-04-23 02:00","2026","04","23","02:00","","8.3","","1.2","","61","","","","32","","9","","24.1","","99.49","","","","","","NA"
"-79.63","43.68","TORONTO INTL A","6158731","2026-04-23 03:00","2026","04","23","03:00","","7.9","","0.8","","61","","","","34","","14","","24.1","","99.53","","","","","","NA"
"-79.63","43.68","TORONTO INTL A","6158731","2026-04-23 04:00","2026","04","23","04:00","","7.0","","0.6","","64","","","","36","","16","","24.1","","99.57","","","","","","Clear"
"-79.63","43.68","TORONTO INTL A","6158731","2026-04-23 05:00","2026","04","23","05:00","","6.2","","0.5","","67","","","","1","","9","","24.1","","99.60","","","","","","NA"
"-79.63","43.68","TORONTO INTL A","6158731","2026-04-23 06:00","2026","04","23","06:00","","7.1","","1.2","","66","","","","36","","11","","24.1","","99.64","","","","","","NA"
"-79.63","43.68","TORONTO INTL A","6158731","2026-04-23 07:00","2026","04","23","07:00","","8.9","","1.7","","60","","","","1","","4","","24.1","","99.71","","","","","","Mainly Clear"
"-79.63","43.68","TORONTO INTL A","6158731","2026-04-23 08:00","2026","04","23","08:00","","11.7","","0.8","","47","","","","10","","11","","24.1","","99.71","","","","","","NA"
"-79.63","43.68","TORONTO INTL A","6158731","2026-04-23 09:00","2026","04","23","09:00","","11.9","","-0.7","","41","","","","12","","16","","24.1","","99.71","","","","","","NA"
"-79.63","43.68","TORONTO INTL A","6158731","2026-04-23 10:00","2026","04","23","10:00","","13.5","","-0.1","","39","","","","10","","8","","24.1","","99.72","","","","","","Mostly Cloudy"
"-79.63","43.68","TORONTO INTL A","6158731","2026-04-23 11:00","2026","04","23","11:00","","15.2","","-0.4","","34","","","","9","","10","","24.1","","99.67","","","","","","NA"
"-79.63","43.68","TORONTO INTL A","6158731","2026-04-23 12:00","2026","04","23","12:00","","15.9","","-1.4","","30","","","","12","","14","","24.1","","99.58","","","","","","NA"
"-79.63","43.68","TORONTO INTL A","6158731","2026-04-23 13:00","2026","04","23","13:00","","16.0","","1.1","","36","","","","15","","12","","24.1","","99.54","","","","","","Mainly Clear"
"-79.63","43.68","TORONTO INTL A","6158731","2026-04-23 14:00","2026","04","23","14:00","","15.7","","1.6","","38","","","","17","","13","","24.1","","99.46","","","","","","NA"
"-79.63","43.68","TORONTO INTL A","6158731","2026-04-23 15:00","2026","04","23","15:00","","17.2","","3.1","","39","","","","14","","10","","24.1","","99.36","","","","","","NA"
"-79.63","43.68","TORONTO INTL A","6158731","2026-04-23 16:00","2026","04","23","16:00","","17.3","","1.0","","33","","","","15","","8","","24.1","","99.30","","","","","","Mostly Cloudy"
"-79.63","43.68","TORONTO INTL A","6158731","2026-04-23 17:00","2026","04","23","17:00","","17.8","","0.8","","31","","","","14","","8","","24.1","","99.26","","","","","","NA"
"-79.63","43.68","TORONTO INTL A","6158731","2026-04-23 18:00","2026","04","23","18:00","","16.9","","0.2","","32","","","","14","","11","","24.1","","99.23","","","","","","NA"
"-79.63","43.68","TORONTO INTL A","6158731","2026-04-23 19:00","2026","04","23","19:00","","13.9","","1.3","","42","","","","15","","8","","24.1","","99.23","","","","","","Mostly Cloudy"
"-79.63","43.68","TORONTO INTL A","6158731","2026-04-23 20:00","2026","04","23","20:00","","11.1","","-1.0","","43","","","","16","","9","","24.1","","99.21","","","","","","NA"
"-79.63","43.68","TORONTO INTL A","6158731","2026-04-23 21:00","2026","04","23","21:00","","10.9","","-1.3","","43","","","","13","","3","","24.1","","99.22","","","","","","NA"
"-79.63","43.68","TORONTO INTL A","6158731","2026-04-23 22:00","2026","04","23","22:00","","10.9","","-2.0","","40","","","","","","0","","24.1","","99.16","","","","","","Mainly Clear"
"-79.63","43.68","TORONTO INTL A","6158731","2026-04-23 23:00","2026","04","23","23:00","","9.5","","-0.9","","48","","","","26","","7","","24.1","","99.15","","","","","","NA"
"-79.63","43.68","TORONTO INTL A","6158731","2026-04-24 00:00","2026","04","24","00:00","","8.5","","1.1","","60","","","","29","","8","","24.1","","99.15","","","","","","NA"
"-79.63","43.68","TORONTO INTL A","6158731","2026-04-24 01:00","2026","04","24","01:00","","9.9","","1.1","","54","","","","4","","9","","24.1","","99.19","","","","","","Mainly Clear"
"-79.63","43.68","TORONTO INTL A","6158731","2026-04-24 02:00","2026","04","24","02:00","","10.5","","1.0","","51","","","","1","","8","","24.1","","99.16","","","","","","NA"
"-79.63","43.68","TORONTO INTL A","6158731","2026-04-24 03:00","2026","04","24","03:00","","10.8","","0.6","","49","","","","7","","12","","24.1","","99.17","","","","","","NA"
"-79.63","43.68","TORONTO INTL A","6158731","2026-04-24 04:00","2026","04","24","04:00","","11.1","","-0.2","","45","","","","9","","13","","24.1","","99.17","","","","","","Mostly Cloudy"
"-79.63","43.68","TORONTO INTL A","6158731","2026-04-24 05:00","2026","04","24","05:00","","10.5","","-1.2","","44","","","","8","","13","","24.1","","99.28","","","","","","NA"
"-79.63","43.68","TORONTO INTL A","6158731","2026-04-24 06:00","2026","04","24","06:00","","9.1","","-3.8","","40","","","","9","","16","","24.1","","99.29","","","","","","NA"
"-79.63","43.68","TORONTO INTL A","6158731","2026-04-24 07:00","2026","04","24","07:00","","8.1","","-4.1","","42","","","","9","","19","","24.1","","99.37","","","","","","Mostly Cloudy"
"-79.63","43.68","TORONTO INTL A","6158731","2026-04-24 08:00","2026","04","24","08:00","","7.1","","-1.4","","55","","","","10","","16","","24.1","","99.37","","","","","","NA"
"-79.63","43.68","TORONTO INTL A","6158731","2026-04-24 09:00","2026","04","24","09:00","","6.3","","-1.5","","57","","","","11","","17","","24.1","","99.35","","","","","","NA"
"-79.63","43.68","TORONTO INTL A","6158731","2026-04-24 10:00","2026","04","24","10:00","","6.3","","-3.2","","51","","","","10","","28","","24.1","","99.35","","","","","","Mostly Cloudy"
"-79.63","43.68","TORONTO INTL A","6158731","2026-04-24 11:00","2026","04","24","11:00","","5.8","","-3.0","","53","","","","11","","20","","24.1","","99.33","","","","","","NA"
"-79.63","43.68","TORONTO INTL A","6158731","2026-04-24 12:00","2026","04","24","12:00","","5.5","","-2.1","","58","","","","8","","13","","24.1","","99.34","","","","","","Rain Showers"
"-79.63","43.68","TORONTO INTL A","6158731","2026-04-24 13:00","2026","04","24","13:00","","7.9","","-0.2","","56","","","","11","","17","","24.1","","99.26","","","","","","Mostly Cloudy"
"-79.63","43.68","TORONTO INTL A","6158731","2026-04-24 14:00","2026","04","24","14:00","","7.8","","-3.2","","46","","","","10","","19","","24.1","","99.21","","","","","","NA"
"-79.63","43.68","TORONTO INTL A","6158731","2026-04-24 15:00","2026","04","24","15:00","","9.1","","-4.3","","38","","","","6","","18","","24.1","","99.14","","","","","","NA"
"-79.63","43.68","TORONTO INTL A","6158731","2026-04-24 16:00","2026","04","24","16:00","","8.8","","-6.5","","33","","","","8","","20","","24.1","","99.09","","","","","","Mostly Cloudy"
"-79.63","43.68","TORONTO INTL A","6158731","2026-04-24 17:00","2026","04","24","17:00","","8.6","","-6.5","","34","","","","8","","19","","24.1","","99.05","","","","","","NA"
"-79.63","43.68","TORONTO INTL A","6158731","2026-04-24 18:00","2026","04","24","18:00","","8.2","","-7.2","","33","","","","9","","15","","24.1","","99.05","","","","","","NA"
"-79.63","43.68","TORONTO INTL A","6158731","2026-04-24 19:00","2026","04","24","19:00","","7.9","","-8.3","","31","","","","7","","16","","24.1","","99.10","","","","","","Mostly Cloudy"
"-79.63","43.68","TORONTO INTL A","6158731","2026-04-24 20:00","2026","04","24","20:00","","7.5","","-6.4","","36","","","","7","","15","","24.1","","99.03","","","","","","NA"
"-79.63","43.68","TORONTO INTL A","6158731","2026-04-24 21:00","2026","04","24","21:00","","8.1","","-5.6","","37","","","","10","","13","","24.1","","99.04","","","","","","NA"
"-79.63","43.68","TORONTO INTL A","6158731","2026-04-24 22:00","2026","04","24","22:00","","8.8","","-7.3","","31","","","","2","","4","","19.3","","99.21","","","","","","Rain Showers"
"-79.63","43.68","TORONTO INTL A","6158731","2026-04-24 23:00","2026","04","24","23:00","","5.8","","1.0","","71","","","","8","","12","","19.3","","99.14","","","","","","Rain Showers"
"-79.63","43.68","TORONTO INTL A","6158731","2026-04-25 00:00","2026","04","25","00:00","","6.3","","1.7","","73","","","","6","","8","","24.1","","99.13","","","","","","Rain Showers"
"-79.63","43.68","TORONTO INTL A","6158731","2026-04-25 01:00","2026","04","25","01:00","","6.0","","2.3","","77","","","","8","","7","","19.3","","99.10","","","","","","Rain"
"-79.63","43.68","TORONTO INTL A","6158731","2026-04-25 02:00","2026","04","25","02:00","","6.3","","2.3","","75","","","","7","","9","","19.3","","99.04","","","","","","Rain"
"-79.63","43.68","TORONTO INTL A","6158731","2026-04-25 03:00","2026","04","25","03:00","","5.7","","2.3","","79","","","","8","","10","","12.9","","99.03","","","","","","Moderate Rain"
"-79.63","43.68","TORONTO INTL A","6158731","2026-04-25 04:00","2026","04","25","04:00","","5.1","","2.5","","83","","","","9","","10","","16.1","","98.99","","","","","","Rain"
"-79.63","43.68","TORONTO INTL A","6158731","2026-04-25 05:00","2026","04","25","05:00","","5.2","","2.8","","84","","","","8","","16","","12.9","","98.95","","","","","","Rain"
"-79.63","43.68","TORONTO INTL A","6158731","2026-04-25 06:00","2026","04","25","06:00","","4.8","","2.5","","85","","","","8","","25","","9.7","","99.04","","","","","","Rain,Fog"
"-79.63","43.68","TORONTO INTL A","6158731","2026-04-25 07:00","2026","04","25","07:00","","4.2","","2.5","","89","","","","8","","28","","8.1","","99.07","","","","","","Rain,Fog"
"-79.63","43.68","TORONTO INTL A","6158731","2026-04-25 08:00","2026","04","25","08:00","","4.1","","2.7","","90","","","","5","","16","","8.1","","99.18","","","","","","Rain,Fog"
"-79.63","43.68","TORONTO INTL A","6158731","2026-04-25 09:00","2026","04","25","09:00","","4.3","","3.0","","91","","","","7","","14","","9.7","","99.18","","","","","","Rain,Fog"
"-79.63","43.68","TORONTO INTL A","6158731","2026-04-25 10:00","2026","04","25","10:00","","4.6","","3.0","","90","","","","5","","17","","16.1","","99.21","","","","","","Rain"
"-79.63","43.68","TORONTO INTL A","6158731","2026-04-25 11:00","2026","04","25","11:00","","4.8","","3.4","","91","","","","4","","19","","6.4","","99.24","","","","","","Rain,Fog"
"-79.63","43.68","TORONTO INTL A","6158731","2026-04-25 12:00","2026","04","25","12:00","","5.0","","3.8","","92","","","","3","","23","","8.1","","99.23","","","","","","Drizzle,Fog"
"-79.63","43.68","TORONTO INTL A","6158731","2026-04-25 13:00","2026","04","25","13:00","","5.7","","4.8","","94","","","","36","","17","","3.2","","99.31","","","","","","Rain,Fog"
"-79.63","43.68","TORONTO INTL A","6158731","2026-04-25 14:00","2026","04","25","14:00","","6.2","","5.1","","92","","","","3","","21","","8.1","","99.34","","","","","","Drizzle,Fog"
"-79.63","43.68","TORONTO INTL A","6158731","2026-04-25 15:00","2026","04","25","15:00","","7.2","","4.6","","84","","","","1","","20","","24.1","","99.36","","","","","","NA"
"-79.63","43.68","TORONTO INTL A","6158731","2026-04-25 16:00","2026","04","25","16:00","","8.5","","4.9","","78","","","","5","","17","","24.1","","99.38","","","","","","Cloudy"
"-79.63","43.68","TORONTO INTL A","6158731","2026-04-25 17:00","2026","04","25","17:00","","9.6","","4.1","","69","","","","5","","21","","24.1","","99.44","","","","","","NA"
"-79.63","43.68","TORONTO INTL A","6158731","2026-04-25 18:00","2026","04","25","18:00","","9.5","","5.2","","75","","","","9","","13","","24.1","","99.45","","","","","","NA"
"-79.63","43.68","TORONTO INTL A","6158731","2026-04-25 19:00","2026","04","25","19:00","","9.3","","4.4","","71","","","","6","","12","","24.1","","99.55","","","","","","Mostly Cloudy"
"-79.63","43.68","TORONTO INTL A","6158731","2026-04-25 20:00","2026","04","25","20:00","","9.3","","4.4","","72","","","","6","","9","","24.1","","99.68","","","","","","NA"
"-79.63","43.68","TORONTO INTL A","6158731","2026-04-25 21:00","2026","04","25","21:00","","8.6","","4.4","","75","","","","7","","7","","24.1","","99.75","","","","","","NA"
"-79.63","43.68","TORONTO INTL A","6158731","2026-04-25 22:00","2026","04","25","22:00","","7.3","","4.7","","83","","","","5","","5","","24.1","","99.73","","","","","","Mainly Clear"
"-79.63","43.68","TORONTO INTL A","6158731","2026-04-25 23:00","2026","04","25","23:00","","7.1","","4.6","","84","","","","4","","5","","24.1","","99.73","","","","","","NA"
"-79.63","43.68","TORONTO INTL A","6158731","2026-04-26 00:00","2026","04","26","00:00","","5.4","","3.1","","85","","","","36","","10","","24.1","","99.72","","","","","","NA"
"-79.63","43.68","TORONTO INTL A","6158731","2026-04-26 01:00","2026","04","26","01:00","","4.7","","1.9","","82","","","","35","","10","","24.1","","99.73","","","","","","Clear"
"-79.63","43.68","TORONTO INTL A","6158731","2026-04-26 02:00","2026","04","26","02:00","","3.5","","1.1","","84","","","","36","","10","","24.1","","99.75","","","","","","NA"
"-79.63","43.68","TORONTO INTL A","6158731","2026-04-26 03:00","2026","04","26","03:00","","3.7","","1.0","","82","","","","33","","8","","24.1","","99.79","","","","","","NA"
"-79.63","43.68","TORONTO INTL A","6158731","2026-04-26 04:00","2026","04","26","04:00","","3.5","","0.7","","81","","","","33","","12","","24.1","","99.86","","","","","","Clear"
"-79.63","43.68","TORONTO INTL A","6158731","2026-04-26 05:00","2026","04","26","05:00","","3.0","","0.3","","82","","","","1","","14","","24.1","","99.87","","","","","","NA"
"-79.63","43.68","TORONTO INTL A","6158731","2026-04-26 06:00","2026","04","26","06:00","","4.3","","0.6","","77","","","","36","","10","","24.1","","99.96","","","","","","NA"
"-79.63","43.68","TORONTO INTL A","6158731","2026-04-26 07:00","2026","04","26","07:00","","5.9","","1.5","","73","","","","2","","11","","24.1","","100.09","","","","","","Mainly Clear"
"-79.63","43.68","TORONTO INTL A","6158731","2026-04-26 08:00","2026","04","26","08:00","","8.3","","2.3","","66","","","","36","","6","","24.1","","100.13","","","","","","NA"
"-79.63","43.68","TORONTO INTL A","6158731","2026-04-26 09:00","2026","04","26","09:00","","10.7","","3.1","","59","","","","2","","7","","24.1","","100.17","","","","","","NA"
"-79.63","43.68","TORONTO INTL A","6158731","2026-04-26 10:00","2026","04","26","10:00","","12.7","","2.9","","51","","","","4","","5","","24.1","","100.17","","","","","","Mainly Clear"
"-79.63","43.68","TORONTO INTL A","6158731","2026-04-26 11:00","2026","04","26","11:00","","12.7","","6.4","","66","","","","15","","16","","24.1","","100.15","","","","","","NA"
"-79.63","43.68","TORONTO INTL A","6158731","2026-04-26 12:00","2026","04","26","12:00","","12.2","","6.1","","66","","","","14","","16","","24.1","","100.14","","","","","","NA"
"-79.63","43.68","TORONTO INTL A","6158731","2026-04-26 13:00","2026","04","26","13:00","","12.9","","4.3","","56","","","","12","","18","","24.1","","100.10","","","","","","Mostly Cloudy"
"-79.63","43.68","TORONTO INTL A","6158731","2026-04-26 14:00","2026","04","26","14:00","","14.0","","2.2","","45","","","","14","","19","","24.1","","100.09","","","","","","NA"
"-79.63","43.68","TORONTO INTL A","6158731","2026-04-26 15:00","2026","04","26","15:00","","13.9","","-0.7","","36","","","","14","","17","","24.1","","100.08","","","","","","NA"
"-79.63","43.68","TORONTO INTL A","6158731","2026-04-26 16:00","2026","04","26","16:00","","13.5","","-2.0","","34","","","","14","","15","","24.1","","100.06","","","","","","Mostly Cloudy"
"-79.63","43.68","TORONTO INTL A","6158731","2026-04-26 17:00","2026","04","26","17:00","","13.2","","-0.1","","40","","","","13","","8","","24.1","","100.11","","","","","","NA"
"-79.63","43.68","TORONTO INTL A","6158731","2026-04-26 18:00","2026","04","26","18:00","","13.3","","-1.6","","36","","","","19","","5","","24.1","","100.11","","","","","","NA"
"-79.63","43.68","TORONTO INTL A","6158731","2026-04-26 19:00","2026","04","26","19:00","","12.9","","-2.6","","34","","","","","","0","","24.1","","100.10","","","","","","Mainly Clear"
"-79.63","43.68","TORONTO INTL A","6158731","2026-04-26 20:00","2026","04","26","20:00","","12.8","","-3.8","","31","","","","","","0","","24.1","","100.15","","","","","","NA"
"-79.63","43.68","TORONTO INTL A","6158731","2026-04-26 21:00","2026","04","26","21:00","","12.4","","-3.0","","34","","","","8","","3","","24.1","","100.17","","","","","","NA"
"-79.63","43.68","TORONTO INTL A","6158731","2026-04-26 22:00","2026","04","26","22:00","","11.3","","-2.5","","38","","","","","","0","","24.1","","100.15","","","","","","Mainly Clear"
"-79.63","43.68","TORONTO INTL A","6158731","2026-04-26 23:00","2026","04","26","23:00","","11.3","","-2.1","","39","","","","8","","4","","24.1","","100.18","","","","","","NA"
"-79.63","43.68","TORONTO INTL A","6158731","2026-04-27 00:00","2026","04","27","00:00","","9.3","","0.3","","53","","","","32","","7","","24.1","","100.26","","","","","","NA"
"-79.63","43.68","TORONTO INTL A","6158731","2026-04-27 01:00","2026","04","27","01:00","","7.5","","0.7","","62","","","","2","","12","","24.1","","100.17","","","","","","Clear"
"-79.63","43.68","TORONTO INTL A","6158731","2026-04-27 02:00","2026","04","27","02:00","","7.1","","0.2","","62","","","","36","","5","","24.1","","100.12","","","","","","NA"
"-79.63","43.68","TORONTO INTL A","6158731","2026-04-27 03:00","2026","04","27","03:00","","6.5","","0.4","","65","","","","17","","4","","24.1","","100.14","","","","","","NA"
"-79.63","43.68","TORONTO INTL A","6158731","2026-04-27 04:00","2026","04","27","04:00","","5.8","","0.6","","69","","","","","","0","","24.1","","100.19","","","","","","Mainly Clear"
"-79.63","43.68","TORONTO INTL A","6158731","2026-04-27 05:00","2026","04","27","05:00","","5.0","","0.5","","73","","","","28","","4","","24.1","","100.23","","","","","","NA"
"-79.63","43.68","TORONTO INTL A","6158731","2026-04-27 06:00","2026","04","27","06:00","","7.0","","0.1","","62","","","","2","","7","","24.1","","100.27","","","","","","NA"
"-79.63","43.68","TORONTO INTL A","6158731","2026-04-27 07:00","2026","04","27","07:00","","9.0","","2.0","","62","","","","3","","7","","24.1","","100.32","","","","","","Mainly Clear"
"-79.63","43.68","TORONTO INTL A","6158731","2026-04-27 08:00","2026","04","27","08:00","","12.4","","1.9","","49","","","","14","","8","","24.1","","100.31","","","","","","NA"
"-79.63","43.68","TORONTO INTL A","6158731","2026-04-27 09:00","2026","04","27","09:00","","14.0","","1.6","","43","","","","13","","18","","24.1","","100.33","","","","","","NA"
"-79.63","43.68","TORONTO INTL A","6158731","2026-04-27 10:00","2026","04","27","10:00","","15.2","","0.4","","36","","","","10","","22","","24.1","","100.27","","","","","","Mostly Cloudy"
"-79.63","43.68","TORONTO INTL A","6158731","2026-04-27 11:00","2026","04","27","11:00","","15.9","","1.0","","36","","","","11","","19","","24.1","","100.24","","","","","","NA"
"-79.63","43.68","TORONTO INTL A","6158731","2026-04-27 12:00","2026","04","27","12:00","","16.1","","1.3","","36","","","","13","","20","","24.1","","100.16","","","","","","NA"
"-79.63","43.68","TORONTO INTL A","6158731","2026-04-27 13:00","2026","04","27","13:00","","17.4","","4.8","","43","","","","14","","16","","24.1","","100.11","","","","","","Mostly Cloudy"
"-79.63","43.68","TORONTO INTL A","6158731","2026-04-27 14:00","2026","04","27","14:00","","17.6","","2.8","","37","","","","10","","19","","24.1","","100.05","","","","","","NA"
"-79.63","43.68","TORONTO INTL A","6158731","2026-04-27 15:00","2026","04","27","15:00","","18.2","","4.8","","41","","","","11","","13","","24.1","","99.93","","","","","","NA"
"-79.63","43.68","TORONTO INTL A","6158731","2026-04-27 16:00","2026","04","27","16:00","","17.8","","2.9","","37","","","","7","","21","","24.1","","99.85","","","","","","Mostly Cloudy"
"-79.63","43.68","TORONTO INTL A","6158731","2026-04-27 17:00","2026","04","27","17:00","","17.4","","2.0","","35","","","","8","","20","","24.1","","99.80","","","","","","NA"
"-79.63","43.68","TORONTO INTL A","6158731","2026-04-27 18:00","2026","04","27","18:00","","16.6","","1.6","","36","","","","8","","17","","24.1","","99.73","","","","","","NA"
"-79.63","43.68","TORONTO INTL A","6158731","2026-04-27 19:00","2026","04","27","19:00","","15.4","","1.4","","38","","","","9","","17","","24.1","","99.63","","","","","","Mostly Cloudy"
"-79.63","43.68","TORONTO INTL A","6158731","2026-04-27 20:00","2026","04","27","20:00","","14.9","","1.7","","40","","","","10","","19","","24.1","","99.55","","","","","","NA"
"-79.63","43.68","TORONTO INTL A","6158731","2026-04-27 21:00","2026","04","27","21:00","","14.1","","2.0","","44","","","","9","","20","","24.1","","99.42","","","","","","NA"
"-79.63","43.68","TORONTO INTL A","6158731","2026-04-27 22:00","2026","04","27","22:00","","13.3","","3.4","","51","","","","11","","15","","24.1","","99.28","","","","","","Mostly Cloudy"
"-79.63","43.68","TORONTO INTL A","6158731","2026-04-27 23:00","2026","04","27","23:00","","13.2","","4.8","","56","","","","13","","8","","24.1","","99.32","","","","","","NA"
"-79.63","43.68","TORONTO INTL A","6158731","2026-04-28 00:00","2026","04","28","00:00","","10.1","","4.2","","67","","","","24","","3","","24.1","","99.31","","","","","","NA"
"-79.63","43.68","TORONTO INTL A","6158731","2026-04-28 01:00","2026","04","28","01:00","","11.8","","4.1","","59","","","","9","","7","","24.1","","99.19","","","","","","Mostly Cloudy"
"-79.63","43.68","TORONTO INTL A","6158731","2026-04-28 02:00","2026","04","28","02:00","","13.3","","3.9","","53","","","","12","","11","","24.1","","99.09","","","","","","NA"
"-79.63","43.68","TORONTO INTL A","6158731","2026-04-28 03:00","2026","04","28","03:00","","13.5","","3.9","","52","","","","14","","14","","24.1","","99.05","","","","","","NA"
"-79.63","43.68","TORONTO INTL A","6158731","2026-04-28 04:00","2026","04","28","04:00","","12.8","","4.3","","56","","","","13","","16","","24.1","","98.94","","","","","","Mostly Cloudy"
"-79.63","43.68","TORONTO INTL A","6158731","2026-04-28 05:00","2026","04","28","05:00","","12.9","","4.8","","58","","","","14","","18","","24.1","","98.88","","","","","","NA"
"-79.63","43.68","TORONTO INTL A","6158731","2026-04-28 06:00","2026","04","28","06:00","","12.7","","4.8","","58","","","","16","","12","","19.3","","98.87","","","","","","NA"
"-79.63","43.68","TORONTO INTL A","6158731","2026-04-28 07:00","2026","04","28","07:00","","11.6","","6.4","","70","","","","13","","13","","19.3","","98.89","","","","","","Cloudy"
"-79.63","43.68","TORONTO INTL A","6158731","2026-04-28 08:00","2026","04","28","08:00","","10.3","","8.6","","89","","","","14","","11","","24.1","","98.94","","","","","","Rain"
"-79.63","43.68","TORONTO INTL A","6158731","2026-04-28 09:00","2026","04","28","09:00","","11.1","","8.7","","85","","","","15","","16","","24.1","","98.92","","","","","","NA"
"-79.63","43.68","TORONTO INTL A","6158731","2026-04-28 10:00","2026","04","28","10:00","","10.8","","7.7","","81","","","","15","","18","","19.3","","98.95","","","","","","Cloudy"
"-79.63","43.68","TORONTO INTL A","6158731","2026-04-28 11:00","2026","04","28","11:00","","11.9","","8.4","","79","","","","16","","13","","24.1","","98.97","","","","","","NA"
"-79.63","43.68","TORONTO INTL A","6158731","2026-04-28 12:00","2026","04","28","12:00","","13.9","","9.7","","76","","","","14","","14","","24.1","","98.95","","","","","","NA"
"-79.63","43.68","TORONTO INTL A","6158731","2026-04-28 13:00","2026","04","28","13:00","","15.9","","11.2","","73","","","","20","","17","","24.1","","98.94","","","","","","Cloudy"
"-79.63","43.68","TORONTO INTL A","6158731","2026-04-28 14:00","2026","04","28","14:00","","15.9","","11.5","","75","","","","17","","18","","24.1","","98.97","","","","","","NA"
"-79.63","43.68","TORONTO INTL A","6158731","2026-04-28 15:00","2026","04","28","15:00","","15.9","","11.4","","74","","","","17","","18","","24.1","","98.95","","","","","","NA"
"-79.63","43.68","TORONTO INTL A","6158731","2026-04-28 16:00","2026","04","28","16:00","","15.7","","11.3","","75","","","","16","","18","","24.1","","98.92","","","","","","Mostly Cloudy"
"-79.63","43.68","TORONTO INTL A","6158731","2026-04-28 17:00","2026","04","28","17:00","","15.4","","11.0","","75","","","","16","","13","","24.1","","98.94","","","","","","NA"
"-79.63","43.68","TORONTO INTL A","6158731","2026-04-28 18:00","2026","04","28","18:00","","16.5","","11.8","","74","","","","20","","13","","24.1","","98.98","","","","","","NA"
"-79.63","43.68","TORONTO INTL A","6158731","2026-04-28 19:00","2026","04","28","19:00","","16.1","","11.8","","75","","","","","","0","","24.1","","99.00","","","","","","Mostly Cloudy"
"-79.63","43.68","TORONTO INTL A","6158731","2026-04-28 20:00","2026","04","28","20:00","","15.8","","9.6","","66","","","","30","","19","","24.1","","99.09","","","","","","NA"
"-79.63","43.68","TORONTO INTL A","6158731","2026-04-28 21:00","2026","04","28","21:00","","14.7","","9.8","","72","","","","31","","12","","24.1","","99.17","","","","","","NA"
"-79.63","43.68","TORONTO INTL A","6158731","2026-04-28 22:00","2026","04","28","22:00","","14.4","","9.5","","72","","","","31","","19","","24.1","","99.15","","","","","","Mostly Cloudy"
"-79.63","43.68","TORONTO INTL A","6158731","2026-04-28 23:00","2026","04","28","23:00","","13.3","","8.6","","73","","","","32","","16","","24.1","","99.20","","","","","","NA"
"-79.63","43.68","TORONTO INTL A","6158731","2026-04-29 00:00","2026","04","29","00:00","","11.7","","8.0","","78","","","","1","","15","","24.1","","99.23","","","","","","NA"
"-79.63","43.68","TORONTO INTL A","6158731","2026-04-29 01:00","2026","04","29","01:00","","10.1","","7.2","","82","","","","35","","14","","24.1","","99.21","","","","","","Mainly Clear"
"-79.63","43.68","TORONTO INTL A","6158731","2026-04-29 02:00","2026","04","29","02:00","","9.1","","7.3","","88","","","","36","","10","","24.1","","99.18","","","","","","NA"
"-79.63","43.68","TORONTO INTL A","6158731","2026-04-29 03:00","2026","04","29","03:00","","9.8","","6.3","","79","","","","35","","7","","24.1","","99.25","","","","","","NA"
"-79.63","43.68","TORONTO INTL A","6158731","2026-04-29 04:00","2026","04","29","04:00","","9.6","","6.5","","81","","","","36","","10","","24.1","","99.21","","","","","","Mostly Cloudy"
"-79.63","43.68","TORONTO INTL A","6158731","2026-04-29 05:00","2026","04","29","05:00","","9.1","","6.5","","84","","","","","","0","","24.1","","99.19","","","","","","NA"
"-79.63","43.68","TORONTO INTL A","6158731","2026-04-29 06:00","2026","04","29","06:00","","8.7","","6.8","","88","","","","36","","11","","24.1","","99.21","","","","","","NA"
"-79.63","43.68","TORONTO INTL A","6158731","2026-04-29 07:00","2026","04","29","07:00","","8.9","","5.9","","82","","","","35","","14","","24.1","","99.25","","","","","","Mostly Cloudy"
"-79.63","43.68","TORONTO INTL A","6158731","2026-04-29 08:00","2026","04","29","08:00","","8.6","","5.6","","81","","","","1","","12","","24.1","","99.16","","","","","","Rain"
"-79.63","43.68","TORONTO INTL A","6158731","2026-04-29 09:00","2026","04","29","09:00","","8.9","","5.4","","79","","","","35","","17","","24.1","","99.19","","","","","","Rain"
"-79.63","43.68","TORONTO INTL A","6158731","2026-04-29 10:00","2026","04","29","10:00","","8.0","","4.2","","76","","","","35","","20","","24.1","","99.17","","","","","","Rain"
"-79.63","43.68","TORONTO INTL A","6158731","2026-04-29 11:00","2026","04","29","11:00","","9.4","","6.1","","79","","","","1","","18","","24.1","","99.05","","","","","","Rain"
"-79.63","43.68","TORONTO INTL A","6158731","2026-04-29 12:00","2026","04","29","12:00","","9.5","","5.0","","74","","","","35","","17","","24.1","","99.01","","","","","","NA"
"-79.63","43.68","TORONTO INTL A","6158731","2026-04-29 13:00","2026","04","29","13:00","","9.4","","4.6","","72","","","","1","","12","","24.1","","98.98","","","","","","Cloudy"
"-79.63","43.68","TORONTO INTL A","6158731","2026-04-29 14:00","2026","04","29","14:00","","9.4","","4.6","","72","","","","35","","22","","24.1","","98.95","","","","","","Rain"
"-79.63","43.68","TORONTO INTL A","6158731","2026-04-29 15:00","2026","04","29","15:00","","9.1","","4.5","","73","","","","1","","21","","24.1","","98.88","","","","","","Drizzle"
"-79.63","43.68","TORONTO INTL A","6158731","2026-04-29 16:00","2026","04","29","16:00","","9.1","","3.7","","69","","","","35","","18","","24.1","","98.86","","","","","","Cloudy"
"-79.63","43.68","TORONTO INTL A","6158731","2026-04-29 17:00","2026","04","29","17:00","","8.4","","2.5","","66","","","","34","","23","","24.1","","98.83","","","","","","NA"
"-79.63","43.68","TORONTO INTL A","6158731","2026-04-29 18:00","2026","04","29","18:00","","7.0","","2.9","","75","","","","35","","21","","24.1","","98.85","","","","","","Rain"
"-79.63","43.68","TORONTO INTL A","6158731","2026-04-29 19:00","2026","04","29","19:00","","7.5","","2.8","","72","","","","34","","18","","24.1","","98.87","","","","","","Mostly Cloudy"
"-79.63","43.68","TORONTO INTL A","6158731","2026-04-29 20:00","2026","04","29","20:00","","7.3","","2.1","","69","","","","34","","18","","24.1","","98.89","","","","","","NA"
"-79.63","43.68","TORONTO INTL A","6158731","2026-04-29 21:00","2026","04","29","21:00","","6.5","","1.0","","68","","","","34","","18","","24.1","","98.94","","","","","","NA"
"-79.63","43.68","TORONTO INTL A","6158731","2026-04-29 22:00","2026","04","29","22:00","","5.3","","0.3","","70","","","","35","","21","","24.1","","98.94","","","","","","Mainly Clear"
"-79.63","43.68","TORONTO INTL A","6158731","2026-04-29 23:00","2026","04","29","23:00","","4.7","","-0.3","","70","","","","34","","21","","24.1","","98.92","","","","","","NA"
"-79.63","43.68","TORONTO INTL A","6158731","2026-04-30 00:00","2026","04","30","00:00","","4.6","","-0.2","","71","","","","34","","19","","24.1","","98.91","","","","","","NA"
"-79.63","43.68","TORONTO INTL A","6158731","2026-04-30 01:00","2026","04","30","01:00","","4.8","","0.2","","72","","","","33","","24","","24.1","","98.88","","","","","","Mainly Clear"
"-79.63","43.68","TORONTO INTL A","6158731","2026-04-30 02:00","2026","04","30","02:00","","4.5","","0.0","","73","","","","34","","24","","24.1","","98.88","","","","","","NA"
"-79.63","43.68","TORONTO INTL A","6158731","2026-04-30 03:00","2026","04","30","03:00","","4.8","","0.3","","73","","","","33","","23","","24.1","","98.88","","","","","","NA"
"-79.63","43.68","TORONTO INTL A","6158731","2026-04-30 04:00","2026","04","30","04:00","","4.8","","0.8","","75","","","","34","","16","","24.1","","98.91","","","","","","Mostly Cloudy"
"-79.63","43.68","TORONTO INTL A","6158731","2026-04-30 05:00","2026","04","30","05:00","","4.8","","1.1","","77","","","","34","","15","","24.1","","98.91","","","","","","NA"
"-79.63","43.68","TORONTO INTL A","6158731","2026-04-30 06:00","2026","04","30","06:00","","5.1","","1.5","","77","","","","33","","15","","24.1","","98.99","","","","","","NA"
"-79.63","43.68","TORONTO INTL A","6158731","2026-04-30 07:00","2026","04","30","07:00","","5.9","","1.8","","75","","","","33","","14","","24.1","","99.03","","","","","","Mostly Cloudy"
"-79.63","43.68","TORONTO INTL A","6158731","2026-04-30 08:00","2026","04","30","08:00","","6.2","","2.6","","78","","","","34","","17","","24.1","","99.04","","","","","","Rain"
"-79.63","43.68","TORONTO INTL A","6158731","2026-04-30 09:00","2026","04","30","09:00","","7.6","","2.1","","68","","","","33","","16","","24.1","","99.04","","","","","","NA"
"-79.63","43.68","TORONTO INTL A","6158731","2026-04-30 10:00","2026","04","30","10:00","","9.4","","2.7","","63","","","","33","","19","","24.1","","99.03","","","","","","Mostly Cloudy"
"-79.63","43.68","TORONTO INTL A","6158731","2026-04-30 11:00","2026","04","30","11:00","","9.9","","1.5","","56","","","","34","","14","","24.1","","99.05","","","","","","NA"
"-79.63","43.68","TORONTO INTL A","6158731","2026-04-30 12:00","2026","04","30","12:00","","10.1","","-0.4","","48","","","","32","","21","","24.1","","99.07","","","","","","NA"
"-79.63","43.68","TORONTO INTL A","6158731","2026-04-30 13:00","2026","04","30","13:00","","10.2","","-0.7","","47","","","","32","","25","","24.1","","99.06","","","","","","Mostly Cloudy"
"-79.63","43.68","TORONTO INTL A","6158731","2026-04-30 14:00","2026","04","30","14:00","","10.6","","-1.3","","43","","","","30","","28","","24.1","","99.08","","","","","","NA"
"-79.63","43.68","TORONTO INTL A","6158731","2026-04-30 15:00","2026","04","30","15:00","","10.8","","-1.4","","43","","","","33","","25","","24.1","","99.05","","","","","","NA"
"-79.63","43.68","TORONTO INTL A","6158731","2026-04-30 16:00","2026","04","30","16:00","","11.6","","-1.5","","40","","","","30","","26","","24.1","","99.06","","","","","","Mainly Clear"
"-79.63","43.68","TORONTO INTL A","6158731","2026-04-30 17:00","2026","04","30","17:00","","11.5","","-2.0","","39","","","","35","","22","","24.1","","99.07","","","","","","NA"
"-79.63","43.68","TORONTO INTL A","6158731","2026-04-30 18:00","2026","04","30","18:00","","9.2","","-2.7","","43","","","","36","","22","","24.1","","99.11","","","","","","NA"
"-79.63","43.68","TORONTO INTL A","6158731","2026-04-30 19:00","2026","04","30","19:00","","8.2","","-3.5","","43","","","","36","","24","","24.1","","99.16","","","","","","Mostly Cloudy"
"-79.63","43.68","TORONTO INTL A","6158731","2026-04-30 20:00","2026","04","30","20:00","","7.4","","-3.5","","46","","","","36","","18","","24.1","","99.22","","","","","","NA"
"-79.63","43.68","TORONTO INTL A","6158731","2026-04-30 21:00","2026","04","30","21:00","","7.1","","-3.5","","47","","","","1","","18","","24.1","","99.30","","","","","","NA"
"-79.63","43.68","TORONTO INTL A","6158731","2026-04-30 22:00","2026","04","30","22:00","","6.5","","-3.8","","48","","","","36","","16","","24.1","","99.32","","","","","","Mostly Cloudy"
"-79.63","43.68","TORONTO INTL A","6158731","2026-04-30 23:00","2026","04","30","23:00","","6.3","","-4.1","","47","","","","36","","17","","24.1","","99.28","","","","","","NA"
