"Longitude (x)","Latitude (y)","Station Name","Climate ID","Date/Time (LST)","Year","Month","Day","Time (LST)","Flag","Temp (°C)","Temp Flag","Dew Point Temp (°C)","Dew Point Temp Flag","Rel Hum (%)","Rel Hum Flag","Precip. Amount (mm)","Precip. Amount Flag","Wind Dir (10s deg)","Wind Dir Flag","Wind Spd (km/h)","Wind Spd Flag","Visibility (km)","Visibility Flag","Stn Press (kPa)","Stn Press Flag","Hmdx","Hmdx Flag","Wind Chill","Wind Chill Flag","Weather"
"-79.63","43.68","TORONTO INTL A","6158731","2026-01-01 00:00","2026","01","01","00:00","","-10.1","","-16.6","","59","","","","32","","27","","24.1","","98.17","","","","-19","","NA"
"-79.63","43.68","TORONTO INTL A","6158731","2026-01-01 01:00","2026","01","01","01:00","","-10.7","","-16.9","","61","","","","32","","28","","24.1","","98.26","","","","-20","","Clear"
"-79.63","43.68","TORONTO INTL A","6158731","2026-01-01 02:00","2026","01","01","02:00","","-10.8","","-18.6","","53","","","","33","","17","","24.1","","98.39","","","","-18","","NA"
"-79.63","43.68","TORONTO INTL A","6158731","2026-01-01 03:00","2026","01","01","03:00","","-10.8","","-19.8","","48","","","","30","","31","","24.1","","98.49","","","","-21","","NA"
"-79.63","43.68","TORONTO INTL A","6158731","2026-01-01 04:00","2026","01","01","04:00","","-12.6","","-18.8","","60","","","","27","","22","","24.1","","98.57","","","","-22","","Clear"
"-79.63","43.68","TORONTO INTL A","6158731","2026-01-01 05:00","2026","01","01","05:00","","-13.6","","-18.8","","66","","","","27","","22","","24.1","","98.63","","","","-23","","NA"
"-79.63","43.68","TORONTO INTL A","6158731","2026-01-01 06:00","2026","01","01","06:00","","-13.7","","-18.6","","67","","","","28","","19","","24.1","","98.73","","","","-22","","NA"
"-79.63","43.68","TORONTO INTL A","6158731","2026-01-01 07:00","2026","01","01","07:00","","-14.0","","-18.8","","67","","","","27","","18","","24.1","","98.84","","","","-22","","Clear"
"-79.63","43.68","TORONTO INTL A","6158731","2026-01-01 08:00","2026","01","01","08:00","","-13.6","","-18.6","","66","","","","32","","21","","24.1","","98.84","","","","-23","","NA"
"-79.63","43.68","TORONTO INTL A","6158731","2026-01-01 09:00","2026","01","01","09:00","","-12.3","","-20.1","","53","","","","32","","23","","24.1","","98.88","","","","-21","","NA"
"-79.63","43.68","TORONTO INTL A","6158731","2026-01-01 10:00","2026","01","01","10:00","","-11.4","","-17.9","","59","","","","24","","16","","24.1","","98.99","","","","-19","","Mainly Clear"
"-79.63","43.68","TORONTO INTL A","6158731","2026-01-01 11:00","2026","01","01","11:00","","-10.9","","-16.9","","61","","","","25","","17","","24.1","","99.04","","","","-18","","NA"
"-79.63","43.68","TORONTO INTL A","6158731","2026-01-01 12:00","2026","01","01","12:00","","-9.9","","-15.5","","64","","","","25","","20","","24.1","","98.99","","","","-18","","NA"
"-79.63","43.68","TORONTO INTL A","6158731","2026-01-01 13:00","2026","01","01","13:00","","-8.3","","-14.1","","63","","","","26","","13","","24.1","","98.89","","","","-14","","Mostly Cloudy"
"-79.63","43.68","TORONTO INTL A","6158731","2026-01-01 14:00","2026","01","01","14:00","","-7.0","","-14.9","","54","","","","28","","31","","19.3","","98.82","","","","-16","","Snow Showers"
"-79.63","43.68","TORONTO INTL A","6158731","2026-01-01 15:00","2026","01","01","15:00","","-7.8","","-11.9","","73","","","","27","","17","","16.1","","98.80","","","","-14","","NA"
"-79.63","43.68","TORONTO INTL A","6158731","2026-01-01 16:00","2026","01","01","16:00","","-7.9","","-13.4","","65","","","","26","","39","","16.1","","98.83","","","","-18","","Snow Showers"
"-79.63","43.68","TORONTO INTL A","6158731","2026-01-01 17:00","2026","01","01","17:00","","-8.6","","-13.2","","69","","","","25","","26","","24.1","","98.84","","","","-17","","NA"
"-79.63","43.68","TORONTO INTL A","6158731","2026-01-01 18:00","2026","01","01","18:00","","-8.9","","-13.1","","72","","","","25","","27","","12.9","","98.84","","","","-18","","Snow Showers"
"-79.63","43.68","TORONTO INTL A","6158731","2026-01-01 19:00","2026","01","01","19:00","","-9.3","","-13.1","","74","","","","25","","30","","11.3","","98.81","","","","-19","","Snow Showers"
"-79.63","43.68","TORONTO INTL A","6158731","2026-01-01 20:00","2026","01","01","20:00","","-9.5","","-13.7","","72","","","","23","","25","","12.9","","98.76","","","","-18","","Snow Showers"
"-79.63","43.68","TORONTO INTL A","6158731","2026-01-01 21:00","2026","01","01","21:00","","-9.4","","-13.5","","72","","","","24","","26","","16.1","","98.71","","","","-18","","NA"
"-79.63","43.68","TORONTO INTL A","6158731","2026-01-01 22:00","2026","01","01","22:00","","-9.5","","-13.1","","75","","","","22","","16","","12.9","","98.67","","","","-16","","Snow Showers"
"-79.63","43.68","TORONTO INTL A","6158731","2026-01-01 23:00","2026","01","01","23:00","","-9.4","","-12.8","","76","","","","23","","18","","12.9","","98.63","","","","-17","","Snow Showers"
"-79.63","43.68","TORONTO INTL A","6158731","2026-01-02 00:00","2026","01","02","00:00","","-9.1","","-12.7","","75","","","","24","","22","","16.1","","98.58","","","","-17","","Snow Showers"
"-79.63","43.68","TORONTO INTL A","6158731","2026-01-02 01:00","2026","01","02","01:00","","-8.7","","-12.2","","76","","","","24","","24","","24.1","","98.54","","","","-17","","Cloudy"
"-79.63","43.68","TORONTO INTL A","6158731","2026-01-02 02:00","2026","01","02","02:00","","-8.3","","-11.8","","76","","","","24","","18","","24.1","","98.51","","","","-15","","NA"
"-79.63","43.68","TORONTO INTL A","6158731","2026-01-02 03:00","2026","01","02","03:00","","-8.1","","-11.5","","77","","","","25","","26","","24.1","","98.47","","","","-16","","NA"
"-79.63","43.68","TORONTO INTL A","6158731","2026-01-02 04:00","2026","01","02","04:00","","-8.0","","-11.3","","77","","","","24","","26","","24.1","","98.42","","","","-16","","Cloudy"
"-79.63","43.68","TORONTO INTL A","6158731","2026-01-02 05:00","2026","01","02","05:00","","-7.9","","-11.4","","76","","","","24","","28","","19.3","","98.38","","","","-17","","Snow Showers"
"-79.63","43.68","TORONTO INTL A","6158731","2026-01-02 06:00","2026","01","02","06:00","","-7.7","","-11.1","","76","","","","24","","21","","24.1","","98.41","","","","-15","","Snow Showers"
"-79.63","43.68","TORONTO INTL A","6158731","2026-01-02 07:00","2026","01","02","07:00","","-7.5","","-10.9","","77","","","","25","","25","","19.3","","98.46","","","","-16","","Mostly Cloudy"
"-79.63","43.68","TORONTO INTL A","6158731","2026-01-02 08:00","2026","01","02","08:00","","-7.5","","-10.9","","77","","","","24","","22","","24.1","","98.47","","","","-15","","NA"
"-79.63","43.68","TORONTO INTL A","6158731","2026-01-02 09:00","2026","01","02","09:00","","-7.3","","-10.3","","79","","","","23","","19","","24.1","","98.51","","","","-14","","NA"
"-79.63","43.68","TORONTO INTL A","6158731","2026-01-02 10:00","2026","01","02","10:00","","-6.5","","-10.3","","75","","","","24","","27","","24.1","","98.54","","","","-15","","Mostly Cloudy"
"-79.63","43.68","TORONTO INTL A","6158731","2026-01-02 11:00","2026","01","02","11:00","","-5.7","","-10.3","","70","","","","27","","31","","24.1","","98.59","","","","-14","","NA"
"-79.63","43.68","TORONTO INTL A","6158731","2026-01-02 12:00","2026","01","02","12:00","","-5.2","","-12.1","","59","","","","28","","28","","24.1","","98.57","","","","-13","","NA"
"-79.63","43.68","TORONTO INTL A","6158731","2026-01-02 13:00","2026","01","02","13:00","","-4.5","","-12.4","","54","","","","29","","32","","24.1","","98.54","","","","-13","","Mainly Clear"
"-79.63","43.68","TORONTO INTL A","6158731","2026-01-02 14:00","2026","01","02","14:00","","-4.6","","-13.3","","51","","","","29","","32","","24.1","","98.57","","","","-13","","NA"
"-79.63","43.68","TORONTO INTL A","6158731","2026-01-02 15:00","2026","01","02","15:00","","-5.0","","-13.4","","52","","","","28","","31","","24.1","","98.63","","","","-13","","NA"
"-79.63","43.68","TORONTO INTL A","6158731","2026-01-02 16:00","2026","01","02","16:00","","-5.1","","-14.1","","50","","","","26","","31","","24.1","","98.70","","","","-13","","Mostly Cloudy"
"-79.63","43.68","TORONTO INTL A","6158731","2026-01-02 17:00","2026","01","02","17:00","","-5.9","","-13.7","","54","","","","26","","29","","24.1","","98.76","","","","-14","","NA"
"-79.63","43.68","TORONTO INTL A","6158731","2026-01-02 18:00","2026","01","02","18:00","","-6.1","","-13.2","","57","","","","27","","23","","24.1","","98.81","","","","-13","","NA"
"-79.63","43.68","TORONTO INTL A","6158731","2026-01-02 19:00","2026","01","02","19:00","","-6.4","","-11.9","","65","","","","25","","23","","24.1","","98.88","","","","-14","","Mostly Cloudy"
"-79.63","43.68","TORONTO INTL A","6158731","2026-01-02 20:00","2026","01","02","20:00","","-6.6","","-11.2","","70","","","","25","","28","","24.1","","98.91","","","","-15","","NA"
"-79.63","43.68","TORONTO INTL A","6158731","2026-01-02 21:00","2026","01","02","21:00","","-6.6","","-11.0","","71","","","","26","","26","","24.1","","98.97","","","","-15","","Snow"
"-79.63","43.68","TORONTO INTL A","6158731","2026-01-02 22:00","2026","01","02","22:00","","-6.8","","-12.2","","65","","","","25","","24","","24.1","","98.99","","","","-14","","Snow"
"-79.63","43.68","TORONTO INTL A","6158731","2026-01-02 23:00","2026","01","02","23:00","","-6.8","","-12.5","","64","","","","25","","21","","24.1","","98.99","","","","-14","","NA"
"-79.63","43.68","TORONTO INTL A","6158731","2026-01-03 00:00","2026","01","03","00:00","","-6.8","","-12.5","","64","","","","26","","21","","24.1","","99.00","","","","-14","","NA"
"-79.63","43.68","TORONTO INTL A","6158731","2026-01-03 01:00","2026","01","03","01:00","","-6.7","","-12.3","","65","","","","26","","20","","24.1","","99.01","","","","-14","","Cloudy"
"-79.63","43.68","TORONTO INTL A","6158731","2026-01-03 02:00","2026","01","03","02:00","","-6.8","","-11.8","","68","","","","26","","19","","16.1","","99.03","","","","-14","","Snow"
"-79.63","43.68","TORONTO INTL A","6158731","2026-01-03 03:00","2026","01","03","03:00","","-6.7","","-11.4","","69","","","","25","","17","","19.3","","99.06","","","","-13","","Snow"
"-79.63","43.68","TORONTO INTL A","6158731","2026-01-03 04:00","2026","01","03","04:00","","-6.6","","-11.1","","71","","","","25","","19","","19.3","","99.07","","","","-13","","Snow"
"-79.63","43.68","TORONTO INTL A","6158731","2026-01-03 05:00","2026","01","03","05:00","","-6.7","","-10.7","","73","","","","24","","15","","19.3","","99.08","","","","-13","","Snow"
"-79.63","43.68","TORONTO INTL A","6158731","2026-01-03 06:00","2026","01","03","06:00","","-6.5","","-10.5","","73","","","","24","","15","","19.3","","99.08","","","","-12","","Snow"
"-79.63","43.68","TORONTO INTL A","6158731","2026-01-03 07:00","2026","01","03","07:00","","-6.4","","-10.3","","74","","","","23","","18","","24.1","","99.12","","","","-13","","Cloudy"
"-79.63","43.68","TORONTO INTL A","6158731","2026-01-03 08:00","2026","01","03","08:00","","-6.2","","-10.2","","74","","","","22","","18","","24.1","","99.14","","","","-13","","NA"
"-79.63","43.68","TORONTO INTL A","6158731","2026-01-03 09:00","2026","01","03","09:00","","-6.0","","-9.8","","75","","","","24","","22","","19.3","","99.19","","","","-13","","Snow"
"-79.63","43.68","TORONTO INTL A","6158731","2026-01-03 10:00","2026","01","03","10:00","","-5.9","","-9.7","","75","","","","23","","23","","24.1","","99.25","","","","-13","","Mostly Cloudy"
"-79.63","43.68","TORONTO INTL A","6158731","2026-01-03 11:00","2026","01","03","11:00","","-5.0","","-8.7","","76","","","","24","","26","","16.1","","99.30","","","","-12","","Snow"
"-79.63","43.68","TORONTO INTL A","6158731","2026-01-03 12:00","2026","01","03","12:00","","-4.5","","-8.3","","75","","","","24","","25","","16.1","","99.25","","","","-12","","Snow"
"-79.63","43.68","TORONTO INTL A","6158731","2026-01-03 13:00","2026","01","03","13:00","","-3.1","","-7.5","","72","","","","26","","29","","24.1","","99.22","","","","-10","","Snow"
"-79.63","43.68","TORONTO INTL A","6158731","2026-01-03 14:00","2026","01","03","14:00","","-3.0","","-7.9","","69","","","","26","","23","","24.1","","99.22","","","","-9","","NA"
"-79.63","43.68","TORONTO INTL A","6158731","2026-01-03 15:00","2026","01","03","15:00","","-3.8","","-7.9","","74","","","","23","","22","","24.1","","99.25","","","","-10","","NA"
"-79.63","43.68","TORONTO INTL A","6158731","2026-01-03 16:00","2026","01","03","16:00","","-4.4","","-8.2","","75","","","","23","","26","","24.1","","99.28","","","","-12","","Cloudy"
"-79.63","43.68","TORONTO INTL A","6158731","2026-01-03 17:00","2026","01","03","17:00","","-4.6","","-8.0","","78","","","","24","","26","","16.1","","99.31","","","","-12","","Snow"
"-79.63","43.68","TORONTO INTL A","6158731","2026-01-03 18:00","2026","01","03","18:00","","-4.8","","-7.9","","79","","","","23","","23","","16.1","","99.32","","","","-12","","Snow"
"-79.63","43.68","TORONTO INTL A","6158731","2026-01-03 19:00","2026","01","03","19:00","","-5.1","","-7.4","","84","","","","24","","17","","8.1","","99.30","","","","-11","","Snow"
"-79.63","43.68","TORONTO INTL A","6158731","2026-01-03 20:00","2026","01","03","20:00","","-5.5","","-7.8","","84","","","","23","","14","","4.8","","99.33","","","","-11","","Snow"
"-79.63","43.68","TORONTO INTL A","6158731","2026-01-03 21:00","2026","01","03","21:00","","-5.9","","-8.2","","84","","","","23","","23","","4.8","","99.32","","","","-13","","Snow"
"-79.63","43.68","TORONTO INTL A","6158731","2026-01-03 22:00","2026","01","03","22:00","","-5.9","","-8.2","","84","","","","24","","17","","4.8","","99.33","","","","-12","","Snow"
"-79.63","43.68","TORONTO INTL A","6158731","2026-01-03 23:00","2026","01","03","23:00","","-5.8","","-8.1","","84","","","","24","","18","","8.1","","99.34","","","","-12","","Snow"
"-79.63","43.68","TORONTO INTL A","6158731","2026-01-04 00:00","2026","01","04","00:00","","-5.8","","-8.0","","85","","","","23","","10","","4.8","","99.33","","","","-10","","Snow"
"-79.63","43.68","TORONTO INTL A","6158731","2026-01-04 01:00","2026","01","04","01:00","","-5.6","","-7.8","","84","","","","24","","13","","4.8","","99.32","","","","-11","","Snow"
"-79.63","43.68","TORONTO INTL A","6158731","2026-01-04 02:00","2026","01","04","02:00","","-6.3","","-8.6","","83","","","","23","","11","","24.1","","99.36","","","","-11","","NA"
"-79.63","43.68","TORONTO INTL A","6158731","2026-01-04 03:00","2026","01","04","03:00","","-6.7","","-9.2","","83","","","","24","","15","","24.1","","99.41","","","","-13","","NA"
"-79.63","43.68","TORONTO INTL A","6158731","2026-01-04 04:00","2026","01","04","04:00","","-5.6","","-8.1","","83","","","","25","","16","","24.1","","99.40","","","","-12","","Mostly Cloudy"
"-79.63","43.68","TORONTO INTL A","6158731","2026-01-04 05:00","2026","01","04","05:00","","-5.4","","-7.7","","84","","","","25","","15","","24.1","","99.42","","","","-11","","NA"
"-79.63","43.68","TORONTO INTL A","6158731","2026-01-04 06:00","2026","01","04","06:00","","-4.8","","-7.1","","83","","","","24","","16","","24.1","","99.48","","","","-11","","NA"
"-79.63","43.68","TORONTO INTL A","6158731","2026-01-04 07:00","2026","01","04","07:00","","-4.5","","-6.9","","83","","","","23","","17","","24.1","","99.54","","","","-10","","Mostly Cloudy"
"-79.63","43.68","TORONTO INTL A","6158731","2026-01-04 08:00","2026","01","04","08:00","","-4.0","","-6.6","","82","","","","26","","18","","19.3","","99.61","","","","-10","","NA"
"-79.63","43.68","TORONTO INTL A","6158731","2026-01-04 09:00","2026","01","04","09:00","","-3.4","","-6.4","","80","","","","25","","18","","24.1","","99.65","","","","-9","","NA"
"-79.63","43.68","TORONTO INTL A","6158731","2026-01-04 10:00","2026","01","04","10:00","","-2.5","","-6.1","","77","","","","26","","16","","24.1","","99.70","","","","-8","","Mostly Cloudy"
"-79.63","43.68","TORONTO INTL A","6158731","2026-01-04 11:00","2026","01","04","11:00","","-1.6","","-6.3","","70","","","","27","","21","","24.1","","99.77","","","","-7","","NA"
"-79.63","43.68","TORONTO INTL A","6158731","2026-01-04 12:00","2026","01","04","12:00","","-1.6","","-6.6","","69","","","","28","","25","","24.1","","99.75","","","","-8","","Snow"
"-79.63","43.68","TORONTO INTL A","6158731","2026-01-04 13:00","2026","01","04","13:00","","-1.8","","-6.8","","69","","","","27","","30","","24.1","","99.72","","","","-9","","Snow"
"-79.63","43.68","TORONTO INTL A","6158731","2026-01-04 14:00","2026","01","04","14:00","","-1.4","","-7.2","","65","","","","28","","28","","24.1","","99.73","","","","-8","","NA"
"-79.63","43.68","TORONTO INTL A","6158731","2026-01-04 15:00","2026","01","04","15:00","","-1.6","","-7.7","","63","","","","30","","27","","24.1","","99.78","","","","-8","","NA"
"-79.63","43.68","TORONTO INTL A","6158731","2026-01-04 16:00","2026","01","04","16:00","","-2.0","","-8.1","","63","","","","30","","30","","24.1","","99.87","","","","-9","","Cloudy"
"-79.63","43.68","TORONTO INTL A","6158731","2026-01-04 17:00","2026","01","04","17:00","","-2.6","","-8.6","","64","","","","28","","26","","24.1","","99.91","","","","-9","","NA"
"-79.63","43.68","TORONTO INTL A","6158731","2026-01-04 18:00","2026","01","04","18:00","","-2.9","","-7.9","","69","","","","32","","27","","24.1","","99.98","","","","-10","","Snow"
"-79.63","43.68","TORONTO INTL A","6158731","2026-01-04 19:00","2026","01","04","19:00","","-3.5","","-8.7","","67","","","","31","","23","","24.1","","100.01","","","","-10","","Cloudy"
"-79.63","43.68","TORONTO INTL A","6158731","2026-01-04 20:00","2026","01","04","20:00","","-4.1","","-8.5","","72","","","","31","","13","","24.1","","100.03","","","","-9","","NA"
"-79.63","43.68","TORONTO INTL A","6158731","2026-01-04 21:00","2026","01","04","21:00","","-4.0","","-8.6","","71","","","","31","","11","","24.1","","100.04","","","","-8","","NA"
"-79.63","43.68","TORONTO INTL A","6158731","2026-01-04 22:00","2026","01","04","22:00","","-3.9","","-8.3","","72","","","","29","","11","","24.1","","99.98","","","","-8","","Cloudy"
"-79.63","43.68","TORONTO INTL A","6158731","2026-01-04 23:00","2026","01","04","23:00","","-4.7","","-7.7","","79","","","","6","","7","","19.3","","100.02","","","","-8","","Snow Showers"
"-79.63","43.68","TORONTO INTL A","6158731","2026-01-05 00:00","2026","01","05","00:00","","-4.6","","-8.0","","77","","","","9","","7","","24.1","","99.95","","","","-8","","NA"
"-79.63","43.68","TORONTO INTL A","6158731","2026-01-05 01:00","2026","01","05","01:00","","-4.4","","-8.1","","76","","","","14","","7","","24.1","","99.91","","","","-8","","Cloudy"
"-79.63","43.68","TORONTO INTL A","6158731","2026-01-05 02:00","2026","01","05","02:00","","-3.5","","-8.3","","69","","","","21","","14","","24.1","","99.90","","","","-9","","NA"
"-79.63","43.68","TORONTO INTL A","6158731","2026-01-05 03:00","2026","01","05","03:00","","-3.7","","-8.3","","70","","","","21","","17","","24.1","","99.90","","","","-9","","NA"
"-79.63","43.68","TORONTO INTL A","6158731","2026-01-05 04:00","2026","01","05","04:00","","-3.6","","-8.2","","71","","","","16","","8","","24.1","","99.80","","","","-7","","Cloudy"
"-79.63","43.68","TORONTO INTL A","6158731","2026-01-05 05:00","2026","01","05","05:00","","-3.4","","-7.5","","73","","","","16","","8","","24.1","","99.67","","","","-7","","NA"
"-79.63","43.68","TORONTO INTL A","6158731","2026-01-05 06:00","2026","01","05","06:00","","-2.8","","-5.3","","83","","","","15","","13","","8.1","","99.52","","","","-7","","Snow"
"-79.63","43.68","TORONTO INTL A","6158731","2026-01-05 07:00","2026","01","05","07:00","","-2.8","","-4.1","","91","","","","16","","16","","2.4","","99.42","","","","-8","","Snow"
"-79.63","43.68","TORONTO INTL A","6158731","2026-01-05 08:00","2026","01","05","08:00","","-3.0","","-4.0","","93","","","","15","","19","","1.6","","99.35","","","","-9","","Snow"
"-79.63","43.68","TORONTO INTL A","6158731","2026-01-05 09:00","2026","01","05","09:00","","-2.8","","-3.8","","93","","","","15","","14","","8.1","","99.29","","","","-8","","Snow,Fog"
"-79.63","43.68","TORONTO INTL A","6158731","2026-01-05 10:00","2026","01","05","10:00","","-2.2","","-3.5","","91","","","","15","","13","","8.1","","99.25","","","","-7","","Fog"
"-79.63","43.68","TORONTO INTL A","6158731","2026-01-05 11:00","2026","01","05","11:00","","-1.8","","-3.1","","90","","","","14","","13","","6.4","","99.17","","","","-6","","Snow,Fog"
"-79.63","43.68","TORONTO INTL A","6158731","2026-01-05 12:00","2026","01","05","12:00","","-1.2","","-2.9","","88","","","","13","","11","","12.9","","99.04","","","","-5","","NA"
"-79.63","43.68","TORONTO INTL A","6158731","2026-01-05 13:00","2026","01","05","13:00","","-0.8","","-2.9","","85","","","","14","","14","","16.1","","98.91","","","","-5","","Cloudy"
"-79.63","43.68","TORONTO INTL A","6158731","2026-01-05 14:00","2026","01","05","14:00","","-0.3","","-2.7","","84","","","","12","","9","","16.1","","98.88","","","","-3","","NA"
"-79.63","43.68","TORONTO INTL A","6158731","2026-01-05 15:00","2026","01","05","15:00","","-0.2","","-2.7","","83","","","","11","","9","","16.1","","98.86","","","","-3","","NA"
"-79.63","43.68","TORONTO INTL A","6158731","2026-01-05 16:00","2026","01","05","16:00","","-0.1","","-2.7","","82","","","","7","","3","","16.1","","98.90","","","","-1","","Cloudy"
"-79.63","43.68","TORONTO INTL A","6158731","2026-01-05 17:00","2026","01","05","17:00","","0.2","","-2.8","","80","","","","7","","5","","16.1","","98.93","","","","","","NA"
"-79.63","43.68","TORONTO INTL A","6158731","2026-01-05 18:00","2026","01","05","18:00","","0.2","","-2.8","","80","","","","6","","7","","16.1","","99.02","","","","","","NA"
"-79.63","43.68","TORONTO INTL A","6158731","2026-01-05 19:00","2026","01","05","19:00","","0.1","","-2.8","","81","","","","","","0","","16.1","","99.09","","","","","","Cloudy"
"-79.63","43.68","TORONTO INTL A","6158731","2026-01-05 20:00","2026","01","05","20:00","","0.3","","-2.8","","80","","","","","","0","","19.3","","99.12","","","","","","NA"
"-79.63","43.68","TORONTO INTL A","6158731","2026-01-05 21:00","2026","01","05","21:00","","-0.2","","-2.8","","83","","","","23","","5","","24.1","","99.13","","","","-2","","NA"
"-79.63","43.68","TORONTO INTL A","6158731","2026-01-05 22:00","2026","01","05","22:00","","0.1","","-2.8","","81","","","","24","","5","","24.1","","99.13","","","","","","Cloudy"
"-79.63","43.68","TORONTO INTL A","6158731","2026-01-05 23:00","2026","01","05","23:00","","0.2","","-2.6","","81","","","","19","","5","","24.1","","99.11","","","","","","NA"
"-79.63","43.68","TORONTO INTL A","6158731","2026-01-06 00:00","2026","01","06","00:00","","-0.9","","-2.9","","86","","","","19","","5","","24.1","","99.16","","","","-3","","NA"
"-79.63","43.68","TORONTO INTL A","6158731","2026-01-06 01:00","2026","01","06","01:00","","-1.3","","-2.7","","90","","","","19","","5","","16.1","","99.14","","","","-3","","Mainly Clear"
"-79.63","43.68","TORONTO INTL A","6158731","2026-01-06 02:00","2026","01","06","02:00","","-2.3","","-3.3","","93","","","","22","","3","","6.4","","99.21","","","","-3","","Fog"
"-79.63","43.68","TORONTO INTL A","6158731","2026-01-06 03:00","2026","01","06","03:00","","-2.7","","-3.3","","95","","","","8","","4","","3.2","","99.18","","","","-4","","Fog"
"-79.63","43.68","TORONTO INTL A","6158731","2026-01-06 04:00","2026","01","06","04:00","","-2.7","","-3.3","","96","","","","5","","4","","4.8","","99.14","","","","-4","","Fog"
"-79.63","43.68","TORONTO INTL A","6158731","2026-01-06 05:00","2026","01","06","05:00","","-3.4","","-4.0","","95","","","","1","","7","","8.1","","99.09","","","","-6","","Fog"
"-79.63","43.68","TORONTO INTL A","6158731","2026-01-06 06:00","2026","01","06","06:00","","-2.6","","-3.5","","94","","","","2","","8","","6.4","","99.08","","","","-6","","Fog"
"-79.63","43.68","TORONTO INTL A","6158731","2026-01-06 07:00","2026","01","06","07:00","","-0.9","","-1.7","","94","","","","10","","9","","6.4","","99.01","","","","-4","","Fog"
"-79.63","43.68","TORONTO INTL A","6158731","2026-01-06 08:00","2026","01","06","08:00","","0.0","","-0.8","","94","","","","10","","16","","4.8","","98.94","","","","-5","","Fog"
"-79.63","43.68","TORONTO INTL A","6158731","2026-01-06 09:00","2026","01","06","09:00","","0.4","","-0.8","","92","","","","11","","23","","6.4","","98.88","","","","","","Fog"
"-79.63","43.68","TORONTO INTL A","6158731","2026-01-06 10:00","2026","01","06","10:00","","0.7","","-0.8","","90","","","","11","","20","","6.4","","98.87","","","","","","Fog"
"-79.63","43.68","TORONTO INTL A","6158731","2026-01-06 11:00","2026","01","06","11:00","","1.0","","-0.8","","87","","","","10","","21","","8.1","","98.73","","","","","","Fog"
"-79.63","43.68","TORONTO INTL A","6158731","2026-01-06 12:00","2026","01","06","12:00","","1.2","","-0.6","","88","","","","10","","11","","8.1","","98.66","","","","","","Fog"
"-79.63","43.68","TORONTO INTL A","6158731","2026-01-06 13:00","2026","01","06","13:00","","0.8","","-0.6","","91","","","","7","","17","","4.0","","98.49","","","","","","Moderate Rain Showers,Fog"
"-79.63","43.68","TORONTO INTL A","6158731","2026-01-06 14:00","2026","01","06","14:00","","0.0","","-0.8","","95","","","","8","","26","","3.6","","98.31","","","","-6","","Freezing Rain,Fog"
"-79.63","43.68","TORONTO INTL A","6158731","2026-01-06 15:00","2026","01","06","15:00","","-0.1","","-0.8","","95","","","","9","","20","","4.8","","98.16","","","","-5","","Freezing Rain,Fog"
"-79.63","43.68","TORONTO INTL A","6158731","2026-01-06 16:00","2026","01","06","16:00","","-0.1","","-0.8","","95","","","","10","","13","","4.8","","98.16","","","","-4","","Freezing Rain,Fog"
"-79.63","43.68","TORONTO INTL A","6158731","2026-01-06 17:00","2026","01","06","17:00","","0.2","","-0.5","","95","","","","8","","21","","4.8","","98.10","","","","","","Rain,Drizzle"
"-79.63","43.68","TORONTO INTL A","6158731","2026-01-06 18:00","2026","01","06","18:00","","0.5","","-0.2","","95","","","","7","","16","","6.4","","98.02","","","","","","Rain"
"-79.63","43.68","TORONTO INTL A","6158731","2026-01-06 19:00","2026","01","06","19:00","","0.6","","-0.2","","95","","","","6","","14","","6.4","","97.98","","","","","","Rain,Fog"
"-79.63","43.68","TORONTO INTL A","6158731","2026-01-06 20:00","2026","01","06","20:00","","0.5","","-0.3","","95","","","","5","","14","","6.4","","97.90","","","","","","Rain,Fog"
"-79.63","43.68","TORONTO INTL A","6158731","2026-01-06 21:00","2026","01","06","21:00","","0.6","","-0.2","","95","","","","4","","9","","6.4","","97.87","","","","","","Rain,Fog"
"-79.63","43.68","TORONTO INTL A","6158731","2026-01-06 22:00","2026","01","06","22:00","","0.7","","-0.1","","94","","","","1","","17","","4.8","","97.85","","","","","","Rain,Snow"
"-79.63","43.68","TORONTO INTL A","6158731","2026-01-06 23:00","2026","01","06","23:00","","0.3","","-0.5","","94","","","","35","","16","","4.0","","97.86","","","","","","Snow"
"-79.63","43.68","TORONTO INTL A","6158731","2026-01-07 00:00","2026","01","07","00:00","","0.1","","-0.8","","93","","","","34","","19","","6.4","","97.91","","","","","","Snow"
"-79.63","43.68","TORONTO INTL A","6158731","2026-01-07 01:00","2026","01","07","01:00","","0.2","","-0.9","","92","","","","33","","18","","4.8","","97.96","","","","","","Snow"
"-79.63","43.68","TORONTO INTL A","6158731","2026-01-07 02:00","2026","01","07","02:00","","0.1","","-0.9","","93","","","","32","","21","","8.1","","98.05","","","","","","Snow"
"-79.63","43.68","TORONTO INTL A","6158731","2026-01-07 03:00","2026","01","07","03:00","","0.0","","-1.2","","91","","","","32","","23","","8.1","","98.16","","","","-6","","Snow"
"-79.63","43.68","TORONTO INTL A","6158731","2026-01-07 04:00","2026","01","07","04:00","","0.2","","-1.1","","91","","","","31","","19","","8.1","","98.23","","","","","","Snow"
"-79.63","43.68","TORONTO INTL A","6158731","2026-01-07 05:00","2026","01","07","05:00","","0.5","","-1.3","","88","","","","31","","18","","19.3","","98.32","","","","","","NA"
"-79.63","43.68","TORONTO INTL A","6158731","2026-01-07 06:00","2026","01","07","06:00","","0.7","","-1.0","","88","","","","30","","9","","19.3","","98.40","","","","","","NA"
"-79.63","43.68","TORONTO INTL A","6158731","2026-01-07 07:00","2026","01","07","07:00","","1.0","","-0.9","","87","","","","24","","8","","19.3","","98.54","","","","","","Cloudy"
"-79.63","43.68","TORONTO INTL A","6158731","2026-01-07 08:00","2026","01","07","08:00","","1.7","","-0.2","","88","","","","29","","14","","24.1","","98.64","","","","","","NA"
"-79.63","43.68","TORONTO INTL A","6158731","2026-01-07 09:00","2026","01","07","09:00","","1.7","","0.0","","88","","","","29","","13","","24.1","","98.72","","","","","","NA"
"-79.63","43.68","TORONTO INTL A","6158731","2026-01-07 10:00","2026","01","07","10:00","","2.0","","-0.2","","85","","","","31","","13","","24.1","","98.76","","","","","","Mostly Cloudy"
"-79.63","43.68","TORONTO INTL A","6158731","2026-01-07 11:00","2026","01","07","11:00","","2.0","","-0.2","","86","","","","30","","11","","19.3","","98.92","","","","","","NA"
"-79.63","43.68","TORONTO INTL A","6158731","2026-01-07 12:00","2026","01","07","12:00","","2.2","","0.1","","86","","","","27","","5","","19.3","","98.94","","","","","","NA"
"-79.63","43.68","TORONTO INTL A","6158731","2026-01-07 13:00","2026","01","07","13:00","","3.2","","0.3","","81","","","","24","","5","","19.3","","98.92","","","","","","Cloudy"
"-79.63","43.68","TORONTO INTL A","6158731","2026-01-07 14:00","2026","01","07","14:00","","2.6","","-0.2","","82","","","","28","","14","","24.1","","98.95","","","","","","NA"
"-79.63","43.68","TORONTO INTL A","6158731","2026-01-07 15:00","2026","01","07","15:00","","2.5","","-0.1","","83","","","","28","","15","","24.1","","99.10","","","","","","NA"
"-79.63","43.68","TORONTO INTL A","6158731","2026-01-07 16:00","2026","01","07","16:00","","2.7","","-0.3","","81","","","","28","","4","","24.1","","99.14","","","","","","Cloudy"
"-79.63","43.68","TORONTO INTL A","6158731","2026-01-07 17:00","2026","01","07","17:00","","2.5","","0.4","","86","","","","24","","14","","16.1","","99.21","","","","","","NA"
"-79.63","43.68","TORONTO INTL A","6158731","2026-01-07 18:00","2026","01","07","18:00","","2.5","","0.8","","88","","","","24","","17","","19.3","","99.29","","","","","","NA"
"-79.63","43.68","TORONTO INTL A","6158731","2026-01-07 19:00","2026","01","07","19:00","","2.0","","0.1","","87","","","","25","","12","","24.1","","99.31","","","","","","Cloudy"
"-79.63","43.68","TORONTO INTL A","6158731","2026-01-07 20:00","2026","01","07","20:00","","2.0","","0.2","","88","","","","25","","12","","24.1","","99.35","","","","","","NA"
"-79.63","43.68","TORONTO INTL A","6158731","2026-01-07 21:00","2026","01","07","21:00","","2.2","","0.6","","89","","","","24","","8","","19.3","","99.40","","","","","","NA"
"-79.63","43.68","TORONTO INTL A","6158731","2026-01-07 22:00","2026","01","07","22:00","","2.4","","0.7","","89","","","","17","","7","","19.3","","99.40","","","","","","Cloudy"
"-79.63","43.68","TORONTO INTL A","6158731","2026-01-07 23:00","2026","01","07","23:00","","2.2","","0.8","","90","","","","22","","9","","19.3","","99.45","","","","","","NA"
"-79.63","43.68","TORONTO INTL A","6158731","2026-01-08 00:00","2026","01","08","00:00","","2.2","","0.7","","90","","","","22","","7","","19.3","","99.49","","","","","","NA"
"-79.63","43.68","TORONTO INTL A","6158731","2026-01-08 01:00","2026","01","08","01:00","","2.2","","0.7","","90","","","","23","","6","","19.3","","99.52","","","","","","Cloudy"
"-79.63","43.68","TORONTO INTL A","6158731","2026-01-08 02:00","2026","01","08","02:00","","2.1","","0.4","","88","","","","25","","10","","19.3","","99.61","","","","","","NA"
"-79.63","43.68","TORONTO INTL A","6158731","2026-01-08 03:00","2026","01","08","03:00","","1.9","","-0.6","","83","","","","25","","17","","24.1","","99.70","","","","","","NA"
"-79.63","43.68","TORONTO INTL A","6158731","2026-01-08 04:00","2026","01","08","04:00","","1.6","","-0.8","","84","","","","26","","10","","24.1","","99.73","","","","","","Cloudy"
"-79.63","43.68","TORONTO INTL A","6158731","2026-01-08 05:00","2026","01","08","05:00","","1.6","","-0.8","","84","","","","25","","13","","24.1","","99.74","","","","","","NA"
"-79.63","43.68","TORONTO INTL A","6158731","2026-01-08 06:00","2026","01","08","06:00","","1.6","","-0.7","","84","","","","26","","12","","24.1","","99.77","","","","","","NA"
"-79.63","43.68","TORONTO INTL A","6158731","2026-01-08 07:00","2026","01","08","07:00","","2.0","","-0.4","","84","","","","20","","10","","19.3","","99.82","","","","","","Cloudy"
"-79.63","43.68","TORONTO INTL A","6158731","2026-01-08 08:00","2026","01","08","08:00","","1.5","","-0.6","","86","","","","22","","13","","9.7","","99.88","","","","","","Fog"
"-79.63","43.68","TORONTO INTL A","6158731","2026-01-08 09:00","2026","01","08","09:00","","1.6","","-0.6","","85","","","","24","","19","","8.1","","99.95","","","","","","Fog"
"-79.63","43.68","TORONTO INTL A","6158731","2026-01-08 10:00","2026","01","08","10:00","","1.8","","-0.4","","86","","","","20","","8","","8.1","","99.95","","","","","","Fog"
"-79.63","43.68","TORONTO INTL A","6158731","2026-01-08 11:00","2026","01","08","11:00","","2.8","","0.8","","87","","","","21","","12","","6.4","","99.96","","","","","","Fog"
"-79.63","43.68","TORONTO INTL A","6158731","2026-01-08 12:00","2026","01","08","12:00","","4.6","","1.8","","82","","","","23","","13","","12.9","","99.87","","","","","","NA"
"-79.63","43.68","TORONTO INTL A","6158731","2026-01-08 13:00","2026","01","08","13:00","","6.2","","2.3","","76","","","","14","","10","","16.1","","99.81","","","","","","Mostly Cloudy"
"-79.63","43.68","TORONTO INTL A","6158731","2026-01-08 14:00","2026","01","08","14:00","","5.6","","2.1","","78","","","","15","","14","","19.3","","99.77","","","","","","NA"
"-79.63","43.68","TORONTO INTL A","6158731","2026-01-08 15:00","2026","01","08","15:00","","5.4","","2.0","","79","","","","13","","12","","19.3","","99.77","","","","","","NA"
"-79.63","43.68","TORONTO INTL A","6158731","2026-01-08 16:00","2026","01","08","16:00","","4.7","","1.8","","82","","","","13","","9","","16.1","","99.76","","","","","","Mostly Cloudy"
"-79.63","43.68","TORONTO INTL A","6158731","2026-01-08 17:00","2026","01","08","17:00","","3.9","","1.6","","85","","","","12","","8","","19.3","","99.76","","","","","","NA"
"-79.63","43.68","TORONTO INTL A","6158731","2026-01-08 18:00","2026","01","08","18:00","","3.2","","1.4","","88","","","","9","","9","","19.3","","99.76","","","","","","NA"
"-79.63","43.68","TORONTO INTL A","6158731","2026-01-08 19:00","2026","01","08","19:00","","3.1","","1.6","","90","","","","9","","12","","24.1","","99.74","","","","","","Mostly Cloudy"
"-79.63","43.68","TORONTO INTL A","6158731","2026-01-08 20:00","2026","01","08","20:00","","3.0","","1.5","","90","","","","9","","10","","24.1","","99.68","","","","","","NA"
"-79.63","43.68","TORONTO INTL A","6158731","2026-01-08 21:00","2026","01","08","21:00","","2.9","","1.5","","91","","","","9","","9","","24.1","","99.57","","","","","","NA"
"-79.63","43.68","TORONTO INTL A","6158731","2026-01-08 22:00","2026","01","08","22:00","","3.3","","1.7","","89","","","","9","","7","","24.1","","99.46","","","","","","Mostly Cloudy"
"-79.63","43.68","TORONTO INTL A","6158731","2026-01-08 23:00","2026","01","08","23:00","","3.6","","1.7","","88","","","","9","","10","","24.1","","99.38","","","","","","NA"
"-79.63","43.68","TORONTO INTL A","6158731","2026-01-09 00:00","2026","01","09","00:00","","3.8","","1.6","","86","","","","9","","7","","24.1","","99.29","","","","","","NA"
"-79.63","43.68","TORONTO INTL A","6158731","2026-01-09 01:00","2026","01","09","01:00","","4.7","","1.4","","79","","","","14","","5","","24.1","","99.17","","","","","","Mostly Cloudy"
"-79.63","43.68","TORONTO INTL A","6158731","2026-01-09 02:00","2026","01","09","02:00","","4.9","","1.0","","76","","","","11","","15","","24.1","","98.94","","","","","","NA"
"-79.63","43.68","TORONTO INTL A","6158731","2026-01-09 03:00","2026","01","09","03:00","","6.7","","0.3","","64","","","","12","","18","","24.1","","98.84","","","","","","NA"
"-79.63","43.68","TORONTO INTL A","6158731","2026-01-09 04:00","2026","01","09","04:00","","7.5","","0.2","","60","","","","13","","16","","24.1","","98.71","","","","","","Cloudy"
"-79.63","43.68","TORONTO INTL A","6158731","2026-01-09 05:00","2026","01","09","05:00","","6.6","","2.4","","74","","","","13","","14","","19.3","","98.62","","","","","","Rain"
"-79.63","43.68","TORONTO INTL A","6158731","2026-01-09 06:00","2026","01","09","06:00","","5.9","","3.2","","83","","","","12","","7","","19.3","","98.56","","","","","","Rain"
"-79.63","43.68","TORONTO INTL A","6158731","2026-01-09 07:00","2026","01","09","07:00","","6.1","","3.6","","84","","","","13","","6","","16.1","","98.65","","","","","","Mostly Cloudy"
"-79.63","43.68","TORONTO INTL A","6158731","2026-01-09 08:00","2026","01","09","08:00","","7.6","","4.8","","83","","","","17","","30","","19.3","","98.52","","","","","","Rain"
"-79.63","43.68","TORONTO INTL A","6158731","2026-01-09 09:00","2026","01","09","09:00","","8.7","","6.2","","84","","","","19","","19","","24.1","","98.53","","","","","","NA"
"-79.63","43.68","TORONTO INTL A","6158731","2026-01-09 10:00","2026","01","09","10:00","","8.5","","6.4","","87","","","","18","","21","","19.3","","98.47","","","","","","Rain"
"-79.63","43.68","TORONTO INTL A","6158731","2026-01-09 11:00","2026","01","09","11:00","","9.8","","7.0","","83","","","","17","","25","","24.1","","98.26","","","","","","NA"
"-79.63","43.68","TORONTO INTL A","6158731","2026-01-09 12:00","2026","01","09","12:00","","11.8","","8.0","","77","","","","19","","23","","24.1","","98.16","","","","","","NA"
"-79.63","43.68","TORONTO INTL A","6158731","2026-01-09 13:00","2026","01","09","13:00","","14.4","","8.4","","67","","","","20","","38","","24.1","","98.07","","","","","","Mainly Clear"
"-79.63","43.68","TORONTO INTL A","6158731","2026-01-09 14:00","2026","01","09","14:00","","14.4","","8.7","","69","","","","21","","28","","24.1","","98.00","","","","","","Rain Showers"
"-79.63","43.68","TORONTO INTL A","6158731","2026-01-09 15:00","2026","01","09","15:00","","14.1","","6.9","","62","","","","24","","47","","24.1","","98.11","","","","","","NA"
"-79.63","43.68","TORONTO INTL A","6158731","2026-01-09 16:00","2026","01","09","16:00","","7.7","","2.9","","72","","","","26","","54","","24.1","","98.47","","","","","","Mostly Cloudy"
"-79.63","43.68","TORONTO INTL A","6158731","2026-01-09 17:00","2026","01","09","17:00","","5.2","","0.5","","72","","","","29","","43","","24.1","","98.89","","","","","","NA"
"-79.63","43.68","TORONTO INTL A","6158731","2026-01-09 18:00","2026","01","09","18:00","","4.5","","0.7","","76","","","","28","","35","","24.1","","99.20","","","","","","NA"
"-79.63","43.68","TORONTO INTL A","6158731","2026-01-09 19:00","2026","01","09","19:00","","4.7","","0.0","","72","","","","30","","42","","24.1","","99.49","","","","","","Mostly Cloudy"
"-79.63","43.68","TORONTO INTL A","6158731","2026-01-09 20:00","2026","01","09","20:00","","3.8","","-0.6","","73","","","","29","","22","","24.1","","99.72","","","","","","NA"
"-79.63","43.68","TORONTO INTL A","6158731","2026-01-09 21:00","2026","01","09","21:00","","2.5","","-1.0","","77","","","","26","","12","","24.1","","99.90","","","","","","NA"
"-79.63","43.68","TORONTO INTL A","6158731","2026-01-09 22:00","2026","01","09","22:00","","2.0","","-0.8","","82","","","","26","","14","","24.1","","100.03","","","","","","Mostly Cloudy"
"-79.63","43.68","TORONTO INTL A","6158731","2026-01-09 23:00","2026","01","09","23:00","","2.7","","-0.5","","80","","","","27","","15","","24.1","","100.15","","","","","","NA"
"-79.63","43.68","TORONTO INTL A","6158731","2026-01-10 00:00","2026","01","10","00:00","","2.9","","-1.0","","76","","","","29","","18","","24.1","","100.21","","","","","","NA"
"-79.63","43.68","TORONTO INTL A","6158731","2026-01-10 01:00","2026","01","10","01:00","","2.6","","-2.0","","72","","","","29","","21","","24.1","","100.25","","","","","","Mostly Cloudy"
"-79.63","43.68","TORONTO INTL A","6158731","2026-01-10 02:00","2026","01","10","02:00","","2.3","","-2.0","","74","","","","30","","19","","24.1","","100.22","","","","","","NA"
"-79.63","43.68","TORONTO INTL A","6158731","2026-01-10 03:00","2026","01","10","03:00","","2.0","","-2.2","","74","","","","35","","12","","24.1","","100.22","","","","","","NA"
"-79.63","43.68","TORONTO INTL A","6158731","2026-01-10 04:00","2026","01","10","04:00","","1.7","","-2.1","","76","","","","2","","11","","24.1","","100.18","","","","","","Cloudy"
"-79.63","43.68","TORONTO INTL A","6158731","2026-01-10 05:00","2026","01","10","05:00","","1.6","","-2.5","","74","","","","8","","8","","24.1","","100.15","","","","","","NA"
"-79.63","43.68","TORONTO INTL A","6158731","2026-01-10 06:00","2026","01","10","06:00","","1.7","","-2.6","","73","","","","8","","13","","24.1","","100.11","","","","","","NA"
"-79.63","43.68","TORONTO INTL A","6158731","2026-01-10 07:00","2026","01","10","07:00","","1.8","","-2.5","","73","","","","10","","10","","24.1","","100.07","","","","","","Cloudy"
"-79.63","43.68","TORONTO INTL A","6158731","2026-01-10 08:00","2026","01","10","08:00","","1.6","","-2.5","","74","","","","8","","11","","24.1","","99.99","","","","","","NA"
"-79.63","43.68","TORONTO INTL A","6158731","2026-01-10 09:00","2026","01","10","09:00","","1.9","","-2.1","","75","","","","8","","12","","24.1","","99.91","","","","","","NA"
"-79.63","43.68","TORONTO INTL A","6158731","2026-01-10 10:00","2026","01","10","10:00","","2.4","","-2.1","","72","","","","10","","15","","24.1","","99.85","","","","","","Cloudy"
"-79.63","43.68","TORONTO INTL A","6158731","2026-01-10 11:00","2026","01","10","11:00","","2.4","","-1.7","","75","","","","9","","14","","24.1","","99.66","","","","","","NA"
"-79.63","43.68","TORONTO INTL A","6158731","2026-01-10 12:00","2026","01","10","12:00","","2.7","","-2.0","","71","","","","9","","20","","24.1","","99.49","","","","","","NA"
"-79.63","43.68","TORONTO INTL A","6158731","2026-01-10 13:00","2026","01","10","13:00","","2.5","","-1.0","","78","","","","10","","22","","24.1","","99.28","","","","","","Cloudy"
"-79.63","43.68","TORONTO INTL A","6158731","2026-01-10 14:00","2026","01","10","14:00","","2.3","","-0.6","","81","","","","9","","21","","24.1","","99.13","","","","","","NA"
"-79.63","43.68","TORONTO INTL A","6158731","2026-01-10 15:00","2026","01","10","15:00","","2.3","","-0.2","","84","","","","8","","18","","24.1","","98.93","","","","","","NA"
"-79.63","43.68","TORONTO INTL A","6158731","2026-01-10 16:00","2026","01","10","16:00","","2.2","","0.1","","86","","","","8","","23","","24.1","","98.82","","","","","","Rain"
"-79.63","43.68","TORONTO INTL A","6158731","2026-01-10 17:00","2026","01","10","17:00","","2.0","","0.7","","91","","","","8","","19","","19.3","","98.74","","","","","","Rain"
"-79.63","43.68","TORONTO INTL A","6158731","2026-01-10 18:00","2026","01","10","18:00","","1.7","","0.6","","93","","","","8","","18","","9.7","","98.61","","","","","","Moderate Rain,Fog"
"-79.63","43.68","TORONTO INTL A","6158731","2026-01-10 19:00","2026","01","10","19:00","","0.8","","0.0","","94","","","","10","","9","","4.8","","98.61","","","","","","Rain,Snow,Fog"
"-79.63","43.68","TORONTO INTL A","6158731","2026-01-10 20:00","2026","01","10","20:00","","1.0","","0.3","","95","","","","10","","10","","6.4","","98.55","","","","","","Rain,Fog"
"-79.63","43.68","TORONTO INTL A","6158731","2026-01-10 21:00","2026","01","10","21:00","","1.5","","0.9","","96","","","","18","","4","","4.8","","98.51","","","","","","Fog"
"-79.63","43.68","TORONTO INTL A","6158731","2026-01-10 22:00","2026","01","10","22:00","","1.4","","0.9","","96","","","","23","","10","","0.6","","98.52","","","","","","Fog"
"-79.63","43.68","TORONTO INTL A","6158731","2026-01-10 23:00","2026","01","10","23:00","","1.6","","0.8","","95","","","","24","","22","","24.1","","98.55","","","","","","NA"
"-79.63","43.68","TORONTO INTL A","6158731","2026-01-11 00:00","2026","01","11","00:00","","1.9","","-0.9","","82","","","","26","","33","","24.1","","98.60","","","","","","NA"
"-79.63","43.68","TORONTO INTL A","6158731","2026-01-11 01:00","2026","01","11","01:00","","0.8","","-2.8","","77","","","","25","","40","","24.1","","98.70","","","","","","Mostly Cloudy"
"-79.63","43.68","TORONTO INTL A","6158731","2026-01-11 02:00","2026","01","11","02:00","","-0.6","","-4.9","","73","","","","25","","23","","24.1","","98.76","","","","-6","","NA"
"-79.63","43.68","TORONTO INTL A","6158731","2026-01-11 03:00","2026","01","11","03:00","","-1.1","","-5.3","","73","","","","25","","34","","24.1","","98.78","","","","-8","","NA"
"-79.63","43.68","TORONTO INTL A","6158731","2026-01-11 04:00","2026","01","11","04:00","","-1.4","","-6.0","","71","","","","25","","30","","24.1","","98.75","","","","-8","","Clear"
"-79.63","43.68","TORONTO INTL A","6158731","2026-01-11 05:00","2026","01","11","05:00","","-1.6","","-6.0","","72","","","","23","","22","","24.1","","98.74","","","","-8","","NA"
"-79.63","43.68","TORONTO INTL A","6158731","2026-01-11 06:00","2026","01","11","06:00","","-1.4","","-5.8","","72","","","","22","","28","","24.1","","98.75","","","","-8","","NA"
"-79.63","43.68","TORONTO INTL A","6158731","2026-01-11 07:00","2026","01","11","07:00","","-1.3","","-6.2","","69","","","","23","","28","","24.1","","98.76","","","","-8","","Mostly Cloudy"
"-79.63","43.68","TORONTO INTL A","6158731","2026-01-11 08:00","2026","01","11","08:00","","-1.6","","-7.0","","67","","","","25","","29","","24.1","","98.75","","","","-8","","NA"
"-79.63","43.68","TORONTO INTL A","6158731","2026-01-11 09:00","2026","01","11","09:00","","-1.4","","-6.5","","69","","","","25","","34","","24.1","","98.73","","","","-9","","NA"
"-79.63","43.68","TORONTO INTL A","6158731","2026-01-11 10:00","2026","01","11","10:00","","-1.5","","-5.8","","72","","","","25","","31","","16.1","","98.77","","","","-9","","Snow Showers"
"-79.63","43.68","TORONTO INTL A","6158731","2026-01-11 11:00","2026","01","11","11:00","","-0.2","","-4.6","","72","","","","27","","28","","24.1","","98.81","","","","-7","","NA"
"-79.63","43.68","TORONTO INTL A","6158731","2026-01-11 12:00","2026","01","11","12:00","","-0.7","","-6.9","","63","","","","31","","36","","24.1","","98.82","","","","-8","","NA"
"-79.63","43.68","TORONTO INTL A","6158731","2026-01-11 13:00","2026","01","11","13:00","","-0.7","","-7.5","","60","","","","28","","37","","24.1","","98.90","","","","-8","","Mostly Cloudy"
"-79.63","43.68","TORONTO INTL A","6158731","2026-01-11 14:00","2026","01","11","14:00","","-1.4","","-8.3","","60","","","","30","","37","","24.1","","99.03","","","","-9","","NA"
"-79.63","43.68","TORONTO INTL A","6158731","2026-01-11 15:00","2026","01","11","15:00","","-3.8","","-10.1","","62","","","","29","","43","","19.3","","99.21","","","","-13","","Snow Showers"
"-79.63","43.68","TORONTO INTL A","6158731","2026-01-11 16:00","2026","01","11","16:00","","-4.3","","-10.6","","62","","","","30","","39","","24.1","","99.34","","","","-13","","Mostly Cloudy"
"-79.63","43.68","TORONTO INTL A","6158731","2026-01-11 17:00","2026","01","11","17:00","","-4.8","","-9.9","","67","","","","30","","31","","24.1","","99.50","","","","-13","","NA"
"-79.63","43.68","TORONTO INTL A","6158731","2026-01-11 18:00","2026","01","11","18:00","","-4.0","","-8.5","","71","","","","31","","27","","24.1","","99.61","","","","-11","","NA"
"-79.63","43.68","TORONTO INTL A","6158731","2026-01-11 19:00","2026","01","11","19:00","","-4.1","","-8.2","","73","","","","31","","21","","24.1","","99.76","","","","-11","","Mainly Clear"
"-79.63","43.68","TORONTO INTL A","6158731","2026-01-11 20:00","2026","01","11","20:00","","-3.8","","-8.2","","71","","","","30","","23","","24.1","","99.84","","","","-11","","NA"
"-79.63","43.68","TORONTO INTL A","6158731","2026-01-11 21:00","2026","01","11","21:00","","-2.9","","-7.4","","71","","","","29","","22","","24.1","","99.88","","","","-9","","NA"
"-79.63","43.68","TORONTO INTL A","6158731","2026-01-11 22:00","2026","01","11","22:00","","-2.8","","-6.8","","74","","","","27","","26","","24.1","","99.89","","","","-10","","Mainly Clear"
"-79.63","43.68","TORONTO INTL A","6158731","2026-01-11 23:00","2026","01","11","23:00","","-1.7","","-5.8","","73","","","","26","","18","","24.1","","99.95","","","","-7","","NA"
"-79.63","43.68","TORONTO INTL A","6158731","2026-01-12 00:00","2026","01","12","00:00","","-0.8","","-6.4","","66","","","","27","","27","","24.1","","99.94","","","","-7","","NA"
"-79.63","43.68","TORONTO INTL A","6158731","2026-01-12 01:00","2026","01","12","01:00","","-1.1","","-5.9","","70","","","","25","","25","","24.1","","99.88","","","","-7","","Mostly Cloudy"
"-79.63","43.68","TORONTO INTL A","6158731","2026-01-12 02:00","2026","01","12","02:00","","-1.3","","-6.4","","69","","","","26","","31","","24.1","","99.84","","","","-8","","NA"
"-79.63","43.68","TORONTO INTL A","6158731","2026-01-12 03:00","2026","01","12","03:00","","-1.6","","-6.1","","72","","","","27","","23","","24.1","","99.83","","","","-8","","NA"
"-79.63","43.68","TORONTO INTL A","6158731","2026-01-12 04:00","2026","01","12","04:00","","-1.6","","-5.8","","73","","","","25","","23","","24.1","","99.74","","","","-8","","Cloudy"
"-79.63","43.68","TORONTO INTL A","6158731","2026-01-12 05:00","2026","01","12","05:00","","-1.4","","-5.6","","73","","","","24","","18","","24.1","","99.68","","","","-7","","NA"
"-79.63","43.68","TORONTO INTL A","6158731","2026-01-12 06:00","2026","01","12","06:00","","-1.6","","-5.8","","73","","","","23","","28","","24.1","","99.63","","","","-8","","NA"
"-79.63","43.68","TORONTO INTL A","6158731","2026-01-12 07:00","2026","01","12","07:00","","-1.6","","-5.7","","74","","","","23","","24","","24.1","","99.65","","","","-8","","Mostly Cloudy"
"-79.63","43.68","TORONTO INTL A","6158731","2026-01-12 08:00","2026","01","12","08:00","","-1.2","","-5.4","","73","","","","24","","28","","24.1","","99.63","","","","-8","","NA"
"-79.63","43.68","TORONTO INTL A","6158731","2026-01-12 09:00","2026","01","12","09:00","","-0.8","","-5.7","","70","","","","24","","30","","24.1","","99.61","","","","-8","","NA"
"-79.63","43.68","TORONTO INTL A","6158731","2026-01-12 10:00","2026","01","12","10:00","","-0.6","","-5.5","","69","","","","24","","36","","24.1","","99.60","","","","-8","","Cloudy"
"-79.63","43.68","TORONTO INTL A","6158731","2026-01-12 11:00","2026","01","12","11:00","","-0.4","","-5.2","","70","","","","24","","38","","24.1","","99.59","","","","-8","","NA"
"-79.63","43.68","TORONTO INTL A","6158731","2026-01-12 12:00","2026","01","12","12:00","","-0.8","","-5.5","","70","","","","24","","34","","24.1","","99.54","","","","-8","","NA"
"-79.63","43.68","TORONTO INTL A","6158731","2026-01-12 13:00","2026","01","12","13:00","","-0.7","","-5.7","","69","","","","25","","36","","24.1","","99.49","","","","-8","","Cloudy"
"-79.63","43.68","TORONTO INTL A","6158731","2026-01-12 14:00","2026","01","12","14:00","","-0.8","","-5.2","","73","","","","25","","31","","24.1","","99.44","","","","-8","","NA"
"-79.63","43.68","TORONTO INTL A","6158731","2026-01-12 15:00","2026","01","12","15:00","","-0.6","","-4.6","","74","","","","24","","27","","24.1","","99.42","","","","-7","","NA"
"-79.63","43.68","TORONTO INTL A","6158731","2026-01-12 16:00","2026","01","12","16:00","","-0.4","","-4.6","","73","","","","23","","24","","24.1","","99.46","","","","-6","","Cloudy"
"-79.63","43.68","TORONTO INTL A","6158731","2026-01-12 17:00","2026","01","12","17:00","","-0.4","","-4.7","","73","","","","24","","22","","24.1","","99.47","","","","-6","","NA"
"-79.63","43.68","TORONTO INTL A","6158731","2026-01-12 18:00","2026","01","12","18:00","","-0.4","","-4.8","","72","","","","24","","27","","24.1","","99.40","","","","-7","","NA"
"-79.63","43.68","TORONTO INTL A","6158731","2026-01-12 19:00","2026","01","12","19:00","","-0.2","","-5.0","","70","","","","24","","31","","24.1","","99.43","","","","-7","","Mostly Cloudy"
"-79.63","43.68","TORONTO INTL A","6158731","2026-01-12 20:00","2026","01","12","20:00","","-0.2","","-4.7","","72","","","","23","","21","","24.1","","99.38","","","","-6","","NA"
"-79.63","43.68","TORONTO INTL A","6158731","2026-01-12 21:00","2026","01","12","21:00","","-0.6","","-4.5","","75","","","","24","","14","","24.1","","99.42","","","","-5","","NA"
"-79.63","43.68","TORONTO INTL A","6158731","2026-01-12 22:00","2026","01","12","22:00","","-0.7","","-4.4","","76","","","","25","","11","","24.1","","99.41","","","","-4","","Mostly Cloudy"
"-79.63","43.68","TORONTO INTL A","6158731","2026-01-12 23:00","2026","01","12","23:00","","0.1","","-4.2","","73","","","","26","","13","","24.1","","99.43","","","","","","NA"
"-79.63","43.68","TORONTO INTL A","6158731","2026-01-13 00:00","2026","01","13","00:00","","0.3","","-3.9","","73","","","","25","","15","","24.1","","99.40","","","","","","NA"
"-79.63","43.68","TORONTO INTL A","6158731","2026-01-13 01:00","2026","01","13","01:00","","0.6","","-3.7","","73","","","","22","","18","","24.1","","99.34","","","","","","Mostly Cloudy"
"-79.63","43.68","TORONTO INTL A","6158731","2026-01-13 02:00","2026","01","13","02:00","","0.7","","-3.4","","74","","","","21","","19","","24.1","","99.32","","","","","","NA"
"-79.63","43.68","TORONTO INTL A","6158731","2026-01-13 03:00","2026","01","13","03:00","","0.9","","-3.2","","74","","","","21","","16","","24.1","","99.31","","","","","","NA"
"-79.63","43.68","TORONTO INTL A","6158731","2026-01-13 04:00","2026","01","13","04:00","","0.9","","-3.0","","75","","","","21","","13","","24.1","","99.27","","","","","","Cloudy"
"-79.63","43.68","TORONTO INTL A","6158731","2026-01-13 05:00","2026","01","13","05:00","","0.9","","-2.8","","76","","","","21","","11","","24.1","","99.21","","","","","","NA"
"-79.63","43.68","TORONTO INTL A","6158731","2026-01-13 06:00","2026","01","13","06:00","","1.1","","-2.7","","76","","","","20","","11","","24.1","","99.16","","","","","","NA"
"-79.63","43.68","TORONTO INTL A","6158731","2026-01-13 07:00","2026","01","13","07:00","","0.4","","-3.1","","77","","","","20","","15","","24.1","","99.08","","","","","","Mostly Cloudy"
"-79.63","43.68","TORONTO INTL A","6158731","2026-01-13 08:00","2026","01","13","08:00","","0.1","","-2.8","","81","","","","20","","12","","24.1","","98.97","","","","","","NA"
"-79.63","43.68","TORONTO INTL A","6158731","2026-01-13 09:00","2026","01","13","09:00","","0.6","","-2.3","","81","","","","19","","14","","16.1","","98.87","","","","","","NA"
"-79.63","43.68","TORONTO INTL A","6158731","2026-01-13 10:00","2026","01","13","10:00","","1.2","","-2.2","","78","","","","18","","12","","24.1","","98.75","","","","","","Mostly Cloudy"
"-79.63","43.68","TORONTO INTL A","6158731","2026-01-13 11:00","2026","01","13","11:00","","2.0","","-2.8","","70","","","","18","","10","","24.1","","98.66","","","","","","NA"
"-79.63","43.68","TORONTO INTL A","6158731","2026-01-13 12:00","2026","01","13","12:00","","2.4","","-3.3","","66","","","","19","","18","","24.1","","98.45","","","","","","NA"
"-79.63","43.68","TORONTO INTL A","6158731","2026-01-13 13:00","2026","01","13","13:00","","2.8","","-2.9","","66","","","","18","","19","","24.1","","98.20","","","","","","Cloudy"
"-79.63","43.68","TORONTO INTL A","6158731","2026-01-13 14:00","2026","01","13","14:00","","3.6","","-3.0","","62","","","","17","","14","","24.1","","97.95","","","","","","NA"
"-79.63","43.68","TORONTO INTL A","6158731","2026-01-13 15:00","2026","01","13","15:00","","4.0","","-3.7","","57","","","","17","","14","","24.1","","97.80","","","","","","NA"
"-79.63","43.68","TORONTO INTL A","6158731","2026-01-13 16:00","2026","01","13","16:00","","4.3","","-3.4","","58","","","","18","","18","","24.1","","97.63","","","","","","Cloudy"
"-79.63","43.68","TORONTO INTL A","6158731","2026-01-13 17:00","2026","01","13","17:00","","3.6","","-1.0","","72","","","","21","","35","","12.9","","97.58","","","","","","Rain"
"-79.63","43.68","TORONTO INTL A","6158731","2026-01-13 18:00","2026","01","13","18:00","","4.2","","-0.8","","70","","","","23","","38","","24.1","","97.54","","","","","","NA"
"-79.63","43.68","TORONTO INTL A","6158731","2026-01-13 19:00","2026","01","13","19:00","","4.6","","-1.1","","67","","","","23","","34","","24.1","","97.54","","","","","","Cloudy"
"-79.63","43.68","TORONTO INTL A","6158731","2026-01-13 20:00","2026","01","13","20:00","","4.8","","-0.8","","67","","","","22","","30","","24.1","","97.48","","","","","","NA"
"-79.63","43.68","TORONTO INTL A","6158731","2026-01-13 21:00","2026","01","13","21:00","","4.6","","-0.3","","70","","","","23","","31","","24.1","","97.50","","","","","","NA"
"-79.63","43.68","TORONTO INTL A","6158731","2026-01-13 22:00","2026","01","13","22:00","","4.9","","0.1","","71","","","","23","","31","","19.3","","97.53","","","","","","Rain"
"-79.63","43.68","TORONTO INTL A","6158731","2026-01-13 23:00","2026","01","13","23:00","","4.1","","0.4","","77","","","","23","","26","","24.1","","97.51","","","","","","NA"
"-79.63","43.68","TORONTO INTL A","6158731","2026-01-14 00:00","2026","01","14","00:00","","4.0","","0.6","","79","","","","24","","25","","24.1","","97.54","","","","","","NA"
"-79.63","43.68","TORONTO INTL A","6158731","2026-01-14 01:00","2026","01","14","01:00","","4.2","","0.9","","79","","","","23","","18","","24.1","","97.53","","","","","","Mostly Cloudy"
"-79.63","43.68","TORONTO INTL A","6158731","2026-01-14 02:00","2026","01","14","02:00","","4.2","","0.9","","79","","","","22","","14","","24.1","","97.53","","","","","","NA"
"-79.63","43.68","TORONTO INTL A","6158731","2026-01-14 03:00","2026","01","14","03:00","","4.0","","0.9","","80","","","","22","","17","","24.1","","97.58","","","","","","NA"
"-79.63","43.68","TORONTO INTL A","6158731","2026-01-14 04:00","2026","01","14","04:00","","3.7","","0.8","","81","","","","23","","15","","24.1","","97.60","","","","","","Mostly Cloudy"
"-79.63","43.68","TORONTO INTL A","6158731","2026-01-14 05:00","2026","01","14","05:00","","3.8","","1.0","","82","","","","23","","14","","24.1","","97.58","","","","","","NA"
"-79.63","43.68","TORONTO INTL A","6158731","2026-01-14 06:00","2026","01","14","06:00","","3.8","","1.0","","82","","","","24","","18","","24.1","","97.59","","","","","","NA"
"-79.63","43.68","TORONTO INTL A","6158731","2026-01-14 07:00","2026","01","14","07:00","","3.9","","1.2","","82","","","","24","","16","","24.1","","97.63","","","","","","Cloudy"
"-79.63","43.68","TORONTO INTL A","6158731","2026-01-14 08:00","2026","01","14","08:00","","3.6","","1.2","","84","","","","25","","19","","16.1","","97.70","","","","","","NA"
"-79.63","43.68","TORONTO INTL A","6158731","2026-01-14 09:00","2026","01","14","09:00","","3.5","","1.6","","87","","","","27","","16","","16.1","","97.74","","","","","","NA"
"-79.63","43.68","TORONTO INTL A","6158731","2026-01-14 10:00","2026","01","14","10:00","","3.9","","2.3","","89","","","","27","","19","","16.1","","97.76","","","","","","Rain"
"-79.63","43.68","TORONTO INTL A","6158731","2026-01-14 11:00","2026","01","14","11:00","","4.3","","1.7","","83","","","","28","","17","","24.1","","97.81","","","","","","NA"
"-79.63","43.68","TORONTO INTL A","6158731","2026-01-14 12:00","2026","01","14","12:00","","4.4","","1.2","","80","","","","27","","14","","24.1","","97.78","","","","","","NA"
"-79.63","43.68","TORONTO INTL A","6158731","2026-01-14 13:00","2026","01","14","13:00","","4.6","","0.4","","75","","","","32","","14","","24.1","","97.74","","","","","","Cloudy"
"-79.63","43.68","TORONTO INTL A","6158731","2026-01-14 14:00","2026","01","14","14:00","","4.6","","-0.2","","71","","","","34","","10","","24.1","","97.71","","","","","","NA"
"-79.63","43.68","TORONTO INTL A","6158731","2026-01-14 15:00","2026","01","14","15:00","","2.3","","-1.1","","78","","","","1","","25","","24.1","","97.76","","","","","","NA"
"-79.63","43.68","TORONTO INTL A","6158731","2026-01-14 16:00","2026","01","14","16:00","","0.7","","-2.8","","78","","","","36","","27","","24.1","","97.81","","","","","","Mostly Cloudy"
"-79.63","43.68","TORONTO INTL A","6158731","2026-01-14 17:00","2026","01","14","17:00","","-1.0","","-3.8","","81","","","","35","","28","","19.3","","97.86","","","","-8","","NA"
"-79.63","43.68","TORONTO INTL A","6158731","2026-01-14 18:00","2026","01","14","18:00","","-1.8","","-4.5","","82","","","","35","","28","","9.7","","97.87","","","","-9","","Snow"
"-79.63","43.68","TORONTO INTL A","6158731","2026-01-14 19:00","2026","01","14","19:00","","-2.9","","-5.0","","85","","","","35","","30","","4.8","","97.89","","","","-10","","Snow"
"-79.63","43.68","TORONTO INTL A","6158731","2026-01-14 20:00","2026","01","14","20:00","","-3.8","","-6.2","","84","","","","35","","32","","4.8","","97.86","","","","-12","","Snow"
"-79.63","43.68","TORONTO INTL A","6158731","2026-01-14 21:00","2026","01","14","21:00","","-4.3","","-7.2","","81","","","","35","","35","","9.7","","97.81","","","","-13","","Snow"
"-79.63","43.68","TORONTO INTL A","6158731","2026-01-14 22:00","2026","01","14","22:00","","-5.8","","-8.2","","83","","","","35","","37","","4.0","","97.79","","","","-15","","Snow"
"-79.63","43.68","TORONTO INTL A","6158731","2026-01-14 23:00","2026","01","14","23:00","","-7.5","","-9.7","","85","","","","35","","39","","1.2","","97.78","","","","-17","","Snow,Blowing Snow"
"-79.63","43.68","TORONTO INTL A","6158731","2026-01-15 00:00","2026","01","15","00:00","","-8.7","","-10.9","","85","","","","35","","39","","1.2","","97.74","","","","-19","","Snow,Blowing Snow"
"-79.63","43.68","TORONTO INTL A","6158731","2026-01-15 01:00","2026","01","15","01:00","","-9.8","","-11.9","","84","","","","36","","41","","1.2","","97.69","","","","-21","","Snow,Blowing Snow"
"-79.63","43.68","TORONTO INTL A","6158731","2026-01-15 02:00","2026","01","15","02:00","","-10.5","","-12.8","","84","","","","36","","39","","0.8","","97.68","","","","-21","","Snow,Blowing Snow"
"-79.63","43.68","TORONTO INTL A","6158731","2026-01-15 03:00","2026","01","15","03:00","","-11.3","","-13.6","","83","","","","35","","39","","1.2","","97.70","","","","-22","","Snow,Blowing Snow"
"-79.63","43.68","TORONTO INTL A","6158731","2026-01-15 04:00","2026","01","15","04:00","","-12.3","","-14.7","","82","","","","34","","25","","1.0","","97.87","","","","-22","","Snow"
"-79.63","43.68","TORONTO INTL A","6158731","2026-01-15 05:00","2026","01","15","05:00","","-12.9","","-15.1","","84","","","","32","","27","","0.8","","98.02","","","","-23","","Moderate Snow"
"-79.63","43.68","TORONTO INTL A","6158731","2026-01-15 06:00","2026","01","15","06:00","","-13.6","","-15.9","","83","","","","35","","32","","0.4","","97.96","","","","-25","","Moderate Snow,Blowing Snow"
"-79.63","43.68","TORONTO INTL A","6158731","2026-01-15 07:00","2026","01","15","07:00","","-14.1","","-16.5","","82","","","","35","","35","","0.8","","97.94","","","","-26","","Moderate Snow,Blowing Snow"
"-79.63","43.68","TORONTO INTL A","6158731","2026-01-15 08:00","2026","01","15","08:00","","-14.1","","-16.7","","81","","","","35","","30","","1.0","","97.96","","","","-25","","Snow,Blowing Snow"
"-79.63","43.68","TORONTO INTL A","6158731","2026-01-15 09:00","2026","01","15","09:00","","-14.1","","-16.9","","79","","","","35","","33","","1.0","","98.01","","","","-25","","Snow,Blowing Snow"
"-79.63","43.68","TORONTO INTL A","6158731","2026-01-15 10:00","2026","01","15","10:00","","-13.9","","-16.7","","80","","","","36","","34","","0.8","","98.06","","","","-25","","Moderate Snow,Blowing Snow"
"-79.63","43.68","TORONTO INTL A","6158731","2026-01-15 11:00","2026","01","15","11:00","","-13.6","","-16.3","","81","","","","35","","31","","0.6","","98.07","","","","-24","","Moderate Snow,Blowing Snow"
"-79.63","43.68","TORONTO INTL A","6158731","2026-01-15 12:00","2026","01","15","12:00","","-13.4","","-16.0","","80","","","","35","","23","","0.6","","98.02","","","","-23","","Moderate Snow,Blowing Snow"
"-79.63","43.68","TORONTO INTL A","6158731","2026-01-15 13:00","2026","01","15","13:00","","-12.7","","-15.7","","79","","","","34","","22","","1.2","","98.01","","","","-22","","Snow"
"-79.63","43.68","TORONTO INTL A","6158731","2026-01-15 14:00","2026","01","15","14:00","","-11.9","","-14.9","","78","","","","34","","19","","2.4","","98.02","","","","-20","","Snow"
"-79.63","43.68","TORONTO INTL A","6158731","2026-01-15 15:00","2026","01","15","15:00","","-11.3","","-15.3","","73","","","","33","","35","","16.1","","98.07","","","","-22","","Snow"
"-79.63","43.68","TORONTO INTL A","6158731","2026-01-15 16:00","2026","01","15","16:00","","-11.0","","-15.0","","73","","","","33","","23","","12.9","","98.16","","","","-20","","Snow"
"-79.63","43.68","TORONTO INTL A","6158731","2026-01-15 17:00","2026","01","15","17:00","","-10.2","","-13.4","","77","","","","32","","23","","8.1","","98.22","","","","-19","","Snow"
"-79.63","43.68","TORONTO INTL A","6158731","2026-01-15 18:00","2026","01","15","18:00","","-10.7","","-15.2","","70","","","","31","","32","","24.1","","98.29","","","","-21","","NA"
"-79.63","43.68","TORONTO INTL A","6158731","2026-01-15 19:00","2026","01","15","19:00","","-11.0","","-15.5","","70","","","","31","","28","","24.1","","98.35","","","","-21","","Mainly Clear"
"-79.63","43.68","TORONTO INTL A","6158731","2026-01-15 20:00","2026","01","15","20:00","","-11.8","","-16.1","","71","","","","30","","25","","24.1","","98.40","","","","-21","","NA"
"-79.63","43.68","TORONTO INTL A","6158731","2026-01-15 21:00","2026","01","15","21:00","","-12.0","","-16.2","","71","","","","29","","25","","24.1","","98.42","","","","-21","","NA"
"-79.63","43.68","TORONTO INTL A","6158731","2026-01-15 22:00","2026","01","15","22:00","","-12.0","","-16.1","","72","","","","29","","28","","24.1","","98.45","","","","-22","","Clear"
"-79.63","43.68","TORONTO INTL A","6158731","2026-01-15 23:00","2026","01","15","23:00","","-11.8","","-15.6","","74","","","","28","","25","","24.1","","98.48","","","","-21","","NA"
"-79.63","43.68","TORONTO INTL A","6158731","2026-01-16 00:00","2026","01","16","00:00","","-11.5","","-15.8","","71","","","","27","","21","","24.1","","98.52","","","","-20","","NA"
"-79.63","43.68","TORONTO INTL A","6158731","2026-01-16 01:00","2026","01","16","01:00","","-12.0","","-15.2","","78","","","","24","","9","","24.1","","98.54","","","","-17","","Mainly Clear"
"-79.63","43.68","TORONTO INTL A","6158731","2026-01-16 02:00","2026","01","16","02:00","","-10.9","","-14.1","","77","","","","26","","12","","24.1","","98.60","","","","-17","","NA"
"-79.63","43.68","TORONTO INTL A","6158731","2026-01-16 03:00","2026","01","16","03:00","","-10.7","","-14.1","","77","","","","29","","9","","24.1","","98.63","","","","-16","","NA"
"-79.63","43.68","TORONTO INTL A","6158731","2026-01-16 04:00","2026","01","16","04:00","","-11.3","","-13.9","","81","","","","24","","5","","24.1","","98.62","","","","-14","","Mostly Cloudy"
"-79.63","43.68","TORONTO INTL A","6158731","2026-01-16 05:00","2026","01","16","05:00","","-10.8","","-13.4","","81","","","","19","","7","","24.1","","98.64","","","","-15","","NA"
"-79.63","43.68","TORONTO INTL A","6158731","2026-01-16 06:00","2026","01","16","06:00","","-10.3","","-13.3","","79","","","","23","","6","","24.1","","98.64","","","","-14","","NA"
"-79.63","43.68","TORONTO INTL A","6158731","2026-01-16 07:00","2026","01","16","07:00","","-9.9","","-13.4","","76","","","","23","","8","","24.1","","98.64","","","","-14","","Mostly Cloudy"
"-79.63","43.68","TORONTO INTL A","6158731","2026-01-16 08:00","2026","01","16","08:00","","-9.7","","-12.9","","77","","","","22","","3","","24.1","","98.69","","","","-11","","NA"
"-79.63","43.68","TORONTO INTL A","6158731","2026-01-16 09:00","2026","01","16","09:00","","-8.8","","-12.5","","75","","","","21","","5","","24.1","","98.77","","","","-12","","NA"
"-79.63","43.68","TORONTO INTL A","6158731","2026-01-16 10:00","2026","01","16","10:00","","-7.8","","-11.9","","73","","","","22","","10","","24.1","","98.82","","","","-13","","Cloudy"
"-79.63","43.68","TORONTO INTL A","6158731","2026-01-16 11:00","2026","01","16","11:00","","-5.7","","-11.1","","66","","","","25","","3","","24.1","","98.80","","","","-7","","NA"
"-79.63","43.68","TORONTO INTL A","6158731","2026-01-16 12:00","2026","01","16","12:00","","-5.3","","-10.6","","67","","","","14","","13","","19.3","","98.66","","","","-10","","Snow"
"-79.63","43.68","TORONTO INTL A","6158731","2026-01-16 13:00","2026","01","16","13:00","","-4.7","","-9.0","","72","","","","16","","11","","19.3","","98.63","","","","-9","","Snow"
"-79.63","43.68","TORONTO INTL A","6158731","2026-01-16 14:00","2026","01","16","14:00","","-3.7","","-8.1","","72","","","","16","","18","","19.3","","98.55","","","","-10","","Snow"
"-79.63","43.68","TORONTO INTL A","6158731","2026-01-16 15:00","2026","01","16","15:00","","-3.4","","-8.7","","67","","","","18","","19","","19.3","","98.52","","","","-9","","Snow"
"-79.63","43.68","TORONTO INTL A","6158731","2026-01-16 16:00","2026","01","16","16:00","","-3.4","","-9.1","","65","","","","17","","14","","4.8","","98.54","","","","-8","","Snow"
"-79.63","43.68","TORONTO INTL A","6158731","2026-01-16 17:00","2026","01","16","17:00","","-3.8","","-6.8","","80","","","","16","","18","","1.6","","98.53","","","","-10","","Snow"
"-79.63","43.68","TORONTO INTL A","6158731","2026-01-16 18:00","2026","01","16","18:00","","-3.7","","-5.3","","88","","","","15","","20","","1.2","","98.50","","","","-10","","Snow"
"-79.63","43.68","TORONTO INTL A","6158731","2026-01-16 19:00","2026","01","16","19:00","","-3.0","","-4.2","","91","","","","18","","13","","1.2","","98.56","","","","-8","","Snow"
"-79.63","43.68","TORONTO INTL A","6158731","2026-01-16 20:00","2026","01","16","20:00","","-3.0","","-4.9","","86","","","","18","","16","","8.1","","98.56","","","","-8","","Snow"
"-79.63","43.68","TORONTO INTL A","6158731","2026-01-16 21:00","2026","01","16","21:00","","-2.6","","-5.4","","81","","","","19","","14","","19.3","","98.55","","","","-7","","NA"
"-79.63","43.68","TORONTO INTL A","6158731","2026-01-16 22:00","2026","01","16","22:00","","-2.0","","-5.8","","75","","","","19","","19","","19.3","","98.56","","","","-8","","Cloudy"
"-79.63","43.68","TORONTO INTL A","6158731","2026-01-16 23:00","2026","01","16","23:00","","-1.4","","-5.8","","72","","","","21","","22","","19.3","","98.62","","","","-7","","NA"
"-79.63","43.68","TORONTO INTL A","6158731","2026-01-17 00:00","2026","01","17","00:00","","-1.1","","-5.0","","75","","","","20","","15","","24.1","","98.66","","","","-6","","NA"
"-79.63","43.68","TORONTO INTL A","6158731","2026-01-17 01:00","2026","01","17","01:00","","-1.1","","-4.6","","77","","","","18","","9","","24.1","","98.68","","","","-4","","Cloudy"
"-79.63","43.68","TORONTO INTL A","6158731","2026-01-17 02:00","2026","01","17","02:00","","-0.5","","-4.4","","75","","","","19","","13","","24.1","","98.69","","","","-5","","NA"
"-79.63","43.68","TORONTO INTL A","6158731","2026-01-17 03:00","2026","01","17","03:00","","-0.4","","-4.0","","76","","","","20","","13","","24.1","","98.68","","","","-5","","NA"
"-79.63","43.68","TORONTO INTL A","6158731","2026-01-17 04:00","2026","01","17","04:00","","-0.4","","-4.0","","77","","","","21","","8","","24.1","","98.63","","","","-3","","Cloudy"
"-79.63","43.68","TORONTO INTL A","6158731","2026-01-17 05:00","2026","01","17","05:00","","-0.3","","-3.9","","77","","","","18","","9","","24.1","","98.68","","","","-3","","NA"
"-79.63","43.68","TORONTO INTL A","6158731","2026-01-17 06:00","2026","01","17","06:00","","0.0","","-3.6","","77","","","","19","","8","","19.3","","98.72","","","","-3","","NA"
"-79.63","43.68","TORONTO INTL A","6158731","2026-01-17 07:00","2026","01","17","07:00","","0.2","","-3.0","","79","","","","19","","10","","19.3","","98.76","","","","","","Cloudy"
"-79.63","43.68","TORONTO INTL A","6158731","2026-01-17 08:00","2026","01","17","08:00","","0.2","","-2.0","","85","","","","20","","13","","3.2","","98.79","","","","","","Snow Showers"
"-79.63","43.68","TORONTO INTL A","6158731","2026-01-17 09:00","2026","01","17","09:00","","0.6","","-1.3","","87","","","","19","","12","","16.1","","98.83","","","","","","NA"
"-79.63","43.68","TORONTO INTL A","6158731","2026-01-17 10:00","2026","01","17","10:00","","1.0","","-1.0","","87","","","","19","","10","","3.2","","98.88","","","","","","Snow Showers"
"-79.63","43.68","TORONTO INTL A","6158731","2026-01-17 11:00","2026","01","17","11:00","","1.5","","-0.9","","84","","","","19","","15","","19.3","","98.90","","","","","","NA"
"-79.63","43.68","TORONTO INTL A","6158731","2026-01-17 12:00","2026","01","17","12:00","","1.5","","-0.3","","88","","","","19","","14","","8.1","","98.85","","","","","","NA"
"-79.63","43.68","TORONTO INTL A","6158731","2026-01-17 13:00","2026","01","17","13:00","","1.6","","-0.3","","87","","","","19","","18","","8.1","","98.79","","","","","","Rain Showers,Snow Showers"
"-79.63","43.68","TORONTO INTL A","6158731","2026-01-17 14:00","2026","01","17","14:00","","1.7","","-0.3","","87","","","","22","","18","","8.1","","98.78","","","","","","Drizzle,Fog"
"-79.63","43.68","TORONTO INTL A","6158731","2026-01-17 15:00","2026","01","17","15:00","","1.9","","-0.9","","81","","","","22","","23","","4.8","","98.83","","","","","","Rain Showers,Snow Showers"
"-79.63","43.68","TORONTO INTL A","6158731","2026-01-17 16:00","2026","01","17","16:00","","0.8","","-3.2","","75","","","","26","","26","","24.1","","98.94","","","","","","Mostly Cloudy"
"-79.63","43.68","TORONTO INTL A","6158731","2026-01-17 17:00","2026","01","17","17:00","","-0.4","","-8.3","","55","","","","24","","39","","24.1","","99.10","","","","-8","","NA"
"-79.63","43.68","TORONTO INTL A","6158731","2026-01-17 18:00","2026","01","17","18:00","","-1.3","","-8.2","","59","","","","24","","35","","24.1","","99.19","","","","-9","","NA"
"-79.63","43.68","TORONTO INTL A","6158731","2026-01-17 19:00","2026","01","17","19:00","","-2.1","","-8.9","","60","","","","23","","21","","24.1","","99.24","","","","-8","","Mostly Cloudy"
"-79.63","43.68","TORONTO INTL A","6158731","2026-01-17 20:00","2026","01","17","20:00","","-3.8","","-9.9","","63","","","","22","","38","","24.1","","99.32","","","","-12","","NA"
"-79.63","43.68","TORONTO INTL A","6158731","2026-01-17 21:00","2026","01","17","21:00","","-5.0","","-11.5","","60","","","","23","","31","","24.1","","99.39","","","","-13","","NA"
"-79.63","43.68","TORONTO INTL A","6158731","2026-01-17 22:00","2026","01","17","22:00","","-5.9","","-12.8","","59","","","","23","","35","","24.1","","99.41","","","","-15","","Mostly Cloudy"
"-79.63","43.68","TORONTO INTL A","6158731","2026-01-17 23:00","2026","01","17","23:00","","-7.0","","-13.2","","62","","","","24","","24","","24.1","","99.42","","","","-15","","NA"
"-79.63","43.68","TORONTO INTL A","6158731","2026-01-18 00:00","2026","01","18","00:00","","-8.2","","-14.4","","62","","","","23","","27","","24.1","","99.42","","","","-17","","NA"
"-79.63","43.68","TORONTO INTL A","6158731","2026-01-18 01:00","2026","01","18","01:00","","-9.0","","-15.0","","63","","","","22","","20","","24.1","","99.41","","","","-17","","Mainly Clear"
"-79.63","43.68","TORONTO INTL A","6158731","2026-01-18 02:00","2026","01","18","02:00","","-9.4","","-15.3","","63","","","","23","","28","","24.1","","99.40","","","","-18","","NA"
"-79.63","43.68","TORONTO INTL A","6158731","2026-01-18 03:00","2026","01","18","03:00","","-9.6","","-15.8","","61","","","","24","","19","","24.1","","99.42","","","","-17","","NA"
"-79.63","43.68","TORONTO INTL A","6158731","2026-01-18 04:00","2026","01","18","04:00","","-10.0","","-16.2","","61","","","","22","","23","","24.1","","99.47","","","","-18","","Mostly Cloudy"
"-79.63","43.68","TORONTO INTL A","6158731","2026-01-18 05:00","2026","01","18","05:00","","-10.1","","-15.8","","64","","","","22","","16","","24.1","","99.47","","","","-17","","NA"
"-79.63","43.68","TORONTO INTL A","6158731","2026-01-18 06:00","2026","01","18","06:00","","-10.3","","-15.8","","64","","","","22","","19","","24.1","","99.49","","","","-18","","NA"
"-79.63","43.68","TORONTO INTL A","6158731","2026-01-18 07:00","2026","01","18","07:00","","-10.5","","-16.3","","63","","","","24","","19","","24.1","","99.54","","","","-18","","Mostly Cloudy"
"-79.63","43.68","TORONTO INTL A","6158731","2026-01-18 08:00","2026","01","18","08:00","","-10.3","","-16.1","","63","","","","24","","20","","24.1","","99.56","","","","-18","","NA"
"-79.63","43.68","TORONTO INTL A","6158731","2026-01-18 09:00","2026","01","18","09:00","","-9.7","","-15.9","","61","","","","22","","19","","24.1","","99.60","","","","-17","","NA"
"-79.63","43.68","TORONTO INTL A","6158731","2026-01-18 10:00","2026","01","18","10:00","","-8.8","","-15.3","","59","","","","24","","18","","24.1","","99.62","","","","-16","","Mostly Cloudy"
"-79.63","43.68","TORONTO INTL A","6158731","2026-01-18 11:00","2026","01","18","11:00","","-8.1","","-14.4","","61","","","","24","","21","","24.1","","99.61","","","","-16","","NA"
"-79.63","43.68","TORONTO INTL A","6158731","2026-01-18 12:00","2026","01","18","12:00","","-7.5","","-13.9","","60","","","","21","","18","","24.1","","99.54","","","","-14","","NA"
"-79.63","43.68","TORONTO INTL A","6158731","2026-01-18 13:00","2026","01","18","13:00","","-6.8","","-12.9","","62","","","","24","","15","","24.1","","99.40","","","","-13","","Mostly Cloudy"
"-79.63","43.68","TORONTO INTL A","6158731","2026-01-18 14:00","2026","01","18","14:00","","-6.4","","-12.3","","63","","","","25","","17","","24.1","","99.33","","","","-13","","NA"
"-79.63","43.68","TORONTO INTL A","6158731","2026-01-18 15:00","2026","01","18","15:00","","-5.9","","-11.9","","62","","","","23","","16","","4.8","","99.29","","","","-12","","Snow"
"-79.63","43.68","TORONTO INTL A","6158731","2026-01-18 16:00","2026","01","18","16:00","","-6.0","","-11.8","","64","","","","23","","15","","19.3","","99.26","","","","-12","","Snow"
"-79.63","43.68","TORONTO INTL A","6158731","2026-01-18 17:00","2026","01","18","17:00","","-6.2","","-11.6","","66","","","","22","","14","","19.3","","99.26","","","","-12","","Snow"
"-79.63","43.68","TORONTO INTL A","6158731","2026-01-18 18:00","2026","01","18","18:00","","-6.1","","-10.5","","71","","","","22","","12","","16.1","","99.25","","","","-11","","Snow"
"-79.63","43.68","TORONTO INTL A","6158731","2026-01-18 19:00","2026","01","18","19:00","","-6.1","","-10.3","","73","","","","23","","13","","24.1","","99.22","","","","-11","","Mostly Cloudy"
"-79.63","43.68","TORONTO INTL A","6158731","2026-01-18 20:00","2026","01","18","20:00","","-6.1","","-10.1","","74","","","","24","","21","","24.1","","99.20","","","","-13","","NA"
"-79.63","43.68","TORONTO INTL A","6158731","2026-01-18 21:00","2026","01","18","21:00","","-6.1","","-10.0","","74","","","","24","","20","","24.1","","99.18","","","","-13","","NA"
"-79.63","43.68","TORONTO INTL A","6158731","2026-01-18 22:00","2026","01","18","22:00","","-6.3","","-9.9","","76","","","","22","","16","","19.3","","99.10","","","","-12","","Snow"
"-79.63","43.68","TORONTO INTL A","6158731","2026-01-18 23:00","2026","01","18","23:00","","-6.4","","-10.0","","76","","","","20","","14","","24.1","","98.99","","","","-12","","NA"
"-79.63","43.68","TORONTO INTL A","6158731","2026-01-19 00:00","2026","01","19","00:00","","-6.5","","-9.9","","77","","","","20","","16","","19.3","","98.93","","","","-13","","NA"
"-79.63","43.68","TORONTO INTL A","6158731","2026-01-19 01:00","2026","01","19","01:00","","-6.7","","-9.4","","82","","","","21","","14","","12.9","","98.86","","","","-12","","Snow"
"-79.63","43.68","TORONTO INTL A","6158731","2026-01-19 02:00","2026","01","19","02:00","","-6.9","","-9.2","","84","","","","20","","14","","4.0","","98.77","","","","-13","","Snow"
"-79.63","43.68","TORONTO INTL A","6158731","2026-01-19 03:00","2026","01","19","03:00","","-7.0","","-9.6","","82","","","","22","","18","","3.2","","98.72","","","","-14","","Snow"
"-79.63","43.68","TORONTO INTL A","6158731","2026-01-19 04:00","2026","01","19","04:00","","-8.3","","-11.8","","76","","","","23","","19","","8.1","","98.67","","","","-16","","Snow"
"-79.63","43.68","TORONTO INTL A","6158731","2026-01-19 05:00","2026","01","19","05:00","","-8.7","","-11.6","","79","","","","22","","17","","16.1","","98.64","","","","-16","","Snow"
"-79.63","43.68","TORONTO INTL A","6158731","2026-01-19 06:00","2026","01","19","06:00","","-8.6","","-12.0","","77","","","","23","","16","","19.3","","98.61","","","","-15","","NA"
"-79.63","43.68","TORONTO INTL A","6158731","2026-01-19 07:00","2026","01","19","07:00","","-8.3","","-12.0","","75","","","","24","","17","","24.1","","98.58","","","","-15","","Cloudy"
"-79.63","43.68","TORONTO INTL A","6158731","2026-01-19 08:00","2026","01","19","08:00","","-7.8","","-11.5","","75","","","","22","","15","","9.7","","98.55","","","","-14","","Snow"
"-79.63","43.68","TORONTO INTL A","6158731","2026-01-19 09:00","2026","01","19","09:00","","-7.7","","-11.1","","77","","","","22","","17","","16.1","","98.51","","","","-14","","Snow"
"-79.63","43.68","TORONTO INTL A","6158731","2026-01-19 10:00","2026","01","19","10:00","","-7.2","","-10.4","","78","","","","22","","21","","9.7","","98.52","","","","-15","","Snow"
"-79.63","43.68","TORONTO INTL A","6158731","2026-01-19 11:00","2026","01","19","11:00","","-6.3","","-9.9","","76","","","","23","","22","","9.7","","98.51","","","","-14","","Snow"
"-79.63","43.68","TORONTO INTL A","6158731","2026-01-19 12:00","2026","01","19","12:00","","-5.5","","-10.9","","66","","","","25","","37","","19.3","","98.47","","","","-14","","NA"
"-79.63","43.68","TORONTO INTL A","6158731","2026-01-19 13:00","2026","01","19","13:00","","-7.0","","-11.0","","73","","","","27","","47","","6.4","","98.53","","","","-17","","Snow Showers,Blowing Snow"
"-79.63","43.68","TORONTO INTL A","6158731","2026-01-19 14:00","2026","01","19","14:00","","-6.5","","-15.0","","52","","","","26","","50","","24.1","","98.63","","","","-17","","NA"
"-79.63","43.68","TORONTO INTL A","6158731","2026-01-19 15:00","2026","01","19","15:00","","-8.4","","-14.5","","62","","","","25","","35","","24.1","","98.77","","","","-18","","NA"
"-79.63","43.68","TORONTO INTL A","6158731","2026-01-19 16:00","2026","01","19","16:00","","-8.6","","-15.5","","58","","","","25","","41","","24.1","","98.90","","","","-19","","Mainly Clear"
"-79.63","43.68","TORONTO INTL A","6158731","2026-01-19 17:00","2026","01","19","17:00","","-8.9","","-14.7","","64","","","","24","","48","","24.1","","98.94","","","","-20","","NA"
"-79.63","43.68","TORONTO INTL A","6158731","2026-01-19 18:00","2026","01","19","18:00","","-9.1","","-13.1","","73","","","","24","","30","","9.7","","99.03","","","","-18","","NA"
"-79.63","43.68","TORONTO INTL A","6158731","2026-01-19 19:00","2026","01","19","19:00","","-8.7","","-11.9","","78","","","","24","","38","","4.8","","99.13","","","","-19","","Snow Showers,Blowing Snow"
"-79.63","43.68","TORONTO INTL A","6158731","2026-01-19 20:00","2026","01","19","20:00","","-8.8","","-11.1","","84","","","","25","","23","","12.9","","99.26","","","","-17","","Snow Showers"
"-79.63","43.68","TORONTO INTL A","6158731","2026-01-19 21:00","2026","01","19","21:00","","-8.1","","-11.8","","75","","","","27","","21","","8.1","","99.34","","","","-16","","Snow Showers"
"-79.63","43.68","TORONTO INTL A","6158731","2026-01-19 22:00","2026","01","19","22:00","","-9.3","","-12.9","","75","","","","26","","29","","12.9","","99.44","","","","-18","","Mostly Cloudy"
"-79.63","43.68","TORONTO INTL A","6158731","2026-01-19 23:00","2026","01","19","23:00","","-10.0","","-13.8","","74","","","","25","","34","","16.1","","99.50","","","","-20","","NA"
"-79.63","43.68","TORONTO INTL A","6158731","2026-01-20 00:00","2026","01","20","00:00","","-10.9","","-15.0","","72","","","","25","","30","","19.3","","99.58","","","","-21","","NA"
"-79.63","43.68","TORONTO INTL A","6158731","2026-01-20 01:00","2026","01","20","01:00","","-11.8","","-15.4","","75","","","","24","","23","","24.1","","99.62","","","","-21","","Mostly Cloudy"
"-79.63","43.68","TORONTO INTL A","6158731","2026-01-20 02:00","2026","01","20","02:00","","-12.4","","-16.2","","74","","","","24","","22","","24.1","","99.64","","","","-21","","NA"
"-79.63","43.68","TORONTO INTL A","6158731","2026-01-20 03:00","2026","01","20","03:00","","-12.8","","-17.5","","68","","","","24","","28","","24.1","","99.72","","","","-23","","NA"
"-79.63","43.68","TORONTO INTL A","6158731","2026-01-20 04:00","2026","01","20","04:00","","-13.1","","-18.0","","67","","","","24","","28","","24.1","","99.73","","","","-23","","Mostly Cloudy"
"-79.63","43.68","TORONTO INTL A","6158731","2026-01-20 05:00","2026","01","20","05:00","","-13.6","","-18.4","","67","","","","24","","28","","24.1","","99.77","","","","-24","","NA"
"-79.63","43.68","TORONTO INTL A","6158731","2026-01-20 06:00","2026","01","20","06:00","","-14.5","","-19.0","","69","","","","24","","32","","24.1","","99.80","","","","-26","","NA"
"-79.63","43.68","TORONTO INTL A","6158731","2026-01-20 07:00","2026","01","20","07:00","","-15.0","","-19.4","","70","","","","25","","27","","24.1","","99.90","","","","-26","","Clear"
"-79.63","43.68","TORONTO INTL A","6158731","2026-01-20 08:00","2026","01","20","08:00","","-15.0","","-19.3","","70","","","","24","","30","","24.1","","100.01","","","","-26","","NA"
"-79.63","43.68","TORONTO INTL A","6158731","2026-01-20 09:00","2026","01","20","09:00","","-14.3","","-19.0","","68","","","","24","","31","","24.1","","100.09","","","","-25","","NA"
"-79.63","43.68","TORONTO INTL A","6158731","2026-01-20 10:00","2026","01","20","10:00","","-13.5","","-18.9","","65","","","","23","","30","","24.1","","100.17","","","","-24","","Clear"
"-79.63","43.68","TORONTO INTL A","6158731","2026-01-20 11:00","2026","01","20","11:00","","-12.8","","-18.7","","62","","","","24","","34","","24.1","","100.27","","","","-24","","NA"
"-79.63","43.68","TORONTO INTL A","6158731","2026-01-20 12:00","2026","01","20","12:00","","-11.8","","-18.9","","56","","","","25","","37","","24.1","","100.26","","","","-23","","NA"
"-79.63","43.68","TORONTO INTL A","6158731","2026-01-20 13:00","2026","01","20","13:00","","-11.6","","-18.9","","55","","","","26","","43","","24.1","","100.26","","","","-23","","Mainly Clear"
"-79.63","43.68","TORONTO INTL A","6158731","2026-01-20 14:00","2026","01","20","14:00","","-11.2","","-18.8","","54","","","","26","","48","","24.1","","100.28","","","","-23","","NA"
"-79.63","43.68","TORONTO INTL A","6158731","2026-01-20 15:00","2026","01","20","15:00","","-11.2","","-18.6","","55","","","","25","","34","","24.1","","100.31","","","","-22","","NA"
"-79.63","43.68","TORONTO INTL A","6158731","2026-01-20 16:00","2026","01","20","16:00","","-11.6","","-18.8","","56","","","","24","","34","","24.1","","100.34","","","","-22","","Mainly Clear"
"-79.63","43.68","TORONTO INTL A","6158731","2026-01-20 17:00","2026","01","20","17:00","","-11.7","","-18.9","","56","","","","24","","39","","24.1","","100.34","","","","-23","","NA"
"-79.63","43.68","TORONTO INTL A","6158731","2026-01-20 18:00","2026","01","20","18:00","","-12.1","","-18.1","","61","","","","23","","23","","24.1","","100.38","","","","-21","","NA"
"-79.63","43.68","TORONTO INTL A","6158731","2026-01-20 19:00","2026","01","20","19:00","","-12.2","","-18.0","","62","","","","22","","26","","24.1","","100.37","","","","-22","","Clear"
"-79.63","43.68","TORONTO INTL A","6158731","2026-01-20 20:00","2026","01","20","20:00","","-12.1","","-17.7","","64","","","","22","","30","","24.1","","100.42","","","","-22","","NA"
"-79.63","43.68","TORONTO INTL A","6158731","2026-01-20 21:00","2026","01","20","21:00","","-11.4","","-17.2","","62","","","","23","","30","","24.1","","100.48","","","","-21","","NA"
"-79.63","43.68","TORONTO INTL A","6158731","2026-01-20 22:00","2026","01","20","22:00","","-11.2","","-17.2","","61","","","","23","","28","","24.1","","100.46","","","","-21","","Mostly Cloudy"
"-79.63","43.68","TORONTO INTL A","6158731","2026-01-20 23:00","2026","01","20","23:00","","-10.7","","-16.9","","61","","","","22","","26","","24.1","","100.49","","","","-20","","NA"
"-79.63","43.68","TORONTO INTL A","6158731","2026-01-21 00:00","2026","01","21","00:00","","-11.1","","-17.2","","61","","","","23","","27","","24.1","","100.52","","","","-21","","NA"
"-79.63","43.68","TORONTO INTL A","6158731","2026-01-21 01:00","2026","01","21","01:00","","-11.8","","-17.9","","61","","","","23","","18","","24.1","","100.46","","","","-20","","Mainly Clear"
"-79.63","43.68","TORONTO INTL A","6158731","2026-01-21 02:00","2026","01","21","02:00","","-11.6","","-17.8","","61","","","","22","","16","","24.1","","100.46","","","","-19","","NA"
"-79.63","43.68","TORONTO INTL A","6158731","2026-01-21 03:00","2026","01","21","03:00","","-11.9","","-17.4","","64","","","","22","","19","","24.1","","100.44","","","","-20","","NA"
"-79.63","43.68","TORONTO INTL A","6158731","2026-01-21 04:00","2026","01","21","04:00","","-12.1","","-17.3","","66","","","","23","","14","","24.1","","100.42","","","","-19","","Mostly Cloudy"
"-79.63","43.68","TORONTO INTL A","6158731","2026-01-21 05:00","2026","01","21","05:00","","-11.5","","-16.8","","65","","","","21","","11","","24.1","","100.38","","","","-17","","NA"
"-79.63","43.68","TORONTO INTL A","6158731","2026-01-21 06:00","2026","01","21","06:00","","-10.6","","-15.9","","65","","","","19","","7","","24.1","","100.25","","","","-15","","NA"
"-79.63","43.68","TORONTO INTL A","6158731","2026-01-21 07:00","2026","01","21","07:00","","-9.0","","-13.7","","69","","","","18","","12","","12.9","","100.18","","","","-15","","Snow"
"-79.63","43.68","TORONTO INTL A","6158731","2026-01-21 08:00","2026","01","21","08:00","","-7.9","","-12.1","","72","","","","17","","9","","19.3","","100.03","","","","-12","","NA"
"-79.63","43.68","TORONTO INTL A","6158731","2026-01-21 09:00","2026","01","21","09:00","","-7.0","","-10.2","","78","","","","18","","9","","3.2","","99.90","","","","-11","","Snow"
"-79.63","43.68","TORONTO INTL A","6158731","2026-01-21 10:00","2026","01","21","10:00","","-6.0","","-8.3","","84","","","","17","","18","","1.2","","99.77","","","","-12","","Snow"
"-79.63","43.68","TORONTO INTL A","6158731","2026-01-21 11:00","2026","01","21","11:00","","-5.5","","-7.5","","86","","","","17","","14","","1.2","","99.60","","","","-11","","Snow"
"-79.63","43.68","TORONTO INTL A","6158731","2026-01-21 12:00","2026","01","21","12:00","","-5.1","","-6.7","","88","","","","19","","13","","0.8","","99.42","","","","-10","","Moderate Snow"
"-79.63","43.68","TORONTO INTL A","6158731","2026-01-21 13:00","2026","01","21","13:00","","-4.9","","-6.6","","88","","","","18","","13","","1.2","","99.27","","","","-10","","Snow"
"-79.63","43.68","TORONTO INTL A","6158731","2026-01-21 14:00","2026","01","21","14:00","","-4.0","","-6.0","","86","","","","19","","14","","3.2","","99.14","","","","-9","","Snow"
"-79.63","43.68","TORONTO INTL A","6158731","2026-01-21 15:00","2026","01","21","15:00","","-3.4","","-6.4","","80","","","","20","","18","","8.1","","99.02","","","","-9","","Snow"
"-79.63","43.68","TORONTO INTL A","6158731","2026-01-21 16:00","2026","01","21","16:00","","-3.0","","-5.6","","82","","","","21","","14","","8.1","","98.96","","","","-8","","Snow"
"-79.63","43.68","TORONTO INTL A","6158731","2026-01-21 17:00","2026","01","21","17:00","","-2.5","","-5.0","","84","","","","21","","17","","3.6","","98.96","","","","-8","","Snow"
"-79.63","43.68","TORONTO INTL A","6158731","2026-01-21 18:00","2026","01","21","18:00","","-2.3","","-4.1","","88","","","","20","","12","","6.4","","98.93","","","","-7","","Snow"
"-79.63","43.68","TORONTO INTL A","6158731","2026-01-21 19:00","2026","01","21","19:00","","-1.8","","-3.7","","86","","","","20","","16","","6.4","","98.90","","","","-7","","Snow"
"-79.63","43.68","TORONTO INTL A","6158731","2026-01-21 20:00","2026","01","21","20:00","","-1.4","","-3.5","","86","","","","21","","14","","8.1","","98.90","","","","-6","","Snow"
"-79.63","43.68","TORONTO INTL A","6158731","2026-01-21 21:00","2026","01","21","21:00","","-1.1","","-4.1","","80","","","","23","","21","","9.7","","98.87","","","","-7","","Snow"
"-79.63","43.68","TORONTO INTL A","6158731","2026-01-21 22:00","2026","01","21","22:00","","-1.2","","-4.5","","78","","","","23","","25","","16.1","","98.78","","","","-7","","Snow"
"-79.63","43.68","TORONTO INTL A","6158731","2026-01-21 23:00","2026","01","21","23:00","","-0.9","","-4.6","","76","","","","23","","27","","19.3","","98.80","","","","-7","","NA"
"-79.63","43.68","TORONTO INTL A","6158731","2026-01-22 00:00","2026","01","22","00:00","","-1.1","","-4.5","","78","","","","26","","32","","12.9","","98.82","","","","-8","","Snow"
"-79.63","43.68","TORONTO INTL A","6158731","2026-01-22 01:00","2026","01","22","01:00","","-2.5","","-6.1","","76","","","","27","","34","","24.1","","98.82","","","","-10","","Mostly Cloudy"
"-79.63","43.68","TORONTO INTL A","6158731","2026-01-22 02:00","2026","01","22","02:00","","-2.8","","-7.1","","73","","","","26","","41","","24.1","","98.87","","","","-11","","NA"
"-79.63","43.68","TORONTO INTL A","6158731","2026-01-22 03:00","2026","01","22","03:00","","-3.9","","-8.5","","71","","","","25","","34","","24.1","","98.92","","","","-12","","NA"
"-79.63","43.68","TORONTO INTL A","6158731","2026-01-22 04:00","2026","01","22","04:00","","-3.6","","-8.3","","70","","","","23","","28","","24.1","","98.89","","","","-11","","Mainly Clear"
"-79.63","43.68","TORONTO INTL A","6158731","2026-01-22 05:00","2026","01","22","05:00","","-3.5","","-7.9","","72","","","","23","","27","","24.1","","98.87","","","","-11","","NA"
"-79.63","43.68","TORONTO INTL A","6158731","2026-01-22 06:00","2026","01","22","06:00","","-4.0","","-6.0","","86","","","","22","","23","","9.7","","98.91","","","","-11","","Snow"
"-79.63","43.68","TORONTO INTL A","6158731","2026-01-22 07:00","2026","01","22","07:00","","-3.9","","-6.4","","83","","","","24","","27","","24.1","","98.94","","","","-11","","Mostly Cloudy"
"-79.63","43.68","TORONTO INTL A","6158731","2026-01-22 08:00","2026","01","22","08:00","","-4.5","","-8.0","","77","","","","25","","30","","24.1","","99.01","","","","-12","","NA"
"-79.63","43.68","TORONTO INTL A","6158731","2026-01-22 09:00","2026","01","22","09:00","","-4.0","","-9.1","","68","","","","26","","32","","24.1","","99.11","","","","-12","","NA"
"-79.63","43.68","TORONTO INTL A","6158731","2026-01-22 10:00","2026","01","22","10:00","","-4.7","","-11.7","","58","","","","27","","46","","24.1","","99.23","","","","-14","","Mainly Clear"
"-79.63","43.68","TORONTO INTL A","6158731","2026-01-22 11:00","2026","01","22","11:00","","-4.2","","-10.8","","60","","","","25","","34","","24.1","","99.32","","","","-12","","NA"
"-79.63","43.68","TORONTO INTL A","6158731","2026-01-22 12:00","2026","01","22","12:00","","-4.0","","-9.7","","65","","","","25","","28","","24.1","","99.32","","","","-11","","NA"
"-79.63","43.68","TORONTO INTL A","6158731","2026-01-22 13:00","2026","01","22","13:00","","-3.8","","-9.2","","66","","","","26","","36","","24.1","","99.30","","","","-12","","Mostly Cloudy"
"-79.63","43.68","TORONTO INTL A","6158731","2026-01-22 14:00","2026","01","22","14:00","","-4.5","","-9.7","","67","","","","27","","37","","12.9","","99.29","","","","-13","","Snow Showers"
"-79.63","43.68","TORONTO INTL A","6158731","2026-01-22 15:00","2026","01","22","15:00","","-5.9","","-11.2","","66","","","","27","","45","","12.9","","99.38","","","","-16","","NA"
"-79.63","43.68","TORONTO INTL A","6158731","2026-01-22 16:00","2026","01","22","16:00","","-6.0","","-11.9","","63","","","","27","","33","","24.1","","99.47","","","","-15","","Mostly Cloudy"
"-79.63","43.68","TORONTO INTL A","6158731","2026-01-22 17:00","2026","01","22","17:00","","-7.5","","-12.5","","67","","","","26","","44","","24.1","","99.53","","","","-18","","NA"
"-79.63","43.68","TORONTO INTL A","6158731","2026-01-22 18:00","2026","01","22","18:00","","-7.8","","-14.4","","60","","","","26","","32","","24.1","","99.61","","","","-17","","NA"
"-79.63","43.68","TORONTO INTL A","6158731","2026-01-22 19:00","2026","01","22","19:00","","-8.8","","-13.6","","68","","","","26","","21","","24.1","","99.63","","","","-17","","Clear"
"-79.63","43.68","TORONTO INTL A","6158731","2026-01-22 20:00","2026","01","22","20:00","","-8.6","","-12.0","","77","","","","25","","18","","2.0","","99.64","","","","-16","","Snow"
"-79.63","43.68","TORONTO INTL A","6158731","2026-01-22 21:00","2026","01","22","21:00","","-8.4","","-10.9","","82","","","","24","","25","","4.0","","99.62","","","","-17","","Snow"
"-79.63","43.68","TORONTO INTL A","6158731","2026-01-22 22:00","2026","01","22","22:00","","-8.4","","-12.6","","72","","","","24","","32","","19.3","","99.60","","","","-18","","Mostly Cloudy"
"-79.63","43.68","TORONTO INTL A","6158731","2026-01-22 23:00","2026","01","22","23:00","","-8.8","","-13.2","","71","","","","24","","24","","19.3","","99.58","","","","-17","","NA"
"-79.63","43.68","TORONTO INTL A","6158731","2026-01-23 00:00","2026","01","23","00:00","","-8.8","","-11.5","","81","","","","26","","26","","1.6","","99.58","","","","-17","","Snow Showers"
"-79.63","43.68","TORONTO INTL A","6158731","2026-01-23 01:00","2026","01","23","01:00","","-9.8","","-14.7","","68","","","","28","","32","","19.3","","99.59","","","","-20","","Mostly Cloudy"
"-79.63","43.68","TORONTO INTL A","6158731","2026-01-23 02:00","2026","01","23","02:00","","-10.8","","-15.8","","67","","","","26","","27","","24.1","","99.61","","","","-20","","NA"
"-79.63","43.68","TORONTO INTL A","6158731","2026-01-23 03:00","2026","01","23","03:00","","-11.4","","-16.1","","69","","","","25","","27","","24.1","","99.67","","","","-21","","NA"
"-79.63","43.68","TORONTO INTL A","6158731","2026-01-23 04:00","2026","01","23","04:00","","-12.4","","-16.8","","70","","","","25","","21","","24.1","","99.70","","","","-21","","Mainly Clear"
"-79.63","43.68","TORONTO INTL A","6158731","2026-01-23 05:00","2026","01","23","05:00","","-12.6","","-16.6","","72","","","","25","","22","","24.1","","99.74","","","","-22","","NA"
"-79.63","43.68","TORONTO INTL A","6158731","2026-01-23 06:00","2026","01","23","06:00","","-12.2","","-16.3","","72","","","","25","","23","","24.1","","99.81","","","","-21","","NA"
"-79.63","43.68","TORONTO INTL A","6158731","2026-01-23 07:00","2026","01","23","07:00","","-12.2","","-16.7","","69","","","","26","","26","","24.1","","99.85","","","","-22","","Clear"
"-79.63","43.68","TORONTO INTL A","6158731","2026-01-23 08:00","2026","01","23","08:00","","-12.8","","-18.1","","65","","","","26","","30","","24.1","","99.89","","","","-23","","NA"
"-79.63","43.68","TORONTO INTL A","6158731","2026-01-23 09:00","2026","01","23","09:00","","-12.2","","-16.9","","68","","","","27","","32","","24.1","","99.99","","","","-23","","NA"
"-79.63","43.68","TORONTO INTL A","6158731","2026-01-23 10:00","2026","01","23","10:00","","-12.1","","-16.5","","70","","","","29","","30","","24.1","","100.11","","","","-22","","Mostly Cloudy"
"-79.63","43.68","TORONTO INTL A","6158731","2026-01-23 11:00","2026","01","23","11:00","","-13.0","","-18.3","","65","","","","28","","40","","9.7","","100.26","","","","-25","","Blowing Snow"
"-79.63","43.68","TORONTO INTL A","6158731","2026-01-23 12:00","2026","01","23","12:00","","-13.8","","-19.9","","60","","","","28","","43","","4.0","","100.35","","","","-26","","Blowing Snow"
"-79.63","43.68","TORONTO INTL A","6158731","2026-01-23 13:00","2026","01","23","13:00","","-13.8","","-21.2","","54","","","","27","","44","","24.1","","100.38","","","","-26","","Mainly Clear"
"-79.63","43.68","TORONTO INTL A","6158731","2026-01-23 14:00","2026","01","23","14:00","","-13.7","","-20.9","","55","","","","28","","43","","24.1","","100.45","","","","-26","","NA"
"-79.63","43.68","TORONTO INTL A","6158731","2026-01-23 15:00","2026","01","23","15:00","","-13.3","","-19.9","","58","","","","28","","45","","16.1","","100.52","","","","-26","","Snow Showers"
"-79.63","43.68","TORONTO INTL A","6158731","2026-01-23 16:00","2026","01","23","16:00","","-13.8","","-19.7","","62","","","","30","","32","","16.1","","100.69","","","","-25","","Mostly Cloudy"
"-79.63","43.68","TORONTO INTL A","6158731","2026-01-23 17:00","2026","01","23","17:00","","-14.4","","-19.7","","65","","","","31","","27","","9.7","","100.84","","","","-25","","Snow Showers"
"-79.63","43.68","TORONTO INTL A","6158731","2026-01-23 18:00","2026","01","23","18:00","","-15.0","","-19.6","","69","","","","31","","27","","9.7","","100.95","","","","-26","","Snow Showers"
"-79.63","43.68","TORONTO INTL A","6158731","2026-01-23 19:00","2026","01","23","19:00","","-15.7","","-21.8","","60","","","","32","","33","","12.9","","101.08","","","","-27","","Snow Showers"
"-79.63","43.68","TORONTO INTL A","6158731","2026-01-23 20:00","2026","01","23","20:00","","-15.9","","-21.0","","65","","","","30","","23","","12.9","","101.17","","","","-26","","Snow Showers"
"-79.63","43.68","TORONTO INTL A","6158731","2026-01-23 21:00","2026","01","23","21:00","","-16.3","","-21.4","","65","","","","28","","22","","24.1","","101.23","","","","-26","","NA"
"-79.63","43.68","TORONTO INTL A","6158731","2026-01-23 22:00","2026","01","23","22:00","","-16.8","","-21.1","","70","","","","26","","21","","24.1","","101.27","","","","-27","","Mostly Cloudy"
"-79.63","43.68","TORONTO INTL A","6158731","2026-01-23 23:00","2026","01","23","23:00","","-17.1","","-21.3","","70","","","","25","","24","","24.1","","101.31","","","","-28","","NA"
"-79.63","43.68","TORONTO INTL A","6158731","2026-01-24 00:00","2026","01","24","00:00","","-17.2","","-21.5","","69","","","","26","","19","","24.1","","101.35","","","","-27","","NA"
"-79.63","43.68","TORONTO INTL A","6158731","2026-01-24 01:00","2026","01","24","01:00","","-17.9","","-21.9","","71","","","","28","","12","","24.1","","101.36","","","","-25","","Clear"
"-79.63","43.68","TORONTO INTL A","6158731","2026-01-24 02:00","2026","01","24","02:00","","-18.5","","-22.8","","70","","","","31","","10","","24.1","","101.42","","","","-25","","NA"
"-79.63","43.68","TORONTO INTL A","6158731","2026-01-24 03:00","2026","01","24","03:00","","-19.4","","-23.1","","73","","","","5","","7","","24.1","","101.54","","","","-25","","NA"
"-79.63","43.68","TORONTO INTL A","6158731","2026-01-24 04:00","2026","01","24","04:00","","-19.5","","-23.4","","72","","","","4","","9","","24.1","","101.57","","","","-26","","Mostly Cloudy"
"-79.63","43.68","TORONTO INTL A","6158731","2026-01-24 05:00","2026","01","24","05:00","","-19.5","","-23.4","","72","","","","","","0","","24.1","","101.59","","","","","","NA"
"-79.63","43.68","TORONTO INTL A","6158731","2026-01-24 06:00","2026","01","24","06:00","","-19.8","","-23.3","","74","","","","","","0","","24.1","","101.61","","","","","","NA"
"-79.63","43.68","TORONTO INTL A","6158731","2026-01-24 07:00","2026","01","24","07:00","","-20.2","","-23.5","","75","","","","5","","4","","24.1","","101.63","","","","-24","","Mainly Clear"
"-79.63","43.68","TORONTO INTL A","6158731","2026-01-24 08:00","2026","01","24","08:00","","-20.1","","-23.1","","78","","","","","","0","","24.1","","101.69","","","","","","NA"
"-79.63","43.68","TORONTO INTL A","6158731","2026-01-24 09:00","2026","01","24","09:00","","-19.0","","-22.6","","74","","","","29","","5","","24.1","","101.70","","","","-23","","NA"
"-79.63","43.68","TORONTO INTL A","6158731","2026-01-24 10:00","2026","01","24","10:00","","-16.9","","-20.6","","73","","","","31","","5","","24.1","","101.73","","","","-21","","Snow"
"-79.63","43.68","TORONTO INTL A","6158731","2026-01-24 11:00","2026","01","24","11:00","","-13.4","","-18.0","","69","","","","24","","8","","24.1","","101.76","","","","-18","","NA"
"-79.63","43.68","TORONTO INTL A","6158731","2026-01-24 12:00","2026","01","24","12:00","","-11.8","","-17.1","","65","","","","27","","7","","24.1","","101.71","","","","-16","","NA"
"-79.63","43.68","TORONTO INTL A","6158731","2026-01-24 13:00","2026","01","24","13:00","","-11.4","","-17.3","","62","","","","28","","18","","24.1","","101.69","","","","-19","","Mostly Cloudy"
"-79.63","43.68","TORONTO INTL A","6158731","2026-01-24 14:00","2026","01","24","14:00","","-11.0","","-17.6","","59","","","","28","","15","","24.1","","101.62","","","","-18","","NA"
"-79.63","43.68","TORONTO INTL A","6158731","2026-01-24 15:00","2026","01","24","15:00","","-10.9","","-17.3","","60","","","","29","","10","","24.1","","101.64","","","","-16","","NA"
"-79.63","43.68","TORONTO INTL A","6158731","2026-01-24 16:00","2026","01","24","16:00","","-10.9","","-17.9","","57","","","","28","","12","","16.1","","101.66","","","","-17","","Mostly Cloudy"
"-79.63","43.68","TORONTO INTL A","6158731","2026-01-24 17:00","2026","01","24","17:00","","-11.6","","-18.0","","60","","","","28","","13","","24.1","","101.64","","","","-18","","NA"
"-79.63","43.68","TORONTO INTL A","6158731","2026-01-24 18:00","2026","01","24","18:00","","-11.6","","-17.5","","62","","","","30","","11","","24.1","","101.57","","","","-18","","NA"
"-79.63","43.68","TORONTO INTL A","6158731","2026-01-24 19:00","2026","01","24","19:00","","-12.2","","-17.9","","63","","","","31","","10","","24.1","","101.55","","","","-18","","Mostly Cloudy"
"-79.63","43.68","TORONTO INTL A","6158731","2026-01-24 20:00","2026","01","24","20:00","","-12.1","","-17.9","","63","","","","29","","10","","24.1","","101.57","","","","-18","","NA"
"-79.63","43.68","TORONTO INTL A","6158731","2026-01-24 21:00","2026","01","24","21:00","","-12.2","","-17.7","","64","","","","28","","7","","24.1","","101.54","","","","-17","","NA"
"-79.63","43.68","TORONTO INTL A","6158731","2026-01-24 22:00","2026","01","24","22:00","","-12.1","","-17.9","","62","","","","26","","5","","24.1","","101.49","","","","-15","","Mostly Cloudy"
"-79.63","43.68","TORONTO INTL A","6158731","2026-01-24 23:00","2026","01","24","23:00","","-12.1","","-17.4","","65","","","","28","","6","","24.1","","101.43","","","","-16","","NA"
"-79.63","43.68","TORONTO INTL A","6158731","2026-01-25 00:00","2026","01","25","00:00","","-11.9","","-17.1","","65","","","","27","","5","","24.1","","101.42","","","","-15","","NA"
"-79.63","43.68","TORONTO INTL A","6158731","2026-01-25 01:00","2026","01","25","01:00","","-12.0","","-17.3","","65","","","","4","","3","","24.1","","101.32","","","","-14","","Mostly Cloudy"
"-79.63","43.68","TORONTO INTL A","6158731","2026-01-25 02:00","2026","01","25","02:00","","-12.0","","-16.1","","72","","","","3","","14","","24.1","","101.24","","","","-19","","NA"
"-79.63","43.68","TORONTO INTL A","6158731","2026-01-25 03:00","2026","01","25","03:00","","-12.2","","-16.2","","73","","","","5","","17","","24.1","","101.12","","","","-20","","NA"
"-79.63","43.68","TORONTO INTL A","6158731","2026-01-25 04:00","2026","01","25","04:00","","-12.4","","-15.4","","79","","","","5","","16","","9.7","","101.04","","","","-20","","Snow"
"-79.63","43.68","TORONTO INTL A","6158731","2026-01-25 05:00","2026","01","25","05:00","","-12.3","","-15.0","","81","","","","5","","15","","24.1","","100.96","","","","-20","","Snow"
"-79.63","43.68","TORONTO INTL A","6158731","2026-01-25 06:00","2026","01","25","06:00","","-11.8","","-14.5","","81","","","","5","","16","","24.1","","100.75","","","","-19","","Snow"
"-79.63","43.68","TORONTO INTL A","6158731","2026-01-25 07:00","2026","01","25","07:00","","-9.4","","-15.9","","60","","","","11","","32","","24.1","","100.67","","","","-19","","Cloudy"
"-79.63","43.68","TORONTO INTL A","6158731","2026-01-25 08:00","2026","01","25","08:00","","-9.6","","-13.1","","76","","","","12","","24","","1.6","","100.64","","","","-18","","Snow"
"-79.63","43.68","TORONTO INTL A","6158731","2026-01-25 09:00","2026","01","25","09:00","","-9.8","","-12.0","","84","","","","11","","29","","1.6","","100.53","","","","-19","","Snow"
"-79.63","43.68","TORONTO INTL A","6158731","2026-01-25 10:00","2026","01","25","10:00","","-9.5","","-11.7","","84","","","","10","","26","","0.8","","100.45","","","","-18","","Moderate Snow"
"-79.63","43.68","TORONTO INTL A","6158731","2026-01-25 11:00","2026","01","25","11:00","","-10.9","","-13.2","","84","","","","4","","27","","0.4","","100.29","","","","-20","","Heavy Snow"
"-79.63","43.68","TORONTO INTL A","6158731","2026-01-25 12:00","2026","01","25","12:00","","-11.9","","-14.2","","83","","","","6","","28","","0.4","","100.04","","","","-22","","Heavy Snow"
"-79.63","43.68","TORONTO INTL A","6158731","2026-01-25 13:00","2026","01","25","13:00","","-12.1","","-14.5","","82","","","","6","","23","","0.4","","99.86","","","","-21","","Heavy Snow"
"-79.63","43.68","TORONTO INTL A","6158731","2026-01-25 14:00","2026","01","25","14:00","","-11.9","","-14.2","","83","","","","5","","26","","0.4","","99.72","","","","-21","","Heavy Snow"
"-79.63","43.68","TORONTO INTL A","6158731","2026-01-25 15:00","2026","01","25","15:00","","-12.0","","-14.2","","84","","","","6","","25","","0.4","","99.63","","","","-21","","Heavy Snow"
"-79.63","43.68","TORONTO INTL A","6158731","2026-01-25 16:00","2026","01","25","16:00","","-12.3","","-14.5","","84","","","","6","","20","","0.4","","99.52","","","","-21","","Heavy Snow"
"-79.63","43.68","TORONTO INTL A","6158731","2026-01-25 17:00","2026","01","25","17:00","","-12.4","","-14.7","","84","","","","5","","21","","0.4","","99.46","","","","-21","","Heavy Snow"
"-79.63","43.68","TORONTO INTL A","6158731","2026-01-25 18:00","2026","01","25","18:00","","-12.3","","-14.5","","84","","","","4","","20","","0.4","","99.38","","","","-21","","Heavy Snow"
"-79.63","43.68","TORONTO INTL A","6158731","2026-01-25 19:00","2026","01","25","19:00","","-13.0","","-15.2","","84","","","","4","","22","","0.4","","99.33","","","","-22","","Heavy Snow"
"-79.63","43.68","TORONTO INTL A","6158731","2026-01-25 20:00","2026","01","25","20:00","","-12.5","","-14.7","","84","","","","5","","18","","0.8","","99.18","","","","-21","","Moderate Snow"
"-79.63","43.68","TORONTO INTL A","6158731","2026-01-25 21:00","2026","01","25","21:00","","-13.0","","-15.3","","83","","","","2","","22","","3.2","","99.11","","","","-22","","Snow"
"-79.63","43.68","TORONTO INTL A","6158731","2026-01-25 22:00","2026","01","25","22:00","","-13.3","","-15.7","","82","","","","2","","26","","3.2","","99.15","","","","-23","","Snow"
"-79.63","43.68","TORONTO INTL A","6158731","2026-01-25 23:00","2026","01","25","23:00","","-13.3","","-16.1","","80","","","","1","","23","","11.3","","99.09","","","","-23","","NA"
"-79.63","43.68","TORONTO INTL A","6158731","2026-01-26 00:00","2026","01","26","00:00","","-13.8","","-16.7","","79","","","","36","","30","","11.3","","99.12","","","","-24","","NA"
"-79.63","43.68","TORONTO INTL A","6158731","2026-01-26 01:00","2026","01","26","01:00","","-14.0","","-17.1","","77","","","","36","","26","","11.3","","99.10","","","","-24","","Cloudy"
"-79.63","43.68","TORONTO INTL A","6158731","2026-01-26 02:00","2026","01","26","02:00","","-14.3","","-17.6","","76","","","","36","","28","","17.7","","99.12","","","","-25","","NA"
"-79.63","43.68","TORONTO INTL A","6158731","2026-01-26 03:00","2026","01","26","03:00","","-14.3","","-17.5","","77","","","","34","","26","","12.9","","99.11","","","","-24","","NA"
"-79.63","43.68","TORONTO INTL A","6158731","2026-01-26 04:00","2026","01","26","04:00","","-14.5","","-17.5","","78","","","","35","","23","","9.7","","99.10","","","","-24","","Snow"
"-79.63","43.68","TORONTO INTL A","6158731","2026-01-26 05:00","2026","01","26","05:00","","-14.6","","-17.9","","76","","","","34","","19","","24.1","","99.16","","","","-23","","NA"
"-79.63","43.68","TORONTO INTL A","6158731","2026-01-26 06:00","2026","01","26","06:00","","-14.9","","-18.5","","74","","","","33","","19","","17.7","","99.17","","","","-24","","Snow"
"-79.63","43.68","TORONTO INTL A","6158731","2026-01-26 07:00","2026","01","26","07:00","","-14.9","","-18.0","","78","","","","32","","16","","12.9","","99.20","","","","-23","","Snow"
"-79.63","43.68","TORONTO INTL A","6158731","2026-01-26 08:00","2026","01","26","08:00","","-15.2","","-18.1","","79","","","","32","","15","","12.9","","99.22","","","","-23","","NA"
"-79.63","43.68","TORONTO INTL A","6158731","2026-01-26 09:00","2026","01","26","09:00","","-14.0","","-17.2","","77","","","","32","","15","","12.9","","99.23","","","","-22","","Snow"
"-79.63","43.68","TORONTO INTL A","6158731","2026-01-26 10:00","2026","01","26","10:00","","-13.8","","-17.1","","77","","","","33","","13","","16.1","","99.25","","","","-21","","Mostly Cloudy"
"-79.63","43.68","TORONTO INTL A","6158731","2026-01-26 11:00","2026","01","26","11:00","","-11.9","","-16.1","","71","","","","31","","21","","24.1","","99.28","","","","-20","","NA"
"-79.63","43.68","TORONTO INTL A","6158731","2026-01-26 12:00","2026","01","26","12:00","","-10.3","","-14.8","","70","","","","30","","16","","19.3","","99.28","","","","-17","","NA"
"-79.63","43.68","TORONTO INTL A","6158731","2026-01-26 13:00","2026","01","26","13:00","","-9.6","","-14.8","","66","","","","34","","19","","24.1","","99.24","","","","-17","","Mostly Cloudy"
"-79.63","43.68","TORONTO INTL A","6158731","2026-01-26 14:00","2026","01","26","14:00","","-9.0","","-14.6","","64","","","","34","","27","","24.1","","99.26","","","","-18","","NA"
"-79.63","43.68","TORONTO INTL A","6158731","2026-01-26 15:00","2026","01","26","15:00","","-9.2","","-16.1","","58","","","","34","","25","","24.1","","99.29","","","","-18","","NA"
"-79.63","43.68","TORONTO INTL A","6158731","2026-01-26 16:00","2026","01","26","16:00","","-9.4","","-15.9","","60","","","","34","","13","","24.1","","99.38","","","","-15","","Mainly Clear"
"-79.63","43.68","TORONTO INTL A","6158731","2026-01-26 17:00","2026","01","26","17:00","","-9.8","","-16.1","","60","","","","31","","14","","24.1","","99.43","","","","-16","","NA"
"-79.63","43.68","TORONTO INTL A","6158731","2026-01-26 18:00","2026","01","26","18:00","","-11.9","","-17.9","","62","","","","26","","12","","24.1","","99.47","","","","-18","","NA"
"-79.63","43.68","TORONTO INTL A","6158731","2026-01-26 19:00","2026","01","26","19:00","","-12.8","","-17.8","","67","","","","25","","22","","24.1","","99.51","","","","-22","","Mainly Clear"
"-79.63","43.68","TORONTO INTL A","6158731","2026-01-26 20:00","2026","01","26","20:00","","-13.0","","-17.3","","70","","","","24","","18","","24.1","","99.52","","","","-21","","NA"
"-79.63","43.68","TORONTO INTL A","6158731","2026-01-26 21:00","2026","01","26","21:00","","-11.8","","-16.0","","71","","","","26","","27","","24.1","","99.51","","","","-21","","NA"
"-79.63","43.68","TORONTO INTL A","6158731","2026-01-26 22:00","2026","01","26","22:00","","-12.1","","-16.8","","69","","","","25","","24","","24.1","","99.54","","","","-21","","Mainly Clear"
"-79.63","43.68","TORONTO INTL A","6158731","2026-01-26 23:00","2026","01","26","23:00","","-12.2","","-16.1","","73","","","","24","","14","","24.1","","99.52","","","","-19","","NA"
"-79.63","43.68","TORONTO INTL A","6158731","2026-01-27 00:00","2026","01","27","00:00","","-11.0","","-14.3","","77","","","","23","","13","","24.1","","99.48","","","","-17","","NA"
"-79.63","43.68","TORONTO INTL A","6158731","2026-01-27 01:00","2026","01","27","01:00","","-10.4","","-15.7","","65","","","","24","","27","","24.1","","99.45","","","","-20","","Mostly Cloudy"
"-79.63","43.68","TORONTO INTL A","6158731","2026-01-27 02:00","2026","01","27","02:00","","-10.8","","-16.1","","66","","","","24","","34","","24.1","","99.43","","","","-21","","NA"
"-79.63","43.68","TORONTO INTL A","6158731","2026-01-27 03:00","2026","01","27","03:00","","-11.1","","-15.9","","68","","","","24","","19","","24.1","","99.38","","","","-19","","NA"
"-79.63","43.68","TORONTO INTL A","6158731","2026-01-27 04:00","2026","01","27","04:00","","-12.0","","-16.5","","69","","","","23","","30","","24.1","","99.29","","","","-22","","Cloudy"
"-79.63","43.68","TORONTO INTL A","6158731","2026-01-27 05:00","2026","01","27","05:00","","-13.6","","-17.7","","72","","","","20","","21","","24.1","","99.17","","","","-23","","NA"
"-79.63","43.68","TORONTO INTL A","6158731","2026-01-27 06:00","2026","01","27","06:00","","-14.2","","-18.0","","73","","","","21","","27","","9.7","","99.11","","","","-25","","Snow"
"-79.63","43.68","TORONTO INTL A","6158731","2026-01-27 07:00","2026","01","27","07:00","","-14.4","","-17.9","","75","","","","22","","24","","12.9","","99.06","","","","-24","","Snow"
"-79.63","43.68","TORONTO INTL A","6158731","2026-01-27 08:00","2026","01","27","08:00","","-14.4","","-17.7","","76","","","","21","","23","","3.2","","99.01","","","","-24","","Snow"
"-79.63","43.68","TORONTO INTL A","6158731","2026-01-27 09:00","2026","01","27","09:00","","-14.0","","-17.6","","75","","","","21","","18","","3.2","","98.98","","","","-22","","Snow"
"-79.63","43.68","TORONTO INTL A","6158731","2026-01-27 10:00","2026","01","27","10:00","","-13.2","","-16.9","","74","","","","23","","16","","19.3","","98.94","","","","-21","","Mostly Cloudy"
"-79.63","43.68","TORONTO INTL A","6158731","2026-01-27 11:00","2026","01","27","11:00","","-12.1","","-16.9","","68","","","","25","","21","","19.3","","98.94","","","","-21","","NA"
"-79.63","43.68","TORONTO INTL A","6158731","2026-01-27 12:00","2026","01","27","12:00","","-11.3","","-16.2","","68","","","","25","","27","","8.1","","98.92","","","","-21","","NA"
"-79.63","43.68","TORONTO INTL A","6158731","2026-01-27 13:00","2026","01","27","13:00","","-10.8","","-15.6","","68","","","","25","","25","","8.1","","98.89","","","","-20","","Snow"
"-79.63","43.68","TORONTO INTL A","6158731","2026-01-27 14:00","2026","01","27","14:00","","-10.3","","-15.4","","66","","","","25","","22","","16.1","","98.87","","","","-19","","NA"
"-79.63","43.68","TORONTO INTL A","6158731","2026-01-27 15:00","2026","01","27","15:00","","-10.1","","-14.6","","69","","","","25","","22","","12.9","","98.90","","","","-18","","NA"
"-79.63","43.68","TORONTO INTL A","6158731","2026-01-27 16:00","2026","01","27","16:00","","-10.1","","-14.6","","70","","","","24","","18","","19.3","","98.98","","","","-18","","Cloudy"
"-79.63","43.68","TORONTO INTL A","6158731","2026-01-27 17:00","2026","01","27","17:00","","-9.4","","-14.6","","66","","","","25","","24","","19.3","","99.04","","","","-18","","NA"
"-79.63","43.68","TORONTO INTL A","6158731","2026-01-27 18:00","2026","01","27","18:00","","-10.3","","-14.6","","71","","","","25","","25","","24.1","","99.13","","","","-19","","NA"
"-79.63","43.68","TORONTO INTL A","6158731","2026-01-27 19:00","2026","01","27","19:00","","-10.3","","-13.8","","76","","","","24","","26","","19.3","","99.22","","","","-19","","Mostly Cloudy"
"-79.63","43.68","TORONTO INTL A","6158731","2026-01-27 20:00","2026","01","27","20:00","","-10.2","","-13.2","","79","","","","25","","28","","16.1","","99.31","","","","-19","","Snow"
"-79.63","43.68","TORONTO INTL A","6158731","2026-01-27 21:00","2026","01","27","21:00","","-9.9","","-12.9","","79","","","","25","","28","","19.3","","99.38","","","","-19","","NA"
"-79.63","43.68","TORONTO INTL A","6158731","2026-01-27 22:00","2026","01","27","22:00","","-9.4","","-12.5","","79","","","","26","","25","","19.3","","99.47","","","","-18","","Mostly Cloudy"
"-79.63","43.68","TORONTO INTL A","6158731","2026-01-27 23:00","2026","01","27","23:00","","-10.0","","-15.0","","67","","","","26","","30","","19.3","","99.54","","","","-20","","NA"
"-79.63","43.68","TORONTO INTL A","6158731","2026-01-28 00:00","2026","01","28","00:00","","-10.8","","-15.7","","68","","","","26","","32","","24.1","","99.57","","","","-21","","NA"
"-79.63","43.68","TORONTO INTL A","6158731","2026-01-28 01:00","2026","01","28","01:00","","-11.2","","-15.2","","72","","","","26","","31","","24.1","","99.60","","","","-21","","Mainly Clear"
"-79.63","43.68","TORONTO INTL A","6158731","2026-01-28 02:00","2026","01","28","02:00","","-11.2","","-15.6","","70","","","","26","","28","","24.1","","99.64","","","","-21","","NA"
"-79.63","43.68","TORONTO INTL A","6158731","2026-01-28 03:00","2026","01","28","03:00","","-10.9","","-15.5","","69","","","","26","","29","","24.1","","99.63","","","","-21","","NA"
"-79.63","43.68","TORONTO INTL A","6158731","2026-01-28 04:00","2026","01","28","04:00","","-11.6","","-15.8","","72","","","","26","","28","","24.1","","99.62","","","","-21","","Mostly Cloudy"
"-79.63","43.68","TORONTO INTL A","6158731","2026-01-28 05:00","2026","01","28","05:00","","-11.8","","-15.5","","74","","","","28","","16","","24.1","","99.63","","","","-19","","NA"
"-79.63","43.68","TORONTO INTL A","6158731","2026-01-28 06:00","2026","01","28","06:00","","-13.3","","-16.6","","76","","","","26","","19","","24.1","","99.59","","","","-22","","NA"
"-79.63","43.68","TORONTO INTL A","6158731","2026-01-28 07:00","2026","01","28","07:00","","-13.2","","-16.4","","77","","","","26","","23","","24.1","","99.60","","","","-23","","Mainly Clear"
"-79.63","43.68","TORONTO INTL A","6158731","2026-01-28 08:00","2026","01","28","08:00","","-13.5","","-16.5","","79","","","","27","","17","","24.1","","99.61","","","","-22","","NA"
"-79.63","43.68","TORONTO INTL A","6158731","2026-01-28 09:00","2026","01","28","09:00","","-12.5","","-16.1","","75","","","","25","","17","","24.1","","99.63","","","","-20","","NA"
"-79.63","43.68","TORONTO INTL A","6158731","2026-01-28 10:00","2026","01","28","10:00","","-10.5","","-15.3","","68","","","","25","","24","","24.1","","99.67","","","","-19","","Mostly Cloudy"
"-79.63","43.68","TORONTO INTL A","6158731","2026-01-28 11:00","2026","01","28","11:00","","-10.0","","-15.5","","65","","","","25","","24","","24.1","","99.66","","","","-19","","NA"
"-79.63","43.68","TORONTO INTL A","6158731","2026-01-28 12:00","2026","01","28","12:00","","-10.1","","-15.8","","63","","","","24","","17","","24.1","","99.57","","","","-17","","NA"
"-79.63","43.68","TORONTO INTL A","6158731","2026-01-28 13:00","2026","01","28","13:00","","-10.0","","-17.2","","56","","","","25","","27","","24.1","","99.51","","","","-19","","Cloudy"
"-79.63","43.68","TORONTO INTL A","6158731","2026-01-28 14:00","2026","01","28","14:00","","-9.8","","-17.0","","56","","","","25","","23","","24.1","","99.44","","","","-18","","NA"
"-79.63","43.68","TORONTO INTL A","6158731","2026-01-28 15:00","2026","01","28","15:00","","-9.8","","-16.8","","57","","","","26","","26","","24.1","","99.40","","","","-19","","NA"
"-79.63","43.68","TORONTO INTL A","6158731","2026-01-28 16:00","2026","01","28","16:00","","-10.1","","-17.5","","55","","","","24","","27","","24.1","","99.38","","","","-19","","Mostly Cloudy"
"-79.63","43.68","TORONTO INTL A","6158731","2026-01-28 17:00","2026","01","28","17:00","","-10.9","","-16.5","","64","","","","25","","20","","24.1","","99.38","","","","-19","","NA"
"-79.63","43.68","TORONTO INTL A","6158731","2026-01-28 18:00","2026","01","28","18:00","","-10.8","","-16.5","","64","","","","25","","11","","24.1","","99.44","","","","-17","","NA"
"-79.63","43.68","TORONTO INTL A","6158731","2026-01-28 19:00","2026","01","28","19:00","","-10.9","","-15.9","","67","","","","26","","15","","24.1","","99.47","","","","-18","","Mostly Cloudy"
"-79.63","43.68","TORONTO INTL A","6158731","2026-01-28 20:00","2026","01","28","20:00","","-11.3","","-16.2","","67","","","","24","","14","","24.1","","99.47","","","","-18","","NA"
"-79.63","43.68","TORONTO INTL A","6158731","2026-01-28 21:00","2026","01","28","21:00","","-11.8","","-16.1","","71","","","","24","","12","","24.1","","99.43","","","","-18","","NA"
"-79.63","43.68","TORONTO INTL A","6158731","2026-01-28 22:00","2026","01","28","22:00","","-11.8","","-15.7","","73","","","","24","","19","","24.1","","99.40","","","","-20","","Mostly Cloudy"
"-79.63","43.68","TORONTO INTL A","6158731","2026-01-28 23:00","2026","01","28","23:00","","-12.2","","-16.0","","74","","","","25","","22","","24.1","","99.40","","","","-21","","NA"
"-79.63","43.68","TORONTO INTL A","6158731","2026-01-29 00:00","2026","01","29","00:00","","-12.2","","-15.7","","76","","","","26","","20","","24.1","","99.41","","","","-21","","NA"
"-79.63","43.68","TORONTO INTL A","6158731","2026-01-29 01:00","2026","01","29","01:00","","-12.2","","-15.5","","77","","","","25","","19","","24.1","","99.39","","","","-20","","Mostly Cloudy"
"-79.63","43.68","TORONTO INTL A","6158731","2026-01-29 02:00","2026","01","29","02:00","","-12.0","","-15.2","","77","","","","25","","23","","24.1","","99.40","","","","-21","","NA"
"-79.63","43.68","TORONTO INTL A","6158731","2026-01-29 03:00","2026","01","29","03:00","","-12.2","","-15.4","","77","","","","29","","14","","24.1","","99.44","","","","-19","","NA"
"-79.63","43.68","TORONTO INTL A","6158731","2026-01-29 04:00","2026","01","29","04:00","","-13.9","","-17.0","","78","","","","28","","15","","24.1","","99.48","","","","-22","","Mainly Clear"
"-79.63","43.68","TORONTO INTL A","6158731","2026-01-29 05:00","2026","01","29","05:00","","-12.6","","-15.7","","78","","","","30","","18","","24.1","","99.55","","","","-21","","NA"
"-79.63","43.68","TORONTO INTL A","6158731","2026-01-29 06:00","2026","01","29","06:00","","-13.2","","-16.2","","78","","","","32","","20","","24.1","","99.61","","","","-22","","NA"
"-79.63","43.68","TORONTO INTL A","6158731","2026-01-29 07:00","2026","01","29","07:00","","-12.9","","-16.1","","77","","","","33","","26","","24.1","","99.71","","","","-23","","Mostly Cloudy"
"-79.63","43.68","TORONTO INTL A","6158731","2026-01-29 08:00","2026","01","29","08:00","","-13.4","","-16.5","","77","","","","35","","22","","24.1","","99.80","","","","-23","","NA"
"-79.63","43.68","TORONTO INTL A","6158731","2026-01-29 09:00","2026","01","29","09:00","","-13.2","","-17.0","","73","","","","34","","21","","24.1","","99.92","","","","-22","","NA"
"-79.63","43.68","TORONTO INTL A","6158731","2026-01-29 10:00","2026","01","29","10:00","","-12.5","","-17.3","","68","","","","32","","23","","24.1","","100.01","","","","-22","","Mainly Clear"
"-79.63","43.68","TORONTO INTL A","6158731","2026-01-29 11:00","2026","01","29","11:00","","-11.9","","-18.0","","61","","","","31","","20","","24.1","","100.07","","","","-20","","NA"
"-79.63","43.68","TORONTO INTL A","6158731","2026-01-29 12:00","2026","01","29","12:00","","-12.6","","-18.0","","65","","","","36","","28","","24.1","","100.08","","","","-23","","NA"
"-79.63","43.68","TORONTO INTL A","6158731","2026-01-29 13:00","2026","01","29","13:00","","-12.9","","-19.9","","56","","","","33","","22","","24.1","","100.11","","","","-22","","Mainly Clear"
"-79.63","43.68","TORONTO INTL A","6158731","2026-01-29 14:00","2026","01","29","14:00","","-12.8","","-19.3","","59","","","","32","","26","","24.1","","100.12","","","","-23","","NA"
"-79.63","43.68","TORONTO INTL A","6158731","2026-01-29 15:00","2026","01","29","15:00","","-13.1","","-19.8","","57","","","","36","","22","","24.1","","100.16","","","","-22","","NA"
"-79.63","43.68","TORONTO INTL A","6158731","2026-01-29 16:00","2026","01","29","16:00","","-13.3","","-20.1","","57","","","","34","","22","","24.1","","100.19","","","","-22","","Mainly Clear"
"-79.63","43.68","TORONTO INTL A","6158731","2026-01-29 17:00","2026","01","29","17:00","","-13.8","","-20.7","","57","","","","33","","17","","24.1","","100.25","","","","-22","","NA"
"-79.63","43.68","TORONTO INTL A","6158731","2026-01-29 18:00","2026","01","29","18:00","","-15.0","","-21.0","","61","","","","32","","17","","24.1","","100.31","","","","-23","","NA"
"-79.63","43.68","TORONTO INTL A","6158731","2026-01-29 19:00","2026","01","29","19:00","","-15.3","","-21.6","","59","","","","31","","19","","24.1","","100.37","","","","-24","","Clear"
"-79.63","43.68","TORONTO INTL A","6158731","2026-01-29 20:00","2026","01","29","20:00","","-15.4","","-21.8","","58","","","","29","","17","","24.1","","100.38","","","","-24","","NA"
"-79.63","43.68","TORONTO INTL A","6158731","2026-01-29 21:00","2026","01","29","21:00","","-16.4","","-22.1","","62","","","","31","","12","","24.1","","100.41","","","","-24","","NA"
"-79.63","43.68","TORONTO INTL A","6158731","2026-01-29 22:00","2026","01","29","22:00","","-18.0","","-22.3","","69","","","","2","","10","","24.1","","100.41","","","","-25","","Clear"
"-79.63","43.68","TORONTO INTL A","6158731","2026-01-29 23:00","2026","01","29","23:00","","-17.9","","-21.5","","74","","","","36","","14","","24.1","","100.44","","","","-26","","NA"
"-79.63","43.68","TORONTO INTL A","6158731","2026-01-30 00:00","2026","01","30","00:00","","-18.5","","-22.0","","74","","","","32","","15","","24.1","","100.47","","","","-27","","NA"
"-79.63","43.68","TORONTO INTL A","6158731","2026-01-30 01:00","2026","01","30","01:00","","-18.4","","-22.7","","70","","","","33","","15","","24.1","","100.46","","","","-27","","Mainly Clear"
"-79.63","43.68","TORONTO INTL A","6158731","2026-01-30 02:00","2026","01","30","02:00","","-18.8","","-22.7","","72","","","","31","","12","","24.1","","100.46","","","","-27","","NA"
"-79.63","43.68","TORONTO INTL A","6158731","2026-01-30 03:00","2026","01","30","03:00","","-19.2","","-23.2","","71","","","","31","","14","","24.1","","100.46","","","","-28","","NA"
"-79.63","43.68","TORONTO INTL A","6158731","2026-01-30 04:00","2026","01","30","04:00","","-19.9","","-24.1","","70","","","","32","","15","","24.1","","100.41","","","","-29","","Clear"
"-79.63","43.68","TORONTO INTL A","6158731","2026-01-30 05:00","2026","01","30","05:00","","-20.4","","-24.8","","68","","","","32","","16","","24.1","","100.43","","","","-30","","NA"
"-79.63","43.68","TORONTO INTL A","6158731","2026-01-30 06:00","2026","01","30","06:00","","-18.9","","-23.6","","67","","","","33","","17","","24.1","","100.40","","","","-28","","NA"
"-79.63","43.68","TORONTO INTL A","6158731","2026-01-30 07:00","2026","01","30","07:00","","-19.2","","-23.6","","68","","","","33","","13","","24.1","","100.42","","","","-27","","Mostly Cloudy"
"-79.63","43.68","TORONTO INTL A","6158731","2026-01-30 08:00","2026","01","30","08:00","","-18.3","","-22.7","","69","","","","","","0","","24.1","","100.44","","","","","","NA"
"-79.63","43.68","TORONTO INTL A","6158731","2026-01-30 09:00","2026","01","30","09:00","","-17.8","","-21.9","","71","","","","21","","3","","24.1","","100.46","","","","-20","","NA"
"-79.63","43.68","TORONTO INTL A","6158731","2026-01-30 10:00","2026","01","30","10:00","","-16.5","","-20.9","","69","","","","","","0","","24.1","","100.45","","","","","","Mostly Cloudy"
"-79.63","43.68","TORONTO INTL A","6158731","2026-01-30 11:00","2026","01","30","11:00","","-14.2","","-19.8","","63","","","","29","","22","","24.1","","100.47","","","","-24","","NA"
"-79.63","43.68","TORONTO INTL A","6158731","2026-01-30 12:00","2026","01","30","12:00","","-13.2","","-21.8","","49","","","","30","","22","","24.1","","100.42","","","","-22","","NA"
"-79.63","43.68","TORONTO INTL A","6158731","2026-01-30 13:00","2026","01","30","13:00","","-12.2","","-21.0","","48","","","","29","","22","","24.1","","100.33","","","","-21","","Mainly Clear"
"-79.63","43.68","TORONTO INTL A","6158731","2026-01-30 14:00","2026","01","30","14:00","","-11.2","","-19.8","","49","","","","30","","22","","24.1","","100.29","","","","-20","","NA"
"-79.63","43.68","TORONTO INTL A","6158731","2026-01-30 15:00","2026","01","30","15:00","","-10.5","","-18.5","","52","","","","30","","19","","24.1","","100.26","","","","-18","","NA"
"-79.63","43.68","TORONTO INTL A","6158731","2026-01-30 16:00","2026","01","30","16:00","","-10.3","","-17.6","","56","","","","31","","21","","24.1","","100.25","","","","-18","","Cloudy"
"-79.63","43.68","TORONTO INTL A","6158731","2026-01-30 17:00","2026","01","30","17:00","","-11.0","","-16.6","","64","","","","26","","21","","24.1","","100.26","","","","-19","","NA"
"-79.63","43.68","TORONTO INTL A","6158731","2026-01-30 18:00","2026","01","30","18:00","","-11.4","","-16.6","","66","","","","27","","22","","24.1","","100.27","","","","-20","","NA"
"-79.63","43.68","TORONTO INTL A","6158731","2026-01-30 19:00","2026","01","30","19:00","","-11.1","","-16.0","","68","","","","27","","17","","24.1","","100.28","","","","-19","","Mostly Cloudy"
"-79.63","43.68","TORONTO INTL A","6158731","2026-01-30 20:00","2026","01","30","20:00","","-11.1","","-16.0","","68","","","","28","","16","","24.1","","100.26","","","","-18","","NA"
"-79.63","43.68","TORONTO INTL A","6158731","2026-01-30 21:00","2026","01","30","21:00","","-10.8","","-15.7","","68","","","","29","","15","","24.1","","100.24","","","","-18","","NA"
"-79.63","43.68","TORONTO INTL A","6158731","2026-01-30 22:00","2026","01","30","22:00","","-12.5","","-16.6","","72","","","","36","","21","","24.1","","100.29","","","","-21","","Cloudy"
"-79.63","43.68","TORONTO INTL A","6158731","2026-01-30 23:00","2026","01","30","23:00","","-13.6","","-17.9","","71","","","","35","","20","","24.1","","100.32","","","","-22","","NA"
"-79.63","43.68","TORONTO INTL A","6158731","2026-01-31 00:00","2026","01","31","00:00","","-14.3","","-18.8","","69","","","","35","","23","","24.1","","100.31","","","","-24","","NA"
"-79.63","43.68","TORONTO INTL A","6158731","2026-01-31 01:00","2026","01","31","01:00","","-14.9","","-19.1","","71","","","","34","","20","","19.3","","100.33","","","","-24","","Cloudy"
"-79.63","43.68","TORONTO INTL A","6158731","2026-01-31 02:00","2026","01","31","02:00","","-15.3","","-19.2","","73","","","","1","","18","","24.1","","100.34","","","","-24","","NA"
"-79.63","43.68","TORONTO INTL A","6158731","2026-01-31 03:00","2026","01","31","03:00","","-15.3","","-19.4","","71","","","","34","","16","","24.1","","100.37","","","","-24","","NA"
"-79.63","43.68","TORONTO INTL A","6158731","2026-01-31 04:00","2026","01","31","04:00","","-15.4","","-19.7","","70","","","","35","","17","","24.1","","100.36","","","","-24","","Mostly Cloudy"
"-79.63","43.68","TORONTO INTL A","6158731","2026-01-31 05:00","2026","01","31","05:00","","-16.1","","-20.1","","72","","","","34","","20","","24.1","","100.37","","","","-26","","NA"
"-79.63","43.68","TORONTO INTL A","6158731","2026-01-31 06:00","2026","01","31","06:00","","-16.7","","-20.6","","72","","","","34","","20","","24.1","","100.37","","","","-26","","NA"
"-79.63","43.68","TORONTO INTL A","6158731","2026-01-31 07:00","2026","01","31","07:00","","-16.8","","-20.7","","72","","","","34","","20","","24.1","","100.38","","","","-26","","Mostly Cloudy"
"-79.63","43.68","TORONTO INTL A","6158731","2026-01-31 08:00","2026","01","31","08:00","","-16.7","","-20.4","","74","","","","34","","18","","24.1","","100.40","","","","-26","","NA"
"-79.63","43.68","TORONTO INTL A","6158731","2026-01-31 09:00","2026","01","31","09:00","","-16.1","","-20.0","","73","","","","34","","15","","24.1","","100.44","","","","-24","","NA"
"-79.63","43.68","TORONTO INTL A","6158731","2026-01-31 10:00","2026","01","31","10:00","","-14.9","","-19.5","","68","","","","36","","15","","24.1","","100.45","","","","-23","","Mainly Clear"
"-79.63","43.68","TORONTO INTL A","6158731","2026-01-31 11:00","2026","01","31","11:00","","-13.3","","-19.0","","63","","","","36","","6","","24.1","","100.46","","","","-17","","NA"
"-79.63","43.68","TORONTO INTL A","6158731","2026-01-31 12:00","2026","01","31","12:00","","-12.4","","-18.5","","61","","","","36","","11","","24.1","","100.41","","","","-18","","NA"
"-79.63","43.68","TORONTO INTL A","6158731","2026-01-31 13:00","2026","01","31","13:00","","-11.5","","-18.0","","59","","","","31","","16","","24.1","","100.35","","","","-19","","Mainly Clear"
"-79.63","43.68","TORONTO INTL A","6158731","2026-01-31 14:00","2026","01","31","14:00","","-10.8","","-17.0","","61","","","","33","","21","","24.1","","100.29","","","","-19","","NA"
"-79.63","43.68","TORONTO INTL A","6158731","2026-01-31 15:00","2026","01","31","15:00","","-10.2","","-16.6","","60","","","","34","","15","","24.1","","100.27","","","","-17","","NA"
"-79.63","43.68","TORONTO INTL A","6158731","2026-01-31 16:00","2026","01","31","16:00","","-9.9","","-16.1","","61","","","","35","","19","","24.1","","100.26","","","","-18","","Clear"
"-79.63","43.68","TORONTO INTL A","6158731","2026-01-31 17:00","2026","01","31","17:00","","-10.2","","-16.0","","63","","","","35","","17","","24.1","","100.28","","","","-17","","NA"
"-79.63","43.68","TORONTO INTL A","6158731","2026-01-31 18:00","2026","01","31","18:00","","-11.5","","-16.6","","66","","","","36","","23","","24.1","","100.32","","","","-20","","NA"
"-79.63","43.68","TORONTO INTL A","6158731","2026-01-31 19:00","2026","01","31","19:00","","-12.4","","-16.6","","71","","","","34","","23","","24.1","","100.36","","","","-21","","Mainly Clear"
"-79.63","43.68","TORONTO INTL A","6158731","2026-01-31 20:00","2026","01","31","20:00","","-12.1","","-15.6","","75","","","","35","","21","","24.1","","100.36","","","","-21","","NA"
"-79.63","43.68","TORONTO INTL A","6158731","2026-01-31 21:00","2026","01","31","21:00","","-12.2","","-15.6","","76","","","","34","","18","","24.1","","100.35","","","","-20","","NA"
"-79.63","43.68","TORONTO INTL A","6158731","2026-01-31 22:00","2026","01","31","22:00","","-12.2","","-15.8","","75","","","","34","","20","","24.1","","100.29","","","","-21","","Clear"
"-79.63","43.68","TORONTO INTL A","6158731","2026-01-31 23:00","2026","01","31","23:00","","-13.0","","-18.2","","66","","","","36","","17","","24.1","","100.26","","","","-21","","NA"
