"Longitude (x)","Latitude (y)","Station Name","Climate ID","Date/Time (LST)","Year","Month","Day","Time (LST)","Flag","Temp (°C)","Temp Flag","Dew Point Temp (°C)","Dew Point Temp Flag","Rel Hum (%)","Rel Hum Flag","Precip. Amount (mm)","Precip. Amount Flag","Wind Dir (10s deg)","Wind Dir Flag","Wind Spd (km/h)","Wind Spd Flag","Visibility (km)","Visibility Flag","Stn Press (kPa)","Stn Press Flag","Hmdx","Hmdx Flag","Wind Chill","Wind Chill Flag","Weather"
"-79.63","43.68","TORONTO INTL A","6158731","2026-02-01 00:00","2026","02","01","00:00","","-12.8","","-18.7","","62","","","","36","","27","","24.1","","100.21","","","","-23","","NA"
"-79.63","43.68","TORONTO INTL A","6158731","2026-02-01 01:00","2026","02","01","01:00","","-13.8","","-19.1","","65","","","","35","","18","","24.1","","100.17","","","","-22","","Clear"
"-79.63","43.68","TORONTO INTL A","6158731","2026-02-01 02:00","2026","02","01","02:00","","-14.4","","-19.6","","65","","","","34","","19","","24.1","","100.15","","","","-23","","NA"
"-79.63","43.68","TORONTO INTL A","6158731","2026-02-01 03:00","2026","02","01","03:00","","-14.7","","-19.9","","65","","","","34","","22","","24.1","","100.15","","","","-24","","NA"
"-79.63","43.68","TORONTO INTL A","6158731","2026-02-01 04:00","2026","02","01","04:00","","-15.1","","-20.2","","65","","","","34","","17","","24.1","","100.16","","","","-24","","Clear"
"-79.63","43.68","TORONTO INTL A","6158731","2026-02-01 05:00","2026","02","01","05:00","","-15.0","","-20.0","","66","","","","34","","18","","24.1","","100.15","","","","-24","","NA"
"-79.63","43.68","TORONTO INTL A","6158731","2026-02-01 06:00","2026","02","01","06:00","","-15.0","","-20.0","","66","","","","34","","24","","24.1","","100.11","","","","-25","","NA"
"-79.63","43.68","TORONTO INTL A","6158731","2026-02-01 07:00","2026","02","01","07:00","","-15.4","","-20.2","","68","","","","33","","22","","24.1","","100.09","","","","-25","","Clear"
"-79.63","43.68","TORONTO INTL A","6158731","2026-02-01 08:00","2026","02","01","08:00","","-15.7","","-20.2","","68","","","","34","","17","","24.1","","100.06","","","","-24","","NA"
"-79.63","43.68","TORONTO INTL A","6158731","2026-02-01 09:00","2026","02","01","09:00","","-14.5","","-20.1","","63","","","","36","","19","","24.1","","100.10","","","","-23","","NA"
"-79.63","43.68","TORONTO INTL A","6158731","2026-02-01 10:00","2026","02","01","10:00","","-13.1","","-19.8","","58","","","","2","","15","","24.1","","100.12","","","","-21","","Clear"
"-79.63","43.68","TORONTO INTL A","6158731","2026-02-01 11:00","2026","02","01","11:00","","-11.5","","-19.3","","53","","","","35","","22","","24.1","","100.12","","","","-20","","NA"
"-79.63","43.68","TORONTO INTL A","6158731","2026-02-01 12:00","2026","02","01","12:00","","-9.3","","-20.0","","42","","","","35","","23","","24.1","","100.06","","","","-18","","NA"
"-79.63","43.68","TORONTO INTL A","6158731","2026-02-01 13:00","2026","02","01","13:00","","-7.2","","-19.9","","36","","","","35","","21","","24.1","","99.99","","","","-15","","Clear"
"-79.63","43.68","TORONTO INTL A","6158731","2026-02-01 14:00","2026","02","01","14:00","","-5.7","","-18.7","","36","","","","35","","24","","24.1","","99.91","","","","-13","","NA"
"-79.63","43.68","TORONTO INTL A","6158731","2026-02-01 15:00","2026","02","01","15:00","","-5.5","","-18.4","","36","","","","33","","30","","24.1","","99.88","","","","-14","","NA"
"-79.63","43.68","TORONTO INTL A","6158731","2026-02-01 16:00","2026","02","01","16:00","","-5.6","","-17.6","","39","","","","34","","23","","24.1","","99.89","","","","-13","","Clear"
"-79.63","43.68","TORONTO INTL A","6158731","2026-02-01 17:00","2026","02","01","17:00","","-6.0","","-19.2","","35","","","","34","","23","","24.1","","99.89","","","","-13","","NA"
"-79.63","43.68","TORONTO INTL A","6158731","2026-02-01 18:00","2026","02","01","18:00","","-7.0","","-16.4","","48","","","","34","","26","","24.1","","99.93","","","","-15","","NA"
"-79.63","43.68","TORONTO INTL A","6158731","2026-02-01 19:00","2026","02","01","19:00","","-8.1","","-17.6","","47","","","","35","","18","","24.1","","99.98","","","","-15","","Clear"
"-79.63","43.68","TORONTO INTL A","6158731","2026-02-01 20:00","2026","02","01","20:00","","-9.5","","-18.1","","50","","","","32","","16","","24.1","","99.97","","","","-16","","NA"
"-79.63","43.68","TORONTO INTL A","6158731","2026-02-01 21:00","2026","02","01","21:00","","-10.3","","-18.4","","52","","","","31","","15","","24.1","","99.97","","","","-17","","NA"
"-79.63","43.68","TORONTO INTL A","6158731","2026-02-01 22:00","2026","02","01","22:00","","-11.5","","-17.7","","60","","","","31","","17","","24.1","","99.97","","","","-19","","Clear"
"-79.63","43.68","TORONTO INTL A","6158731","2026-02-01 23:00","2026","02","01","23:00","","-11.5","","-16.9","","65","","","","32","","15","","24.1","","99.96","","","","-19","","NA"
"-79.63","43.68","TORONTO INTL A","6158731","2026-02-02 00:00","2026","02","02","00:00","","-12.6","","-17.4","","68","","","","31","","17","","24.1","","99.96","","","","-20","","NA"
"-79.63","43.68","TORONTO INTL A","6158731","2026-02-02 01:00","2026","02","02","01:00","","-12.4","","-17.4","","67","","","","30","","13","","24.1","","99.97","","","","-19","","Clear"
"-79.63","43.68","TORONTO INTL A","6158731","2026-02-02 02:00","2026","02","02","02:00","","-12.9","","-16.0","","78","","","","28","","9","","24.1","","99.99","","","","-18","","NA"
"-79.63","43.68","TORONTO INTL A","6158731","2026-02-02 03:00","2026","02","02","03:00","","-12.3","","-14.9","","81","","","","28","","8","","24.1","","99.98","","","","-17","","NA"
"-79.63","43.68","TORONTO INTL A","6158731","2026-02-02 04:00","2026","02","02","04:00","","-14.1","","-16.2","","85","","","","25","","9","","24.1","","99.99","","","","-20","","Clear"
"-79.63","43.68","TORONTO INTL A","6158731","2026-02-02 05:00","2026","02","02","05:00","","-15.5","","-17.2","","87","","","","26","","12","","24.1","","99.98","","","","-23","","NA"
"-79.63","43.68","TORONTO INTL A","6158731","2026-02-02 06:00","2026","02","02","06:00","","-14.2","","-15.9","","87","","","","26","","12","","19.3","","99.97","","","","-21","","NA"
"-79.63","43.68","TORONTO INTL A","6158731","2026-02-02 07:00","2026","02","02","07:00","","-12.5","","-14.2","","87","","","","28","","9","","16.1","","99.99","","","","-18","","Mainly Clear"
"-79.63","43.68","TORONTO INTL A","6158731","2026-02-02 08:00","2026","02","02","08:00","","-12.3","","-13.9","","88","","","","26","","5","","16.1","","100.01","","","","-16","","NA"
"-79.63","43.68","TORONTO INTL A","6158731","2026-02-02 09:00","2026","02","02","09:00","","-11.0","","-12.6","","88","","","","24","","5","","24.1","","100.02","","","","-14","","NA"
"-79.63","43.68","TORONTO INTL A","6158731","2026-02-02 10:00","2026","02","02","10:00","","-9.9","","-11.8","","86","","","","","","0","","24.1","","100.00","","","","","","Mainly Clear"
"-79.63","43.68","TORONTO INTL A","6158731","2026-02-02 11:00","2026","02","02","11:00","","-7.8","","-12.2","","71","","","","16","","7","","24.1","","99.98","","","","-11","","NA"
"-79.63","43.68","TORONTO INTL A","6158731","2026-02-02 12:00","2026","02","02","12:00","","-6.1","","-12.3","","62","","","","21","","6","","24.1","","99.93","","","","-9","","NA"
"-79.63","43.68","TORONTO INTL A","6158731","2026-02-02 13:00","2026","02","02","13:00","","-5.0","","-13.6","","51","","","","20","","8","","24.1","","99.86","","","","-9","","Mainly Clear"
"-79.63","43.68","TORONTO INTL A","6158731","2026-02-02 14:00","2026","02","02","14:00","","-4.9","","-11.3","","61","","","","13","","13","","24.1","","99.78","","","","-10","","NA"
"-79.63","43.68","TORONTO INTL A","6158731","2026-02-02 15:00","2026","02","02","15:00","","-4.9","","-10.1","","67","","","","15","","14","","16.1","","99.73","","","","-10","","NA"
"-79.63","43.68","TORONTO INTL A","6158731","2026-02-02 16:00","2026","02","02","16:00","","-4.7","","-9.5","","69","","","","15","","13","","16.1","","99.72","","","","-10","","Mostly Cloudy"
"-79.63","43.68","TORONTO INTL A","6158731","2026-02-02 17:00","2026","02","02","17:00","","-5.0","","-11.6","","60","","","","22","","16","","16.1","","99.74","","","","-11","","NA"
"-79.63","43.68","TORONTO INTL A","6158731","2026-02-02 18:00","2026","02","02","18:00","","-5.6","","-11.5","","63","","","","20","","10","","16.1","","99.75","","","","-10","","NA"
"-79.63","43.68","TORONTO INTL A","6158731","2026-02-02 19:00","2026","02","02","19:00","","-6.0","","-10.6","","70","","","","18","","8","","24.1","","99.76","","","","-10","","Mostly Cloudy"
"-79.63","43.68","TORONTO INTL A","6158731","2026-02-02 20:00","2026","02","02","20:00","","-6.1","","-10.4","","71","","","","22","","10","","16.1","","99.76","","","","-11","","Snow"
"-79.63","43.68","TORONTO INTL A","6158731","2026-02-02 21:00","2026","02","02","21:00","","-5.9","","-9.5","","76","","","","22","","19","","16.1","","99.76","","","","-13","","Snow"
"-79.63","43.68","TORONTO INTL A","6158731","2026-02-02 22:00","2026","02","02","22:00","","-5.9","","-8.8","","80","","","","22","","13","","9.7","","99.74","","","","-11","","Snow"
"-79.63","43.68","TORONTO INTL A","6158731","2026-02-02 23:00","2026","02","02","23:00","","-5.8","","-8.4","","82","","","","21","","10","","9.7","","99.72","","","","-10","","Snow"
"-79.63","43.68","TORONTO INTL A","6158731","2026-02-03 00:00","2026","02","03","00:00","","-5.8","","-8.0","","84","","","","22","","9","","9.7","","99.72","","","","-10","","Snow"
"-79.63","43.68","TORONTO INTL A","6158731","2026-02-03 01:00","2026","02","03","01:00","","-5.6","","-8.4","","81","","","","24","","13","","9.7","","99.72","","","","-11","","Snow"
"-79.63","43.68","TORONTO INTL A","6158731","2026-02-03 02:00","2026","02","03","02:00","","-5.7","","-8.5","","81","","","","24","","13","","16.1","","99.72","","","","-11","","Snow"
"-79.63","43.68","TORONTO INTL A","6158731","2026-02-03 03:00","2026","02","03","03:00","","-5.7","","-8.6","","80","","","","23","","12","","16.1","","99.74","","","","-11","","Snow"
"-79.63","43.68","TORONTO INTL A","6158731","2026-02-03 04:00","2026","02","03","04:00","","-5.6","","-8.4","","81","","","","22","","10","","16.1","","99.72","","","","-10","","Snow"
"-79.63","43.68","TORONTO INTL A","6158731","2026-02-03 05:00","2026","02","03","05:00","","-5.2","","-8.0","","81","","","","20","","8","","16.1","","99.69","","","","-9","","Snow"
"-79.63","43.68","TORONTO INTL A","6158731","2026-02-03 06:00","2026","02","03","06:00","","-4.9","","-7.5","","82","","","","21","","10","","16.1","","99.67","","","","-9","","NA"
"-79.63","43.68","TORONTO INTL A","6158731","2026-02-03 07:00","2026","02","03","07:00","","-4.8","","-7.3","","83","","","","24","","8","","16.1","","99.67","","","","-8","","Cloudy"
"-79.63","43.68","TORONTO INTL A","6158731","2026-02-03 08:00","2026","02","03","08:00","","-4.6","","-7.1","","83","","","","25","","15","","16.1","","99.68","","","","-10","","NA"
"-79.63","43.68","TORONTO INTL A","6158731","2026-02-03 09:00","2026","02","03","09:00","","-4.2","","-6.7","","83","","","","25","","17","","12.9","","99.68","","","","-10","","NA"
"-79.63","43.68","TORONTO INTL A","6158731","2026-02-03 10:00","2026","02","03","10:00","","-3.5","","-6.4","","81","","","","25","","22","","16.1","","99.69","","","","-10","","Cloudy"
"-79.63","43.68","TORONTO INTL A","6158731","2026-02-03 11:00","2026","02","03","11:00","","-3.0","","-6.7","","76","","","","25","","26","","24.1","","99.68","","","","-10","","NA"
"-79.63","43.68","TORONTO INTL A","6158731","2026-02-03 12:00","2026","02","03","12:00","","-3.3","","-6.7","","77","","","","25","","32","","1.2","","99.67","","","","-11","","Snow Showers"
"-79.63","43.68","TORONTO INTL A","6158731","2026-02-03 13:00","2026","02","03","13:00","","-4.5","","-9.2","","70","","","","30","","30","","24.1","","99.73","","","","-12","","Cloudy"
"-79.63","43.68","TORONTO INTL A","6158731","2026-02-03 14:00","2026","02","03","14:00","","-4.8","","-11.2","","61","","","","29","","30","","24.1","","99.75","","","","-13","","NA"
"-79.63","43.68","TORONTO INTL A","6158731","2026-02-03 15:00","2026","02","03","15:00","","-5.0","","-12.3","","57","","","","28","","29","","24.1","","99.78","","","","-13","","NA"
"-79.63","43.68","TORONTO INTL A","6158731","2026-02-03 16:00","2026","02","03","16:00","","-5.6","","-12.8","","57","","","","28","","37","","24.1","","99.85","","","","-15","","Mostly Cloudy"
"-79.63","43.68","TORONTO INTL A","6158731","2026-02-03 17:00","2026","02","03","17:00","","-5.9","","-12.9","","58","","","","29","","27","","24.1","","99.92","","","","-14","","NA"
"-79.63","43.68","TORONTO INTL A","6158731","2026-02-03 18:00","2026","02","03","18:00","","-6.6","","-12.5","","63","","","","29","","22","","24.1","","99.97","","","","-14","","NA"
"-79.63","43.68","TORONTO INTL A","6158731","2026-02-03 19:00","2026","02","03","19:00","","-6.5","","-11.9","","66","","","","30","","26","","24.1","","100.01","","","","-14","","Mostly Cloudy"
"-79.63","43.68","TORONTO INTL A","6158731","2026-02-03 20:00","2026","02","03","20:00","","-6.6","","-11.7","","67","","","","29","","18","","24.1","","100.02","","","","-13","","NA"
"-79.63","43.68","TORONTO INTL A","6158731","2026-02-03 21:00","2026","02","03","21:00","","-7.3","","-12.1","","69","","","","29","","23","","24.1","","100.01","","","","-15","","NA"
"-79.63","43.68","TORONTO INTL A","6158731","2026-02-03 22:00","2026","02","03","22:00","","-8.1","","-12.0","","74","","","","31","","20","","24.1","","100.06","","","","-15","","Snow"
"-79.63","43.68","TORONTO INTL A","6158731","2026-02-03 23:00","2026","02","03","23:00","","-9.6","","-13.5","","74","","","","34","","18","","24.1","","100.11","","","","-17","","NA"
"-79.63","43.68","TORONTO INTL A","6158731","2026-02-04 00:00","2026","02","04","00:00","","-10.7","","-13.8","","78","","","","32","","16","","24.1","","100.16","","","","-18","","NA"
"-79.63","43.68","TORONTO INTL A","6158731","2026-02-04 01:00","2026","02","04","01:00","","-11.1","","-13.9","","80","","","","31","","12","","24.1","","100.20","","","","-17","","Clear"
"-79.63","43.68","TORONTO INTL A","6158731","2026-02-04 02:00","2026","02","04","02:00","","-12.8","","-16.0","","77","","","","32","","16","","24.1","","100.24","","","","-20","","NA"
"-79.63","43.68","TORONTO INTL A","6158731","2026-02-04 03:00","2026","02","04","03:00","","-13.5","","-16.1","","81","","","","27","","10","","24.1","","100.31","","","","-19","","NA"
"-79.63","43.68","TORONTO INTL A","6158731","2026-02-04 04:00","2026","02","04","04:00","","-14.2","","-16.9","","80","","","","30","","10","","24.1","","100.32","","","","-20","","Clear"
"-79.63","43.68","TORONTO INTL A","6158731","2026-02-04 05:00","2026","02","04","05:00","","-13.8","","-16.1","","83","","","","27","","8","","24.1","","100.37","","","","-19","","NA"
"-79.63","43.68","TORONTO INTL A","6158731","2026-02-04 06:00","2026","02","04","06:00","","-14.1","","-16.4","","83","","","","25","","7","","24.1","","100.41","","","","-19","","NA"
"-79.63","43.68","TORONTO INTL A","6158731","2026-02-04 07:00","2026","02","04","07:00","","-12.8","","-15.2","","82","","","","29","","6","","24.1","","100.42","","","","-17","","Clear"
"-79.63","43.68","TORONTO INTL A","6158731","2026-02-04 08:00","2026","02","04","08:00","","-13.8","","-16.0","","84","","","","28","","5","","24.1","","100.49","","","","-17","","NA"
"-79.63","43.68","TORONTO INTL A","6158731","2026-02-04 09:00","2026","02","04","09:00","","-12.0","","-15.1","","78","","","","33","","8","","24.1","","100.56","","","","-17","","NA"
"-79.63","43.68","TORONTO INTL A","6158731","2026-02-04 10:00","2026","02","04","10:00","","-10.7","","-14.4","","74","","","","33","","15","","24.1","","100.58","","","","-18","","Clear"
"-79.63","43.68","TORONTO INTL A","6158731","2026-02-04 11:00","2026","02","04","11:00","","-9.3","","-13.6","","71","","","","35","","14","","24.1","","100.61","","","","-16","","NA"
"-79.63","43.68","TORONTO INTL A","6158731","2026-02-04 12:00","2026","02","04","12:00","","-7.9","","-12.8","","68","","","","31","","12","","24.1","","100.58","","","","-13","","NA"
"-79.63","43.68","TORONTO INTL A","6158731","2026-02-04 13:00","2026","02","04","13:00","","-6.4","","-12.5","","62","","","","34","","15","","24.1","","100.51","","","","-12","","Clear"
"-79.63","43.68","TORONTO INTL A","6158731","2026-02-04 14:00","2026","02","04","14:00","","-5.5","","-12.6","","58","","","","30","","5","","24.1","","100.46","","","","-8","","NA"
"-79.63","43.68","TORONTO INTL A","6158731","2026-02-04 15:00","2026","02","04","15:00","","-5.2","","-12.8","","55","","","","6","","3","","24.1","","100.43","","","","-7","","NA"
"-79.63","43.68","TORONTO INTL A","6158731","2026-02-04 16:00","2026","02","04","16:00","","-4.8","","-12.3","","56","","","","","","0","","24.1","","100.39","","","","","","Clear"
"-79.63","43.68","TORONTO INTL A","6158731","2026-02-04 17:00","2026","02","04","17:00","","-5.1","","-10.9","","64","","","","15","","7","","24.1","","100.38","","","","-8","","NA"
"-79.63","43.68","TORONTO INTL A","6158731","2026-02-04 18:00","2026","02","04","18:00","","-6.1","","-12.8","","59","","","","35","","9","","24.1","","100.39","","","","-10","","NA"
"-79.63","43.68","TORONTO INTL A","6158731","2026-02-04 19:00","2026","02","04","19:00","","-7.3","","-13.2","","63","","","","35","","17","","24.1","","100.44","","","","-14","","Clear"
"-79.63","43.68","TORONTO INTL A","6158731","2026-02-04 20:00","2026","02","04","20:00","","-8.7","","-13.5","","69","","","","36","","8","","24.1","","100.44","","","","-13","","NA"
"-79.63","43.68","TORONTO INTL A","6158731","2026-02-04 21:00","2026","02","04","21:00","","-10.3","","-14.5","","71","","","","27","","10","","24.1","","100.41","","","","-16","","NA"
"-79.63","43.68","TORONTO INTL A","6158731","2026-02-04 22:00","2026","02","04","22:00","","-9.9","","-13.5","","75","","","","26","","10","","24.1","","100.36","","","","-15","","Mostly Cloudy"
"-79.63","43.68","TORONTO INTL A","6158731","2026-02-04 23:00","2026","02","04","23:00","","-10.9","","-14.1","","78","","","","27","","14","","24.1","","100.27","","","","-18","","NA"
"-79.63","43.68","TORONTO INTL A","6158731","2026-02-05 00:00","2026","02","05","00:00","","-11.1","","-13.6","","82","","","","27","","15","","24.1","","100.24","","","","-18","","NA"
"-79.63","43.68","TORONTO INTL A","6158731","2026-02-05 01:00","2026","02","05","01:00","","-10.8","","-13.5","","81","","","","30","","12","","24.1","","100.23","","","","-17","","Mainly Clear"
"-79.63","43.68","TORONTO INTL A","6158731","2026-02-05 02:00","2026","02","05","02:00","","-11.7","","-14.9","","77","","","","30","","10","","24.1","","100.21","","","","-17","","NA"
"-79.63","43.68","TORONTO INTL A","6158731","2026-02-05 03:00","2026","02","05","03:00","","-12.3","","-15.5","","77","","","","31","","11","","24.1","","100.17","","","","-18","","NA"
"-79.63","43.68","TORONTO INTL A","6158731","2026-02-05 04:00","2026","02","05","04:00","","-13.8","","-16.5","","81","","","","26","","7","","24.1","","100.14","","","","-18","","Clear"
"-79.63","43.68","TORONTO INTL A","6158731","2026-02-05 05:00","2026","02","05","05:00","","-12.3","","-15.3","","78","","","","23","","10","","24.1","","100.11","","","","-18","","NA"
"-79.63","43.68","TORONTO INTL A","6158731","2026-02-05 06:00","2026","02","05","06:00","","-12.7","","-15.6","","79","","","","26","","8","","24.1","","100.07","","","","-18","","NA"
"-79.63","43.68","TORONTO INTL A","6158731","2026-02-05 07:00","2026","02","05","07:00","","-10.8","","-13.7","","79","","","","19","","6","","24.1","","100.02","","","","-14","","Mostly Cloudy"
"-79.63","43.68","TORONTO INTL A","6158731","2026-02-05 08:00","2026","02","05","08:00","","-9.9","","-13.1","","77","","","","24","","4","","24.1","","100.00","","","","-12","","NA"
"-79.63","43.68","TORONTO INTL A","6158731","2026-02-05 09:00","2026","02","05","09:00","","-8.8","","-11.8","","79","","","","23","","7","","9.7","","99.96","","","","-13","","Snow"
"-79.63","43.68","TORONTO INTL A","6158731","2026-02-05 10:00","2026","02","05","10:00","","-7.6","","-11.2","","76","","","","25","","5","","24.1","","99.91","","","","-10","","Cloudy"
"-79.63","43.68","TORONTO INTL A","6158731","2026-02-05 11:00","2026","02","05","11:00","","-6.5","","-10.3","","74","","","","26","","4","","12.9","","99.88","","","","-8","","Snow"
"-79.63","43.68","TORONTO INTL A","6158731","2026-02-05 12:00","2026","02","05","12:00","","-5.4","","-10.5","","67","","","","24","","10","","24.1","","99.78","","","","-10","","NA"
"-79.63","43.68","TORONTO INTL A","6158731","2026-02-05 13:00","2026","02","05","13:00","","-5.4","","-10.8","","66","","","","19","","8","","24.1","","99.70","","","","-9","","Mostly Cloudy"
"-79.63","43.68","TORONTO INTL A","6158731","2026-02-05 14:00","2026","02","05","14:00","","-5.1","","-10.3","","67","","","","24","","17","","24.1","","99.59","","","","-11","","NA"
"-79.63","43.68","TORONTO INTL A","6158731","2026-02-05 15:00","2026","02","05","15:00","","-5.1","","-10.7","","65","","","","20","","15","","24.1","","99.51","","","","-11","","NA"
"-79.63","43.68","TORONTO INTL A","6158731","2026-02-05 16:00","2026","02","05","16:00","","-4.9","","-10.8","","64","","","","22","","12","","24.1","","99.44","","","","-10","","Mostly Cloudy"
"-79.63","43.68","TORONTO INTL A","6158731","2026-02-05 17:00","2026","02","05","17:00","","-5.4","","-11.7","","61","","","","21","","18","","24.1","","99.36","","","","-12","","NA"
"-79.63","43.68","TORONTO INTL A","6158731","2026-02-05 18:00","2026","02","05","18:00","","-6.0","","-11.9","","64","","","","18","","12","","24.1","","99.30","","","","-11","","NA"
"-79.63","43.68","TORONTO INTL A","6158731","2026-02-05 19:00","2026","02","05","19:00","","-6.6","","-11.8","","67","","","","21","","10","","24.1","","99.27","","","","-11","","Mainly Clear"
"-79.63","43.68","TORONTO INTL A","6158731","2026-02-05 20:00","2026","02","05","20:00","","-7.8","","-12.7","","68","","","","21","","13","","24.1","","99.23","","","","-14","","NA"
"-79.63","43.68","TORONTO INTL A","6158731","2026-02-05 21:00","2026","02","05","21:00","","-7.9","","-12.7","","69","","","","19","","16","","24.1","","99.16","","","","-14","","NA"
"-79.63","43.68","TORONTO INTL A","6158731","2026-02-05 22:00","2026","02","05","22:00","","-8.6","","-12.8","","72","","","","22","","14","","24.1","","99.14","","","","-15","","Cloudy"
"-79.63","43.68","TORONTO INTL A","6158731","2026-02-05 23:00","2026","02","05","23:00","","-8.8","","-12.2","","77","","","","20","","10","","9.7","","99.07","","","","-14","","Snow"
"-79.63","43.68","TORONTO INTL A","6158731","2026-02-06 00:00","2026","02","06","00:00","","-8.9","","-11.9","","79","","","","21","","9","","19.3","","98.95","","","","-14","","NA"
"-79.63","43.68","TORONTO INTL A","6158731","2026-02-06 01:00","2026","02","06","01:00","","-8.7","","-11.8","","78","","","","18","","11","","19.3","","98.86","","","","-14","","Snow"
"-79.63","43.68","TORONTO INTL A","6158731","2026-02-06 02:00","2026","02","06","02:00","","-8.5","","-11.7","","78","","","","19","","11","","19.3","","98.79","","","","-14","","Snow"
"-79.63","43.68","TORONTO INTL A","6158731","2026-02-06 03:00","2026","02","06","03:00","","-8.4","","-11.4","","79","","","","18","","11","","16.1","","98.68","","","","-14","","Snow"
"-79.63","43.68","TORONTO INTL A","6158731","2026-02-06 04:00","2026","02","06","04:00","","-8.4","","-10.7","","84","","","","17","","13","","4.8","","98.55","","","","-14","","Snow"
"-79.63","43.68","TORONTO INTL A","6158731","2026-02-06 05:00","2026","02","06","05:00","","-7.9","","-10.0","","85","","","","19","","11","","6.4","","98.46","","","","-13","","Snow"
"-79.63","43.68","TORONTO INTL A","6158731","2026-02-06 06:00","2026","02","06","06:00","","-7.8","","-10.1","","84","","","","18","","12","","4.0","","98.38","","","","-13","","Snow"
"-79.63","43.68","TORONTO INTL A","6158731","2026-02-06 07:00","2026","02","06","07:00","","-7.8","","-9.7","","86","","","","20","","8","","4.0","","98.33","","","","-12","","Snow"
"-79.63","43.68","TORONTO INTL A","6158731","2026-02-06 08:00","2026","02","06","08:00","","-7.8","","-9.7","","86","","","","20","","9","","1.2","","98.32","","","","-12","","Snow"
"-79.63","43.68","TORONTO INTL A","6158731","2026-02-06 09:00","2026","02","06","09:00","","-7.5","","-9.5","","86","","","","19","","10","","1.2","","98.27","","","","-12","","Snow"
"-79.63","43.68","TORONTO INTL A","6158731","2026-02-06 10:00","2026","02","06","10:00","","-6.7","","-9.2","","82","","","","20","","10","","1.6","","98.22","","","","-11","","Snow"
"-79.63","43.68","TORONTO INTL A","6158731","2026-02-06 11:00","2026","02","06","11:00","","-6.0","","-9.2","","78","","","","23","","14","","4.8","","98.17","","","","-12","","Snow"
"-79.63","43.68","TORONTO INTL A","6158731","2026-02-06 12:00","2026","02","06","12:00","","-5.1","","-8.7","","76","","","","22","","13","","9.7","","98.10","","","","-10","","Snow"
"-79.63","43.68","TORONTO INTL A","6158731","2026-02-06 13:00","2026","02","06","13:00","","-4.0","","-7.8","","75","","","","24","","14","","12.9","","98.01","","","","-9","","Snow"
"-79.63","43.68","TORONTO INTL A","6158731","2026-02-06 14:00","2026","02","06","14:00","","-3.4","","-7.4","","74","","","","25","","12","","12.9","","97.97","","","","-8","","Snow"
"-79.63","43.68","TORONTO INTL A","6158731","2026-02-06 15:00","2026","02","06","15:00","","-3.0","","-7.1","","74","","","","26","","18","","3.2","","97.97","","","","-9","","Snow"
"-79.63","43.68","TORONTO INTL A","6158731","2026-02-06 16:00","2026","02","06","16:00","","-3.3","","-6.4","","79","","","","25","","21","","6.4","","97.96","","","","-10","","Snow"
"-79.63","43.68","TORONTO INTL A","6158731","2026-02-06 17:00","2026","02","06","17:00","","-2.8","","-5.8","","80","","","","27","","20","","9.7","","97.95","","","","-9","","Snow"
"-79.63","43.68","TORONTO INTL A","6158731","2026-02-06 18:00","2026","02","06","18:00","","-2.8","","-5.3","","82","","","","24","","20","","12.9","","97.96","","","","-9","","Snow"
"-79.63","43.68","TORONTO INTL A","6158731","2026-02-06 19:00","2026","02","06","19:00","","-4.5","","-8.5","","74","","","","34","","49","","9.7","","98.16","","","","-14","","Blowing Snow"
"-79.63","43.68","TORONTO INTL A","6158731","2026-02-06 20:00","2026","02","06","20:00","","-6.1","","-10.3","","73","","","","34","","38","","16.1","","98.30","","","","-15","","NA"
"-79.63","43.68","TORONTO INTL A","6158731","2026-02-06 21:00","2026","02","06","21:00","","-8.5","","-13.4","","68","","","","35","","43","","16.1","","98.43","","","","-19","","NA"
"-79.63","43.68","TORONTO INTL A","6158731","2026-02-06 22:00","2026","02","06","22:00","","-10.5","","-16.0","","64","","","","33","","40","","24.1","","98.59","","","","-21","","Mainly Clear"
"-79.63","43.68","TORONTO INTL A","6158731","2026-02-06 23:00","2026","02","06","23:00","","-12.1","","-16.5","","70","","","","34","","40","","4.0","","98.71","","","","-24","","Snow Showers,Blowing Snow"
"-79.63","43.68","TORONTO INTL A","6158731","2026-02-07 00:00","2026","02","07","00:00","","-15.4","","-20.7","","65","","","","33","","50","","9.7","","98.94","","","","-29","","Blowing Snow"
"-79.63","43.68","TORONTO INTL A","6158731","2026-02-07 01:00","2026","02","07","01:00","","-17.0","","-20.6","","74","","","","33","","48","","1.6","","99.10","","","","-31","","Snow Showers,Blowing Snow"
"-79.63","43.68","TORONTO INTL A","6158731","2026-02-07 02:00","2026","02","07","02:00","","-18.0","","-22.5","","68","","","","35","","41","","9.7","","99.29","","","","-32","","Blowing Snow"
"-79.63","43.68","TORONTO INTL A","6158731","2026-02-07 03:00","2026","02","07","03:00","","-18.7","","-23.2","","68","","","","34","","32","","9.7","","99.42","","","","-31","","Blowing Snow"
"-79.63","43.68","TORONTO INTL A","6158731","2026-02-07 04:00","2026","02","07","04:00","","-19.0","","-23.2","","70","","","","34","","30","","9.7","","99.54","","","","-31","","Blowing Snow"
"-79.63","43.68","TORONTO INTL A","6158731","2026-02-07 05:00","2026","02","07","05:00","","-19.6","","-24.3","","67","","","","34","","38","","9.7","","99.65","","","","-33","","Blowing Snow"
"-79.63","43.68","TORONTO INTL A","6158731","2026-02-07 06:00","2026","02","07","06:00","","-20.0","","-25.5","","63","","","","34","","26","","24.1","","99.79","","","","-32","","NA"
"-79.63","43.68","TORONTO INTL A","6158731","2026-02-07 07:00","2026","02","07","07:00","","-20.3","","-24.9","","67","","","","35","","19","","9.7","","99.92","","","","-31","","Blowing Snow"
"-79.63","43.68","TORONTO INTL A","6158731","2026-02-07 08:00","2026","02","07","08:00","","-19.8","","-24.4","","67","","","","35","","22","","11.3","","100.01","","","","-31","","NA"
"-79.63","43.68","TORONTO INTL A","6158731","2026-02-07 09:00","2026","02","07","09:00","","-19.3","","-25.2","","60","","","","33","","27","","24.1","","100.07","","","","-31","","NA"
"-79.63","43.68","TORONTO INTL A","6158731","2026-02-07 10:00","2026","02","07","10:00","","-18.6","","-24.9","","58","","","","34","","28","","24.1","","100.13","","","","-30","","Mainly Clear"
"-79.63","43.68","TORONTO INTL A","6158731","2026-02-07 11:00","2026","02","07","11:00","","-17.8","","-24.1","","58","","","","33","","24","","24.1","","100.15","","","","-29","","NA"
"-79.63","43.68","TORONTO INTL A","6158731","2026-02-07 12:00","2026","02","07","12:00","","-16.8","","-23.2","","58","","","","33","","21","","24.1","","100.13","","","","-27","","NA"
"-79.63","43.68","TORONTO INTL A","6158731","2026-02-07 13:00","2026","02","07","13:00","","-15.5","","-22.0","","58","","","","33","","24","","24.1","","100.10","","","","-26","","Mainly Clear"
"-79.63","43.68","TORONTO INTL A","6158731","2026-02-07 14:00","2026","02","07","14:00","","-14.9","","-21.2","","59","","","","32","","24","","24.1","","100.06","","","","-25","","NA"
"-79.63","43.68","TORONTO INTL A","6158731","2026-02-07 15:00","2026","02","07","15:00","","-13.5","","-20.4","","56","","","","32","","39","","24.1","","100.09","","","","-25","","NA"
"-79.63","43.68","TORONTO INTL A","6158731","2026-02-07 16:00","2026","02","07","16:00","","-13.8","","-20.4","","58","","","","33","","32","","24.1","","100.16","","","","-25","","Mainly Clear"
"-79.63","43.68","TORONTO INTL A","6158731","2026-02-07 17:00","2026","02","07","17:00","","-14.7","","-20.4","","62","","","","35","","32","","24.1","","100.24","","","","-26","","NA"
"-79.63","43.68","TORONTO INTL A","6158731","2026-02-07 18:00","2026","02","07","18:00","","-15.4","","-20.6","","65","","","","35","","20","","24.1","","100.34","","","","-25","","NA"
"-79.63","43.68","TORONTO INTL A","6158731","2026-02-07 19:00","2026","02","07","19:00","","-15.7","","-20.4","","67","","","","33","","17","","24.1","","100.43","","","","-24","","Mainly Clear"
"-79.63","43.68","TORONTO INTL A","6158731","2026-02-07 20:00","2026","02","07","20:00","","-15.8","","-20.6","","67","","","","31","","18","","24.1","","100.49","","","","-25","","NA"
"-79.63","43.68","TORONTO INTL A","6158731","2026-02-07 21:00","2026","02","07","21:00","","-15.7","","-21.8","","61","","","","30","","18","","24.1","","100.51","","","","-25","","NA"
"-79.63","43.68","TORONTO INTL A","6158731","2026-02-07 22:00","2026","02","07","22:00","","-15.8","","-21.6","","61","","","","35","","17","","24.1","","100.56","","","","-24","","Mainly Clear"
"-79.63","43.68","TORONTO INTL A","6158731","2026-02-07 23:00","2026","02","07","23:00","","-16.2","","-20.5","","70","","","","33","","13","","24.1","","100.62","","","","-24","","NA"
"-79.63","43.68","TORONTO INTL A","6158731","2026-02-08 00:00","2026","02","08","00:00","","-16.2","","-20.9","","67","","","","35","","13","","24.1","","100.65","","","","-24","","NA"
"-79.63","43.68","TORONTO INTL A","6158731","2026-02-08 01:00","2026","02","08","01:00","","-16.9","","-22.8","","61","","","","1","","16","","24.1","","100.65","","","","-26","","Clear"
"-79.63","43.68","TORONTO INTL A","6158731","2026-02-08 02:00","2026","02","08","02:00","","-17.6","","-24.0","","58","","","","1","","17","","24.1","","100.68","","","","-27","","NA"
"-79.63","43.68","TORONTO INTL A","6158731","2026-02-08 03:00","2026","02","08","03:00","","-18.0","","-24.4","","58","","","","1","","17","","24.1","","100.72","","","","-27","","NA"
"-79.63","43.68","TORONTO INTL A","6158731","2026-02-08 04:00","2026","02","08","04:00","","-18.6","","-24.2","","62","","","","36","","16","","24.1","","100.76","","","","-28","","Clear"
"-79.63","43.68","TORONTO INTL A","6158731","2026-02-08 05:00","2026","02","08","05:00","","-19.2","","-24.5","","63","","","","34","","22","","24.1","","100.83","","","","-30","","NA"
"-79.63","43.68","TORONTO INTL A","6158731","2026-02-08 06:00","2026","02","08","06:00","","-20.0","","-25.1","","64","","","","33","","22","","24.1","","100.90","","","","-31","","NA"
"-79.63","43.68","TORONTO INTL A","6158731","2026-02-08 07:00","2026","02","08","07:00","","-20.3","","-26.1","","61","","","","34","","21","","24.1","","100.98","","","","-31","","Clear"
"-79.63","43.68","TORONTO INTL A","6158731","2026-02-08 08:00","2026","02","08","08:00","","-20.7","","-26.5","","61","","","","34","","23","","24.1","","101.04","","","","-32","","NA"
"-79.63","43.68","TORONTO INTL A","6158731","2026-02-08 09:00","2026","02","08","09:00","","-20.4","","-26.4","","59","","","","36","","23","","24.1","","101.09","","","","-32","","NA"
"-79.63","43.68","TORONTO INTL A","6158731","2026-02-08 10:00","2026","02","08","10:00","","-19.3","","-26.0","","56","","","","34","","21","","24.1","","101.11","","","","-30","","Clear"
"-79.63","43.68","TORONTO INTL A","6158731","2026-02-08 11:00","2026","02","08","11:00","","-18.4","","-26.3","","51","","","","34","","20","","24.1","","101.13","","","","-28","","NA"
"-79.63","43.68","TORONTO INTL A","6158731","2026-02-08 12:00","2026","02","08","12:00","","-17.3","","-25.7","","49","","","","35","","14","","24.1","","101.11","","","","-25","","NA"
"-79.63","43.68","TORONTO INTL A","6158731","2026-02-08 13:00","2026","02","08","13:00","","-16.1","","-24.9","","47","","","","34","","16","","24.1","","101.05","","","","-25","","Clear"
"-79.63","43.68","TORONTO INTL A","6158731","2026-02-08 14:00","2026","02","08","14:00","","-15.1","","-24.3","","46","","","","32","","14","","24.1","","101.00","","","","-23","","NA"
"-79.63","43.68","TORONTO INTL A","6158731","2026-02-08 15:00","2026","02","08","15:00","","-14.0","","-24.3","","42","","","","30","","10","","24.1","","100.97","","","","-20","","NA"
"-79.63","43.68","TORONTO INTL A","6158731","2026-02-08 16:00","2026","02","08","16:00","","-13.4","","-23.6","","43","","","","28","","11","","24.1","","100.98","","","","-20","","Clear"
"-79.63","43.68","TORONTO INTL A","6158731","2026-02-08 17:00","2026","02","08","17:00","","-12.7","","-24.0","","39","","","","29","","8","","24.1","","100.99","","","","-18","","NA"
"-79.63","43.68","TORONTO INTL A","6158731","2026-02-08 18:00","2026","02","08","18:00","","-14.7","","-23.9","","46","","","","2","","10","","24.1","","101.02","","","","-21","","NA"
"-79.63","43.68","TORONTO INTL A","6158731","2026-02-08 19:00","2026","02","08","19:00","","-14.8","","-23.4","","49","","","","2","","14","","24.1","","101.05","","","","-22","","Clear"
"-79.63","43.68","TORONTO INTL A","6158731","2026-02-08 20:00","2026","02","08","20:00","","-15.4","","-23.8","","49","","","","35","","16","","24.1","","101.08","","","","-24","","NA"
"-79.63","43.68","TORONTO INTL A","6158731","2026-02-08 21:00","2026","02","08","21:00","","-16.3","","-22.9","","57","","","","34","","15","","24.1","","101.07","","","","-25","","NA"
"-79.63","43.68","TORONTO INTL A","6158731","2026-02-08 22:00","2026","02","08","22:00","","-17.1","","-22.7","","62","","","","36","","12","","24.1","","101.07","","","","-25","","Clear"
"-79.63","43.68","TORONTO INTL A","6158731","2026-02-08 23:00","2026","02","08","23:00","","-18.1","","-22.7","","68","","","","33","","10","","24.1","","101.04","","","","-25","","NA"
"-79.63","43.68","TORONTO INTL A","6158731","2026-02-09 00:00","2026","02","09","00:00","","-17.6","","-21.7","","71","","","","34","","13","","24.1","","101.02","","","","-25","","NA"
"-79.63","43.68","TORONTO INTL A","6158731","2026-02-09 01:00","2026","02","09","01:00","","-18.3","","-22.3","","71","","","","32","","14","","24.1","","100.99","","","","-27","","Clear"
"-79.63","43.68","TORONTO INTL A","6158731","2026-02-09 02:00","2026","02","09","02:00","","-18.8","","-22.4","","73","","","","29","","8","","24.1","","100.98","","","","-25","","NA"
"-79.63","43.68","TORONTO INTL A","6158731","2026-02-09 03:00","2026","02","09","03:00","","-18.1","","-21.6","","74","","","","31","","11","","24.1","","100.93","","","","-25","","NA"
"-79.63","43.68","TORONTO INTL A","6158731","2026-02-09 04:00","2026","02","09","04:00","","-18.5","","-22.0","","74","","","","1","","7","","24.1","","100.84","","","","-24","","Clear"
"-79.63","43.68","TORONTO INTL A","6158731","2026-02-09 05:00","2026","02","09","05:00","","-20.4","","-24.4","","71","","","","30","","6","","24.1","","100.82","","","","-25","","NA"
"-79.63","43.68","TORONTO INTL A","6158731","2026-02-09 06:00","2026","02","09","06:00","","-19.1","","-22.5","","74","","","","30","","11","","24.1","","100.84","","","","-27","","NA"
"-79.63","43.68","TORONTO INTL A","6158731","2026-02-09 07:00","2026","02","09","07:00","","-18.2","","-22.8","","67","","","","35","","3","","24.1","","100.77","","","","-21","","Mainly Clear"
"-79.63","43.68","TORONTO INTL A","6158731","2026-02-09 08:00","2026","02","09","08:00","","-18.2","","-22.6","","69","","","","3","","5","","24.1","","100.82","","","","-22","","NA"
"-79.63","43.68","TORONTO INTL A","6158731","2026-02-09 09:00","2026","02","09","09:00","","-15.7","","-20.3","","68","","","","28","","6","","16.1","","100.85","","","","-20","","NA"
"-79.63","43.68","TORONTO INTL A","6158731","2026-02-09 10:00","2026","02","09","10:00","","-13.5","","-20.1","","58","","","","31","","5","","19.3","","100.75","","","","-17","","Mostly Cloudy"
"-79.63","43.68","TORONTO INTL A","6158731","2026-02-09 11:00","2026","02","09","11:00","","-11.9","","-20.8","","48","","","","22","","10","","24.1","","100.69","","","","-18","","NA"
"-79.63","43.68","TORONTO INTL A","6158731","2026-02-09 12:00","2026","02","09","12:00","","-10.4","","-19.8","","47","","","","16","","10","","24.1","","100.58","","","","-16","","NA"
"-79.63","43.68","TORONTO INTL A","6158731","2026-02-09 13:00","2026","02","09","13:00","","-9.2","","-18.2","","48","","","","18","","11","","24.1","","100.45","","","","-15","","Mostly Cloudy"
"-79.63","43.68","TORONTO INTL A","6158731","2026-02-09 14:00","2026","02","09","14:00","","-8.5","","-15.8","","56","","","","17","","9","","24.1","","100.30","","","","-13","","NA"
"-79.63","43.68","TORONTO INTL A","6158731","2026-02-09 15:00","2026","02","09","15:00","","-8.4","","-16.8","","51","","","","12","","11","","24.1","","100.24","","","","-14","","NA"
"-79.63","43.68","TORONTO INTL A","6158731","2026-02-09 16:00","2026","02","09","16:00","","-8.3","","-16.4","","53","","","","12","","10","","24.1","","100.20","","","","-13","","Mainly Clear"
"-79.63","43.68","TORONTO INTL A","6158731","2026-02-09 17:00","2026","02","09","17:00","","-8.2","","-15.1","","58","","","","14","","8","","24.1","","100.20","","","","-12","","NA"
"-79.63","43.68","TORONTO INTL A","6158731","2026-02-09 18:00","2026","02","09","18:00","","-8.3","","-14.8","","60","","","","15","","5","","24.1","","100.20","","","","-11","","NA"
"-79.63","43.68","TORONTO INTL A","6158731","2026-02-09 19:00","2026","02","09","19:00","","-8.3","","-14.6","","61","","","","16","","6","","24.1","","100.13","","","","-12","","Mostly Cloudy"
"-79.63","43.68","TORONTO INTL A","6158731","2026-02-09 20:00","2026","02","09","20:00","","-7.7","","-14.1","","60","","","","11","","4","","24.1","","100.07","","","","-10","","NA"
"-79.63","43.68","TORONTO INTL A","6158731","2026-02-09 21:00","2026","02","09","21:00","","-7.3","","-13.5","","61","","","","12","","5","","19.3","","99.97","","","","-10","","NA"
"-79.63","43.68","TORONTO INTL A","6158731","2026-02-09 22:00","2026","02","09","22:00","","-7.1","","-13.3","","62","","","","","","0","","24.1","","99.87","","","","","","Cloudy"
"-79.63","43.68","TORONTO INTL A","6158731","2026-02-09 23:00","2026","02","09","23:00","","-6.8","","-12.4","","65","","","","26","","3","","19.3","","99.83","","","","-8","","NA"
"-79.63","43.68","TORONTO INTL A","6158731","2026-02-10 00:00","2026","02","10","00:00","","-6.9","","-12.7","","64","","","","","","0","","19.3","","99.79","","","","","","NA"
"-79.63","43.68","TORONTO INTL A","6158731","2026-02-10 01:00","2026","02","10","01:00","","-6.1","","-12.0","","63","","","","","","0","","19.3","","99.73","","","","","","Cloudy"
"-79.63","43.68","TORONTO INTL A","6158731","2026-02-10 02:00","2026","02","10","02:00","","-6.0","","-10.8","","69","","","","26","","3","","19.3","","99.75","","","","-7","","NA"
"-79.63","43.68","TORONTO INTL A","6158731","2026-02-10 03:00","2026","02","10","03:00","","-5.8","","-10.4","","70","","","","7","","4","","12.9","","99.65","","","","-8","","Snow"
"-79.63","43.68","TORONTO INTL A","6158731","2026-02-10 04:00","2026","02","10","04:00","","-5.7","","-8.0","","84","","","","15","","4","","2.4","","99.60","","","","-8","","Snow"
"-79.63","43.68","TORONTO INTL A","6158731","2026-02-10 05:00","2026","02","10","05:00","","-5.8","","-7.2","","90","","","","","","0","","4.0","","99.62","","","","","","Snow"
"-79.63","43.68","TORONTO INTL A","6158731","2026-02-10 06:00","2026","02","10","06:00","","-5.2","","-6.5","","91","","","","11","","12","","12.9","","99.48","","","","-10","","Snow"
"-79.63","43.68","TORONTO INTL A","6158731","2026-02-10 07:00","2026","02","10","07:00","","-4.5","","-5.7","","91","","","","13","","9","","8.1","","99.38","","","","-8","","Snow"
"-79.63","43.68","TORONTO INTL A","6158731","2026-02-10 08:00","2026","02","10","08:00","","-3.7","","-5.0","","91","","","","14","","13","","12.9","","99.32","","","","-9","","NA"
"-79.63","43.68","TORONTO INTL A","6158731","2026-02-10 09:00","2026","02","10","09:00","","-3.0","","-4.4","","90","","","","13","","15","","16.1","","99.12","","","","-8","","NA"
"-79.63","43.68","TORONTO INTL A","6158731","2026-02-10 10:00","2026","02","10","10:00","","-2.4","","-4.3","","87","","","","14","","19","","19.3","","98.96","","","","-8","","Cloudy"
"-79.63","43.68","TORONTO INTL A","6158731","2026-02-10 11:00","2026","02","10","11:00","","-1.3","","-4.0","","82","","","","14","","14","","19.3","","98.88","","","","-6","","NA"
"-79.63","43.68","TORONTO INTL A","6158731","2026-02-10 12:00","2026","02","10","12:00","","-0.6","","-3.9","","79","","","","13","","7","","19.3","","98.67","","","","-3","","NA"
"-79.63","43.68","TORONTO INTL A","6158731","2026-02-10 13:00","2026","02","10","13:00","","0.3","","-4.5","","70","","","","15","","15","","19.3","","98.41","","","","","","Mostly Cloudy"
"-79.63","43.68","TORONTO INTL A","6158731","2026-02-10 14:00","2026","02","10","14:00","","0.3","","-4.7","","69","","","","","","0","","19.3","","98.41","","","","","","NA"
"-79.63","43.68","TORONTO INTL A","6158731","2026-02-10 15:00","2026","02","10","15:00","","1.3","","-5.2","","62","","","","24","","4","","19.3","","98.40","","","","","","NA"
"-79.63","43.68","TORONTO INTL A","6158731","2026-02-10 16:00","2026","02","10","16:00","","1.9","","-5.1","","60","","","","28","","9","","19.3","","98.39","","","","","","Mostly Cloudy"
"-79.63","43.68","TORONTO INTL A","6158731","2026-02-10 17:00","2026","02","10","17:00","","2.0","","-3.6","","67","","","","28","","15","","19.3","","98.43","","","","","","NA"
"-79.63","43.68","TORONTO INTL A","6158731","2026-02-10 18:00","2026","02","10","18:00","","1.6","","-3.6","","68","","","","28","","15","","24.1","","98.50","","","","","","NA"
"-79.63","43.68","TORONTO INTL A","6158731","2026-02-10 19:00","2026","02","10","19:00","","-0.1","","-5.0","","69","","","","29","","10","","24.1","","98.59","","","","-3","","Mostly Cloudy"
"-79.63","43.68","TORONTO INTL A","6158731","2026-02-10 20:00","2026","02","10","20:00","","0.8","","-4.0","","71","","","","28","","14","","19.3","","98.67","","","","","","NA"
"-79.63","43.68","TORONTO INTL A","6158731","2026-02-10 21:00","2026","02","10","21:00","","0.6","","-3.8","","73","","","","28","","17","","19.3","","98.71","","","","","","NA"
"-79.63","43.68","TORONTO INTL A","6158731","2026-02-10 22:00","2026","02","10","22:00","","0.4","","-3.2","","77","","","","28","","13","","24.1","","98.72","","","","","","Cloudy"
"-79.63","43.68","TORONTO INTL A","6158731","2026-02-10 23:00","2026","02","10","23:00","","0.5","","-2.5","","80","","","","29","","23","","24.1","","98.73","","","","","","NA"
"-79.63","43.68","TORONTO INTL A","6158731","2026-02-11 00:00","2026","02","11","00:00","","0.5","","-2.3","","81","","","","27","","25","","24.1","","98.77","","","","","","NA"
"-79.63","43.68","TORONTO INTL A","6158731","2026-02-11 01:00","2026","02","11","01:00","","0.2","","-2.4","","83","","","","26","","19","","19.3","","98.78","","","","","","Cloudy"
"-79.63","43.68","TORONTO INTL A","6158731","2026-02-11 02:00","2026","02","11","02:00","","-0.1","","-2.4","","85","","","","25","","13","","19.3","","98.79","","","","-4","","Snow"
"-79.63","43.68","TORONTO INTL A","6158731","2026-02-11 03:00","2026","02","11","03:00","","0.2","","-4.0","","73","","","","30","","30","","19.3","","98.79","","","","","","Snow"
"-79.63","43.68","TORONTO INTL A","6158731","2026-02-11 04:00","2026","02","11","04:00","","-0.3","","-5.1","","70","","","","30","","35","","24.1","","98.80","","","","-7","","Mostly Cloudy"
"-79.63","43.68","TORONTO INTL A","6158731","2026-02-11 05:00","2026","02","11","05:00","","-0.8","","-5.2","","72","","","","29","","25","","24.1","","98.84","","","","-7","","NA"
"-79.63","43.68","TORONTO INTL A","6158731","2026-02-11 06:00","2026","02","11","06:00","","-1.0","","-5.4","","72","","","","28","","28","","19.3","","98.88","","","","-8","","NA"
"-79.63","43.68","TORONTO INTL A","6158731","2026-02-11 07:00","2026","02","11","07:00","","-1.4","","-5.2","","76","","","","27","","28","","24.1","","98.93","","","","-8","","Snow"
"-79.63","43.68","TORONTO INTL A","6158731","2026-02-11 08:00","2026","02","11","08:00","","-1.5","","-5.2","","76","","","","27","","30","","24.1","","98.99","","","","-8","","NA"
"-79.63","43.68","TORONTO INTL A","6158731","2026-02-11 09:00","2026","02","11","09:00","","-1.5","","-4.8","","78","","","","28","","30","","24.1","","99.01","","","","-8","","Snow"
"-79.63","43.68","TORONTO INTL A","6158731","2026-02-11 10:00","2026","02","11","10:00","","-0.9","","-5.0","","74","","","","27","","33","","24.1","","98.98","","","","-8","","Mostly Cloudy"
"-79.63","43.68","TORONTO INTL A","6158731","2026-02-11 11:00","2026","02","11","11:00","","-0.3","","-4.4","","74","","","","28","","40","","24.1","","99.00","","","","-8","","Snow"
"-79.63","43.68","TORONTO INTL A","6158731","2026-02-11 12:00","2026","02","11","12:00","","-0.8","","-4.7","","75","","","","28","","39","","24.1","","99.03","","","","-8","","Snow"
"-79.63","43.68","TORONTO INTL A","6158731","2026-02-11 13:00","2026","02","11","13:00","","-1.2","","-4.6","","77","","","","28","","33","","19.3","","99.05","","","","-8","","Snow"
"-79.63","43.68","TORONTO INTL A","6158731","2026-02-11 14:00","2026","02","11","14:00","","-1.2","","-4.4","","79","","","","28","","34","","24.1","","99.06","","","","-8","","Snow"
"-79.63","43.68","TORONTO INTL A","6158731","2026-02-11 15:00","2026","02","11","15:00","","-0.4","","-6.0","","66","","","","29","","40","","24.1","","99.09","","","","-8","","NA"
"-79.63","43.68","TORONTO INTL A","6158731","2026-02-11 16:00","2026","02","11","16:00","","-0.9","","-6.4","","67","","","","30","","45","","24.1","","99.18","","","","-9","","Cloudy"
"-79.63","43.68","TORONTO INTL A","6158731","2026-02-11 17:00","2026","02","11","17:00","","-1.4","","-6.8","","67","","","","30","","35","","24.1","","99.26","","","","-9","","NA"
"-79.63","43.68","TORONTO INTL A","6158731","2026-02-11 18:00","2026","02","11","18:00","","-2.0","","-7.1","","68","","","","32","","33","","24.1","","99.37","","","","-9","","NA"
"-79.63","43.68","TORONTO INTL A","6158731","2026-02-11 19:00","2026","02","11","19:00","","-2.2","","-7.1","","69","","","","31","","31","","24.1","","99.45","","","","-9","","Cloudy"
"-79.63","43.68","TORONTO INTL A","6158731","2026-02-11 20:00","2026","02","11","20:00","","-2.3","","-7.9","","66","","","","30","","37","","24.1","","99.50","","","","-10","","NA"
"-79.63","43.68","TORONTO INTL A","6158731","2026-02-11 21:00","2026","02","11","21:00","","-2.5","","-8.3","","65","","","","30","","35","","24.1","","99.56","","","","-10","","NA"
"-79.63","43.68","TORONTO INTL A","6158731","2026-02-11 22:00","2026","02","11","22:00","","-2.7","","-8.2","","66","","","","31","","27","","24.1","","99.60","","","","-10","","Cloudy"
"-79.63","43.68","TORONTO INTL A","6158731","2026-02-11 23:00","2026","02","11","23:00","","-3.2","","-8.1","","69","","","","32","","25","","24.1","","99.61","","","","-10","","Snow"
"-79.63","43.68","TORONTO INTL A","6158731","2026-02-12 00:00","2026","02","12","00:00","","-3.8","","-7.7","","75","","","","35","","17","","24.1","","99.66","","","","-10","","Snow"
"-79.63","43.68","TORONTO INTL A","6158731","2026-02-12 01:00","2026","02","12","01:00","","-4.8","","-8.3","","76","","","","34","","23","","24.1","","99.71","","","","-12","","Snow"
"-79.63","43.68","TORONTO INTL A","6158731","2026-02-12 02:00","2026","02","12","02:00","","-5.7","","-9.7","","73","","","","33","","21","","24.1","","99.78","","","","-13","","NA"
"-79.63","43.68","TORONTO INTL A","6158731","2026-02-12 03:00","2026","02","12","03:00","","-6.0","","-9.1","","79","","","","32","","18","","24.1","","99.80","","","","-12","","Snow"
"-79.63","43.68","TORONTO INTL A","6158731","2026-02-12 04:00","2026","02","12","04:00","","-6.4","","-9.3","","80","","","","31","","19","","24.1","","99.81","","","","-13","","Snow"
"-79.63","43.68","TORONTO INTL A","6158731","2026-02-12 05:00","2026","02","12","05:00","","-6.7","","-9.7","","79","","","","28","","12","","24.1","","99.86","","","","-12","","NA"
"-79.63","43.68","TORONTO INTL A","6158731","2026-02-12 06:00","2026","02","12","06:00","","-6.8","","-10.1","","77","","","","31","","14","","24.1","","99.88","","","","-13","","NA"
"-79.63","43.68","TORONTO INTL A","6158731","2026-02-12 07:00","2026","02","12","07:00","","-6.6","","-10.2","","76","","","","32","","19","","24.1","","99.94","","","","-13","","Cloudy"
"-79.63","43.68","TORONTO INTL A","6158731","2026-02-12 08:00","2026","02","12","08:00","","-6.8","","-10.5","","75","","","","30","","14","","19.3","","99.99","","","","-13","","NA"
"-79.63","43.68","TORONTO INTL A","6158731","2026-02-12 09:00","2026","02","12","09:00","","-6.8","","-10.6","","75","","","","32","","16","","24.1","","100.03","","","","-13","","NA"
"-79.63","43.68","TORONTO INTL A","6158731","2026-02-12 10:00","2026","02","12","10:00","","-6.0","","-10.1","","73","","","","31","","22","","24.1","","100.06","","","","-13","","Mostly Cloudy"
"-79.63","43.68","TORONTO INTL A","6158731","2026-02-12 11:00","2026","02","12","11:00","","-5.2","","-10.0","","69","","","","35","","23","","24.1","","100.10","","","","-12","","NA"
"-79.63","43.68","TORONTO INTL A","6158731","2026-02-12 12:00","2026","02","12","12:00","","-4.4","","-9.9","","65","","","","34","","20","","24.1","","100.08","","","","-11","","NA"
"-79.63","43.68","TORONTO INTL A","6158731","2026-02-12 13:00","2026","02","12","13:00","","-3.8","","-9.7","","64","","","","31","","18","","24.1","","100.06","","","","-10","","Mostly Cloudy"
"-79.63","43.68","TORONTO INTL A","6158731","2026-02-12 14:00","2026","02","12","14:00","","-3.0","","-9.7","","60","","","","31","","12","","24.1","","100.02","","","","-7","","NA"
"-79.63","43.68","TORONTO INTL A","6158731","2026-02-12 15:00","2026","02","12","15:00","","-2.9","","-9.7","","60","","","","35","","10","","24.1","","99.99","","","","-7","","NA"
"-79.63","43.68","TORONTO INTL A","6158731","2026-02-12 16:00","2026","02","12","16:00","","-3.0","","-9.7","","60","","","","34","","16","","24.1","","100.00","","","","-8","","Mostly Cloudy"
"-79.63","43.68","TORONTO INTL A","6158731","2026-02-12 17:00","2026","02","12","17:00","","-3.8","","-9.4","","65","","","","36","","17","","24.1","","100.04","","","","-10","","NA"
"-79.63","43.68","TORONTO INTL A","6158731","2026-02-12 18:00","2026","02","12","18:00","","-5.4","","-10.7","","67","","","","36","","18","","24.1","","100.12","","","","-12","","NA"
"-79.63","43.68","TORONTO INTL A","6158731","2026-02-12 19:00","2026","02","12","19:00","","-6.3","","-11.2","","69","","","","34","","21","","24.1","","100.16","","","","-13","","Mostly Cloudy"
"-79.63","43.68","TORONTO INTL A","6158731","2026-02-12 20:00","2026","02","12","20:00","","-7.2","","-11.4","","72","","","","34","","18","","24.1","","100.19","","","","-14","","NA"
"-79.63","43.68","TORONTO INTL A","6158731","2026-02-12 21:00","2026","02","12","21:00","","-8.1","","-11.6","","76","","","","34","","18","","24.1","","100.22","","","","-15","","NA"
"-79.63","43.68","TORONTO INTL A","6158731","2026-02-12 22:00","2026","02","12","22:00","","-9.0","","-12.0","","79","","","","31","","17","","24.1","","100.23","","","","-16","","Mostly Cloudy"
"-79.63","43.68","TORONTO INTL A","6158731","2026-02-12 23:00","2026","02","12","23:00","","-9.8","","-12.5","","81","","","","31","","14","","24.1","","100.23","","","","-16","","NA"
"-79.63","43.68","TORONTO INTL A","6158731","2026-02-13 00:00","2026","02","13","00:00","","-10.1","","-12.5","","83","","","","27","","11","","24.1","","100.24","","","","-16","","NA"
"-79.63","43.68","TORONTO INTL A","6158731","2026-02-13 01:00","2026","02","13","01:00","","-10.1","","-13.0","","79","","","","28","","12","","24.1","","100.23","","","","-16","","Clear"
"-79.63","43.68","TORONTO INTL A","6158731","2026-02-13 02:00","2026","02","13","02:00","","-13.0","","-15.8","","80","","","","27","","10","","24.1","","100.24","","","","-19","","NA"
"-79.63","43.68","TORONTO INTL A","6158731","2026-02-13 03:00","2026","02","13","03:00","","-11.0","","-13.5","","82","","","","30","","7","","24.1","","100.22","","","","-15","","NA"
"-79.63","43.68","TORONTO INTL A","6158731","2026-02-13 04:00","2026","02","13","04:00","","-11.6","","-13.8","","84","","","","31","","5","","24.1","","100.18","","","","-15","","Clear"
"-79.63","43.68","TORONTO INTL A","6158731","2026-02-13 05:00","2026","02","13","05:00","","-10.9","","-12.7","","87","","","","32","","4","","24.1","","100.17","","","","-13","","NA"
"-79.63","43.68","TORONTO INTL A","6158731","2026-02-13 06:00","2026","02","13","06:00","","-11.6","","-13.4","","86","","","","30","","7","","24.1","","100.23","","","","-16","","NA"
"-79.63","43.68","TORONTO INTL A","6158731","2026-02-13 07:00","2026","02","13","07:00","","-11.9","","-13.9","","86","","","","27","","3","","24.1","","100.23","","","","-14","","Clear"
"-79.63","43.68","TORONTO INTL A","6158731","2026-02-13 08:00","2026","02","13","08:00","","-10.9","","-12.6","","87","","","","","","0","","24.1","","100.23","","","","","","NA"
"-79.63","43.68","TORONTO INTL A","6158731","2026-02-13 09:00","2026","02","13","09:00","","-8.7","","-11.6","","79","","","","23","","13","","24.1","","100.26","","","","-15","","NA"
"-79.63","43.68","TORONTO INTL A","6158731","2026-02-13 10:00","2026","02","13","10:00","","-6.5","","-10.5","","74","","","","25","","14","","24.1","","100.22","","","","-12","","Clear"
"-79.63","43.68","TORONTO INTL A","6158731","2026-02-13 11:00","2026","02","13","11:00","","-4.3","","-9.9","","65","","","","27","","19","","24.1","","100.18","","","","-10","","NA"
"-79.63","43.68","TORONTO INTL A","6158731","2026-02-13 12:00","2026","02","13","12:00","","-3.5","","-9.6","","63","","","","24","","21","","24.1","","100.13","","","","-10","","NA"
"-79.63","43.68","TORONTO INTL A","6158731","2026-02-13 13:00","2026","02","13","13:00","","-2.3","","-10.0","","56","","","","25","","19","","24.1","","100.03","","","","-8","","Mostly Cloudy"
"-79.63","43.68","TORONTO INTL A","6158731","2026-02-13 14:00","2026","02","13","14:00","","-1.7","","-10.0","","53","","","","23","","16","","24.1","","99.88","","","","-7","","NA"
"-79.63","43.68","TORONTO INTL A","6158731","2026-02-13 15:00","2026","02","13","15:00","","-1.2","","-9.8","","52","","","","21","","17","","24.1","","99.82","","","","-6","","NA"
"-79.63","43.68","TORONTO INTL A","6158731","2026-02-13 16:00","2026","02","13","16:00","","-1.2","","-8.9","","56","","","","21","","17","","24.1","","99.73","","","","-6","","Mostly Cloudy"
"-79.63","43.68","TORONTO INTL A","6158731","2026-02-13 17:00","2026","02","13","17:00","","-1.2","","-8.8","","57","","","","22","","17","","24.1","","99.71","","","","-6","","NA"
"-79.63","43.68","TORONTO INTL A","6158731","2026-02-13 18:00","2026","02","13","18:00","","-1.2","","-7.4","","63","","","","20","","13","","24.1","","99.69","","","","-5","","NA"
"-79.63","43.68","TORONTO INTL A","6158731","2026-02-13 19:00","2026","02","13","19:00","","-1.2","","-6.6","","67","","","","22","","13","","12.9","","99.64","","","","-5","","Snow"
"-79.63","43.68","TORONTO INTL A","6158731","2026-02-13 20:00","2026","02","13","20:00","","-2.6","","-4.2","","89","","","","23","","19","","0.8","","99.61","","","","-8","","Moderate Snow"
"-79.63","43.68","TORONTO INTL A","6158731","2026-02-13 21:00","2026","02","13","21:00","","-2.3","","-4.0","","88","","","","23","","13","","19.3","","99.57","","","","-7","","NA"
"-79.63","43.68","TORONTO INTL A","6158731","2026-02-13 22:00","2026","02","13","22:00","","-1.6","","-4.1","","83","","","","23","","13","","19.3","","99.53","","","","-6","","Cloudy"
"-79.63","43.68","TORONTO INTL A","6158731","2026-02-13 23:00","2026","02","13","23:00","","-1.1","","-4.0","","81","","","","25","","18","","19.3","","99.51","","","","-6","","NA"
"-79.63","43.68","TORONTO INTL A","6158731","2026-02-14 00:00","2026","02","14","00:00","","-1.0","","-4.1","","80","","","","24","","12","","19.3","","99.47","","","","-5","","NA"
"-79.63","43.68","TORONTO INTL A","6158731","2026-02-14 01:00","2026","02","14","01:00","","-2.9","","-5.8","","80","","","","25","","16","","24.1","","99.43","","","","-8","","Mostly Cloudy"
"-79.63","43.68","TORONTO INTL A","6158731","2026-02-14 02:00","2026","02","14","02:00","","-2.7","","-5.0","","85","","","","29","","9","","24.1","","99.48","","","","-6","","NA"
"-79.63","43.68","TORONTO INTL A","6158731","2026-02-14 03:00","2026","02","14","03:00","","-3.7","","-6.2","","83","","","","27","","9","","24.1","","99.51","","","","-7","","NA"
"-79.63","43.68","TORONTO INTL A","6158731","2026-02-14 04:00","2026","02","14","04:00","","-5.3","","-7.4","","85","","","","27","","15","","24.1","","99.51","","","","-11","","Mainly Clear"
"-79.63","43.68","TORONTO INTL A","6158731","2026-02-14 05:00","2026","02","14","05:00","","-3.0","","-5.2","","84","","","","32","","14","","24.1","","99.52","","","","-8","","NA"
"-79.63","43.68","TORONTO INTL A","6158731","2026-02-14 06:00","2026","02","14","06:00","","-2.5","","-4.8","","84","","","","26","","12","","24.1","","99.58","","","","-7","","NA"
"-79.63","43.68","TORONTO INTL A","6158731","2026-02-14 07:00","2026","02","14","07:00","","-1.5","","-4.2","","82","","","","27","","14","","16.1","","99.61","","","","-6","","Mostly Cloudy"
"-79.63","43.68","TORONTO INTL A","6158731","2026-02-14 08:00","2026","02","14","08:00","","-2.2","","-5.0","","81","","","","29","","10","","19.3","","99.62","","","","-6","","NA"
"-79.63","43.68","TORONTO INTL A","6158731","2026-02-14 09:00","2026","02","14","09:00","","-0.5","","-4.2","","76","","","","30","","12","","19.3","","99.69","","","","-4","","NA"
"-79.63","43.68","TORONTO INTL A","6158731","2026-02-14 10:00","2026","02","14","10:00","","1.1","","-3.6","","71","","","","35","","17","","24.1","","99.74","","","","","","Mainly Clear"
"-79.63","43.68","TORONTO INTL A","6158731","2026-02-14 11:00","2026","02","14","11:00","","1.2","","-3.8","","69","","","","34","","10","","24.1","","99.80","","","","","","NA"
"-79.63","43.68","TORONTO INTL A","6158731","2026-02-14 12:00","2026","02","14","12:00","","1.3","","-4.0","","68","","","","32","","10","","24.1","","99.77","","","","","","NA"
"-79.63","43.68","TORONTO INTL A","6158731","2026-02-14 13:00","2026","02","14","13:00","","1.6","","-4.0","","66","","","","27","","8","","24.1","","99.75","","","","","","Cloudy"
"-79.63","43.68","TORONTO INTL A","6158731","2026-02-14 14:00","2026","02","14","14:00","","1.6","","-4.0","","67","","","","36","","4","","24.1","","99.67","","","","","","NA"
"-79.63","43.68","TORONTO INTL A","6158731","2026-02-14 15:00","2026","02","14","15:00","","1.6","","-4.0","","66","","","","31","","4","","24.1","","99.71","","","","","","NA"
"-79.63","43.68","TORONTO INTL A","6158731","2026-02-14 16:00","2026","02","14","16:00","","1.8","","-3.7","","67","","","","28","","9","","24.1","","99.68","","","","","","Mostly Cloudy"
"-79.63","43.68","TORONTO INTL A","6158731","2026-02-14 17:00","2026","02","14","17:00","","1.8","","-4.0","","65","","","","31","","8","","24.1","","99.64","","","","","","NA"
"-79.63","43.68","TORONTO INTL A","6158731","2026-02-14 18:00","2026","02","14","18:00","","0.5","","-4.2","","70","","","","23","","3","","24.1","","99.67","","","","","","NA"
"-79.63","43.68","TORONTO INTL A","6158731","2026-02-14 19:00","2026","02","14","19:00","","0.4","","-3.0","","78","","","","16","","5","","24.1","","99.72","","","","","","Mostly Cloudy"
"-79.63","43.68","TORONTO INTL A","6158731","2026-02-14 20:00","2026","02","14","20:00","","-0.2","","-2.7","","83","","","","","","0","","24.1","","99.77","","","","","","NA"
"-79.63","43.68","TORONTO INTL A","6158731","2026-02-14 21:00","2026","02","14","21:00","","-0.4","","-2.9","","83","","","","","","0","","24.1","","99.72","","","","","","NA"
"-79.63","43.68","TORONTO INTL A","6158731","2026-02-14 22:00","2026","02","14","22:00","","-1.0","","-3.5","","84","","","","","","0","","24.1","","99.67","","","","","","Mainly Clear"
"-79.63","43.68","TORONTO INTL A","6158731","2026-02-14 23:00","2026","02","14","23:00","","-3.3","","-5.1","","87","","","","34","","3","","16.1","","99.65","","","","-5","","NA"
"-79.63","43.68","TORONTO INTL A","6158731","2026-02-15 00:00","2026","02","15","00:00","","-3.6","","-5.5","","86","","","","1","","10","","16.1","","99.63","","","","-8","","NA"
"-79.63","43.68","TORONTO INTL A","6158731","2026-02-15 01:00","2026","02","15","01:00","","-4.6","","-6.7","","85","","","","","","0","","16.1","","99.64","","","","","","Clear"
"-79.63","43.68","TORONTO INTL A","6158731","2026-02-15 02:00","2026","02","15","02:00","","-5.2","","-6.7","","89","","","","","","0","","12.9","","99.63","","","","","","NA"
"-79.63","43.68","TORONTO INTL A","6158731","2026-02-15 03:00","2026","02","15","03:00","","-5.3","","-6.7","","90","","","","2","","10","","16.1","","99.62","","","","-10","","NA"
"-79.63","43.68","TORONTO INTL A","6158731","2026-02-15 04:00","2026","02","15","04:00","","-5.8","","-7.2","","89","","","","3","","4","","12.9","","99.62","","","","-8","","Mostly Cloudy"
"-79.63","43.68","TORONTO INTL A","6158731","2026-02-15 05:00","2026","02","15","05:00","","-3.4","","-4.8","","90","","","","10","","7","","16.1","","99.59","","","","-6","","NA"
"-79.63","43.68","TORONTO INTL A","6158731","2026-02-15 06:00","2026","02","15","06:00","","-0.8","","-3.4","","82","","","","10","","14","","19.3","","99.60","","","","-5","","NA"
"-79.63","43.68","TORONTO INTL A","6158731","2026-02-15 07:00","2026","02","15","07:00","","-1.0","","-3.8","","81","","","","9","","9","","24.1","","99.63","","","","-4","","Cloudy"
"-79.63","43.68","TORONTO INTL A","6158731","2026-02-15 08:00","2026","02","15","08:00","","-1.1","","-3.9","","81","","","","9","","13","","24.1","","99.64","","","","-5","","NA"
"-79.63","43.68","TORONTO INTL A","6158731","2026-02-15 09:00","2026","02","15","09:00","","-0.4","","-3.7","","78","","","","11","","15","","24.1","","99.61","","","","-5","","NA"
"-79.63","43.68","TORONTO INTL A","6158731","2026-02-15 10:00","2026","02","15","10:00","","0.0","","-4.3","","73","","","","12","","14","","24.1","","99.60","","","","-4","","Cloudy"
"-79.63","43.68","TORONTO INTL A","6158731","2026-02-15 11:00","2026","02","15","11:00","","-0.4","","-3.5","","80","","","","10","","17","","24.1","","99.60","","","","-5","","NA"
"-79.63","43.68","TORONTO INTL A","6158731","2026-02-15 12:00","2026","02","15","12:00","","-0.7","","-3.7","","80","","","","8","","16","","24.1","","99.56","","","","-5","","NA"
"-79.63","43.68","TORONTO INTL A","6158731","2026-02-15 13:00","2026","02","15","13:00","","-0.8","","-4.0","","79","","","","7","","17","","24.1","","99.47","","","","-6","","Cloudy"
"-79.63","43.68","TORONTO INTL A","6158731","2026-02-15 14:00","2026","02","15","14:00","","0.1","","-3.8","","75","","","","6","","9","","24.1","","99.41","","","","","","NA"
"-79.63","43.68","TORONTO INTL A","6158731","2026-02-15 15:00","2026","02","15","15:00","","0.5","","-4.1","","72","","","","9","","15","","24.1","","99.36","","","","","","NA"
"-79.63","43.68","TORONTO INTL A","6158731","2026-02-15 16:00","2026","02","15","16:00","","0.0","","-4.2","","73","","","","10","","16","","24.1","","99.35","","","","-5","","Mostly Cloudy"
"-79.63","43.68","TORONTO INTL A","6158731","2026-02-15 17:00","2026","02","15","17:00","","-0.4","","-4.0","","77","","","","9","","12","","24.1","","99.35","","","","-4","","NA"
"-79.63","43.68","TORONTO INTL A","6158731","2026-02-15 18:00","2026","02","15","18:00","","-0.7","","-3.8","","79","","","","9","","9","","24.1","","99.33","","","","-4","","NA"
"-79.63","43.68","TORONTO INTL A","6158731","2026-02-15 19:00","2026","02","15","19:00","","-1.0","","-4.3","","79","","","","5","","7","","24.1","","99.40","","","","-4","","Mostly Cloudy"
"-79.63","43.68","TORONTO INTL A","6158731","2026-02-15 20:00","2026","02","15","20:00","","-0.8","","-4.1","","79","","","","8","","9","","24.1","","99.39","","","","-4","","NA"
"-79.63","43.68","TORONTO INTL A","6158731","2026-02-15 21:00","2026","02","15","21:00","","-0.6","","-4.3","","76","","","","7","","12","","24.1","","99.44","","","","-5","","NA"
"-79.63","43.68","TORONTO INTL A","6158731","2026-02-15 22:00","2026","02","15","22:00","","-0.7","","-4.6","","75","","","","10","","7","","24.1","","99.46","","","","-3","","Mostly Cloudy"
"-79.63","43.68","TORONTO INTL A","6158731","2026-02-15 23:00","2026","02","15","23:00","","-1.1","","-5.2","","74","","","","12","","9","","24.1","","99.42","","","","-4","","NA"
"-79.63","43.68","TORONTO INTL A","6158731","2026-02-16 00:00","2026","02","16","00:00","","-1.6","","-6.0","","72","","","","12","","11","","24.1","","99.40","","","","-5","","NA"
"-79.63","43.68","TORONTO INTL A","6158731","2026-02-16 01:00","2026","02","16","01:00","","-1.8","","-6.0","","73","","","","12","","8","","24.1","","99.43","","","","-5","","Clear"
"-79.63","43.68","TORONTO INTL A","6158731","2026-02-16 02:00","2026","02","16","02:00","","-2.2","","-6.0","","75","","","","12","","8","","24.1","","99.42","","","","-5","","NA"
"-79.63","43.68","TORONTO INTL A","6158731","2026-02-16 03:00","2026","02","16","03:00","","-2.4","","-5.8","","78","","","","15","","4","","24.1","","99.44","","","","-4","","NA"
"-79.63","43.68","TORONTO INTL A","6158731","2026-02-16 04:00","2026","02","16","04:00","","-3.5","","-6.0","","83","","","","","","0","","24.1","","99.47","","","","","","Clear"
"-79.63","43.68","TORONTO INTL A","6158731","2026-02-16 05:00","2026","02","16","05:00","","-6.9","","-9.1","","84","","","","29","","4","","24.1","","99.49","","","","-9","","NA"
"-79.63","43.68","TORONTO INTL A","6158731","2026-02-16 06:00","2026","02","16","06:00","","-6.6","","-8.3","","88","","","","32","","10","","24.1","","99.55","","","","-11","","NA"
"-79.63","43.68","TORONTO INTL A","6158731","2026-02-16 07:00","2026","02","16","07:00","","-5.1","","-6.6","","89","","","","","","0","","19.3","","99.58","","","","","","Mainly Clear"
"-79.63","43.68","TORONTO INTL A","6158731","2026-02-16 08:00","2026","02","16","08:00","","-4.7","","-6.7","","86","","","","","","0","","19.3","","99.63","","","","","","NA"
"-79.63","43.68","TORONTO INTL A","6158731","2026-02-16 09:00","2026","02","16","09:00","","-2.4","","-4.9","","83","","","","32","","3","","19.3","","99.67","","","","-4","","NA"
"-79.63","43.68","TORONTO INTL A","6158731","2026-02-16 10:00","2026","02","16","10:00","","-1.1","","-4.1","","80","","","","15","","6","","19.3","","99.64","","","","-3","","Cloudy"
"-79.63","43.68","TORONTO INTL A","6158731","2026-02-16 11:00","2026","02","16","11:00","","-0.4","","-3.0","","83","","","","17","","11","","12.9","","99.64","","","","-4","","NA"
"-79.63","43.68","TORONTO INTL A","6158731","2026-02-16 12:00","2026","02","16","12:00","","0.4","","-2.8","","79","","","","14","","10","","16.1","","99.58","","","","","","NA"
"-79.63","43.68","TORONTO INTL A","6158731","2026-02-16 13:00","2026","02","16","13:00","","0.9","","-2.3","","79","","","","19","","11","","12.9","","99.55","","","","","","Mostly Cloudy"
"-79.63","43.68","TORONTO INTL A","6158731","2026-02-16 14:00","2026","02","16","14:00","","1.8","","-1.8","","77","","","","15","","8","","19.3","","99.49","","","","","","NA"
"-79.63","43.68","TORONTO INTL A","6158731","2026-02-16 15:00","2026","02","16","15:00","","1.7","","-1.8","","78","","","","13","","9","","12.9","","99.44","","","","","","NA"
"-79.63","43.68","TORONTO INTL A","6158731","2026-02-16 16:00","2026","02","16","16:00","","1.9","","-1.1","","80","","","","12","","8","","12.9","","99.43","","","","","","Mostly Cloudy"
"-79.63","43.68","TORONTO INTL A","6158731","2026-02-16 17:00","2026","02","16","17:00","","1.8","","-0.3","","85","","","","15","","10","","12.9","","99.43","","","","","","NA"
"-79.63","43.68","TORONTO INTL A","6158731","2026-02-16 18:00","2026","02","16","18:00","","1.6","","0.1","","89","","","","16","","8","","8.1","","99.48","","","","","","Fog"
"-79.63","43.68","TORONTO INTL A","6158731","2026-02-16 19:00","2026","02","16","19:00","","1.7","","0.6","","93","","","","10","","6","","6.4","","99.51","","","","","","Fog"
"-79.63","43.68","TORONTO INTL A","6158731","2026-02-16 20:00","2026","02","16","20:00","","1.6","","0.6","","93","","","","14","","10","","4.0","","99.39","","","","","","Rain,Fog"
"-79.63","43.68","TORONTO INTL A","6158731","2026-02-16 21:00","2026","02","16","21:00","","1.6","","0.8","","94","","","","15","","8","","2.0","","99.38","","","","","","Fog"
"-79.63","43.68","TORONTO INTL A","6158731","2026-02-16 22:00","2026","02","16","22:00","","1.6","","0.9","","95","","","","15","","8","","2.0","","99.38","","","","","","Fog"
"-79.63","43.68","TORONTO INTL A","6158731","2026-02-16 23:00","2026","02","16","23:00","","1.6","","0.9","","95","","","","15","","9","","2.4","","99.35","","","","","","Fog"
"-79.63","43.68","TORONTO INTL A","6158731","2026-02-17 00:00","2026","02","17","00:00","","1.6","","0.8","","95","","","","14","","8","","3.2","","99.31","","","","","","Fog"
"-79.63","43.68","TORONTO INTL A","6158731","2026-02-17 01:00","2026","02","17","01:00","","1.8","","0.9","","94","","","","19","","7","","4.0","","99.30","","","","","","Fog"
"-79.63","43.68","TORONTO INTL A","6158731","2026-02-17 02:00","2026","02","17","02:00","","1.7","","0.8","","94","","","","","","0","","4.0","","99.33","","","","","","Fog"
"-79.63","43.68","TORONTO INTL A","6158731","2026-02-17 03:00","2026","02","17","03:00","","2.5","","1.6","","93","","","","28","","13","","4.8","","99.36","","","","","","Fog"
"-79.63","43.68","TORONTO INTL A","6158731","2026-02-17 04:00","2026","02","17","04:00","","2.4","","1.5","","93","","","","29","","9","","4.8","","99.40","","","","","","Fog"
"-79.63","43.68","TORONTO INTL A","6158731","2026-02-17 05:00","2026","02","17","05:00","","2.5","","1.8","","95","","","","","","0","","6.4","","99.47","","","","","","Fog"
"-79.63","43.68","TORONTO INTL A","6158731","2026-02-17 06:00","2026","02","17","06:00","","0.5","","-0.2","","95","","","","26","","10","","3.2","","99.56","","","","","","Fog"
"-79.63","43.68","TORONTO INTL A","6158731","2026-02-17 07:00","2026","02","17","07:00","","1.4","","0.4","","93","","","","33","","18","","3.2","","99.58","","","","","","Fog"
"-79.63","43.68","TORONTO INTL A","6158731","2026-02-17 08:00","2026","02","17","08:00","","0.6","","-0.6","","92","","","","27","","5","","3.2","","99.66","","","","","","Fog"
"-79.63","43.68","TORONTO INTL A","6158731","2026-02-17 09:00","2026","02","17","09:00","","2.2","","0.6","","89","","","","24","","7","","3.2","","99.70","","","","","","Fog"
"-79.63","43.68","TORONTO INTL A","6158731","2026-02-17 10:00","2026","02","17","10:00","","3.1","","0.6","","84","","","","24","","5","","3.2","","99.72","","","","","","Fog"
"-79.63","43.68","TORONTO INTL A","6158731","2026-02-17 11:00","2026","02","17","11:00","","4.8","","1.2","","77","","","","23","","6","","4.0","","99.73","","","","","","Fog"
"-79.63","43.68","TORONTO INTL A","6158731","2026-02-17 12:00","2026","02","17","12:00","","5.7","","1.6","","75","","","","23","","3","","4.0","","99.70","","","","","","Fog"
"-79.63","43.68","TORONTO INTL A","6158731","2026-02-17 13:00","2026","02","17","13:00","","6.4","","1.0","","68","","","","27","","7","","4.0","","99.66","","","","","","Fog"
"-79.63","43.68","TORONTO INTL A","6158731","2026-02-17 14:00","2026","02","17","14:00","","7.6","","1.6","","66","","","","26","","5","","4.8","","99.59","","","","","","Fog,Haze"
"-79.63","43.68","TORONTO INTL A","6158731","2026-02-17 15:00","2026","02","17","15:00","","6.9","","1.8","","70","","","","11","","7","","4.8","","99.57","","","","","","Haze"
"-79.63","43.68","TORONTO INTL A","6158731","2026-02-17 16:00","2026","02","17","16:00","","4.7","","1.4","","79","","","","15","","10","","4.8","","99.55","","","","","","Haze"
"-79.63","43.68","TORONTO INTL A","6158731","2026-02-17 17:00","2026","02","17","17:00","","3.7","","1.3","","85","","","","14","","10","","4.8","","99.60","","","","","","Haze"
"-79.63","43.68","TORONTO INTL A","6158731","2026-02-17 18:00","2026","02","17","18:00","","3.3","","1.2","","86","","","","18","","6","","4.8","","99.60","","","","","","Fog"
"-79.63","43.68","TORONTO INTL A","6158731","2026-02-17 19:00","2026","02","17","19:00","","3.0","","1.3","","89","","","","15","","5","","9.7","","99.63","","","","","","Fog"
"-79.63","43.68","TORONTO INTL A","6158731","2026-02-17 20:00","2026","02","17","20:00","","2.5","","0.8","","88","","","","4","","4","","9.7","","99.64","","","","","","Fog"
"-79.63","43.68","TORONTO INTL A","6158731","2026-02-17 21:00","2026","02","17","21:00","","1.9","","0.6","","91","","","","4","","10","","9.7","","99.61","","","","","","Fog"
"-79.63","43.68","TORONTO INTL A","6158731","2026-02-17 22:00","2026","02","17","22:00","","2.1","","0.6","","90","","","","3","","14","","9.7","","99.59","","","","","","Fog"
"-79.63","43.68","TORONTO INTL A","6158731","2026-02-17 23:00","2026","02","17","23:00","","1.7","","-0.2","","87","","","","36","","8","","9.7","","99.61","","","","","","Fog"
"-79.63","43.68","TORONTO INTL A","6158731","2026-02-18 00:00","2026","02","18","00:00","","1.1","","-0.9","","87","","","","2","","13","","9.7","","99.51","","","","","","Fog"
"-79.63","43.68","TORONTO INTL A","6158731","2026-02-18 01:00","2026","02","18","01:00","","0.5","","-1.3","","88","","","","1","","9","","9.7","","99.48","","","","","","Fog"
"-79.63","43.68","TORONTO INTL A","6158731","2026-02-18 02:00","2026","02","18","02:00","","0.6","","-0.9","","90","","","","1","","11","","9.7","","99.44","","","","","","Fog"
"-79.63","43.68","TORONTO INTL A","6158731","2026-02-18 03:00","2026","02","18","03:00","","0.5","","-1.3","","88","","","","36","","13","","9.7","","99.39","","","","","","Fog"
"-79.63","43.68","TORONTO INTL A","6158731","2026-02-18 04:00","2026","02","18","04:00","","0.4","","-1.4","","88","","","","2","","9","","16.1","","99.32","","","","","","Cloudy"
"-79.63","43.68","TORONTO INTL A","6158731","2026-02-18 05:00","2026","02","18","05:00","","0.8","","-1.6","","84","","","","3","","7","","16.1","","99.24","","","","","","Rain"
"-79.63","43.68","TORONTO INTL A","6158731","2026-02-18 06:00","2026","02","18","06:00","","2.8","","-3.4","","64","","","","11","","17","","24.1","","99.18","","","","","","NA"
"-79.63","43.68","TORONTO INTL A","6158731","2026-02-18 07:00","2026","02","18","07:00","","2.4","","-3.5","","65","","","","10","","21","","19.3","","99.16","","","","","","Rain"
"-79.63","43.68","TORONTO INTL A","6158731","2026-02-18 08:00","2026","02","18","08:00","","1.7","","-2.7","","73","","","","9","","21","","16.1","","99.13","","","","","","Rain,Ice Pellets"
"-79.63","43.68","TORONTO INTL A","6158731","2026-02-18 09:00","2026","02","18","09:00","","0.8","","-1.9","","82","","","","8","","20","","12.9","","99.04","","","","","","Snow,Ice Pellets"
"-79.63","43.68","TORONTO INTL A","6158731","2026-02-18 10:00","2026","02","18","10:00","","0.0","","-2.8","","81","","","","8","","30","","2.4","","98.94","","","","-6","","Snow,Ice Pellets"
"-79.63","43.68","TORONTO INTL A","6158731","2026-02-18 11:00","2026","02","18","11:00","","-0.7","","-2.3","","89","","","","8","","29","","1.2","","98.90","","","","-7","","Snow"
"-79.63","43.68","TORONTO INTL A","6158731","2026-02-18 12:00","2026","02","18","12:00","","-0.4","","-1.7","","91","","","","8","","26","","6.4","","98.73","","","","-7","","Freezing Rain,Ice Pellets"
"-79.63","43.68","TORONTO INTL A","6158731","2026-02-18 13:00","2026","02","18","13:00","","-0.5","","-1.8","","91","","","","9","","29","","4.0","","98.69","","","","-7","","Freezing Rain,Snow"
"-79.63","43.68","TORONTO INTL A","6158731","2026-02-18 14:00","2026","02","18","14:00","","-0.8","","-2.2","","90","","","","8","","30","","4.0","","98.63","","","","-8","","Snow,Ice Pellets"
"-79.63","43.68","TORONTO INTL A","6158731","2026-02-18 15:00","2026","02","18","15:00","","-1.0","","-2.5","","90","","","","8","","25","","3.2","","98.64","","","","-7","","Snow"
"-79.63","43.68","TORONTO INTL A","6158731","2026-02-18 16:00","2026","02","18","16:00","","-1.1","","-2.6","","90","","","","6","","19","","3.2","","98.67","","","","-6","","Freezing Drizzle"
"-79.63","43.68","TORONTO INTL A","6158731","2026-02-18 17:00","2026","02","18","17:00","","-1.4","","-2.9","","90","","","","6","","19","","8.1","","98.70","","","","-7","","Freezing Drizzle"
"-79.63","43.68","TORONTO INTL A","6158731","2026-02-18 18:00","2026","02","18","18:00","","-1.9","","-3.6","","88","","","","6","","22","","19.3","","98.82","","","","-8","","NA"
"-79.63","43.68","TORONTO INTL A","6158731","2026-02-18 19:00","2026","02","18","19:00","","-2.0","","-4.2","","85","","","","7","","20","","19.3","","98.92","","","","-8","","Cloudy"
"-79.63","43.68","TORONTO INTL A","6158731","2026-02-18 20:00","2026","02","18","20:00","","-1.8","","-4.3","","84","","","","8","","10","","16.1","","99.00","","","","-5","","NA"
"-79.63","43.68","TORONTO INTL A","6158731","2026-02-18 21:00","2026","02","18","21:00","","-1.7","","-4.7","","80","","","","8","","13","","16.1","","98.98","","","","-6","","NA"
"-79.63","43.68","TORONTO INTL A","6158731","2026-02-18 22:00","2026","02","18","22:00","","-1.6","","-5.8","","73","","","","8","","10","","19.3","","99.04","","","","-5","","Cloudy"
"-79.63","43.68","TORONTO INTL A","6158731","2026-02-18 23:00","2026","02","18","23:00","","-0.9","","-5.9","","69","","","","9","","8","","12.9","","99.13","","","","-4","","Hail"
"-79.63","43.68","TORONTO INTL A","6158731","2026-02-19 00:00","2026","02","19","00:00","","-0.8","","-6.1","","68","","","","7","","5","","19.3","","99.14","","","","-2","","NA"
"-79.63","43.68","TORONTO INTL A","6158731","2026-02-19 01:00","2026","02","19","01:00","","-1.0","","-6.4","","67","","","","9","","9","","19.3","","99.12","","","","-4","","Cloudy"
"-79.63","43.68","TORONTO INTL A","6158731","2026-02-19 02:00","2026","02","19","02:00","","-0.9","","-7.0","","64","","","","9","","6","","24.1","","99.17","","","","-3","","NA"
"-79.63","43.68","TORONTO INTL A","6158731","2026-02-19 03:00","2026","02","19","03:00","","-0.9","","-6.6","","65","","","","9","","11","","24.1","","99.22","","","","-5","","NA"
"-79.63","43.68","TORONTO INTL A","6158731","2026-02-19 04:00","2026","02","19","04:00","","-0.9","","-5.8","","69","","","","9","","10","","24.1","","99.26","","","","-4","","Cloudy"
"-79.63","43.68","TORONTO INTL A","6158731","2026-02-19 05:00","2026","02","19","05:00","","-1.0","","-6.0","","69","","","","7","","14","","24.1","","99.30","","","","-5","","NA"
"-79.63","43.68","TORONTO INTL A","6158731","2026-02-19 06:00","2026","02","19","06:00","","-1.0","","-5.6","","71","","","","10","","10","","24.1","","99.29","","","","-5","","NA"
"-79.63","43.68","TORONTO INTL A","6158731","2026-02-19 07:00","2026","02","19","07:00","","-0.9","","-5.5","","71","","","","9","","10","","24.1","","99.30","","","","-4","","Mostly Cloudy"
"-79.63","43.68","TORONTO INTL A","6158731","2026-02-19 08:00","2026","02","19","08:00","","-0.8","","-5.1","","72","","","","10","","13","","24.1","","99.32","","","","-5","","NA"
"-79.63","43.68","TORONTO INTL A","6158731","2026-02-19 09:00","2026","02","19","09:00","","-0.5","","-4.6","","74","","","","10","","17","","24.1","","99.33","","","","-5","","NA"
"-79.63","43.68","TORONTO INTL A","6158731","2026-02-19 10:00","2026","02","19","10:00","","-0.2","","-3.8","","77","","","","11","","19","","24.1","","99.40","","","","-5","","Cloudy"
"-79.63","43.68","TORONTO INTL A","6158731","2026-02-19 11:00","2026","02","19","11:00","","0.1","","-3.4","","77","","","","8","","18","","24.1","","99.36","","","","","","NA"
"-79.63","43.68","TORONTO INTL A","6158731","2026-02-19 12:00","2026","02","19","12:00","","0.2","","-2.9","","80","","","","8","","14","","24.1","","99.37","","","","","","NA"
"-79.63","43.68","TORONTO INTL A","6158731","2026-02-19 13:00","2026","02","19","13:00","","0.6","","-2.2","","81","","","","8","","15","","24.1","","99.27","","","","","","Cloudy"
"-79.63","43.68","TORONTO INTL A","6158731","2026-02-19 14:00","2026","02","19","14:00","","0.8","","-2.2","","80","","","","9","","14","","24.1","","99.21","","","","","","NA"
"-79.63","43.68","TORONTO INTL A","6158731","2026-02-19 15:00","2026","02","19","15:00","","0.9","","-2.0","","80","","","","10","","13","","24.1","","99.17","","","","","","NA"
"-79.63","43.68","TORONTO INTL A","6158731","2026-02-19 16:00","2026","02","19","16:00","","0.5","","-1.7","","85","","","","9","","18","","24.1","","99.12","","","","","","Mostly Cloudy"
"-79.63","43.68","TORONTO INTL A","6158731","2026-02-19 17:00","2026","02","19","17:00","","0.8","","-1.4","","85","","","","10","","15","","24.1","","99.12","","","","","","NA"
"-79.63","43.68","TORONTO INTL A","6158731","2026-02-19 18:00","2026","02","19","18:00","","1.0","","-1.8","","82","","","","9","","20","","24.1","","99.11","","","","","","NA"
"-79.63","43.68","TORONTO INTL A","6158731","2026-02-19 19:00","2026","02","19","19:00","","1.0","","-0.6","","89","","","","8","","15","","24.1","","99.10","","","","","","Cloudy"
"-79.63","43.68","TORONTO INTL A","6158731","2026-02-19 20:00","2026","02","19","20:00","","1.3","","-0.2","","89","","","","10","","18","","24.1","","99.11","","","","","","NA"
"-79.63","43.68","TORONTO INTL A","6158731","2026-02-19 21:00","2026","02","19","21:00","","1.3","","-0.5","","88","","","","8","","19","","24.1","","99.02","","","","","","NA"
"-79.63","43.68","TORONTO INTL A","6158731","2026-02-19 22:00","2026","02","19","22:00","","1.4","","-0.6","","86","","","","8","","24","","24.1","","98.94","","","","","","Cloudy"
"-79.63","43.68","TORONTO INTL A","6158731","2026-02-19 23:00","2026","02","19","23:00","","1.7","","-0.3","","87","","","","10","","22","","24.1","","98.95","","","","","","NA"
"-79.63","43.68","TORONTO INTL A","6158731","2026-02-20 00:00","2026","02","20","00:00","","1.6","","-0.2","","88","","","","8","","20","","24.1","","98.83","","","","","","NA"
"-79.63","43.68","TORONTO INTL A","6158731","2026-02-20 01:00","2026","02","20","01:00","","1.6","","0.3","","91","","","","8","","24","","24.1","","98.70","","","","","","Cloudy"
"-79.63","43.68","TORONTO INTL A","6158731","2026-02-20 02:00","2026","02","20","02:00","","1.6","","0.7","","94","","","","8","","21","","24.1","","98.62","","","","","","NA"
"-79.63","43.68","TORONTO INTL A","6158731","2026-02-20 03:00","2026","02","20","03:00","","1.7","","0.9","","95","","","","7","","21","","24.1","","98.42","","","","","","NA"
"-79.63","43.68","TORONTO INTL A","6158731","2026-02-20 04:00","2026","02","20","04:00","","2.3","","1.4","","94","","","","9","","26","","12.9","","98.33","","","","","","Mostly Cloudy"
"-79.63","43.68","TORONTO INTL A","6158731","2026-02-20 05:00","2026","02","20","05:00","","2.0","","1.0","","93","","","","9","","35","","9.7","","98.26","","","","","","Fog"
"-79.63","43.68","TORONTO INTL A","6158731","2026-02-20 06:00","2026","02","20","06:00","","2.0","","1.0","","93","","","","9","","30","","9.7","","98.23","","","","","","Fog"
"-79.63","43.68","TORONTO INTL A","6158731","2026-02-20 07:00","2026","02","20","07:00","","1.8","","0.8","","93","","","","9","","27","","9.7","","98.15","","","","","","Rain,Fog"
"-79.63","43.68","TORONTO INTL A","6158731","2026-02-20 08:00","2026","02","20","08:00","","1.7","","0.8","","94","","","","9","","31","","8.1","","98.09","","","","","","Rain,Fog"
"-79.63","43.68","TORONTO INTL A","6158731","2026-02-20 09:00","2026","02","20","09:00","","1.8","","1.0","","94","","","","9","","30","","8.1","","97.98","","","","","","Rain,Fog"
"-79.63","43.68","TORONTO INTL A","6158731","2026-02-20 10:00","2026","02","20","10:00","","1.8","","1.0","","94","","","","9","","31","","6.4","","97.83","","","","","","Rain,Fog"
"-79.63","43.68","TORONTO INTL A","6158731","2026-02-20 11:00","2026","02","20","11:00","","1.8","","1.1","","95","","","","9","","31","","9.7","","97.70","","","","","","Fog"
"-79.63","43.68","TORONTO INTL A","6158731","2026-02-20 12:00","2026","02","20","12:00","","1.9","","1.2","","95","","","","9","","31","","4.8","","97.56","","","","","","Drizzle,Fog"
"-79.63","43.68","TORONTO INTL A","6158731","2026-02-20 13:00","2026","02","20","13:00","","1.9","","1.2","","95","","","","8","","24","","6.4","","97.45","","","","","","Rain,Fog"
"-79.63","43.68","TORONTO INTL A","6158731","2026-02-20 14:00","2026","02","20","14:00","","1.9","","1.2","","95","","","","10","","19","","9.7","","97.52","","","","","","Rain,Fog"
"-79.63","43.68","TORONTO INTL A","6158731","2026-02-20 15:00","2026","02","20","15:00","","2.1","","1.4","","95","","","","8","","7","","9.7","","97.58","","","","","","Rain,Fog"
"-79.63","43.68","TORONTO INTL A","6158731","2026-02-20 16:00","2026","02","20","16:00","","2.3","","1.4","","94","","","","23","","17","","16.1","","97.73","","","","","","Cloudy"
"-79.63","43.68","TORONTO INTL A","6158731","2026-02-20 17:00","2026","02","20","17:00","","2.0","","-0.1","","86","","","","24","","33","","16.1","","97.88","","","","","","NA"
"-79.63","43.68","TORONTO INTL A","6158731","2026-02-20 18:00","2026","02","20","18:00","","2.1","","-0.8","","81","","","","23","","27","","24.1","","97.99","","","","","","NA"
"-79.63","43.68","TORONTO INTL A","6158731","2026-02-20 19:00","2026","02","20","19:00","","1.8","","-1.0","","82","","","","23","","16","","16.1","","98.13","","","","","","Snow"
"-79.63","43.68","TORONTO INTL A","6158731","2026-02-20 20:00","2026","02","20","20:00","","1.4","","-1.0","","84","","","","24","","19","","16.1","","98.24","","","","","","Snow"
"-79.63","43.68","TORONTO INTL A","6158731","2026-02-20 21:00","2026","02","20","21:00","","1.2","","-0.9","","86","","","","24","","27","","16.1","","98.29","","","","","","Snow"
"-79.63","43.68","TORONTO INTL A","6158731","2026-02-20 22:00","2026","02","20","22:00","","1.2","","-0.8","","87","","","","23","","14","","16.1","","98.33","","","","","","Snow"
"-79.63","43.68","TORONTO INTL A","6158731","2026-02-20 23:00","2026","02","20","23:00","","1.4","","-1.0","","84","","","","23","","13","","24.1","","98.40","","","","","","NA"
"-79.63","43.68","TORONTO INTL A","6158731","2026-02-21 00:00","2026","02","21","00:00","","1.5","","-1.1","","83","","","","24","","15","","24.1","","98.49","","","","","","NA"
"-79.63","43.68","TORONTO INTL A","6158731","2026-02-21 01:00","2026","02","21","01:00","","1.8","","-1.0","","82","","","","26","","18","","24.1","","98.60","","","","","","Cloudy"
"-79.63","43.68","TORONTO INTL A","6158731","2026-02-21 02:00","2026","02","21","02:00","","1.7","","-1.0","","82","","","","24","","19","","24.1","","98.69","","","","","","NA"
"-79.63","43.68","TORONTO INTL A","6158731","2026-02-21 03:00","2026","02","21","03:00","","1.7","","-1.0","","82","","","","26","","19","","24.1","","98.75","","","","","","NA"
"-79.63","43.68","TORONTO INTL A","6158731","2026-02-21 04:00","2026","02","21","04:00","","1.6","","-1.2","","81","","","","26","","21","","24.1","","98.81","","","","","","Mostly Cloudy"
"-79.63","43.68","TORONTO INTL A","6158731","2026-02-21 05:00","2026","02","21","05:00","","1.5","","-1.2","","82","","","","25","","14","","24.1","","98.88","","","","","","NA"
"-79.63","43.68","TORONTO INTL A","6158731","2026-02-21 06:00","2026","02","21","06:00","","1.6","","-1.4","","80","","","","23","","13","","24.1","","98.96","","","","","","NA"
"-79.63","43.68","TORONTO INTL A","6158731","2026-02-21 07:00","2026","02","21","07:00","","1.4","","-1.3","","82","","","","22","","14","","16.1","","99.06","","","","","","Cloudy"
"-79.63","43.68","TORONTO INTL A","6158731","2026-02-21 08:00","2026","02","21","08:00","","1.3","","-1.1","","84","","","","21","","9","","16.1","","99.18","","","","","","NA"
"-79.63","43.68","TORONTO INTL A","6158731","2026-02-21 09:00","2026","02","21","09:00","","1.0","","-0.6","","89","","","","21","","11","","6.4","","99.26","","","","","","Snow"
"-79.63","43.68","TORONTO INTL A","6158731","2026-02-21 10:00","2026","02","21","10:00","","1.0","","-0.2","","91","","","","22","","11","","6.4","","99.31","","","","","","Snow,Fog"
"-79.63","43.68","TORONTO INTL A","6158731","2026-02-21 11:00","2026","02","21","11:00","","1.1","","-0.1","","92","","","","21","","11","","4.8","","99.37","","","","","","Rain,Snow,Fog"
"-79.63","43.68","TORONTO INTL A","6158731","2026-02-21 12:00","2026","02","21","12:00","","1.6","","-0.1","","89","","","","24","","13","","12.9","","99.38","","","","","","NA"
"-79.63","43.68","TORONTO INTL A","6158731","2026-02-21 13:00","2026","02","21","13:00","","1.8","","-0.8","","83","","","","24","","18","","16.1","","99.38","","","","","","Snow"
"-79.63","43.68","TORONTO INTL A","6158731","2026-02-21 14:00","2026","02","21","14:00","","1.8","","-0.8","","83","","","","24","","13","","9.7","","99.39","","","","","","Snow"
"-79.63","43.68","TORONTO INTL A","6158731","2026-02-21 15:00","2026","02","21","15:00","","1.9","","-1.0","","81","","","","26","","11","","16.1","","99.42","","","","","","NA"
"-79.63","43.68","TORONTO INTL A","6158731","2026-02-21 16:00","2026","02","21","16:00","","1.9","","-1.3","","80","","","","26","","14","","24.1","","99.47","","","","","","Cloudy"
"-79.63","43.68","TORONTO INTL A","6158731","2026-02-21 17:00","2026","02","21","17:00","","1.6","","-1.5","","80","","","","25","","16","","24.1","","99.52","","","","","","NA"
"-79.63","43.68","TORONTO INTL A","6158731","2026-02-21 18:00","2026","02","21","18:00","","1.6","","-1.2","","82","","","","28","","10","","24.1","","99.55","","","","","","NA"
"-79.63","43.68","TORONTO INTL A","6158731","2026-02-21 19:00","2026","02","21","19:00","","1.5","","-1.4","","81","","","","28","","7","","24.1","","99.60","","","","","","Mostly Cloudy"
"-79.63","43.68","TORONTO INTL A","6158731","2026-02-21 20:00","2026","02","21","20:00","","1.4","","-1.5","","81","","","","","","0","","24.1","","99.63","","","","","","NA"
"-79.63","43.68","TORONTO INTL A","6158731","2026-02-21 21:00","2026","02","21","21:00","","0.3","","-0.9","","92","","","","7","","7","","8.1","","99.66","","","","","","Rain,Fog"
"-79.63","43.68","TORONTO INTL A","6158731","2026-02-21 22:00","2026","02","21","22:00","","-0.4","","-1.2","","94","","","","7","","11","","6.4","","99.66","","","","-4","","Snow,Fog"
"-79.63","43.68","TORONTO INTL A","6158731","2026-02-21 23:00","2026","02","21","23:00","","-0.8","","-1.6","","94","","","","7","","13","","6.4","","99.64","","","","-5","","Snow,Fog"
"-79.63","43.68","TORONTO INTL A","6158731","2026-02-22 00:00","2026","02","22","00:00","","-0.9","","-1.8","","94","","","","8","","14","","6.4","","99.62","","","","-5","","Snow,Fog"
"-79.63","43.68","TORONTO INTL A","6158731","2026-02-22 01:00","2026","02","22","01:00","","-1.3","","-2.1","","94","","","","9","","13","","6.4","","99.61","","","","-6","","Snow,Fog"
"-79.63","43.68","TORONTO INTL A","6158731","2026-02-22 02:00","2026","02","22","02:00","","-1.4","","-2.2","","94","","","","10","","14","","12.9","","99.58","","","","-6","","Snow"
"-79.63","43.68","TORONTO INTL A","6158731","2026-02-22 03:00","2026","02","22","03:00","","-1.5","","-2.3","","95","","","","8","","14","","12.9","","99.53","","","","-6","","Snow"
"-79.63","43.68","TORONTO INTL A","6158731","2026-02-22 04:00","2026","02","22","04:00","","-1.7","","-2.4","","95","","","","8","","15","","3.2","","99.48","","","","-7","","Snow,Fog"
"-79.63","43.68","TORONTO INTL A","6158731","2026-02-22 05:00","2026","02","22","05:00","","-1.8","","-2.6","","94","","","","8","","17","","6.4","","99.45","","","","-7","","Snow,Fog"
"-79.63","43.68","TORONTO INTL A","6158731","2026-02-22 06:00","2026","02","22","06:00","","-1.6","","-2.6","","93","","","","8","","14","","12.9","","99.45","","","","-6","","Snow"
"-79.63","43.68","TORONTO INTL A","6158731","2026-02-22 07:00","2026","02","22","07:00","","-1.6","","-2.7","","93","","","","7","","14","","8.1","","99.45","","","","-6","","Snow"
"-79.63","43.68","TORONTO INTL A","6158731","2026-02-22 08:00","2026","02","22","08:00","","-1.7","","-2.8","","92","","","","6","","11","","4.8","","99.45","","","","-6","","Snow"
"-79.63","43.68","TORONTO INTL A","6158731","2026-02-22 09:00","2026","02","22","09:00","","-1.7","","-2.9","","92","","","","8","","19","","6.4","","99.44","","","","-7","","Snow"
"-79.63","43.68","TORONTO INTL A","6158731","2026-02-22 10:00","2026","02","22","10:00","","-1.4","","-2.7","","91","","","","7","","14","","4.8","","99.44","","","","-6","","Snow,Fog"
"-79.63","43.68","TORONTO INTL A","6158731","2026-02-22 11:00","2026","02","22","11:00","","-1.2","","-2.7","","90","","","","9","","14","","4.0","","99.42","","","","-6","","Snow"
"-79.63","43.68","TORONTO INTL A","6158731","2026-02-22 12:00","2026","02","22","12:00","","-0.8","","-2.3","","90","","","","9","","13","","2.4","","99.41","","","","-5","","Snow"
"-79.63","43.68","TORONTO INTL A","6158731","2026-02-22 13:00","2026","02","22","13:00","","-0.5","","-2.0","","89","","","","9","","10","","3.2","","99.37","","","","-4","","Snow"
"-79.63","43.68","TORONTO INTL A","6158731","2026-02-22 14:00","2026","02","22","14:00","","-0.5","","-2.2","","88","","","","8","","13","","4.8","","99.36","","","","-5","","Snow"
"-79.63","43.68","TORONTO INTL A","6158731","2026-02-22 15:00","2026","02","22","15:00","","-0.3","","-2.2","","87","","","","11","","8","","16.1","","99.37","","","","-3","","NA"
"-79.63","43.68","TORONTO INTL A","6158731","2026-02-22 16:00","2026","02","22","16:00","","-0.1","","-2.0","","87","","","","8","","7","","4.0","","99.39","","","","-3","","Snow"
"-79.63","43.68","TORONTO INTL A","6158731","2026-02-22 17:00","2026","02","22","17:00","","-0.2","","-2.2","","87","","","","8","","3","","16.1","","99.42","","","","-1","","NA"
"-79.63","43.68","TORONTO INTL A","6158731","2026-02-22 18:00","2026","02","22","18:00","","-0.1","","-2.2","","85","","","","4","","7","","11.3","","99.46","","","","-3","","Snow"
"-79.63","43.68","TORONTO INTL A","6158731","2026-02-22 19:00","2026","02","22","19:00","","-0.5","","-2.2","","88","","","","5","","5","","9.7","","99.50","","","","-2","","Snow"
"-79.63","43.68","TORONTO INTL A","6158731","2026-02-22 20:00","2026","02","22","20:00","","-0.6","","-1.9","","91","","","","2","","8","","9.7","","99.50","","","","-3","","Snow"
"-79.63","43.68","TORONTO INTL A","6158731","2026-02-22 21:00","2026","02","22","21:00","","-0.4","","-1.7","","91","","","","36","","13","","9.7","","99.47","","","","-5","","Snow"
"-79.63","43.68","TORONTO INTL A","6158731","2026-02-22 22:00","2026","02","22","22:00","","-0.7","","-2.0","","91","","","","36","","13","","11.3","","99.46","","","","-5","","Cloudy"
"-79.63","43.68","TORONTO INTL A","6158731","2026-02-22 23:00","2026","02","22","23:00","","-1.0","","-2.7","","88","","","","35","","16","","16.1","","99.45","","","","-6","","NA"
"-79.63","43.68","TORONTO INTL A","6158731","2026-02-23 00:00","2026","02","23","00:00","","-1.8","","-3.4","","89","","","","34","","21","","16.1","","99.38","","","","-8","","NA"
"-79.63","43.68","TORONTO INTL A","6158731","2026-02-23 01:00","2026","02","23","01:00","","-1.5","","-3.0","","89","","","","36","","14","","11.3","","99.41","","","","-6","","Cloudy"
"-79.63","43.68","TORONTO INTL A","6158731","2026-02-23 02:00","2026","02","23","02:00","","-1.2","","-3.1","","87","","","","36","","21","","16.1","","99.42","","","","-7","","NA"
"-79.63","43.68","TORONTO INTL A","6158731","2026-02-23 03:00","2026","02","23","03:00","","-1.4","","-3.5","","86","","","","1","","19","","16.1","","99.40","","","","-7","","NA"
"-79.63","43.68","TORONTO INTL A","6158731","2026-02-23 04:00","2026","02","23","04:00","","-2.7","","-5.2","","83","","","","36","","21","","24.1","","99.38","","","","-9","","Mostly Cloudy"
"-79.63","43.68","TORONTO INTL A","6158731","2026-02-23 05:00","2026","02","23","05:00","","-3.4","","-6.2","","81","","","","34","","31","","24.1","","99.41","","","","-11","","NA"
"-79.63","43.68","TORONTO INTL A","6158731","2026-02-23 06:00","2026","02","23","06:00","","-3.0","","-5.8","","81","","","","35","","34","","24.1","","99.40","","","","-11","","NA"
"-79.63","43.68","TORONTO INTL A","6158731","2026-02-23 07:00","2026","02","23","07:00","","-3.1","","-5.9","","81","","","","34","","32","","24.1","","99.37","","","","-11","","Mostly Cloudy"
"-79.63","43.68","TORONTO INTL A","6158731","2026-02-23 08:00","2026","02","23","08:00","","-2.7","","-5.4","","82","","","","35","","24","","24.1","","99.51","","","","-9","","NA"
"-79.63","43.68","TORONTO INTL A","6158731","2026-02-23 09:00","2026","02","23","09:00","","-2.5","","-5.1","","82","","","","34","","30","","24.1","","99.54","","","","-10","","NA"
"-79.63","43.68","TORONTO INTL A","6158731","2026-02-23 10:00","2026","02","23","10:00","","-3.6","","-6.3","","82","","","","33","","35","","24.1","","99.56","","","","-12","","Cloudy"
"-79.63","43.68","TORONTO INTL A","6158731","2026-02-23 11:00","2026","02","23","11:00","","-4.1","","-7.7","","76","","","","33","","39","","24.1","","99.55","","","","-13","","NA"
"-79.63","43.68","TORONTO INTL A","6158731","2026-02-23 12:00","2026","02","23","12:00","","-3.7","","-8.1","","72","","","","35","","37","","24.1","","99.53","","","","-12","","NA"
"-79.63","43.68","TORONTO INTL A","6158731","2026-02-23 13:00","2026","02","23","13:00","","-3.8","","-8.6","","69","","","","34","","42","","24.1","","99.54","","","","-13","","Mostly Cloudy"
"-79.63","43.68","TORONTO INTL A","6158731","2026-02-23 14:00","2026","02","23","14:00","","-4.4","","-9.5","","67","","","","34","","34","","24.1","","99.55","","","","-13","","NA"
"-79.63","43.68","TORONTO INTL A","6158731","2026-02-23 15:00","2026","02","23","15:00","","-4.9","","-10.0","","68","","","","34","","45","","24.1","","99.56","","","","-14","","NA"
"-79.63","43.68","TORONTO INTL A","6158731","2026-02-23 16:00","2026","02","23","16:00","","-5.7","","-10.5","","69","","","","33","","44","","24.1","","99.59","","","","-15","","Mostly Cloudy"
"-79.63","43.68","TORONTO INTL A","6158731","2026-02-23 17:00","2026","02","23","17:00","","-6.3","","-11.3","","68","","","","35","","37","","24.1","","99.61","","","","-16","","NA"
"-79.63","43.68","TORONTO INTL A","6158731","2026-02-23 18:00","2026","02","23","18:00","","-7.2","","-11.8","","70","","","","33","","38","","24.1","","99.68","","","","-17","","NA"
"-79.63","43.68","TORONTO INTL A","6158731","2026-02-23 19:00","2026","02","23","19:00","","-7.6","","-12.3","","69","","","","33","","36","","24.1","","99.74","","","","-17","","Mainly Clear"
"-79.63","43.68","TORONTO INTL A","6158731","2026-02-23 20:00","2026","02","23","20:00","","-8.1","","-12.4","","71","","","","33","","36","","24.1","","99.74","","","","-18","","NA"
"-79.63","43.68","TORONTO INTL A","6158731","2026-02-23 21:00","2026","02","23","21:00","","-8.0","","-12.3","","72","","","","33","","34","","24.1","","99.75","","","","-17","","NA"
"-79.63","43.68","TORONTO INTL A","6158731","2026-02-23 22:00","2026","02","23","22:00","","-8.8","","-12.8","","73","","","","34","","30","","19.3","","99.76","","","","-18","","Snow"
"-79.63","43.68","TORONTO INTL A","6158731","2026-02-23 23:00","2026","02","23","23:00","","-9.7","","-14.5","","69","","","","34","","36","","24.1","","99.75","","","","-20","","NA"
"-79.63","43.68","TORONTO INTL A","6158731","2026-02-24 00:00","2026","02","24","00:00","","-10.8","","-15.3","","70","","","","33","","35","","24.1","","99.73","","","","-21","","NA"
"-79.63","43.68","TORONTO INTL A","6158731","2026-02-24 01:00","2026","02","24","01:00","","-11.4","","-15.7","","71","","","","33","","26","","24.1","","99.71","","","","-21","","Clear"
"-79.63","43.68","TORONTO INTL A","6158731","2026-02-24 02:00","2026","02","24","02:00","","-11.6","","-15.6","","72","","","","33","","25","","24.1","","99.67","","","","-21","","NA"
"-79.63","43.68","TORONTO INTL A","6158731","2026-02-24 03:00","2026","02","24","03:00","","-11.8","","-15.5","","74","","","","32","","24","","24.1","","99.67","","","","-21","","NA"
"-79.63","43.68","TORONTO INTL A","6158731","2026-02-24 04:00","2026","02","24","04:00","","-11.4","","-15.5","","72","","","","32","","27","","24.1","","99.67","","","","-21","","Mostly Cloudy"
"-79.63","43.68","TORONTO INTL A","6158731","2026-02-24 05:00","2026","02","24","05:00","","-12.8","","-16.7","","72","","","","34","","27","","24.1","","99.66","","","","-23","","NA"
"-79.63","43.68","TORONTO INTL A","6158731","2026-02-24 06:00","2026","02","24","06:00","","-14.1","","-17.8","","74","","","","34","","21","","24.1","","99.73","","","","-23","","NA"
"-79.63","43.68","TORONTO INTL A","6158731","2026-02-24 07:00","2026","02","24","07:00","","-14.8","","-18.6","","74","","","","34","","14","","24.1","","99.71","","","","-22","","Mainly Clear"
"-79.63","43.68","TORONTO INTL A","6158731","2026-02-24 08:00","2026","02","24","08:00","","-14.8","","-18.6","","73","","","","35","","9","","24.1","","99.71","","","","-21","","NA"
"-79.63","43.68","TORONTO INTL A","6158731","2026-02-24 09:00","2026","02","24","09:00","","-13.6","","-17.9","","70","","","","32","","13","","24.1","","99.67","","","","-21","","NA"
"-79.63","43.68","TORONTO INTL A","6158731","2026-02-24 10:00","2026","02","24","10:00","","-12.1","","-17.6","","64","","","","27","","8","","19.3","","99.61","","","","-17","","Mostly Cloudy"
"-79.63","43.68","TORONTO INTL A","6158731","2026-02-24 11:00","2026","02","24","11:00","","-10.0","","-16.4","","60","","","","27","","10","","24.1","","99.54","","","","-15","","NA"
"-79.63","43.68","TORONTO INTL A","6158731","2026-02-24 12:00","2026","02","24","12:00","","-8.4","","-15.9","","55","","","","24","","12","","24.1","","99.38","","","","-14","","NA"
"-79.63","43.68","TORONTO INTL A","6158731","2026-02-24 13:00","2026","02","24","13:00","","-6.5","","-13.6","","57","","","","25","","14","","24.1","","99.22","","","","-12","","Mostly Cloudy"
"-79.63","43.68","TORONTO INTL A","6158731","2026-02-24 14:00","2026","02","24","14:00","","-6.6","","-13.0","","61","","","","13","","16","","24.1","","99.09","","","","-13","","NA"
"-79.63","43.68","TORONTO INTL A","6158731","2026-02-24 15:00","2026","02","24","15:00","","-5.2","","-13.7","","51","","","","22","","20","","24.1","","98.97","","","","-12","","NA"
"-79.63","43.68","TORONTO INTL A","6158731","2026-02-24 16:00","2026","02","24","16:00","","-4.4","","-12.7","","53","","","","20","","19","","24.1","","98.87","","","","-11","","Mostly Cloudy"
"-79.63","43.68","TORONTO INTL A","6158731","2026-02-24 17:00","2026","02","24","17:00","","-3.9","","-11.7","","55","","","","15","","12","","24.1","","98.74","","","","-9","","NA"
"-79.63","43.68","TORONTO INTL A","6158731","2026-02-24 18:00","2026","02","24","18:00","","-4.9","","-12.1","","57","","","","21","","24","","24.1","","98.67","","","","-12","","NA"
"-79.63","43.68","TORONTO INTL A","6158731","2026-02-24 19:00","2026","02","24","19:00","","-5.0","","-10.9","","63","","","","16","","10","","24.1","","98.52","","","","-9","","Mostly Cloudy"
"-79.63","43.68","TORONTO INTL A","6158731","2026-02-24 20:00","2026","02","24","20:00","","-4.5","","-8.9","","71","","","","17","","17","","24.1","","98.36","","","","-10","","NA"
"-79.63","43.68","TORONTO INTL A","6158731","2026-02-24 21:00","2026","02","24","21:00","","-4.2","","-8.6","","72","","","","16","","18","","24.1","","98.28","","","","-10","","NA"
"-79.63","43.68","TORONTO INTL A","6158731","2026-02-24 22:00","2026","02","24","22:00","","-3.9","","-8.3","","72","","","","17","","17","","9.7","","98.23","","","","-10","","Snow"
"-79.63","43.68","TORONTO INTL A","6158731","2026-02-24 23:00","2026","02","24","23:00","","-4.5","","-6.2","","88","","","","15","","14","","1.6","","98.05","","","","-10","","Snow"
"-79.63","43.68","TORONTO INTL A","6158731","2026-02-25 00:00","2026","02","25","00:00","","-4.3","","-5.6","","91","","","","14","","14","","1.6","","97.84","","","","-9","","Snow"
"-79.63","43.68","TORONTO INTL A","6158731","2026-02-25 01:00","2026","02","25","01:00","","-3.3","","-4.4","","92","","","","17","","16","","2.0","","97.69","","","","-9","","Snow"
"-79.63","43.68","TORONTO INTL A","6158731","2026-02-25 02:00","2026","02","25","02:00","","-2.8","","-3.9","","92","","","","18","","17","","4.0","","97.58","","","","-8","","Snow"
"-79.63","43.68","TORONTO INTL A","6158731","2026-02-25 03:00","2026","02","25","03:00","","-3.1","","-4.5","","90","","","","23","","16","","19.3","","97.57","","","","-8","","NA"
"-79.63","43.68","TORONTO INTL A","6158731","2026-02-25 04:00","2026","02","25","04:00","","-2.5","","-4.1","","89","","","","22","","14","","19.3","","97.53","","","","-7","","Cloudy"
"-79.63","43.68","TORONTO INTL A","6158731","2026-02-25 05:00","2026","02","25","05:00","","-1.6","","-3.5","","87","","","","21","","10","","19.3","","97.54","","","","-5","","NA"
"-79.63","43.68","TORONTO INTL A","6158731","2026-02-25 06:00","2026","02","25","06:00","","-0.7","","-3.2","","84","","","","21","","13","","19.3","","97.54","","","","-5","","NA"
"-79.63","43.68","TORONTO INTL A","6158731","2026-02-25 07:00","2026","02","25","07:00","","-0.5","","-3.2","","82","","","","22","","13","","16.1","","97.56","","","","-5","","Snow"
"-79.63","43.68","TORONTO INTL A","6158731","2026-02-25 08:00","2026","02","25","08:00","","-0.5","","-2.8","","85","","","","21","","14","","9.7","","97.58","","","","-5","","Freezing Drizzle"
"-79.63","43.68","TORONTO INTL A","6158731","2026-02-25 09:00","2026","02","25","09:00","","-0.2","","-2.3","","85","","","","23","","16","","9.7","","97.58","","","","-5","","Snow"
"-79.63","43.68","TORONTO INTL A","6158731","2026-02-25 10:00","2026","02","25","10:00","","0.9","","-2.6","","78","","","","23","","23","","16.1","","97.56","","","","","","Mostly Cloudy"
"-79.63","43.68","TORONTO INTL A","6158731","2026-02-25 11:00","2026","02","25","11:00","","1.3","","-3.0","","73","","","","24","","22","","19.3","","97.59","","","","","","NA"
"-79.63","43.68","TORONTO INTL A","6158731","2026-02-25 12:00","2026","02","25","12:00","","1.5","","-3.0","","73","","","","24","","26","","19.3","","97.59","","","","","","NA"
"-79.63","43.68","TORONTO INTL A","6158731","2026-02-25 13:00","2026","02","25","13:00","","1.3","","-2.4","","76","","","","23","","22","","16.1","","97.56","","","","","","Snow"
"-79.63","43.68","TORONTO INTL A","6158731","2026-02-25 14:00","2026","02","25","14:00","","0.0","","-3.2","","79","","","","26","","27","","16.1","","97.60","","","","-6","","Snow"
"-79.63","43.68","TORONTO INTL A","6158731","2026-02-25 15:00","2026","02","25","15:00","","0.4","","-4.5","","70","","","","26","","32","","24.1","","97.63","","","","","","NA"
"-79.63","43.68","TORONTO INTL A","6158731","2026-02-25 16:00","2026","02","25","16:00","","-0.8","","-3.9","","80","","","","27","","26","","16.1","","97.76","","","","-7","","Mostly Cloudy"
"-79.63","43.68","TORONTO INTL A","6158731","2026-02-25 17:00","2026","02","25","17:00","","-1.1","","-5.4","","73","","","","30","","43","","24.1","","97.92","","","","-9","","NA"
"-79.63","43.68","TORONTO INTL A","6158731","2026-02-25 18:00","2026","02","25","18:00","","-2.0","","-7.9","","64","","","","29","","25","","24.1","","98.11","","","","-8","","NA"
"-79.63","43.68","TORONTO INTL A","6158731","2026-02-25 19:00","2026","02","25","19:00","","-2.4","","-9.2","","60","","","","29","","31","","24.1","","98.25","","","","-10","","Mostly Cloudy"
"-79.63","43.68","TORONTO INTL A","6158731","2026-02-25 20:00","2026","02","25","20:00","","-2.8","","-8.6","","64","","","","28","","24","","24.1","","98.36","","","","-9","","NA"
"-79.63","43.68","TORONTO INTL A","6158731","2026-02-25 21:00","2026","02","25","21:00","","-3.3","","-8.7","","66","","","","29","","25","","24.1","","98.46","","","","-10","","NA"
"-79.63","43.68","TORONTO INTL A","6158731","2026-02-25 22:00","2026","02","25","22:00","","-4.0","","-10.1","","63","","","","27","","20","","24.1","","98.55","","","","-10","","Cloudy"
"-79.63","43.68","TORONTO INTL A","6158731","2026-02-25 23:00","2026","02","25","23:00","","-4.3","","-10.2","","63","","","","27","","27","","24.1","","98.62","","","","-12","","NA"
"-79.63","43.68","TORONTO INTL A","6158731","2026-02-26 00:00","2026","02","26","00:00","","-5.1","","-10.5","","66","","","","25","","27","","24.1","","98.68","","","","-13","","NA"
"-79.63","43.68","TORONTO INTL A","6158731","2026-02-26 01:00","2026","02","26","01:00","","-6.0","","-11.8","","64","","","","27","","22","","24.1","","98.76","","","","-13","","Mainly Clear"
"-79.63","43.68","TORONTO INTL A","6158731","2026-02-26 02:00","2026","02","26","02:00","","-6.8","","-11.9","","68","","","","27","","21","","24.1","","98.86","","","","-14","","NA"
"-79.63","43.68","TORONTO INTL A","6158731","2026-02-26 03:00","2026","02","26","03:00","","-6.6","","-11.2","","70","","","","29","","13","","24.1","","98.88","","","","-12","","NA"
"-79.63","43.68","TORONTO INTL A","6158731","2026-02-26 04:00","2026","02","26","04:00","","-6.8","","-11.1","","71","","","","30","","20","","24.1","","98.90","","","","-14","","Mostly Cloudy"
"-79.63","43.68","TORONTO INTL A","6158731","2026-02-26 05:00","2026","02","26","05:00","","-6.8","","-10.7","","74","","","","27","","13","","24.1","","98.98","","","","-12","","NA"
"-79.63","43.68","TORONTO INTL A","6158731","2026-02-26 06:00","2026","02","26","06:00","","-6.7","","-10.5","","75","","","","26","","10","","24.1","","99.08","","","","-11","","NA"
"-79.63","43.68","TORONTO INTL A","6158731","2026-02-26 07:00","2026","02","26","07:00","","-6.5","","-10.7","","72","","","","28","","9","","24.1","","99.15","","","","-11","","Mostly Cloudy"
"-79.63","43.68","TORONTO INTL A","6158731","2026-02-26 08:00","2026","02","26","08:00","","-6.8","","-11.4","","70","","","","29","","8","","24.1","","99.15","","","","-11","","NA"
"-79.63","43.68","TORONTO INTL A","6158731","2026-02-26 09:00","2026","02","26","09:00","","-5.5","","-10.7","","67","","","","28","","7","","24.1","","99.21","","","","-9","","NA"
"-79.63","43.68","TORONTO INTL A","6158731","2026-02-26 10:00","2026","02","26","10:00","","-4.0","","-10.6","","61","","","","24","","8","","24.1","","99.33","","","","-7","","Mostly Cloudy"
"-79.63","43.68","TORONTO INTL A","6158731","2026-02-26 11:00","2026","02","26","11:00","","-3.7","","-11.5","","55","","","","23","","12","","24.1","","99.35","","","","-8","","NA"
"-79.63","43.68","TORONTO INTL A","6158731","2026-02-26 12:00","2026","02","26","12:00","","-3.6","","-12.6","","50","","","","28","","8","","24.1","","99.32","","","","-7","","NA"
"-79.63","43.68","TORONTO INTL A","6158731","2026-02-26 13:00","2026","02","26","13:00","","-2.4","","-11.3","","51","","","","25","","19","","24.1","","99.29","","","","-8","","Mostly Cloudy"
"-79.63","43.68","TORONTO INTL A","6158731","2026-02-26 14:00","2026","02","26","14:00","","-2.3","","-11.7","","49","","","","28","","12","","24.1","","99.22","","","","-7","","NA"
"-79.63","43.68","TORONTO INTL A","6158731","2026-02-26 15:00","2026","02","26","15:00","","-2.4","","-12.0","","48","","","","24","","13","","24.1","","99.18","","","","-7","","NA"
"-79.63","43.68","TORONTO INTL A","6158731","2026-02-26 16:00","2026","02","26","16:00","","-2.4","","-11.4","","50","","","","26","","14","","24.1","","99.17","","","","-7","","Mostly Cloudy"
"-79.63","43.68","TORONTO INTL A","6158731","2026-02-26 17:00","2026","02","26","17:00","","-2.6","","-12.8","","46","","","","26","","17","","24.1","","99.19","","","","-8","","NA"
"-79.63","43.68","TORONTO INTL A","6158731","2026-02-26 18:00","2026","02","26","18:00","","-3.6","","-13.3","","47","","","","24","","13","","24.1","","99.19","","","","-8","","NA"
"-79.63","43.68","TORONTO INTL A","6158731","2026-02-26 19:00","2026","02","26","19:00","","-4.3","","-13.0","","51","","","","25","","10","","24.1","","99.24","","","","-8","","Mainly Clear"
"-79.63","43.68","TORONTO INTL A","6158731","2026-02-26 20:00","2026","02","26","20:00","","-3.7","","-12.3","","52","","","","21","","11","","24.1","","99.24","","","","-8","","NA"
"-79.63","43.68","TORONTO INTL A","6158731","2026-02-26 21:00","2026","02","26","21:00","","-5.2","","-12.4","","57","","","","24","","10","","24.1","","99.28","","","","-10","","NA"
"-79.63","43.68","TORONTO INTL A","6158731","2026-02-26 22:00","2026","02","26","22:00","","-4.7","","-11.8","","57","","","","23","","9","","24.1","","99.29","","","","-9","","Mainly Clear"
"-79.63","43.68","TORONTO INTL A","6158731","2026-02-26 23:00","2026","02","26","23:00","","-5.3","","-11.8","","60","","","","22","","9","","24.1","","99.27","","","","-9","","NA"
"-79.63","43.68","TORONTO INTL A","6158731","2026-02-27 00:00","2026","02","27","00:00","","-5.3","","-10.6","","67","","","","25","","8","","24.1","","99.28","","","","-9","","NA"
"-79.63","43.68","TORONTO INTL A","6158731","2026-02-27 01:00","2026","02","27","01:00","","-5.3","","-10.0","","70","","","","24","","9","","24.1","","99.27","","","","-9","","Mostly Cloudy"
"-79.63","43.68","TORONTO INTL A","6158731","2026-02-27 02:00","2026","02","27","02:00","","-5.0","","-9.7","","70","","","","20","","8","","24.1","","99.28","","","","-9","","NA"
"-79.63","43.68","TORONTO INTL A","6158731","2026-02-27 03:00","2026","02","27","03:00","","-5.1","","-9.1","","73","","","","22","","12","","24.1","","99.25","","","","-10","","NA"
"-79.63","43.68","TORONTO INTL A","6158731","2026-02-27 04:00","2026","02","27","04:00","","-5.8","","-9.6","","75","","","","24","","6","","24.1","","99.25","","","","-9","","Mostly Cloudy"
"-79.63","43.68","TORONTO INTL A","6158731","2026-02-27 05:00","2026","02","27","05:00","","-5.6","","-9.2","","76","","","","14","","5","","24.1","","99.25","","","","-8","","NA"
"-79.63","43.68","TORONTO INTL A","6158731","2026-02-27 06:00","2026","02","27","06:00","","-5.2","","-9.0","","75","","","","13","","4","","24.1","","99.30","","","","-7","","NA"
"-79.63","43.68","TORONTO INTL A","6158731","2026-02-27 07:00","2026","02","27","07:00","","-4.7","","-9.1","","71","","","","18","","7","","24.1","","99.29","","","","-8","","Mostly Cloudy"
"-79.63","43.68","TORONTO INTL A","6158731","2026-02-27 08:00","2026","02","27","08:00","","-3.9","","-8.9","","69","","","","17","","6","","24.1","","99.34","","","","-7","","NA"
"-79.63","43.68","TORONTO INTL A","6158731","2026-02-27 09:00","2026","02","27","09:00","","-2.8","","-8.1","","67","","","","24","","4","","24.1","","99.35","","","","-4","","NA"
"-79.63","43.68","TORONTO INTL A","6158731","2026-02-27 10:00","2026","02","27","10:00","","-1.0","","-6.7","","66","","","","24","","10","","24.1","","99.37","","","","-5","","Mostly Cloudy"
"-79.63","43.68","TORONTO INTL A","6158731","2026-02-27 11:00","2026","02","27","11:00","","0.6","","-5.9","","62","","","","22","","13","","24.1","","99.38","","","","","","NA"
"-79.63","43.68","TORONTO INTL A","6158731","2026-02-27 12:00","2026","02","27","12:00","","2.0","","-5.3","","58","","","","20","","10","","24.1","","99.36","","","","","","NA"
"-79.63","43.68","TORONTO INTL A","6158731","2026-02-27 13:00","2026","02","27","13:00","","4.3","","-3.9","","55","","","","18","","17","","24.1","","99.31","","","","","","Mostly Cloudy"
"-79.63","43.68","TORONTO INTL A","6158731","2026-02-27 14:00","2026","02","27","14:00","","5.7","","-2.3","","57","","","","23","","13","","24.1","","99.24","","","","","","NA"
"-79.63","43.68","TORONTO INTL A","6158731","2026-02-27 15:00","2026","02","27","15:00","","6.5","","-1.1","","58","","","","22","","12","","19.3","","99.18","","","","","","NA"
"-79.63","43.68","TORONTO INTL A","6158731","2026-02-27 16:00","2026","02","27","16:00","","7.1","","-0.4","","59","","","","20","","16","","19.3","","99.14","","","","","","Mainly Clear"
"-79.63","43.68","TORONTO INTL A","6158731","2026-02-27 17:00","2026","02","27","17:00","","7.2","","0.0","","61","","","","21","","14","","24.1","","99.08","","","","","","NA"
"-79.63","43.68","TORONTO INTL A","6158731","2026-02-27 18:00","2026","02","27","18:00","","6.0","","-0.1","","64","","","","15","","8","","24.1","","99.05","","","","","","NA"
"-79.63","43.68","TORONTO INTL A","6158731","2026-02-27 19:00","2026","02","27","19:00","","5.1","","-0.2","","69","","","","16","","10","","24.1","","99.01","","","","","","Mainly Clear"
"-79.63","43.68","TORONTO INTL A","6158731","2026-02-27 20:00","2026","02","27","20:00","","4.5","","0.0","","73","","","","15","","10","","24.1","","98.97","","","","","","NA"
"-79.63","43.68","TORONTO INTL A","6158731","2026-02-27 21:00","2026","02","27","21:00","","4.2","","0.0","","74","","","","18","","10","","24.1","","98.91","","","","","","NA"
"-79.63","43.68","TORONTO INTL A","6158731","2026-02-27 22:00","2026","02","27","22:00","","5.2","","-0.1","","69","","","","19","","23","","24.1","","98.86","","","","","","Mostly Cloudy"
"-79.63","43.68","TORONTO INTL A","6158731","2026-02-27 23:00","2026","02","27","23:00","","5.7","","-0.4","","64","","","","19","","18","","24.1","","98.78","","","","","","NA"
"-79.63","43.68","TORONTO INTL A","6158731","2026-02-28 00:00","2026","02","28","00:00","","6.8","","-0.1","","61","","","","20","","23","","24.1","","98.69","","","","","","NA"
"-79.63","43.68","TORONTO INTL A","6158731","2026-02-28 01:00","2026","02","28","01:00","","6.9","","0.3","","63","","","","20","","26","","24.1","","98.62","","","","","","Mostly Cloudy"
"-79.63","43.68","TORONTO INTL A","6158731","2026-02-28 02:00","2026","02","28","02:00","","6.5","","0.1","","63","","","","20","","30","","24.1","","98.52","","","","","","NA"
"-79.63","43.68","TORONTO INTL A","6158731","2026-02-28 03:00","2026","02","28","03:00","","6.4","","0.3","","65","","","","21","","19","","24.1","","98.44","","","","","","NA"
"-79.63","43.68","TORONTO INTL A","6158731","2026-02-28 04:00","2026","02","28","04:00","","6.2","","1.5","","72","","","","23","","16","","24.1","","98.46","","","","","","Mostly Cloudy"
"-79.63","43.68","TORONTO INTL A","6158731","2026-02-28 05:00","2026","02","28","05:00","","6.0","","1.8","","74","","","","22","","14","","24.1","","98.60","","","","","","NA"
"-79.63","43.68","TORONTO INTL A","6158731","2026-02-28 06:00","2026","02","28","06:00","","5.2","","1.2","","76","","","","23","","14","","24.1","","98.66","","","","","","NA"
"-79.63","43.68","TORONTO INTL A","6158731","2026-02-28 07:00","2026","02","28","07:00","","2.8","","-1.0","","76","","","","35","","28","","24.1","","98.86","","","","","","Mainly Clear"
"-79.63","43.68","TORONTO INTL A","6158731","2026-02-28 08:00","2026","02","28","08:00","","1.8","","-1.8","","77","","","","34","","23","","24.1","","99.10","","","","","","NA"
"-79.63","43.68","TORONTO INTL A","6158731","2026-02-28 09:00","2026","02","28","09:00","","1.5","","-4.0","","67","","","","32","","29","","24.1","","99.23","","","","","","NA"
"-79.63","43.68","TORONTO INTL A","6158731","2026-02-28 10:00","2026","02","28","10:00","","1.3","","-5.5","","61","","","","31","","32","","24.1","","99.38","","","","","","Mostly Cloudy"
"-79.63","43.68","TORONTO INTL A","6158731","2026-02-28 11:00","2026","02","28","11:00","","0.8","","-7.0","","56","","","","32","","36","","24.1","","99.56","","","","","","NA"
"-79.63","43.68","TORONTO INTL A","6158731","2026-02-28 12:00","2026","02","28","12:00","","0.2","","-7.4","","57","","","","32","","27","","24.1","","99.70","","","","","","NA"
"-79.63","43.68","TORONTO INTL A","6158731","2026-02-28 13:00","2026","02","28","13:00","","-0.3","","-7.8","","57","","","","30","","28","","24.1","","99.78","","","","-7","","Mostly Cloudy"
"-79.63","43.68","TORONTO INTL A","6158731","2026-02-28 14:00","2026","02","28","14:00","","-0.5","","-8.2","","56","","","","30","","31","","24.1","","99.81","","","","-7","","NA"
"-79.63","43.68","TORONTO INTL A","6158731","2026-02-28 15:00","2026","02","28","15:00","","-0.7","","-8.4","","56","","","","32","","30","","24.1","","99.87","","","","-7","","NA"
"-79.63","43.68","TORONTO INTL A","6158731","2026-02-28 16:00","2026","02","28","16:00","","-1.2","","-8.9","","56","","","","31","","26","","24.1","","99.92","","","","-8","","Mostly Cloudy"
"-79.63","43.68","TORONTO INTL A","6158731","2026-02-28 17:00","2026","02","28","17:00","","-1.8","","-9.2","","57","","","","30","","29","","24.1","","99.98","","","","-9","","NA"
"-79.63","43.68","TORONTO INTL A","6158731","2026-02-28 18:00","2026","02","28","18:00","","-2.6","","-9.3","","60","","","","31","","28","","24.1","","100.09","","","","-10","","NA"
"-79.63","43.68","TORONTO INTL A","6158731","2026-02-28 19:00","2026","02","28","19:00","","-3.2","","-9.7","","61","","","","32","","27","","24.1","","100.11","","","","-10","","Mostly Cloudy"
"-79.63","43.68","TORONTO INTL A","6158731","2026-02-28 20:00","2026","02","28","20:00","","-3.9","","-10.7","","59","","","","33","","23","","24.1","","100.10","","","","-11","","NA"
"-79.63","43.68","TORONTO INTL A","6158731","2026-02-28 21:00","2026","02","28","21:00","","-4.2","","-10.8","","60","","","","32","","27","","16.1","","100.17","","","","-12","","Snow"
"-79.63","43.68","TORONTO INTL A","6158731","2026-02-28 22:00","2026","02","28","22:00","","-5.0","","-10.8","","64","","","","32","","32","","6.4","","100.28","","","","-13","","Snow"
"-79.63","43.68","TORONTO INTL A","6158731","2026-02-28 23:00","2026","02","28","23:00","","-6.5","","-8.9","","83","","","","33","","23","","2.4","","100.36","","","","-14","","Snow"
