"Longitude (x)","Latitude (y)","Station Name","Climate ID","Date/Time (LST)","Year","Month","Day","Time (LST)","Flag","Temp (°C)","Temp Flag","Dew Point Temp (°C)","Dew Point Temp Flag","Rel Hum (%)","Rel Hum Flag","Precip. Amount (mm)","Precip. Amount Flag","Wind Dir (10s deg)","Wind Dir Flag","Wind Spd (km/h)","Wind Spd Flag","Visibility (km)","Visibility Flag","Stn Press (kPa)","Stn Press Flag","Hmdx","Hmdx Flag","Wind Chill","Wind Chill Flag","Weather"
"-79.63","43.68","TORONTO INTL A","6158731","2025-05-01 00:00","2025","05","01","00:00","","8.1","","-0.1","","56","","","","10","","8","","24.1","","99.94","","","","","","NA"
"-79.63","43.68","TORONTO INTL A","6158731","2025-05-01 01:00","2025","05","01","01:00","","7.8","","-0.6","","55","","","","15","","5","","24.1","","99.94","","","","","","Mostly Cloudy"
"-79.63","43.68","TORONTO INTL A","6158731","2025-05-01 02:00","2025","05","01","02:00","","7.4","","-0.8","","56","","","","12","","7","","24.1","","99.89","","","","","","NA"
"-79.63","43.68","TORONTO INTL A","6158731","2025-05-01 03:00","2025","05","01","03:00","","6.7","","-2.1","","53","","","","7","","8","","24.1","","99.83","","","","","","NA"
"-79.63","43.68","TORONTO INTL A","6158731","2025-05-01 04:00","2025","05","01","04:00","","6.0","","-2.1","","56","","","","5","","8","","24.1","","99.80","","","","","","Mostly Cloudy"
"-79.63","43.68","TORONTO INTL A","6158731","2025-05-01 05:00","2025","05","01","05:00","","6.5","","-1.5","","57","","","","6","","10","","24.1","","99.79","","","","","","NA"
"-79.63","43.68","TORONTO INTL A","6158731","2025-05-01 06:00","2025","05","01","06:00","","6.5","","-1.5","","56","","","","7","","9","","24.1","","99.78","","","","","","NA"
"-79.63","43.68","TORONTO INTL A","6158731","2025-05-01 07:00","2025","05","01","07:00","","7.5","","-1.9","","51","","","","10","","12","","24.1","","99.79","","","","","","Mostly Cloudy"
"-79.63","43.68","TORONTO INTL A","6158731","2025-05-01 08:00","2025","05","01","08:00","","8.3","","-2.0","","48","","","","9","","10","","24.1","","99.74","","","","","","NA"
"-79.63","43.68","TORONTO INTL A","6158731","2025-05-01 09:00","2025","05","01","09:00","","8.9","","-1.1","","50","","","","8","","12","","24.1","","99.65","","","","","","NA"
"-79.63","43.68","TORONTO INTL A","6158731","2025-05-01 10:00","2025","05","01","10:00","","8.8","","1.2","","59","","","","34","","8","","19.3","","99.77","","","","","","Rain"
"-79.63","43.68","TORONTO INTL A","6158731","2025-05-01 11:00","2025","05","01","11:00","","8.6","","3.7","","71","","","","6","","21","","24.1","","99.48","","","","","","NA"
"-79.63","43.68","TORONTO INTL A","6158731","2025-05-01 12:00","2025","05","01","12:00","","9.1","","2.8","","64","","","","8","","21","","24.1","","99.35","","","","","","Rain"
"-79.63","43.68","TORONTO INTL A","6158731","2025-05-01 13:00","2025","05","01","13:00","","9.1","","3.3","","67","","","","10","","20","","24.1","","99.27","","","","","","Cloudy"
"-79.63","43.68","TORONTO INTL A","6158731","2025-05-01 14:00","2025","05","01","14:00","","9.2","","3.8","","69","","","","10","","14","","16.1","","99.18","","","","","","Rain Showers"
"-79.63","43.68","TORONTO INTL A","6158731","2025-05-01 15:00","2025","05","01","15:00","","9.2","","4.9","","74","","","","7","","17","","24.1","","99.02","","","","","","NA"
"-79.63","43.68","TORONTO INTL A","6158731","2025-05-01 16:00","2025","05","01","16:00","","9.2","","5.1","","75","","","","8","","12","","16.1","","98.97","","","","","","Rain Showers"
"-79.63","43.68","TORONTO INTL A","6158731","2025-05-01 17:00","2025","05","01","17:00","","9.2","","6.3","","82","","","","36","","8","","12.9","","98.98","","","","","","Moderate Rain Showers"
"-79.63","43.68","TORONTO INTL A","6158731","2025-05-01 18:00","2025","05","01","18:00","","9.0","","7.7","","91","","","","11","","16","","19.3","","98.82","","","","","","Rain"
"-79.63","43.68","TORONTO INTL A","6158731","2025-05-01 19:00","2025","05","01","19:00","","10.2","","8.8","","91","","","","11","","13","","24.1","","98.73","","","","","","Cloudy"
"-79.63","43.68","TORONTO INTL A","6158731","2025-05-01 20:00","2025","05","01","20:00","","8.8","","7.5","","92","","","","12","","22","","19.3","","98.77","","","","","","NA"
"-79.63","43.68","TORONTO INTL A","6158731","2025-05-01 21:00","2025","05","01","21:00","","7.7","","6.9","","95","","","","11","","16","","9.7","","98.73","","","","","","Fog"
"-79.63","43.68","TORONTO INTL A","6158731","2025-05-01 22:00","2025","05","01","22:00","","8.0","","7.0","","94","","","","11","","12","","12.9","","98.65","","","","","","Rain"
"-79.63","43.68","TORONTO INTL A","6158731","2025-05-01 23:00","2025","05","01","23:00","","7.9","","7.0","","94","","","","11","","9","","9.7","","98.59","","","","","","Fog"
"-79.63","43.68","TORONTO INTL A","6158731","2025-05-02 00:00","2025","05","02","00:00","","7.9","","7.3","","96","","","","9","","6","","4.8","","98.50","","","","","","Rain,Fog"
"-79.63","43.68","TORONTO INTL A","6158731","2025-05-02 01:00","2025","05","02","01:00","","8.1","","7.6","","97","","","","16","","3","","4.8","","98.42","","","","","","Fog"
"-79.63","43.68","TORONTO INTL A","6158731","2025-05-02 02:00","2025","05","02","02:00","","8.2","","7.8","","98","","","","22","","9","","0.8","","98.42","","","","","","Fog"
"-79.63","43.68","TORONTO INTL A","6158731","2025-05-02 03:00","2025","05","02","03:00","","8.2","","7.9","","98","","","","17","","11","","0.4","","98.42","","","","","","Fog"
"-79.63","43.68","TORONTO INTL A","6158731","2025-05-02 04:00","2025","05","02","04:00","","7.5","","7.2","","98","","","","15","","9","","0.2","","98.42","","","","","","Fog"
"-79.63","43.68","TORONTO INTL A","6158731","2025-05-02 05:00","2025","05","02","05:00","","9.9","","9.6","","98","","","","19","","8","","16.1","","98.45","","","","","","NA"
"-79.63","43.68","TORONTO INTL A","6158731","2025-05-02 06:00","2025","05","02","06:00","","11.8","","11.4","","97","","","","22","","4","","24.1","","98.51","","","","","","NA"
"-79.63","43.68","TORONTO INTL A","6158731","2025-05-02 07:00","2025","05","02","07:00","","14.8","","12.2","","84","","","","23","","17","","24.1","","98.56","","","","","","Mostly Cloudy"
"-79.63","43.68","TORONTO INTL A","6158731","2025-05-02 08:00","2025","05","02","08:00","","15.2","","11.4","","78","","","","25","","25","","24.1","","98.60","","","","","","NA"
"-79.63","43.68","TORONTO INTL A","6158731","2025-05-02 09:00","2025","05","02","09:00","","16.0","","9.9","","67","","","","26","","36","","24.1","","98.66","","","","","","NA"
"-79.63","43.68","TORONTO INTL A","6158731","2025-05-02 10:00","2025","05","02","10:00","","16.8","","10.8","","67","","","","26","","32","","24.1","","98.71","","","","","","Mostly Cloudy"
"-79.63","43.68","TORONTO INTL A","6158731","2025-05-02 11:00","2025","05","02","11:00","","17.1","","9.7","","62","","","","26","","29","","24.1","","98.68","","","","","","NA"
"-79.63","43.68","TORONTO INTL A","6158731","2025-05-02 12:00","2025","05","02","12:00","","17.6","","10.2","","61","","","","26","","30","","24.1","","98.75","","","","","","NA"
"-79.63","43.68","TORONTO INTL A","6158731","2025-05-02 13:00","2025","05","02","13:00","","18.5","","10.1","","57","","","","28","","27","","24.1","","98.77","","","","","","Mostly Cloudy"
"-79.63","43.68","TORONTO INTL A","6158731","2025-05-02 14:00","2025","05","02","14:00","","19.1","","10.1","","56","","","","29","","29","","24.1","","98.78","","","","","","NA"
"-79.63","43.68","TORONTO INTL A","6158731","2025-05-02 15:00","2025","05","02","15:00","","20.2","","10.1","","52","","","","26","","30","","24.1","","98.80","","","","","","NA"
"-79.63","43.68","TORONTO INTL A","6158731","2025-05-02 16:00","2025","05","02","16:00","","19.8","","9.5","","51","","","","29","","34","","24.1","","98.79","","","","","","Mostly Cloudy"
"-79.63","43.68","TORONTO INTL A","6158731","2025-05-02 17:00","2025","05","02","17:00","","18.6","","10.1","","57","","","","31","","25","","24.1","","98.80","","","","","","NA"
"-79.63","43.68","TORONTO INTL A","6158731","2025-05-02 18:00","2025","05","02","18:00","","17.1","","9.5","","60","","","","32","","25","","24.1","","98.87","","","","","","NA"
"-79.63","43.68","TORONTO INTL A","6158731","2025-05-02 19:00","2025","05","02","19:00","","14.4","","7.9","","65","","","","32","","30","","24.1","","98.97","","","","","","Mostly Cloudy"
"-79.63","43.68","TORONTO INTL A","6158731","2025-05-02 20:00","2025","05","02","20:00","","11.9","","6.4","","69","","","","34","","27","","24.1","","99.06","","","","","","NA"
"-79.63","43.68","TORONTO INTL A","6158731","2025-05-02 21:00","2025","05","02","21:00","","9.3","","4.6","","73","","","","35","","25","","24.1","","99.15","","","","","","NA"
"-79.63","43.68","TORONTO INTL A","6158731","2025-05-02 22:00","2025","05","02","22:00","","8.3","","4.5","","77","","","","36","","13","","24.1","","99.22","","","","","","Mostly Cloudy"
"-79.63","43.68","TORONTO INTL A","6158731","2025-05-02 23:00","2025","05","02","23:00","","8.0","","4.2","","77","","","","35","","14","","24.1","","99.24","","","","","","NA"
"-79.63","43.68","TORONTO INTL A","6158731","2025-05-03 00:00","2025","05","03","00:00","","8.0","","3.7","","74","","","","35","","16","","24.1","","99.28","","","","","","NA"
"-79.63","43.68","TORONTO INTL A","6158731","2025-05-03 01:00","2025","05","03","01:00","","7.6","","3.5","","75","","","","35","","12","","24.1","","99.26","","","","","","Mostly Cloudy"
"-79.63","43.68","TORONTO INTL A","6158731","2025-05-03 02:00","2025","05","03","02:00","","7.2","","2.8","","74","","","","36","","18","","24.1","","99.27","","","","","","NA"
"-79.63","43.68","TORONTO INTL A","6158731","2025-05-03 03:00","2025","05","03","03:00","","7.0","","2.9","","75","","","","36","","14","","24.1","","99.27","","","","","","NA"
"-79.63","43.68","TORONTO INTL A","6158731","2025-05-03 04:00","2025","05","03","04:00","","6.4","","3.8","","83","","","","1","","21","","24.1","","99.27","","","","","","Rain"
"-79.63","43.68","TORONTO INTL A","6158731","2025-05-03 05:00","2025","05","03","05:00","","6.3","","3.8","","84","","","","35","","15","","24.1","","99.30","","","","","","Rain"
"-79.63","43.68","TORONTO INTL A","6158731","2025-05-03 06:00","2025","05","03","06:00","","6.1","","4.2","","88","","","","1","","16","","24.1","","99.34","","","","","","NA"
"-79.63","43.68","TORONTO INTL A","6158731","2025-05-03 07:00","2025","05","03","07:00","","6.5","","4.6","","87","","","","1","","17","","24.1","","99.37","","","","","","Rain"
"-79.63","43.68","TORONTO INTL A","6158731","2025-05-03 08:00","2025","05","03","08:00","","7.4","","4.8","","84","","","","3","","18","","24.1","","99.39","","","","","","Rain"
"-79.63","43.68","TORONTO INTL A","6158731","2025-05-03 09:00","2025","05","03","09:00","","8.2","","4.5","","77","","","","36","","14","","24.1","","99.41","","","","","","NA"
"-79.63","43.68","TORONTO INTL A","6158731","2025-05-03 10:00","2025","05","03","10:00","","9.0","","4.5","","73","","","","6","","11","","24.1","","99.41","","","","","","Cloudy"
"-79.63","43.68","TORONTO INTL A","6158731","2025-05-03 11:00","2025","05","03","11:00","","9.4","","4.5","","72","","","","2","","9","","24.1","","99.42","","","","","","NA"
"-79.63","43.68","TORONTO INTL A","6158731","2025-05-03 12:00","2025","05","03","12:00","","10.3","","5.2","","71","","","","7","","5","","24.1","","99.41","","","","","","NA"
"-79.63","43.68","TORONTO INTL A","6158731","2025-05-03 13:00","2025","05","03","13:00","","10.0","","4.7","","69","","","","15","","7","","24.1","","99.41","","","","","","Cloudy"
"-79.63","43.68","TORONTO INTL A","6158731","2025-05-03 14:00","2025","05","03","14:00","","10.5","","5.1","","69","","","","13","","10","","24.1","","99.37","","","","","","NA"
"-79.63","43.68","TORONTO INTL A","6158731","2025-05-03 15:00","2025","05","03","15:00","","10.1","","5.4","","73","","","","15","","10","","24.1","","99.40","","","","","","NA"
"-79.63","43.68","TORONTO INTL A","6158731","2025-05-03 16:00","2025","05","03","16:00","","9.4","","5.0","","74","","","","15","","12","","24.1","","99.36","","","","","","Cloudy"
"-79.63","43.68","TORONTO INTL A","6158731","2025-05-03 17:00","2025","05","03","17:00","","9.6","","5.0","","73","","","","15","","10","","24.1","","99.33","","","","","","NA"
"-79.63","43.68","TORONTO INTL A","6158731","2025-05-03 18:00","2025","05","03","18:00","","9.3","","5.0","","74","","","","16","","10","","24.1","","99.33","","","","","","NA"
"-79.63","43.68","TORONTO INTL A","6158731","2025-05-03 19:00","2025","05","03","19:00","","8.4","","4.8","","78","","","","12","","9","","24.1","","99.32","","","","","","Mostly Cloudy"
"-79.63","43.68","TORONTO INTL A","6158731","2025-05-03 20:00","2025","05","03","20:00","","8.2","","4.5","","78","","","","","","0","","24.1","","99.36","","","","","","NA"
"-79.63","43.68","TORONTO INTL A","6158731","2025-05-03 21:00","2025","05","03","21:00","","8.5","","4.6","","76","","","","2","","3","","24.1","","99.40","","","","","","NA"
"-79.63","43.68","TORONTO INTL A","6158731","2025-05-03 22:00","2025","05","03","22:00","","7.9","","3.0","","71","","","","35","","17","","24.1","","99.44","","","","","","Mostly Cloudy"
"-79.63","43.68","TORONTO INTL A","6158731","2025-05-03 23:00","2025","05","03","23:00","","6.5","","2.0","","73","","","","36","","21","","24.1","","99.41","","","","","","NA"
"-79.63","43.68","TORONTO INTL A","6158731","2025-05-04 00:00","2025","05","04","00:00","","5.4","","1.4","","76","","","","36","","17","","24.1","","99.38","","","","","","NA"
"-79.63","43.68","TORONTO INTL A","6158731","2025-05-04 01:00","2025","05","04","01:00","","5.1","","1.4","","76","","","","1","","14","","24.1","","99.36","","","","","","Mainly Clear"
"-79.63","43.68","TORONTO INTL A","6158731","2025-05-04 02:00","2025","05","04","02:00","","4.9","","1.4","","78","","","","36","","16","","24.1","","99.35","","","","","","NA"
"-79.63","43.68","TORONTO INTL A","6158731","2025-05-04 03:00","2025","05","04","03:00","","5.5","","1.5","","76","","","","36","","20","","24.1","","99.33","","","","","","NA"
"-79.63","43.68","TORONTO INTL A","6158731","2025-05-04 04:00","2025","05","04","04:00","","5.4","","1.9","","78","","","","1","","15","","24.1","","99.33","","","","","","Mostly Cloudy"
"-79.63","43.68","TORONTO INTL A","6158731","2025-05-04 05:00","2025","05","04","05:00","","5.7","","2.2","","78","","","","36","","17","","24.1","","99.35","","","","","","NA"
"-79.63","43.68","TORONTO INTL A","6158731","2025-05-04 06:00","2025","05","04","06:00","","6.3","","2.8","","78","","","","35","","16","","24.1","","99.40","","","","","","NA"
"-79.63","43.68","TORONTO INTL A","6158731","2025-05-04 07:00","2025","05","04","07:00","","7.1","","3.5","","78","","","","36","","14","","24.1","","99.44","","","","","","Mostly Cloudy"
"-79.63","43.68","TORONTO INTL A","6158731","2025-05-04 08:00","2025","05","04","08:00","","8.4","","4.2","","75","","","","36","","13","","24.1","","99.48","","","","","","NA"
"-79.63","43.68","TORONTO INTL A","6158731","2025-05-04 09:00","2025","05","04","09:00","","11.6","","5.1","","64","","","","4","","14","","24.1","","99.45","","","","","","NA"
"-79.63","43.68","TORONTO INTL A","6158731","2025-05-04 10:00","2025","05","04","10:00","","14.1","","4.7","","53","","","","6","","16","","24.1","","99.47","","","","","","Mostly Cloudy"
"-79.63","43.68","TORONTO INTL A","6158731","2025-05-04 11:00","2025","05","04","11:00","","14.4","","3.6","","48","","","","10","","21","","24.1","","99.48","","","","","","NA"
"-79.63","43.68","TORONTO INTL A","6158731","2025-05-04 12:00","2025","05","04","12:00","","14.3","","2.9","","46","","","","10","","17","","24.1","","99.50","","","","","","NA"
"-79.63","43.68","TORONTO INTL A","6158731","2025-05-04 13:00","2025","05","04","13:00","","13.7","","1.9","","44","","","","10","","20","","24.1","","99.48","","","","","","Mostly Cloudy"
"-79.63","43.68","TORONTO INTL A","6158731","2025-05-04 14:00","2025","05","04","14:00","","14.5","","2.5","","44","","","","9","","17","","24.1","","99.47","","","","","","NA"
"-79.63","43.68","TORONTO INTL A","6158731","2025-05-04 15:00","2025","05","04","15:00","","14.4","","3.3","","47","","","","9","","14","","24.1","","99.47","","","","","","NA"
"-79.63","43.68","TORONTO INTL A","6158731","2025-05-04 16:00","2025","05","04","16:00","","14.3","","3.2","","47","","","","8","","13","","24.1","","99.42","","","","","","Mostly Cloudy"
"-79.63","43.68","TORONTO INTL A","6158731","2025-05-04 17:00","2025","05","04","17:00","","13.8","","4.6","","54","","","","9","","10","","24.1","","99.43","","","","","","Rain"
"-79.63","43.68","TORONTO INTL A","6158731","2025-05-04 18:00","2025","05","04","18:00","","13.4","","5.3","","58","","","","9","","11","","24.1","","99.45","","","","","","Rain"
"-79.63","43.68","TORONTO INTL A","6158731","2025-05-04 19:00","2025","05","04","19:00","","13.0","","4.6","","57","","","","8","","12","","24.1","","99.46","","","","","","Mostly Cloudy"
"-79.63","43.68","TORONTO INTL A","6158731","2025-05-04 20:00","2025","05","04","20:00","","12.5","","3.8","","55","","","","10","","9","","24.1","","99.51","","","","","","NA"
"-79.63","43.68","TORONTO INTL A","6158731","2025-05-04 21:00","2025","05","04","21:00","","12.3","","4.5","","59","","","","6","","9","","24.1","","99.54","","","","","","NA"
"-79.63","43.68","TORONTO INTL A","6158731","2025-05-04 22:00","2025","05","04","22:00","","12.6","","3.8","","55","","","","8","","8","","24.1","","99.57","","","","","","Mostly Cloudy"
"-79.63","43.68","TORONTO INTL A","6158731","2025-05-04 23:00","2025","05","04","23:00","","11.9","","4.2","","59","","","","5","","9","","24.1","","99.56","","","","","","NA"
"-79.63","43.68","TORONTO INTL A","6158731","2025-05-05 00:00","2025","05","05","00:00","","11.6","","4.4","","61","","","","4","","12","","24.1","","99.56","","","","","","NA"
"-79.63","43.68","TORONTO INTL A","6158731","2025-05-05 01:00","2025","05","05","01:00","","13.2","","4.7","","56","","","","4","","12","","24.1","","99.57","","","","","","Mostly Cloudy"
"-79.63","43.68","TORONTO INTL A","6158731","2025-05-05 02:00","2025","05","05","02:00","","14.5","","4.1","","49","","","","5","","14","","24.1","","99.55","","","","","","NA"
"-79.63","43.68","TORONTO INTL A","6158731","2025-05-05 03:00","2025","05","05","03:00","","15.3","","3.9","","46","","","","7","","19","","24.1","","99.54","","","","","","NA"
"-79.63","43.68","TORONTO INTL A","6158731","2025-05-05 04:00","2025","05","05","04:00","","15.6","","1.8","","39","","","","6","","9","","24.1","","99.59","","","","","","Mostly Cloudy"
"-79.63","43.68","TORONTO INTL A","6158731","2025-05-05 05:00","2025","05","05","05:00","","15.4","","2.5","","41","","","","7","","14","","24.1","","99.64","","","","","","NA"
"-79.63","43.68","TORONTO INTL A","6158731","2025-05-05 06:00","2025","05","05","06:00","","15.4","","4.3","","47","","","","7","","14","","24.1","","99.70","","","","","","NA"
"-79.63","43.68","TORONTO INTL A","6158731","2025-05-05 07:00","2025","05","05","07:00","","14.9","","4.6","","50","","","","8","","21","","24.1","","99.76","","","","","","Mostly Cloudy"
"-79.63","43.68","TORONTO INTL A","6158731","2025-05-05 08:00","2025","05","05","08:00","","14.9","","5.2","","52","","","","8","","18","","24.1","","99.80","","","","","","NA"
"-79.63","43.68","TORONTO INTL A","6158731","2025-05-05 09:00","2025","05","05","09:00","","14.7","","6.5","","58","","","","9","","31","","24.1","","99.85","","","","","","NA"
"-79.63","43.68","TORONTO INTL A","6158731","2025-05-05 10:00","2025","05","05","10:00","","14.4","","6.3","","58","","","","10","","18","","24.1","","99.83","","","","","","Cloudy"
"-79.63","43.68","TORONTO INTL A","6158731","2025-05-05 11:00","2025","05","05","11:00","","14.7","","7.9","","64","","","","8","","28","","24.1","","99.81","","","","","","NA"
"-79.63","43.68","TORONTO INTL A","6158731","2025-05-05 12:00","2025","05","05","12:00","","13.7","","8.8","","72","","","","8","","28","","24.1","","99.82","","","","","","NA"
"-79.63","43.68","TORONTO INTL A","6158731","2025-05-05 13:00","2025","05","05","13:00","","13.2","","10.3","","82","","","","8","","21","","19.3","","99.79","","","","","","Rain"
"-79.63","43.68","TORONTO INTL A","6158731","2025-05-05 14:00","2025","05","05","14:00","","13.3","","11.5","","89","","","","8","","23","","19.3","","99.75","","","","","","NA"
"-79.63","43.68","TORONTO INTL A","6158731","2025-05-05 15:00","2025","05","05","15:00","","14.9","","12.2","","84","","","","6","","20","","24.1","","99.66","","","","","","NA"
"-79.63","43.68","TORONTO INTL A","6158731","2025-05-05 16:00","2025","05","05","16:00","","16.3","","12.9","","80","","","","7","","24","","24.1","","99.63","","","","","","Cloudy"
"-79.63","43.68","TORONTO INTL A","6158731","2025-05-05 17:00","2025","05","05","17:00","","17.5","","13.0","","75","","","","8","","23","","24.1","","99.58","","","","","","NA"
"-79.63","43.68","TORONTO INTL A","6158731","2025-05-05 18:00","2025","05","05","18:00","","18.1","","12.8","","71","","","","8","","23","","24.1","","99.51","","","","","","NA"
"-79.63","43.68","TORONTO INTL A","6158731","2025-05-05 19:00","2025","05","05","19:00","","17.4","","12.6","","73","","","","9","","27","","24.1","","99.57","","","","","","Cloudy"
"-79.63","43.68","TORONTO INTL A","6158731","2025-05-05 20:00","2025","05","05","20:00","","15.9","","12.8","","81","","","","8","","27","","24.1","","99.57","","","","","","NA"
"-79.63","43.68","TORONTO INTL A","6158731","2025-05-05 21:00","2025","05","05","21:00","","14.4","","13.0","","91","","","","9","","28","","19.3","","99.60","","","","","","Rain Showers"
"-79.63","43.68","TORONTO INTL A","6158731","2025-05-05 22:00","2025","05","05","22:00","","14.0","","13.2","","95","","","","8","","22","","16.1","","99.53","","","","","","Rain Showers"
"-79.63","43.68","TORONTO INTL A","6158731","2025-05-05 23:00","2025","05","05","23:00","","13.8","","13.2","","96","","","","8","","21","","8.1","","99.47","","","","","","Fog"
"-79.63","43.68","TORONTO INTL A","6158731","2025-05-06 00:00","2025","05","06","00:00","","13.0","","12.5","","97","","","","7","","23","","6.4","","99.40","","","","","","Fog"
"-79.63","43.68","TORONTO INTL A","6158731","2025-05-06 01:00","2025","05","06","01:00","","12.4","","11.9","","97","","","","7","","17","","4.0","","99.30","","","","","","Fog"
"-79.63","43.68","TORONTO INTL A","6158731","2025-05-06 02:00","2025","05","06","02:00","","11.9","","11.5","","97","","","","8","","18","","2.4","","99.29","","","","","","Drizzle,Fog"
"-79.63","43.68","TORONTO INTL A","6158731","2025-05-06 03:00","2025","05","06","03:00","","11.1","","10.8","","97","","","","8","","23","","1.6","","99.25","","","","","","Fog"
"-79.63","43.68","TORONTO INTL A","6158731","2025-05-06 04:00","2025","05","06","04:00","","10.5","","10.2","","98","","","","11","","16","","0.4","","99.27","","","","","","Fog"
"-79.63","43.68","TORONTO INTL A","6158731","2025-05-06 05:00","2025","05","06","05:00","","10.4","","10.1","","98","","","","2","","8","","2.4","","99.19","","","","","","Fog"
"-79.63","43.68","TORONTO INTL A","6158731","2025-05-06 06:00","2025","05","06","06:00","","10.4","","10.0","","97","","","","12","","10","","8.1","","99.29","","","","","","Fog"
"-79.63","43.68","TORONTO INTL A","6158731","2025-05-06 07:00","2025","05","06","07:00","","8.5","","8.1","","97","","","","15","","11","","4.8","","99.42","","","","","","Fog"
"-79.63","43.68","TORONTO INTL A","6158731","2025-05-06 08:00","2025","05","06","08:00","","10.6","","9.6","","94","","","","14","","6","","16.1","","99.45","","","","","","NA"
"-79.63","43.68","TORONTO INTL A","6158731","2025-05-06 09:00","2025","05","06","09:00","","13.6","","10.8","","83","","","","20","","7","","19.3","","99.43","","","","","","NA"
"-79.63","43.68","TORONTO INTL A","6158731","2025-05-06 10:00","2025","05","06","10:00","","15.8","","12.5","","81","","","","18","","9","","24.1","","99.42","","","","","","Mostly Cloudy"
"-79.63","43.68","TORONTO INTL A","6158731","2025-05-06 11:00","2025","05","06","11:00","","16.7","","11.6","","72","","","","17","","17","","24.1","","99.42","","","","","","NA"
"-79.63","43.68","TORONTO INTL A","6158731","2025-05-06 12:00","2025","05","06","12:00","","17.3","","11.1","","66","","","","17","","15","","24.1","","99.39","","","","","","NA"
"-79.63","43.68","TORONTO INTL A","6158731","2025-05-06 13:00","2025","05","06","13:00","","17.9","","11.0","","63","","","","17","","18","","24.1","","99.36","","","","","","Mostly Cloudy"
"-79.63","43.68","TORONTO INTL A","6158731","2025-05-06 14:00","2025","05","06","14:00","","18.6","","9.7","","56","","","","16","","15","","24.1","","99.30","","","","","","NA"
"-79.63","43.68","TORONTO INTL A","6158731","2025-05-06 15:00","2025","05","06","15:00","","18.8","","9.8","","55","","","","15","","17","","24.1","","99.24","","","","","","NA"
"-79.63","43.68","TORONTO INTL A","6158731","2025-05-06 16:00","2025","05","06","16:00","","19.5","","9.7","","53","","","","18","","16","","24.1","","99.20","","","","","","Mostly Cloudy"
"-79.63","43.68","TORONTO INTL A","6158731","2025-05-06 17:00","2025","05","06","17:00","","19.9","","9.1","","49","","","","24","","9","","24.1","","99.17","","","","","","NA"
"-79.63","43.68","TORONTO INTL A","6158731","2025-05-06 18:00","2025","05","06","18:00","","18.4","","8.8","","53","","","","28","","12","","24.1","","99.13","","","","","","NA"
"-79.63","43.68","TORONTO INTL A","6158731","2025-05-06 19:00","2025","05","06","19:00","","18.1","","8.1","","51","","","","31","","9","","24.1","","99.17","","","","","","Mostly Cloudy"
"-79.63","43.68","TORONTO INTL A","6158731","2025-05-06 20:00","2025","05","06","20:00","","14.4","","8.7","","68","","","","17","","8","","24.1","","99.18","","","","","","NA"
"-79.63","43.68","TORONTO INTL A","6158731","2025-05-06 21:00","2025","05","06","21:00","","15.2","","9.7","","69","","","","26","","8","","24.1","","99.22","","","","","","NA"
"-79.63","43.68","TORONTO INTL A","6158731","2025-05-06 22:00","2025","05","06","22:00","","15.7","","9.3","","65","","","","31","","15","","24.1","","99.21","","","","","","Mostly Cloudy"
"-79.63","43.68","TORONTO INTL A","6158731","2025-05-06 23:00","2025","05","06","23:00","","14.8","","10.1","","73","","","","32","","28","","24.1","","99.21","","","","","","NA"
"-79.63","43.68","TORONTO INTL A","6158731","2025-05-07 00:00","2025","05","07","00:00","","14.1","","10.1","","77","","","","32","","18","","24.1","","99.19","","","","","","NA"
"-79.63","43.68","TORONTO INTL A","6158731","2025-05-07 01:00","2025","05","07","01:00","","13.9","","10.2","","78","","","","32","","15","","24.1","","99.23","","","","","","Mostly Cloudy"
"-79.63","43.68","TORONTO INTL A","6158731","2025-05-07 02:00","2025","05","07","02:00","","12.5","","9.8","","83","","","","30","","14","","24.1","","99.23","","","","","","NA"
"-79.63","43.68","TORONTO INTL A","6158731","2025-05-07 03:00","2025","05","07","03:00","","11.5","","9.4","","87","","","","29","","13","","24.1","","99.25","","","","","","NA"
"-79.63","43.68","TORONTO INTL A","6158731","2025-05-07 04:00","2025","05","07","04:00","","11.6","","8.9","","83","","","","28","","17","","24.1","","99.26","","","","","","Mainly Clear"
"-79.63","43.68","TORONTO INTL A","6158731","2025-05-07 05:00","2025","05","07","05:00","","11.7","","8.9","","83","","","","29","","15","","24.1","","99.28","","","","","","NA"
"-79.63","43.68","TORONTO INTL A","6158731","2025-05-07 06:00","2025","05","07","06:00","","13.3","","9.3","","77","","","","31","","17","","24.1","","99.34","","","","","","NA"
"-79.63","43.68","TORONTO INTL A","6158731","2025-05-07 07:00","2025","05","07","07:00","","14.4","","9.8","","74","","","","29","","16","","24.1","","99.37","","","","","","Clear"
"-79.63","43.68","TORONTO INTL A","6158731","2025-05-07 08:00","2025","05","07","08:00","","17.1","","11.2","","68","","","","34","","24","","24.1","","99.36","","","","","","NA"
"-79.63","43.68","TORONTO INTL A","6158731","2025-05-07 09:00","2025","05","07","09:00","","17.7","","12.0","","69","","","","32","","21","","24.1","","99.41","","","","","","NA"
"-79.63","43.68","TORONTO INTL A","6158731","2025-05-07 10:00","2025","05","07","10:00","","19.4","","12.4","","63","","","","33","","17","","24.1","","99.45","","","","","","Mainly Clear"
"-79.63","43.68","TORONTO INTL A","6158731","2025-05-07 11:00","2025","05","07","11:00","","20.7","","12.0","","57","","","","32","","15","","24.1","","99.43","","","","","","NA"
"-79.63","43.68","TORONTO INTL A","6158731","2025-05-07 12:00","2025","05","07","12:00","","21.8","","10.1","","47","","","","31","","17","","24.1","","99.45","","","","","","NA"
"-79.63","43.68","TORONTO INTL A","6158731","2025-05-07 13:00","2025","05","07","13:00","","22.8","","11.3","","48","","","","33","","8","","24.1","","99.41","","25","","","","Mainly Clear"
"-79.63","43.68","TORONTO INTL A","6158731","2025-05-07 14:00","2025","05","07","14:00","","23.0","","12.7","","52","","","","8","","8","","24.1","","99.38","","26","","","","NA"
"-79.63","43.68","TORONTO INTL A","6158731","2025-05-07 15:00","2025","05","07","15:00","","22.4","","12.4","","53","","","","2","","14","","24.1","","99.37","","25","","","","NA"
"-79.63","43.68","TORONTO INTL A","6158731","2025-05-07 16:00","2025","05","07","16:00","","19.7","","12.0","","61","","","","34","","30","","24.1","","99.44","","","","","","Mostly Cloudy"
"-79.63","43.68","TORONTO INTL A","6158731","2025-05-07 17:00","2025","05","07","17:00","","18.6","","11.0","","61","","","","35","","28","","24.1","","99.47","","","","","","NA"
"-79.63","43.68","TORONTO INTL A","6158731","2025-05-07 18:00","2025","05","07","18:00","","15.9","","9.5","","66","","","","36","","30","","24.1","","99.49","","","","","","NA"
"-79.63","43.68","TORONTO INTL A","6158731","2025-05-07 19:00","2025","05","07","19:00","","14.0","","8.3","","68","","","","35","","34","","24.1","","99.54","","","","","","Mostly Cloudy"
"-79.63","43.68","TORONTO INTL A","6158731","2025-05-07 20:00","2025","05","07","20:00","","12.0","","5.7","","65","","","","35","","27","","24.1","","99.65","","","","","","NA"
"-79.63","43.68","TORONTO INTL A","6158731","2025-05-07 21:00","2025","05","07","21:00","","11.2","","4.6","","64","","","","33","","27","","24.1","","99.73","","","","","","NA"
"-79.63","43.68","TORONTO INTL A","6158731","2025-05-07 22:00","2025","05","07","22:00","","9.8","","3.4","","64","","","","35","","28","","24.1","","99.79","","","","","","Mostly Cloudy"
"-79.63","43.68","TORONTO INTL A","6158731","2025-05-07 23:00","2025","05","07","23:00","","8.5","","3.3","","69","","","","35","","27","","24.1","","99.84","","","","","","NA"
"-79.63","43.68","TORONTO INTL A","6158731","2025-05-08 00:00","2025","05","08","00:00","","7.7","","3.3","","73","","","","34","","23","","24.1","","99.86","","","","","","NA"
"-79.63","43.68","TORONTO INTL A","6158731","2025-05-08 01:00","2025","05","08","01:00","","7.2","","3.3","","76","","","","36","","18","","24.1","","99.90","","","","","","Mainly Clear"
"-79.63","43.68","TORONTO INTL A","6158731","2025-05-08 02:00","2025","05","08","02:00","","7.5","","2.8","","72","","","","35","","28","","24.1","","99.93","","","","","","NA"
"-79.63","43.68","TORONTO INTL A","6158731","2025-05-08 03:00","2025","05","08","03:00","","7.1","","2.0","","70","","","","1","","25","","24.1","","99.95","","","","","","NA"
"-79.63","43.68","TORONTO INTL A","6158731","2025-05-08 04:00","2025","05","08","04:00","","7.0","","1.8","","69","","","","2","","23","","24.1","","100.00","","","","","","Mostly Cloudy"
"-79.63","43.68","TORONTO INTL A","6158731","2025-05-08 05:00","2025","05","08","05:00","","6.8","","2.0","","71","","","","36","","23","","24.1","","100.01","","","","","","NA"
"-79.63","43.68","TORONTO INTL A","6158731","2025-05-08 06:00","2025","05","08","06:00","","6.8","","2.1","","72","","","","2","","26","","24.1","","100.07","","","","","","NA"
"-79.63","43.68","TORONTO INTL A","6158731","2025-05-08 07:00","2025","05","08","07:00","","7.0","","1.9","","70","","","","1","","23","","24.1","","100.14","","","","","","Cloudy"
"-79.63","43.68","TORONTO INTL A","6158731","2025-05-08 08:00","2025","05","08","08:00","","7.2","","1.9","","69","","","","1","","21","","24.1","","100.23","","","","","","NA"
"-79.63","43.68","TORONTO INTL A","6158731","2025-05-08 09:00","2025","05","08","09:00","","7.8","","1.8","","66","","","","36","","19","","24.1","","100.23","","","","","","NA"
"-79.63","43.68","TORONTO INTL A","6158731","2025-05-08 10:00","2025","05","08","10:00","","8.2","","1.7","","63","","","","1","","21","","24.1","","100.22","","","","","","Cloudy"
"-79.63","43.68","TORONTO INTL A","6158731","2025-05-08 11:00","2025","05","08","11:00","","8.7","","1.3","","59","","","","2","","19","","24.1","","100.22","","","","","","NA"
"-79.63","43.68","TORONTO INTL A","6158731","2025-05-08 12:00","2025","05","08","12:00","","9.4","","2.4","","62","","","","1","","11","","24.1","","100.20","","","","","","NA"
"-79.63","43.68","TORONTO INTL A","6158731","2025-05-08 13:00","2025","05","08","13:00","","10.1","","2.6","","60","","","","1","","18","","24.1","","100.18","","","","","","Mostly Cloudy"
"-79.63","43.68","TORONTO INTL A","6158731","2025-05-08 14:00","2025","05","08","14:00","","11.8","","2.3","","52","","","","5","","10","","24.1","","100.15","","","","","","NA"
"-79.63","43.68","TORONTO INTL A","6158731","2025-05-08 15:00","2025","05","08","15:00","","12.0","","1.8","","49","","","","5","","8","","24.1","","100.08","","","","","","NA"
"-79.63","43.68","TORONTO INTL A","6158731","2025-05-08 16:00","2025","05","08","16:00","","11.6","","2.4","","53","","","","14","","17","","24.1","","100.06","","","","","","Mostly Cloudy"
"-79.63","43.68","TORONTO INTL A","6158731","2025-05-08 17:00","2025","05","08","17:00","","10.3","","2.3","","57","","","","16","","13","","24.1","","100.06","","","","","","NA"
"-79.63","43.68","TORONTO INTL A","6158731","2025-05-08 18:00","2025","05","08","18:00","","10.1","","1.9","","57","","","","16","","14","","24.1","","100.02","","","","","","NA"
"-79.63","43.68","TORONTO INTL A","6158731","2025-05-08 19:00","2025","05","08","19:00","","9.2","","1.0","","56","","","","14","","10","","24.1","","100.05","","","","","","Clear"
"-79.63","43.68","TORONTO INTL A","6158731","2025-05-08 20:00","2025","05","08","20:00","","7.8","","0.7","","61","","","","21","","5","","24.1","","100.11","","","","","","NA"
"-79.63","43.68","TORONTO INTL A","6158731","2025-05-08 21:00","2025","05","08","21:00","","7.6","","-0.8","","55","","","","36","","9","","24.1","","100.16","","","","","","NA"
"-79.63","43.68","TORONTO INTL A","6158731","2025-05-08 22:00","2025","05","08","22:00","","7.4","","-1.7","","53","","","","4","","7","","24.1","","100.15","","","","","","Clear"
"-79.63","43.68","TORONTO INTL A","6158731","2025-05-08 23:00","2025","05","08","23:00","","7.3","","-2.6","","49","","","","6","","7","","24.1","","100.16","","","","","","NA"
"-79.63","43.68","TORONTO INTL A","6158731","2025-05-09 00:00","2025","05","09","00:00","","6.7","","-2.5","","52","","","","1","","7","","24.1","","100.12","","","","","","NA"
"-79.63","43.68","TORONTO INTL A","6158731","2025-05-09 01:00","2025","05","09","01:00","","6.4","","-2.5","","53","","","","34","","13","","24.1","","100.06","","","","","","Clear"
"-79.63","43.68","TORONTO INTL A","6158731","2025-05-09 02:00","2025","05","09","02:00","","5.4","","-2.1","","58","","","","33","","18","","24.1","","100.01","","","","","","NA"
"-79.63","43.68","TORONTO INTL A","6158731","2025-05-09 03:00","2025","05","09","03:00","","4.6","","-1.8","","63","","","","32","","11","","24.1","","99.99","","","","","","NA"
"-79.63","43.68","TORONTO INTL A","6158731","2025-05-09 04:00","2025","05","09","04:00","","4.0","","-1.2","","69","","","","35","","18","","24.1","","99.98","","","","","","Clear"
"-79.63","43.68","TORONTO INTL A","6158731","2025-05-09 05:00","2025","05","09","05:00","","4.3","","-0.8","","70","","","","35","","19","","24.1","","99.96","","","","","","NA"
"-79.63","43.68","TORONTO INTL A","6158731","2025-05-09 06:00","2025","05","09","06:00","","5.2","","-0.5","","67","","","","35","","16","","24.1","","99.97","","","","","","NA"
"-79.63","43.68","TORONTO INTL A","6158731","2025-05-09 07:00","2025","05","09","07:00","","7.8","","-0.1","","58","","","","36","","19","","24.1","","99.98","","","","","","Clear"
"-79.63","43.68","TORONTO INTL A","6158731","2025-05-09 08:00","2025","05","09","08:00","","10.6","","0.1","","48","","","","36","","16","","24.1","","99.98","","","","","","NA"
"-79.63","43.68","TORONTO INTL A","6158731","2025-05-09 09:00","2025","05","09","09:00","","12.6","","-0.6","","40","","","","2","","16","","24.1","","99.98","","","","","","NA"
"-79.63","43.68","TORONTO INTL A","6158731","2025-05-09 10:00","2025","05","09","10:00","","12.2","","1.8","","49","","","","15","","17","","24.1","","99.95","","","","","","Clear"
"-79.63","43.68","TORONTO INTL A","6158731","2025-05-09 11:00","2025","05","09","11:00","","12.4","","3.6","","55","","","","15","","14","","24.1","","99.92","","","","","","NA"
"-79.63","43.68","TORONTO INTL A","6158731","2025-05-09 12:00","2025","05","09","12:00","","12.6","","3.4","","53","","","","14","","11","","24.1","","99.87","","","","","","NA"
"-79.63","43.68","TORONTO INTL A","6158731","2025-05-09 13:00","2025","05","09","13:00","","13.9","","3.4","","49","","","","14","","27","","24.1","","99.81","","","","","","Mainly Clear"
"-79.63","43.68","TORONTO INTL A","6158731","2025-05-09 14:00","2025","05","09","14:00","","13.9","","2.6","","46","","","","17","","16","","24.1","","99.78","","","","","","NA"
"-79.63","43.68","TORONTO INTL A","6158731","2025-05-09 15:00","2025","05","09","15:00","","15.1","","1.4","","39","","","","15","","14","","24.1","","99.72","","","","","","NA"
"-79.63","43.68","TORONTO INTL A","6158731","2025-05-09 16:00","2025","05","09","16:00","","15.4","","1.3","","38","","","","12","","10","","24.1","","99.68","","","","","","Clear"
"-79.63","43.68","TORONTO INTL A","6158731","2025-05-09 17:00","2025","05","09","17:00","","17.1","","-3.2","","25","","","","31","","22","","24.1","","99.68","","","","","","NA"
"-79.63","43.68","TORONTO INTL A","6158731","2025-05-09 18:00","2025","05","09","18:00","","16.1","","-4.9","","23","","","","33","","23","","24.1","","99.66","","","","","","NA"
"-79.63","43.68","TORONTO INTL A","6158731","2025-05-09 19:00","2025","05","09","19:00","","15.1","","-6.2","","22","","","","34","","21","","24.1","","99.67","","","","","","Clear"
"-79.63","43.68","TORONTO INTL A","6158731","2025-05-09 20:00","2025","05","09","20:00","","14.1","","-4.6","","27","","","","33","","17","","24.1","","99.67","","","","","","NA"
"-79.63","43.68","TORONTO INTL A","6158731","2025-05-09 21:00","2025","05","09","21:00","","12.0","","-3.0","","35","","","","36","","16","","24.1","","99.72","","","","","","NA"
"-79.63","43.68","TORONTO INTL A","6158731","2025-05-09 22:00","2025","05","09","22:00","","10.7","","-3.5","","37","","","","33","","10","","24.1","","99.71","","","","","","Clear"
"-79.63","43.68","TORONTO INTL A","6158731","2025-05-09 23:00","2025","05","09","23:00","","9.8","","-3.3","","39","","","","34","","15","","24.1","","99.69","","","","","","NA"
"-79.63","43.68","TORONTO INTL A","6158731","2025-05-10 00:00","2025","05","10","00:00","","8.5","","-2.8","","45","","","","31","","16","","24.1","","99.70","","","","","","NA"
"-79.63","43.68","TORONTO INTL A","6158731","2025-05-10 01:00","2025","05","10","01:00","","7.6","","-2.6","","48","","","","31","","12","","24.1","","99.71","","","","","","Clear"
"-79.63","43.68","TORONTO INTL A","6158731","2025-05-10 02:00","2025","05","10","02:00","","7.2","","-3.5","","47","","","","31","","13","","24.1","","99.71","","","","","","NA"
"-79.63","43.68","TORONTO INTL A","6158731","2025-05-10 03:00","2025","05","10","03:00","","6.7","","-4.1","","46","","","","1","","3","","24.1","","99.68","","","","","","NA"
"-79.63","43.68","TORONTO INTL A","6158731","2025-05-10 04:00","2025","05","10","04:00","","6.2","","-4.1","","48","","","","32","","9","","24.1","","99.71","","","","","","Clear"
"-79.63","43.68","TORONTO INTL A","6158731","2025-05-10 05:00","2025","05","10","05:00","","5.2","","-4.4","","50","","","","28","","10","","24.1","","99.71","","","","","","NA"
"-79.63","43.68","TORONTO INTL A","6158731","2025-05-10 06:00","2025","05","10","06:00","","7.6","","-5.7","","38","","","","22","","6","","24.1","","99.74","","","","","","NA"
"-79.63","43.68","TORONTO INTL A","6158731","2025-05-10 07:00","2025","05","10","07:00","","9.6","","-3.2","","40","","","","28","","6","","24.1","","99.73","","","","","","Mostly Cloudy"
"-79.63","43.68","TORONTO INTL A","6158731","2025-05-10 08:00","2025","05","10","08:00","","11.2","","0.1","","46","","","","26","","5","","24.1","","99.75","","","","","","NA"
"-79.63","43.68","TORONTO INTL A","6158731","2025-05-10 09:00","2025","05","10","09:00","","14.6","","-0.5","","36","","","","28","","4","","24.1","","99.75","","","","","","NA"
"-79.63","43.68","TORONTO INTL A","6158731","2025-05-10 10:00","2025","05","10","10:00","","18.4","","-1.0","","27","","","","28","","4","","24.1","","99.72","","","","","","Mainly Clear"
"-79.63","43.68","TORONTO INTL A","6158731","2025-05-10 11:00","2025","05","10","11:00","","19.8","","-1.1","","24","","","","31","","5","","24.1","","99.70","","","","","","NA"
"-79.63","43.68","TORONTO INTL A","6158731","2025-05-10 12:00","2025","05","10","12:00","","19.1","","1.6","","31","","","","14","","18","","24.1","","99.68","","","","","","NA"
"-79.63","43.68","TORONTO INTL A","6158731","2025-05-10 13:00","2025","05","10","13:00","","20.7","","2.6","","30","","","","15","","18","","24.1","","99.63","","","","","","Clear"
"-79.63","43.68","TORONTO INTL A","6158731","2025-05-10 14:00","2025","05","10","14:00","","21.3","","3.5","","31","","","","15","","19","","24.1","","99.61","","","","","","NA"
"-79.63","43.68","TORONTO INTL A","6158731","2025-05-10 15:00","2025","05","10","15:00","","21.7","","4.0","","31","","","","14","","17","","24.1","","99.54","","","","","","NA"
"-79.63","43.68","TORONTO INTL A","6158731","2025-05-10 16:00","2025","05","10","16:00","","22.5","","4.2","","30","","","","12","","4","","24.1","","99.53","","","","","","Mainly Clear"
"-79.63","43.68","TORONTO INTL A","6158731","2025-05-10 17:00","2025","05","10","17:00","","21.0","","2.5","","29","","","","35","","27","","24.1","","99.63","","","","","","NA"
"-79.63","43.68","TORONTO INTL A","6158731","2025-05-10 18:00","2025","05","10","18:00","","17.7","","2.4","","36","","","","35","","27","","24.1","","99.75","","","","","","NA"
"-79.63","43.68","TORONTO INTL A","6158731","2025-05-10 19:00","2025","05","10","19:00","","16.2","","1.1","","36","","","","34","","34","","24.1","","99.84","","","","","","Mainly Clear"
"-79.63","43.68","TORONTO INTL A","6158731","2025-05-10 20:00","2025","05","10","20:00","","14.0","","3.6","","49","","","","35","","26","","24.1","","99.96","","","","","","NA"
"-79.63","43.68","TORONTO INTL A","6158731","2025-05-10 21:00","2025","05","10","21:00","","13.6","","3.5","","50","","","","34","","26","","24.1","","100.04","","","","","","NA"
"-79.63","43.68","TORONTO INTL A","6158731","2025-05-10 22:00","2025","05","10","22:00","","12.8","","3.5","","53","","","","35","","25","","24.1","","100.10","","","","","","Mainly Clear"
"-79.63","43.68","TORONTO INTL A","6158731","2025-05-10 23:00","2025","05","10","23:00","","11.4","","3.3","","57","","","","35","","28","","24.1","","100.15","","","","","","NA"
"-79.63","43.68","TORONTO INTL A","6158731","2025-05-11 00:00","2025","05","11","00:00","","10.7","","2.0","","55","","","","35","","27","","24.1","","100.21","","","","","","NA"
"-79.63","43.68","TORONTO INTL A","6158731","2025-05-11 01:00","2025","05","11","01:00","","9.8","","1.6","","57","","","","35","","27","","24.1","","100.28","","","","","","Clear"
"-79.63","43.68","TORONTO INTL A","6158731","2025-05-11 02:00","2025","05","11","02:00","","8.6","","1.2","","60","","","","35","","20","","24.1","","100.37","","","","","","NA"
"-79.63","43.68","TORONTO INTL A","6158731","2025-05-11 03:00","2025","05","11","03:00","","7.1","","0.9","","65","","","","35","","15","","24.1","","100.46","","","","","","NA"
"-79.63","43.68","TORONTO INTL A","6158731","2025-05-11 04:00","2025","05","11","04:00","","6.5","","0.7","","66","","","","36","","18","","24.1","","100.54","","","","","","Clear"
"-79.63","43.68","TORONTO INTL A","6158731","2025-05-11 05:00","2025","05","11","05:00","","5.2","","0.3","","71","","","","36","","14","","24.1","","100.61","","","","","","NA"
"-79.63","43.68","TORONTO INTL A","6158731","2025-05-11 06:00","2025","05","11","06:00","","6.3","","0.1","","64","","","","1","","18","","24.1","","100.69","","","","","","NA"
"-79.63","43.68","TORONTO INTL A","6158731","2025-05-11 07:00","2025","05","11","07:00","","7.8","","-0.4","","56","","","","1","","13","","24.1","","100.82","","","","","","Clear"
"-79.63","43.68","TORONTO INTL A","6158731","2025-05-11 08:00","2025","05","11","08:00","","9.3","","-2.9","","42","","","","2","","16","","24.1","","100.87","","","","","","NA"
"-79.63","43.68","TORONTO INTL A","6158731","2025-05-11 09:00","2025","05","11","09:00","","10.4","","-4.1","","36","","","","7","","10","","24.1","","100.90","","","","","","NA"
"-79.63","43.68","TORONTO INTL A","6158731","2025-05-11 10:00","2025","05","11","10:00","","12.4","","-3.1","","34","","","","11","","6","","24.1","","100.89","","","","","","Clear"
"-79.63","43.68","TORONTO INTL A","6158731","2025-05-11 11:00","2025","05","11","11:00","","12.0","","-3.6","","33","","","","15","","16","","24.1","","100.88","","","","","","NA"
"-79.63","43.68","TORONTO INTL A","6158731","2025-05-11 12:00","2025","05","11","12:00","","12.5","","-7.3","","24","","","","16","","16","","24.1","","100.88","","","","","","NA"
"-79.63","43.68","TORONTO INTL A","6158731","2025-05-11 13:00","2025","05","11","13:00","","12.4","","-8.4","","23","","","","15","","23","","24.1","","100.86","","","","","","Clear"
"-79.63","43.68","TORONTO INTL A","6158731","2025-05-11 14:00","2025","05","11","14:00","","12.6","","-7.5","","24","","","","14","","19","","24.1","","100.83","","","","","","NA"
"-79.63","43.68","TORONTO INTL A","6158731","2025-05-11 15:00","2025","05","11","15:00","","13.4","","-7.3","","23","","","","13","","16","","24.1","","100.80","","","","","","NA"
"-79.63","43.68","TORONTO INTL A","6158731","2025-05-11 16:00","2025","05","11","16:00","","13.4","","-9.7","","19","","","","13","","13","","24.1","","100.76","","","","","","Clear"
"-79.63","43.68","TORONTO INTL A","6158731","2025-05-11 17:00","2025","05","11","17:00","","14.0","","-8.4","","20","","","","14","","10","","24.1","","100.72","","","","","","NA"
"-79.63","43.68","TORONTO INTL A","6158731","2025-05-11 18:00","2025","05","11","18:00","","13.2","","-12.7","","15","","","","13","","14","","24.1","","100.65","","","","","","NA"
"-79.63","43.68","TORONTO INTL A","6158731","2025-05-11 19:00","2025","05","11","19:00","","12.3","","-12.6","","16","","","","11","","8","","24.1","","100.64","","","","","","Clear"
"-79.63","43.68","TORONTO INTL A","6158731","2025-05-11 20:00","2025","05","11","20:00","","11.4","","-12.4","","18","","","","11","","10","","24.1","","100.56","","","","","","NA"
"-79.63","43.68","TORONTO INTL A","6158731","2025-05-11 21:00","2025","05","11","21:00","","11.1","","-12.3","","18","","","","","","0","","24.1","","100.53","","","","","","NA"
"-79.63","43.68","TORONTO INTL A","6158731","2025-05-11 22:00","2025","05","11","22:00","","10.4","","-12.6","","19","","","","15","","7","","24.1","","100.48","","","","","","Clear"
"-79.63","43.68","TORONTO INTL A","6158731","2025-05-11 23:00","2025","05","11","23:00","","9.9","","-10.2","","23","","","","11","","5","","24.1","","100.50","","","","","","NA"
"-79.63","43.68","TORONTO INTL A","6158731","2025-05-12 00:00","2025","05","12","00:00","","9.4","","-7.9","","29","","","","12","","4","","24.1","","100.46","","","","","","NA"
"-79.63","43.68","TORONTO INTL A","6158731","2025-05-12 01:00","2025","05","12","01:00","","9.6","","-7.1","","30","","","","1","","4","","24.1","","100.38","","","","","","Clear"
"-79.63","43.68","TORONTO INTL A","6158731","2025-05-12 02:00","2025","05","12","02:00","","9.0","","-7.5","","30","","","","3","","7","","24.1","","100.34","","","","","","NA"
"-79.63","43.68","TORONTO INTL A","6158731","2025-05-12 03:00","2025","05","12","03:00","","8.6","","-5.9","","35","","","","3","","6","","24.1","","100.31","","","","","","NA"
"-79.63","43.68","TORONTO INTL A","6158731","2025-05-12 04:00","2025","05","12","04:00","","8.3","","-5.2","","38","","","","3","","4","","24.1","","100.28","","","","","","Clear"
"-79.63","43.68","TORONTO INTL A","6158731","2025-05-12 05:00","2025","05","12","05:00","","8.5","","-4.6","","39","","","","13","","5","","24.1","","100.26","","","","","","NA"
"-79.63","43.68","TORONTO INTL A","6158731","2025-05-12 06:00","2025","05","12","06:00","","8.8","","-3.4","","42","","","","4","","4","","24.1","","100.28","","","","","","NA"
"-79.63","43.68","TORONTO INTL A","6158731","2025-05-12 07:00","2025","05","12","07:00","","9.8","","-3.0","","40","","","","4","","5","","24.1","","100.33","","","","","","Clear"
"-79.63","43.68","TORONTO INTL A","6158731","2025-05-12 08:00","2025","05","12","08:00","","12.2","","-2.5","","36","","","","34","","4","","24.1","","100.34","","","","","","NA"
"-79.63","43.68","TORONTO INTL A","6158731","2025-05-12 09:00","2025","05","12","09:00","","15.1","","-0.2","","35","","","","30","","5","","24.1","","100.30","","","","","","NA"
"-79.63","43.68","TORONTO INTL A","6158731","2025-05-12 10:00","2025","05","12","10:00","","18.0","","1.2","","32","","","","18","","3","","24.1","","100.22","","","","","","Clear"
"-79.63","43.68","TORONTO INTL A","6158731","2025-05-12 11:00","2025","05","12","11:00","","20.0","","4.6","","36","","","","15","","11","","24.1","","100.17","","","","","","NA"
"-79.63","43.68","TORONTO INTL A","6158731","2025-05-12 12:00","2025","05","12","12:00","","19.2","","4.3","","37","","","","14","","13","","24.1","","100.12","","","","","","NA"
"-79.63","43.68","TORONTO INTL A","6158731","2025-05-12 13:00","2025","05","12","13:00","","21.0","","4.7","","34","","","","14","","9","","24.1","","100.02","","","","","","Mainly Clear"
"-79.63","43.68","TORONTO INTL A","6158731","2025-05-12 14:00","2025","05","12","14:00","","21.5","","3.3","","30","","","","14","","12","","24.1","","99.96","","","","","","NA"
"-79.63","43.68","TORONTO INTL A","6158731","2025-05-12 15:00","2025","05","12","15:00","","22.5","","3.6","","29","","","","14","","13","","24.1","","99.86","","","","","","NA"
"-79.63","43.68","TORONTO INTL A","6158731","2025-05-12 16:00","2025","05","12","16:00","","24.5","","4.3","","27","","","","15","","14","","24.1","","99.76","","","","","","Mostly Cloudy"
"-79.63","43.68","TORONTO INTL A","6158731","2025-05-12 17:00","2025","05","12","17:00","","24.8","","6.0","","29","","","","17","","16","","24.1","","99.74","","","","","","NA"
"-79.63","43.68","TORONTO INTL A","6158731","2025-05-12 18:00","2025","05","12","18:00","","23.1","","6.1","","33","","","","14","","8","","24.1","","99.66","","","","","","NA"
"-79.63","43.68","TORONTO INTL A","6158731","2025-05-12 19:00","2025","05","12","19:00","","20.8","","3.2","","31","","","","15","","9","","24.1","","99.67","","","","","","Mostly Cloudy"
"-79.63","43.68","TORONTO INTL A","6158731","2025-05-12 20:00","2025","05","12","20:00","","17.2","","2.8","","38","","","","15","","10","","24.1","","99.68","","","","","","NA"
"-79.63","43.68","TORONTO INTL A","6158731","2025-05-12 21:00","2025","05","12","21:00","","14.8","","2.1","","42","","","","15","","5","","24.1","","99.73","","","","","","NA"
"-79.63","43.68","TORONTO INTL A","6158731","2025-05-12 22:00","2025","05","12","22:00","","15.0","","1.7","","40","","","","19","","7","","24.1","","99.74","","","","","","Mostly Cloudy"
"-79.63","43.68","TORONTO INTL A","6158731","2025-05-12 23:00","2025","05","12","23:00","","14.9","","1.2","","39","","","","26","","3","","24.1","","99.75","","","","","","NA"
"-79.63","43.68","TORONTO INTL A","6158731","2025-05-13 00:00","2025","05","13","00:00","","14.7","","3.3","","46","","","","3","","10","","24.1","","99.70","","","","","","NA"
"-79.63","43.68","TORONTO INTL A","6158731","2025-05-13 01:00","2025","05","13","01:00","","16.0","","3.7","","44","","","","3","","4","","24.1","","99.69","","","","","","Mostly Cloudy"
"-79.63","43.68","TORONTO INTL A","6158731","2025-05-13 02:00","2025","05","13","02:00","","14.8","","5.0","","51","","","","4","","8","","24.1","","99.64","","","","","","NA"
"-79.63","43.68","TORONTO INTL A","6158731","2025-05-13 03:00","2025","05","13","03:00","","15.3","","4.5","","48","","","","8","","5","","24.1","","99.65","","","","","","NA"
"-79.63","43.68","TORONTO INTL A","6158731","2025-05-13 04:00","2025","05","13","04:00","","15.1","","3.8","","46","","","","10","","3","","24.1","","99.66","","","","","","Mostly Cloudy"
"-79.63","43.68","TORONTO INTL A","6158731","2025-05-13 05:00","2025","05","13","05:00","","14.8","","3.7","","47","","","","11","","5","","24.1","","99.65","","","","","","NA"
"-79.63","43.68","TORONTO INTL A","6158731","2025-05-13 06:00","2025","05","13","06:00","","14.1","","5.4","","56","","","","12","","4","","24.1","","99.68","","","","","","NA"
"-79.63","43.68","TORONTO INTL A","6158731","2025-05-13 07:00","2025","05","13","07:00","","15.1","","5.8","","53","","","","10","","7","","24.1","","99.69","","","","","","Mostly Cloudy"
"-79.63","43.68","TORONTO INTL A","6158731","2025-05-13 08:00","2025","05","13","08:00","","16.1","","6.5","","52","","","","12","","7","","24.1","","99.70","","","","","","NA"
"-79.63","43.68","TORONTO INTL A","6158731","2025-05-13 09:00","2025","05","13","09:00","","17.9","","7.7","","51","","","","12","","7","","24.1","","99.69","","","","","","NA"
"-79.63","43.68","TORONTO INTL A","6158731","2025-05-13 10:00","2025","05","13","10:00","","20.7","","9.6","","49","","","","16","","8","","24.1","","99.65","","","","","","Mostly Cloudy"
"-79.63","43.68","TORONTO INTL A","6158731","2025-05-13 11:00","2025","05","13","11:00","","21.1","","10.0","","49","","","","13","","9","","24.1","","99.63","","","","","","NA"
"-79.63","43.68","TORONTO INTL A","6158731","2025-05-13 12:00","2025","05","13","12:00","","22.5","","13.5","","56","","","","12","","18","","24.1","","99.56","","26","","","","NA"
"-79.63","43.68","TORONTO INTL A","6158731","2025-05-13 13:00","2025","05","13","13:00","","24.4","","15.2","","56","","","","12","","16","","24.1","","99.52","","28","","","","Mostly Cloudy"
"-79.63","43.68","TORONTO INTL A","6158731","2025-05-13 14:00","2025","05","13","14:00","","22.1","","13.9","","59","","","","14","","16","","24.1","","99.50","","25","","","","NA"
"-79.63","43.68","TORONTO INTL A","6158731","2025-05-13 15:00","2025","05","13","15:00","","17.9","","14.7","","82","","","","10","","22","","16.1","","99.47","","","","","","Rain Showers"
"-79.63","43.68","TORONTO INTL A","6158731","2025-05-13 16:00","2025","05","13","16:00","","19.3","","16.5","","84","","","","8","","22","","24.1","","99.42","","","","","","Cloudy"
"-79.63","43.68","TORONTO INTL A","6158731","2025-05-13 17:00","2025","05","13","17:00","","20.6","","16.0","","75","","","","9","","18","","24.1","","99.36","","25","","","","NA"
"-79.63","43.68","TORONTO INTL A","6158731","2025-05-13 18:00","2025","05","13","18:00","","18.1","","16.5","","90","","","","10","","28","","24.1","","99.40","","","","","","Rain Showers"
"-79.63","43.68","TORONTO INTL A","6158731","2025-05-13 19:00","2025","05","13","19:00","","17.6","","16.4","","92","","","","8","","12","","9.7","","99.37","","","","","","Rain Showers,Fog"
"-79.63","43.68","TORONTO INTL A","6158731","2025-05-13 20:00","2025","05","13","20:00","","17.0","","15.5","","91","","","","10","","12","","24.1","","99.38","","","","","","NA"
"-79.63","43.68","TORONTO INTL A","6158731","2025-05-13 21:00","2025","05","13","21:00","","17.6","","15.8","","89","","","","12","","15","","24.1","","99.37","","","","","","NA"
"-79.63","43.68","TORONTO INTL A","6158731","2025-05-13 22:00","2025","05","13","22:00","","17.8","","15.9","","89","","","","12","","18","","24.1","","99.36","","","","","","Cloudy"
"-79.63","43.68","TORONTO INTL A","6158731","2025-05-13 23:00","2025","05","13","23:00","","17.8","","15.6","","87","","","","10","","16","","24.1","","99.34","","","","","","NA"
"-79.63","43.68","TORONTO INTL A","6158731","2025-05-14 00:00","2025","05","14","00:00","","16.9","","15.3","","90","","","","8","","14","","24.1","","99.33","","","","","","NA"
"-79.63","43.68","TORONTO INTL A","6158731","2025-05-14 01:00","2025","05","14","01:00","","16.0","","14.4","","91","","","","8","","17","","24.1","","99.30","","","","","","Mostly Cloudy"
"-79.63","43.68","TORONTO INTL A","6158731","2025-05-14 02:00","2025","05","14","02:00","","15.4","","14.3","","93","","","","8","","21","","19.3","","99.27","","","","","","Rain"
"-79.63","43.68","TORONTO INTL A","6158731","2025-05-14 03:00","2025","05","14","03:00","","15.3","","14.1","","92","","","","9","","18","","24.1","","99.26","","","","","","NA"
"-79.63","43.68","TORONTO INTL A","6158731","2025-05-14 04:00","2025","05","14","04:00","","14.7","","13.8","","95","","","","9","","18","","16.1","","99.28","","","","","","Rain"
"-79.63","43.68","TORONTO INTL A","6158731","2025-05-14 05:00","2025","05","14","05:00","","14.2","","13.4","","95","","","","8","","18","","12.9","","99.27","","","","","","Rain"
"-79.63","43.68","TORONTO INTL A","6158731","2025-05-14 06:00","2025","05","14","06:00","","14.4","","13.6","","95","","","","8","","15","","8.1","","99.30","","","","","","Rain,Fog"
"-79.63","43.68","TORONTO INTL A","6158731","2025-05-14 07:00","2025","05","14","07:00","","14.5","","13.5","","94","","","","8","","16","","24.1","","99.34","","","","","","Drizzle"
"-79.63","43.68","TORONTO INTL A","6158731","2025-05-14 08:00","2025","05","14","08:00","","15.1","","13.9","","93","","","","9","","17","","24.1","","99.36","","","","","","NA"
"-79.63","43.68","TORONTO INTL A","6158731","2025-05-14 09:00","2025","05","14","09:00","","16.8","","14.2","","85","","","","10","","19","","24.1","","99.36","","","","","","NA"
"-79.63","43.68","TORONTO INTL A","6158731","2025-05-14 10:00","2025","05","14","10:00","","18.7","","15.1","","79","","","","9","","18","","24.1","","99.35","","","","","","Mostly Cloudy"
"-79.63","43.68","TORONTO INTL A","6158731","2025-05-14 11:00","2025","05","14","11:00","","17.8","","14.4","","80","","","","8","","17","","24.1","","99.34","","","","","","NA"
"-79.63","43.68","TORONTO INTL A","6158731","2025-05-14 12:00","2025","05","14","12:00","","20.0","","15.2","","73","","","","10","","18","","24.1","","99.29","","","","","","NA"
"-79.63","43.68","TORONTO INTL A","6158731","2025-05-14 13:00","2025","05","14","13:00","","19.8","","14.4","","71","","","","9","","19","","24.1","","99.25","","","","","","Mostly Cloudy"
"-79.63","43.68","TORONTO INTL A","6158731","2025-05-14 14:00","2025","05","14","14:00","","20.5","","14.6","","69","","","","10","","18","","24.1","","99.23","","","","","","NA"
"-79.63","43.68","TORONTO INTL A","6158731","2025-05-14 15:00","2025","05","14","15:00","","20.2","","14.0","","67","","","","8","","18","","24.1","","99.20","","","","","","NA"
"-79.63","43.68","TORONTO INTL A","6158731","2025-05-14 16:00","2025","05","14","16:00","","19.6","","13.4","","67","","","","10","","14","","24.1","","99.16","","","","","","Mostly Cloudy"
"-79.63","43.68","TORONTO INTL A","6158731","2025-05-14 17:00","2025","05","14","17:00","","20.6","","13.7","","64","","","","10","","14","","24.1","","99.13","","","","","","NA"
"-79.63","43.68","TORONTO INTL A","6158731","2025-05-14 18:00","2025","05","14","18:00","","20.2","","13.4","","64","","","","8","","17","","24.1","","99.10","","","","","","NA"
"-79.63","43.68","TORONTO INTL A","6158731","2025-05-14 19:00","2025","05","14","19:00","","18.3","","13.0","","71","","","","8","","14","","24.1","","99.11","","","","","","Mostly Cloudy"
"-79.63","43.68","TORONTO INTL A","6158731","2025-05-14 20:00","2025","05","14","20:00","","16.8","","12.6","","76","","","","6","","15","","24.1","","99.11","","","","","","NA"
"-79.63","43.68","TORONTO INTL A","6158731","2025-05-14 21:00","2025","05","14","21:00","","16.2","","12.7","","80","","","","6","","10","","24.1","","99.13","","","","","","NA"
"-79.63","43.68","TORONTO INTL A","6158731","2025-05-14 22:00","2025","05","14","22:00","","16.0","","12.8","","81","","","","7","","14","","24.1","","99.13","","","","","","Mostly Cloudy"
"-79.63","43.68","TORONTO INTL A","6158731","2025-05-14 23:00","2025","05","14","23:00","","15.8","","12.9","","83","","","","8","","10","","24.1","","99.10","","","","","","NA"
"-79.63","43.68","TORONTO INTL A","6158731","2025-05-15 00:00","2025","05","15","00:00","","15.8","","13.1","","84","","","","8","","8","","24.1","","99.10","","","","","","NA"
"-79.63","43.68","TORONTO INTL A","6158731","2025-05-15 01:00","2025","05","15","01:00","","15.0","","12.9","","87","","","","5","","5","","24.1","","99.05","","","","","","Mainly Clear"
"-79.63","43.68","TORONTO INTL A","6158731","2025-05-15 02:00","2025","05","15","02:00","","14.7","","12.8","","88","","","","7","","6","","24.1","","99.02","","","","","","NA"
"-79.63","43.68","TORONTO INTL A","6158731","2025-05-15 03:00","2025","05","15","03:00","","14.3","","12.7","","90","","","","9","","5","","24.1","","98.99","","","","","","NA"
"-79.63","43.68","TORONTO INTL A","6158731","2025-05-15 04:00","2025","05","15","04:00","","14.0","","12.7","","91","","","","7","","5","","24.1","","98.96","","","","","","Mainly Clear"
"-79.63","43.68","TORONTO INTL A","6158731","2025-05-15 05:00","2025","05","15","05:00","","13.8","","12.5","","92","","","","10","","3","","24.1","","98.97","","","","","","NA"
"-79.63","43.68","TORONTO INTL A","6158731","2025-05-15 06:00","2025","05","15","06:00","","14.7","","13.1","","90","","","","9","","7","","24.1","","99.01","","","","","","NA"
"-79.63","43.68","TORONTO INTL A","6158731","2025-05-15 07:00","2025","05","15","07:00","","15.7","","13.3","","86","","","","15","","5","","24.1","","99.04","","","","","","Mostly Cloudy"
"-79.63","43.68","TORONTO INTL A","6158731","2025-05-15 08:00","2025","05","15","08:00","","17.5","","14.1","","80","","","","12","","8","","24.1","","99.02","","","","","","NA"
"-79.63","43.68","TORONTO INTL A","6158731","2025-05-15 09:00","2025","05","15","09:00","","18.7","","13.8","","73","","","","14","","7","","24.1","","99.00","","","","","","NA"
"-79.63","43.68","TORONTO INTL A","6158731","2025-05-15 10:00","2025","05","15","10:00","","19.9","","14.4","","71","","","","16","","10","","24.1","","98.98","","","","","","Mostly Cloudy"
"-79.63","43.68","TORONTO INTL A","6158731","2025-05-15 11:00","2025","05","15","11:00","","19.2","","14.1","","72","","","","14","","12","","24.1","","98.96","","","","","","NA"
"-79.63","43.68","TORONTO INTL A","6158731","2025-05-15 12:00","2025","05","15","12:00","","20.2","","14.4","","69","","","","15","","16","","24.1","","98.94","","","","","","NA"
"-79.63","43.68","TORONTO INTL A","6158731","2025-05-15 13:00","2025","05","15","13:00","","21.4","","14.8","","66","","","","12","","17","","24.1","","98.89","","25","","","","Mainly Clear"
"-79.63","43.68","TORONTO INTL A","6158731","2025-05-15 14:00","2025","05","15","14:00","","21.6","","15.3","","67","","","","15","","13","","24.1","","98.84","","26","","","","NA"
"-79.63","43.68","TORONTO INTL A","6158731","2025-05-15 15:00","2025","05","15","15:00","","23.1","","14.9","","59","","","","15","","13","","24.1","","98.77","","27","","","","NA"
"-79.63","43.68","TORONTO INTL A","6158731","2025-05-15 16:00","2025","05","15","16:00","","22.4","","14.5","","61","","","","15","","16","","24.1","","98.74","","26","","","","Mainly Clear"
"-79.63","43.68","TORONTO INTL A","6158731","2025-05-15 17:00","2025","05","15","17:00","","21.6","","14.1","","62","","","","13","","16","","24.1","","98.71","","25","","","","NA"
"-79.63","43.68","TORONTO INTL A","6158731","2025-05-15 18:00","2025","05","15","18:00","","20.9","","13.2","","61","","","","15","","12","","24.1","","98.69","","","","","","NA"
"-79.63","43.68","TORONTO INTL A","6158731","2025-05-15 19:00","2025","05","15","19:00","","18.6","","12.5","","67","","","","15","","9","","24.1","","98.69","","","","","","Mainly Clear"
"-79.63","43.68","TORONTO INTL A","6158731","2025-05-15 20:00","2025","05","15","20:00","","18.1","","12.5","","70","","","","13","","9","","24.1","","98.60","","","","","","NA"
"-79.63","43.68","TORONTO INTL A","6158731","2025-05-15 21:00","2025","05","15","21:00","","17.4","","12.2","","71","","","","8","","9","","24.1","","98.60","","","","","","NA"
"-79.63","43.68","TORONTO INTL A","6158731","2025-05-15 22:00","2025","05","15","22:00","","16.7","","11.9","","73","","","","10","","5","","24.1","","98.59","","","","","","Clear"
"-79.63","43.68","TORONTO INTL A","6158731","2025-05-15 23:00","2025","05","15","23:00","","16.2","","11.7","","75","","","","8","","5","","24.1","","98.54","","","","","","NA"
"-79.63","43.68","TORONTO INTL A","6158731","2025-05-16 00:00","2025","05","16","00:00","","16.0","","11.9","","76","","","","8","","8","","24.1","","98.55","","","","","","NA"
"-79.63","43.68","TORONTO INTL A","6158731","2025-05-16 01:00","2025","05","16","01:00","","15.8","","12.3","","79","","","","9","","10","","24.1","","98.44","","","","","","Mostly Cloudy"
"-79.63","43.68","TORONTO INTL A","6158731","2025-05-16 02:00","2025","05","16","02:00","","15.9","","12.8","","82","","","","10","","9","","24.1","","98.40","","","","","","NA"
"-79.63","43.68","TORONTO INTL A","6158731","2025-05-16 03:00","2025","05","16","03:00","","15.7","","13.1","","84","","","","9","","9","","24.1","","98.28","","","","","","NA"
"-79.63","43.68","TORONTO INTL A","6158731","2025-05-16 04:00","2025","05","16","04:00","","15.6","","14.6","","94","","","","33","","8","","11.3","","98.43","","","","","","Thunderstorms,Rain Showers"
"-79.63","43.68","TORONTO INTL A","6158731","2025-05-16 05:00","2025","05","16","05:00","","14.8","","14.3","","96","","","","9","","29","","11.3","","97.69","","","","","","Thunderstorms,Rain Showers"
"-79.63","43.68","TORONTO INTL A","6158731","2025-05-16 06:00","2025","05","16","06:00","","14.9","","14.0","","94","","","","21","","19","","9.7","","98.18","","","","","","Fog"
"-79.63","43.68","TORONTO INTL A","6158731","2025-05-16 07:00","2025","05","16","07:00","","14.2","","13.8","","97","","","","","","0","","4.8","","98.31","","","","","","Fog"
"-79.63","43.68","TORONTO INTL A","6158731","2025-05-16 08:00","2025","05","16","08:00","","16.7","","14.9","","89","","","","","","0","","12.9","","98.39","","","","","","NA"
"-79.63","43.68","TORONTO INTL A","6158731","2025-05-16 09:00","2025","05","16","09:00","","20.0","","16.3","","79","","","","21","","8","","24.1","","98.34","","25","","","","NA"
"-79.63","43.68","TORONTO INTL A","6158731","2025-05-16 10:00","2025","05","16","10:00","","22.6","","16.7","","69","","","","24","","19","","24.1","","98.33","","28","","","","Mostly Cloudy"
"-79.63","43.68","TORONTO INTL A","6158731","2025-05-16 11:00","2025","05","16","11:00","","24.3","","16.8","","62","","","","28","","17","","24.1","","98.29","","29","","","","NA"
"-79.63","43.68","TORONTO INTL A","6158731","2025-05-16 12:00","2025","05","16","12:00","","25.4","","16.7","","58","","","","26","","19","","24.1","","98.29","","30","","","","NA"
"-79.63","43.68","TORONTO INTL A","6158731","2025-05-16 13:00","2025","05","16","13:00","","25.5","","14.1","","49","","","","28","","18","","24.1","","98.28","","29","","","","Mainly Clear"
"-79.63","43.68","TORONTO INTL A","6158731","2025-05-16 14:00","2025","05","16","14:00","","27.1","","12.3","","39","","","","26","","33","","24.1","","98.27","","30","","","","NA"
"-79.63","43.68","TORONTO INTL A","6158731","2025-05-16 15:00","2025","05","16","15:00","","27.2","","10.2","","34","","","","27","","28","","24.1","","98.25","","29","","","","NA"
"-79.63","43.68","TORONTO INTL A","6158731","2025-05-16 16:00","2025","05","16","16:00","","27.0","","10.9","","36","","","","27","","17","","24.1","","98.22","","29","","","","Clear"
"-79.63","43.68","TORONTO INTL A","6158731","2025-05-16 17:00","2025","05","16","17:00","","26.6","","8.6","","31","","","","27","","16","","24.1","","98.18","","27","","","","NA"
"-79.63","43.68","TORONTO INTL A","6158731","2025-05-16 18:00","2025","05","16","18:00","","25.4","","8.7","","34","","","","27","","15","","24.1","","98.15","","26","","","","NA"
"-79.63","43.68","TORONTO INTL A","6158731","2025-05-16 19:00","2025","05","16","19:00","","24.5","","6.9","","32","","","","28","","11","","24.1","","98.09","","","","","","Clear"
"-79.63","43.68","TORONTO INTL A","6158731","2025-05-16 20:00","2025","05","16","20:00","","22.6","","6.8","","36","","","","26","","5","","24.1","","98.06","","","","","","NA"
"-79.63","43.68","TORONTO INTL A","6158731","2025-05-16 21:00","2025","05","16","21:00","","23.2","","7.1","","35","","","","12","","3","","24.1","","98.03","","","","","","NA"
"-79.63","43.68","TORONTO INTL A","6158731","2025-05-16 22:00","2025","05","16","22:00","","21.3","","7.3","","40","","","","14","","7","","24.1","","98.01","","","","","","Mostly Cloudy"
"-79.63","43.68","TORONTO INTL A","6158731","2025-05-16 23:00","2025","05","16","23:00","","19.8","","10.3","","54","","","","10","","8","","24.1","","97.88","","","","","","NA"
"-79.63","43.68","TORONTO INTL A","6158731","2025-05-17 00:00","2025","05","17","00:00","","17.6","","11.4","","66","","","","15","","13","","24.1","","97.89","","","","","","Thunderstorms"
"-79.63","43.68","TORONTO INTL A","6158731","2025-05-17 01:00","2025","05","17","01:00","","17.4","","10.8","","65","","","","11","","12","","24.1","","97.73","","","","","","Cloudy"
"-79.63","43.68","TORONTO INTL A","6158731","2025-05-17 02:00","2025","05","17","02:00","","15.5","","11.0","","74","","","","10","","11","","24.1","","97.71","","","","","","NA"
"-79.63","43.68","TORONTO INTL A","6158731","2025-05-17 03:00","2025","05","17","03:00","","15.1","","12.1","","82","","","","6","","9","","24.1","","97.68","","","","","","NA"
"-79.63","43.68","TORONTO INTL A","6158731","2025-05-17 04:00","2025","05","17","04:00","","15.2","","12.6","","84","","","","9","","6","","24.1","","97.62","","","","","","Mainly Clear"
"-79.63","43.68","TORONTO INTL A","6158731","2025-05-17 05:00","2025","05","17","05:00","","15.2","","13.1","","87","","","","11","","6","","24.1","","97.64","","","","","","NA"
"-79.63","43.68","TORONTO INTL A","6158731","2025-05-17 06:00","2025","05","17","06:00","","15.7","","13.1","","84","","","","14","","9","","24.1","","97.62","","","","","","NA"
"-79.63","43.68","TORONTO INTL A","6158731","2025-05-17 07:00","2025","05","17","07:00","","16.9","","14.0","","83","","","","15","","11","","24.1","","97.58","","","","","","Mostly Cloudy"
"-79.63","43.68","TORONTO INTL A","6158731","2025-05-17 08:00","2025","05","17","08:00","","16.4","","13.3","","81","","","","17","","9","","24.1","","97.59","","","","","","NA"
"-79.63","43.68","TORONTO INTL A","6158731","2025-05-17 09:00","2025","05","17","09:00","","19.0","","13.9","","72","","","","22","","15","","24.1","","97.55","","","","","","NA"
"-79.63","43.68","TORONTO INTL A","6158731","2025-05-17 10:00","2025","05","17","10:00","","20.2","","14.2","","68","","","","22","","18","","24.1","","97.51","","","","","","Mostly Cloudy"
"-79.63","43.68","TORONTO INTL A","6158731","2025-05-17 11:00","2025","05","17","11:00","","19.2","","15.2","","77","","","","21","","20","","19.3","","97.53","","","","","","NA"
"-79.63","43.68","TORONTO INTL A","6158731","2025-05-17 12:00","2025","05","17","12:00","","15.4","","13.4","","87","","","","27","","29","","24.1","","97.61","","","","","","Thunderstorms"
"-79.63","43.68","TORONTO INTL A","6158731","2025-05-17 13:00","2025","05","17","13:00","","17.4","","10.9","","66","","","","28","","34","","24.1","","97.63","","","","","","Mostly Cloudy"
"-79.63","43.68","TORONTO INTL A","6158731","2025-05-17 14:00","2025","05","17","14:00","","16.1","","8.8","","61","","","","27","","36","","24.1","","97.70","","","","","","NA"
"-79.63","43.68","TORONTO INTL A","6158731","2025-05-17 15:00","2025","05","17","15:00","","16.6","","9.8","","64","","","","27","","30","","24.1","","97.74","","","","","","NA"
"-79.63","43.68","TORONTO INTL A","6158731","2025-05-17 16:00","2025","05","17","16:00","","16.0","","7.9","","58","","","","28","","41","","24.1","","97.82","","","","","","Mostly Cloudy"
"-79.63","43.68","TORONTO INTL A","6158731","2025-05-17 17:00","2025","05","17","17:00","","15.2","","9.0","","66","","","","28","","27","","24.1","","97.89","","","","","","Rain"
"-79.63","43.68","TORONTO INTL A","6158731","2025-05-17 18:00","2025","05","17","18:00","","15.2","","8.1","","62","","","","27","","40","","24.1","","97.91","","","","","","NA"
"-79.63","43.68","TORONTO INTL A","6158731","2025-05-17 19:00","2025","05","17","19:00","","14.3","","8.5","","68","","","","27","","31","","24.1","","97.95","","","","","","Cloudy"
"-79.63","43.68","TORONTO INTL A","6158731","2025-05-17 20:00","2025","05","17","20:00","","13.8","","9.1","","73","","","","27","","29","","24.1","","98.01","","","","","","NA"
"-79.63","43.68","TORONTO INTL A","6158731","2025-05-17 21:00","2025","05","17","21:00","","13.5","","9.5","","77","","","","27","","28","","24.1","","98.06","","","","","","NA"
"-79.63","43.68","TORONTO INTL A","6158731","2025-05-17 22:00","2025","05","17","22:00","","13.1","","10.1","","82","","","","26","","26","","24.1","","98.09","","","","","","Cloudy"
"-79.63","43.68","TORONTO INTL A","6158731","2025-05-17 23:00","2025","05","17","23:00","","12.7","","10.6","","87","","","","25","","24","","24.1","","98.09","","","","","","NA"
"-79.63","43.68","TORONTO INTL A","6158731","2025-05-18 00:00","2025","05","18","00:00","","12.3","","10.6","","89","","","","25","","26","","24.1","","98.05","","","","","","NA"
"-79.63","43.68","TORONTO INTL A","6158731","2025-05-18 01:00","2025","05","18","01:00","","12.8","","10.6","","86","","","","26","","25","","24.1","","98.04","","","","","","Mostly Cloudy"
"-79.63","43.68","TORONTO INTL A","6158731","2025-05-18 02:00","2025","05","18","02:00","","13.2","","10.3","","82","","","","27","","26","","24.1","","98.06","","","","","","NA"
"-79.63","43.68","TORONTO INTL A","6158731","2025-05-18 03:00","2025","05","18","03:00","","13.1","","10.0","","82","","","","28","","24","","24.1","","98.09","","","","","","NA"
"-79.63","43.68","TORONTO INTL A","6158731","2025-05-18 04:00","2025","05","18","04:00","","13.4","","10.1","","80","","","","28","","26","","24.1","","98.14","","","","","","Mostly Cloudy"
"-79.63","43.68","TORONTO INTL A","6158731","2025-05-18 05:00","2025","05","18","05:00","","13.3","","9.9","","80","","","","29","","28","","24.1","","98.19","","","","","","NA"
"-79.63","43.68","TORONTO INTL A","6158731","2025-05-18 06:00","2025","05","18","06:00","","13.4","","9.4","","77","","","","29","","30","","24.1","","98.19","","","","","","NA"
"-79.63","43.68","TORONTO INTL A","6158731","2025-05-18 07:00","2025","05","18","07:00","","14.3","","9.5","","73","","","","31","","33","","24.1","","98.26","","","","","","Mainly Clear"
"-79.63","43.68","TORONTO INTL A","6158731","2025-05-18 08:00","2025","05","18","08:00","","13.5","","9.2","","75","","","","30","","27","","24.1","","98.38","","","","","","NA"
"-79.63","43.68","TORONTO INTL A","6158731","2025-05-18 09:00","2025","05","18","09:00","","13.4","","8.8","","73","","","","31","","27","","24.1","","98.45","","","","","","NA"
"-79.63","43.68","TORONTO INTL A","6158731","2025-05-18 10:00","2025","05","18","10:00","","14.7","","10.0","","73","","","","30","","26","","24.1","","98.51","","","","","","Mostly Cloudy"
"-79.63","43.68","TORONTO INTL A","6158731","2025-05-18 11:00","2025","05","18","11:00","","14.9","","9.3","","69","","","","31","","29","","24.1","","98.53","","","","","","NA"
"-79.63","43.68","TORONTO INTL A","6158731","2025-05-18 12:00","2025","05","18","12:00","","15.9","","9.3","","65","","","","35","","28","","24.1","","98.54","","","","","","NA"
"-79.63","43.68","TORONTO INTL A","6158731","2025-05-18 13:00","2025","05","18","13:00","","15.8","","8.8","","63","","","","34","","29","","24.1","","98.63","","","","","","Mostly Cloudy"
"-79.63","43.68","TORONTO INTL A","6158731","2025-05-18 14:00","2025","05","18","14:00","","15.8","","9.0","","64","","","","32","","31","","24.1","","98.68","","","","","","NA"
"-79.63","43.68","TORONTO INTL A","6158731","2025-05-18 15:00","2025","05","18","15:00","","16.6","","8.9","","60","","","","33","","32","","24.1","","98.73","","","","","","NA"
"-79.63","43.68","TORONTO INTL A","6158731","2025-05-18 16:00","2025","05","18","16:00","","13.0","","6.5","","64","","","","35","","27","","24.1","","98.82","","","","","","Mostly Cloudy"
"-79.63","43.68","TORONTO INTL A","6158731","2025-05-18 17:00","2025","05","18","17:00","","11.9","","5.5","","65","","","","34","","32","","24.1","","98.89","","","","","","NA"
"-79.63","43.68","TORONTO INTL A","6158731","2025-05-18 18:00","2025","05","18","18:00","","11.2","","5.1","","66","","","","34","","26","","24.1","","98.98","","","","","","NA"
"-79.63","43.68","TORONTO INTL A","6158731","2025-05-18 19:00","2025","05","18","19:00","","10.8","","4.7","","66","","","","32","","33","","24.1","","99.06","","","","","","Cloudy"
"-79.63","43.68","TORONTO INTL A","6158731","2025-05-18 20:00","2025","05","18","20:00","","10.7","","4.3","","64","","","","32","","21","","24.1","","99.14","","","","","","NA"
"-79.63","43.68","TORONTO INTL A","6158731","2025-05-18 21:00","2025","05","18","21:00","","10.8","","4.4","","65","","","","32","","18","","24.1","","99.16","","","","","","NA"
"-79.63","43.68","TORONTO INTL A","6158731","2025-05-18 22:00","2025","05","18","22:00","","10.7","","4.6","","66","","","","31","","20","","24.1","","99.20","","","","","","Mostly Cloudy"
"-79.63","43.68","TORONTO INTL A","6158731","2025-05-18 23:00","2025","05","18","23:00","","10.6","","4.3","","65","","","","34","","27","","24.1","","99.19","","","","","","NA"
"-79.63","43.68","TORONTO INTL A","6158731","2025-05-19 00:00","2025","05","19","00:00","","10.1","","4.5","","68","","","","32","","18","","24.1","","99.22","","","","","","NA"
"-79.63","43.68","TORONTO INTL A","6158731","2025-05-19 01:00","2025","05","19","01:00","","9.9","","4.3","","68","","","","32","","22","","24.1","","99.26","","","","","","Mostly Cloudy"
"-79.63","43.68","TORONTO INTL A","6158731","2025-05-19 02:00","2025","05","19","02:00","","9.8","","4.0","","67","","","","33","","18","","24.1","","99.27","","","","","","NA"
"-79.63","43.68","TORONTO INTL A","6158731","2025-05-19 03:00","2025","05","19","03:00","","9.7","","3.9","","67","","","","33","","18","","24.1","","99.31","","","","","","NA"
"-79.63","43.68","TORONTO INTL A","6158731","2025-05-19 04:00","2025","05","19","04:00","","9.7","","4.0","","68","","","","34","","19","","24.1","","99.38","","","","","","Mostly Cloudy"
"-79.63","43.68","TORONTO INTL A","6158731","2025-05-19 05:00","2025","05","19","05:00","","9.2","","4.0","","69","","","","35","","24","","24.1","","99.45","","","","","","Rain"
"-79.63","43.68","TORONTO INTL A","6158731","2025-05-19 06:00","2025","05","19","06:00","","9.0","","4.0","","71","","","","36","","21","","24.1","","99.49","","","","","","NA"
"-79.63","43.68","TORONTO INTL A","6158731","2025-05-19 07:00","2025","05","19","07:00","","9.2","","3.8","","69","","","","36","","21","","24.1","","99.48","","","","","","Mostly Cloudy"
"-79.63","43.68","TORONTO INTL A","6158731","2025-05-19 08:00","2025","05","19","08:00","","8.6","","3.6","","71","","","","35","","18","","24.1","","99.58","","","","","","Rain"
"-79.63","43.68","TORONTO INTL A","6158731","2025-05-19 09:00","2025","05","19","09:00","","9.2","","3.5","","67","","","","36","","20","","24.1","","99.62","","","","","","NA"
"-79.63","43.68","TORONTO INTL A","6158731","2025-05-19 10:00","2025","05","19","10:00","","10.3","","3.1","","61","","","","35","","22","","24.1","","99.63","","","","","","Mostly Cloudy"
"-79.63","43.68","TORONTO INTL A","6158731","2025-05-19 11:00","2025","05","19","11:00","","11.1","","2.5","","55","","","","33","","18","","24.1","","99.62","","","","","","NA"
"-79.63","43.68","TORONTO INTL A","6158731","2025-05-19 12:00","2025","05","19","12:00","","12.9","","4.5","","57","","","","36","","24","","24.1","","99.61","","","","","","NA"
"-79.63","43.68","TORONTO INTL A","6158731","2025-05-19 13:00","2025","05","19","13:00","","13.2","","2.9","","49","","","","36","","23","","24.1","","99.62","","","","","","Clear"
"-79.63","43.68","TORONTO INTL A","6158731","2025-05-19 14:00","2025","05","19","14:00","","12.8","","1.8","","47","","","","34","","24","","24.1","","99.65","","","","","","NA"
"-79.63","43.68","TORONTO INTL A","6158731","2025-05-19 15:00","2025","05","19","15:00","","13.4","","2.6","","48","","","","33","","32","","24.1","","99.64","","","","","","NA"
"-79.63","43.68","TORONTO INTL A","6158731","2025-05-19 16:00","2025","05","19","16:00","","13.4","","1.5","","44","","","","32","","29","","24.1","","99.65","","","","","","Clear"
"-79.63","43.68","TORONTO INTL A","6158731","2025-05-19 17:00","2025","05","19","17:00","","12.6","","1.6","","47","","","","35","","29","","24.1","","99.66","","","","","","NA"
"-79.63","43.68","TORONTO INTL A","6158731","2025-05-19 18:00","2025","05","19","18:00","","11.5","","1.3","","49","","","","35","","28","","24.1","","99.69","","","","","","NA"
"-79.63","43.68","TORONTO INTL A","6158731","2025-05-19 19:00","2025","05","19","19:00","","10.1","","0.1","","50","","","","36","","26","","24.1","","99.70","","","","","","Clear"
"-79.63","43.68","TORONTO INTL A","6158731","2025-05-19 20:00","2025","05","19","20:00","","9.0","","-0.6","","51","","","","35","","25","","24.1","","99.72","","","","","","NA"
"-79.63","43.68","TORONTO INTL A","6158731","2025-05-19 21:00","2025","05","19","21:00","","8.0","","-1.3","","52","","","","35","","27","","24.1","","99.74","","","","","","NA"
"-79.63","43.68","TORONTO INTL A","6158731","2025-05-19 22:00","2025","05","19","22:00","","7.2","","-0.7","","57","","","","35","","23","","24.1","","99.80","","","","","","Clear"
"-79.63","43.68","TORONTO INTL A","6158731","2025-05-19 23:00","2025","05","19","23:00","","6.3","","0.2","","65","","","","36","","23","","24.1","","99.88","","","","","","NA"
"-79.63","43.68","TORONTO INTL A","6158731","2025-05-20 00:00","2025","05","20","00:00","","5.7","","0.4","","68","","","","36","","23","","24.1","","99.87","","","","","","NA"
"-79.63","43.68","TORONTO INTL A","6158731","2025-05-20 01:00","2025","05","20","01:00","","5.2","","0.3","","70","","","","36","","16","","24.1","","99.95","","","","","","Clear"
"-79.63","43.68","TORONTO INTL A","6158731","2025-05-20 02:00","2025","05","20","02:00","","4.4","","0.1","","74","","","","1","","17","","24.1","","99.92","","","","","","NA"
"-79.63","43.68","TORONTO INTL A","6158731","2025-05-20 03:00","2025","05","20","03:00","","3.8","","-0.2","","75","","","","1","","15","","24.1","","99.88","","","","","","NA"
"-79.63","43.68","TORONTO INTL A","6158731","2025-05-20 04:00","2025","05","20","04:00","","3.7","","-0.7","","73","","","","36","","11","","24.1","","99.95","","","","","","Clear"
"-79.63","43.68","TORONTO INTL A","6158731","2025-05-20 05:00","2025","05","20","05:00","","3.2","","-0.6","","76","","","","36","","11","","24.1","","99.96","","","","","","NA"
"-79.63","43.68","TORONTO INTL A","6158731","2025-05-20 06:00","2025","05","20","06:00","","4.7","","0.0","","72","","","","31","","12","","24.1","","99.94","","","","","","NA"
"-79.63","43.68","TORONTO INTL A","6158731","2025-05-20 07:00","2025","05","20","07:00","","7.0","","0.9","","65","","","","2","","13","","24.1","","99.95","","","","","","Mainly Clear"
"-79.63","43.68","TORONTO INTL A","6158731","2025-05-20 08:00","2025","05","20","08:00","","9.1","","0.1","","53","","","","4","","12","","24.1","","99.97","","","","","","NA"
"-79.63","43.68","TORONTO INTL A","6158731","2025-05-20 09:00","2025","05","20","09:00","","10.6","","1.1","","51","","","","5","","6","","24.1","","99.94","","","","","","NA"
"-79.63","43.68","TORONTO INTL A","6158731","2025-05-20 10:00","2025","05","20","10:00","","11.9","","1.3","","48","","","","2","","16","","24.1","","99.89","","","","","","Mostly Cloudy"
"-79.63","43.68","TORONTO INTL A","6158731","2025-05-20 11:00","2025","05","20","11:00","","13.2","","1.8","","46","","","","5","","9","","24.1","","99.78","","","","","","NA"
"-79.63","43.68","TORONTO INTL A","6158731","2025-05-20 12:00","2025","05","20","12:00","","12.8","","1.7","","47","","","","15","","16","","24.1","","99.80","","","","","","NA"
"-79.63","43.68","TORONTO INTL A","6158731","2025-05-20 13:00","2025","05","20","13:00","","12.2","","0.6","","45","","","","15","","19","","24.1","","99.77","","","","","","Mostly Cloudy"
"-79.63","43.68","TORONTO INTL A","6158731","2025-05-20 14:00","2025","05","20","14:00","","13.1","","1.6","","45","","","","16","","13","","24.1","","99.70","","","","","","NA"
"-79.63","43.68","TORONTO INTL A","6158731","2025-05-20 15:00","2025","05","20","15:00","","12.8","","2.2","","48","","","","15","","14","","24.1","","99.62","","","","","","NA"
"-79.63","43.68","TORONTO INTL A","6158731","2025-05-20 16:00","2025","05","20","16:00","","13.8","","2.8","","47","","","","12","","15","","24.1","","99.54","","","","","","Mostly Cloudy"
"-79.63","43.68","TORONTO INTL A","6158731","2025-05-20 17:00","2025","05","20","17:00","","12.8","","2.2","","48","","","","12","","15","","24.1","","99.51","","","","","","NA"
"-79.63","43.68","TORONTO INTL A","6158731","2025-05-20 18:00","2025","05","20","18:00","","12.3","","1.9","","49","","","","15","","16","","24.1","","99.49","","","","","","NA"
"-79.63","43.68","TORONTO INTL A","6158731","2025-05-20 19:00","2025","05","20","19:00","","11.2","","1.7","","52","","","","10","","20","","24.1","","99.46","","","","","","Mostly Cloudy"
"-79.63","43.68","TORONTO INTL A","6158731","2025-05-20 20:00","2025","05","20","20:00","","10.1","","1.3","","54","","","","10","","20","","24.1","","99.50","","","","","","NA"
"-79.63","43.68","TORONTO INTL A","6158731","2025-05-20 21:00","2025","05","20","21:00","","9.7","","2.2","","60","","","","8","","18","","24.1","","99.48","","","","","","NA"
"-79.63","43.68","TORONTO INTL A","6158731","2025-05-20 22:00","2025","05","20","22:00","","9.7","","2.9","","62","","","","10","","14","","24.1","","99.45","","","","","","Mostly Cloudy"
"-79.63","43.68","TORONTO INTL A","6158731","2025-05-20 23:00","2025","05","20","23:00","","9.3","","3.2","","65","","","","10","","14","","24.1","","99.43","","","","","","NA"
"-79.63","43.68","TORONTO INTL A","6158731","2025-05-21 00:00","2025","05","21","00:00","","9.0","","3.1","","67","","","","8","","14","","24.1","","99.45","","","","","","NA"
"-79.63","43.68","TORONTO INTL A","6158731","2025-05-21 01:00","2025","05","21","01:00","","8.9","","3.0","","66","","","","7","","12","","24.1","","99.35","","","","","","Mostly Cloudy"
"-79.63","43.68","TORONTO INTL A","6158731","2025-05-21 02:00","2025","05","21","02:00","","9.0","","3.3","","67","","","","8","","12","","24.1","","99.34","","","","","","NA"
"-79.63","43.68","TORONTO INTL A","6158731","2025-05-21 03:00","2025","05","21","03:00","","9.3","","3.6","","67","","","","7","","16","","24.1","","99.22","","","","","","NA"
"-79.63","43.68","TORONTO INTL A","6158731","2025-05-21 04:00","2025","05","21","04:00","","9.2","","4.7","","73","","","","8","","17","","24.1","","99.13","","","","","","Mostly Cloudy"
"-79.63","43.68","TORONTO INTL A","6158731","2025-05-21 05:00","2025","05","21","05:00","","9.3","","5.1","","75","","","","8","","19","","24.1","","99.07","","","","","","NA"
"-79.63","43.68","TORONTO INTL A","6158731","2025-05-21 06:00","2025","05","21","06:00","","9.6","","5.1","","74","","","","8","","29","","24.1","","98.97","","","","","","NA"
"-79.63","43.68","TORONTO INTL A","6158731","2025-05-21 07:00","2025","05","21","07:00","","9.9","","5.6","","74","","","","8","","27","","24.1","","98.95","","","","","","Mostly Cloudy"
"-79.63","43.68","TORONTO INTL A","6158731","2025-05-21 08:00","2025","05","21","08:00","","10.0","","5.9","","75","","","","9","","25","","24.1","","98.96","","","","","","Rain"
"-79.63","43.68","TORONTO INTL A","6158731","2025-05-21 09:00","2025","05","21","09:00","","9.7","","5.9","","77","","","","10","","32","","24.1","","98.92","","","","","","NA"
"-79.63","43.68","TORONTO INTL A","6158731","2025-05-21 10:00","2025","05","21","10:00","","10.1","","6.1","","76","","","","9","","25","","24.1","","98.88","","","","","","Cloudy"
"-79.63","43.68","TORONTO INTL A","6158731","2025-05-21 11:00","2025","05","21","11:00","","10.0","","6.5","","78","","","","7","","32","","24.1","","98.81","","","","","","Rain"
"-79.63","43.68","TORONTO INTL A","6158731","2025-05-21 12:00","2025","05","21","12:00","","9.2","","7.4","","88","","","","8","","23","","24.1","","98.79","","","","","","Rain"
"-79.63","43.68","TORONTO INTL A","6158731","2025-05-21 13:00","2025","05","21","13:00","","9.5","","8.2","","91","","","","7","","24","","9.7","","98.70","","","","","","Rain,Fog"
"-79.63","43.68","TORONTO INTL A","6158731","2025-05-21 14:00","2025","05","21","14:00","","9.6","","8.7","","94","","","","8","","26","","9.7","","98.65","","","","","","Rain,Fog"
"-79.63","43.68","TORONTO INTL A","6158731","2025-05-21 15:00","2025","05","21","15:00","","9.6","","8.8","","95","","","","8","","25","","9.7","","98.61","","","","","","Rain,Fog"
"-79.63","43.68","TORONTO INTL A","6158731","2025-05-21 16:00","2025","05","21","16:00","","9.6","","8.8","","95","","","","8","","28","","8.1","","98.55","","","","","","Rain,Fog"
"-79.63","43.68","TORONTO INTL A","6158731","2025-05-21 17:00","2025","05","21","17:00","","9.6","","8.9","","96","","","","9","","26","","9.7","","98.54","","","","","","Rain,Fog"
"-79.63","43.68","TORONTO INTL A","6158731","2025-05-21 18:00","2025","05","21","18:00","","9.7","","9.1","","96","","","","8","","24","","6.4","","98.55","","","","","","Rain,Fog"
"-79.63","43.68","TORONTO INTL A","6158731","2025-05-21 19:00","2025","05","21","19:00","","9.6","","8.9","","96","","","","8","","18","","8.1","","98.52","","","","","","Rain,Fog"
"-79.63","43.68","TORONTO INTL A","6158731","2025-05-21 20:00","2025","05","21","20:00","","9.4","","8.8","","96","","","","9","","24","","8.1","","98.49","","","","","","Rain,Fog"
"-79.63","43.68","TORONTO INTL A","6158731","2025-05-21 21:00","2025","05","21","21:00","","8.9","","8.3","","96","","","","9","","23","","9.7","","98.45","","","","","","Rain,Fog"
"-79.63","43.68","TORONTO INTL A","6158731","2025-05-21 22:00","2025","05","21","22:00","","8.6","","8.1","","96","","","","9","","21","","4.8","","98.42","","","","","","Rain,Fog"
"-79.63","43.68","TORONTO INTL A","6158731","2025-05-21 23:00","2025","05","21","23:00","","8.3","","7.7","","96","","","","9","","25","","4.8","","98.38","","","","","","Rain,Fog"
"-79.63","43.68","TORONTO INTL A","6158731","2025-05-22 00:00","2025","05","22","00:00","","7.8","","7.2","","96","","","","9","","25","","4.8","","98.34","","","","","","Moderate Rain,Fog"
"-79.63","43.68","TORONTO INTL A","6158731","2025-05-22 01:00","2025","05","22","01:00","","7.9","","7.3","","96","","","","9","","26","","8.1","","98.28","","","","","","Rain,Fog"
"-79.63","43.68","TORONTO INTL A","6158731","2025-05-22 02:00","2025","05","22","02:00","","7.5","","6.9","","96","","","","8","","23","","8.1","","98.22","","","","","","Rain,Fog"
"-79.63","43.68","TORONTO INTL A","6158731","2025-05-22 03:00","2025","05","22","03:00","","7.4","","6.9","","96","","","","8","","25","","8.1","","98.17","","","","","","Rain,Fog"
"-79.63","43.68","TORONTO INTL A","6158731","2025-05-22 04:00","2025","05","22","04:00","","7.4","","6.8","","97","","","","8","","23","","4.8","","98.16","","","","","","Rain,Fog"
"-79.63","43.68","TORONTO INTL A","6158731","2025-05-22 05:00","2025","05","22","05:00","","7.3","","6.8","","97","","","","8","","21","","3.2","","98.12","","","","","","Rain,Fog"
"-79.63","43.68","TORONTO INTL A","6158731","2025-05-22 06:00","2025","05","22","06:00","","7.4","","6.9","","97","","","","8","","25","","2.0","","98.15","","","","","","Rain,Fog"
"-79.63","43.68","TORONTO INTL A","6158731","2025-05-22 07:00","2025","05","22","07:00","","7.4","","6.8","","96","","","","8","","24","","3.2","","98.15","","","","","","Rain,Fog"
"-79.63","43.68","TORONTO INTL A","6158731","2025-05-22 08:00","2025","05","22","08:00","","8.0","","7.5","","96","","","","8","","17","","8.1","","98.16","","","","","","Rain,Fog"
"-79.63","43.68","TORONTO INTL A","6158731","2025-05-22 09:00","2025","05","22","09:00","","8.6","","8.1","","97","","","","9","","17","","2.0","","98.19","","","","","","Rain,Fog"
"-79.63","43.68","TORONTO INTL A","6158731","2025-05-22 10:00","2025","05","22","10:00","","8.8","","8.3","","97","","","","8","","16","","6.4","","98.23","","","","","","Rain,Fog"
"-79.63","43.68","TORONTO INTL A","6158731","2025-05-22 11:00","2025","05","22","11:00","","9.2","","8.7","","97","","","","9","","13","","4.0","","98.26","","","","","","Rain,Fog"
"-79.63","43.68","TORONTO INTL A","6158731","2025-05-22 12:00","2025","05","22","12:00","","9.5","","9.1","","97","","","","9","","15","","6.4","","98.26","","","","","","Rain,Fog"
"-79.63","43.68","TORONTO INTL A","6158731","2025-05-22 13:00","2025","05","22","13:00","","10.1","","9.7","","97","","","","11","","15","","6.4","","98.26","","","","","","Rain,Fog"
"-79.63","43.68","TORONTO INTL A","6158731","2025-05-22 14:00","2025","05","22","14:00","","9.7","","9.2","","97","","","","9","","15","","9.7","","98.29","","","","","","Rain,Fog"
"-79.63","43.68","TORONTO INTL A","6158731","2025-05-22 15:00","2025","05","22","15:00","","9.2","","8.8","","97","","","","8","","16","","6.4","","98.30","","","","","","Rain,Fog"
"-79.63","43.68","TORONTO INTL A","6158731","2025-05-22 16:00","2025","05","22","16:00","","9.9","","9.4","","97","","","","9","","14","","8.1","","98.33","","","","","","Rain,Fog"
"-79.63","43.68","TORONTO INTL A","6158731","2025-05-22 17:00","2025","05","22","17:00","","9.5","","9.0","","97","","","","8","","16","","2.0","","98.37","","","","","","Rain,Fog"
"-79.63","43.68","TORONTO INTL A","6158731","2025-05-22 18:00","2025","05","22","18:00","","8.9","","8.5","","97","","","","7","","15","","2.4","","98.40","","","","","","Rain,Fog"
"-79.63","43.68","TORONTO INTL A","6158731","2025-05-22 19:00","2025","05","22","19:00","","8.9","","8.4","","97","","","","6","","11","","2.4","","98.44","","","","","","Rain,Fog"
"-79.63","43.68","TORONTO INTL A","6158731","2025-05-22 20:00","2025","05","22","20:00","","8.6","","8.1","","97","","","","5","","14","","4.0","","98.47","","","","","","Drizzle,Fog"
"-79.63","43.68","TORONTO INTL A","6158731","2025-05-22 21:00","2025","05","22","21:00","","8.7","","8.2","","97","","","","4","","10","","4.8","","98.51","","","","","","Drizzle,Fog"
"-79.63","43.68","TORONTO INTL A","6158731","2025-05-22 22:00","2025","05","22","22:00","","8.9","","8.5","","97","","","","2","","11","","6.4","","98.52","","","","","","Drizzle,Fog"
"-79.63","43.68","TORONTO INTL A","6158731","2025-05-22 23:00","2025","05","22","23:00","","9.0","","8.6","","97","","","","2","","9","","9.7","","98.53","","","","","","Fog"
"-79.63","43.68","TORONTO INTL A","6158731","2025-05-23 00:00","2025","05","23","00:00","","9.3","","8.8","","97","","","","35","","7","","6.4","","98.53","","","","","","Drizzle,Fog"
"-79.63","43.68","TORONTO INTL A","6158731","2025-05-23 01:00","2025","05","23","01:00","","9.7","","9.0","","95","","","","31","","11","","16.1","","98.50","","","","","","Drizzle"
"-79.63","43.68","TORONTO INTL A","6158731","2025-05-23 02:00","2025","05","23","02:00","","8.8","","7.9","","94","","","","31","","24","","24.1","","98.50","","","","","","NA"
"-79.63","43.68","TORONTO INTL A","6158731","2025-05-23 03:00","2025","05","23","03:00","","8.8","","7.2","","90","","","","31","","21","","24.1","","98.53","","","","","","Rain"
"-79.63","43.68","TORONTO INTL A","6158731","2025-05-23 04:00","2025","05","23","04:00","","8.6","","6.9","","89","","","","30","","22","","24.1","","98.58","","","","","","Rain"
"-79.63","43.68","TORONTO INTL A","6158731","2025-05-23 05:00","2025","05","23","05:00","","8.3","","6.4","","88","","","","30","","21","","24.1","","98.61","","","","","","Rain"
"-79.63","43.68","TORONTO INTL A","6158731","2025-05-23 06:00","2025","05","23","06:00","","8.2","","6.2","","87","","","","30","","19","","24.1","","98.66","","","","","","Rain"
"-79.63","43.68","TORONTO INTL A","6158731","2025-05-23 07:00","2025","05","23","07:00","","8.8","","6.0","","83","","","","30","","23","","24.1","","98.70","","","","","","Mostly Cloudy"
"-79.63","43.68","TORONTO INTL A","6158731","2025-05-23 08:00","2025","05","23","08:00","","9.2","","6.0","","80","","","","28","","23","","24.1","","98.72","","","","","","NA"
"-79.63","43.68","TORONTO INTL A","6158731","2025-05-23 09:00","2025","05","23","09:00","","10.7","","5.9","","72","","","","28","","30","","24.1","","98.74","","","","","","NA"
"-79.63","43.68","TORONTO INTL A","6158731","2025-05-23 10:00","2025","05","23","10:00","","11.1","","5.7","","69","","","","29","","32","","24.1","","98.78","","","","","","Cloudy"
"-79.63","43.68","TORONTO INTL A","6158731","2025-05-23 11:00","2025","05","23","11:00","","11.4","","7.4","","76","","","","29","","28","","24.1","","98.82","","","","","","Rain Showers"
"-79.63","43.68","TORONTO INTL A","6158731","2025-05-23 12:00","2025","05","23","12:00","","11.7","","5.7","","66","","","","28","","34","","24.1","","98.84","","","","","","NA"
"-79.63","43.68","TORONTO INTL A","6158731","2025-05-23 13:00","2025","05","23","13:00","","12.1","","6.0","","66","","","","28","","30","","24.1","","98.88","","","","","","Mostly Cloudy"
"-79.63","43.68","TORONTO INTL A","6158731","2025-05-23 14:00","2025","05","23","14:00","","11.8","","6.0","","68","","","","27","","37","","24.1","","98.94","","","","","","NA"
"-79.63","43.68","TORONTO INTL A","6158731","2025-05-23 15:00","2025","05","23","15:00","","11.7","","6.2","","69","","","","27","","31","","24.1","","98.96","","","","","","NA"
"-79.63","43.68","TORONTO INTL A","6158731","2025-05-23 16:00","2025","05","23","16:00","","11.6","","6.6","","71","","","","27","","29","","24.1","","98.98","","","","","","Cloudy"
"-79.63","43.68","TORONTO INTL A","6158731","2025-05-23 17:00","2025","05","23","17:00","","11.2","","5.9","","70","","","","27","","32","","24.1","","99.03","","","","","","NA"
"-79.63","43.68","TORONTO INTL A","6158731","2025-05-23 18:00","2025","05","23","18:00","","11.2","","6.4","","72","","","","28","","25","","24.1","","99.04","","","","","","NA"
"-79.63","43.68","TORONTO INTL A","6158731","2025-05-23 19:00","2025","05","23","19:00","","11.2","","6.2","","71","","","","30","","34","","24.1","","99.08","","","","","","Cloudy"
"-79.63","43.68","TORONTO INTL A","6158731","2025-05-23 20:00","2025","05","23","20:00","","9.9","","8.0","","87","","","","33","","18","","19.3","","99.14","","","","","","NA"
"-79.63","43.68","TORONTO INTL A","6158731","2025-05-23 21:00","2025","05","23","21:00","","9.7","","6.5","","80","","","","30","","24","","19.3","","99.21","","","","","","NA"
"-79.63","43.68","TORONTO INTL A","6158731","2025-05-23 22:00","2025","05","23","22:00","","9.7","","6.1","","79","","","","30","","21","","24.1","","99.21","","","","","","Mostly Cloudy"
"-79.63","43.68","TORONTO INTL A","6158731","2025-05-23 23:00","2025","05","23","23:00","","9.9","","6.0","","77","","","","29","","18","","24.1","","99.21","","","","","","NA"
"-79.63","43.68","TORONTO INTL A","6158731","2025-05-24 00:00","2025","05","24","00:00","","9.9","","5.8","","75","","","","31","","21","","24.1","","99.24","","","","","","NA"
"-79.63","43.68","TORONTO INTL A","6158731","2025-05-24 01:00","2025","05","24","01:00","","9.1","","5.7","","79","","","","29","","18","","24.1","","99.24","","","","","","Mostly Cloudy"
"-79.63","43.68","TORONTO INTL A","6158731","2025-05-24 02:00","2025","05","24","02:00","","8.7","","5.8","","81","","","","28","","17","","24.1","","99.25","","","","","","NA"
"-79.63","43.68","TORONTO INTL A","6158731","2025-05-24 03:00","2025","05","24","03:00","","8.8","","5.8","","81","","","","29","","20","","24.1","","99.26","","","","","","NA"
"-79.63","43.68","TORONTO INTL A","6158731","2025-05-24 04:00","2025","05","24","04:00","","9.1","","6.0","","81","","","","30","","17","","24.1","","99.32","","","","","","Rain Showers"
"-79.63","43.68","TORONTO INTL A","6158731","2025-05-24 05:00","2025","05","24","05:00","","9.2","","6.2","","81","","","","31","","20","","24.1","","99.39","","","","","","Rain Showers"
"-79.63","43.68","TORONTO INTL A","6158731","2025-05-24 06:00","2025","05","24","06:00","","9.7","","6.4","","80","","","","30","","26","","24.1","","99.45","","","","","","NA"
"-79.63","43.68","TORONTO INTL A","6158731","2025-05-24 07:00","2025","05","24","07:00","","10.3","","7.0","","80","","","","30","","19","","24.1","","99.49","","","","","","Mostly Cloudy"
"-79.63","43.68","TORONTO INTL A","6158731","2025-05-24 08:00","2025","05","24","08:00","","11.3","","7.2","","76","","","","30","","23","","24.1","","99.51","","","","","","Rain Showers"
"-79.63","43.68","TORONTO INTL A","6158731","2025-05-24 09:00","2025","05","24","09:00","","12.1","","6.9","","70","","","","34","","23","","24.1","","99.50","","","","","","NA"
"-79.63","43.68","TORONTO INTL A","6158731","2025-05-24 10:00","2025","05","24","10:00","","12.4","","6.6","","68","","","","31","","21","","24.1","","99.52","","","","","","Mostly Cloudy"
"-79.63","43.68","TORONTO INTL A","6158731","2025-05-24 11:00","2025","05","24","11:00","","12.3","","6.8","","69","","","","31","","19","","24.1","","99.54","","","","","","Rain Showers"
"-79.63","43.68","TORONTO INTL A","6158731","2025-05-24 12:00","2025","05","24","12:00","","13.0","","6.6","","65","","","","31","","27","","24.1","","99.61","","","","","","Rain Showers"
"-79.63","43.68","TORONTO INTL A","6158731","2025-05-24 13:00","2025","05","24","13:00","","14.2","","7.2","","62","","","","29","","36","","24.1","","99.65","","","","","","Mostly Cloudy"
"-79.63","43.68","TORONTO INTL A","6158731","2025-05-24 14:00","2025","05","24","14:00","","15.6","","7.1","","57","","","","31","","31","","24.1","","99.65","","","","","","NA"
"-79.63","43.68","TORONTO INTL A","6158731","2025-05-24 15:00","2025","05","24","15:00","","15.7","","7.0","","56","","","","30","","37","","24.1","","99.67","","","","","","NA"
"-79.63","43.68","TORONTO INTL A","6158731","2025-05-24 16:00","2025","05","24","16:00","","15.7","","7.9","","60","","","","30","","31","","24.1","","99.74","","","","","","Mostly Cloudy"
"-79.63","43.68","TORONTO INTL A","6158731","2025-05-24 17:00","2025","05","24","17:00","","12.7","","8.3","","74","","","","29","","27","","24.1","","99.84","","","","","","NA"
"-79.63","43.68","TORONTO INTL A","6158731","2025-05-24 18:00","2025","05","24","18:00","","12.7","","6.4","","65","","","","31","","39","","24.1","","99.88","","","","","","NA"
"-79.63","43.68","TORONTO INTL A","6158731","2025-05-24 19:00","2025","05","24","19:00","","12.5","","6.2","","65","","","","30","","26","","24.1","","99.94","","","","","","Mostly Cloudy"
"-79.63","43.68","TORONTO INTL A","6158731","2025-05-24 20:00","2025","05","24","20:00","","11.5","","5.8","","68","","","","30","","20","","24.1","","99.95","","","","","","NA"
"-79.63","43.68","TORONTO INTL A","6158731","2025-05-24 21:00","2025","05","24","21:00","","10.1","","5.5","","73","","","","30","","12","","24.1","","99.98","","","","","","NA"
"-79.63","43.68","TORONTO INTL A","6158731","2025-05-24 22:00","2025","05","24","22:00","","8.2","","5.3","","82","","","","24","","13","","24.1","","100.02","","","","","","Mainly Clear"
"-79.63","43.68","TORONTO INTL A","6158731","2025-05-24 23:00","2025","05","24","23:00","","6.8","","4.8","","87","","","","26","","15","","24.1","","100.03","","","","","","NA"
"-79.63","43.68","TORONTO INTL A","6158731","2025-05-25 00:00","2025","05","25","00:00","","7.7","","5.1","","84","","","","29","","16","","24.1","","100.02","","","","","","NA"
"-79.63","43.68","TORONTO INTL A","6158731","2025-05-25 01:00","2025","05","25","01:00","","6.8","","4.6","","86","","","","29","","14","","24.1","","99.99","","","","","","Mainly Clear"
"-79.63","43.68","TORONTO INTL A","6158731","2025-05-25 02:00","2025","05","25","02:00","","8.0","","5.0","","81","","","","31","","16","","24.1","","100.01","","","","","","NA"
"-79.63","43.68","TORONTO INTL A","6158731","2025-05-25 03:00","2025","05","25","03:00","","8.1","","4.7","","79","","","","30","","16","","24.1","","100.02","","","","","","NA"
"-79.63","43.68","TORONTO INTL A","6158731","2025-05-25 04:00","2025","05","25","04:00","","7.2","","4.5","","83","","","","32","","14","","24.1","","100.02","","","","","","Mainly Clear"
"-79.63","43.68","TORONTO INTL A","6158731","2025-05-25 05:00","2025","05","25","05:00","","7.7","","4.8","","82","","","","30","","16","","24.1","","100.06","","","","","","NA"
"-79.63","43.68","TORONTO INTL A","6158731","2025-05-25 06:00","2025","05","25","06:00","","9.3","","5.3","","76","","","","32","","17","","24.1","","100.09","","","","","","NA"
"-79.63","43.68","TORONTO INTL A","6158731","2025-05-25 07:00","2025","05","25","07:00","","11.1","","6.1","","71","","","","33","","19","","24.1","","100.11","","","","","","Mainly Clear"
"-79.63","43.68","TORONTO INTL A","6158731","2025-05-25 08:00","2025","05","25","08:00","","12.8","","7.2","","69","","","","29","","11","","24.1","","100.12","","","","","","NA"
"-79.63","43.68","TORONTO INTL A","6158731","2025-05-25 09:00","2025","05","25","09:00","","14.9","","7.7","","62","","","","33","","18","","24.1","","100.10","","","","","","NA"
"-79.63","43.68","TORONTO INTL A","6158731","2025-05-25 10:00","2025","05","25","10:00","","16.4","","8.1","","57","","","","29","","16","","24.1","","100.09","","","","","","Mostly Cloudy"
"-79.63","43.68","TORONTO INTL A","6158731","2025-05-25 11:00","2025","05","25","11:00","","17.8","","9.2","","57","","","","27","","15","","24.1","","100.09","","","","","","NA"
"-79.63","43.68","TORONTO INTL A","6158731","2025-05-25 12:00","2025","05","25","12:00","","16.9","","7.0","","52","","","","32","","28","","24.1","","100.07","","","","","","NA"
"-79.63","43.68","TORONTO INTL A","6158731","2025-05-25 13:00","2025","05","25","13:00","","14.4","","7.8","","64","","","","3","","27","","24.1","","100.06","","","","","","Mostly Cloudy"
"-79.63","43.68","TORONTO INTL A","6158731","2025-05-25 14:00","2025","05","25","14:00","","12.9","","8.4","","74","","","","35","","17","","16.1","","100.09","","","","","","Rain Showers"
"-79.63","43.68","TORONTO INTL A","6158731","2025-05-25 15:00","2025","05","25","15:00","","12.1","","9.7","","85","","","","29","","22","","9.7","","100.12","","","","","","Rain Showers,Fog"
"-79.63","43.68","TORONTO INTL A","6158731","2025-05-25 16:00","2025","05","25","16:00","","12.1","","8.9","","81","","","","34","","16","","24.1","","100.10","","","","","","Rain Showers"
"-79.63","43.68","TORONTO INTL A","6158731","2025-05-25 17:00","2025","05","25","17:00","","15.0","","9.8","","71","","","","32","","13","","24.1","","100.10","","","","","","NA"
"-79.63","43.68","TORONTO INTL A","6158731","2025-05-25 18:00","2025","05","25","18:00","","14.5","","7.9","","64","","","","33","","17","","24.1","","100.09","","","","","","NA"
"-79.63","43.68","TORONTO INTL A","6158731","2025-05-25 19:00","2025","05","25","19:00","","14.5","","8.3","","66","","","","35","","16","","24.1","","100.13","","","","","","Mainly Clear"
"-79.63","43.68","TORONTO INTL A","6158731","2025-05-25 20:00","2025","05","25","20:00","","13.2","","8.3","","72","","","","31","","11","","24.1","","100.16","","","","","","NA"
"-79.63","43.68","TORONTO INTL A","6158731","2025-05-25 21:00","2025","05","25","21:00","","12.8","","8.3","","74","","","","1","","13","","24.1","","100.21","","","","","","NA"
"-79.63","43.68","TORONTO INTL A","6158731","2025-05-25 22:00","2025","05","25","22:00","","11.8","","7.3","","74","","","","34","","13","","24.1","","100.24","","","","","","Mainly Clear"
"-79.63","43.68","TORONTO INTL A","6158731","2025-05-25 23:00","2025","05","25","23:00","","11.3","","7.7","","78","","","","34","","13","","24.1","","100.23","","","","","","NA"
"-79.63","43.68","TORONTO INTL A","6158731","2025-05-26 00:00","2025","05","26","00:00","","9.4","","7.5","","87","","","","30","","14","","24.1","","100.15","","","","","","NA"
"-79.63","43.68","TORONTO INTL A","6158731","2025-05-26 01:00","2025","05","26","01:00","","9.4","","6.3","","81","","","","32","","18","","24.1","","100.12","","","","","","Clear"
"-79.63","43.68","TORONTO INTL A","6158731","2025-05-26 02:00","2025","05","26","02:00","","9.0","","5.9","","81","","","","33","","14","","24.1","","100.19","","","","","","NA"
"-79.63","43.68","TORONTO INTL A","6158731","2025-05-26 03:00","2025","05","26","03:00","","7.6","","5.2","","84","","","","34","","9","","24.1","","100.25","","","","","","NA"
"-79.63","43.68","TORONTO INTL A","6158731","2025-05-26 04:00","2025","05","26","04:00","","7.8","","5.3","","84","","","","35","","7","","24.1","","100.25","","","","","","Clear"
"-79.63","43.68","TORONTO INTL A","6158731","2025-05-26 05:00","2025","05","26","05:00","","7.4","","4.9","","84","","","","30","","8","","24.1","","100.29","","","","","","NA"
"-79.63","43.68","TORONTO INTL A","6158731","2025-05-26 06:00","2025","05","26","06:00","","9.5","","6.5","","82","","","","","","0","","24.1","","100.35","","","","","","NA"
"-79.63","43.68","TORONTO INTL A","6158731","2025-05-26 07:00","2025","05","26","07:00","","11.7","","6.7","","71","","","","34","","10","","24.1","","100.39","","","","","","Clear"
"-79.63","43.68","TORONTO INTL A","6158731","2025-05-26 08:00","2025","05","26","08:00","","13.9","","8.1","","68","","","","34","","9","","24.1","","100.43","","","","","","NA"
"-79.63","43.68","TORONTO INTL A","6158731","2025-05-26 09:00","2025","05","26","09:00","","15.8","","7.9","","59","","","","36","","5","","24.1","","100.45","","","","","","NA"
"-79.63","43.68","TORONTO INTL A","6158731","2025-05-26 10:00","2025","05","26","10:00","","18.0","","11.0","","63","","","","23","","5","","24.1","","100.44","","","","","","Clear"
"-79.63","43.68","TORONTO INTL A","6158731","2025-05-26 11:00","2025","05","26","11:00","","19.0","","7.8","","48","","","","34","","4","","24.1","","100.46","","","","","","NA"
"-79.63","43.68","TORONTO INTL A","6158731","2025-05-26 12:00","2025","05","26","12:00","","20.5","","9.7","","50","","","","25","","5","","24.1","","100.41","","","","","","NA"
"-79.63","43.68","TORONTO INTL A","6158731","2025-05-26 13:00","2025","05","26","13:00","","20.2","","8.9","","48","","","","14","","15","","24.1","","100.38","","","","","","Clear"
"-79.63","43.68","TORONTO INTL A","6158731","2025-05-26 14:00","2025","05","26","14:00","","21.1","","9.0","","46","","","","15","","14","","24.1","","100.36","","","","","","NA"
"-79.63","43.68","TORONTO INTL A","6158731","2025-05-26 15:00","2025","05","26","15:00","","20.0","","7.8","","45","","","","14","","13","","24.1","","100.35","","","","","","NA"
"-79.63","43.68","TORONTO INTL A","6158731","2025-05-26 16:00","2025","05","26","16:00","","18.2","","7.4","","49","","","","15","","16","","24.1","","100.35","","","","","","Mainly Clear"
"-79.63","43.68","TORONTO INTL A","6158731","2025-05-26 17:00","2025","05","26","17:00","","20.0","","7.0","","43","","","","15","","16","","24.1","","100.34","","","","","","NA"
"-79.63","43.68","TORONTO INTL A","6158731","2025-05-26 18:00","2025","05","26","18:00","","19.6","","4.5","","37","","","","20","","14","","24.1","","100.38","","","","","","NA"
"-79.63","43.68","TORONTO INTL A","6158731","2025-05-26 19:00","2025","05","26","19:00","","18.7","","3.3","","36","","","","","","0","","24.1","","100.39","","","","","","Mainly Clear"
"-79.63","43.68","TORONTO INTL A","6158731","2025-05-26 20:00","2025","05","26","20:00","","18.4","","2.9","","35","","","","","","0","","24.1","","100.40","","","","","","NA"
"-79.63","43.68","TORONTO INTL A","6158731","2025-05-26 21:00","2025","05","26","21:00","","17.5","","3.1","","38","","","","5","","3","","24.1","","100.49","","","","","","NA"
"-79.63","43.68","TORONTO INTL A","6158731","2025-05-26 22:00","2025","05","26","22:00","","16.4","","3.5","","42","","","","","","0","","24.1","","100.49","","","","","","Clear"
"-79.63","43.68","TORONTO INTL A","6158731","2025-05-26 23:00","2025","05","26","23:00","","14.2","","5.8","","56","","","","35","","10","","24.1","","100.49","","","","","","NA"
"-79.63","43.68","TORONTO INTL A","6158731","2025-05-27 00:00","2025","05","27","00:00","","13.1","","7.0","","66","","","","2","","10","","24.1","","100.49","","","","","","NA"
"-79.63","43.68","TORONTO INTL A","6158731","2025-05-27 01:00","2025","05","27","01:00","","13.1","","6.5","","64","","","","34","","9","","24.1","","100.51","","","","","","Clear"
"-79.63","43.68","TORONTO INTL A","6158731","2025-05-27 02:00","2025","05","27","02:00","","12.3","","6.1","","66","","","","32","","6","","24.1","","100.52","","","","","","NA"
"-79.63","43.68","TORONTO INTL A","6158731","2025-05-27 03:00","2025","05","27","03:00","","11.4","","6.0","","69","","","","34","","9","","24.1","","100.55","","","","","","NA"
"-79.63","43.68","TORONTO INTL A","6158731","2025-05-27 04:00","2025","05","27","04:00","","11.3","","5.9","","69","","","","36","","5","","24.1","","100.60","","","","","","Clear"
"-79.63","43.68","TORONTO INTL A","6158731","2025-05-27 05:00","2025","05","27","05:00","","11.1","","5.4","","68","","","","32","","4","","24.1","","100.62","","","","","","NA"
"-79.63","43.68","TORONTO INTL A","6158731","2025-05-27 06:00","2025","05","27","06:00","","12.7","","7.1","","69","","","","36","","6","","24.1","","100.64","","","","","","NA"
"-79.63","43.68","TORONTO INTL A","6158731","2025-05-27 07:00","2025","05","27","07:00","","15.6","","6.6","","55","","","","30","","5","","24.1","","100.64","","","","","","Mostly Cloudy"
"-79.63","43.68","TORONTO INTL A","6158731","2025-05-27 08:00","2025","05","27","08:00","","17.2","","7.7","","53","","","","3","","7","","24.1","","100.61","","","","","","NA"
"-79.63","43.68","TORONTO INTL A","6158731","2025-05-27 09:00","2025","05","27","09:00","","18.8","","6.8","","45","","","","16","","10","","24.1","","100.62","","","","","","NA"
"-79.63","43.68","TORONTO INTL A","6158731","2025-05-27 10:00","2025","05","27","10:00","","19.9","","6.8","","42","","","","17","","7","","24.1","","100.61","","","","","","Mostly Cloudy"
"-79.63","43.68","TORONTO INTL A","6158731","2025-05-27 11:00","2025","05","27","11:00","","20.2","","8.0","","45","","","","12","","13","","24.1","","100.61","","","","","","NA"
"-79.63","43.68","TORONTO INTL A","6158731","2025-05-27 12:00","2025","05","27","12:00","","20.3","","4.1","","34","","","","12","","11","","24.1","","100.56","","","","","","NA"
"-79.63","43.68","TORONTO INTL A","6158731","2025-05-27 13:00","2025","05","27","13:00","","21.0","","5.1","","35","","","","15","","12","","24.1","","100.50","","","","","","Mostly Cloudy"
"-79.63","43.68","TORONTO INTL A","6158731","2025-05-27 14:00","2025","05","27","14:00","","20.9","","5.0","","35","","","","16","","14","","24.1","","100.46","","","","","","NA"
"-79.63","43.68","TORONTO INTL A","6158731","2025-05-27 15:00","2025","05","27","15:00","","20.9","","6.6","","39","","","","14","","12","","24.1","","100.43","","","","","","NA"
"-79.63","43.68","TORONTO INTL A","6158731","2025-05-27 16:00","2025","05","27","16:00","","21.3","","8.4","","43","","","","12","","9","","24.1","","100.40","","","","","","Cloudy"
"-79.63","43.68","TORONTO INTL A","6158731","2025-05-27 17:00","2025","05","27","17:00","","20.9","","7.1","","41","","","","15","","6","","24.1","","100.36","","","","","","NA"
"-79.63","43.68","TORONTO INTL A","6158731","2025-05-27 18:00","2025","05","27","18:00","","20.7","","7.3","","41","","","","13","","8","","24.1","","100.29","","","","","","NA"
"-79.63","43.68","TORONTO INTL A","6158731","2025-05-27 19:00","2025","05","27","19:00","","19.9","","5.8","","39","","","","9","","10","","24.1","","100.25","","","","","","Mostly Cloudy"
"-79.63","43.68","TORONTO INTL A","6158731","2025-05-27 20:00","2025","05","27","20:00","","15.8","","6.6","","54","","","","16","","9","","24.1","","100.24","","","","","","NA"
"-79.63","43.68","TORONTO INTL A","6158731","2025-05-27 21:00","2025","05","27","21:00","","15.5","","5.7","","52","","","","","","0","","24.1","","100.25","","","","","","NA"
"-79.63","43.68","TORONTO INTL A","6158731","2025-05-27 22:00","2025","05","27","22:00","","14.7","","5.5","","54","","","","","","0","","24.1","","100.24","","","","","","Mainly Clear"
"-79.63","43.68","TORONTO INTL A","6158731","2025-05-27 23:00","2025","05","27","23:00","","12.9","","5.5","","60","","","","","","0","","24.1","","100.23","","","","","","NA"
"-79.63","43.68","TORONTO INTL A","6158731","2025-05-28 00:00","2025","05","28","00:00","","13.9","","4.9","","54","","","","6","","8","","24.1","","100.22","","","","","","NA"
"-79.63","43.68","TORONTO INTL A","6158731","2025-05-28 01:00","2025","05","28","01:00","","13.4","","4.6","","55","","","","8","","8","","24.1","","100.21","","","","","","Clear"
"-79.63","43.68","TORONTO INTL A","6158731","2025-05-28 02:00","2025","05","28","02:00","","12.4","","5.1","","61","","","","9","","6","","24.1","","100.24","","","","","","NA"
"-79.63","43.68","TORONTO INTL A","6158731","2025-05-28 03:00","2025","05","28","03:00","","12.2","","5.5","","63","","","","6","","5","","24.1","","100.22","","","","","","NA"
"-79.63","43.68","TORONTO INTL A","6158731","2025-05-28 04:00","2025","05","28","04:00","","11.2","","5.9","","70","","","","5","","10","","24.1","","100.17","","","","","","Mainly Clear"
"-79.63","43.68","TORONTO INTL A","6158731","2025-05-28 05:00","2025","05","28","05:00","","10.5","","6.0","","74","","","","4","","10","","24.1","","100.13","","","","","","NA"
"-79.63","43.68","TORONTO INTL A","6158731","2025-05-28 06:00","2025","05","28","06:00","","12.5","","7.2","","70","","","","8","","7","","24.1","","100.15","","","","","","NA"
"-79.63","43.68","TORONTO INTL A","6158731","2025-05-28 07:00","2025","05","28","07:00","","15.6","","8.6","","63","","","","9","","13","","24.1","","100.15","","","","","","Mostly Cloudy"
"-79.63","43.68","TORONTO INTL A","6158731","2025-05-28 08:00","2025","05","28","08:00","","16.2","","7.5","","56","","","","10","","22","","24.1","","100.16","","","","","","NA"
"-79.63","43.68","TORONTO INTL A","6158731","2025-05-28 09:00","2025","05","28","09:00","","16.5","","8.6","","59","","","","12","","14","","24.1","","100.15","","","","","","NA"
"-79.63","43.68","TORONTO INTL A","6158731","2025-05-28 10:00","2025","05","28","10:00","","17.1","","9.2","","59","","","","11","","23","","24.1","","100.12","","","","","","Mostly Cloudy"
"-79.63","43.68","TORONTO INTL A","6158731","2025-05-28 11:00","2025","05","28","11:00","","15.6","","8.6","","63","","","","13","","16","","24.1","","100.15","","","","","","NA"
"-79.63","43.68","TORONTO INTL A","6158731","2025-05-28 12:00","2025","05","28","12:00","","13.8","","11.0","","83","","","","14","","14","","16.1","","100.12","","","","","","Rain"
"-79.63","43.68","TORONTO INTL A","6158731","2025-05-28 13:00","2025","05","28","13:00","","15.6","","9.6","","67","","","","10","","19","","24.1","","100.04","","","","","","Mostly Cloudy"
"-79.63","43.68","TORONTO INTL A","6158731","2025-05-28 14:00","2025","05","28","14:00","","15.5","","10.7","","73","","","","10","","15","","16.1","","99.98","","","","","","Rain"
"-79.63","43.68","TORONTO INTL A","6158731","2025-05-28 15:00","2025","05","28","15:00","","13.2","","10.6","","84","","","","12","","19","","9.7","","99.96","","","","","","Rain,Fog"
"-79.63","43.68","TORONTO INTL A","6158731","2025-05-28 16:00","2025","05","28","16:00","","12.9","","11.6","","92","","","","10","","22","","16.1","","99.88","","","","","","Rain"
"-79.63","43.68","TORONTO INTL A","6158731","2025-05-28 17:00","2025","05","28","17:00","","12.9","","12.0","","94","","","","9","","15","","4.0","","99.83","","","","","","Drizzle,Fog"
"-79.63","43.68","TORONTO INTL A","6158731","2025-05-28 18:00","2025","05","28","18:00","","13.0","","12.3","","95","","","","10","","17","","2.4","","99.80","","","","","","Drizzle,Fog"
"-79.63","43.68","TORONTO INTL A","6158731","2025-05-28 19:00","2025","05","28","19:00","","12.7","","12.1","","96","","","","9","","16","","2.4","","99.78","","","","","","Rain,Fog"
"-79.63","43.68","TORONTO INTL A","6158731","2025-05-28 20:00","2025","05","28","20:00","","12.5","","12.0","","97","","","","10","","14","","4.0","","99.75","","","","","","Drizzle,Fog"
"-79.63","43.68","TORONTO INTL A","6158731","2025-05-28 21:00","2025","05","28","21:00","","12.3","","11.8","","97","","","","11","","14","","4.8","","99.73","","","","","","Drizzle,Fog"
"-79.63","43.68","TORONTO INTL A","6158731","2025-05-28 22:00","2025","05","28","22:00","","12.6","","12.1","","97","","","","11","","10","","8.1","","99.69","","","","","","Rain,Fog"
"-79.63","43.68","TORONTO INTL A","6158731","2025-05-28 23:00","2025","05","28","23:00","","12.6","","12.1","","96","","","","12","","13","","9.7","","99.63","","","","","","Rain,Fog"
"-79.63","43.68","TORONTO INTL A","6158731","2025-05-29 00:00","2025","05","29","00:00","","12.4","","11.9","","97","","","","13","","13","","4.8","","99.60","","","","","","Rain,Fog"
"-79.63","43.68","TORONTO INTL A","6158731","2025-05-29 01:00","2025","05","29","01:00","","12.4","","12.0","","97","","","","13","","9","","8.1","","99.53","","","","","","Rain,Fog"
"-79.63","43.68","TORONTO INTL A","6158731","2025-05-29 02:00","2025","05","29","02:00","","12.5","","12.2","","98","","","","14","","8","","4.0","","99.49","","","","","","Drizzle,Fog"
"-79.63","43.68","TORONTO INTL A","6158731","2025-05-29 03:00","2025","05","29","03:00","","12.2","","11.9","","98","","","","14","","10","","3.2","","99.48","","","","","","Drizzle,Fog"
"-79.63","43.68","TORONTO INTL A","6158731","2025-05-29 04:00","2025","05","29","04:00","","12.0","","11.7","","98","","","","15","","8","","0.8","","99.46","","","","","","Drizzle,Fog"
"-79.63","43.68","TORONTO INTL A","6158731","2025-05-29 05:00","2025","05","29","05:00","","11.8","","11.5","","98","","","","16","","7","","0.6","","99.45","","","","","","Drizzle,Fog"
"-79.63","43.68","TORONTO INTL A","6158731","2025-05-29 06:00","2025","05","29","06:00","","12.4","","12.1","","98","","","","20","","9","","3.2","","99.46","","","","","","Fog"
"-79.63","43.68","TORONTO INTL A","6158731","2025-05-29 07:00","2025","05","29","07:00","","14.0","","13.5","","97","","","","21","","15","","16.1","","99.44","","","","","","Mostly Cloudy"
"-79.63","43.68","TORONTO INTL A","6158731","2025-05-29 08:00","2025","05","29","08:00","","15.4","","13.5","","88","","","","25","","14","","24.1","","99.45","","","","","","NA"
"-79.63","43.68","TORONTO INTL A","6158731","2025-05-29 09:00","2025","05","29","09:00","","16.4","","13.8","","84","","","","25","","13","","24.1","","99.44","","","","","","NA"
"-79.63","43.68","TORONTO INTL A","6158731","2025-05-29 10:00","2025","05","29","10:00","","16.7","","13.5","","81","","","","24","","16","","24.1","","99.40","","","","","","Cloudy"
"-79.63","43.68","TORONTO INTL A","6158731","2025-05-29 11:00","2025","05","29","11:00","","16.8","","12.6","","76","","","","22","","23","","19.3","","99.40","","","","","","NA"
"-79.63","43.68","TORONTO INTL A","6158731","2025-05-29 12:00","2025","05","29","12:00","","17.9","","12.8","","72","","","","23","","18","","24.1","","99.32","","","","","","NA"
"-79.63","43.68","TORONTO INTL A","6158731","2025-05-29 13:00","2025","05","29","13:00","","17.3","","12.9","","75","","","","22","","13","","24.1","","99.27","","","","","","Rain Showers"
"-79.63","43.68","TORONTO INTL A","6158731","2025-05-29 14:00","2025","05","29","14:00","","17.7","","12.7","","73","","","","21","","20","","24.1","","99.23","","","","","","NA"
"-79.63","43.68","TORONTO INTL A","6158731","2025-05-29 15:00","2025","05","29","15:00","","17.9","","13.1","","73","","","","25","","22","","24.1","","99.17","","","","","","NA"
"-79.63","43.68","TORONTO INTL A","6158731","2025-05-29 16:00","2025","05","29","16:00","","18.0","","12.5","","70","","","","23","","21","","24.1","","99.14","","","","","","Cloudy"
"-79.63","43.68","TORONTO INTL A","6158731","2025-05-29 17:00","2025","05","29","17:00","","17.4","","12.7","","74","","","","27","","15","","24.1","","99.11","","","","","","NA"
"-79.63","43.68","TORONTO INTL A","6158731","2025-05-29 18:00","2025","05","29","18:00","","16.8","","13.0","","78","","","","26","","22","","24.1","","99.08","","","","","","NA"
"-79.63","43.68","TORONTO INTL A","6158731","2025-05-29 19:00","2025","05","29","19:00","","16.3","","12.9","","80","","","","25","","13","","24.1","","99.06","","","","","","Mostly Cloudy"
"-79.63","43.68","TORONTO INTL A","6158731","2025-05-29 20:00","2025","05","29","20:00","","15.9","","12.3","","79","","","","26","","20","","24.1","","99.00","","","","","","NA"
"-79.63","43.68","TORONTO INTL A","6158731","2025-05-29 21:00","2025","05","29","21:00","","15.4","","12.0","","80","","","","27","","21","","24.1","","99.01","","","","","","NA"
"-79.63","43.68","TORONTO INTL A","6158731","2025-05-29 22:00","2025","05","29","22:00","","14.1","","11.8","","86","","","","26","","14","","24.1","","98.96","","","","","","Mostly Cloudy"
"-79.63","43.68","TORONTO INTL A","6158731","2025-05-29 23:00","2025","05","29","23:00","","14.9","","12.0","","83","","","","27","","14","","24.1","","98.94","","","","","","NA"
"-79.63","43.68","TORONTO INTL A","6158731","2025-05-30 00:00","2025","05","30","00:00","","14.9","","12.2","","84","","","","27","","14","","24.1","","98.88","","","","","","NA"
"-79.63","43.68","TORONTO INTL A","6158731","2025-05-30 01:00","2025","05","30","01:00","","14.4","","12.4","","87","","","","26","","9","","24.1","","98.79","","","","","","Mostly Cloudy"
"-79.63","43.68","TORONTO INTL A","6158731","2025-05-30 02:00","2025","05","30","02:00","","14.3","","12.2","","87","","","","24","","8","","24.1","","98.72","","","","","","NA"
"-79.63","43.68","TORONTO INTL A","6158731","2025-05-30 03:00","2025","05","30","03:00","","13.8","","12.0","","89","","","","26","","15","","24.1","","98.64","","","","","","NA"
"-79.63","43.68","TORONTO INTL A","6158731","2025-05-30 04:00","2025","05","30","04:00","","13.9","","11.8","","87","","","","27","","18","","24.1","","98.58","","","","","","Mostly Cloudy"
"-79.63","43.68","TORONTO INTL A","6158731","2025-05-30 05:00","2025","05","30","05:00","","13.6","","10.5","","81","","","","27","","21","","24.1","","98.53","","","","","","NA"
"-79.63","43.68","TORONTO INTL A","6158731","2025-05-30 06:00","2025","05","30","06:00","","14.5","","10.2","","75","","","","27","","16","","24.1","","98.50","","","","","","NA"
"-79.63","43.68","TORONTO INTL A","6158731","2025-05-30 07:00","2025","05","30","07:00","","16.0","","10.6","","70","","","","28","","14","","24.1","","98.45","","","","","","Clear"
"-79.63","43.68","TORONTO INTL A","6158731","2025-05-30 08:00","2025","05","30","08:00","","18.4","","11.7","","65","","","","25","","16","","24.1","","98.50","","","","","","NA"
"-79.63","43.68","TORONTO INTL A","6158731","2025-05-30 09:00","2025","05","30","09:00","","19.0","","11.0","","59","","","","27","","10","","24.1","","98.37","","","","","","NA"
"-79.63","43.68","TORONTO INTL A","6158731","2025-05-30 10:00","2025","05","30","10:00","","20.4","","9.9","","50","","","","29","","14","","24.1","","98.32","","","","","","Mostly Cloudy"
"-79.63","43.68","TORONTO INTL A","6158731","2025-05-30 11:00","2025","05","30","11:00","","21.4","","10.6","","50","","","","29","","16","","24.1","","98.28","","","","","","NA"
"-79.63","43.68","TORONTO INTL A","6158731","2025-05-30 12:00","2025","05","30","12:00","","23.1","","11.8","","48","","","","28","","17","","24.1","","98.18","","25","","","","NA"
"-79.63","43.68","TORONTO INTL A","6158731","2025-05-30 13:00","2025","05","30","13:00","","22.6","","11.2","","48","","","","27","","21","","24.1","","98.08","","","","","","Mostly Cloudy"
"-79.63","43.68","TORONTO INTL A","6158731","2025-05-30 14:00","2025","05","30","14:00","","23.4","","13.0","","52","","","","27","","16","","24.1","","98.03","","26","","","","NA"
"-79.63","43.68","TORONTO INTL A","6158731","2025-05-30 15:00","2025","05","30","15:00","","24.4","","11.5","","44","","","","27","","27","","24.1","","97.95","","26","","","","NA"
"-79.63","43.68","TORONTO INTL A","6158731","2025-05-30 16:00","2025","05","30","16:00","","23.3","","10.8","","45","","","","26","","26","","24.1","","97.85","","25","","","","Mostly Cloudy"
"-79.63","43.68","TORONTO INTL A","6158731","2025-05-30 17:00","2025","05","30","17:00","","22.3","","9.9","","45","","","","29","","30","","24.1","","97.84","","","","","","NA"
"-79.63","43.68","TORONTO INTL A","6158731","2025-05-30 18:00","2025","05","30","18:00","","21.9","","10.2","","47","","","","30","","25","","24.1","","97.81","","","","","","NA"
"-79.63","43.68","TORONTO INTL A","6158731","2025-05-30 19:00","2025","05","30","19:00","","21.1","","9.5","","47","","","","30","","24","","24.1","","97.80","","","","","","Cloudy"
"-79.63","43.68","TORONTO INTL A","6158731","2025-05-30 20:00","2025","05","30","20:00","","19.1","","10.2","","56","","","","31","","28","","24.1","","97.82","","","","","","NA"
"-79.63","43.68","TORONTO INTL A","6158731","2025-05-30 21:00","2025","05","30","21:00","","17.1","","10.3","","64","","","","30","","26","","16.1","","97.84","","","","","","Rain"
"-79.63","43.68","TORONTO INTL A","6158731","2025-05-30 22:00","2025","05","30","22:00","","15.9","","9.9","","67","","","","32","","30","","24.1","","97.84","","","","","","Cloudy"
"-79.63","43.68","TORONTO INTL A","6158731","2025-05-30 23:00","2025","05","30","23:00","","14.8","","9.2","","69","","","","32","","25","","24.1","","97.81","","","","","","NA"
"-79.63","43.68","TORONTO INTL A","6158731","2025-05-31 00:00","2025","05","31","00:00","","13.9","","9.5","","74","","","","32","","23","","24.1","","97.75","","","","","","NA"
"-79.63","43.68","TORONTO INTL A","6158731","2025-05-31 01:00","2025","05","31","01:00","","12.9","","9.3","","79","","","","30","","21","","24.1","","97.70","","","","","","Mainly Clear"
"-79.63","43.68","TORONTO INTL A","6158731","2025-05-31 02:00","2025","05","31","02:00","","12.8","","9.6","","81","","","","32","","32","","24.1","","97.64","","","","","","NA"
"-79.63","43.68","TORONTO INTL A","6158731","2025-05-31 03:00","2025","05","31","03:00","","12.3","","9.8","","85","","","","33","","28","","24.1","","97.67","","","","","","NA"
"-79.63","43.68","TORONTO INTL A","6158731","2025-05-31 04:00","2025","05","31","04:00","","10.3","","8.0","","85","","","","34","","32","","24.1","","97.71","","","","","","Cloudy"
"-79.63","43.68","TORONTO INTL A","6158731","2025-05-31 05:00","2025","05","31","05:00","","9.8","","7.2","","84","","","","34","","27","","24.1","","97.73","","","","","","NA"
"-79.63","43.68","TORONTO INTL A","6158731","2025-05-31 06:00","2025","05","31","06:00","","9.3","","6.0","","80","","","","34","","34","","24.1","","97.81","","","","","","NA"
"-79.63","43.68","TORONTO INTL A","6158731","2025-05-31 07:00","2025","05","31","07:00","","9.2","","5.7","","78","","","","35","","32","","24.1","","97.87","","","","","","Cloudy"
"-79.63","43.68","TORONTO INTL A","6158731","2025-05-31 08:00","2025","05","31","08:00","","9.2","","5.0","","75","","","","34","","31","","24.1","","97.91","","","","","","NA"
"-79.63","43.68","TORONTO INTL A","6158731","2025-05-31 09:00","2025","05","31","09:00","","9.1","","5.1","","76","","","","33","","32","","24.1","","97.94","","","","","","NA"
"-79.63","43.68","TORONTO INTL A","6158731","2025-05-31 10:00","2025","05","31","10:00","","9.6","","3.9","","67","","","","33","","34","","24.1","","97.96","","","","","","Cloudy"
"-79.63","43.68","TORONTO INTL A","6158731","2025-05-31 11:00","2025","05","31","11:00","","10.1","","3.2","","62","","","","32","","39","","24.1","","97.98","","","","","","NA"
"-79.63","43.68","TORONTO INTL A","6158731","2025-05-31 12:00","2025","05","31","12:00","","10.7","","4.0","","63","","","","33","","45","","24.1","","97.97","","","","","","NA"
"-79.63","43.68","TORONTO INTL A","6158731","2025-05-31 13:00","2025","05","31","13:00","","11.1","","4.2","","63","","","","34","","34","","24.1","","98.00","","","","","","Cloudy"
"-79.63","43.68","TORONTO INTL A","6158731","2025-05-31 14:00","2025","05","31","14:00","","12.7","","4.5","","57","","","","34","","35","","24.1","","98.01","","","","","","NA"
"-79.63","43.68","TORONTO INTL A","6158731","2025-05-31 15:00","2025","05","31","15:00","","12.7","","4.3","","56","","","","34","","31","","24.1","","98.03","","","","","","NA"
"-79.63","43.68","TORONTO INTL A","6158731","2025-05-31 16:00","2025","05","31","16:00","","13.3","","3.6","","52","","","","34","","35","","24.1","","98.08","","","","","","Mostly Cloudy"
"-79.63","43.68","TORONTO INTL A","6158731","2025-05-31 17:00","2025","05","31","17:00","","13.4","","3.1","","49","","","","33","","37","","24.1","","98.10","","","","","","NA"
"-79.63","43.68","TORONTO INTL A","6158731","2025-05-31 18:00","2025","05","31","18:00","","13.5","","2.5","","47","","","","34","","39","","24.1","","98.12","","","","","","NA"
"-79.63","43.68","TORONTO INTL A","6158731","2025-05-31 19:00","2025","05","31","19:00","","13.1","","2.1","","47","","","","34","","28","","24.1","","98.19","","","","","","Mainly Clear"
"-79.63","43.68","TORONTO INTL A","6158731","2025-05-31 20:00","2025","05","31","20:00","","12.1","","2.3","","51","","","","33","","21","","24.1","","98.23","","","","","","NA"
"-79.63","43.68","TORONTO INTL A","6158731","2025-05-31 21:00","2025","05","31","21:00","","10.5","","2.5","","57","","","","32","","19","","24.1","","98.29","","","","","","NA"
"-79.63","43.68","TORONTO INTL A","6158731","2025-05-31 22:00","2025","05","31","22:00","","8.9","","2.6","","64","","","","29","","15","","24.1","","98.33","","","","","","Clear"
"-79.63","43.68","TORONTO INTL A","6158731","2025-05-31 23:00","2025","05","31","23:00","","9.3","","2.9","","64","","","","31","","17","","24.1","","98.34","","","","","","NA"
