"Longitude (x)","Latitude (y)","Station Name","Climate ID","Date/Time (LST)","Year","Month","Day","Time (LST)","Flag","Temp (°C)","Temp Flag","Dew Point Temp (°C)","Dew Point Temp Flag","Rel Hum (%)","Rel Hum Flag","Precip. Amount (mm)","Precip. Amount Flag","Wind Dir (10s deg)","Wind Dir Flag","Wind Spd (km/h)","Wind Spd Flag","Visibility (km)","Visibility Flag","Stn Press (kPa)","Stn Press Flag","Hmdx","Hmdx Flag","Wind Chill","Wind Chill Flag","Weather"
"-79.63","43.68","TORONTO INTL A","6158731","2025-06-01 00:00","2025","06","01","00:00","","8.1","","2.9","","70","","","","29","","14","","24.1","","98.36","","","","","","NA"
"-79.63","43.68","TORONTO INTL A","6158731","2025-06-01 01:00","2025","06","01","01:00","","7.3","","2.9","","74","","","","29","","14","","24.1","","98.36","","","","","","Mainly Clear"
"-79.63","43.68","TORONTO INTL A","6158731","2025-06-01 02:00","2025","06","01","02:00","","8.6","","3.0","","68","","","","31","","18","","24.1","","98.36","","","","","","NA"
"-79.63","43.68","TORONTO INTL A","6158731","2025-06-01 03:00","2025","06","01","03:00","","6.2","","2.7","","78","","","","28","","13","","24.1","","98.37","","","","","","NA"
"-79.63","43.68","TORONTO INTL A","6158731","2025-06-01 04:00","2025","06","01","04:00","","5.0","","2.6","","85","","","","27","","12","","24.1","","98.39","","","","","","Clear"
"-79.63","43.68","TORONTO INTL A","6158731","2025-06-01 05:00","2025","06","01","05:00","","6.2","","3.0","","80","","","","28","","15","","24.1","","98.42","","","","","","NA"
"-79.63","43.68","TORONTO INTL A","6158731","2025-06-01 06:00","2025","06","01","06:00","","8.5","","3.0","","68","","","","28","","22","","24.1","","98.46","","","","","","NA"
"-79.63","43.68","TORONTO INTL A","6158731","2025-06-01 07:00","2025","06","01","07:00","","10.8","","3.4","","60","","","","28","","24","","24.1","","98.46","","","","","","Mainly Clear"
"-79.63","43.68","TORONTO INTL A","6158731","2025-06-01 08:00","2025","06","01","08:00","","12.7","","3.2","","52","","","","30","","24","","24.1","","98.49","","","","","","NA"
"-79.63","43.68","TORONTO INTL A","6158731","2025-06-01 09:00","2025","06","01","09:00","","13.9","","2.8","","47","","","","32","","28","","24.1","","98.49","","","","","","NA"
"-79.63","43.68","TORONTO INTL A","6158731","2025-06-01 10:00","2025","06","01","10:00","","14.5","","1.8","","42","","","","30","","32","","24.1","","98.54","","","","","","Mainly Clear"
"-79.63","43.68","TORONTO INTL A","6158731","2025-06-01 11:00","2025","06","01","11:00","","14.8","","0.8","","38","","","","31","","32","","24.1","","98.57","","","","","","NA"
"-79.63","43.68","TORONTO INTL A","6158731","2025-06-01 12:00","2025","06","01","12:00","","14.2","","3.2","","47","","","","30","","35","","24.1","","98.60","","","","","","NA"
"-79.63","43.68","TORONTO INTL A","6158731","2025-06-01 13:00","2025","06","01","13:00","","15.4","","4.8","","49","","","","31","","27","","24.1","","98.63","","","","","","Mostly Cloudy"
"-79.63","43.68","TORONTO INTL A","6158731","2025-06-01 14:00","2025","06","01","14:00","","15.6","","4.2","","46","","","","30","","34","","24.1","","98.66","","","","","","NA"
"-79.63","43.68","TORONTO INTL A","6158731","2025-06-01 15:00","2025","06","01","15:00","","16.2","","5.1","","47","","","","31","","33","","24.1","","98.74","","","","","","NA"
"-79.63","43.68","TORONTO INTL A","6158731","2025-06-01 16:00","2025","06","01","16:00","","15.2","","4.8","","49","","","","34","","29","","24.1","","98.79","","","","","","Mostly Cloudy"
"-79.63","43.68","TORONTO INTL A","6158731","2025-06-01 17:00","2025","06","01","17:00","","14.8","","4.7","","50","","","","33","","23","","24.1","","98.85","","","","","","NA"
"-79.63","43.68","TORONTO INTL A","6158731","2025-06-01 18:00","2025","06","01","18:00","","14.9","","5.2","","52","","","","36","","15","","24.1","","98.89","","","","","","NA"
"-79.63","43.68","TORONTO INTL A","6158731","2025-06-01 19:00","2025","06","01","19:00","","14.4","","4.3","","50","","","","36","","13","","24.1","","98.93","","","","","","Mostly Cloudy"
"-79.63","43.68","TORONTO INTL A","6158731","2025-06-01 20:00","2025","06","01","20:00","","13.0","","3.7","","53","","","","29","","21","","24.1","","98.99","","","","","","NA"
"-79.63","43.68","TORONTO INTL A","6158731","2025-06-01 21:00","2025","06","01","21:00","","12.1","","2.7","","53","","","","29","","17","","24.1","","99.07","","","","","","NA"
"-79.63","43.68","TORONTO INTL A","6158731","2025-06-01 22:00","2025","06","01","22:00","","10.3","","1.2","","53","","","","28","","12","","24.1","","99.14","","","","","","Clear"
"-79.63","43.68","TORONTO INTL A","6158731","2025-06-01 23:00","2025","06","01","23:00","","8.8","","0.0","","54","","","","26","","5","","24.1","","99.18","","","","","","NA"
"-79.63","43.68","TORONTO INTL A","6158731","2025-06-02 00:00","2025","06","02","00:00","","7.5","","0.9","","63","","","","27","","8","","24.1","","99.18","","","","","","NA"
"-79.63","43.68","TORONTO INTL A","6158731","2025-06-02 01:00","2025","06","02","01:00","","7.3","","0.4","","61","","","","25","","8","","24.1","","99.19","","","","","","Clear"
"-79.63","43.68","TORONTO INTL A","6158731","2025-06-02 02:00","2025","06","02","02:00","","7.7","","0.1","","59","","","","25","","7","","24.1","","99.20","","","","","","NA"
"-79.63","43.68","TORONTO INTL A","6158731","2025-06-02 03:00","2025","06","02","03:00","","8.1","","-0.2","","56","","","","25","","5","","24.1","","99.23","","","","","","NA"
"-79.63","43.68","TORONTO INTL A","6158731","2025-06-02 04:00","2025","06","02","04:00","","7.5","","-0.2","","58","","","","31","","5","","24.1","","99.24","","","","","","Clear"
"-79.63","43.68","TORONTO INTL A","6158731","2025-06-02 05:00","2025","06","02","05:00","","7.0","","0.0","","61","","","","26","","3","","24.1","","99.29","","","","","","NA"
"-79.63","43.68","TORONTO INTL A","6158731","2025-06-02 06:00","2025","06","02","06:00","","8.9","","1.7","","60","","","","32","","9","","24.1","","99.35","","","","","","NA"
"-79.63","43.68","TORONTO INTL A","6158731","2025-06-02 07:00","2025","06","02","07:00","","11.3","","2.9","","56","","","","23","","4","","24.1","","99.43","","","","","","Clear"
"-79.63","43.68","TORONTO INTL A","6158731","2025-06-02 08:00","2025","06","02","08:00","","14.8","","3.2","","45","","","","27","","13","","24.1","","99.44","","","","","","NA"
"-79.63","43.68","TORONTO INTL A","6158731","2025-06-02 09:00","2025","06","02","09:00","","16.8","","2.1","","37","","","","29","","24","","24.1","","99.44","","","","","","NA"
"-79.63","43.68","TORONTO INTL A","6158731","2025-06-02 10:00","2025","06","02","10:00","","18.9","","4.7","","39","","","","26","","18","","24.1","","99.43","","","","","","Mainly Clear"
"-79.63","43.68","TORONTO INTL A","6158731","2025-06-02 11:00","2025","06","02","11:00","","20.5","","5.3","","37","","","","25","","15","","24.1","","99.40","","","","","","NA"
"-79.63","43.68","TORONTO INTL A","6158731","2025-06-02 12:00","2025","06","02","12:00","","21.8","","5.2","","34","","","","25","","24","","24.1","","99.37","","","","","","NA"
"-79.63","43.68","TORONTO INTL A","6158731","2025-06-02 13:00","2025","06","02","13:00","","22.0","","3.8","","30","","","","24","","8","","24.1","","99.32","","","","","","Mainly Clear"
"-79.63","43.68","TORONTO INTL A","6158731","2025-06-02 14:00","2025","06","02","14:00","","22.6","","3.0","","27","","","","25","","23","","24.1","","99.29","","","","","","NA"
"-79.63","43.68","TORONTO INTL A","6158731","2025-06-02 15:00","2025","06","02","15:00","","22.8","","4.7","","31","","","","26","","23","","24.1","","99.27","","","","","","NA"
"-79.63","43.68","TORONTO INTL A","6158731","2025-06-02 16:00","2025","06","02","16:00","","23.1","","6.2","","33","","","","26","","22","","24.1","","99.26","","","","","","Mainly Clear"
"-79.63","43.68","TORONTO INTL A","6158731","2025-06-02 17:00","2025","06","02","17:00","","23.0","","4.5","","30","","","","28","","20","","24.1","","99.27","","","","","","NA"
"-79.63","43.68","TORONTO INTL A","6158731","2025-06-02 18:00","2025","06","02","18:00","","21.9","","4.6","","32","","","","28","","16","","24.1","","99.27","","","","","","NA"
"-79.63","43.68","TORONTO INTL A","6158731","2025-06-02 19:00","2025","06","02","19:00","","21.2","","3.2","","30","","","","28","","16","","24.1","","99.33","","","","","","Mostly Cloudy"
"-79.63","43.68","TORONTO INTL A","6158731","2025-06-02 20:00","2025","06","02","20:00","","19.7","","3.4","","34","","","","28","","8","","24.1","","99.34","","","","","","NA"
"-79.63","43.68","TORONTO INTL A","6158731","2025-06-02 21:00","2025","06","02","21:00","","19.9","","2.8","","32","","","","22","","6","","24.1","","99.38","","","","","","NA"
"-79.63","43.68","TORONTO INTL A","6158731","2025-06-02 22:00","2025","06","02","22:00","","17.0","","6.2","","49","","","","24","","13","","24.1","","99.43","","","","","","Mostly Cloudy"
"-79.63","43.68","TORONTO INTL A","6158731","2025-06-02 23:00","2025","06","02","23:00","","16.2","","5.8","","50","","","","25","","9","","24.1","","99.43","","","","","","NA"
"-79.63","43.68","TORONTO INTL A","6158731","2025-06-03 00:00","2025","06","03","00:00","","15.7","","4.8","","48","","","","25","","8","","24.1","","99.45","","","","","","NA"
"-79.63","43.68","TORONTO INTL A","6158731","2025-06-03 01:00","2025","06","03","01:00","","14.8","","4.8","","51","","","","25","","9","","24.1","","99.43","","","","","","Mainly Clear"
"-79.63","43.68","TORONTO INTL A","6158731","2025-06-03 02:00","2025","06","03","02:00","","15.2","","4.5","","49","","","","27","","8","","24.1","","99.42","","","","","","NA"
"-79.63","43.68","TORONTO INTL A","6158731","2025-06-03 03:00","2025","06","03","03:00","","16.5","","3.7","","42","","","","24","","3","","24.1","","99.43","","","","","","NA"
"-79.63","43.68","TORONTO INTL A","6158731","2025-06-03 04:00","2025","06","03","04:00","","15.7","","3.7","","44","","","","","","0","","24.1","","99.48","","","","","","Mostly Cloudy"
"-79.63","43.68","TORONTO INTL A","6158731","2025-06-03 05:00","2025","06","03","05:00","","14.5","","5.6","","55","","","","12","","4","","24.1","","99.55","","","","","","NA"
"-79.63","43.68","TORONTO INTL A","6158731","2025-06-03 06:00","2025","06","03","06:00","","14.5","","5.9","","56","","","","14","","4","","24.1","","99.64","","","","","","NA"
"-79.63","43.68","TORONTO INTL A","6158731","2025-06-03 07:00","2025","06","03","07:00","","15.7","","6.9","","56","","","","12","","9","","24.1","","99.66","","","","","","Mainly Clear"
"-79.63","43.68","TORONTO INTL A","6158731","2025-06-03 08:00","2025","06","03","08:00","","17.2","","7.0","","51","","","","14","","10","","19.3","","99.70","","","","","","NA"
"-79.63","43.68","TORONTO INTL A","6158731","2025-06-03 09:00","2025","06","03","09:00","","19.1","","8.5","","50","","","","16","","9","","19.3","","99.70","","","","","","NA"
"-79.63","43.68","TORONTO INTL A","6158731","2025-06-03 10:00","2025","06","03","10:00","","22.0","","9.4","","44","","","","17","","9","","19.3","","99.65","","","","","","Mainly Clear"
"-79.63","43.68","TORONTO INTL A","6158731","2025-06-03 11:00","2025","06","03","11:00","","23.4","","10.8","","45","","","","14","","12","","19.3","","99.63","","25","","","","NA"
"-79.63","43.68","TORONTO INTL A","6158731","2025-06-03 12:00","2025","06","03","12:00","","23.6","","10.9","","44","","","","14","","16","","19.3","","99.61","","25","","","","NA"
"-79.63","43.68","TORONTO INTL A","6158731","2025-06-03 13:00","2025","06","03","13:00","","24.8","","11.6","","43","","","","15","","20","","19.3","","99.57","","27","","","","Mainly Clear"
"-79.63","43.68","TORONTO INTL A","6158731","2025-06-03 14:00","2025","06","03","14:00","","25.2","","12.2","","44","","","","14","","22","","19.3","","99.52","","28","","","","NA"
"-79.63","43.68","TORONTO INTL A","6158731","2025-06-03 15:00","2025","06","03","15:00","","26.1","","12.3","","42","","","","15","","21","","19.3","","99.48","","29","","","","NA"
"-79.63","43.68","TORONTO INTL A","6158731","2025-06-03 16:00","2025","06","03","16:00","","27.9","","9.0","","30","","","","19","","25","","19.3","","99.47","","29","","","","Clear"
"-79.63","43.68","TORONTO INTL A","6158731","2025-06-03 17:00","2025","06","03","17:00","","27.1","","8.9","","31","","","","19","","24","","19.3","","99.45","","28","","","","NA"
"-79.63","43.68","TORONTO INTL A","6158731","2025-06-03 18:00","2025","06","03","18:00","","26.7","","7.8","","30","","","","21","","27","","19.3","","99.48","","27","","","","NA"
"-79.63","43.68","TORONTO INTL A","6158731","2025-06-03 19:00","2025","06","03","19:00","","26.0","","8.5","","32","","","","20","","21","","19.3","","99.47","","27","","","","Mainly Clear"
"-79.63","43.68","TORONTO INTL A","6158731","2025-06-03 20:00","2025","06","03","20:00","","23.4","","9.3","","40","","","","15","","10","","24.1","","99.45","","","","","","NA"
"-79.63","43.68","TORONTO INTL A","6158731","2025-06-03 21:00","2025","06","03","21:00","","20.8","","9.6","","48","","","","16","","11","","24.1","","99.48","","","","","","NA"
"-79.63","43.68","TORONTO INTL A","6158731","2025-06-03 22:00","2025","06","03","22:00","","18.6","","9.6","","56","","","","15","","12","","24.1","","99.46","","","","","","Mainly Clear"
"-79.63","43.68","TORONTO INTL A","6158731","2025-06-03 23:00","2025","06","03","23:00","","17.8","","9.5","","58","","","","15","","10","","24.1","","99.45","","","","","","NA"
"-79.63","43.68","TORONTO INTL A","6158731","2025-06-04 00:00","2025","06","04","00:00","","16.8","","9.5","","62","","","","15","","9","","24.1","","99.45","","","","","","NA"
"-79.63","43.68","TORONTO INTL A","6158731","2025-06-04 01:00","2025","06","04","01:00","","16.0","","9.3","","64","","","","15","","11","","24.1","","99.46","","","","","","Mainly Clear"
"-79.63","43.68","TORONTO INTL A","6158731","2025-06-04 02:00","2025","06","04","02:00","","16.0","","9.3","","65","","","","15","","10","","24.1","","99.43","","","","","","NA"
"-79.63","43.68","TORONTO INTL A","6158731","2025-06-04 03:00","2025","06","04","03:00","","15.7","","9.3","","65","","","","16","","9","","24.1","","99.45","","","","","","NA"
"-79.63","43.68","TORONTO INTL A","6158731","2025-06-04 04:00","2025","06","04","04:00","","16.0","","9.5","","65","","","","16","","11","","24.1","","99.46","","","","","","Mainly Clear"
"-79.63","43.68","TORONTO INTL A","6158731","2025-06-04 05:00","2025","06","04","05:00","","17.0","","10.0","","63","","","","15","","9","","24.1","","99.47","","","","","","NA"
"-79.63","43.68","TORONTO INTL A","6158731","2025-06-04 06:00","2025","06","04","06:00","","18.1","","10.5","","61","","","","15","","8","","19.3","","99.50","","","","","","NA"
"-79.63","43.68","TORONTO INTL A","6158731","2025-06-04 07:00","2025","06","04","07:00","","21.7","","12.2","","54","","","","21","","11","","19.3","","99.54","","","","","","Clear"
"-79.63","43.68","TORONTO INTL A","6158731","2025-06-04 08:00","2025","06","04","08:00","","24.2","","13.7","","51","","","","22","","26","","19.3","","99.54","","27","","","","NA"
"-79.63","43.68","TORONTO INTL A","6158731","2025-06-04 09:00","2025","06","04","09:00","","26.0","","15.1","","51","","","","21","","28","","19.3","","99.53","","30","","","","NA"
"-79.63","43.68","TORONTO INTL A","6158731","2025-06-04 10:00","2025","06","04","10:00","","27.7","","16.3","","49","","","","23","","23","","19.3","","99.52","","33","","","","Mainly Clear"
"-79.63","43.68","TORONTO INTL A","6158731","2025-06-04 11:00","2025","06","04","11:00","","29.6","","17.2","","46","","","","22","","25","","19.3","","99.50","","35","","","","NA"
"-79.63","43.68","TORONTO INTL A","6158731","2025-06-04 12:00","2025","06","04","12:00","","29.8","","15.6","","42","","","","22","","30","","19.3","","99.45","","34","","","","NA"
"-79.63","43.68","TORONTO INTL A","6158731","2025-06-04 13:00","2025","06","04","13:00","","30.9","","14.9","","37","","","","21","","27","","19.3","","99.41","","35","","","","Clear"
"-79.63","43.68","TORONTO INTL A","6158731","2025-06-04 14:00","2025","06","04","14:00","","30.6","","15.5","","39","","","","24","","34","","19.3","","99.35","","35","","","","NA"
"-79.63","43.68","TORONTO INTL A","6158731","2025-06-04 15:00","2025","06","04","15:00","","30.1","","16.7","","44","","","","23","","30","","19.3","","99.33","","35","","","","NA"
"-79.63","43.68","TORONTO INTL A","6158731","2025-06-04 16:00","2025","06","04","16:00","","30.1","","16.6","","44","","","","20","","39","","19.3","","99.31","","35","","","","Clear"
"-79.63","43.68","TORONTO INTL A","6158731","2025-06-04 17:00","2025","06","04","17:00","","29.1","","15.7","","44","","","","23","","42","","19.3","","99.34","","34","","","","NA"
"-79.63","43.68","TORONTO INTL A","6158731","2025-06-04 18:00","2025","06","04","18:00","","23.1","","17.6","","71","","","","31","","25","","24.1","","99.49","","29","","","","NA"
"-79.63","43.68","TORONTO INTL A","6158731","2025-06-04 19:00","2025","06","04","19:00","","22.5","","17.3","","72","","","","30","","18","","24.1","","99.53","","28","","","","Cloudy"
"-79.63","43.68","TORONTO INTL A","6158731","2025-06-04 20:00","2025","06","04","20:00","","22.7","","17.5","","72","","","","30","","17","","24.1","","99.52","","28","","","","NA"
"-79.63","43.68","TORONTO INTL A","6158731","2025-06-04 21:00","2025","06","04","21:00","","21.9","","17.4","","75","","","","31","","8","","24.1","","99.57","","27","","","","NA"
"-79.63","43.68","TORONTO INTL A","6158731","2025-06-04 22:00","2025","06","04","22:00","","21.5","","17.8","","79","","","","34","","5","","16.1","","99.61","","27","","","","Rain"
"-79.63","43.68","TORONTO INTL A","6158731","2025-06-04 23:00","2025","06","04","23:00","","19.8","","18.6","","93","","","","36","","7","","9.7","","99.60","","","","","","Rain,Fog"
"-79.63","43.68","TORONTO INTL A","6158731","2025-06-05 00:00","2025","06","05","00:00","","19.4","","18.5","","94","","","","","","0","","9.7","","99.62","","","","","","Moderate Rain,Fog"
"-79.63","43.68","TORONTO INTL A","6158731","2025-06-05 01:00","2025","06","05","01:00","","17.4","","16.4","","94","","","","1","","19","","24.1","","99.57","","","","","","Rain"
"-79.63","43.68","TORONTO INTL A","6158731","2025-06-05 02:00","2025","06","05","02:00","","17.1","","15.9","","93","","","","33","","17","","24.1","","99.68","","","","","","NA"
"-79.63","43.68","TORONTO INTL A","6158731","2025-06-05 03:00","2025","06","05","03:00","","16.6","","15.2","","91","","","","34","","17","","24.1","","99.73","","","","","","Rain"
"-79.63","43.68","TORONTO INTL A","6158731","2025-06-05 04:00","2025","06","05","04:00","","16.2","","15.0","","92","","","","35","","21","","24.1","","99.63","","","","","","Cloudy"
"-79.63","43.68","TORONTO INTL A","6158731","2025-06-05 05:00","2025","06","05","05:00","","16.1","","12.7","","80","","","","34","","11","","19.3","","99.73","","","","","","NA"
"-79.63","43.68","TORONTO INTL A","6158731","2025-06-05 06:00","2025","06","05","06:00","","16.1","","14.0","","87","","","","3","","9","","19.3","","99.77","","","","","","NA"
"-79.63","43.68","TORONTO INTL A","6158731","2025-06-05 07:00","2025","06","05","07:00","","16.3","","14.4","","89","","","","1","","10","","24.1","","99.79","","","","","","Cloudy"
"-79.63","43.68","TORONTO INTL A","6158731","2025-06-05 08:00","2025","06","05","08:00","","16.5","","14.1","","86","","","","36","","8","","19.3","","99.82","","","","","","Rain"
"-79.63","43.68","TORONTO INTL A","6158731","2025-06-05 09:00","2025","06","05","09:00","","17.4","","15.9","","91","","","","34","","11","","24.1","","99.84","","","","","","NA"
"-79.63","43.68","TORONTO INTL A","6158731","2025-06-05 10:00","2025","06","05","10:00","","18.7","","15.5","","82","","","","34","","13","","24.1","","99.83","","","","","","Cloudy"
"-79.63","43.68","TORONTO INTL A","6158731","2025-06-05 11:00","2025","06","05","11:00","","19.3","","15.8","","80","","","","34","","13","","24.1","","99.82","","","","","","NA"
"-79.63","43.68","TORONTO INTL A","6158731","2025-06-05 12:00","2025","06","05","12:00","","20.8","","15.5","","71","","","","3","","11","","24.1","","99.80","","25","","","","NA"
"-79.63","43.68","TORONTO INTL A","6158731","2025-06-05 13:00","2025","06","05","13:00","","20.2","","14.4","","69","","","","2","","9","","24.1","","99.76","","","","","","Cloudy"
"-79.63","43.68","TORONTO INTL A","6158731","2025-06-05 14:00","2025","06","05","14:00","","20.2","","16.1","","77","","","","36","","11","","24.1","","99.76","","25","","","","NA"
"-79.63","43.68","TORONTO INTL A","6158731","2025-06-05 15:00","2025","06","05","15:00","","20.0","","15.4","","75","","","","34","","18","","16.1","","99.72","","","","","","NA"
"-79.63","43.68","TORONTO INTL A","6158731","2025-06-05 16:00","2025","06","05","16:00","","20.4","","15.5","","73","","","","35","","16","","16.1","","99.65","","25","","","","Mostly Cloudy"
"-79.63","43.68","TORONTO INTL A","6158731","2025-06-05 17:00","2025","06","05","17:00","","21.1","","14.2","","64","","","","1","","17","","16.1","","99.60","","25","","","","NA"
"-79.63","43.68","TORONTO INTL A","6158731","2025-06-05 18:00","2025","06","05","18:00","","21.1","","14.6","","66","","","","1","","8","","8.1","","99.60","","25","","","","Haze"
"-79.63","43.68","TORONTO INTL A","6158731","2025-06-05 19:00","2025","06","05","19:00","","20.3","","14.7","","70","","","","1","","13","","9.7","","99.65","","","","","","Haze"
"-79.63","43.68","TORONTO INTL A","6158731","2025-06-05 20:00","2025","06","05","20:00","","19.9","","14.2","","69","","","","1","","18","","9.7","","99.65","","","","","","Haze"
"-79.63","43.68","TORONTO INTL A","6158731","2025-06-05 21:00","2025","06","05","21:00","","19.0","","14.3","","74","","","","3","","12","","9.7","","99.66","","","","","","Haze"
"-79.63","43.68","TORONTO INTL A","6158731","2025-06-05 22:00","2025","06","05","22:00","","18.7","","14.2","","75","","","","3","","7","","9.7","","99.64","","","","","","Haze"
"-79.63","43.68","TORONTO INTL A","6158731","2025-06-05 23:00","2025","06","05","23:00","","18.1","","14.2","","78","","","","34","","12","","9.7","","99.64","","","","","","Haze"
"-79.63","43.68","TORONTO INTL A","6158731","2025-06-06 00:00","2025","06","06","00:00","","17.6","","13.6","","77","","","","31","","9","","9.7","","99.64","","","","","","Haze"
"-79.63","43.68","TORONTO INTL A","6158731","2025-06-06 01:00","2025","06","06","01:00","","16.5","","12.3","","76","","","","34","","11","","9.7","","99.57","","","","","","Haze"
"-79.63","43.68","TORONTO INTL A","6158731","2025-06-06 02:00","2025","06","06","02:00","","16.0","","11.4","","74","","","","36","","15","","12.9","","99.57","","","","","","NA"
"-79.63","43.68","TORONTO INTL A","6158731","2025-06-06 03:00","2025","06","06","03:00","","15.3","","10.7","","74","","","","34","","18","","12.9","","99.53","","","","","","NA"
"-79.63","43.68","TORONTO INTL A","6158731","2025-06-06 04:00","2025","06","06","04:00","","14.5","","10.9","","79","","","","35","","16","","12.9","","99.49","","","","","","Mostly Cloudy"
"-79.63","43.68","TORONTO INTL A","6158731","2025-06-06 05:00","2025","06","06","05:00","","14.1","","10.4","","78","","","","36","","16","","12.9","","99.51","","","","","","NA"
"-79.63","43.68","TORONTO INTL A","6158731","2025-06-06 06:00","2025","06","06","06:00","","14.6","","10.2","","75","","","","36","","13","","9.7","","99.57","","","","","","Haze"
"-79.63","43.68","TORONTO INTL A","6158731","2025-06-06 07:00","2025","06","06","07:00","","16.5","","11.2","","71","","","","36","","16","","9.7","","99.57","","","","","","Haze"
"-79.63","43.68","TORONTO INTL A","6158731","2025-06-06 08:00","2025","06","06","08:00","","18.4","","11.9","","65","","","","1","","14","","9.7","","99.50","","","","","","Haze"
"-79.63","43.68","TORONTO INTL A","6158731","2025-06-06 09:00","2025","06","06","09:00","","21.4","","12.8","","58","","","","6","","14","","8.1","","99.48","","","","","","Smoke"
"-79.63","43.68","TORONTO INTL A","6158731","2025-06-06 10:00","2025","06","06","10:00","","22.4","","13.0","","55","","","","6","","12","","6.4","","99.46","","25","","","","Smoke"
"-79.63","43.68","TORONTO INTL A","6158731","2025-06-06 11:00","2025","06","06","11:00","","22.3","","14.8","","62","","","","13","","10","","6.4","","99.44","","26","","","","Smoke"
"-79.63","43.68","TORONTO INTL A","6158731","2025-06-06 12:00","2025","06","06","12:00","","22.9","","14.4","","58","","","","14","","16","","6.4","","99.39","","27","","","","Smoke"
"-79.63","43.68","TORONTO INTL A","6158731","2025-06-06 13:00","2025","06","06","13:00","","24.0","","13.8","","52","","","","12","","15","","4.8","","99.34","","27","","","","Smoke"
"-79.63","43.68","TORONTO INTL A","6158731","2025-06-06 14:00","2025","06","06","14:00","","23.5","","14.2","","56","","","","16","","15","","4.0","","99.30","","27","","","","Smoke"
"-79.63","43.68","TORONTO INTL A","6158731","2025-06-06 15:00","2025","06","06","15:00","","23.4","","13.0","","51","","","","13","","15","","4.8","","99.24","","26","","","","Smoke"
"-79.63","43.68","TORONTO INTL A","6158731","2025-06-06 16:00","2025","06","06","16:00","","23.0","","13.1","","53","","","","15","","13","","4.8","","99.18","","26","","","","Smoke"
"-79.63","43.68","TORONTO INTL A","6158731","2025-06-06 17:00","2025","06","06","17:00","","21.9","","13.5","","59","","","","15","","11","","6.4","","99.14","","25","","","","Smoke"
"-79.63","43.68","TORONTO INTL A","6158731","2025-06-06 18:00","2025","06","06","18:00","","21.1","","13.4","","61","","","","16","","9","","6.4","","99.13","","","","","","Smoke"
"-79.63","43.68","TORONTO INTL A","6158731","2025-06-06 19:00","2025","06","06","19:00","","20.9","","12.7","","59","","","","","","0","","6.4","","99.12","","","","","","Smoke"
"-79.63","43.68","TORONTO INTL A","6158731","2025-06-06 20:00","2025","06","06","20:00","","20.9","","8.8","","45","","","","35","","20","","19.3","","99.12","","","","","","NA"
"-79.63","43.68","TORONTO INTL A","6158731","2025-06-06 21:00","2025","06","06","21:00","","19.9","","8.2","","46","","","","34","","14","","19.3","","99.18","","","","","","NA"
"-79.63","43.68","TORONTO INTL A","6158731","2025-06-06 22:00","2025","06","06","22:00","","18.8","","7.3","","47","","","","35","","17","","24.1","","99.19","","","","","","Mostly Cloudy"
"-79.63","43.68","TORONTO INTL A","6158731","2025-06-06 23:00","2025","06","06","23:00","","18.1","","7.2","","48","","","","35","","23","","24.1","","99.14","","","","","","NA"
"-79.63","43.68","TORONTO INTL A","6158731","2025-06-07 00:00","2025","06","07","00:00","","17.2","","6.9","","51","","","","34","","20","","24.1","","99.11","","","","","","NA"
"-79.63","43.68","TORONTO INTL A","6158731","2025-06-07 01:00","2025","06","07","01:00","","16.9","","7.4","","53","","","","36","","23","","24.1","","99.08","","","","","","Mostly Cloudy"
"-79.63","43.68","TORONTO INTL A","6158731","2025-06-07 02:00","2025","06","07","02:00","","16.7","","8.3","","57","","","","1","","21","","24.1","","99.06","","","","","","NA"
"-79.63","43.68","TORONTO INTL A","6158731","2025-06-07 03:00","2025","06","07","03:00","","16.3","","8.8","","61","","","","35","","19","","24.1","","99.03","","","","","","NA"
"-79.63","43.68","TORONTO INTL A","6158731","2025-06-07 04:00","2025","06","07","04:00","","15.9","","8.8","","63","","","","34","","19","","24.1","","99.05","","","","","","Mainly Clear"
"-79.63","43.68","TORONTO INTL A","6158731","2025-06-07 05:00","2025","06","07","05:00","","15.1","","9.0","","67","","","","35","","20","","24.1","","99.11","","","","","","NA"
"-79.63","43.68","TORONTO INTL A","6158731","2025-06-07 06:00","2025","06","07","06:00","","15.6","","9.3","","66","","","","36","","19","","24.1","","99.14","","","","","","NA"
"-79.63","43.68","TORONTO INTL A","6158731","2025-06-07 07:00","2025","06","07","07:00","","17.4","","9.6","","59","","","","36","","22","","24.1","","99.18","","","","","","Mostly Cloudy"
"-79.63","43.68","TORONTO INTL A","6158731","2025-06-07 08:00","2025","06","07","08:00","","19.6","","10.2","","54","","","","1","","16","","24.1","","99.19","","","","","","NA"
"-79.63","43.68","TORONTO INTL A","6158731","2025-06-07 09:00","2025","06","07","09:00","","22.1","","10.8","","48","","","","34","","11","","24.1","","99.18","","","","","","NA"
"-79.63","43.68","TORONTO INTL A","6158731","2025-06-07 10:00","2025","06","07","10:00","","22.6","","11.6","","49","","","","32","","17","","24.1","","99.18","","25","","","","Mainly Clear"
"-79.63","43.68","TORONTO INTL A","6158731","2025-06-07 11:00","2025","06","07","11:00","","23.4","","11.8","","48","","","","35","","15","","24.1","","99.21","","26","","","","NA"
"-79.63","43.68","TORONTO INTL A","6158731","2025-06-07 12:00","2025","06","07","12:00","","24.1","","10.9","","43","","","","1","","15","","24.1","","99.15","","26","","","","NA"
"-79.63","43.68","TORONTO INTL A","6158731","2025-06-07 13:00","2025","06","07","13:00","","24.9","","7.6","","32","","","","36","","22","","24.1","","99.12","","25","","","","Mainly Clear"
"-79.63","43.68","TORONTO INTL A","6158731","2025-06-07 14:00","2025","06","07","14:00","","25.3","","7.2","","31","","","","33","","15","","24.1","","99.10","","25","","","","NA"
"-79.63","43.68","TORONTO INTL A","6158731","2025-06-07 15:00","2025","06","07","15:00","","25.0","","8.9","","36","","","","5","","15","","24.1","","99.05","","26","","","","NA"
"-79.63","43.68","TORONTO INTL A","6158731","2025-06-07 16:00","2025","06","07","16:00","","25.1","","9.0","","36","","","","5","","13","","24.1","","99.03","","26","","","","Clear"
"-79.63","43.68","TORONTO INTL A","6158731","2025-06-07 17:00","2025","06","07","17:00","","24.8","","9.6","","38","","","","34","","14","","19.3","","98.99","","26","","","","NA"
"-79.63","43.68","TORONTO INTL A","6158731","2025-06-07 18:00","2025","06","07","18:00","","23.6","","8.9","","39","","","","36","","29","","16.1","","99.03","","","","","","NA"
"-79.63","43.68","TORONTO INTL A","6158731","2025-06-07 19:00","2025","06","07","19:00","","21.4","","5.6","","35","","","","36","","32","","16.1","","99.07","","","","","","Mainly Clear"
"-79.63","43.68","TORONTO INTL A","6158731","2025-06-07 20:00","2025","06","07","20:00","","19.9","","4.7","","36","","","","35","","25","","19.3","","99.08","","","","","","NA"
"-79.63","43.68","TORONTO INTL A","6158731","2025-06-07 21:00","2025","06","07","21:00","","18.5","","5.8","","43","","","","35","","18","","24.1","","99.13","","","","","","NA"
"-79.63","43.68","TORONTO INTL A","6158731","2025-06-07 22:00","2025","06","07","22:00","","17.3","","6.4","","48","","","","36","","19","","24.1","","99.16","","","","","","Mainly Clear"
"-79.63","43.68","TORONTO INTL A","6158731","2025-06-07 23:00","2025","06","07","23:00","","16.1","","6.7","","53","","","","36","","19","","24.1","","99.15","","","","","","NA"
"-79.63","43.68","TORONTO INTL A","6158731","2025-06-08 00:00","2025","06","08","00:00","","15.2","","6.9","","57","","","","36","","13","","24.1","","99.14","","","","","","NA"
"-79.63","43.68","TORONTO INTL A","6158731","2025-06-08 01:00","2025","06","08","01:00","","14.3","","6.8","","61","","","","1","","12","","24.1","","99.11","","","","","","Clear"
"-79.63","43.68","TORONTO INTL A","6158731","2025-06-08 02:00","2025","06","08","02:00","","14.2","","6.8","","61","","","","36","","7","","24.1","","99.08","","","","","","NA"
"-79.63","43.68","TORONTO INTL A","6158731","2025-06-08 03:00","2025","06","08","03:00","","13.5","","6.5","","62","","","","33","","6","","24.1","","99.03","","","","","","NA"
"-79.63","43.68","TORONTO INTL A","6158731","2025-06-08 04:00","2025","06","08","04:00","","13.1","","7.0","","66","","","","1","","8","","24.1","","98.99","","","","","","Clear"
"-79.63","43.68","TORONTO INTL A","6158731","2025-06-08 05:00","2025","06","08","05:00","","12.6","","7.5","","71","","","","2","","11","","24.1","","98.97","","","","","","NA"
"-79.63","43.68","TORONTO INTL A","6158731","2025-06-08 06:00","2025","06","08","06:00","","14.2","","8.0","","66","","","","1","","5","","24.1","","98.99","","","","","","NA"
"-79.63","43.68","TORONTO INTL A","6158731","2025-06-08 07:00","2025","06","08","07:00","","15.6","","8.4","","62","","","","3","","7","","16.1","","99.00","","","","","","Cloudy"
"-79.63","43.68","TORONTO INTL A","6158731","2025-06-08 08:00","2025","06","08","08:00","","18.1","","7.8","","50","","","","6","","12","","12.9","","99.00","","","","","","NA"
"-79.63","43.68","TORONTO INTL A","6158731","2025-06-08 09:00","2025","06","08","09:00","","19.6","","6.6","","42","","","","8","","20","","9.7","","98.92","","","","","","Smoke"
"-79.63","43.68","TORONTO INTL A","6158731","2025-06-08 10:00","2025","06","08","10:00","","20.0","","7.3","","44","","","","11","","13","","9.7","","98.91","","","","","","Smoke"
"-79.63","43.68","TORONTO INTL A","6158731","2025-06-08 11:00","2025","06","08","11:00","","20.1","","7.5","","44","","","","8","","12","","11.3","","98.89","","","","","","NA"
"-79.63","43.68","TORONTO INTL A","6158731","2025-06-08 12:00","2025","06","08","12:00","","19.1","","7.2","","45","","","","9","","18","","12.9","","98.88","","","","","","NA"
"-79.63","43.68","TORONTO INTL A","6158731","2025-06-08 13:00","2025","06","08","13:00","","20.1","","8.1","","46","","","","9","","18","","19.3","","98.85","","","","","","Mostly Cloudy"
"-79.63","43.68","TORONTO INTL A","6158731","2025-06-08 14:00","2025","06","08","14:00","","21.8","","8.9","","43","","","","9","","16","","16.1","","98.76","","","","","","NA"
"-79.63","43.68","TORONTO INTL A","6158731","2025-06-08 15:00","2025","06","08","15:00","","22.8","","10.6","","45","","","","10","","21","","16.1","","98.72","","","","","","NA"
"-79.63","43.68","TORONTO INTL A","6158731","2025-06-08 16:00","2025","06","08","16:00","","23.2","","12.1","","49","","","","9","","17","","16.1","","98.68","","26","","","","Mostly Cloudy"
"-79.63","43.68","TORONTO INTL A","6158731","2025-06-08 17:00","2025","06","08","17:00","","21.9","","10.6","","48","","","","10","","30","","16.1","","98.62","","","","","","NA"
"-79.63","43.68","TORONTO INTL A","6158731","2025-06-08 18:00","2025","06","08","18:00","","21.1","","9.9","","48","","","","10","","25","","16.1","","98.68","","","","","","NA"
"-79.63","43.68","TORONTO INTL A","6158731","2025-06-08 19:00","2025","06","08","19:00","","18.3","","11.6","","65","","","","10","","16","","19.3","","98.77","","","","","","Mostly Cloudy"
"-79.63","43.68","TORONTO INTL A","6158731","2025-06-08 20:00","2025","06","08","20:00","","17.5","","13.4","","76","","","","8","","9","","19.3","","98.67","","","","","","NA"
"-79.63","43.68","TORONTO INTL A","6158731","2025-06-08 21:00","2025","06","08","21:00","","17.5","","13.7","","78","","","","5","","8","","19.3","","98.71","","","","","","NA"
"-79.63","43.68","TORONTO INTL A","6158731","2025-06-08 22:00","2025","06","08","22:00","","18.0","","13.6","","75","","","","12","","5","","24.1","","98.73","","","","","","Mostly Cloudy"
"-79.63","43.68","TORONTO INTL A","6158731","2025-06-08 23:00","2025","06","08","23:00","","18.0","","13.8","","76","","","","13","","8","","24.1","","98.68","","","","","","NA"
"-79.63","43.68","TORONTO INTL A","6158731","2025-06-09 00:00","2025","06","09","00:00","","17.1","","14.3","","83","","","","14","","9","","24.1","","98.60","","","","","","NA"
"-79.63","43.68","TORONTO INTL A","6158731","2025-06-09 01:00","2025","06","09","01:00","","16.3","","13.2","","81","","","","13","","13","","24.1","","98.48","","","","","","Mainly Clear"
"-79.63","43.68","TORONTO INTL A","6158731","2025-06-09 02:00","2025","06","09","02:00","","16.7","","12.9","","78","","","","15","","8","","24.1","","98.53","","","","","","NA"
"-79.63","43.68","TORONTO INTL A","6158731","2025-06-09 03:00","2025","06","09","03:00","","16.1","","13.5","","84","","","","11","","10","","24.1","","98.51","","","","","","NA"
"-79.63","43.68","TORONTO INTL A","6158731","2025-06-09 04:00","2025","06","09","04:00","","16.3","","13.8","","85","","","","15","","7","","24.1","","98.52","","","","","","Cloudy"
"-79.63","43.68","TORONTO INTL A","6158731","2025-06-09 05:00","2025","06","09","05:00","","16.7","","13.9","","83","","","","18","","5","","19.3","","98.53","","","","","","NA"
"-79.63","43.68","TORONTO INTL A","6158731","2025-06-09 06:00","2025","06","09","06:00","","17.6","","14.4","","81","","","","18","","8","","16.1","","98.56","","","","","","NA"
"-79.63","43.68","TORONTO INTL A","6158731","2025-06-09 07:00","2025","06","09","07:00","","17.1","","14.3","","83","","","","17","","9","","16.1","","98.55","","","","","","Mostly Cloudy"
"-79.63","43.68","TORONTO INTL A","6158731","2025-06-09 08:00","2025","06","09","08:00","","17.4","","14.6","","84","","","","17","","11","","16.1","","98.58","","","","","","NA"
"-79.63","43.68","TORONTO INTL A","6158731","2025-06-09 09:00","2025","06","09","09:00","","17.9","","14.9","","82","","","","18","","16","","12.9","","98.58","","","","","","NA"
"-79.63","43.68","TORONTO INTL A","6158731","2025-06-09 10:00","2025","06","09","10:00","","18.7","","15.6","","82","","","","21","","14","","9.7","","98.63","","","","","","Fog"
"-79.63","43.68","TORONTO INTL A","6158731","2025-06-09 11:00","2025","06","09","11:00","","19.3","","16.4","","83","","","","22","","14","","9.7","","98.65","","","","","","Rain,Fog"
"-79.63","43.68","TORONTO INTL A","6158731","2025-06-09 12:00","2025","06","09","12:00","","18.8","","17.1","","90","","","","16","","8","","8.1","","98.60","","","","","","Rain,Fog"
"-79.63","43.68","TORONTO INTL A","6158731","2025-06-09 13:00","2025","06","09","13:00","","19.1","","17.4","","90","","","","12","","13","","8.1","","98.54","","","","","","Fog"
"-79.63","43.68","TORONTO INTL A","6158731","2025-06-09 14:00","2025","06","09","14:00","","20.2","","16.6","","80","","","","17","","17","","16.1","","98.56","","25","","","","NA"
"-79.63","43.68","TORONTO INTL A","6158731","2025-06-09 15:00","2025","06","09","15:00","","22.1","","15.5","","66","","","","23","","12","","24.1","","98.49","","26","","","","NA"
"-79.63","43.68","TORONTO INTL A","6158731","2025-06-09 16:00","2025","06","09","16:00","","22.7","","14.3","","59","","","","20","","19","","24.1","","98.43","","26","","","","Mostly Cloudy"
"-79.63","43.68","TORONTO INTL A","6158731","2025-06-09 17:00","2025","06","09","17:00","","20.9","","14.7","","67","","","","15","","21","","24.1","","98.41","","25","","","","NA"
"-79.63","43.68","TORONTO INTL A","6158731","2025-06-09 18:00","2025","06","09","18:00","","21.5","","15.2","","67","","","","18","","11","","24.1","","98.39","","26","","","","NA"
"-79.63","43.68","TORONTO INTL A","6158731","2025-06-09 19:00","2025","06","09","19:00","","20.2","","14.4","","69","","","","16","","20","","24.1","","98.40","","","","","","Mainly Clear"
"-79.63","43.68","TORONTO INTL A","6158731","2025-06-09 20:00","2025","06","09","20:00","","18.9","","14.1","","74","","","","17","","16","","24.1","","98.37","","","","","","NA"
"-79.63","43.68","TORONTO INTL A","6158731","2025-06-09 21:00","2025","06","09","21:00","","18.2","","14.2","","77","","","","17","","13","","24.1","","98.43","","","","","","NA"
"-79.63","43.68","TORONTO INTL A","6158731","2025-06-09 22:00","2025","06","09","22:00","","16.5","","13.9","","84","","","","12","","5","","24.1","","98.46","","","","","","Mainly Clear"
"-79.63","43.68","TORONTO INTL A","6158731","2025-06-09 23:00","2025","06","09","23:00","","17.5","","12.0","","70","","","","27","","16","","24.1","","98.52","","","","","","NA"
"-79.63","43.68","TORONTO INTL A","6158731","2025-06-10 00:00","2025","06","10","00:00","","17.3","","10.9","","66","","","","23","","11","","24.1","","98.52","","","","","","NA"
"-79.63","43.68","TORONTO INTL A","6158731","2025-06-10 01:00","2025","06","10","01:00","","16.7","","10.6","","67","","","","18","","5","","24.1","","98.51","","","","","","Mainly Clear"
"-79.63","43.68","TORONTO INTL A","6158731","2025-06-10 02:00","2025","06","10","02:00","","15.3","","12.4","","82","","","","21","","8","","24.1","","98.50","","","","","","NA"
"-79.63","43.68","TORONTO INTL A","6158731","2025-06-10 03:00","2025","06","10","03:00","","14.9","","11.7","","81","","","","24","","19","","24.1","","98.52","","","","","","NA"
"-79.63","43.68","TORONTO INTL A","6158731","2025-06-10 04:00","2025","06","10","04:00","","13.6","","10.5","","81","","","","25","","17","","24.1","","98.58","","","","","","Clear"
"-79.63","43.68","TORONTO INTL A","6158731","2025-06-10 05:00","2025","06","10","05:00","","13.1","","9.9","","80","","","","24","","12","","24.1","","98.67","","","","","","NA"
"-79.63","43.68","TORONTO INTL A","6158731","2025-06-10 06:00","2025","06","10","06:00","","14.1","","10.1","","76","","","","25","","15","","24.1","","98.73","","","","","","NA"
"-79.63","43.68","TORONTO INTL A","6158731","2025-06-10 07:00","2025","06","10","07:00","","16.3","","10.2","","67","","","","24","","16","","24.1","","98.79","","","","","","Clear"
"-79.63","43.68","TORONTO INTL A","6158731","2025-06-10 08:00","2025","06","10","08:00","","17.9","","9.2","","56","","","","24","","26","","24.1","","98.82","","","","","","NA"
"-79.63","43.68","TORONTO INTL A","6158731","2025-06-10 09:00","2025","06","10","09:00","","19.8","","10.1","","53","","","","24","","21","","24.1","","98.84","","","","","","NA"
"-79.63","43.68","TORONTO INTL A","6158731","2025-06-10 10:00","2025","06","10","10:00","","20.8","","9.0","","46","","","","23","","28","","24.1","","98.82","","","","","","Mostly Cloudy"
"-79.63","43.68","TORONTO INTL A","6158731","2025-06-10 11:00","2025","06","10","11:00","","19.4","","8.8","","50","","","","24","","29","","24.1","","98.86","","","","","","NA"
"-79.63","43.68","TORONTO INTL A","6158731","2025-06-10 12:00","2025","06","10","12:00","","21.7","","10.7","","49","","","","24","","21","","24.1","","98.87","","","","","","NA"
"-79.63","43.68","TORONTO INTL A","6158731","2025-06-10 13:00","2025","06","10","13:00","","22.7","","11.2","","48","","","","26","","26","","24.1","","98.90","","25","","","","Mostly Cloudy"
"-79.63","43.68","TORONTO INTL A","6158731","2025-06-10 14:00","2025","06","10","14:00","","22.8","","10.2","","44","","","","23","","25","","24.1","","98.93","","","","","","NA"
"-79.63","43.68","TORONTO INTL A","6158731","2025-06-10 15:00","2025","06","10","15:00","","22.4","","9.7","","44","","","","25","","27","","24.1","","98.95","","","","","","NA"
"-79.63","43.68","TORONTO INTL A","6158731","2025-06-10 16:00","2025","06","10","16:00","","21.5","","9.3","","45","","","","24","","25","","24.1","","98.96","","","","","","Mostly Cloudy"
"-79.63","43.68","TORONTO INTL A","6158731","2025-06-10 17:00","2025","06","10","17:00","","21.4","","11.1","","51","","","","23","","27","","24.1","","99.01","","","","","","NA"
"-79.63","43.68","TORONTO INTL A","6158731","2025-06-10 18:00","2025","06","10","18:00","","19.5","","10.8","","57","","","","23","","20","","24.1","","99.08","","","","","","NA"
"-79.63","43.68","TORONTO INTL A","6158731","2025-06-10 19:00","2025","06","10","19:00","","19.3","","11.9","","62","","","","23","","24","","24.1","","99.12","","","","","","Mostly Cloudy"
"-79.63","43.68","TORONTO INTL A","6158731","2025-06-10 20:00","2025","06","10","20:00","","17.8","","12.0","","69","","","","24","","22","","24.1","","99.17","","","","","","NA"
"-79.63","43.68","TORONTO INTL A","6158731","2025-06-10 21:00","2025","06","10","21:00","","17.3","","12.8","","74","","","","24","","14","","24.1","","99.24","","","","","","NA"
"-79.63","43.68","TORONTO INTL A","6158731","2025-06-10 22:00","2025","06","10","22:00","","16.2","","12.9","","81","","","","24","","13","","24.1","","99.30","","","","","","Mainly Clear"
"-79.63","43.68","TORONTO INTL A","6158731","2025-06-10 23:00","2025","06","10","23:00","","15.8","","12.9","","83","","","","26","","14","","24.1","","99.31","","","","","","NA"
"-79.63","43.68","TORONTO INTL A","6158731","2025-06-11 00:00","2025","06","11","00:00","","14.9","","12.5","","85","","","","26","","10","","24.1","","99.30","","","","","","NA"
"-79.63","43.68","TORONTO INTL A","6158731","2025-06-11 01:00","2025","06","11","01:00","","16.2","","13.1","","82","","","","27","","9","","24.1","","99.35","","","","","","Mostly Cloudy"
"-79.63","43.68","TORONTO INTL A","6158731","2025-06-11 02:00","2025","06","11","02:00","","16.7","","12.4","","75","","","","27","","13","","24.1","","99.36","","","","","","NA"
"-79.63","43.68","TORONTO INTL A","6158731","2025-06-11 03:00","2025","06","11","03:00","","13.9","","11.5","","85","","","","25","","12","","24.1","","99.38","","","","","","NA"
"-79.63","43.68","TORONTO INTL A","6158731","2025-06-11 04:00","2025","06","11","04:00","","14.0","","11.6","","85","","","","25","","15","","24.1","","99.43","","","","","","Mostly Cloudy"
"-79.63","43.68","TORONTO INTL A","6158731","2025-06-11 05:00","2025","06","11","05:00","","14.7","","11.8","","83","","","","25","","15","","19.3","","99.47","","","","","","NA"
"-79.63","43.68","TORONTO INTL A","6158731","2025-06-11 06:00","2025","06","11","06:00","","15.9","","11.9","","77","","","","26","","15","","19.3","","99.52","","","","","","NA"
"-79.63","43.68","TORONTO INTL A","6158731","2025-06-11 07:00","2025","06","11","07:00","","16.5","","12.2","","76","","","","26","","14","","24.1","","99.57","","","","","","Cloudy"
"-79.63","43.68","TORONTO INTL A","6158731","2025-06-11 08:00","2025","06","11","08:00","","17.5","","12.5","","72","","","","28","","11","","24.1","","99.57","","","","","","NA"
"-79.63","43.68","TORONTO INTL A","6158731","2025-06-11 09:00","2025","06","11","09:00","","19.3","","12.3","","63","","","","25","","11","","24.1","","99.56","","","","","","NA"
"-79.63","43.68","TORONTO INTL A","6158731","2025-06-11 10:00","2025","06","11","10:00","","21.1","","12.3","","57","","","","28","","18","","19.3","","99.49","","","","","","Mainly Clear"
"-79.63","43.68","TORONTO INTL A","6158731","2025-06-11 11:00","2025","06","11","11:00","","23.1","","12.9","","52","","","","22","","17","","19.3","","99.49","","26","","","","NA"
"-79.63","43.68","TORONTO INTL A","6158731","2025-06-11 12:00","2025","06","11","12:00","","24.6","","13.1","","48","","","","26","","29","","19.3","","99.41","","27","","","","NA"
"-79.63","43.68","TORONTO INTL A","6158731","2025-06-11 13:00","2025","06","11","13:00","","25.8","","13.0","","45","","","","26","","22","","19.3","","99.35","","29","","","","Clear"
"-79.63","43.68","TORONTO INTL A","6158731","2025-06-11 14:00","2025","06","11","14:00","","27.1","","12.0","","39","","","","23","","22","","19.3","","99.28","","29","","","","NA"
"-79.63","43.68","TORONTO INTL A","6158731","2025-06-11 15:00","2025","06","11","15:00","","27.7","","12.1","","37","","","","23","","30","","16.1","","99.21","","30","","","","NA"
"-79.63","43.68","TORONTO INTL A","6158731","2025-06-11 16:00","2025","06","11","16:00","","28.0","","14.4","","43","","","","21","","28","","19.3","","99.15","","32","","","","Mainly Clear"
"-79.63","43.68","TORONTO INTL A","6158731","2025-06-11 17:00","2025","06","11","17:00","","27.3","","12.1","","38","","","","22","","37","","24.1","","99.13","","30","","","","NA"
"-79.63","43.68","TORONTO INTL A","6158731","2025-06-11 18:00","2025","06","11","18:00","","26.4","","13.2","","43","","","","22","","34","","24.1","","99.12","","29","","","","NA"
"-79.63","43.68","TORONTO INTL A","6158731","2025-06-11 19:00","2025","06","11","19:00","","26.0","","13.0","","44","","","","22","","31","","24.1","","99.11","","29","","","","Clear"
"-79.63","43.68","TORONTO INTL A","6158731","2025-06-11 20:00","2025","06","11","20:00","","25.2","","12.6","","45","","","","22","","24","","24.1","","99.10","","28","","","","NA"
"-79.63","43.68","TORONTO INTL A","6158731","2025-06-11 21:00","2025","06","11","21:00","","24.0","","12.7","","49","","","","23","","18","","24.1","","99.17","","27","","","","NA"
"-79.63","43.68","TORONTO INTL A","6158731","2025-06-11 22:00","2025","06","11","22:00","","22.9","","13.5","","55","","","","26","","22","","24.1","","99.26","","26","","","","Mainly Clear"
"-79.63","43.68","TORONTO INTL A","6158731","2025-06-11 23:00","2025","06","11","23:00","","22.0","","13.5","","58","","","","34","","22","","24.1","","99.36","","25","","","","NA"
"-79.63","43.68","TORONTO INTL A","6158731","2025-06-12 00:00","2025","06","12","00:00","","20.8","","12.0","","57","","","","32","","31","","24.1","","99.44","","","","","","NA"
"-79.63","43.68","TORONTO INTL A","6158731","2025-06-12 01:00","2025","06","12","01:00","","19.5","","8.5","","49","","","","30","","30","","24.1","","99.51","","","","","","Mainly Clear"
"-79.63","43.68","TORONTO INTL A","6158731","2025-06-12 02:00","2025","06","12","02:00","","18.0","","6.5","","47","","","","31","","27","","24.1","","99.56","","","","","","NA"
"-79.63","43.68","TORONTO INTL A","6158731","2025-06-12 03:00","2025","06","12","03:00","","16.9","","5.5","","47","","","","31","","28","","24.1","","99.57","","","","","","NA"
"-79.63","43.68","TORONTO INTL A","6158731","2025-06-12 04:00","2025","06","12","04:00","","16.2","","5.8","","50","","","","32","","25","","24.1","","99.60","","","","","","Mainly Clear"
"-79.63","43.68","TORONTO INTL A","6158731","2025-06-12 05:00","2025","06","12","05:00","","15.9","","6.5","","53","","","","32","","26","","24.1","","99.66","","","","","","NA"
"-79.63","43.68","TORONTO INTL A","6158731","2025-06-12 06:00","2025","06","12","06:00","","16.2","","7.0","","54","","","","33","","27","","24.1","","99.74","","","","","","NA"
"-79.63","43.68","TORONTO INTL A","6158731","2025-06-12 07:00","2025","06","12","07:00","","15.7","","8.4","","62","","","","32","","14","","24.1","","99.86","","","","","","Rain"
"-79.63","43.68","TORONTO INTL A","6158731","2025-06-12 08:00","2025","06","12","08:00","","15.2","","9.8","","70","","","","27","","7","","19.3","","99.87","","","","","","Rain"
"-79.63","43.68","TORONTO INTL A","6158731","2025-06-12 09:00","2025","06","12","09:00","","17.4","","9.9","","61","","","","25","","14","","24.1","","99.91","","","","","","NA"
"-79.63","43.68","TORONTO INTL A","6158731","2025-06-12 10:00","2025","06","12","10:00","","19.2","","8.5","","49","","","","29","","13","","24.1","","99.87","","","","","","Mainly Clear"
"-79.63","43.68","TORONTO INTL A","6158731","2025-06-12 11:00","2025","06","12","11:00","","20.0","","9.5","","50","","","","","","0","","24.1","","99.87","","","","","","NA"
"-79.63","43.68","TORONTO INTL A","6158731","2025-06-12 12:00","2025","06","12","12:00","","23.7","","7.7","","35","","","","29","","24","","24.1","","99.85","","","","","","NA"
"-79.63","43.68","TORONTO INTL A","6158731","2025-06-12 13:00","2025","06","12","13:00","","24.0","","6.6","","32","","","","29","","19","","24.1","","99.82","","","","","","Mainly Clear"
"-79.63","43.68","TORONTO INTL A","6158731","2025-06-12 14:00","2025","06","12","14:00","","24.9","","7.4","","32","","","","31","","27","","24.1","","99.81","","25","","","","NA"
"-79.63","43.68","TORONTO INTL A","6158731","2025-06-12 15:00","2025","06","12","15:00","","24.5","","6.4","","31","","","","32","","24","","24.1","","99.82","","","","","","NA"
"-79.63","43.68","TORONTO INTL A","6158731","2025-06-12 16:00","2025","06","12","16:00","","24.3","","5.4","","29","","","","29","","23","","24.1","","99.80","","","","","","Mainly Clear"
"-79.63","43.68","TORONTO INTL A","6158731","2025-06-12 17:00","2025","06","12","17:00","","23.6","","6.0","","32","","","","35","","14","","24.1","","99.79","","","","","","NA"
"-79.63","43.68","TORONTO INTL A","6158731","2025-06-12 18:00","2025","06","12","18:00","","22.9","","5.7","","33","","","","31","","18","","24.1","","99.80","","","","","","NA"
"-79.63","43.68","TORONTO INTL A","6158731","2025-06-12 19:00","2025","06","12","19:00","","21.4","","6.8","","38","","","","35","","16","","24.1","","99.82","","","","","","Mainly Clear"
"-79.63","43.68","TORONTO INTL A","6158731","2025-06-12 20:00","2025","06","12","20:00","","18.8","","7.5","","47","","","","36","","21","","24.1","","99.84","","","","","","NA"
"-79.63","43.68","TORONTO INTL A","6158731","2025-06-12 21:00","2025","06","12","21:00","","17.3","","6.6","","49","","","","36","","23","","24.1","","99.94","","","","","","NA"
"-79.63","43.68","TORONTO INTL A","6158731","2025-06-12 22:00","2025","06","12","22:00","","16.0","","6.1","","52","","","","36","","16","","24.1","","100.00","","","","","","Mostly Cloudy"
"-79.63","43.68","TORONTO INTL A","6158731","2025-06-12 23:00","2025","06","12","23:00","","15.6","","6.3","","53","","","","36","","13","","24.1","","100.01","","","","","","NA"
"-79.63","43.68","TORONTO INTL A","6158731","2025-06-13 00:00","2025","06","13","00:00","","15.1","","6.7","","57","","","","35","","17","","24.1","","100.01","","","","","","NA"
"-79.63","43.68","TORONTO INTL A","6158731","2025-06-13 01:00","2025","06","13","01:00","","14.8","","6.6","","58","","","","36","","17","","24.1","","100.00","","","","","","Mostly Cloudy"
"-79.63","43.68","TORONTO INTL A","6158731","2025-06-13 02:00","2025","06","13","02:00","","14.2","","6.9","","61","","","","1","","14","","24.1","","100.01","","","","","","NA"
"-79.63","43.68","TORONTO INTL A","6158731","2025-06-13 03:00","2025","06","13","03:00","","13.8","","7.4","","65","","","","5","","7","","24.1","","100.03","","","","","","NA"
"-79.63","43.68","TORONTO INTL A","6158731","2025-06-13 04:00","2025","06","13","04:00","","14.5","","7.9","","64","","","","10","","14","","24.1","","100.07","","","","","","Mostly Cloudy"
"-79.63","43.68","TORONTO INTL A","6158731","2025-06-13 05:00","2025","06","13","05:00","","13.9","","8.1","","68","","","","9","","19","","24.1","","100.08","","","","","","NA"
"-79.63","43.68","TORONTO INTL A","6158731","2025-06-13 06:00","2025","06","13","06:00","","13.5","","8.2","","70","","","","8","","18","","24.1","","100.17","","","","","","NA"
"-79.63","43.68","TORONTO INTL A","6158731","2025-06-13 07:00","2025","06","13","07:00","","13.6","","7.9","","68","","","","8","","15","","24.1","","100.20","","","","","","Mostly Cloudy"
"-79.63","43.68","TORONTO INTL A","6158731","2025-06-13 08:00","2025","06","13","08:00","","14.1","","7.1","","62","","","","7","","16","","24.1","","100.25","","","","","","NA"
"-79.63","43.68","TORONTO INTL A","6158731","2025-06-13 09:00","2025","06","13","09:00","","15.3","","7.7","","60","","","","10","","14","","24.1","","100.22","","","","","","NA"
"-79.63","43.68","TORONTO INTL A","6158731","2025-06-13 10:00","2025","06","13","10:00","","16.1","","6.7","","53","","","","8","","19","","24.1","","100.19","","","","","","Mostly Cloudy"
"-79.63","43.68","TORONTO INTL A","6158731","2025-06-13 11:00","2025","06","13","11:00","","17.0","","6.2","","49","","","","11","","14","","24.1","","100.14","","","","","","NA"
"-79.63","43.68","TORONTO INTL A","6158731","2025-06-13 12:00","2025","06","13","12:00","","18.0","","6.4","","46","","","","8","","18","","24.1","","100.13","","","","","","NA"
"-79.63","43.68","TORONTO INTL A","6158731","2025-06-13 13:00","2025","06","13","13:00","","17.6","","6.1","","46","","","","8","","22","","24.1","","100.09","","","","","","Mostly Cloudy"
"-79.63","43.68","TORONTO INTL A","6158731","2025-06-13 14:00","2025","06","13","14:00","","18.6","","6.9","","46","","","","10","","19","","24.1","","100.06","","","","","","NA"
"-79.63","43.68","TORONTO INTL A","6158731","2025-06-13 15:00","2025","06","13","15:00","","18.9","","6.8","","45","","","","9","","17","","24.1","","100.01","","","","","","NA"
"-79.63","43.68","TORONTO INTL A","6158731","2025-06-13 16:00","2025","06","13","16:00","","18.5","","7.1","","47","","","","8","","21","","24.1","","99.99","","","","","","Mostly Cloudy"
"-79.63","43.68","TORONTO INTL A","6158731","2025-06-13 17:00","2025","06","13","17:00","","17.7","","7.3","","50","","","","8","","20","","24.1","","99.98","","","","","","NA"
"-79.63","43.68","TORONTO INTL A","6158731","2025-06-13 18:00","2025","06","13","18:00","","17.0","","7.9","","55","","","","9","","15","","24.1","","99.97","","","","","","NA"
"-79.63","43.68","TORONTO INTL A","6158731","2025-06-13 19:00","2025","06","13","19:00","","16.9","","7.2","","52","","","","10","","13","","24.1","","99.98","","","","","","Cloudy"
"-79.63","43.68","TORONTO INTL A","6158731","2025-06-13 20:00","2025","06","13","20:00","","16.4","","6.6","","52","","","","9","","11","","24.1","","99.99","","","","","","NA"
"-79.63","43.68","TORONTO INTL A","6158731","2025-06-13 21:00","2025","06","13","21:00","","15.7","","7.5","","58","","","","8","","13","","24.1","","100.01","","","","","","NA"
"-79.63","43.68","TORONTO INTL A","6158731","2025-06-13 22:00","2025","06","13","22:00","","15.2","","8.0","","62","","","","8","","10","","24.1","","100.01","","","","","","Mostly Cloudy"
"-79.63","43.68","TORONTO INTL A","6158731","2025-06-13 23:00","2025","06","13","23:00","","15.1","","8.4","","64","","","","8","","9","","24.1","","100.00","","","","","","NA"
"-79.63","43.68","TORONTO INTL A","6158731","2025-06-14 00:00","2025","06","14","00:00","","14.9","","8.7","","66","","","","7","","10","","24.1","","99.98","","","","","","NA"
"-79.63","43.68","TORONTO INTL A","6158731","2025-06-14 01:00","2025","06","14","01:00","","15.0","","8.9","","67","","","","5","","12","","24.1","","99.95","","","","","","Cloudy"
"-79.63","43.68","TORONTO INTL A","6158731","2025-06-14 02:00","2025","06","14","02:00","","15.0","","9.0","","67","","","","8","","14","","24.1","","99.91","","","","","","NA"
"-79.63","43.68","TORONTO INTL A","6158731","2025-06-14 03:00","2025","06","14","03:00","","15.1","","8.7","","65","","","","7","","11","","24.1","","99.93","","","","","","NA"
"-79.63","43.68","TORONTO INTL A","6158731","2025-06-14 04:00","2025","06","14","04:00","","14.6","","7.9","","64","","","","8","","10","","24.1","","99.91","","","","","","Mainly Clear"
"-79.63","43.68","TORONTO INTL A","6158731","2025-06-14 05:00","2025","06","14","05:00","","14.7","","7.6","","62","","","","8","","12","","24.1","","99.97","","","","","","NA"
"-79.63","43.68","TORONTO INTL A","6158731","2025-06-14 06:00","2025","06","14","06:00","","15.2","","8.6","","64","","","","8","","14","","24.1","","99.96","","","","","","NA"
"-79.63","43.68","TORONTO INTL A","6158731","2025-06-14 07:00","2025","06","14","07:00","","16.3","","8.8","","61","","","","6","","15","","24.1","","99.97","","","","","","Mainly Clear"
"-79.63","43.68","TORONTO INTL A","6158731","2025-06-14 08:00","2025","06","14","08:00","","17.4","","9.0","","58","","","","7","","14","","24.1","","99.99","","","","","","NA"
"-79.63","43.68","TORONTO INTL A","6158731","2025-06-14 09:00","2025","06","14","09:00","","18.0","","7.7","","51","","","","10","","16","","24.1","","99.98","","","","","","NA"
"-79.63","43.68","TORONTO INTL A","6158731","2025-06-14 10:00","2025","06","14","10:00","","19.4","","6.6","","43","","","","9","","18","","24.1","","99.97","","","","","","Mainly Clear"
"-79.63","43.68","TORONTO INTL A","6158731","2025-06-14 11:00","2025","06","14","11:00","","19.8","","5.7","","39","","","","7","","25","","24.1","","99.96","","","","","","NA"
"-79.63","43.68","TORONTO INTL A","6158731","2025-06-14 12:00","2025","06","14","12:00","","20.1","","6.9","","42","","","","13","","19","","24.1","","99.92","","","","","","NA"
"-79.63","43.68","TORONTO INTL A","6158731","2025-06-14 13:00","2025","06","14","13:00","","19.7","","8.6","","48","","","","13","","21","","24.1","","99.90","","","","","","Clear"
"-79.63","43.68","TORONTO INTL A","6158731","2025-06-14 14:00","2025","06","14","14:00","","20.2","","7.7","","44","","","","15","","21","","24.1","","99.90","","","","","","NA"
"-79.63","43.68","TORONTO INTL A","6158731","2025-06-14 15:00","2025","06","14","15:00","","20.7","","6.6","","40","","","","15","","22","","24.1","","99.84","","","","","","NA"
"-79.63","43.68","TORONTO INTL A","6158731","2025-06-14 16:00","2025","06","14","16:00","","20.5","","6.1","","39","","","","12","","18","","24.1","","99.83","","","","","","Mainly Clear"
"-79.63","43.68","TORONTO INTL A","6158731","2025-06-14 17:00","2025","06","14","17:00","","20.4","","6.7","","41","","","","12","","13","","24.1","","99.80","","","","","","NA"
"-79.63","43.68","TORONTO INTL A","6158731","2025-06-14 18:00","2025","06","14","18:00","","20.1","","6.0","","39","","","","12","","11","","24.1","","99.80","","","","","","NA"
"-79.63","43.68","TORONTO INTL A","6158731","2025-06-14 19:00","2025","06","14","19:00","","19.4","","5.9","","41","","","","12","","10","","24.1","","99.83","","","","","","Clear"
"-79.63","43.68","TORONTO INTL A","6158731","2025-06-14 20:00","2025","06","14","20:00","","18.7","","5.8","","42","","","","12","","9","","24.1","","99.82","","","","","","NA"
"-79.63","43.68","TORONTO INTL A","6158731","2025-06-14 21:00","2025","06","14","21:00","","18.0","","6.0","","45","","","","8","","6","","24.1","","99.87","","","","","","NA"
"-79.63","43.68","TORONTO INTL A","6158731","2025-06-14 22:00","2025","06","14","22:00","","17.5","","6.1","","47","","","","5","","7","","24.1","","99.87","","","","","","Clear"
"-79.63","43.68","TORONTO INTL A","6158731","2025-06-14 23:00","2025","06","14","23:00","","17.0","","6.0","","48","","","","7","","6","","24.1","","99.89","","","","","","NA"
"-79.63","43.68","TORONTO INTL A","6158731","2025-06-15 00:00","2025","06","15","00:00","","17.0","","6.0","","48","","","","6","","7","","24.1","","99.92","","","","","","NA"
"-79.63","43.68","TORONTO INTL A","6158731","2025-06-15 01:00","2025","06","15","01:00","","16.2","","6.2","","51","","","","3","","9","","24.1","","99.93","","","","","","Clear"
"-79.63","43.68","TORONTO INTL A","6158731","2025-06-15 02:00","2025","06","15","02:00","","14.9","","7.5","","61","","","","2","","8","","24.1","","99.92","","","","","","NA"
"-79.63","43.68","TORONTO INTL A","6158731","2025-06-15 03:00","2025","06","15","03:00","","14.9","","7.5","","61","","","","2","","10","","24.1","","99.88","","","","","","NA"
"-79.63","43.68","TORONTO INTL A","6158731","2025-06-15 04:00","2025","06","15","04:00","","14.7","","7.2","","60","","","","2","","8","","24.1","","99.89","","","","","","Mostly Cloudy"
"-79.63","43.68","TORONTO INTL A","6158731","2025-06-15 05:00","2025","06","15","05:00","","15.0","","7.7","","61","","","","2","","10","","24.1","","99.91","","","","","","NA"
"-79.63","43.68","TORONTO INTL A","6158731","2025-06-15 06:00","2025","06","15","06:00","","16.0","","8.1","","59","","","","3","","10","","24.1","","99.95","","","","","","NA"
"-79.63","43.68","TORONTO INTL A","6158731","2025-06-15 07:00","2025","06","15","07:00","","17.2","","8.1","","55","","","","4","","8","","24.1","","99.98","","","","","","Mostly Cloudy"
"-79.63","43.68","TORONTO INTL A","6158731","2025-06-15 08:00","2025","06","15","08:00","","18.9","","9.8","","55","","","","5","","10","","24.1","","99.99","","","","","","NA"
"-79.63","43.68","TORONTO INTL A","6158731","2025-06-15 09:00","2025","06","15","09:00","","20.7","","8.7","","46","","","","8","","10","","24.1","","99.98","","","","","","NA"
"-79.63","43.68","TORONTO INTL A","6158731","2025-06-15 10:00","2025","06","15","10:00","","21.7","","9.9","","47","","","","13","","13","","24.1","","99.99","","","","","","Mostly Cloudy"
"-79.63","43.68","TORONTO INTL A","6158731","2025-06-15 11:00","2025","06","15","11:00","","22.7","","10.6","","46","","","","13","","12","","24.1","","99.99","","","","","","NA"
"-79.63","43.68","TORONTO INTL A","6158731","2025-06-15 12:00","2025","06","15","12:00","","23.2","","7.2","","35","","","","8","","18","","24.1","","100.00","","","","","","NA"
"-79.63","43.68","TORONTO INTL A","6158731","2025-06-15 13:00","2025","06","15","13:00","","22.9","","8.1","","38","","","","13","","15","","24.1","","99.98","","","","","","Mostly Cloudy"
"-79.63","43.68","TORONTO INTL A","6158731","2025-06-15 14:00","2025","06","15","14:00","","23.2","","6.1","","32","","","","13","","21","","24.1","","99.96","","","","","","NA"
"-79.63","43.68","TORONTO INTL A","6158731","2025-06-15 15:00","2025","06","15","15:00","","22.6","","5.0","","31","","","","13","","18","","24.1","","99.93","","","","","","NA"
"-79.63","43.68","TORONTO INTL A","6158731","2025-06-15 16:00","2025","06","15","16:00","","22.9","","6.2","","34","","","","15","","18","","24.1","","99.91","","","","","","Mostly Cloudy"
"-79.63","43.68","TORONTO INTL A","6158731","2025-06-15 17:00","2025","06","15","17:00","","22.4","","5.8","","34","","","","12","","18","","24.1","","99.92","","","","","","NA"
"-79.63","43.68","TORONTO INTL A","6158731","2025-06-15 18:00","2025","06","15","18:00","","21.9","","5.7","","34","","","","13","","12","","24.1","","99.91","","","","","","NA"
"-79.63","43.68","TORONTO INTL A","6158731","2025-06-15 19:00","2025","06","15","19:00","","21.3","","5.3","","35","","","","13","","10","","24.1","","99.90","","","","","","Clear"
"-79.63","43.68","TORONTO INTL A","6158731","2025-06-15 20:00","2025","06","15","20:00","","20.3","","5.6","","38","","","","7","","6","","24.1","","99.89","","","","","","NA"
"-79.63","43.68","TORONTO INTL A","6158731","2025-06-15 21:00","2025","06","15","21:00","","20.0","","5.5","","38","","","","11","","7","","24.1","","99.95","","","","","","NA"
"-79.63","43.68","TORONTO INTL A","6158731","2025-06-15 22:00","2025","06","15","22:00","","19.2","","5.3","","40","","","","8","","5","","24.1","","99.92","","","","","","Clear"
"-79.63","43.68","TORONTO INTL A","6158731","2025-06-15 23:00","2025","06","15","23:00","","18.2","","5.8","","44","","","","6","","7","","24.1","","99.93","","","","","","NA"
"-79.63","43.68","TORONTO INTL A","6158731","2025-06-16 00:00","2025","06","16","00:00","","16.7","","6.5","","50","","","","6","","9","","24.1","","99.92","","","","","","NA"
"-79.63","43.68","TORONTO INTL A","6158731","2025-06-16 01:00","2025","06","16","01:00","","16.9","","6.4","","50","","","","4","","8","","24.1","","99.89","","","","","","Clear"
"-79.63","43.68","TORONTO INTL A","6158731","2025-06-16 02:00","2025","06","16","02:00","","16.3","","6.7","","53","","","","3","","9","","24.1","","99.86","","","","","","NA"
"-79.63","43.68","TORONTO INTL A","6158731","2025-06-16 03:00","2025","06","16","03:00","","15.6","","7.0","","56","","","","2","","9","","24.1","","99.82","","","","","","NA"
"-79.63","43.68","TORONTO INTL A","6158731","2025-06-16 04:00","2025","06","16","04:00","","14.9","","7.6","","61","","","","1","","8","","24.1","","99.81","","","","","","Clear"
"-79.63","43.68","TORONTO INTL A","6158731","2025-06-16 05:00","2025","06","16","05:00","","14.7","","7.6","","62","","","","1","","8","","24.1","","99.82","","","","","","NA"
"-79.63","43.68","TORONTO INTL A","6158731","2025-06-16 06:00","2025","06","16","06:00","","16.9","","8.7","","58","","","","4","","7","","24.1","","99.84","","","","","","NA"
"-79.63","43.68","TORONTO INTL A","6158731","2025-06-16 07:00","2025","06","16","07:00","","18.6","","8.0","","50","","","","10","","5","","24.1","","99.86","","","","","","Mostly Cloudy"
"-79.63","43.68","TORONTO INTL A","6158731","2025-06-16 08:00","2025","06","16","08:00","","20.5","","8.2","","45","","","","4","","7","","24.1","","99.86","","","","","","NA"
"-79.63","43.68","TORONTO INTL A","6158731","2025-06-16 09:00","2025","06","16","09:00","","21.4","","11.3","","52","","","","6","","4","","24.1","","99.82","","","","","","NA"
"-79.63","43.68","TORONTO INTL A","6158731","2025-06-16 10:00","2025","06","16","10:00","","23.2","","13.2","","53","","","","10","","6","","24.1","","99.75","","26","","","","Mostly Cloudy"
"-79.63","43.68","TORONTO INTL A","6158731","2025-06-16 11:00","2025","06","16","11:00","","22.6","","14.3","","59","","","","16","","14","","24.1","","99.70","","26","","","","NA"
"-79.63","43.68","TORONTO INTL A","6158731","2025-06-16 12:00","2025","06","16","12:00","","23.2","","15.6","","62","","","","15","","15","","24.1","","99.66","","28","","","","NA"
"-79.63","43.68","TORONTO INTL A","6158731","2025-06-16 13:00","2025","06","16","13:00","","22.7","","15.3","","63","","","","17","","14","","24.1","","99.62","","27","","","","Mostly Cloudy"
"-79.63","43.68","TORONTO INTL A","6158731","2025-06-16 14:00","2025","06","16","14:00","","22.6","","15.6","","64","","","","15","","16","","24.1","","99.60","","27","","","","NA"
"-79.63","43.68","TORONTO INTL A","6158731","2025-06-16 15:00","2025","06","16","15:00","","23.4","","16.3","","64","","","","14","","7","","24.1","","99.58","","28","","","","NA"
"-79.63","43.68","TORONTO INTL A","6158731","2025-06-16 16:00","2025","06","16","16:00","","23.6","","15.3","","59","","","","13","","15","","24.1","","99.51","","28","","","","Mostly Cloudy"
"-79.63","43.68","TORONTO INTL A","6158731","2025-06-16 17:00","2025","06","16","17:00","","22.8","","15.8","","64","","","","13","","17","","24.1","","99.43","","27","","","","NA"
"-79.63","43.68","TORONTO INTL A","6158731","2025-06-16 18:00","2025","06","16","18:00","","21.2","","15.1","","67","","","","14","","18","","24.1","","99.43","","25","","","","NA"
"-79.63","43.68","TORONTO INTL A","6158731","2025-06-16 19:00","2025","06","16","19:00","","19.7","","15.1","","74","","","","10","","12","","24.1","","99.42","","","","","","Mainly Clear"
"-79.63","43.68","TORONTO INTL A","6158731","2025-06-16 20:00","2025","06","16","20:00","","19.1","","15.0","","77","","","","13","","9","","24.1","","99.40","","","","","","NA"
"-79.63","43.68","TORONTO INTL A","6158731","2025-06-16 21:00","2025","06","16","21:00","","18.2","","14.8","","80","","","","17","","9","","24.1","","99.44","","","","","","NA"
"-79.63","43.68","TORONTO INTL A","6158731","2025-06-16 22:00","2025","06","16","22:00","","17.9","","14.8","","82","","","","16","","4","","24.1","","99.42","","","","","","Clear"
"-79.63","43.68","TORONTO INTL A","6158731","2025-06-16 23:00","2025","06","16","23:00","","18.0","","15.0","","82","","","","4","","3","","24.1","","99.38","","","","","","NA"
"-79.63","43.68","TORONTO INTL A","6158731","2025-06-17 00:00","2025","06","17","00:00","","18.1","","14.8","","81","","","","6","","5","","24.1","","99.39","","","","","","NA"
"-79.63","43.68","TORONTO INTL A","6158731","2025-06-17 01:00","2025","06","17","01:00","","18.4","","15.0","","80","","","","5","","4","","24.1","","99.37","","","","","","Clear"
"-79.63","43.68","TORONTO INTL A","6158731","2025-06-17 02:00","2025","06","17","02:00","","16.8","","14.2","","84","","","","25","","5","","24.1","","99.34","","","","","","NA"
"-79.63","43.68","TORONTO INTL A","6158731","2025-06-17 03:00","2025","06","17","03:00","","17.6","","14.7","","83","","","","","","0","","24.1","","99.29","","","","","","NA"
"-79.63","43.68","TORONTO INTL A","6158731","2025-06-17 04:00","2025","06","17","04:00","","17.2","","14.8","","85","","","","15","","7","","24.1","","99.29","","","","","","Mainly Clear"
"-79.63","43.68","TORONTO INTL A","6158731","2025-06-17 05:00","2025","06","17","05:00","","16.3","","14.8","","91","","","","16","","7","","16.1","","99.29","","","","","","NA"
"-79.63","43.68","TORONTO INTL A","6158731","2025-06-17 06:00","2025","06","17","06:00","","17.2","","15.3","","89","","","","13","","6","","19.3","","99.29","","","","","","NA"
"-79.63","43.68","TORONTO INTL A","6158731","2025-06-17 07:00","2025","06","17","07:00","","17.9","","15.7","","87","","","","18","","3","","12.9","","99.32","","","","","","Cloudy"
"-79.63","43.68","TORONTO INTL A","6158731","2025-06-17 08:00","2025","06","17","08:00","","19.4","","16.3","","82","","","","14","","6","","16.1","","99.29","","","","","","NA"
"-79.63","43.68","TORONTO INTL A","6158731","2025-06-17 09:00","2025","06","17","09:00","","20.6","","17.0","","80","","","","13","","8","","24.1","","99.21","","26","","","","NA"
"-79.63","43.68","TORONTO INTL A","6158731","2025-06-17 10:00","2025","06","17","10:00","","21.7","","17.4","","76","","","","18","","9","","24.1","","99.20","","27","","","","Mostly Cloudy"
"-79.63","43.68","TORONTO INTL A","6158731","2025-06-17 11:00","2025","06","17","11:00","","22.8","","17.7","","72","","","","17","","12","","24.1","","99.20","","29","","","","NA"
"-79.63","43.68","TORONTO INTL A","6158731","2025-06-17 12:00","2025","06","17","12:00","","24.1","","18.4","","70","","","","15","","13","","24.1","","99.18","","30","","","","NA"
"-79.63","43.68","TORONTO INTL A","6158731","2025-06-17 13:00","2025","06","17","13:00","","24.9","","18.3","","66","","","","17","","16","","24.1","","99.12","","31","","","","Mostly Cloudy"
"-79.63","43.68","TORONTO INTL A","6158731","2025-06-17 14:00","2025","06","17","14:00","","25.1","","17.8","","64","","","","15","","21","","24.1","","99.05","","31","","","","NA"
"-79.63","43.68","TORONTO INTL A","6158731","2025-06-17 15:00","2025","06","17","15:00","","24.5","","17.5","","65","","","","15","","19","","24.1","","98.97","","30","","","","NA"
"-79.63","43.68","TORONTO INTL A","6158731","2025-06-17 16:00","2025","06","17","16:00","","24.4","","17.5","","65","","","","12","","19","","24.1","","98.90","","30","","","","Mainly Clear"
"-79.63","43.68","TORONTO INTL A","6158731","2025-06-17 17:00","2025","06","17","17:00","","24.4","","17.9","","66","","","","14","","13","","24.1","","98.82","","30","","","","NA"
"-79.63","43.68","TORONTO INTL A","6158731","2025-06-17 18:00","2025","06","17","18:00","","23.3","","17.3","","68","","","","15","","15","","24.1","","98.85","","29","","","","NA"
"-79.63","43.68","TORONTO INTL A","6158731","2025-06-17 19:00","2025","06","17","19:00","","22.1","","17.1","","73","","","","14","","14","","24.1","","98.87","","27","","","","Mainly Clear"
"-79.63","43.68","TORONTO INTL A","6158731","2025-06-17 20:00","2025","06","17","20:00","","20.9","","17.0","","78","","","","17","","15","","24.1","","98.85","","26","","","","NA"
"-79.63","43.68","TORONTO INTL A","6158731","2025-06-17 21:00","2025","06","17","21:00","","20.1","","16.9","","82","","","","15","","10","","24.1","","98.88","","25","","","","NA"
"-79.63","43.68","TORONTO INTL A","6158731","2025-06-17 22:00","2025","06","17","22:00","","20.2","","17.1","","82","","","","16","","6","","24.1","","98.92","","26","","","","Mainly Clear"
"-79.63","43.68","TORONTO INTL A","6158731","2025-06-17 23:00","2025","06","17","23:00","","21.6","","18.9","","84","","","","21","","12","","24.1","","98.92","","28","","","","NA"
"-79.63","43.68","TORONTO INTL A","6158731","2025-06-18 00:00","2025","06","18","00:00","","21.9","","19.6","","87","","","","21","","15","","24.1","","98.89","","29","","","","NA"
"-79.63","43.68","TORONTO INTL A","6158731","2025-06-18 01:00","2025","06","18","01:00","","21.3","","19.4","","89","","","","22","","11","","24.1","","98.86","","28","","","","Mainly Clear"
"-79.63","43.68","TORONTO INTL A","6158731","2025-06-18 02:00","2025","06","18","02:00","","21.1","","19.6","","91","","","","22","","9","","24.1","","98.83","","28","","","","NA"
"-79.63","43.68","TORONTO INTL A","6158731","2025-06-18 03:00","2025","06","18","03:00","","20.7","","19.3","","91","","","","28","","7","","19.3","","98.85","","28","","","","NA"
"-79.63","43.68","TORONTO INTL A","6158731","2025-06-18 04:00","2025","06","18","04:00","","20.6","","19.2","","92","","","","27","","5","","16.1","","98.87","","28","","","","Mostly Cloudy"
"-79.63","43.68","TORONTO INTL A","6158731","2025-06-18 05:00","2025","06","18","05:00","","21.8","","19.7","","88","","","","35","","3","","19.3","","98.88","","29","","","","NA"
"-79.63","43.68","TORONTO INTL A","6158731","2025-06-18 06:00","2025","06","18","06:00","","22.4","","20.0","","86","","","","26","","4","","16.1","","98.93","","30","","","","NA"
"-79.63","43.68","TORONTO INTL A","6158731","2025-06-18 07:00","2025","06","18","07:00","","24.1","","20.4","","80","","","","25","","8","","12.9","","98.95","","32","","","","Mostly Cloudy"
"-79.63","43.68","TORONTO INTL A","6158731","2025-06-18 08:00","2025","06","18","08:00","","24.5","","19.8","","75","","","","28","","7","","16.1","","98.96","","32","","","","NA"
"-79.63","43.68","TORONTO INTL A","6158731","2025-06-18 09:00","2025","06","18","09:00","","26.2","","20.2","","69","","","","29","","3","","16.1","","98.96","","34","","","","NA"
"-79.63","43.68","TORONTO INTL A","6158731","2025-06-18 10:00","2025","06","18","10:00","","26.8","","19.7","","64","","","","5","","4","","16.1","","98.97","","34","","","","Mostly Cloudy"
"-79.63","43.68","TORONTO INTL A","6158731","2025-06-18 11:00","2025","06","18","11:00","","26.8","","21.1","","70","","","","13","","11","","16.1","","98.97","","35","","","","NA"
"-79.63","43.68","TORONTO INTL A","6158731","2025-06-18 12:00","2025","06","18","12:00","","24.7","","22.6","","88","","","","11","","7","","12.9","","98.94","","35","","","","NA"
"-79.63","43.68","TORONTO INTL A","6158731","2025-06-18 13:00","2025","06","18","13:00","","25.9","","21.3","","75","","","","","","0","","16.1","","98.97","","35","","","","Mostly Cloudy"
"-79.63","43.68","TORONTO INTL A","6158731","2025-06-18 14:00","2025","06","18","14:00","","24.4","","21.5","","83","","","","16","","11","","9.7","","98.96","","33","","","","Rain Showers,Fog"
"-79.63","43.68","TORONTO INTL A","6158731","2025-06-18 15:00","2025","06","18","15:00","","20.8","","19.4","","92","","","","25","","9","","6.4","","99.09","","28","","","","Moderate Rain Showers,Fog"
"-79.63","43.68","TORONTO INTL A","6158731","2025-06-18 16:00","2025","06","18","16:00","","22.4","","19.1","","82","","","","3","","12","","24.1","","98.91","","29","","","","Cloudy"
"-79.63","43.68","TORONTO INTL A","6158731","2025-06-18 17:00","2025","06","18","17:00","","23.2","","17.8","","71","","","","6","","5","","24.1","","98.83","","29","","","","NA"
"-79.63","43.68","TORONTO INTL A","6158731","2025-06-18 18:00","2025","06","18","18:00","","23.3","","18.7","","75","","","","14","","5","","20.9","","98.82","","30","","","","NA"
"-79.63","43.68","TORONTO INTL A","6158731","2025-06-18 19:00","2025","06","18","19:00","","23.1","","19.2","","78","","","","16","","6","","24.1","","98.86","","30","","","","Cloudy"
"-79.63","43.68","TORONTO INTL A","6158731","2025-06-18 20:00","2025","06","18","20:00","","22.2","","19.5","","84","","","","14","","5","","24.1","","98.84","","29","","","","NA"
"-79.63","43.68","TORONTO INTL A","6158731","2025-06-18 21:00","2025","06","18","21:00","","21.6","","19.2","","86","","","","13","","5","","24.1","","98.80","","29","","","","NA"
"-79.63","43.68","TORONTO INTL A","6158731","2025-06-18 22:00","2025","06","18","22:00","","21.1","","19.2","","89","","","","10","","6","","24.1","","98.77","","28","","","","Mostly Cloudy"
"-79.63","43.68","TORONTO INTL A","6158731","2025-06-18 23:00","2025","06","18","23:00","","20.9","","19.2","","90","","","","16","","8","","24.1","","98.76","","28","","","","NA"
"-79.63","43.68","TORONTO INTL A","6158731","2025-06-19 00:00","2025","06","19","00:00","","19.9","","19.4","","96","","","","11","","7","","24.1","","98.61","","","","","","Rain Showers"
"-79.63","43.68","TORONTO INTL A","6158731","2025-06-19 01:00","2025","06","19","01:00","","19.7","","19.3","","97","","","","15","","11","","24.1","","98.61","","","","","","Rain"
"-79.63","43.68","TORONTO INTL A","6158731","2025-06-19 02:00","2025","06","19","02:00","","19.2","","18.6","","97","","","","13","","9","","24.1","","98.52","","","","","","NA"
"-79.63","43.68","TORONTO INTL A","6158731","2025-06-19 03:00","2025","06","19","03:00","","19.6","","18.7","","95","","","","17","","9","","24.1","","98.50","","","","","","NA"
"-79.63","43.68","TORONTO INTL A","6158731","2025-06-19 04:00","2025","06","19","04:00","","19.2","","18.3","","95","","","","17","","7","","24.1","","98.44","","","","","","Mostly Cloudy"
"-79.63","43.68","TORONTO INTL A","6158731","2025-06-19 05:00","2025","06","19","05:00","","19.7","","18.2","","91","","","","16","","10","","24.1","","98.36","","","","","","NA"
"-79.63","43.68","TORONTO INTL A","6158731","2025-06-19 06:00","2025","06","19","06:00","","19.6","","18.1","","91","","","","15","","14","","24.1","","98.32","","","","","","NA"
"-79.63","43.68","TORONTO INTL A","6158731","2025-06-19 07:00","2025","06","19","07:00","","20.0","","18.1","","89","","","","17","","16","","16.1","","98.28","","26","","","","Drizzle"
"-79.63","43.68","TORONTO INTL A","6158731","2025-06-19 08:00","2025","06","19","08:00","","20.3","","19.0","","92","","","","18","","10","","6.4","","98.21","","27","","","","Rain,Fog"
"-79.63","43.68","TORONTO INTL A","6158731","2025-06-19 09:00","2025","06","19","09:00","","21.2","","18.7","","85","","","","22","","23","","24.1","","98.18","","28","","","","NA"
"-79.63","43.68","TORONTO INTL A","6158731","2025-06-19 10:00","2025","06","19","10:00","","22.6","","18.6","","78","","","","21","","28","","24.1","","98.14","","29","","","","Mostly Cloudy"
"-79.63","43.68","TORONTO INTL A","6158731","2025-06-19 11:00","2025","06","19","11:00","","23.0","","18.2","","74","","","","23","","33","","24.1","","98.12","","29","","","","NA"
"-79.63","43.68","TORONTO INTL A","6158731","2025-06-19 12:00","2025","06","19","12:00","","24.2","","18.3","","69","","","","23","","31","","24.1","","98.07","","30","","","","NA"
"-79.63","43.68","TORONTO INTL A","6158731","2025-06-19 13:00","2025","06","19","13:00","","24.4","","18.7","","70","","","","24","","34","","24.1","","98.00","","31","","","","Mostly Cloudy"
"-79.63","43.68","TORONTO INTL A","6158731","2025-06-19 14:00","2025","06","19","14:00","","20.7","","16.4","","76","","","","28","","42","","24.1","","98.09","","26","","","","Rain Showers"
"-79.63","43.68","TORONTO INTL A","6158731","2025-06-19 15:00","2025","06","19","15:00","","20.9","","14.3","","66","","","","31","","49","","24.1","","98.20","","","","","","NA"
"-79.63","43.68","TORONTO INTL A","6158731","2025-06-19 16:00","2025","06","19","16:00","","20.9","","13.7","","63","","","","31","","49","","24.1","","98.28","","","","","","Cloudy"
"-79.63","43.68","TORONTO INTL A","6158731","2025-06-19 17:00","2025","06","19","17:00","","19.4","","13.5","","68","","","","32","","53","","24.1","","98.38","","","","","","Rain"
"-79.63","43.68","TORONTO INTL A","6158731","2025-06-19 18:00","2025","06","19","18:00","","19.3","","13.1","","67","","","","33","","41","","24.1","","98.52","","","","","","NA"
"-79.63","43.68","TORONTO INTL A","6158731","2025-06-19 19:00","2025","06","19","19:00","","19.4","","13.1","","67","","","","32","","41","","24.1","","98.66","","","","","","Mostly Cloudy"
"-79.63","43.68","TORONTO INTL A","6158731","2025-06-19 20:00","2025","06","19","20:00","","18.8","","12.5","","66","","","","32","","37","","24.1","","98.75","","","","","","NA"
"-79.63","43.68","TORONTO INTL A","6158731","2025-06-19 21:00","2025","06","19","21:00","","18.2","","12.4","","68","","","","31","","30","","24.1","","98.92","","","","","","NA"
"-79.63","43.68","TORONTO INTL A","6158731","2025-06-19 22:00","2025","06","19","22:00","","17.8","","13.0","","73","","","","30","","28","","24.1","","98.99","","","","","","Mostly Cloudy"
"-79.63","43.68","TORONTO INTL A","6158731","2025-06-19 23:00","2025","06","19","23:00","","17.8","","12.9","","73","","","","30","","19","","24.1","","98.99","","","","","","NA"
"-79.63","43.68","TORONTO INTL A","6158731","2025-06-20 00:00","2025","06","20","00:00","","16.5","","13.0","","79","","","","28","","15","","24.1","","99.03","","","","","","NA"
"-79.63","43.68","TORONTO INTL A","6158731","2025-06-20 01:00","2025","06","20","01:00","","15.6","","13.4","","86","","","","27","","17","","24.1","","99.01","","","","","","Mainly Clear"
"-79.63","43.68","TORONTO INTL A","6158731","2025-06-20 02:00","2025","06","20","02:00","","15.1","","13.5","","90","","","","28","","17","","24.1","","99.03","","","","","","NA"
"-79.63","43.68","TORONTO INTL A","6158731","2025-06-20 03:00","2025","06","20","03:00","","15.2","","13.4","","89","","","","33","","13","","24.1","","99.02","","","","","","NA"
"-79.63","43.68","TORONTO INTL A","6158731","2025-06-20 04:00","2025","06","20","04:00","","14.6","","12.8","","89","","","","28","","8","","24.1","","99.08","","","","","","Clear"
"-79.63","43.68","TORONTO INTL A","6158731","2025-06-20 05:00","2025","06","20","05:00","","14.9","","13.1","","89","","","","28","","5","","24.1","","99.16","","","","","","NA"
"-79.63","43.68","TORONTO INTL A","6158731","2025-06-20 06:00","2025","06","20","06:00","","15.8","","13.8","","87","","","","28","","8","","24.1","","99.24","","","","","","NA"
"-79.63","43.68","TORONTO INTL A","6158731","2025-06-20 07:00","2025","06","20","07:00","","17.6","","14.1","","80","","","","31","","21","","24.1","","99.30","","","","","","Mostly Cloudy"
"-79.63","43.68","TORONTO INTL A","6158731","2025-06-20 08:00","2025","06","20","08:00","","19.6","","14.7","","73","","","","30","","14","","24.1","","99.33","","","","","","NA"
"-79.63","43.68","TORONTO INTL A","6158731","2025-06-20 09:00","2025","06","20","09:00","","20.5","","14.3","","67","","","","27","","23","","24.1","","99.36","","","","","","NA"
"-79.63","43.68","TORONTO INTL A","6158731","2025-06-20 10:00","2025","06","20","10:00","","22.9","","14.5","","59","","","","28","","22","","24.1","","99.35","","27","","","","Mostly Cloudy"
"-79.63","43.68","TORONTO INTL A","6158731","2025-06-20 11:00","2025","06","20","11:00","","23.9","","14.4","","55","","","","27","","21","","24.1","","99.32","","28","","","","NA"
"-79.63","43.68","TORONTO INTL A","6158731","2025-06-20 12:00","2025","06","20","12:00","","25.4","","14.3","","50","","","","30","","21","","24.1","","99.30","","29","","","","NA"
"-79.63","43.68","TORONTO INTL A","6158731","2025-06-20 13:00","2025","06","20","13:00","","26.2","","14.2","","47","","","","32","","27","","24.1","","99.26","","30","","","","Mostly Cloudy"
"-79.63","43.68","TORONTO INTL A","6158731","2025-06-20 14:00","2025","06","20","14:00","","26.2","","14.6","","48","","","","29","","23","","24.1","","99.29","","30","","","","NA"
"-79.63","43.68","TORONTO INTL A","6158731","2025-06-20 15:00","2025","06","20","15:00","","25.6","","13.3","","46","","","","29","","24","","24.1","","99.30","","29","","","","NA"
"-79.63","43.68","TORONTO INTL A","6158731","2025-06-20 16:00","2025","06","20","16:00","","25.2","","14.6","","51","","","","24","","18","","24.1","","99.29","","29","","","","Mostly Cloudy"
"-79.63","43.68","TORONTO INTL A","6158731","2025-06-20 17:00","2025","06","20","17:00","","25.1","","15.8","","56","","","","26","","29","","24.1","","99.30","","30","","","","NA"
"-79.63","43.68","TORONTO INTL A","6158731","2025-06-20 18:00","2025","06","20","18:00","","24.6","","15.6","","57","","","","26","","24","","24.1","","99.38","","29","","","","NA"
"-79.63","43.68","TORONTO INTL A","6158731","2025-06-20 19:00","2025","06","20","19:00","","22.9","","14.8","","60","","","","26","","25","","24.1","","99.39","","27","","","","Mostly Cloudy"
"-79.63","43.68","TORONTO INTL A","6158731","2025-06-20 20:00","2025","06","20","20:00","","21.9","","15.1","","65","","","","27","","24","","24.1","","99.45","","26","","","","NA"
"-79.63","43.68","TORONTO INTL A","6158731","2025-06-20 21:00","2025","06","20","21:00","","21.6","","15.6","","68","","","","29","","12","","24.1","","99.49","","26","","","","NA"
"-79.63","43.68","TORONTO INTL A","6158731","2025-06-20 22:00","2025","06","20","22:00","","20.9","","15.8","","72","","","","28","","9","","24.1","","99.54","","25","","","","Mostly Cloudy"
"-79.63","43.68","TORONTO INTL A","6158731","2025-06-20 23:00","2025","06","20","23:00","","20.8","","16.1","","74","","","","29","","7","","24.1","","99.57","","25","","","","NA"
"-79.63","43.68","TORONTO INTL A","6158731","2025-06-21 00:00","2025","06","21","00:00","","19.6","","16.1","","80","","","","27","","5","","24.1","","99.57","","","","","","NA"
"-79.63","43.68","TORONTO INTL A","6158731","2025-06-21 01:00","2025","06","21","01:00","","20.9","","16.4","","75","","","","","","0","","24.1","","99.60","","26","","","","Mostly Cloudy"
"-79.63","43.68","TORONTO INTL A","6158731","2025-06-21 02:00","2025","06","21","02:00","","20.6","","16.5","","77","","","","15","","5","","24.1","","99.60","","26","","","","NA"
"-79.63","43.68","TORONTO INTL A","6158731","2025-06-21 03:00","2025","06","21","03:00","","20.2","","16.6","","80","","","","13","","8","","24.1","","99.62","","25","","","","NA"
"-79.63","43.68","TORONTO INTL A","6158731","2025-06-21 04:00","2025","06","21","04:00","","18.7","","16.5","","86","","","","16","","10","","24.1","","99.62","","","","","","Mostly Cloudy"
"-79.63","43.68","TORONTO INTL A","6158731","2025-06-21 05:00","2025","06","21","05:00","","18.2","","16.9","","92","","","","12","","9","","9.7","","99.69","","","","","","Fog"
"-79.63","43.68","TORONTO INTL A","6158731","2025-06-21 06:00","2025","06","21","06:00","","18.8","","16.9","","89","","","","13","","8","","16.1","","99.68","","","","","","NA"
"-79.63","43.68","TORONTO INTL A","6158731","2025-06-21 07:00","2025","06","21","07:00","","19.6","","17.0","","85","","","","14","","10","","19.3","","99.69","","","","","","Mostly Cloudy"
"-79.63","43.68","TORONTO INTL A","6158731","2025-06-21 08:00","2025","06","21","08:00","","20.6","","17.1","","80","","","","14","","14","","24.1","","99.66","","26","","","","NA"
"-79.63","43.68","TORONTO INTL A","6158731","2025-06-21 09:00","2025","06","21","09:00","","21.9","","17.7","","77","","","","15","","14","","24.1","","99.64","","28","","","","NA"
"-79.63","43.68","TORONTO INTL A","6158731","2025-06-21 10:00","2025","06","21","10:00","","22.9","","18.2","","75","","","","14","","12","","24.1","","99.67","","29","","","","Mostly Cloudy"
"-79.63","43.68","TORONTO INTL A","6158731","2025-06-21 11:00","2025","06","21","11:00","","23.2","","18.5","","75","","","","15","","16","","24.1","","99.64","","30","","","","NA"
"-79.63","43.68","TORONTO INTL A","6158731","2025-06-21 12:00","2025","06","21","12:00","","24.1","","18.9","","72","","","","13","","13","","24.1","","99.68","","31","","","","NA"
"-79.63","43.68","TORONTO INTL A","6158731","2025-06-21 13:00","2025","06","21","13:00","","24.0","","18.9","","73","","","","17","","17","","19.3","","99.54","","31","","","","Rain Showers"
"-79.63","43.68","TORONTO INTL A","6158731","2025-06-21 14:00","2025","06","21","14:00","","20.9","","17.7","","82","","","","20","","15","","19.3","","99.54","","27","","","","Rain Showers"
"-79.63","43.68","TORONTO INTL A","6158731","2025-06-21 15:00","2025","06","21","15:00","","23.3","","18.4","","74","","","","19","","6","","24.1","","99.52","","30","","","","NA"
"-79.63","43.68","TORONTO INTL A","6158731","2025-06-21 16:00","2025","06","21","16:00","","25.1","","18.9","","68","","","","17","","14","","24.1","","99.32","","32","","","","Mostly Cloudy"
"-79.63","43.68","TORONTO INTL A","6158731","2025-06-21 17:00","2025","06","21","17:00","","24.6","","18.7","","69","","","","16","","19","","24.1","","99.21","","31","","","","NA"
"-79.63","43.68","TORONTO INTL A","6158731","2025-06-21 18:00","2025","06","21","18:00","","25.8","","19.5","","68","","","","19","","12","","24.1","","99.12","","33","","","","NA"
"-79.63","43.68","TORONTO INTL A","6158731","2025-06-21 19:00","2025","06","21","19:00","","28.0","","18.9","","57","","","","21","","25","","24.1","","99.12","","35","","","","Mostly Cloudy"
"-79.63","43.68","TORONTO INTL A","6158731","2025-06-21 20:00","2025","06","21","20:00","","27.8","","18.3","","56","","","","22","","22","","24.1","","99.14","","34","","","","NA"
"-79.63","43.68","TORONTO INTL A","6158731","2025-06-21 21:00","2025","06","21","21:00","","27.4","","18.3","","57","","","","20","","25","","24.1","","99.13","","34","","","","NA"
"-79.63","43.68","TORONTO INTL A","6158731","2025-06-21 22:00","2025","06","21","22:00","","26.8","","18.5","","60","","","","22","","22","","24.1","","99.11","","33","","","","Mainly Clear"
"-79.63","43.68","TORONTO INTL A","6158731","2025-06-21 23:00","2025","06","21","23:00","","26.7","","18.4","","60","","","","22","","28","","24.1","","99.08","","33","","","","NA"
"-79.63","43.68","TORONTO INTL A","6158731","2025-06-22 00:00","2025","06","22","00:00","","26.6","","18.6","","61","","","","22","","20","","24.1","","99.06","","33","","","","NA"
"-79.63","43.68","TORONTO INTL A","6158731","2025-06-22 01:00","2025","06","22","01:00","","26.9","","19.2","","62","","","","22","","26","","24.1","","99.08","","34","","","","Mainly Clear"
"-79.63","43.68","TORONTO INTL A","6158731","2025-06-22 02:00","2025","06","22","02:00","","26.9","","19.9","","65","","","","23","","19","","24.1","","99.17","","34","","","","NA"
"-79.63","43.68","TORONTO INTL A","6158731","2025-06-22 03:00","2025","06","22","03:00","","26.5","","20.3","","68","","","","24","","20","","24.1","","99.19","","34","","","","NA"
"-79.63","43.68","TORONTO INTL A","6158731","2025-06-22 04:00","2025","06","22","04:00","","25.6","","20.1","","71","","","","22","","16","","24.1","","99.24","","33","","","","Mostly Cloudy"
"-79.63","43.68","TORONTO INTL A","6158731","2025-06-22 05:00","2025","06","22","05:00","","24.9","","20.3","","75","","","","22","","17","","24.1","","99.26","","33","","","","NA"
"-79.63","43.68","TORONTO INTL A","6158731","2025-06-22 06:00","2025","06","22","06:00","","25.3","","21.0","","77","","","","24","","22","","24.1","","99.30","","34","","","","NA"
"-79.63","43.68","TORONTO INTL A","6158731","2025-06-22 07:00","2025","06","22","07:00","","26.6","","22.0","","76","","","","25","","32","","24.1","","99.33","","36","","","","Mostly Cloudy"
"-79.63","43.68","TORONTO INTL A","6158731","2025-06-22 08:00","2025","06","22","08:00","","28.1","","23.1","","73","","","","25","","30","","24.1","","99.37","","38","","","","NA"
"-79.63","43.68","TORONTO INTL A","6158731","2025-06-22 09:00","2025","06","22","09:00","","29.8","","23.8","","70","","","","28","","31","","24.1","","99.38","","41","","","","NA"
"-79.63","43.68","TORONTO INTL A","6158731","2025-06-22 10:00","2025","06","22","10:00","","31.6","","24.1","","64","","","","29","","35","","24.1","","99.41","","43","","","","Mainly Clear"
"-79.63","43.68","TORONTO INTL A","6158731","2025-06-22 11:00","2025","06","22","11:00","","32.1","","24.9","","65","","","","27","","27","","24.1","","99.47","","44","","","","NA"
"-79.63","43.68","TORONTO INTL A","6158731","2025-06-22 12:00","2025","06","22","12:00","","32.6","","25.2","","65","","","","29","","15","","24.1","","99.51","","45","","","","NA"
"-79.63","43.68","TORONTO INTL A","6158731","2025-06-22 13:00","2025","06","22","13:00","","32.7","","24.5","","61","","","","27","","22","","24.1","","99.52","","45","","","","Mostly Cloudy"
"-79.63","43.68","TORONTO INTL A","6158731","2025-06-22 14:00","2025","06","22","14:00","","33.6","","24.9","","60","","","","27","","16","","24.1","","99.50","","46","","","","NA"
"-79.63","43.68","TORONTO INTL A","6158731","2025-06-22 15:00","2025","06","22","15:00","","34.2","","24.8","","57","","","","24","","23","","24.1","","99.44","","46","","","","NA"
"-79.63","43.68","TORONTO INTL A","6158731","2025-06-22 16:00","2025","06","22","16:00","","34.5","","23.9","","53","","","","25","","21","","24.1","","99.45","","46","","","","Mainly Clear"
"-79.63","43.68","TORONTO INTL A","6158731","2025-06-22 17:00","2025","06","22","17:00","","34.0","","23.4","","53","","","","25","","24","","24.1","","99.45","","45","","","","NA"
"-79.63","43.68","TORONTO INTL A","6158731","2025-06-22 18:00","2025","06","22","18:00","","33.6","","22.8","","53","","","","24","","21","","24.1","","99.44","","44","","","","NA"
"-79.63","43.68","TORONTO INTL A","6158731","2025-06-22 19:00","2025","06","22","19:00","","32.3","","23.2","","58","","","","25","","18","","24.1","","99.47","","43","","","","Clear"
"-79.63","43.68","TORONTO INTL A","6158731","2025-06-22 20:00","2025","06","22","20:00","","31.1","","24.3","","67","","","","24","","19","","24.1","","99.50","","43","","","","NA"
"-79.63","43.68","TORONTO INTL A","6158731","2025-06-22 21:00","2025","06","22","21:00","","29.7","","23.9","","71","","","","23","","18","","24.1","","99.57","","41","","","","NA"
"-79.63","43.68","TORONTO INTL A","6158731","2025-06-22 22:00","2025","06","22","22:00","","29.1","","23.7","","72","","","","22","","15","","24.1","","99.59","","40","","","","Clear"
"-79.63","43.68","TORONTO INTL A","6158731","2025-06-22 23:00","2025","06","22","23:00","","28.3","","23.2","","73","","","","20","","10","","24.1","","99.59","","39","","","","NA"
"-79.63","43.68","TORONTO INTL A","6158731","2025-06-23 00:00","2025","06","23","00:00","","27.4","","23.0","","76","","","","17","","6","","24.1","","99.57","","38","","","","NA"
"-79.63","43.68","TORONTO INTL A","6158731","2025-06-23 01:00","2025","06","23","01:00","","26.6","","22.6","","78","","","","18","","7","","24.1","","99.55","","36","","","","Clear"
"-79.63","43.68","TORONTO INTL A","6158731","2025-06-23 02:00","2025","06","23","02:00","","24.9","","21.6","","82","","","","15","","6","","24.1","","99.59","","34","","","","NA"
"-79.63","43.68","TORONTO INTL A","6158731","2025-06-23 03:00","2025","06","23","03:00","","23.8","","21.1","","85","","","","15","","5","","24.1","","99.63","","32","","","","NA"
"-79.63","43.68","TORONTO INTL A","6158731","2025-06-23 04:00","2025","06","23","04:00","","23.0","","20.6","","86","","","","15","","6","","24.1","","99.67","","31","","","","Clear"
"-79.63","43.68","TORONTO INTL A","6158731","2025-06-23 05:00","2025","06","23","05:00","","23.1","","20.2","","84","","","","14","","6","","24.1","","99.71","","31","","","","NA"
"-79.63","43.68","TORONTO INTL A","6158731","2025-06-23 06:00","2025","06","23","06:00","","24.7","","21.1","","80","","","","13","","4","","24.1","","99.78","","33","","","","NA"
"-79.63","43.68","TORONTO INTL A","6158731","2025-06-23 07:00","2025","06","23","07:00","","26.9","","22.7","","77","","","","16","","9","","24.1","","99.79","","37","","","","Clear"
"-79.63","43.68","TORONTO INTL A","6158731","2025-06-23 08:00","2025","06","23","08:00","","28.4","","22.7","","71","","","","19","","11","","24.1","","99.79","","38","","","","NA"
"-79.63","43.68","TORONTO INTL A","6158731","2025-06-23 09:00","2025","06","23","09:00","","31.1","","23.6","","64","","","","25","","27","","24.1","","99.76","","42","","","","NA"
"-79.63","43.68","TORONTO INTL A","6158731","2025-06-23 10:00","2025","06","23","10:00","","32.0","","22.9","","58","","","","27","","21","","24.1","","99.77","","42","","","","Mainly Clear"
"-79.63","43.68","TORONTO INTL A","6158731","2025-06-23 11:00","2025","06","23","11:00","","33.2","","22.7","","54","","","","28","","23","","24.1","","99.77","","43","","","","NA"
"-79.63","43.68","TORONTO INTL A","6158731","2025-06-23 12:00","2025","06","23","12:00","","34.4","","21.6","","46","","","","25","","28","","24.1","","99.76","","43","","","","NA"
"-79.63","43.68","TORONTO INTL A","6158731","2025-06-23 13:00","2025","06","23","13:00","","34.8","","21.5","","45","","","","26","","22","","24.1","","99.68","","44","","","","Mainly Clear"
"-79.63","43.68","TORONTO INTL A","6158731","2025-06-23 14:00","2025","06","23","14:00","","35.2","","20.6","","42","","","","25","","28","","24.1","","99.63","","43","","","","NA"
"-79.63","43.68","TORONTO INTL A","6158731","2025-06-23 15:00","2025","06","23","15:00","","35.7","","19.1","","37","","","","26","","27","","24.1","","99.59","","43","","","","NA"
"-79.63","43.68","TORONTO INTL A","6158731","2025-06-23 16:00","2025","06","23","16:00","","35.8","","20.2","","39","","","","25","","22","","24.1","","99.53","","44","","","","Clear"
"-79.63","43.68","TORONTO INTL A","6158731","2025-06-23 17:00","2025","06","23","17:00","","35.2","","18.3","","36","","","","25","","27","","24.1","","99.52","","41","","","","NA"
"-79.63","43.68","TORONTO INTL A","6158731","2025-06-23 18:00","2025","06","23","18:00","","33.6","","21.7","","49","","","","24","","32","","24.1","","99.54","","43","","","","NA"
"-79.63","43.68","TORONTO INTL A","6158731","2025-06-23 19:00","2025","06","23","19:00","","32.5","","21.7","","52","","","","23","","23","","24.1","","99.57","","42","","","","Clear"
"-79.63","43.68","TORONTO INTL A","6158731","2025-06-23 20:00","2025","06","23","20:00","","30.9","","21.6","","57","","","","23","","26","","24.1","","99.61","","40","","","","NA"
"-79.63","43.68","TORONTO INTL A","6158731","2025-06-23 21:00","2025","06","23","21:00","","29.6","","21.1","","60","","","","23","","21","","24.1","","99.69","","38","","","","NA"
"-79.63","43.68","TORONTO INTL A","6158731","2025-06-23 22:00","2025","06","23","22:00","","28.7","","21.3","","64","","","","23","","12","","24.1","","99.71","","37","","","","Clear"
"-79.63","43.68","TORONTO INTL A","6158731","2025-06-23 23:00","2025","06","23","23:00","","27.2","","21.3","","70","","","","24","","14","","24.1","","99.74","","36","","","","NA"
"-79.63","43.68","TORONTO INTL A","6158731","2025-06-24 00:00","2025","06","24","00:00","","26.9","","21.3","","71","","","","24","","19","","24.1","","99.69","","36","","","","NA"
"-79.63","43.68","TORONTO INTL A","6158731","2025-06-24 01:00","2025","06","24","01:00","","26.5","","21.0","","71","","","","25","","20","","24.1","","99.73","","35","","","","Clear"
"-79.63","43.68","TORONTO INTL A","6158731","2025-06-24 02:00","2025","06","24","02:00","","25.3","","20.6","","75","","","","26","","14","","24.1","","99.77","","33","","","","NA"
"-79.63","43.68","TORONTO INTL A","6158731","2025-06-24 03:00","2025","06","24","03:00","","25.9","","20.2","","71","","","","28","","15","","24.1","","99.78","","34","","","","NA"
"-79.63","43.68","TORONTO INTL A","6158731","2025-06-24 04:00","2025","06","24","04:00","","25.2","","20.0","","72","","","","26","","14","","24.1","","99.81","","33","","","","Mainly Clear"
"-79.63","43.68","TORONTO INTL A","6158731","2025-06-24 05:00","2025","06","24","05:00","","25.3","","20.0","","72","","","","27","","16","","24.1","","99.83","","33","","","","NA"
"-79.63","43.68","TORONTO INTL A","6158731","2025-06-24 06:00","2025","06","24","06:00","","26.5","","20.6","","69","","","","26","","15","","24.1","","99.86","","35","","","","NA"
"-79.63","43.68","TORONTO INTL A","6158731","2025-06-24 07:00","2025","06","24","07:00","","28.8","","21.3","","63","","","","27","","18","","24.1","","99.87","","37","","","","Clear"
"-79.63","43.68","TORONTO INTL A","6158731","2025-06-24 08:00","2025","06","24","08:00","","30.6","","22.2","","60","","","","27","","21","","24.1","","99.87","","40","","","","NA"
"-79.63","43.68","TORONTO INTL A","6158731","2025-06-24 09:00","2025","06","24","09:00","","31.9","","22.8","","58","","","","26","","23","","24.1","","99.87","","42","","","","NA"
"-79.63","43.68","TORONTO INTL A","6158731","2025-06-24 10:00","2025","06","24","10:00","","32.8","","22.2","","53","","","","26","","24","","24.1","","99.86","","42","","","","Mainly Clear"
"-79.63","43.68","TORONTO INTL A","6158731","2025-06-24 11:00","2025","06","24","11:00","","33.7","","21.5","","48","","","","27","","28","","24.1","","99.84","","43","","","","NA"
"-79.63","43.68","TORONTO INTL A","6158731","2025-06-24 12:00","2025","06","24","12:00","","34.4","","21.8","","47","","","","26","","26","","24.1","","99.83","","44","","","","NA"
"-79.63","43.68","TORONTO INTL A","6158731","2025-06-24 13:00","2025","06","24","13:00","","34.7","","20.8","","44","","","","27","","22","","24.1","","99.81","","43","","","","Mainly Clear"
"-79.63","43.68","TORONTO INTL A","6158731","2025-06-24 14:00","2025","06","24","14:00","","34.0","","21.6","","47","","","","26","","23","","24.1","","99.78","","43","","","","NA"
"-79.63","43.68","TORONTO INTL A","6158731","2025-06-24 15:00","2025","06","24","15:00","","34.8","","20.7","","43","","","","28","","35","","24.1","","99.77","","43","","","","NA"
"-79.63","43.68","TORONTO INTL A","6158731","2025-06-24 16:00","2025","06","24","16:00","","34.3","","20.6","","44","","","","29","","26","","24.1","","99.77","","42","","","","Mostly Cloudy"
"-79.63","43.68","TORONTO INTL A","6158731","2025-06-24 17:00","2025","06","24","17:00","","33.7","","20.4","","45","","","","29","","27","","24.1","","99.75","","42","","","","NA"
"-79.63","43.68","TORONTO INTL A","6158731","2025-06-24 18:00","2025","06","24","18:00","","32.4","","19.6","","46","","","","32","","27","","24.1","","99.78","","40","","","","NA"
"-79.63","43.68","TORONTO INTL A","6158731","2025-06-24 19:00","2025","06","24","19:00","","31.2","","19.1","","48","","","","30","","27","","24.1","","99.82","","38","","","","Mainly Clear"
"-79.63","43.68","TORONTO INTL A","6158731","2025-06-24 20:00","2025","06","24","20:00","","29.9","","17.9","","48","","","","29","","21","","24.1","","99.84","","36","","","","NA"
"-79.63","43.68","TORONTO INTL A","6158731","2025-06-24 21:00","2025","06","24","21:00","","27.4","","20.1","","64","","","","36","","15","","24.1","","99.90","","35","","","","NA"
"-79.63","43.68","TORONTO INTL A","6158731","2025-06-24 22:00","2025","06","24","22:00","","26.4","","19.9","","67","","","","1","","12","","24.1","","99.89","","34","","","","Mostly Cloudy"
"-79.63","43.68","TORONTO INTL A","6158731","2025-06-24 23:00","2025","06","24","23:00","","26.2","","19.8","","68","","","","33","","8","","24.1","","99.87","","34","","","","NA"
"-79.63","43.68","TORONTO INTL A","6158731","2025-06-25 00:00","2025","06","25","00:00","","26.3","","19.8","","67","","","","31","","8","","24.1","","99.88","","34","","","","NA"
"-79.63","43.68","TORONTO INTL A","6158731","2025-06-25 01:00","2025","06","25","01:00","","26.3","","19.1","","64","","","","32","","14","","24.1","","99.89","","33","","","","Mostly Cloudy"
"-79.63","43.68","TORONTO INTL A","6158731","2025-06-25 02:00","2025","06","25","02:00","","25.5","","18.8","","66","","","","32","","12","","24.1","","99.88","","32","","","","NA"
"-79.63","43.68","TORONTO INTL A","6158731","2025-06-25 03:00","2025","06","25","03:00","","24.8","","18.5","","68","","","","31","","11","","24.1","","99.86","","31","","","","NA"
"-79.63","43.68","TORONTO INTL A","6158731","2025-06-25 04:00","2025","06","25","04:00","","24.1","","18.7","","71","","","","35","","10","","24.1","","99.87","","31","","","","Mostly Cloudy"
"-79.63","43.68","TORONTO INTL A","6158731","2025-06-25 05:00","2025","06","25","05:00","","23.6","","18.4","","72","","","","1","","18","","24.1","","99.90","","30","","","","NA"
"-79.63","43.68","TORONTO INTL A","6158731","2025-06-25 06:00","2025","06","25","06:00","","23.1","","16.6","","66","","","","2","","13","","24.1","","99.96","","28","","","","NA"
"-79.63","43.68","TORONTO INTL A","6158731","2025-06-25 07:00","2025","06","25","07:00","","23.5","","16.1","","63","","","","35","","17","","24.1","","99.98","","28","","","","Cloudy"
"-79.63","43.68","TORONTO INTL A","6158731","2025-06-25 08:00","2025","06","25","08:00","","25.0","","15.4","","55","","","","35","","14","","24.1","","99.97","","29","","","","NA"
"-79.63","43.68","TORONTO INTL A","6158731","2025-06-25 09:00","2025","06","25","09:00","","25.5","","16.0","","55","","","","34","","8","","24.1","","99.99","","30","","","","NA"
"-79.63","43.68","TORONTO INTL A","6158731","2025-06-25 10:00","2025","06","25","10:00","","27.0","","18.1","","57","","","","26","","6","","24.1","","99.97","","33","","","","Mostly Cloudy"
"-79.63","43.68","TORONTO INTL A","6158731","2025-06-25 11:00","2025","06","25","11:00","","28.1","","18.2","","54","","","","25","","7","","24.1","","99.95","","34","","","","NA"
"-79.63","43.68","TORONTO INTL A","6158731","2025-06-25 12:00","2025","06","25","12:00","","27.5","","18.4","","57","","","","15","","17","","24.1","","99.94","","34","","","","NA"
"-79.63","43.68","TORONTO INTL A","6158731","2025-06-25 13:00","2025","06","25","13:00","","27.3","","18.9","","60","","","","14","","16","","24.1","","99.91","","34","","","","Mostly Cloudy"
"-79.63","43.68","TORONTO INTL A","6158731","2025-06-25 14:00","2025","06","25","14:00","","28.6","","19.9","","59","","","","14","","11","","24.1","","99.84","","36","","","","NA"
"-79.63","43.68","TORONTO INTL A","6158731","2025-06-25 15:00","2025","06","25","15:00","","29.0","","18.8","","53","","","","13","","7","","24.1","","99.78","","36","","","","NA"
"-79.63","43.68","TORONTO INTL A","6158731","2025-06-25 16:00","2025","06","25","16:00","","28.8","","20.2","","59","","","","17","","14","","24.1","","99.77","","37","","","","Mainly Clear"
"-79.63","43.68","TORONTO INTL A","6158731","2025-06-25 17:00","2025","06","25","17:00","","29.8","","19.6","","54","","","","17","","13","","24.1","","99.71","","37","","","","NA"
"-79.63","43.68","TORONTO INTL A","6158731","2025-06-25 18:00","2025","06","25","18:00","","28.4","","20.5","","62","","","","16","","11","","24.1","","99.69","","36","","","","NA"
"-79.63","43.68","TORONTO INTL A","6158731","2025-06-25 19:00","2025","06","25","19:00","","27.4","","20.0","","63","","","","15","","9","","24.1","","99.72","","35","","","","Mainly Clear"
"-79.63","43.68","TORONTO INTL A","6158731","2025-06-25 20:00","2025","06","25","20:00","","25.7","","19.3","","67","","","","15","","6","","24.1","","99.76","","33","","","","NA"
"-79.63","43.68","TORONTO INTL A","6158731","2025-06-25 21:00","2025","06","25","21:00","","26.4","","18.8","","62","","","","34","","5","","24.1","","99.79","","33","","","","NA"
"-79.63","43.68","TORONTO INTL A","6158731","2025-06-25 22:00","2025","06","25","22:00","","25.0","","16.6","","59","","","","33","","18","","24.1","","99.81","","30","","","","Mostly Cloudy"
"-79.63","43.68","TORONTO INTL A","6158731","2025-06-25 23:00","2025","06","25","23:00","","24.1","","16.0","","60","","","","36","","16","","24.1","","99.77","","29","","","","NA"
"-79.63","43.68","TORONTO INTL A","6158731","2025-06-26 00:00","2025","06","26","00:00","","23.4","","15.3","","60","","","","2","","15","","24.1","","99.76","","28","","","","NA"
"-79.63","43.68","TORONTO INTL A","6158731","2025-06-26 01:00","2025","06","26","01:00","","22.9","","15.7","","63","","","","9","","5","","24.1","","99.82","","27","","","","Mostly Cloudy"
"-79.63","43.68","TORONTO INTL A","6158731","2025-06-26 02:00","2025","06","26","02:00","","23.5","","14.0","","55","","","","12","","23","","24.1","","99.81","","27","","","","NA"
"-79.63","43.68","TORONTO INTL A","6158731","2025-06-26 03:00","2025","06","26","03:00","","20.8","","15.5","","71","","","","13","","13","","24.1","","99.85","","25","","","","Rain"
"-79.63","43.68","TORONTO INTL A","6158731","2025-06-26 04:00","2025","06","26","04:00","","18.5","","13.8","","74","","","","9","","22","","24.1","","99.88","","","","","","Rain"
"-79.63","43.68","TORONTO INTL A","6158731","2025-06-26 05:00","2025","06","26","05:00","","17.8","","12.9","","73","","","","10","","17","","24.1","","99.85","","","","","","Rain"
"-79.63","43.68","TORONTO INTL A","6158731","2025-06-26 06:00","2025","06","26","06:00","","17.9","","12.5","","70","","","","10","","17","","24.1","","99.81","","","","","","NA"
"-79.63","43.68","TORONTO INTL A","6158731","2025-06-26 07:00","2025","06","26","07:00","","19.6","","11.2","","58","","","","10","","14","","24.1","","99.82","","","","","","Cloudy"
"-79.63","43.68","TORONTO INTL A","6158731","2025-06-26 08:00","2025","06","26","08:00","","18.7","","13.6","","72","","","","13","","12","","24.1","","99.86","","","","","","NA"
"-79.63","43.68","TORONTO INTL A","6158731","2025-06-26 09:00","2025","06","26","09:00","","19.1","","13.7","","71","","","","13","","16","","24.1","","99.84","","","","","","NA"
"-79.63","43.68","TORONTO INTL A","6158731","2025-06-26 10:00","2025","06","26","10:00","","19.6","","13.9","","69","","","","10","","8","","24.1","","99.85","","","","","","Cloudy"
"-79.63","43.68","TORONTO INTL A","6158731","2025-06-26 11:00","2025","06","26","11:00","","18.8","","14.1","","74","","","","6","","13","","3.2","","99.93","","","","","","Moderate Rain Showers,Fog"
"-79.63","43.68","TORONTO INTL A","6158731","2025-06-26 12:00","2025","06","26","12:00","","16.6","","13.9","","84","","","","8","","17","","19.3","","99.92","","","","","","Rain"
"-79.63","43.68","TORONTO INTL A","6158731","2025-06-26 13:00","2025","06","26","13:00","","16.9","","13.8","","82","","","","8","","14","","24.1","","99.89","","","","","","Cloudy"
"-79.63","43.68","TORONTO INTL A","6158731","2025-06-26 14:00","2025","06","26","14:00","","16.7","","13.6","","82","","","","6","","12","","24.1","","99.90","","","","","","NA"
"-79.63","43.68","TORONTO INTL A","6158731","2025-06-26 15:00","2025","06","26","15:00","","16.9","","14.0","","83","","","","10","","11","","24.1","","99.92","","","","","","NA"
"-79.63","43.68","TORONTO INTL A","6158731","2025-06-26 16:00","2025","06","26","16:00","","17.1","","13.0","","76","","","","6","","18","","24.1","","99.87","","","","","","Cloudy"
"-79.63","43.68","TORONTO INTL A","6158731","2025-06-26 17:00","2025","06","26","17:00","","17.3","","13.7","","79","","","","8","","10","","24.1","","99.82","","","","","","NA"
"-79.63","43.68","TORONTO INTL A","6158731","2025-06-26 18:00","2025","06","26","18:00","","17.7","","13.0","","74","","","","5","","8","","24.1","","99.84","","","","","","NA"
"-79.63","43.68","TORONTO INTL A","6158731","2025-06-26 19:00","2025","06","26","19:00","","18.5","","10.5","","59","","","","10","","14","","24.1","","99.88","","","","","","Cloudy"
"-79.63","43.68","TORONTO INTL A","6158731","2025-06-26 20:00","2025","06","26","20:00","","18.5","","9.9","","57","","","","9","","13","","24.1","","99.88","","","","","","NA"
"-79.63","43.68","TORONTO INTL A","6158731","2025-06-26 21:00","2025","06","26","21:00","","18.4","","10.5","","60","","","","9","","16","","24.1","","99.89","","","","","","NA"
"-79.63","43.68","TORONTO INTL A","6158731","2025-06-26 22:00","2025","06","26","22:00","","18.5","","11.4","","63","","","","10","","14","","24.1","","99.94","","","","","","Cloudy"
"-79.63","43.68","TORONTO INTL A","6158731","2025-06-26 23:00","2025","06","26","23:00","","18.5","","12.6","","68","","","","9","","18","","24.1","","99.98","","","","","","NA"
"-79.63","43.68","TORONTO INTL A","6158731","2025-06-27 00:00","2025","06","27","00:00","","18.2","","12.2","","68","","","","8","","15","","24.1","","99.94","","","","","","NA"
"-79.63","43.68","TORONTO INTL A","6158731","2025-06-27 01:00","2025","06","27","01:00","","18.0","","12.2","","69","","","","9","","17","","24.1","","99.92","","","","","","Cloudy"
"-79.63","43.68","TORONTO INTL A","6158731","2025-06-27 02:00","2025","06","27","02:00","","17.8","","12.2","","70","","","","9","","20","","24.1","","99.91","","","","","","NA"
"-79.63","43.68","TORONTO INTL A","6158731","2025-06-27 03:00","2025","06","27","03:00","","17.2","","12.9","","75","","","","8","","19","","24.1","","99.86","","","","","","NA"
"-79.63","43.68","TORONTO INTL A","6158731","2025-06-27 04:00","2025","06","27","04:00","","16.5","","13.7","","83","","","","8","","19","","24.1","","99.85","","","","","","Cloudy"
"-79.63","43.68","TORONTO INTL A","6158731","2025-06-27 05:00","2025","06","27","05:00","","16.8","","13.8","","83","","","","9","","11","","24.1","","99.86","","","","","","NA"
"-79.63","43.68","TORONTO INTL A","6158731","2025-06-27 06:00","2025","06","27","06:00","","17.1","","14.1","","82","","","","9","","15","","24.1","","99.85","","","","","","NA"
"-79.63","43.68","TORONTO INTL A","6158731","2025-06-27 07:00","2025","06","27","07:00","","17.4","","14.4","","82","","","","9","","13","","24.1","","99.80","","","","","","Cloudy"
"-79.63","43.68","TORONTO INTL A","6158731","2025-06-27 08:00","2025","06","27","08:00","","17.8","","14.9","","83","","","","8","","16","","24.1","","99.75","","","","","","NA"
"-79.63","43.68","TORONTO INTL A","6158731","2025-06-27 09:00","2025","06","27","09:00","","19.3","","16.0","","81","","","","11","","12","","24.1","","99.76","","","","","","NA"
"-79.63","43.68","TORONTO INTL A","6158731","2025-06-27 10:00","2025","06","27","10:00","","19.6","","16.1","","80","","","","11","","16","","24.1","","99.73","","","","","","Cloudy"
"-79.63","43.68","TORONTO INTL A","6158731","2025-06-27 11:00","2025","06","27","11:00","","20.9","","16.7","","76","","","","9","","12","","24.1","","99.67","","26","","","","NA"
"-79.63","43.68","TORONTO INTL A","6158731","2025-06-27 12:00","2025","06","27","12:00","","21.9","","16.9","","73","","","","9","","16","","24.1","","99.62","","27","","","","NA"
"-79.63","43.68","TORONTO INTL A","6158731","2025-06-27 13:00","2025","06","27","13:00","","23.1","","17.3","","69","","","","10","","14","","24.1","","99.54","","29","","","","Mostly Cloudy"
"-79.63","43.68","TORONTO INTL A","6158731","2025-06-27 14:00","2025","06","27","14:00","","22.8","","18.3","","75","","","","15","","11","","24.1","","99.49","","29","","","","NA"
"-79.63","43.68","TORONTO INTL A","6158731","2025-06-27 15:00","2025","06","27","15:00","","22.2","","18.2","","78","","","","16","","11","","24.1","","99.38","","28","","","","NA"
"-79.63","43.68","TORONTO INTL A","6158731","2025-06-27 16:00","2025","06","27","16:00","","24.4","","19.0","","72","","","","13","","16","","24.1","","99.29","","31","","","","Mainly Clear"
"-79.63","43.68","TORONTO INTL A","6158731","2025-06-27 17:00","2025","06","27","17:00","","24.8","","19.2","","71","","","","14","","10","","24.1","","99.20","","32","","","","NA"
"-79.63","43.68","TORONTO INTL A","6158731","2025-06-27 18:00","2025","06","27","18:00","","22.3","","18.2","","77","","","","14","","17","","19.3","","99.24","","28","","","","NA"
"-79.63","43.68","TORONTO INTL A","6158731","2025-06-27 19:00","2025","06","27","19:00","","20.1","","17.0","","82","","","","16","","11","","19.3","","99.19","","25","","","","Mostly Cloudy"
"-79.63","43.68","TORONTO INTL A","6158731","2025-06-27 20:00","2025","06","27","20:00","","19.4","","17.0","","86","","","","16","","9","","24.1","","99.22","","","","","","NA"
"-79.63","43.68","TORONTO INTL A","6158731","2025-06-27 21:00","2025","06","27","21:00","","20.7","","17.6","","82","","","","9","","4","","24.1","","99.23","","26","","","","NA"
"-79.63","43.68","TORONTO INTL A","6158731","2025-06-27 22:00","2025","06","27","22:00","","23.1","","19.3","","79","","","","25","","9","","24.1","","99.33","","30","","","","Thunderstorms,Rain Showers"
"-79.63","43.68","TORONTO INTL A","6158731","2025-06-27 23:00","2025","06","27","23:00","","21.7","","20.2","","91","","","","19","","17","","12.9","","99.25","","29","","","","Rain Showers"
"-79.63","43.68","TORONTO INTL A","6158731","2025-06-28 00:00","2025","06","28","00:00","","21.9","","20.5","","91","","","","22","","25","","24.1","","99.17","","30","","","","Thunderstorms,Rain Showers"
"-79.63","43.68","TORONTO INTL A","6158731","2025-06-28 01:00","2025","06","28","01:00","","21.8","","20.9","","95","","","","20","","11","","24.1","","99.16","","30","","","","Mostly Cloudy"
"-79.63","43.68","TORONTO INTL A","6158731","2025-06-28 02:00","2025","06","28","02:00","","22.5","","20.8","","90","","","","18","","14","","24.1","","99.07","","31","","","","NA"
"-79.63","43.68","TORONTO INTL A","6158731","2025-06-28 03:00","2025","06","28","03:00","","22.2","","20.9","","92","","","","22","","15","","24.1","","99.05","","31","","","","NA"
"-79.63","43.68","TORONTO INTL A","6158731","2025-06-28 04:00","2025","06","28","04:00","","21.7","","20.9","","95","","","","22","","5","","16.1","","99.08","","30","","","","Mostly Cloudy"
"-79.63","43.68","TORONTO INTL A","6158731","2025-06-28 05:00","2025","06","28","05:00","","22.1","","20.9","","93","","","","20","","7","","16.1","","99.11","","30","","","","NA"
"-79.63","43.68","TORONTO INTL A","6158731","2025-06-28 06:00","2025","06","28","06:00","","23.0","","21.5","","91","","","","22","","9","","24.1","","99.19","","32","","","","NA"
"-79.63","43.68","TORONTO INTL A","6158731","2025-06-28 07:00","2025","06","28","07:00","","24.3","","21.8","","86","","","","22","","13","","24.1","","99.21","","33","","","","Mostly Cloudy"
"-79.63","43.68","TORONTO INTL A","6158731","2025-06-28 08:00","2025","06","28","08:00","","25.6","","21.2","","76","","","","26","","22","","24.1","","99.21","","34","","","","NA"
"-79.63","43.68","TORONTO INTL A","6158731","2025-06-28 09:00","2025","06","28","09:00","","26.0","","19.8","","68","","","","29","","26","","24.1","","99.21","","33","","","","NA"
"-79.63","43.68","TORONTO INTL A","6158731","2025-06-28 10:00","2025","06","28","10:00","","25.5","","19.0","","67","","","","28","","25","","24.1","","99.24","","32","","","","Mainly Clear"
"-79.63","43.68","TORONTO INTL A","6158731","2025-06-28 11:00","2025","06","28","11:00","","25.9","","17.7","","60","","","","27","","30","","24.1","","99.26","","32","","","","NA"
"-79.63","43.68","TORONTO INTL A","6158731","2025-06-28 12:00","2025","06","28","12:00","","26.0","","17.8","","60","","","","30","","29","","24.1","","99.31","","32","","","","NA"
"-79.63","43.68","TORONTO INTL A","6158731","2025-06-28 13:00","2025","06","28","13:00","","25.1","","16.5","","58","","","","28","","34","","24.1","","99.32","","30","","","","Mainly Clear"
"-79.63","43.68","TORONTO INTL A","6158731","2025-06-28 14:00","2025","06","28","14:00","","24.3","","15.5","","58","","","","29","","41","","24.1","","99.34","","29","","","","NA"
"-79.63","43.68","TORONTO INTL A","6158731","2025-06-28 15:00","2025","06","28","15:00","","23.6","","15.2","","59","","","","30","","28","","24.1","","99.35","","28","","","","NA"
"-79.63","43.68","TORONTO INTL A","6158731","2025-06-28 16:00","2025","06","28","16:00","","22.6","","13.8","","57","","","","28","","37","","24.1","","99.35","","26","","","","Mostly Cloudy"
"-79.63","43.68","TORONTO INTL A","6158731","2025-06-28 17:00","2025","06","28","17:00","","22.6","","13.3","","55","","","","31","","35","","24.1","","99.36","","26","","","","NA"
"-79.63","43.68","TORONTO INTL A","6158731","2025-06-28 18:00","2025","06","28","18:00","","22.1","","13.0","","56","","","","30","","27","","24.1","","99.44","","25","","","","NA"
"-79.63","43.68","TORONTO INTL A","6158731","2025-06-28 19:00","2025","06","28","19:00","","21.5","","13.1","","58","","","","30","","16","","24.1","","99.47","","","","","","Mainly Clear"
"-79.63","43.68","TORONTO INTL A","6158731","2025-06-28 20:00","2025","06","28","20:00","","20.8","","13.0","","60","","","","31","","14","","24.1","","99.47","","","","","","NA"
"-79.63","43.68","TORONTO INTL A","6158731","2025-06-28 21:00","2025","06","28","21:00","","20.1","","13.2","","64","","","","30","","14","","24.1","","99.52","","","","","","NA"
"-79.63","43.68","TORONTO INTL A","6158731","2025-06-28 22:00","2025","06","28","22:00","","18.4","","13.3","","72","","","","29","","8","","24.1","","99.56","","","","","","Clear"
"-79.63","43.68","TORONTO INTL A","6158731","2025-06-28 23:00","2025","06","28","23:00","","18.2","","13.6","","74","","","","29","","11","","24.1","","99.59","","","","","","NA"
"-79.63","43.68","TORONTO INTL A","6158731","2025-06-29 00:00","2025","06","29","00:00","","16.9","","13.3","","79","","","","2","","9","","24.1","","99.62","","","","","","NA"
"-79.63","43.68","TORONTO INTL A","6158731","2025-06-29 01:00","2025","06","29","01:00","","16.4","","12.9","","80","","","","1","","8","","24.1","","99.61","","","","","","Clear"
"-79.63","43.68","TORONTO INTL A","6158731","2025-06-29 02:00","2025","06","29","02:00","","16.4","","13.2","","81","","","","35","","8","","24.1","","99.61","","","","","","NA"
"-79.63","43.68","TORONTO INTL A","6158731","2025-06-29 03:00","2025","06","29","03:00","","15.6","","12.9","","83","","","","31","","11","","24.1","","99.62","","","","","","NA"
"-79.63","43.68","TORONTO INTL A","6158731","2025-06-29 04:00","2025","06","29","04:00","","14.4","","12.0","","85","","","","33","","4","","24.1","","99.65","","","","","","Clear"
"-79.63","43.68","TORONTO INTL A","6158731","2025-06-29 05:00","2025","06","29","05:00","","14.9","","12.5","","85","","","","26","","3","","24.1","","99.70","","","","","","NA"
"-79.63","43.68","TORONTO INTL A","6158731","2025-06-29 06:00","2025","06","29","06:00","","16.6","","13.9","","84","","","","","","0","","24.1","","99.72","","","","","","NA"
"-79.63","43.68","TORONTO INTL A","6158731","2025-06-29 07:00","2025","06","29","07:00","","18.9","","12.9","","68","","","","","","0","","24.1","","99.76","","","","","","Clear"
"-79.63","43.68","TORONTO INTL A","6158731","2025-06-29 08:00","2025","06","29","08:00","","20.6","","12.4","","59","","","","9","","5","","24.1","","99.78","","","","","","NA"
"-79.63","43.68","TORONTO INTL A","6158731","2025-06-29 09:00","2025","06","29","09:00","","21.3","","12.7","","58","","","","19","","8","","24.1","","99.78","","","","","","NA"
"-79.63","43.68","TORONTO INTL A","6158731","2025-06-29 10:00","2025","06","29","10:00","","21.9","","13.1","","57","","","","19","","5","","24.1","","99.73","","25","","","","Clear"
"-79.63","43.68","TORONTO INTL A","6158731","2025-06-29 11:00","2025","06","29","11:00","","23.6","","13.0","","51","","","","16","","17","","24.1","","99.74","","26","","","","NA"
"-79.63","43.68","TORONTO INTL A","6158731","2025-06-29 12:00","2025","06","29","12:00","","24.6","","13.7","","50","","","","11","","17","","24.1","","99.73","","28","","","","NA"
"-79.63","43.68","TORONTO INTL A","6158731","2025-06-29 13:00","2025","06","29","13:00","","25.4","","14.3","","50","","","","10","","7","","24.1","","99.67","","29","","","","Clear"
"-79.63","43.68","TORONTO INTL A","6158731","2025-06-29 14:00","2025","06","29","14:00","","25.9","","14.4","","48","","","","17","","12","","24.1","","99.64","","30","","","","NA"
"-79.63","43.68","TORONTO INTL A","6158731","2025-06-29 15:00","2025","06","29","15:00","","26.6","","15.3","","49","","","","16","","12","","24.1","","99.57","","31","","","","NA"
"-79.63","43.68","TORONTO INTL A","6158731","2025-06-29 16:00","2025","06","29","16:00","","26.1","","15.7","","52","","","","15","","17","","24.1","","99.51","","31","","","","Clear"
"-79.63","43.68","TORONTO INTL A","6158731","2025-06-29 17:00","2025","06","29","17:00","","24.5","","15.6","","57","","","","14","","19","","24.1","","99.40","","29","","","","NA"
"-79.63","43.68","TORONTO INTL A","6158731","2025-06-29 18:00","2025","06","29","18:00","","24.5","","16.4","","60","","","","15","","17","","24.1","","99.32","","29","","","","NA"
"-79.63","43.68","TORONTO INTL A","6158731","2025-06-29 19:00","2025","06","29","19:00","","24.3","","16.2","","60","","","","14","","11","","24.1","","99.35","","29","","","","Clear"
"-79.63","43.68","TORONTO INTL A","6158731","2025-06-29 20:00","2025","06","29","20:00","","23.8","","16.5","","63","","","","14","","11","","24.1","","99.40","","29","","","","NA"
"-79.63","43.68","TORONTO INTL A","6158731","2025-06-29 21:00","2025","06","29","21:00","","22.6","","16.4","","68","","","","14","","10","","24.1","","99.45","","27","","","","NA"
"-79.63","43.68","TORONTO INTL A","6158731","2025-06-29 22:00","2025","06","29","22:00","","21.4","","16.1","","72","","","","16","","9","","24.1","","99.47","","26","","","","Clear"
"-79.63","43.68","TORONTO INTL A","6158731","2025-06-29 23:00","2025","06","29","23:00","","20.7","","15.8","","73","","","","14","","8","","24.1","","99.47","","25","","","","NA"
"-79.63","43.68","TORONTO INTL A","6158731","2025-06-30 00:00","2025","06","30","00:00","","20.7","","15.9","","74","","","","6","","3","","24.1","","99.44","","25","","","","NA"
"-79.63","43.68","TORONTO INTL A","6158731","2025-06-30 01:00","2025","06","30","01:00","","20.3","","15.7","","75","","","","9","","5","","24.1","","99.41","","25","","","","Clear"
"-79.63","43.68","TORONTO INTL A","6158731","2025-06-30 02:00","2025","06","30","02:00","","20.1","","16.0","","77","","","","11","","4","","24.1","","99.42","","25","","","","NA"
"-79.63","43.68","TORONTO INTL A","6158731","2025-06-30 03:00","2025","06","30","03:00","","19.1","","15.9","","82","","","","16","","5","","24.1","","99.36","","","","","","NA"
"-79.63","43.68","TORONTO INTL A","6158731","2025-06-30 04:00","2025","06","30","04:00","","18.6","","15.7","","83","","","","14","","5","","24.1","","99.36","","","","","","Clear"
"-79.63","43.68","TORONTO INTL A","6158731","2025-06-30 05:00","2025","06","30","05:00","","18.6","","15.6","","82","","","","","","0","","24.1","","99.36","","","","","","NA"
"-79.63","43.68","TORONTO INTL A","6158731","2025-06-30 06:00","2025","06","30","06:00","","20.3","","15.9","","76","","","","11","","7","","24.1","","99.35","","25","","","","NA"
"-79.63","43.68","TORONTO INTL A","6158731","2025-06-30 07:00","2025","06","30","07:00","","21.9","","16.8","","73","","","","12","","4","","24.1","","99.34","","27","","","","Mainly Clear"
"-79.63","43.68","TORONTO INTL A","6158731","2025-06-30 08:00","2025","06","30","08:00","","23.4","","16.3","","64","","","","10","","6","","24.1","","99.34","","28","","","","NA"
"-79.63","43.68","TORONTO INTL A","6158731","2025-06-30 09:00","2025","06","30","09:00","","24.9","","16.0","","57","","","","14","","12","","24.1","","99.31","","30","","","","NA"
"-79.63","43.68","TORONTO INTL A","6158731","2025-06-30 10:00","2025","06","30","10:00","","25.8","","16.3","","55","","","","15","","11","","24.1","","99.24","","31","","","","Mostly Cloudy"
"-79.63","43.68","TORONTO INTL A","6158731","2025-06-30 11:00","2025","06","30","11:00","","25.8","","17.1","","58","","","","15","","13","","24.1","","99.19","","31","","","","NA"
"-79.63","43.68","TORONTO INTL A","6158731","2025-06-30 12:00","2025","06","30","12:00","","25.3","","17.5","","62","","","","16","","10","","24.1","","99.12","","31","","","","Rain"
"-79.63","43.68","TORONTO INTL A","6158731","2025-06-30 13:00","2025","06","30","13:00","","23.2","","17.1","","68","","","","16","","16","","19.3","","99.14","","29","","","","Cloudy"
"-79.63","43.68","TORONTO INTL A","6158731","2025-06-30 14:00","2025","06","30","14:00","","21.1","","17.7","","81","","","","12","","11","","19.3","","99.06","","27","","","","NA"
"-79.63","43.68","TORONTO INTL A","6158731","2025-06-30 15:00","2025","06","30","15:00","","22.4","","18.2","","77","","","","11","","3","","24.1","","99.04","","29","","","","NA"
"-79.63","43.68","TORONTO INTL A","6158731","2025-06-30 16:00","2025","06","30","16:00","","21.8","","19.3","","86","","","","8","","5","","12.9","","99.00","","29","","","","Rain Showers"
"-79.63","43.68","TORONTO INTL A","6158731","2025-06-30 17:00","2025","06","30","17:00","","21.1","","19.9","","93","","","","15","","9","","8.1","","98.92","","29","","","","Moderate Rain Showers,Fog"
"-79.63","43.68","TORONTO INTL A","6158731","2025-06-30 18:00","2025","06","30","18:00","","21.9","","21.2","","96","","","","15","","8","","12.9","","98.87","","30","","","","NA"
"-79.63","43.68","TORONTO INTL A","6158731","2025-06-30 19:00","2025","06","30","19:00","","21.6","","20.6","","94","","","","14","","13","","12.9","","98.82","","30","","","","Mostly Cloudy"
"-79.63","43.68","TORONTO INTL A","6158731","2025-06-30 20:00","2025","06","30","20:00","","21.3","","20.3","","94","","","","16","","5","","12.9","","98.82","","29","","","","NA"
"-79.63","43.68","TORONTO INTL A","6158731","2025-06-30 21:00","2025","06","30","21:00","","21.4","","20.5","","95","","","","13","","7","","8.1","","98.80","","29","","","","Fog"
"-79.63","43.68","TORONTO INTL A","6158731","2025-06-30 22:00","2025","06","30","22:00","","21.3","","20.4","","95","","","","16","","6","","12.9","","98.77","","29","","","","Cloudy"
"-79.63","43.68","TORONTO INTL A","6158731","2025-06-30 23:00","2025","06","30","23:00","","20.9","","20.2","","96","","","","17","","5","","8.1","","98.74","","29","","","","Fog"
