"Longitude (x)","Latitude (y)","Station Name","Climate ID","Date/Time (LST)","Year","Month","Day","Time (LST)","Flag","Temp (°C)","Temp Flag","Dew Point Temp (°C)","Dew Point Temp Flag","Rel Hum (%)","Rel Hum Flag","Precip. Amount (mm)","Precip. Amount Flag","Wind Dir (10s deg)","Wind Dir Flag","Wind Spd (km/h)","Wind Spd Flag","Visibility (km)","Visibility Flag","Stn Press (kPa)","Stn Press Flag","Hmdx","Hmdx Flag","Wind Chill","Wind Chill Flag","Weather"
"-79.63","43.68","TORONTO INTL A","6158731","2025-08-01 00:00","2025","08","01","00:00","","18.8","","11.6","","63","","","","3","","7","","24.1","","100.33","","","","","","NA"
"-79.63","43.68","TORONTO INTL A","6158731","2025-08-01 01:00","2025","08","01","01:00","","17.1","","11.7","","70","","","","34","","7","","24.1","","100.34","","","","","","Mainly Clear"
"-79.63","43.68","TORONTO INTL A","6158731","2025-08-01 02:00","2025","08","01","02:00","","16.2","","11.8","","75","","","","36","","14","","24.1","","100.32","","","","","","NA"
"-79.63","43.68","TORONTO INTL A","6158731","2025-08-01 03:00","2025","08","01","03:00","","15.8","","11.5","","76","","","","1","","9","","24.1","","100.35","","","","","","NA"
"-79.63","43.68","TORONTO INTL A","6158731","2025-08-01 04:00","2025","08","01","04:00","","16.4","","10.1","","66","","","","5","","7","","24.1","","100.38","","","","","","Clear"
"-79.63","43.68","TORONTO INTL A","6158731","2025-08-01 05:00","2025","08","01","05:00","","15.7","","8.7","","63","","","","4","","11","","24.1","","100.42","","","","","","NA"
"-79.63","43.68","TORONTO INTL A","6158731","2025-08-01 06:00","2025","08","01","06:00","","16.2","","8.3","","59","","","","3","","11","","24.1","","100.48","","","","","","NA"
"-79.63","43.68","TORONTO INTL A","6158731","2025-08-01 07:00","2025","08","01","07:00","","17.2","","10.2","","63","","","","33","","9","","24.1","","100.51","","","","","","Mainly Clear"
"-79.63","43.68","TORONTO INTL A","6158731","2025-08-01 08:00","2025","08","01","08:00","","19.1","","10.0","","55","","","","36","","12","","24.1","","100.54","","","","","","NA"
"-79.63","43.68","TORONTO INTL A","6158731","2025-08-01 09:00","2025","08","01","09:00","","20.9","","8.9","","46","","","","1","","11","","24.1","","100.57","","","","","","NA"
"-79.63","43.68","TORONTO INTL A","6158731","2025-08-01 10:00","2025","08","01","10:00","","22.9","","9.1","","41","","","","1","","14","","24.1","","100.59","","","","","","Mainly Clear"
"-79.63","43.68","TORONTO INTL A","6158731","2025-08-01 11:00","2025","08","01","11:00","","21.7","","7.4","","39","","","","3","","13","","24.1","","100.60","","","","","","NA"
"-79.63","43.68","TORONTO INTL A","6158731","2025-08-01 12:00","2025","08","01","12:00","","22.5","","4.5","","31","","","","36","","7","","24.1","","100.57","","","","","","NA"
"-79.63","43.68","TORONTO INTL A","6158731","2025-08-01 13:00","2025","08","01","13:00","","22.3","","5.9","","34","","","","3","","11","","24.1","","100.58","","","","","","Mostly Cloudy"
"-79.63","43.68","TORONTO INTL A","6158731","2025-08-01 14:00","2025","08","01","14:00","","24.0","","3.3","","26","","","","35","","26","","24.1","","100.57","","","","","","NA"
"-79.63","43.68","TORONTO INTL A","6158731","2025-08-01 15:00","2025","08","01","15:00","","24.2","","4.7","","28","","","","35","","22","","24.1","","100.54","","","","","","NA"
"-79.63","43.68","TORONTO INTL A","6158731","2025-08-01 16:00","2025","08","01","16:00","","24.7","","5.8","","29","","","","36","","19","","24.1","","100.51","","","","","","Mainly Clear"
"-79.63","43.68","TORONTO INTL A","6158731","2025-08-01 17:00","2025","08","01","17:00","","24.1","","4.4","","27","","","","35","","16","","24.1","","100.49","","","","","","NA"
"-79.63","43.68","TORONTO INTL A","6158731","2025-08-01 18:00","2025","08","01","18:00","","23.4","","5.2","","30","","","","36","","14","","24.1","","100.48","","","","","","NA"
"-79.63","43.68","TORONTO INTL A","6158731","2025-08-01 19:00","2025","08","01","19:00","","22.6","","4.8","","31","","","","35","","11","","24.1","","100.48","","","","","","Mainly Clear"
"-79.63","43.68","TORONTO INTL A","6158731","2025-08-01 20:00","2025","08","01","20:00","","21.1","","8.2","","43","","","","35","","15","","24.1","","100.52","","","","","","NA"
"-79.63","43.68","TORONTO INTL A","6158731","2025-08-01 21:00","2025","08","01","21:00","","20.1","","8.6","","47","","","","34","","26","","24.1","","100.59","","","","","","NA"
"-79.63","43.68","TORONTO INTL A","6158731","2025-08-01 22:00","2025","08","01","22:00","","18.8","","9.3","","54","","","","36","","19","","24.1","","100.60","","","","","","Clear"
"-79.63","43.68","TORONTO INTL A","6158731","2025-08-01 23:00","2025","08","01","23:00","","17.7","","9.6","","58","","","","35","","15","","24.1","","100.60","","","","","","NA"
"-79.63","43.68","TORONTO INTL A","6158731","2025-08-02 00:00","2025","08","02","00:00","","17.0","","9.5","","61","","","","35","","13","","24.1","","100.62","","","","","","NA"
"-79.63","43.68","TORONTO INTL A","6158731","2025-08-02 01:00","2025","08","02","01:00","","16.6","","9.2","","62","","","","33","","12","","24.1","","100.60","","","","","","Clear"
"-79.63","43.68","TORONTO INTL A","6158731","2025-08-02 02:00","2025","08","02","02:00","","15.9","","8.9","","63","","","","34","","13","","24.1","","100.59","","","","","","NA"
"-79.63","43.68","TORONTO INTL A","6158731","2025-08-02 03:00","2025","08","02","03:00","","15.0","","8.9","","67","","","","36","","7","","24.1","","100.59","","","","","","NA"
"-79.63","43.68","TORONTO INTL A","6158731","2025-08-02 04:00","2025","08","02","04:00","","14.9","","8.9","","67","","","","34","","7","","24.1","","100.60","","","","","","Clear"
"-79.63","43.68","TORONTO INTL A","6158731","2025-08-02 05:00","2025","08","02","05:00","","14.5","","9.4","","71","","","","31","","8","","24.1","","100.60","","","","","","NA"
"-79.63","43.68","TORONTO INTL A","6158731","2025-08-02 06:00","2025","08","02","06:00","","15.3","","9.8","","69","","","","30","","8","","24.1","","100.66","","","","","","NA"
"-79.63","43.68","TORONTO INTL A","6158731","2025-08-02 07:00","2025","08","02","07:00","","17.4","","10.6","","64","","","","31","","11","","24.1","","100.68","","","","","","Clear"
"-79.63","43.68","TORONTO INTL A","6158731","2025-08-02 08:00","2025","08","02","08:00","","20.2","","9.8","","51","","","","33","","7","","24.1","","100.66","","","","","","NA"
"-79.63","43.68","TORONTO INTL A","6158731","2025-08-02 09:00","2025","08","02","09:00","","22.5","","8.7","","41","","","","36","","10","","24.1","","100.65","","","","","","NA"
"-79.63","43.68","TORONTO INTL A","6158731","2025-08-02 10:00","2025","08","02","10:00","","23.3","","7.7","","36","","","","34","","8","","24.1","","100.61","","","","","","Clear"
"-79.63","43.68","TORONTO INTL A","6158731","2025-08-02 11:00","2025","08","02","11:00","","23.9","","8.6","","37","","","","","","0","","24.1","","100.56","","25","","","","NA"
"-79.63","43.68","TORONTO INTL A","6158731","2025-08-02 12:00","2025","08","02","12:00","","25.6","","11.1","","40","","","","17","","3","","24.1","","100.50","","27","","","","NA"
"-79.63","43.68","TORONTO INTL A","6158731","2025-08-02 13:00","2025","08","02","13:00","","25.1","","6.3","","29","","","","21","","4","","24.1","","100.44","","25","","","","Mainly Clear"
"-79.63","43.68","TORONTO INTL A","6158731","2025-08-02 14:00","2025","08","02","14:00","","25.0","","9.5","","37","","","","15","","21","","24.1","","100.39","","26","","","","NA"
"-79.63","43.68","TORONTO INTL A","6158731","2025-08-02 15:00","2025","08","02","15:00","","26.2","","8.5","","32","","","","1","","17","","19.3","","100.33","","27","","","","NA"
"-79.63","43.68","TORONTO INTL A","6158731","2025-08-02 16:00","2025","08","02","16:00","","26.5","","8.6","","32","","","","32","","16","","19.3","","100.28","","27","","","","Clear"
"-79.63","43.68","TORONTO INTL A","6158731","2025-08-02 17:00","2025","08","02","17:00","","26.2","","9.0","","33","","","","29","","19","","16.1","","100.23","","27","","","","NA"
"-79.63","43.68","TORONTO INTL A","6158731","2025-08-02 18:00","2025","08","02","18:00","","25.4","","10.3","","38","","","","30","","13","","19.3","","100.19","","27","","","","NA"
"-79.63","43.68","TORONTO INTL A","6158731","2025-08-02 19:00","2025","08","02","19:00","","24.6","","11.3","","43","","","","31","","16","","16.1","","100.18","","27","","","","Clear"
"-79.63","43.68","TORONTO INTL A","6158731","2025-08-02 20:00","2025","08","02","20:00","","23.2","","12.4","","50","","","","29","","15","","16.1","","100.21","","26","","","","NA"
"-79.63","43.68","TORONTO INTL A","6158731","2025-08-02 21:00","2025","08","02","21:00","","22.4","","12.9","","54","","","","29","","13","","24.1","","100.23","","25","","","","NA"
"-79.63","43.68","TORONTO INTL A","6158731","2025-08-02 22:00","2025","08","02","22:00","","21.4","","12.7","","57","","","","29","","13","","24.1","","100.23","","","","","","Clear"
"-79.63","43.68","TORONTO INTL A","6158731","2025-08-02 23:00","2025","08","02","23:00","","20.6","","12.6","","60","","","","30","","14","","24.1","","100.24","","","","","","NA"
"-79.63","43.68","TORONTO INTL A","6158731","2025-08-03 00:00","2025","08","03","00:00","","19.9","","12.5","","62","","","","30","","11","","24.1","","100.23","","","","","","NA"
"-79.63","43.68","TORONTO INTL A","6158731","2025-08-03 01:00","2025","08","03","01:00","","17.9","","12.3","","69","","","","27","","13","","24.1","","100.21","","","","","","Clear"
"-79.63","43.68","TORONTO INTL A","6158731","2025-08-03 02:00","2025","08","03","02:00","","18.7","","12.3","","66","","","","31","","9","","24.1","","100.17","","","","","","NA"
"-79.63","43.68","TORONTO INTL A","6158731","2025-08-03 03:00","2025","08","03","03:00","","17.5","","12.0","","70","","","","28","","6","","24.1","","100.17","","","","","","NA"
"-79.63","43.68","TORONTO INTL A","6158731","2025-08-03 04:00","2025","08","03","04:00","","16.5","","11.5","","72","","","","25","","8","","24.1","","100.17","","","","","","Clear"
"-79.63","43.68","TORONTO INTL A","6158731","2025-08-03 05:00","2025","08","03","05:00","","16.4","","11.2","","71","","","","25","","5","","19.3","","100.19","","","","","","NA"
"-79.63","43.68","TORONTO INTL A","6158731","2025-08-03 06:00","2025","08","03","06:00","","17.4","","11.6","","68","","","","29","","11","","12.9","","100.23","","","","","","NA"
"-79.63","43.68","TORONTO INTL A","6158731","2025-08-03 07:00","2025","08","03","07:00","","19.4","","12.4","","64","","","","31","","9","","12.9","","100.24","","","","","","Clear"
"-79.63","43.68","TORONTO INTL A","6158731","2025-08-03 08:00","2025","08","03","08:00","","21.7","","13.8","","60","","","","29","","11","","12.9","","100.21","","25","","","","NA"
"-79.63","43.68","TORONTO INTL A","6158731","2025-08-03 09:00","2025","08","03","09:00","","23.8","","12.8","","50","","","","29","","15","","12.9","","100.20","","26","","","","NA"
"-79.63","43.68","TORONTO INTL A","6158731","2025-08-03 10:00","2025","08","03","10:00","","25.6","","10.7","","39","","","","31","","17","","12.9","","100.16","","27","","","","Mainly Clear"
"-79.63","43.68","TORONTO INTL A","6158731","2025-08-03 11:00","2025","08","03","11:00","","25.8","","13.0","","45","","","","28","","8","","9.7","","100.11","","29","","","","Smoke"
"-79.63","43.68","TORONTO INTL A","6158731","2025-08-03 12:00","2025","08","03","12:00","","27.3","","12.6","","40","","","","35","","7","","9.7","","100.06","","30","","","","Smoke"
"-79.63","43.68","TORONTO INTL A","6158731","2025-08-03 13:00","2025","08","03","13:00","","28.0","","11.7","","36","","","","27","","9","","9.7","","100.02","","30","","","","Smoke"
"-79.63","43.68","TORONTO INTL A","6158731","2025-08-03 14:00","2025","08","03","14:00","","28.6","","11.9","","35","","","","32","","15","","9.7","","99.98","","31","","","","Smoke"
"-79.63","43.68","TORONTO INTL A","6158731","2025-08-03 15:00","2025","08","03","15:00","","28.4","","13.8","","40","","","","1","","12","","9.7","","99.95","","32","","","","Smoke"
"-79.63","43.68","TORONTO INTL A","6158731","2025-08-03 16:00","2025","08","03","16:00","","28.4","","14.2","","41","","","","17","","7","","9.7","","99.94","","32","","","","Smoke"
"-79.63","43.68","TORONTO INTL A","6158731","2025-08-03 17:00","2025","08","03","17:00","","27.5","","13.7","","42","","","","15","","9","","9.7","","99.92","","31","","","","Smoke"
"-79.63","43.68","TORONTO INTL A","6158731","2025-08-03 18:00","2025","08","03","18:00","","27.5","","14.0","","43","","","","36","","14","","9.7","","99.93","","31","","","","Smoke"
"-79.63","43.68","TORONTO INTL A","6158731","2025-08-03 19:00","2025","08","03","19:00","","26.1","","14.7","","49","","","","1","","17","","9.7","","99.95","","30","","","","Smoke"
"-79.63","43.68","TORONTO INTL A","6158731","2025-08-03 20:00","2025","08","03","20:00","","24.7","","14.4","","52","","","","1","","14","","9.7","","99.97","","28","","","","Smoke"
"-79.63","43.68","TORONTO INTL A","6158731","2025-08-03 21:00","2025","08","03","21:00","","24.0","","14.1","","53","","","","36","","12","","9.7","","100.01","","27","","","","Smoke"
"-79.63","43.68","TORONTO INTL A","6158731","2025-08-03 22:00","2025","08","03","22:00","","23.4","","14.3","","56","","","","35","","10","","9.7","","100.00","","27","","","","Smoke"
"-79.63","43.68","TORONTO INTL A","6158731","2025-08-03 23:00","2025","08","03","23:00","","22.2","","14.2","","60","","","","35","","14","","16.1","","100.01","","26","","","","NA"
"-79.63","43.68","TORONTO INTL A","6158731","2025-08-04 00:00","2025","08","04","00:00","","20.6","","13.6","","63","","","","32","","6","","16.1","","100.03","","","","","","NA"
"-79.63","43.68","TORONTO INTL A","6158731","2025-08-04 01:00","2025","08","04","01:00","","19.8","","13.3","","66","","","","34","","11","","16.1","","100.02","","","","","","Clear"
"-79.63","43.68","TORONTO INTL A","6158731","2025-08-04 02:00","2025","08","04","02:00","","18.9","","13.3","","69","","","","34","","11","","16.1","","100.03","","","","","","NA"
"-79.63","43.68","TORONTO INTL A","6158731","2025-08-04 03:00","2025","08","04","03:00","","18.0","","12.7","","71","","","","35","","9","","16.1","","100.02","","","","","","NA"
"-79.63","43.68","TORONTO INTL A","6158731","2025-08-04 04:00","2025","08","04","04:00","","18.5","","12.8","","69","","","","32","","9","","16.1","","100.04","","","","","","Clear"
"-79.63","43.68","TORONTO INTL A","6158731","2025-08-04 05:00","2025","08","04","05:00","","16.3","","12.4","","78","","","","30","","5","","12.9","","100.12","","","","","","NA"
"-79.63","43.68","TORONTO INTL A","6158731","2025-08-04 06:00","2025","08","04","06:00","","17.4","","12.9","","74","","","","28","","9","","9.7","","100.18","","","","","","Smoke"
"-79.63","43.68","TORONTO INTL A","6158731","2025-08-04 07:00","2025","08","04","07:00","","20.1","","12.7","","62","","","","30","","10","","9.7","","100.23","","","","","","Smoke"
"-79.63","43.68","TORONTO INTL A","6158731","2025-08-04 08:00","2025","08","04","08:00","","22.1","","13.9","","59","","","","31","","6","","9.7","","100.22","","25","","","","Smoke"
"-79.63","43.68","TORONTO INTL A","6158731","2025-08-04 09:00","2025","08","04","09:00","","24.5","","14.2","","52","","","","1","","12","","9.7","","100.21","","28","","","","Smoke"
"-79.63","43.68","TORONTO INTL A","6158731","2025-08-04 10:00","2025","08","04","10:00","","26.3","","13.8","","46","","","","1","","9","","12.9","","100.19","","30","","","","Mainly Clear"
"-79.63","43.68","TORONTO INTL A","6158731","2025-08-04 11:00","2025","08","04","11:00","","27.0","","12.0","","39","","","","28","","8","","12.9","","100.19","","29","","","","NA"
"-79.63","43.68","TORONTO INTL A","6158731","2025-08-04 12:00","2025","08","04","12:00","","28.0","","9.7","","31","","","","30","","4","","12.9","","100.15","","29","","","","NA"
"-79.63","43.68","TORONTO INTL A","6158731","2025-08-04 13:00","2025","08","04","13:00","","28.7","","8.7","","28","","","","26","","10","","16.1","","100.10","","29","","","","Mainly Clear"
"-79.63","43.68","TORONTO INTL A","6158731","2025-08-04 14:00","2025","08","04","14:00","","27.9","","12.6","","38","","","","16","","16","","16.1","","100.11","","30","","","","NA"
"-79.63","43.68","TORONTO INTL A","6158731","2025-08-04 15:00","2025","08","04","15:00","","27.5","","13.0","","40","","","","15","","19","","16.1","","100.11","","30","","","","NA"
"-79.63","43.68","TORONTO INTL A","6158731","2025-08-04 16:00","2025","08","04","16:00","","27.3","","12.8","","40","","","","15","","19","","16.1","","100.10","","30","","","","Mostly Cloudy"
"-79.63","43.68","TORONTO INTL A","6158731","2025-08-04 17:00","2025","08","04","17:00","","26.5","","12.2","","41","","","","15","","18","","12.9","","100.10","","29","","","","NA"
"-79.63","43.68","TORONTO INTL A","6158731","2025-08-04 18:00","2025","08","04","18:00","","26.1","","11.3","","39","","","","15","","13","","16.1","","100.09","","28","","","","NA"
"-79.63","43.68","TORONTO INTL A","6158731","2025-08-04 19:00","2025","08","04","19:00","","25.5","","11.5","","41","","","","14","","10","","16.1","","100.11","","28","","","","Mostly Cloudy"
"-79.63","43.68","TORONTO INTL A","6158731","2025-08-04 20:00","2025","08","04","20:00","","24.8","","10.9","","41","","","","15","","6","","19.3","","100.12","","27","","","","NA"
"-79.63","43.68","TORONTO INTL A","6158731","2025-08-04 21:00","2025","08","04","21:00","","24.5","","10.8","","42","","","","","","0","","19.3","","100.20","","26","","","","NA"
"-79.63","43.68","TORONTO INTL A","6158731","2025-08-04 22:00","2025","08","04","22:00","","23.1","","13.7","","55","","","","35","","17","","19.3","","100.25","","26","","","","Mostly Cloudy"
"-79.63","43.68","TORONTO INTL A","6158731","2025-08-04 23:00","2025","08","04","23:00","","22.2","","13.7","","58","","","","36","","15","","19.3","","100.29","","25","","","","NA"
"-79.63","43.68","TORONTO INTL A","6158731","2025-08-05 00:00","2025","08","05","00:00","","21.1","","13.8","","63","","","","35","","14","","19.3","","100.30","","","","","","NA"
"-79.63","43.68","TORONTO INTL A","6158731","2025-08-05 01:00","2025","08","05","01:00","","19.9","","14.3","","70","","","","36","","10","","19.3","","100.30","","","","","","Mostly Cloudy"
"-79.63","43.68","TORONTO INTL A","6158731","2025-08-05 02:00","2025","08","05","02:00","","19.4","","14.4","","72","","","","3","","6","","19.3","","100.33","","","","","","NA"
"-79.63","43.68","TORONTO INTL A","6158731","2025-08-05 03:00","2025","08","05","03:00","","19.1","","14.9","","76","","","","2","","7","","19.3","","100.36","","","","","","NA"
"-79.63","43.68","TORONTO INTL A","6158731","2025-08-05 04:00","2025","08","05","04:00","","19.6","","16.6","","83","","","","5","","7","","19.3","","100.38","","","","","","Mostly Cloudy"
"-79.63","43.68","TORONTO INTL A","6158731","2025-08-05 05:00","2025","08","05","05:00","","20.3","","18.6","","89","","","","8","","8","","12.9","","100.43","","27","","","","NA"
"-79.63","43.68","TORONTO INTL A","6158731","2025-08-05 06:00","2025","08","05","06:00","","20.5","","18.5","","88","","","","8","","13","","9.7","","100.46","","27","","","","Fog"
"-79.63","43.68","TORONTO INTL A","6158731","2025-08-05 07:00","2025","08","05","07:00","","21.1","","18.3","","84","","","","9","","10","","9.7","","100.50","","27","","","","Haze"
"-79.63","43.68","TORONTO INTL A","6158731","2025-08-05 08:00","2025","08","05","08:00","","22.2","","18.0","","77","","","","7","","10","","12.9","","100.55","","28","","","","NA"
"-79.63","43.68","TORONTO INTL A","6158731","2025-08-05 09:00","2025","08","05","09:00","","23.6","","17.6","","69","","","","9","","10","","16.1","","100.57","","29","","","","NA"
"-79.63","43.68","TORONTO INTL A","6158731","2025-08-05 10:00","2025","08","05","10:00","","24.9","","18.0","","65","","","","11","","8","","16.1","","100.57","","31","","","","Mostly Cloudy"
"-79.63","43.68","TORONTO INTL A","6158731","2025-08-05 11:00","2025","08","05","11:00","","26.0","","16.7","","56","","","","12","","10","","16.1","","100.57","","31","","","","NA"
"-79.63","43.68","TORONTO INTL A","6158731","2025-08-05 12:00","2025","08","05","12:00","","","","","","","","","","","","","","","","","","","","","","NA"
"-79.63","43.68","TORONTO INTL A","6158731","2025-08-05 13:00","2025","08","05","13:00","","27.2","","16.4","","51","","","","13","","12","","16.1","","100.52","","32","","","","Mainly Clear"
"-79.63","43.68","TORONTO INTL A","6158731","2025-08-05 14:00","2025","08","05","14:00","","27.9","","15.9","","47","","","","13","","13","","16.1","","100.49","","32","","","","NA"
"-79.63","43.68","TORONTO INTL A","6158731","2025-08-05 15:00","2025","08","05","15:00","","27.9","","14.1","","42","","","","10","","16","","16.1","","100.46","","31","","","","NA"
"-79.63","43.68","TORONTO INTL A","6158731","2025-08-05 16:00","2025","08","05","16:00","","27.6","","14.8","","45","","","","9","","16","","16.1","","100.47","","31","","","","Mainly Clear"
"-79.63","43.68","TORONTO INTL A","6158731","2025-08-05 17:00","2025","08","05","17:00","","27.5","","12.4","","39","","","","9","","19","","16.1","","100.45","","30","","","","NA"
"-79.63","43.68","TORONTO INTL A","6158731","2025-08-05 18:00","2025","08","05","18:00","","26.6","","10.9","","37","","","","9","","13","","19.3","","100.47","","28","","","","NA"
"-79.63","43.68","TORONTO INTL A","6158731","2025-08-05 19:00","2025","08","05","19:00","","25.1","","12.6","","45","","","","11","","14","","19.3","","100.48","","28","","","","Clear"
"-79.63","43.68","TORONTO INTL A","6158731","2025-08-05 20:00","2025","08","05","20:00","","23.9","","14.2","","54","","","","8","","10","","19.3","","100.51","","27","","","","NA"
"-79.63","43.68","TORONTO INTL A","6158731","2025-08-05 21:00","2025","08","05","21:00","","23.2","","15.1","","60","","","","6","","11","","19.3","","100.57","","27","","","","NA"
"-79.63","43.68","TORONTO INTL A","6158731","2025-08-05 22:00","2025","08","05","22:00","","22.9","","16.1","","65","","","","7","","8","","24.1","","100.56","","28","","","","Clear"
"-79.63","43.68","TORONTO INTL A","6158731","2025-08-05 23:00","2025","08","05","23:00","","22.6","","17.6","","73","","","","8","","8","","24.1","","100.59","","28","","","","NA"
"-79.63","43.68","TORONTO INTL A","6158731","2025-08-06 00:00","2025","08","06","00:00","","22.5","","18.0","","75","","","","8","","14","","24.1","","100.62","","29","","","","NA"
"-79.63","43.68","TORONTO INTL A","6158731","2025-08-06 01:00","2025","08","06","01:00","","22.0","","18.0","","78","","","","8","","12","","24.1","","100.61","","28","","","","Clear"
"-79.63","43.68","TORONTO INTL A","6158731","2025-08-06 02:00","2025","08","06","02:00","","21.4","","15.4","","68","","","","8","","12","","24.1","","100.59","","26","","","","NA"
"-79.63","43.68","TORONTO INTL A","6158731","2025-08-06 03:00","2025","08","06","03:00","","21.0","","14.9","","68","","","","8","","14","","24.1","","100.60","","25","","","","NA"
"-79.63","43.68","TORONTO INTL A","6158731","2025-08-06 04:00","2025","08","06","04:00","","20.4","","14.8","","70","","","","4","","10","","24.1","","100.64","","","","","","Mainly Clear"
"-79.63","43.68","TORONTO INTL A","6158731","2025-08-06 05:00","2025","08","06","05:00","","20.7","","14.3","","66","","","","6","","11","","24.1","","100.65","","","","","","NA"
"-79.63","43.68","TORONTO INTL A","6158731","2025-08-06 06:00","2025","08","06","06:00","","20.7","","13.9","","65","","","","6","","8","","19.3","","100.69","","","","","","NA"
"-79.63","43.68","TORONTO INTL A","6158731","2025-08-06 07:00","2025","08","06","07:00","","20.8","","13.7","","64","","","","5","","10","","19.3","","100.72","","","","","","Mostly Cloudy"
"-79.63","43.68","TORONTO INTL A","6158731","2025-08-06 08:00","2025","08","06","08:00","","21.4","","15.3","","68","","","","7","","10","","24.1","","100.78","","26","","","","NA"
"-79.63","43.68","TORONTO INTL A","6158731","2025-08-06 09:00","2025","08","06","09:00","","22.4","","17.4","","73","","","","9","","12","","24.1","","100.77","","28","","","","NA"
"-79.63","43.68","TORONTO INTL A","6158731","2025-08-06 10:00","2025","08","06","10:00","","24.2","","18.5","","70","","","","8","","9","","19.3","","100.78","","31","","","","Mostly Cloudy"
"-79.63","43.68","TORONTO INTL A","6158731","2025-08-06 11:00","2025","08","06","11:00","","23.5","","18.6","","73","","","","13","","13","","16.1","","100.78","","30","","","","NA"
"-79.63","43.68","TORONTO INTL A","6158731","2025-08-06 12:00","2025","08","06","12:00","","24.4","","18.8","","71","","","","10","","15","","16.1","","100.75","","31","","","","NA"
"-79.63","43.68","TORONTO INTL A","6158731","2025-08-06 13:00","2025","08","06","13:00","","25.4","","18.6","","66","","","","10","","14","","19.3","","100.68","","32","","","","Mostly Cloudy"
"-79.63","43.68","TORONTO INTL A","6158731","2025-08-06 14:00","2025","08","06","14:00","","27.0","","17.2","","55","","","","9","","10","","16.1","","100.62","","32","","","","NA"
"-79.63","43.68","TORONTO INTL A","6158731","2025-08-06 15:00","2025","08","06","15:00","","27.7","","17.2","","52","","","","8","","13","","12.9","","100.60","","33","","","","NA"
"-79.63","43.68","TORONTO INTL A","6158731","2025-08-06 16:00","2025","08","06","16:00","","28.0","","16.0","","48","","","","14","","8","","9.7","","100.59","","33","","","","Smoke"
"-79.63","43.68","TORONTO INTL A","6158731","2025-08-06 17:00","2025","08","06","17:00","","27.2","","17.1","","53","","","","12","","13","","12.9","","100.55","","33","","","","NA"
"-79.63","43.68","TORONTO INTL A","6158731","2025-08-06 18:00","2025","08","06","18:00","","26.4","","16.7","","55","","","","10","","10","","12.9","","100.53","","31","","","","NA"
"-79.63","43.68","TORONTO INTL A","6158731","2025-08-06 19:00","2025","08","06","19:00","","23.8","","18.9","","74","","","","12","","16","","16.1","","100.55","","30","","","","Mostly Cloudy"
"-79.63","43.68","TORONTO INTL A","6158731","2025-08-06 20:00","2025","08","06","20:00","","23.4","","18.2","","72","","","","11","","10","","19.3","","100.53","","30","","","","NA"
"-79.63","43.68","TORONTO INTL A","6158731","2025-08-06 21:00","2025","08","06","21:00","","23.6","","18.0","","70","","","","13","","5","","19.3","","100.55","","30","","","","NA"
"-79.63","43.68","TORONTO INTL A","6158731","2025-08-06 22:00","2025","08","06","22:00","","23.4","","17.6","","69","","","","11","","8","","24.1","","100.54","","29","","","","Mainly Clear"
"-79.63","43.68","TORONTO INTL A","6158731","2025-08-06 23:00","2025","08","06","23:00","","22.6","","17.9","","75","","","","11","","8","","24.1","","100.54","","29","","","","NA"
"-79.63","43.68","TORONTO INTL A","6158731","2025-08-07 00:00","2025","08","07","00:00","","22.4","","16.9","","71","","","","11","","6","","24.1","","100.54","","28","","","","NA"
"-79.63","43.68","TORONTO INTL A","6158731","2025-08-07 01:00","2025","08","07","01:00","","22.0","","16.9","","73","","","","10","","5","","24.1","","100.52","","27","","","","Mostly Cloudy"
"-79.63","43.68","TORONTO INTL A","6158731","2025-08-07 02:00","2025","08","07","02:00","","21.4","","17.7","","79","","","","11","","4","","24.1","","100.53","","27","","","","NA"
"-79.63","43.68","TORONTO INTL A","6158731","2025-08-07 03:00","2025","08","07","03:00","","21.0","","18.7","","87","","","","9","","4","","24.1","","100.50","","28","","","","NA"
"-79.63","43.68","TORONTO INTL A","6158731","2025-08-07 04:00","2025","08","07","04:00","","21.1","","19.1","","88","","","","11","","6","","19.3","","100.50","","28","","","","Mainly Clear"
"-79.63","43.68","TORONTO INTL A","6158731","2025-08-07 05:00","2025","08","07","05:00","","21.3","","19.1","","87","","","","14","","5","","19.3","","100.54","","28","","","","NA"
"-79.63","43.68","TORONTO INTL A","6158731","2025-08-07 06:00","2025","08","07","06:00","","21.2","","17.3","","78","","","","","","0","","16.1","","100.58","","27","","","","NA"
"-79.63","43.68","TORONTO INTL A","6158731","2025-08-07 07:00","2025","08","07","07:00","","22.7","","16.6","","68","","","","20","","7","","16.1","","100.58","","28","","","","Mainly Clear"
"-79.63","43.68","TORONTO INTL A","6158731","2025-08-07 08:00","2025","08","07","08:00","","23.6","","16.1","","62","","","","19","","11","","16.1","","100.56","","28","","","","NA"
"-79.63","43.68","TORONTO INTL A","6158731","2025-08-07 09:00","2025","08","07","09:00","","24.1","","16.9","","64","","","","14","","18","","16.1","","100.53","","29","","","","NA"
"-79.63","43.68","TORONTO INTL A","6158731","2025-08-07 10:00","2025","08","07","10:00","","24.4","","16.6","","61","","","","17","","12","","16.1","","100.49","","29","","","","Mainly Clear"
"-79.63","43.68","TORONTO INTL A","6158731","2025-08-07 11:00","2025","08","07","11:00","","25.4","","16.6","","58","","","","14","","13","","16.1","","100.46","","30","","","","NA"
"-79.63","43.68","TORONTO INTL A","6158731","2025-08-07 12:00","2025","08","07","12:00","","26.5","","15.6","","50","","","","16","","14","","16.1","","100.41","","31","","","","NA"
"-79.63","43.68","TORONTO INTL A","6158731","2025-08-07 13:00","2025","08","07","13:00","","26.6","","13.9","","45","","","","15","","14","","16.1","","100.39","","30","","","","Mainly Clear"
"-79.63","43.68","TORONTO INTL A","6158731","2025-08-07 14:00","2025","08","07","14:00","","27.3","","14.9","","46","","","","17","","15","","16.1","","100.33","","31","","","","NA"
"-79.63","43.68","TORONTO INTL A","6158731","2025-08-07 15:00","2025","08","07","15:00","","28.3","","13.2","","39","","","","17","","15","","16.1","","100.28","","31","","","","NA"
"-79.63","43.68","TORONTO INTL A","6158731","2025-08-07 16:00","2025","08","07","16:00","","27.6","","14.2","","43","","","","16","","18","","12.9","","100.23","","31","","","","Mostly Cloudy"
"-79.63","43.68","TORONTO INTL A","6158731","2025-08-07 17:00","2025","08","07","17:00","","26.0","","14.7","","49","","","","16","","16","","12.9","","100.21","","30","","","","NA"
"-79.63","43.68","TORONTO INTL A","6158731","2025-08-07 18:00","2025","08","07","18:00","","25.4","","15.5","","54","","","","12","","13","","12.9","","100.22","","30","","","","NA"
"-79.63","43.68","TORONTO INTL A","6158731","2025-08-07 19:00","2025","08","07","19:00","","23.9","","15.7","","59","","","","13","","10","","16.1","","100.20","","28","","","","Mainly Clear"
"-79.63","43.68","TORONTO INTL A","6158731","2025-08-07 20:00","2025","08","07","20:00","","23.3","","15.6","","62","","","","13","","12","","24.1","","100.19","","28","","","","NA"
"-79.63","43.68","TORONTO INTL A","6158731","2025-08-07 21:00","2025","08","07","21:00","","22.9","","16.6","","67","","","","13","","9","","24.1","","100.20","","28","","","","NA"
"-79.63","43.68","TORONTO INTL A","6158731","2025-08-07 22:00","2025","08","07","22:00","","22.5","","17.6","","74","","","","13","","8","","24.1","","100.20","","28","","","","Mainly Clear"
"-79.63","43.68","TORONTO INTL A","6158731","2025-08-07 23:00","2025","08","07","23:00","","22.2","","18.3","","78","","","","14","","7","","24.1","","100.19","","28","","","","NA"
"-79.63","43.68","TORONTO INTL A","6158731","2025-08-08 00:00","2025","08","08","00:00","","22.1","","18.5","","80","","","","11","","7","","24.1","","100.15","","28","","","","NA"
"-79.63","43.68","TORONTO INTL A","6158731","2025-08-08 01:00","2025","08","08","01:00","","21.5","","18.2","","81","","","","9","","3","","24.1","","100.12","","28","","","","Mainly Clear"
"-79.63","43.68","TORONTO INTL A","6158731","2025-08-08 02:00","2025","08","08","02:00","","21.4","","18.4","","83","","","","10","","8","","24.1","","100.09","","28","","","","NA"
"-79.63","43.68","TORONTO INTL A","6158731","2025-08-08 03:00","2025","08","08","03:00","","21.5","","19.0","","85","","","","17","","6","","24.1","","100.06","","28","","","","NA"
"-79.63","43.68","TORONTO INTL A","6158731","2025-08-08 04:00","2025","08","08","04:00","","21.5","","17.7","","78","","","","21","","8","","24.1","","100.06","","27","","","","Mainly Clear"
"-79.63","43.68","TORONTO INTL A","6158731","2025-08-08 05:00","2025","08","08","05:00","","21.2","","17.4","","79","","","","20","","7","","24.1","","100.10","","27","","","","NA"
"-79.63","43.68","TORONTO INTL A","6158731","2025-08-08 06:00","2025","08","08","06:00","","21.2","","17.4","","78","","","","16","","5","","16.1","","100.10","","27","","","","NA"
"-79.63","43.68","TORONTO INTL A","6158731","2025-08-08 07:00","2025","08","08","07:00","","22.6","","17.5","","73","","","","15","","6","","16.1","","100.14","","28","","","","Mainly Clear"
"-79.63","43.68","TORONTO INTL A","6158731","2025-08-08 08:00","2025","08","08","08:00","","24.2","","17.6","","66","","","","19","","10","","16.1","","100.15","","30","","","","NA"
"-79.63","43.68","TORONTO INTL A","6158731","2025-08-08 09:00","2025","08","08","09:00","","25.1","","18.1","","65","","","","19","","5","","16.1","","100.14","","31","","","","NA"
"-79.63","43.68","TORONTO INTL A","6158731","2025-08-08 10:00","2025","08","08","10:00","","25.6","","18.5","","64","","","","14","","14","","16.1","","100.13","","32","","","","Mostly Cloudy"
"-79.63","43.68","TORONTO INTL A","6158731","2025-08-08 11:00","2025","08","08","11:00","","27.3","","18.4","","58","","","","14","","17","","16.1","","100.07","","34","","","","NA"
"-79.63","43.68","TORONTO INTL A","6158731","2025-08-08 12:00","2025","08","08","12:00","","29.2","","19.2","","54","","","","15","","20","","16.1","","100.06","","36","","","","NA"
"-79.63","43.68","TORONTO INTL A","6158731","2025-08-08 13:00","2025","08","08","13:00","","29.1","","18.9","","53","","","","16","","22","","16.1","","100.03","","36","","","","Mostly Cloudy"
"-79.63","43.68","TORONTO INTL A","6158731","2025-08-08 14:00","2025","08","08","14:00","","28.7","","18.4","","53","","","","15","","17","","19.3","","99.97","","35","","","","NA"
"-79.63","43.68","TORONTO INTL A","6158731","2025-08-08 15:00","2025","08","08","15:00","","28.7","","17.6","","51","","","","14","","22","","16.1","","99.97","","34","","","","NA"
"-79.63","43.68","TORONTO INTL A","6158731","2025-08-08 16:00","2025","08","08","16:00","","28.4","","17.0","","49","","","","16","","18","","16.1","","99.95","","34","","","","Mostly Cloudy"
"-79.63","43.68","TORONTO INTL A","6158731","2025-08-08 17:00","2025","08","08","17:00","","28.6","","16.8","","48","","","","17","","17","","16.1","","99.89","","34","","","","NA"
"-79.63","43.68","TORONTO INTL A","6158731","2025-08-08 18:00","2025","08","08","18:00","","27.9","","16.1","","48","","","","22","","16","","24.1","","99.89","","33","","","","NA"
"-79.63","43.68","TORONTO INTL A","6158731","2025-08-08 19:00","2025","08","08","19:00","","27.3","","16.5","","51","","","","18","","9","","24.1","","99.90","","32","","","","Mostly Cloudy"
"-79.63","43.68","TORONTO INTL A","6158731","2025-08-08 20:00","2025","08","08","20:00","","24.9","","19.5","","72","","","","14","","10","","24.1","","99.89","","32","","","","NA"
"-79.63","43.68","TORONTO INTL A","6158731","2025-08-08 21:00","2025","08","08","21:00","","24.4","","19.5","","74","","","","14","","8","","24.1","","99.95","","32","","","","NA"
"-79.63","43.68","TORONTO INTL A","6158731","2025-08-08 22:00","2025","08","08","22:00","","24.0","","19.3","","75","","","","12","","9","","24.1","","99.99","","31","","","","Mainly Clear"
"-79.63","43.68","TORONTO INTL A","6158731","2025-08-08 23:00","2025","08","08","23:00","","23.8","","19.3","","76","","","","13","","9","","24.1","","99.99","","31","","","","NA"
"-79.63","43.68","TORONTO INTL A","6158731","2025-08-09 00:00","2025","08","09","00:00","","23.6","","19.5","","78","","","","17","","7","","24.1","","100.01","","31","","","","NA"
"-79.63","43.68","TORONTO INTL A","6158731","2025-08-09 01:00","2025","08","09","01:00","","23.1","","19.8","","82","","","","19","","4","","24.1","","100.01","","31","","","","Clear"
"-79.63","43.68","TORONTO INTL A","6158731","2025-08-09 02:00","2025","08","09","02:00","","22.1","","18.8","","81","","","","25","","4","","24.1","","99.99","","29","","","","NA"
"-79.63","43.68","TORONTO INTL A","6158731","2025-08-09 03:00","2025","08","09","03:00","","22.4","","17.6","","74","","","","25","","4","","24.1","","99.99","","28","","","","NA"
"-79.63","43.68","TORONTO INTL A","6158731","2025-08-09 04:00","2025","08","09","04:00","","22.1","","17.7","","76","","","","20","","3","","24.1","","99.99","","28","","","","Clear"
"-79.63","43.68","TORONTO INTL A","6158731","2025-08-09 05:00","2025","08","09","05:00","","22.0","","17.9","","77","","","","","","0","","24.1","","100.04","","28","","","","NA"
"-79.63","43.68","TORONTO INTL A","6158731","2025-08-09 06:00","2025","08","09","06:00","","22.3","","18.4","","78","","","","15","","7","","24.1","","100.06","","29","","","","NA"
"-79.63","43.68","TORONTO INTL A","6158731","2025-08-09 07:00","2025","08","09","07:00","","23.7","","19.2","","76","","","","19","","9","","16.1","","100.11","","31","","","","Mainly Clear"
"-79.63","43.68","TORONTO INTL A","6158731","2025-08-09 08:00","2025","08","09","08:00","","24.9","","19.6","","72","","","","23","","14","","16.1","","100.11","","32","","","","NA"
"-79.63","43.68","TORONTO INTL A","6158731","2025-08-09 09:00","2025","08","09","09:00","","26.7","","19.4","","64","","","","19","","10","","16.1","","100.10","","34","","","","NA"
"-79.63","43.68","TORONTO INTL A","6158731","2025-08-09 10:00","2025","08","09","10:00","","28.8","","19.2","","55","","","","","","0","","19.3","","100.06","","36","","","","Mainly Clear"
"-79.63","43.68","TORONTO INTL A","6158731","2025-08-09 11:00","2025","08","09","11:00","","29.2","","20.4","","59","","","","14","","18","","19.3","","100.02","","37","","","","NA"
"-79.63","43.68","TORONTO INTL A","6158731","2025-08-09 12:00","2025","08","09","12:00","","30.2","","19.6","","52","","","","16","","17","","24.1","","99.96","","37","","","","NA"
"-79.63","43.68","TORONTO INTL A","6158731","2025-08-09 13:00","2025","08","09","13:00","","30.8","","19.6","","51","","","","15","","18","","24.1","","99.92","","38","","","","Mainly Clear"
"-79.63","43.68","TORONTO INTL A","6158731","2025-08-09 14:00","2025","08","09","14:00","","31.2","","18.8","","47","","","","17","","25","","24.1","","99.93","","38","","","","NA"
"-79.63","43.68","TORONTO INTL A","6158731","2025-08-09 15:00","2025","08","09","15:00","","30.9","","18.3","","46","","","","16","","22","","24.1","","99.94","","37","","","","NA"
"-79.63","43.68","TORONTO INTL A","6158731","2025-08-09 16:00","2025","08","09","16:00","","30.8","","18.1","","46","","","","16","","22","","24.1","","99.89","","37","","","","Mainly Clear"
"-79.63","43.68","TORONTO INTL A","6158731","2025-08-09 17:00","2025","08","09","17:00","","32.0","","18.4","","44","","","","21","","18","","24.1","","99.86","","38","","","","NA"
"-79.63","43.68","TORONTO INTL A","6158731","2025-08-09 18:00","2025","08","09","18:00","","30.7","","18.1","","46","","","","24","","24","","24.1","","99.86","","37","","","","NA"
"-79.63","43.68","TORONTO INTL A","6158731","2025-08-09 19:00","2025","08","09","19:00","","29.2","","17.5","","49","","","","24","","17","","24.1","","99.89","","35","","","","Mostly Cloudy"
"-79.63","43.68","TORONTO INTL A","6158731","2025-08-09 20:00","2025","08","09","20:00","","28.8","","17.3","","49","","","","21","","13","","24.1","","99.90","","34","","","","NA"
"-79.63","43.68","TORONTO INTL A","6158731","2025-08-09 21:00","2025","08","09","21:00","","27.2","","17.4","","55","","","","23","","10","","24.1","","99.95","","33","","","","NA"
"-79.63","43.68","TORONTO INTL A","6158731","2025-08-09 22:00","2025","08","09","22:00","","26.7","","17.6","","57","","","","22","","10","","24.1","","99.98","","32","","","","Clear"
"-79.63","43.68","TORONTO INTL A","6158731","2025-08-09 23:00","2025","08","09","23:00","","26.0","","17.3","","58","","","","22","","8","","24.1","","99.98","","31","","","","NA"
"-79.63","43.68","TORONTO INTL A","6158731","2025-08-10 00:00","2025","08","10","00:00","","25.5","","17.4","","60","","","","18","","5","","24.1","","99.94","","31","","","","NA"
"-79.63","43.68","TORONTO INTL A","6158731","2025-08-10 01:00","2025","08","10","01:00","","24.5","","17.4","","64","","","","22","","3","","24.1","","99.98","","30","","","","Clear"
"-79.63","43.68","TORONTO INTL A","6158731","2025-08-10 02:00","2025","08","10","02:00","","23.8","","17.4","","67","","","","21","","10","","24.1","","99.95","","29","","","","NA"
"-79.63","43.68","TORONTO INTL A","6158731","2025-08-10 03:00","2025","08","10","03:00","","22.6","","18.7","","78","","","","22","","8","","24.1","","99.95","","29","","","","NA"
"-79.63","43.68","TORONTO INTL A","6158731","2025-08-10 04:00","2025","08","10","04:00","","22.4","","18.7","","79","","","","22","","8","","24.1","","100.01","","29","","","","Clear"
"-79.63","43.68","TORONTO INTL A","6158731","2025-08-10 05:00","2025","08","10","05:00","","21.2","","18.0","","82","","","","25","","9","","24.1","","100.05","","27","","","","NA"
"-79.63","43.68","TORONTO INTL A","6158731","2025-08-10 06:00","2025","08","10","06:00","","23.2","","18.8","","76","","","","19","","3","","19.3","","100.11","","30","","","","NA"
"-79.63","43.68","TORONTO INTL A","6158731","2025-08-10 07:00","2025","08","10","07:00","","24.7","","19.4","","72","","","","22","","8","","19.3","","100.13","","32","","","","Mainly Clear"
"-79.63","43.68","TORONTO INTL A","6158731","2025-08-10 08:00","2025","08","10","08:00","","26.7","","19.1","","63","","","","20","","8","","19.3","","100.07","","34","","","","NA"
"-79.63","43.68","TORONTO INTL A","6158731","2025-08-10 09:00","2025","08","10","09:00","","27.7","","19.7","","61","","","","15","","9","","19.3","","100.02","","35","","","","NA"
"-79.63","43.68","TORONTO INTL A","6158731","2025-08-10 10:00","2025","08","10","10:00","","28.7","","20.5","","61","","","","13","","14","","24.1","","100.01","","37","","","","Mainly Clear"
"-79.63","43.68","TORONTO INTL A","6158731","2025-08-10 11:00","2025","08","10","11:00","","29.1","","20.5","","59","","","","14","","18","","19.3","","100.00","","37","","","","NA"
"-79.63","43.68","TORONTO INTL A","6158731","2025-08-10 12:00","2025","08","10","12:00","","30.7","","19.8","","52","","","","15","","17","","19.3","","100.00","","38","","","","NA"
"-79.63","43.68","TORONTO INTL A","6158731","2025-08-10 13:00","2025","08","10","13:00","","31.8","","19.7","","48","","","","14","","21","","19.3","","99.99","","39","","","","Mainly Clear"
"-79.63","43.68","TORONTO INTL A","6158731","2025-08-10 14:00","2025","08","10","14:00","","32.0","","19.2","","46","","","","17","","17","","24.1","","99.98","","39","","","","NA"
"-79.63","43.68","TORONTO INTL A","6158731","2025-08-10 15:00","2025","08","10","15:00","","31.3","","18.5","","46","","","","16","","25","","24.1","","99.95","","38","","","","NA"
"-79.63","43.68","TORONTO INTL A","6158731","2025-08-10 16:00","2025","08","10","16:00","","32.0","","18.3","","43","","","","16","","22","","24.1","","99.91","","38","","","","Mainly Clear"
"-79.63","43.68","TORONTO INTL A","6158731","2025-08-10 17:00","2025","08","10","17:00","","31.4","","18.7","","46","","","","16","","20","","24.1","","99.88","","38","","","","NA"
"-79.63","43.68","TORONTO INTL A","6158731","2025-08-10 18:00","2025","08","10","18:00","","30.2","","19.5","","52","","","","16","","19","","24.1","","99.86","","37","","","","NA"
"-79.63","43.68","TORONTO INTL A","6158731","2025-08-10 19:00","2025","08","10","19:00","","29.3","","19.5","","55","","","","17","","11","","24.1","","99.87","","36","","","","Clear"
"-79.63","43.68","TORONTO INTL A","6158731","2025-08-10 20:00","2025","08","10","20:00","","28.5","","17.9","","52","","","","19","","14","","24.1","","99.90","","34","","","","NA"
"-79.63","43.68","TORONTO INTL A","6158731","2025-08-10 21:00","2025","08","10","21:00","","27.6","","17.4","","53","","","","22","","11","","24.1","","99.90","","33","","","","NA"
"-79.63","43.68","TORONTO INTL A","6158731","2025-08-10 22:00","2025","08","10","22:00","","27.1","","16.7","","53","","","","21","","15","","24.1","","99.93","","32","","","","Clear"
"-79.63","43.68","TORONTO INTL A","6158731","2025-08-10 23:00","2025","08","10","23:00","","25.8","","17.0","","58","","","","21","","5","","24.1","","99.92","","31","","","","NA"
"-79.63","43.68","TORONTO INTL A","6158731","2025-08-11 00:00","2025","08","11","00:00","","25.3","","17.2","","60","","","","20","","6","","24.1","","99.92","","31","","","","NA"
"-79.63","43.68","TORONTO INTL A","6158731","2025-08-11 01:00","2025","08","11","01:00","","24.9","","17.3","","62","","","","21","","4","","24.1","","99.90","","30","","","","Clear"
"-79.63","43.68","TORONTO INTL A","6158731","2025-08-11 02:00","2025","08","11","02:00","","22.7","","17.3","","71","","","","26","","11","","24.1","","99.88","","28","","","","NA"
"-79.63","43.68","TORONTO INTL A","6158731","2025-08-11 03:00","2025","08","11","03:00","","22.4","","17.0","","71","","","","27","","5","","24.1","","99.90","","28","","","","NA"
"-79.63","43.68","TORONTO INTL A","6158731","2025-08-11 04:00","2025","08","11","04:00","","22.5","","17.3","","72","","","","","","0","","24.1","","99.92","","28","","","","Clear"
"-79.63","43.68","TORONTO INTL A","6158731","2025-08-11 05:00","2025","08","11","05:00","","23.4","","17.4","","68","","","","12","","7","","24.1","","99.92","","29","","","","NA"
"-79.63","43.68","TORONTO INTL A","6158731","2025-08-11 06:00","2025","08","11","06:00","","23.4","","17.6","","69","","","","15","","5","","24.1","","99.94","","29","","","","NA"
"-79.63","43.68","TORONTO INTL A","6158731","2025-08-11 07:00","2025","08","11","07:00","","24.6","","19.4","","73","","","","14","","9","","24.1","","99.97","","32","","","","Clear"
"-79.63","43.68","TORONTO INTL A","6158731","2025-08-11 08:00","2025","08","11","08:00","","26.6","","19.0","","62","","","","25","","10","","24.1","","99.96","","33","","","","NA"
"-79.63","43.68","TORONTO INTL A","6158731","2025-08-11 09:00","2025","08","11","09:00","","28.6","","18.9","","55","","","","21","","5","","19.3","","99.94","","35","","","","NA"
"-79.63","43.68","TORONTO INTL A","6158731","2025-08-11 10:00","2025","08","11","10:00","","29.9","","18.6","","50","","","","18","","7","","19.3","","99.90","","36","","","","Clear"
"-79.63","43.68","TORONTO INTL A","6158731","2025-08-11 11:00","2025","08","11","11:00","","30.1","","20.2","","55","","","","14","","17","","24.1","","99.87","","38","","","","NA"
"-79.63","43.68","TORONTO INTL A","6158731","2025-08-11 12:00","2025","08","11","12:00","","30.0","","20.2","","55","","","","14","","18","","19.3","","99.86","","38","","","","NA"
"-79.63","43.68","TORONTO INTL A","6158731","2025-08-11 13:00","2025","08","11","13:00","","31.6","","20.0","","50","","","","15","","23","","24.1","","99.80","","39","","","","Mainly Clear"
"-79.63","43.68","TORONTO INTL A","6158731","2025-08-11 14:00","2025","08","11","14:00","","32.3","","19.8","","47","","","","14","","24","","24.1","","99.74","","40","","","","NA"
"-79.63","43.68","TORONTO INTL A","6158731","2025-08-11 15:00","2025","08","11","15:00","","31.1","","19.0","","48","","","","17","","25","","24.1","","99.70","","38","","","","NA"
"-79.63","43.68","TORONTO INTL A","6158731","2025-08-11 16:00","2025","08","11","16:00","","31.8","","18.8","","45","","","","16","","26","","24.1","","99.62","","38","","","","Mainly Clear"
"-79.63","43.68","TORONTO INTL A","6158731","2025-08-11 17:00","2025","08","11","17:00","","32.2","","17.2","","40","","","","18","","19","","24.1","","99.62","","38","","","","NA"
"-79.63","43.68","TORONTO INTL A","6158731","2025-08-11 18:00","2025","08","11","18:00","","31.4","","16.4","","40","","","","19","","19","","24.1","","99.59","","36","","","","NA"
"-79.63","43.68","TORONTO INTL A","6158731","2025-08-11 19:00","2025","08","11","19:00","","30.5","","16.7","","43","","","","21","","15","","24.1","","99.60","","36","","","","Mainly Clear"
"-79.63","43.68","TORONTO INTL A","6158731","2025-08-11 20:00","2025","08","11","20:00","","29.4","","17.1","","47","","","","21","","13","","24.1","","99.62","","35","","","","NA"
"-79.63","43.68","TORONTO INTL A","6158731","2025-08-11 21:00","2025","08","11","21:00","","28.8","","17.1","","49","","","","20","","13","","24.1","","99.62","","34","","","","NA"
"-79.63","43.68","TORONTO INTL A","6158731","2025-08-11 22:00","2025","08","11","22:00","","27.9","","17.5","","52","","","","17","","7","","24.1","","99.61","","34","","","","Mainly Clear"
"-79.63","43.68","TORONTO INTL A","6158731","2025-08-11 23:00","2025","08","11","23:00","","26.8","","17.9","","58","","","","18","","7","","24.1","","99.60","","33","","","","NA"
"-79.63","43.68","TORONTO INTL A","6158731","2025-08-12 00:00","2025","08","12","00:00","","26.2","","18.2","","61","","","","20","","8","","24.1","","99.59","","32","","","","NA"
"-79.63","43.68","TORONTO INTL A","6158731","2025-08-12 01:00","2025","08","12","01:00","","25.4","","18.5","","65","","","","18","","4","","24.1","","99.57","","32","","","","Mostly Cloudy"
"-79.63","43.68","TORONTO INTL A","6158731","2025-08-12 02:00","2025","08","12","02:00","","24.9","","18.6","","68","","","","22","","5","","24.1","","99.56","","31","","","","NA"
"-79.63","43.68","TORONTO INTL A","6158731","2025-08-12 03:00","2025","08","12","03:00","","24.7","","18.9","","70","","","","21","","5","","24.1","","99.57","","31","","","","NA"
"-79.63","43.68","TORONTO INTL A","6158731","2025-08-12 04:00","2025","08","12","04:00","","24.7","","19.1","","70","","","","23","","8","","24.1","","99.58","","32","","","","Mostly Cloudy"
"-79.63","43.68","TORONTO INTL A","6158731","2025-08-12 05:00","2025","08","12","05:00","","24.2","","19.1","","73","","","","26","","8","","24.1","","99.59","","31","","","","NA"
"-79.63","43.68","TORONTO INTL A","6158731","2025-08-12 06:00","2025","08","12","06:00","","24.5","","19.3","","72","","","","25","","11","","24.1","","99.61","","32","","","","NA"
"-79.63","43.68","TORONTO INTL A","6158731","2025-08-12 07:00","2025","08","12","07:00","","26.4","","20.3","","69","","","","24","","9","","24.1","","99.56","","34","","","","Mainly Clear"
"-79.63","43.68","TORONTO INTL A","6158731","2025-08-12 08:00","2025","08","12","08:00","","27.8","","20.7","","65","","","","24","","4","","24.1","","99.55","","36","","","","NA"
"-79.63","43.68","TORONTO INTL A","6158731","2025-08-12 09:00","2025","08","12","09:00","","29.8","","21.2","","59","","","","20","","7","","24.1","","99.51","","38","","","","NA"
"-79.63","43.68","TORONTO INTL A","6158731","2025-08-12 10:00","2025","08","12","10:00","","28.9","","22.0","","66","","","","14","","10","","24.1","","99.50","","38","","","","Mostly Cloudy"
"-79.63","43.68","TORONTO INTL A","6158731","2025-08-12 11:00","2025","08","12","11:00","","29.9","","22.0","","62","","","","13","","16","","24.1","","99.45","","39","","","","NA"
"-79.63","43.68","TORONTO INTL A","6158731","2025-08-12 12:00","2025","08","12","12:00","","32.0","","21.4","","53","","","","22","","16","","24.1","","99.42","","41","","","","NA"
"-79.63","43.68","TORONTO INTL A","6158731","2025-08-12 13:00","2025","08","12","13:00","","33.8","","20.5","","45","","","","23","","19","","24.1","","99.32","","42","","","","Mostly Cloudy"
"-79.63","43.68","TORONTO INTL A","6158731","2025-08-12 14:00","2025","08","12","14:00","","32.2","","20.4","","49","","","","19","","15","","24.1","","99.30","","40","","","","NA"
"-79.63","43.68","TORONTO INTL A","6158731","2025-08-12 15:00","2025","08","12","15:00","","25.7","","22.3","","81","","","","22","","44","","3.2","","99.36","","35","","","","Thunderstorms,Heavy Rain Showers"
"-79.63","43.68","TORONTO INTL A","6158731","2025-08-12 16:00","2025","08","12","16:00","","24.2","","21.8","","86","","","","25","","7","","24.1","","99.36","","33","","","","Rain Showers"
"-79.63","43.68","TORONTO INTL A","6158731","2025-08-12 17:00","2025","08","12","17:00","","27.4","","21.5","","70","","","","21","","12","","24.1","","99.27","","36","","","","NA"
"-79.63","43.68","TORONTO INTL A","6158731","2025-08-12 18:00","2025","08","12","18:00","","27.5","","21.6","","70","","","","27","","13","","24.1","","99.23","","36","","","","NA"
"-79.63","43.68","TORONTO INTL A","6158731","2025-08-12 19:00","2025","08","12","19:00","","26.2","","21.8","","76","","","","25","","9","","24.1","","99.20","","35","","","","Mostly Cloudy"
"-79.63","43.68","TORONTO INTL A","6158731","2025-08-12 20:00","2025","08","12","20:00","","24.9","","21.2","","79","","","","25","","10","","24.1","","99.20","","33","","","","NA"
"-79.63","43.68","TORONTO INTL A","6158731","2025-08-12 21:00","2025","08","12","21:00","","25.9","","20.6","","72","","","","23","","8","","24.1","","99.20","","34","","","","NA"
"-79.63","43.68","TORONTO INTL A","6158731","2025-08-12 22:00","2025","08","12","22:00","","25.8","","21.0","","75","","","","21","","7","","24.1","","99.17","","34","","","","Mostly Cloudy"
"-79.63","43.68","TORONTO INTL A","6158731","2025-08-12 23:00","2025","08","12","23:00","","25.3","","21.2","","78","","","","22","","8","","24.1","","99.10","","34","","","","NA"
"-79.63","43.68","TORONTO INTL A","6158731","2025-08-13 00:00","2025","08","13","00:00","","24.8","","21.1","","79","","","","28","","9","","24.1","","99.12","","33","","","","NA"
"-79.63","43.68","TORONTO INTL A","6158731","2025-08-13 01:00","2025","08","13","01:00","","24.3","","20.2","","77","","","","31","","13","","24.1","","99.13","","32","","","","Mostly Cloudy"
"-79.63","43.68","TORONTO INTL A","6158731","2025-08-13 02:00","2025","08","13","02:00","","23.1","","19.0","","77","","","","28","","18","","19.3","","99.10","","30","","","","Thunderstorms,Rain Showers"
"-79.63","43.68","TORONTO INTL A","6158731","2025-08-13 03:00","2025","08","13","03:00","","21.1","","19.8","","92","","","","28","","9","","24.1","","99.06","","29","","","","NA"
"-79.63","43.68","TORONTO INTL A","6158731","2025-08-13 04:00","2025","08","13","04:00","","21.5","","20.0","","91","","","","22","","5","","24.1","","99.05","","29","","","","Mostly Cloudy"
"-79.63","43.68","TORONTO INTL A","6158731","2025-08-13 05:00","2025","08","13","05:00","","20.9","","19.7","","92","","","","23","","7","","24.1","","99.09","","28","","","","NA"
"-79.63","43.68","TORONTO INTL A","6158731","2025-08-13 06:00","2025","08","13","06:00","","21.4","","19.5","","89","","","","22","","6","","19.3","","99.15","","29","","","","NA"
"-79.63","43.68","TORONTO INTL A","6158731","2025-08-13 07:00","2025","08","13","07:00","","21.7","","19.5","","87","","","","24","","12","","19.3","","99.17","","29","","","","Mostly Cloudy"
"-79.63","43.68","TORONTO INTL A","6158731","2025-08-13 08:00","2025","08","13","08:00","","22.3","","19.9","","86","","","","26","","13","","19.3","","99.16","","30","","","","NA"
"-79.63","43.68","TORONTO INTL A","6158731","2025-08-13 09:00","2025","08","13","09:00","","22.9","","19.8","","82","","","","29","","13","","24.1","","99.16","","30","","","","NA"
"-79.63","43.68","TORONTO INTL A","6158731","2025-08-13 10:00","2025","08","13","10:00","","24.5","","19.8","","75","","","","32","","11","","24.1","","99.16","","32","","","","Mostly Cloudy"
"-79.63","43.68","TORONTO INTL A","6158731","2025-08-13 11:00","2025","08","13","11:00","","26.2","","19.8","","67","","","","31","","14","","24.1","","99.16","","34","","","","NA"
"-79.63","43.68","TORONTO INTL A","6158731","2025-08-13 12:00","2025","08","13","12:00","","27.1","","18.7","","60","","","","30","","4","","24.1","","99.14","","34","","","","NA"
"-79.63","43.68","TORONTO INTL A","6158731","2025-08-13 13:00","2025","08","13","13:00","","28.3","","18.9","","56","","","","24","","12","","24.1","","99.10","","35","","","","Mostly Cloudy"
"-79.63","43.68","TORONTO INTL A","6158731","2025-08-13 14:00","2025","08","13","14:00","","29.6","","18.4","","50","","","","34","","6","","24.1","","99.02","","36","","","","NA"
"-79.63","43.68","TORONTO INTL A","6158731","2025-08-13 15:00","2025","08","13","15:00","","30.1","","17.7","","47","","","","29","","3","","24.1","","98.96","","36","","","","NA"
"-79.63","43.68","TORONTO INTL A","6158731","2025-08-13 16:00","2025","08","13","16:00","","29.4","","17.7","","49","","","","27","","12","","24.1","","98.94","","35","","","","Mostly Cloudy"
"-79.63","43.68","TORONTO INTL A","6158731","2025-08-13 17:00","2025","08","13","17:00","","28.3","","20.4","","62","","","","36","","22","","24.1","","98.96","","36","","","","Rain Showers"
"-79.63","43.68","TORONTO INTL A","6158731","2025-08-13 18:00","2025","08","13","18:00","","27.2","","18.3","","58","","","","1","","27","","24.1","","99.03","","33","","","","NA"
"-79.63","43.68","TORONTO INTL A","6158731","2025-08-13 19:00","2025","08","13","19:00","","25.9","","16.7","","57","","","","36","","31","","24.1","","99.10","","31","","","","Mostly Cloudy"
"-79.63","43.68","TORONTO INTL A","6158731","2025-08-13 20:00","2025","08","13","20:00","","24.7","","14.6","","53","","","","35","","27","","24.1","","99.18","","28","","","","NA"
"-79.63","43.68","TORONTO INTL A","6158731","2025-08-13 21:00","2025","08","13","21:00","","23.4","","13.2","","52","","","","36","","19","","24.1","","99.23","","26","","","","NA"
"-79.63","43.68","TORONTO INTL A","6158731","2025-08-13 22:00","2025","08","13","22:00","","22.5","","13.8","","57","","","","36","","16","","24.1","","99.25","","26","","","","Clear"
"-79.63","43.68","TORONTO INTL A","6158731","2025-08-13 23:00","2025","08","13","23:00","","21.6","","14.5","","63","","","","34","","16","","24.1","","99.26","","25","","","","NA"
"-79.63","43.68","TORONTO INTL A","6158731","2025-08-14 00:00","2025","08","14","00:00","","20.8","","14.2","","65","","","","34","","14","","24.1","","99.31","","","","","","NA"
"-79.63","43.68","TORONTO INTL A","6158731","2025-08-14 01:00","2025","08","14","01:00","","20.0","","14.3","","69","","","","34","","17","","24.1","","99.31","","","","","","Clear"
"-79.63","43.68","TORONTO INTL A","6158731","2025-08-14 02:00","2025","08","14","02:00","","19.5","","15.0","","75","","","","34","","18","","24.1","","99.30","","","","","","NA"
"-79.63","43.68","TORONTO INTL A","6158731","2025-08-14 03:00","2025","08","14","03:00","","19.3","","15.3","","78","","","","35","","21","","24.1","","99.29","","","","","","NA"
"-79.63","43.68","TORONTO INTL A","6158731","2025-08-14 04:00","2025","08","14","04:00","","18.8","","15.2","","79","","","","34","","17","","24.1","","99.33","","","","","","Clear"
"-79.63","43.68","TORONTO INTL A","6158731","2025-08-14 05:00","2025","08","14","05:00","","18.7","","15.4","","81","","","","36","","18","","24.1","","99.38","","","","","","NA"
"-79.63","43.68","TORONTO INTL A","6158731","2025-08-14 06:00","2025","08","14","06:00","","19.4","","16.3","","82","","","","35","","21","","24.1","","99.47","","","","","","NA"
"-79.63","43.68","TORONTO INTL A","6158731","2025-08-14 07:00","2025","08","14","07:00","","20.5","","16.8","","79","","","","36","","14","","24.1","","99.54","","26","","","","Clear"
"-79.63","43.68","TORONTO INTL A","6158731","2025-08-14 08:00","2025","08","14","08:00","","22.4","","16.2","","68","","","","1","","12","","19.3","","99.60","","27","","","","NA"
"-79.63","43.68","TORONTO INTL A","6158731","2025-08-14 09:00","2025","08","14","09:00","","24.2","","15.3","","57","","","","5","","4","","16.1","","99.63","","28","","","","NA"
"-79.63","43.68","TORONTO INTL A","6158731","2025-08-14 10:00","2025","08","14","10:00","","25.4","","15.2","","52","","","","8","","11","","16.1","","99.69","","29","","","","Mainly Clear"
"-79.63","43.68","TORONTO INTL A","6158731","2025-08-14 11:00","2025","08","14","11:00","","26.2","","14.2","","47","","","","9","","8","","16.1","","99.71","","30","","","","NA"
"-79.63","43.68","TORONTO INTL A","6158731","2025-08-14 12:00","2025","08","14","12:00","","27.1","","14.6","","46","","","","13","","17","","16.1","","99.70","","31","","","","NA"
"-79.63","43.68","TORONTO INTL A","6158731","2025-08-14 13:00","2025","08","14","13:00","","26.9","","15.2","","48","","","","15","","15","","16.1","","99.70","","31","","","","Mostly Cloudy"
"-79.63","43.68","TORONTO INTL A","6158731","2025-08-14 14:00","2025","08","14","14:00","","27.0","","15.3","","48","","","","12","","15","","16.1","","99.70","","31","","","","NA"
"-79.63","43.68","TORONTO INTL A","6158731","2025-08-14 15:00","2025","08","14","15:00","","27.3","","16.1","","50","","","","16","","13","","16.1","","99.68","","32","","","","NA"
"-79.63","43.68","TORONTO INTL A","6158731","2025-08-14 16:00","2025","08","14","16:00","","27.0","","15.3","","48","","","","15","","16","","16.1","","99.67","","31","","","","Mainly Clear"
"-79.63","43.68","TORONTO INTL A","6158731","2025-08-14 17:00","2025","08","14","17:00","","26.8","","15.5","","49","","","","15","","10","","19.3","","99.69","","31","","","","NA"
"-79.63","43.68","TORONTO INTL A","6158731","2025-08-14 18:00","2025","08","14","18:00","","26.2","","15.4","","51","","","","15","","11","","24.1","","99.70","","30","","","","NA"
"-79.63","43.68","TORONTO INTL A","6158731","2025-08-14 19:00","2025","08","14","19:00","","25.6","","15.1","","52","","","","15","","7","","24.1","","99.73","","30","","","","Mainly Clear"
"-79.63","43.68","TORONTO INTL A","6158731","2025-08-14 20:00","2025","08","14","20:00","","24.0","","15.3","","58","","","","16","","6","","24.1","","99.77","","28","","","","NA"
"-79.63","43.68","TORONTO INTL A","6158731","2025-08-14 21:00","2025","08","14","21:00","","23.5","","17.9","","70","","","","16","","6","","24.1","","99.83","","29","","","","NA"
"-79.63","43.68","TORONTO INTL A","6158731","2025-08-14 22:00","2025","08","14","22:00","","23.0","","18.5","","75","","","","21","","5","","24.1","","99.87","","29","","","","Clear"
"-79.63","43.68","TORONTO INTL A","6158731","2025-08-14 23:00","2025","08","14","23:00","","22.8","","17.0","","69","","","","","","0","","24.1","","99.88","","28","","","","NA"
"-79.63","43.68","TORONTO INTL A","6158731","2025-08-15 00:00","2025","08","15","00:00","","22.9","","16.2","","66","","","","31","","7","","24.1","","99.91","","28","","","","NA"
"-79.63","43.68","TORONTO INTL A","6158731","2025-08-15 01:00","2025","08","15","01:00","","21.0","","15.3","","69","","","","","","0","","24.1","","99.95","","25","","","","Clear"
"-79.63","43.68","TORONTO INTL A","6158731","2025-08-15 02:00","2025","08","15","02:00","","21.4","","15.5","","69","","","","3","","7","","24.1","","99.95","","26","","","","NA"
"-79.63","43.68","TORONTO INTL A","6158731","2025-08-15 03:00","2025","08","15","03:00","","20.7","","15.7","","72","","","","2","","6","","24.1","","99.98","","25","","","","NA"
"-79.63","43.68","TORONTO INTL A","6158731","2025-08-15 04:00","2025","08","15","04:00","","20.3","","16.4","","78","","","","5","","7","","24.1","","100.00","","25","","","","Clear"
"-79.63","43.68","TORONTO INTL A","6158731","2025-08-15 05:00","2025","08","15","05:00","","20.3","","17.5","","84","","","","6","","7","","24.1","","100.04","","26","","","","NA"
"-79.63","43.68","TORONTO INTL A","6158731","2025-08-15 06:00","2025","08","15","06:00","","20.1","","17.2","","83","","","","6","","6","","24.1","","100.07","","26","","","","NA"
"-79.63","43.68","TORONTO INTL A","6158731","2025-08-15 07:00","2025","08","15","07:00","","22.7","","17.7","","73","","","","9","","7","","24.1","","100.11","","28","","","","Clear"
"-79.63","43.68","TORONTO INTL A","6158731","2025-08-15 08:00","2025","08","15","08:00","","23.8","","17.6","","68","","","","10","","9","","24.1","","100.13","","30","","","","NA"
"-79.63","43.68","TORONTO INTL A","6158731","2025-08-15 09:00","2025","08","15","09:00","","24.9","","15.6","","56","","","","13","","14","","24.1","","100.14","","29","","","","NA"
"-79.63","43.68","TORONTO INTL A","6158731","2025-08-15 10:00","2025","08","15","10:00","","25.9","","16.2","","55","","","","15","","15","","24.1","","100.15","","31","","","","Clear"
"-79.63","43.68","TORONTO INTL A","6158731","2025-08-15 11:00","2025","08","15","11:00","","26.8","","13.3","","43","","","","15","","14","","24.1","","100.14","","30","","","","NA"
"-79.63","43.68","TORONTO INTL A","6158731","2025-08-15 12:00","2025","08","15","12:00","","27.3","","14.5","","45","","","","12","","7","","24.1","","100.13","","31","","","","NA"
"-79.63","43.68","TORONTO INTL A","6158731","2025-08-15 13:00","2025","08","15","13:00","","28.8","","14.7","","41","","","","15","","9","","24.1","","100.09","","33","","","","Mainly Clear"
"-79.63","43.68","TORONTO INTL A","6158731","2025-08-15 14:00","2025","08","15","14:00","","28.7","","13.0","","37","","","","16","","12","","24.1","","100.08","","31","","","","NA"
"-79.63","43.68","TORONTO INTL A","6158731","2025-08-15 15:00","2025","08","15","15:00","","28.9","","13.7","","39","","","","19","","13","","24.1","","100.02","","32","","","","NA"
"-79.63","43.68","TORONTO INTL A","6158731","2025-08-15 16:00","2025","08","15","16:00","","28.8","","13.6","","39","","","","15","","13","","24.1","","100.01","","32","","","","Mainly Clear"
"-79.63","43.68","TORONTO INTL A","6158731","2025-08-15 17:00","2025","08","15","17:00","","27.9","","14.4","","43","","","","13","","17","","24.1","","99.99","","32","","","","NA"
"-79.63","43.68","TORONTO INTL A","6158731","2025-08-15 18:00","2025","08","15","18:00","","26.7","","14.6","","47","","","","13","","14","","24.1","","99.96","","30","","","","NA"
"-79.63","43.68","TORONTO INTL A","6158731","2025-08-15 19:00","2025","08","15","19:00","","25.0","","15.6","","55","","","","12","","14","","24.1","","99.93","","29","","","","Mainly Clear"
"-79.63","43.68","TORONTO INTL A","6158731","2025-08-15 20:00","2025","08","15","20:00","","23.9","","17.6","","67","","","","12","","10","","24.1","","99.95","","30","","","","NA"
"-79.63","43.68","TORONTO INTL A","6158731","2025-08-15 21:00","2025","08","15","21:00","","23.7","","18.2","","71","","","","11","","7","","24.1","","99.97","","30","","","","NA"
"-79.63","43.68","TORONTO INTL A","6158731","2025-08-15 22:00","2025","08","15","22:00","","23.5","","18.4","","73","","","","","","0","","24.1","","100.00","","30","","","","Clear"
"-79.63","43.68","TORONTO INTL A","6158731","2025-08-15 23:00","2025","08","15","23:00","","23.8","","17.2","","66","","","","4","","4","","24.1","","100.01","","29","","","","NA"
"-79.63","43.68","TORONTO INTL A","6158731","2025-08-16 00:00","2025","08","16","00:00","","21.9","","17.0","","73","","","","31","","8","","24.1","","100.05","","27","","","","NA"
"-79.63","43.68","TORONTO INTL A","6158731","2025-08-16 01:00","2025","08","16","01:00","","22.2","","17.6","","75","","","","32","","8","","24.1","","99.99","","28","","","","Mainly Clear"
"-79.63","43.68","TORONTO INTL A","6158731","2025-08-16 02:00","2025","08","16","02:00","","21.5","","16.8","","74","","","","6","","5","","24.1","","99.93","","27","","","","NA"
"-79.63","43.68","TORONTO INTL A","6158731","2025-08-16 03:00","2025","08","16","03:00","","21.3","","16.9","","75","","","","1","","5","","24.1","","99.91","","27","","","","NA"
"-79.63","43.68","TORONTO INTL A","6158731","2025-08-16 04:00","2025","08","16","04:00","","20.4","","16.7","","79","","","","36","","7","","24.1","","99.90","","25","","","","Mainly Clear"
"-79.63","43.68","TORONTO INTL A","6158731","2025-08-16 05:00","2025","08","16","05:00","","20.6","","16.3","","76","","","","1","","3","","24.1","","99.94","","25","","","","NA"
"-79.63","43.68","TORONTO INTL A","6158731","2025-08-16 06:00","2025","08","16","06:00","","20.7","","16.1","","75","","","","32","","5","","24.1","","99.94","","25","","","","NA"
"-79.63","43.68","TORONTO INTL A","6158731","2025-08-16 07:00","2025","08","16","07:00","","22.0","","16.3","","70","","","","32","","4","","24.1","","99.93","","27","","","","Mainly Clear"
"-79.63","43.68","TORONTO INTL A","6158731","2025-08-16 08:00","2025","08","16","08:00","","24.4","","17.9","","67","","","","","","0","","24.1","","99.93","","30","","","","NA"
"-79.63","43.68","TORONTO INTL A","6158731","2025-08-16 09:00","2025","08","16","09:00","","25.9","","18.0","","61","","","","14","","7","","24.1","","99.89","","32","","","","NA"
"-79.63","43.68","TORONTO INTL A","6158731","2025-08-16 10:00","2025","08","16","10:00","","27.8","","18.5","","56","","","","15","","14","","24.1","","99.87","","34","","","","Clear"
"-79.63","43.68","TORONTO INTL A","6158731","2025-08-16 11:00","2025","08","16","11:00","","28.8","","18.8","","54","","","","15","","6","","24.1","","99.90","","35","","","","NA"
"-79.63","43.68","TORONTO INTL A","6158731","2025-08-16 12:00","2025","08","16","12:00","","29.4","","19.4","","54","","","","13","","14","","24.1","","99.84","","36","","","","NA"
"-79.63","43.68","TORONTO INTL A","6158731","2025-08-16 13:00","2025","08","16","13:00","","30.2","","15.9","","41","","","","16","","18","","24.1","","99.76","","35","","","","Mainly Clear"
"-79.63","43.68","TORONTO INTL A","6158731","2025-08-16 14:00","2025","08","16","14:00","","29.9","","16.0","","42","","","","14","","19","","24.1","","99.75","","35","","","","NA"
"-79.63","43.68","TORONTO INTL A","6158731","2025-08-16 15:00","2025","08","16","15:00","","29.6","","16.3","","44","","","","15","","18","","24.1","","99.66","","34","","","","NA"
"-79.63","43.68","TORONTO INTL A","6158731","2025-08-16 16:00","2025","08","16","16:00","","29.6","","16.4","","44","","","","15","","20","","19.3","","99.62","","34","","","","Mostly Cloudy"
"-79.63","43.68","TORONTO INTL A","6158731","2025-08-16 17:00","2025","08","16","17:00","","29.2","","17.1","","48","","","","17","","12","","24.1","","99.54","","35","","","","NA"
"-79.63","43.68","TORONTO INTL A","6158731","2025-08-16 18:00","2025","08","16","18:00","","28.6","","18.3","","53","","","","15","","12","","24.1","","99.48","","35","","","","NA"
"-79.63","43.68","TORONTO INTL A","6158731","2025-08-16 19:00","2025","08","16","19:00","","28.1","","17.5","","52","","","","16","","9","","24.1","","99.47","","34","","","","Mostly Cloudy"
"-79.63","43.68","TORONTO INTL A","6158731","2025-08-16 20:00","2025","08","16","20:00","","27.6","","18.0","","55","","","","20","","8","","24.1","","99.49","","34","","","","NA"
"-79.63","43.68","TORONTO INTL A","6158731","2025-08-16 21:00","2025","08","16","21:00","","25.6","","18.0","","62","","","","24","","13","","24.1","","99.47","","32","","","","NA"
"-79.63","43.68","TORONTO INTL A","6158731","2025-08-16 22:00","2025","08","16","22:00","","23.9","","17.8","","68","","","","27","","8","","24.1","","99.37","","30","","","","Mainly Clear"
"-79.63","43.68","TORONTO INTL A","6158731","2025-08-16 23:00","2025","08","16","23:00","","23.7","","17.8","","69","","","","26","","8","","24.1","","99.40","","30","","","","NA"
"-79.63","43.68","TORONTO INTL A","6158731","2025-08-17 00:00","2025","08","17","00:00","","23.8","","18.1","","70","","","","24","","8","","24.1","","99.36","","30","","","","NA"
"-79.63","43.68","TORONTO INTL A","6158731","2025-08-17 01:00","2025","08","17","01:00","","23.6","","19.3","","76","","","","25","","11","","24.1","","99.33","","31","","","","Mostly Cloudy"
"-79.63","43.68","TORONTO INTL A","6158731","2025-08-17 02:00","2025","08","17","02:00","","24.0","","19.4","","75","","","","29","","7","","24.1","","99.30","","31","","","","NA"
"-79.63","43.68","TORONTO INTL A","6158731","2025-08-17 03:00","2025","08","17","03:00","","21.5","","20.0","","91","","","","1","","17","","8.1","","99.30","","29","","","","Thunderstorms,Heavy Rain Showers,Fog"
"-79.63","43.68","TORONTO INTL A","6158731","2025-08-17 04:00","2025","08","17","04:00","","21.3","","19.8","","91","","","","4","","10","","19.3","","99.23","","29","","","","Rain Showers"
"-79.63","43.68","TORONTO INTL A","6158731","2025-08-17 05:00","2025","08","17","05:00","","21.0","","20.3","","96","","","","3","","9","","12.9","","99.26","","29","","","","Thunderstorms,Moderate Rain Showers"
"-79.63","43.68","TORONTO INTL A","6158731","2025-08-17 06:00","2025","08","17","06:00","","20.8","","20.1","","96","","","","23","","7","","24.1","","99.20","","28","","","","Rain Showers"
"-79.63","43.68","TORONTO INTL A","6158731","2025-08-17 07:00","2025","08","17","07:00","","21.9","","20.8","","94","","","","2","","17","","24.1","","99.27","","30","","","","Mostly Cloudy"
"-79.63","43.68","TORONTO INTL A","6158731","2025-08-17 08:00","2025","08","17","08:00","","22.2","","20.7","","91","","","","36","","14","","24.1","","99.31","","30","","","","NA"
"-79.63","43.68","TORONTO INTL A","6158731","2025-08-17 09:00","2025","08","17","09:00","","22.9","","20.4","","86","","","","34","","14","","24.1","","99.34","","31","","","","NA"
"-79.63","43.68","TORONTO INTL A","6158731","2025-08-17 10:00","2025","08","17","10:00","","24.6","","20.2","","76","","","","36","","22","","24.1","","99.37","","32","","","","Mostly Cloudy"
"-79.63","43.68","TORONTO INTL A","6158731","2025-08-17 11:00","2025","08","17","11:00","","25.2","","20.2","","74","","","","1","","16","","24.1","","99.37","","33","","","","NA"
"-79.63","43.68","TORONTO INTL A","6158731","2025-08-17 12:00","2025","08","17","12:00","","24.3","","21.0","","81","","","","35","","28","","24.1","","99.39","","33","","","","NA"
"-79.63","43.68","TORONTO INTL A","6158731","2025-08-17 13:00","2025","08","17","13:00","","23.8","","18.7","","73","","","","35","","28","","24.1","","99.49","","30","","","","Mostly Cloudy"
"-79.63","43.68","TORONTO INTL A","6158731","2025-08-17 14:00","2025","08","17","14:00","","22.5","","17.5","","73","","","","36","","35","","24.1","","99.55","","28","","","","NA"
"-79.63","43.68","TORONTO INTL A","6158731","2025-08-17 15:00","2025","08","17","15:00","","21.7","","17.2","","75","","","","35","","29","","24.1","","99.61","","27","","","","NA"
"-79.63","43.68","TORONTO INTL A","6158731","2025-08-17 16:00","2025","08","17","16:00","","21.4","","16.5","","73","","","","35","","22","","24.1","","99.63","","26","","","","Mostly Cloudy"
"-79.63","43.68","TORONTO INTL A","6158731","2025-08-17 17:00","2025","08","17","17:00","","22.7","","15.7","","64","","","","36","","24","","24.1","","99.63","","27","","","","NA"
"-79.63","43.68","TORONTO INTL A","6158731","2025-08-17 18:00","2025","08","17","18:00","","23.3","","14.8","","58","","","","1","","19","","24.1","","99.66","","27","","","","NA"
"-79.63","43.68","TORONTO INTL A","6158731","2025-08-17 19:00","2025","08","17","19:00","","22.0","","13.2","","57","","","","36","","24","","24.1","","99.69","","25","","","","Mainly Clear"
"-79.63","43.68","TORONTO INTL A","6158731","2025-08-17 20:00","2025","08","17","20:00","","20.5","","13.7","","65","","","","34","","19","","24.1","","99.75","","","","","","NA"
"-79.63","43.68","TORONTO INTL A","6158731","2025-08-17 21:00","2025","08","17","21:00","","19.6","","13.0","","65","","","","34","","20","","24.1","","99.85","","","","","","NA"
"-79.63","43.68","TORONTO INTL A","6158731","2025-08-17 22:00","2025","08","17","22:00","","18.2","","12.1","","67","","","","1","","20","","24.1","","99.91","","","","","","Mainly Clear"
"-79.63","43.68","TORONTO INTL A","6158731","2025-08-17 23:00","2025","08","17","23:00","","19.1","","8.7","","50","","","","4","","22","","24.1","","99.99","","","","","","NA"
"-79.63","43.68","TORONTO INTL A","6158731","2025-08-18 00:00","2025","08","18","00:00","","18.2","","8.2","","52","","","","5","","21","","24.1","","100.06","","","","","","NA"
"-79.63","43.68","TORONTO INTL A","6158731","2025-08-18 01:00","2025","08","18","01:00","","16.9","","7.0","","52","","","","5","","15","","24.1","","100.09","","","","","","Mainly Clear"
"-79.63","43.68","TORONTO INTL A","6158731","2025-08-18 02:00","2025","08","18","02:00","","15.6","","6.9","","56","","","","4","","17","","24.1","","100.09","","","","","","NA"
"-79.63","43.68","TORONTO INTL A","6158731","2025-08-18 03:00","2025","08","18","03:00","","14.9","","6.4","","56","","","","4","","13","","24.1","","100.17","","","","","","NA"
"-79.63","43.68","TORONTO INTL A","6158731","2025-08-18 04:00","2025","08","18","04:00","","14.0","","6.0","","58","","","","3","","9","","24.1","","100.21","","","","","","Mainly Clear"
"-79.63","43.68","TORONTO INTL A","6158731","2025-08-18 05:00","2025","08","18","05:00","","13.4","","6.0","","61","","","","2","","13","","24.1","","100.26","","","","","","NA"
"-79.63","43.68","TORONTO INTL A","6158731","2025-08-18 06:00","2025","08","18","06:00","","13.6","","5.8","","59","","","","4","","15","","24.1","","100.27","","","","","","NA"
"-79.63","43.68","TORONTO INTL A","6158731","2025-08-18 07:00","2025","08","18","07:00","","15.2","","5.7","","53","","","","6","","18","","24.1","","100.32","","","","","","Mainly Clear"
"-79.63","43.68","TORONTO INTL A","6158731","2025-08-18 08:00","2025","08","18","08:00","","16.4","","7.4","","55","","","","7","","16","","24.1","","100.35","","","","","","NA"
"-79.63","43.68","TORONTO INTL A","6158731","2025-08-18 09:00","2025","08","18","09:00","","17.9","","8.8","","55","","","","8","","23","","24.1","","100.35","","","","","","NA"
"-79.63","43.68","TORONTO INTL A","6158731","2025-08-18 10:00","2025","08","18","10:00","","19.5","","9.8","","53","","","","8","","15","","24.1","","100.38","","","","","","Mainly Clear"
"-79.63","43.68","TORONTO INTL A","6158731","2025-08-18 11:00","2025","08","18","11:00","","20.0","","9.5","","50","","","","9","","18","","24.1","","100.37","","","","","","NA"
"-79.63","43.68","TORONTO INTL A","6158731","2025-08-18 12:00","2025","08","18","12:00","","20.1","","9.7","","51","","","","8","","18","","24.1","","100.37","","","","","","NA"
"-79.63","43.68","TORONTO INTL A","6158731","2025-08-18 13:00","2025","08","18","13:00","","20.6","","10.3","","51","","","","11","","16","","24.1","","100.37","","","","","","Mainly Clear"
"-79.63","43.68","TORONTO INTL A","6158731","2025-08-18 14:00","2025","08","18","14:00","","20.9","","11.1","","53","","","","15","","17","","24.1","","100.32","","","","","","NA"
"-79.63","43.68","TORONTO INTL A","6158731","2025-08-18 15:00","2025","08","18","15:00","","20.7","","11.1","","54","","","","11","","17","","24.1","","100.27","","","","","","NA"
"-79.63","43.68","TORONTO INTL A","6158731","2025-08-18 16:00","2025","08","18","16:00","","20.2","","11.2","","56","","","","12","","16","","24.1","","100.27","","","","","","Mainly Clear"
"-79.63","43.68","TORONTO INTL A","6158731","2025-08-18 17:00","2025","08","18","17:00","","20.2","","11.4","","56","","","","13","","17","","24.1","","100.24","","","","","","NA"
"-79.63","43.68","TORONTO INTL A","6158731","2025-08-18 18:00","2025","08","18","18:00","","19.1","","10.9","","59","","","","12","","15","","24.1","","100.20","","","","","","NA"
"-79.63","43.68","TORONTO INTL A","6158731","2025-08-18 19:00","2025","08","18","19:00","","18.5","","11.3","","62","","","","12","","10","","24.1","","100.17","","","","","","Mostly Cloudy"
"-79.63","43.68","TORONTO INTL A","6158731","2025-08-18 20:00","2025","08","18","20:00","","18.0","","10.6","","61","","","","8","","11","","24.1","","100.16","","","","","","NA"
"-79.63","43.68","TORONTO INTL A","6158731","2025-08-18 21:00","2025","08","18","21:00","","17.8","","10.8","","63","","","","10","","6","","24.1","","100.15","","","","","","NA"
"-79.63","43.68","TORONTO INTL A","6158731","2025-08-18 22:00","2025","08","18","22:00","","17.6","","11.2","","66","","","","11","","8","","24.1","","100.07","","","","","","Mainly Clear"
"-79.63","43.68","TORONTO INTL A","6158731","2025-08-18 23:00","2025","08","18","23:00","","18.0","","11.2","","64","","","","8","","4","","24.1","","100.11","","","","","","NA"
"-79.63","43.68","TORONTO INTL A","6158731","2025-08-19 00:00","2025","08","19","00:00","","18.6","","11.7","","64","","","","14","","10","","24.1","","100.12","","","","","","NA"
"-79.63","43.68","TORONTO INTL A","6158731","2025-08-19 01:00","2025","08","19","01:00","","18.5","","11.2","","62","","","","11","","12","","24.1","","100.07","","","","","","Mostly Cloudy"
"-79.63","43.68","TORONTO INTL A","6158731","2025-08-19 02:00","2025","08","19","02:00","","18.8","","11.2","","61","","","","11","","12","","24.1","","100.03","","","","","","NA"
"-79.63","43.68","TORONTO INTL A","6158731","2025-08-19 03:00","2025","08","19","03:00","","18.6","","11.5","","63","","","","10","","13","","24.1","","99.95","","","","","","NA"
"-79.63","43.68","TORONTO INTL A","6158731","2025-08-19 04:00","2025","08","19","04:00","","17.3","","10.8","","65","","","","4","","8","","24.1","","99.92","","","","","","Mostly Cloudy"
"-79.63","43.68","TORONTO INTL A","6158731","2025-08-19 05:00","2025","08","19","05:00","","17.3","","11.1","","67","","","","6","","8","","24.1","","99.88","","","","","","NA"
"-79.63","43.68","TORONTO INTL A","6158731","2025-08-19 06:00","2025","08","19","06:00","","17.2","","11.6","","69","","","","4","","10","","24.1","","99.86","","","","","","NA"
"-79.63","43.68","TORONTO INTL A","6158731","2025-08-19 07:00","2025","08","19","07:00","","18.2","","12.3","","68","","","","6","","9","","24.1","","99.86","","","","","","Mostly Cloudy"
"-79.63","43.68","TORONTO INTL A","6158731","2025-08-19 08:00","2025","08","19","08:00","","18.6","","12.9","","69","","","","5","","8","","24.1","","99.84","","","","","","NA"
"-79.63","43.68","TORONTO INTL A","6158731","2025-08-19 09:00","2025","08","19","09:00","","19.9","","13.5","","66","","","","11","","8","","24.1","","99.84","","","","","","NA"
"-79.63","43.68","TORONTO INTL A","6158731","2025-08-19 10:00","2025","08","19","10:00","","20.1","","13.1","","64","","","","10","","4","","24.1","","99.86","","","","","","Cloudy"
"-79.63","43.68","TORONTO INTL A","6158731","2025-08-19 11:00","2025","08","19","11:00","","20.8","","13.7","","63","","","","5","","7","","24.1","","99.79","","","","","","NA"
"-79.63","43.68","TORONTO INTL A","6158731","2025-08-19 12:00","2025","08","19","12:00","","21.5","","15.2","","67","","","","8","","8","","24.1","","99.72","","26","","","","Rain"
"-79.63","43.68","TORONTO INTL A","6158731","2025-08-19 13:00","2025","08","19","13:00","","21.4","","16.5","","73","","","","7","","5","","24.1","","99.72","","26","","","","Rain"
"-79.63","43.68","TORONTO INTL A","6158731","2025-08-19 14:00","2025","08","19","14:00","","21.0","","17.1","","78","","","","11","","8","","24.1","","99.66","","26","","","","Rain"
"-79.63","43.68","TORONTO INTL A","6158731","2025-08-19 15:00","2025","08","19","15:00","","20.6","","17.5","","82","","","","9","","13","","24.1","","99.56","","26","","","","Rain"
"-79.63","43.68","TORONTO INTL A","6158731","2025-08-19 16:00","2025","08","19","16:00","","20.2","","17.9","","87","","","","8","","15","","24.1","","99.52","","26","","","","Rain"
"-79.63","43.68","TORONTO INTL A","6158731","2025-08-19 17:00","2025","08","19","17:00","","20.0","","18.4","","90","","","","10","","12","","19.3","","99.50","","26","","","","Rain"
"-79.63","43.68","TORONTO INTL A","6158731","2025-08-19 18:00","2025","08","19","18:00","","20.4","","18.9","","91","","","","10","","18","","16.1","","99.39","","27","","","","Rain"
"-79.63","43.68","TORONTO INTL A","6158731","2025-08-19 19:00","2025","08","19","19:00","","20.7","","19.0","","90","","","","11","","17","","16.1","","99.36","","27","","","","Cloudy"
"-79.63","43.68","TORONTO INTL A","6158731","2025-08-19 20:00","2025","08","19","20:00","","20.1","","19.0","","93","","","","11","","19","","6.4","","99.38","","27","","","","Rain,Fog"
"-79.63","43.68","TORONTO INTL A","6158731","2025-08-19 21:00","2025","08","19","21:00","","19.9","","19.1","","95","","","","8","","16","","4.0","","99.38","","","","","","Moderate Rain,Fog"
"-79.63","43.68","TORONTO INTL A","6158731","2025-08-19 22:00","2025","08","19","22:00","","19.7","","18.9","","95","","","","7","","17","","3.2","","99.37","","","","","","Moderate Rain,Fog"
"-79.63","43.68","TORONTO INTL A","6158731","2025-08-19 23:00","2025","08","19","23:00","","19.4","","18.7","","96","","","","11","","13","","4.8","","99.35","","","","","","Heavy Rain,Fog"
"-79.63","43.68","TORONTO INTL A","6158731","2025-08-20 00:00","2025","08","20","00:00","","19.4","","18.7","","96","","","","10","","13","","8.1","","99.33","","","","","","Rain,Fog"
"-79.63","43.68","TORONTO INTL A","6158731","2025-08-20 01:00","2025","08","20","01:00","","18.9","","18.2","","96","","","","7","","18","","6.4","","99.27","","","","","","Rain,Fog"
"-79.63","43.68","TORONTO INTL A","6158731","2025-08-20 02:00","2025","08","20","02:00","","18.5","","17.7","","95","","","","7","","16","","8.1","","99.24","","","","","","Fog"
"-79.63","43.68","TORONTO INTL A","6158731","2025-08-20 03:00","2025","08","20","03:00","","18.3","","17.5","","95","","","","5","","17","","16.1","","99.22","","","","","","NA"
"-79.63","43.68","TORONTO INTL A","6158731","2025-08-20 04:00","2025","08","20","04:00","","18.4","","17.6","","95","","","","3","","17","","24.1","","99.24","","","","","","Cloudy"
"-79.63","43.68","TORONTO INTL A","6158731","2025-08-20 05:00","2025","08","20","05:00","","18.2","","17.5","","96","","","","2","","16","","12.9","","99.27","","","","","","NA"
"-79.63","43.68","TORONTO INTL A","6158731","2025-08-20 06:00","2025","08","20","06:00","","18.1","","17.3","","95","","","","3","","17","","9.7","","99.33","","","","","","Fog"
"-79.63","43.68","TORONTO INTL A","6158731","2025-08-20 07:00","2025","08","20","07:00","","18.1","","17.5","","97","","","","3","","15","","4.0","","99.36","","","","","","Drizzle,Fog"
"-79.63","43.68","TORONTO INTL A","6158731","2025-08-20 08:00","2025","08","20","08:00","","18.7","","17.8","","94","","","","5","","16","","12.9","","99.41","","","","","","NA"
"-79.63","43.68","TORONTO INTL A","6158731","2025-08-20 09:00","2025","08","20","09:00","","19.1","","17.4","","90","","","","5","","19","","24.1","","99.44","","","","","","NA"
"-79.63","43.68","TORONTO INTL A","6158731","2025-08-20 10:00","2025","08","20","10:00","","19.1","","17.0","","87","","","","7","","24","","24.1","","99.51","","","","","","Cloudy"
"-79.63","43.68","TORONTO INTL A","6158731","2025-08-20 11:00","2025","08","20","11:00","","19.6","","16.5","","82","","","","8","","16","","24.1","","99.54","","","","","","NA"
"-79.63","43.68","TORONTO INTL A","6158731","2025-08-20 12:00","2025","08","20","12:00","","20.3","","16.6","","79","","","","6","","18","","24.1","","99.57","","25","","","","NA"
"-79.63","43.68","TORONTO INTL A","6158731","2025-08-20 13:00","2025","08","20","13:00","","20.7","","15.6","","72","","","","7","","22","","24.1","","99.58","","25","","","","Mostly Cloudy"
"-79.63","43.68","TORONTO INTL A","6158731","2025-08-20 14:00","2025","08","20","14:00","","20.9","","15.4","","71","","","","5","","17","","24.1","","99.61","","25","","","","NA"
"-79.63","43.68","TORONTO INTL A","6158731","2025-08-20 15:00","2025","08","20","15:00","","20.3","","15.4","","73","","","","4","","24","","24.1","","99.63","","25","","","","NA"
"-79.63","43.68","TORONTO INTL A","6158731","2025-08-20 16:00","2025","08","20","16:00","","19.7","","15.1","","74","","","","6","","22","","24.1","","99.66","","","","","","Cloudy"
"-79.63","43.68","TORONTO INTL A","6158731","2025-08-20 17:00","2025","08","20","17:00","","19.8","","14.8","","73","","","","5","","16","","24.1","","99.68","","","","","","NA"
"-79.63","43.68","TORONTO INTL A","6158731","2025-08-20 18:00","2025","08","20","18:00","","19.6","","14.6","","73","","","","7","","17","","24.1","","99.72","","","","","","NA"
"-79.63","43.68","TORONTO INTL A","6158731","2025-08-20 19:00","2025","08","20","19:00","","19.6","","14.8","","74","","","","7","","12","","24.1","","99.75","","","","","","Cloudy"
"-79.63","43.68","TORONTO INTL A","6158731","2025-08-20 20:00","2025","08","20","20:00","","19.3","","15.6","","79","","","","10","","10","","19.3","","99.78","","","","","","NA"
"-79.63","43.68","TORONTO INTL A","6158731","2025-08-20 21:00","2025","08","20","21:00","","19.1","","16.0","","82","","","","5","","10","","19.3","","99.82","","","","","","NA"
"-79.63","43.68","TORONTO INTL A","6158731","2025-08-20 22:00","2025","08","20","22:00","","19.1","","15.7","","80","","","","6","","12","","24.1","","99.82","","","","","","Cloudy"
"-79.63","43.68","TORONTO INTL A","6158731","2025-08-20 23:00","2025","08","20","23:00","","19.0","","15.2","","78","","","","5","","13","","24.1","","99.83","","","","","","NA"
"-79.63","43.68","TORONTO INTL A","6158731","2025-08-21 00:00","2025","08","21","00:00","","18.3","","14.6","","79","","","","4","","16","","24.1","","99.80","","","","","","NA"
"-79.63","43.68","TORONTO INTL A","6158731","2025-08-21 01:00","2025","08","21","01:00","","17.7","","14.8","","83","","","","5","","12","","24.1","","99.78","","","","","","Mainly Clear"
"-79.63","43.68","TORONTO INTL A","6158731","2025-08-21 02:00","2025","08","21","02:00","","16.9","","14.3","","85","","","","4","","15","","24.1","","99.75","","","","","","NA"
"-79.63","43.68","TORONTO INTL A","6158731","2025-08-21 03:00","2025","08","21","03:00","","15.8","","13.8","","87","","","","3","","13","","24.1","","99.77","","","","","","NA"
"-79.63","43.68","TORONTO INTL A","6158731","2025-08-21 04:00","2025","08","21","04:00","","16.8","","14.4","","86","","","","4","","16","","24.1","","99.76","","","","","","Cloudy"
"-79.63","43.68","TORONTO INTL A","6158731","2025-08-21 05:00","2025","08","21","05:00","","16.4","","13.6","","83","","","","6","","13","","24.1","","99.75","","","","","","NA"
"-79.63","43.68","TORONTO INTL A","6158731","2025-08-21 06:00","2025","08","21","06:00","","15.9","","13.8","","87","","","","3","","17","","24.1","","99.78","","","","","","NA"
"-79.63","43.68","TORONTO INTL A","6158731","2025-08-21 07:00","2025","08","21","07:00","","17.2","","14.1","","82","","","","4","","20","","24.1","","99.85","","","","","","Mainly Clear"
"-79.63","43.68","TORONTO INTL A","6158731","2025-08-21 08:00","2025","08","21","08:00","","18.6","","14.2","","75","","","","2","","18","","24.1","","99.85","","","","","","NA"
"-79.63","43.68","TORONTO INTL A","6158731","2025-08-21 09:00","2025","08","21","09:00","","19.8","","14.4","","71","","","","5","","12","","24.1","","99.85","","","","","","NA"
"-79.63","43.68","TORONTO INTL A","6158731","2025-08-21 10:00","2025","08","21","10:00","","20.9","","14.2","","65","","","","7","","18","","24.1","","99.85","","","","","","Mostly Cloudy"
"-79.63","43.68","TORONTO INTL A","6158731","2025-08-21 11:00","2025","08","21","11:00","","22.1","","14.7","","63","","","","4","","14","","24.1","","99.86","","26","","","","NA"
"-79.63","43.68","TORONTO INTL A","6158731","2025-08-21 12:00","2025","08","21","12:00","","22.4","","13.4","","56","","","","7","","12","","24.1","","99.82","","25","","","","NA"
"-79.63","43.68","TORONTO INTL A","6158731","2025-08-21 13:00","2025","08","21","13:00","","22.6","","13.3","","55","","","","4","","12","","24.1","","99.76","","26","","","","Mostly Cloudy"
"-79.63","43.68","TORONTO INTL A","6158731","2025-08-21 14:00","2025","08","21","14:00","","22.2","","15.2","","64","","","","15","","14","","24.1","","99.73","","26","","","","NA"
"-79.63","43.68","TORONTO INTL A","6158731","2025-08-21 15:00","2025","08","21","15:00","","22.2","","15.7","","66","","","","12","","16","","24.1","","99.69","","27","","","","NA"
"-79.63","43.68","TORONTO INTL A","6158731","2025-08-21 16:00","2025","08","21","16:00","","22.1","","16.1","","68","","","","13","","14","","24.1","","99.69","","27","","","","Mainly Clear"
"-79.63","43.68","TORONTO INTL A","6158731","2025-08-21 17:00","2025","08","21","17:00","","21.7","","16.0","","70","","","","14","","14","","24.1","","99.67","","26","","","","NA"
"-79.63","43.68","TORONTO INTL A","6158731","2025-08-21 18:00","2025","08","21","18:00","","21.8","","15.5","","67","","","","12","","10","","24.1","","99.65","","26","","","","NA"
"-79.63","43.68","TORONTO INTL A","6158731","2025-08-21 19:00","2025","08","21","19:00","","20.7","","14.8","","68","","","","17","","10","","24.1","","99.69","","25","","","","Clear"
"-79.63","43.68","TORONTO INTL A","6158731","2025-08-21 20:00","2025","08","21","20:00","","19.9","","15.0","","73","","","","18","","5","","24.1","","99.70","","","","","","NA"
"-79.63","43.68","TORONTO INTL A","6158731","2025-08-21 21:00","2025","08","21","21:00","","19.1","","15.0","","77","","","","29","","9","","24.1","","99.74","","","","","","NA"
"-79.63","43.68","TORONTO INTL A","6158731","2025-08-21 22:00","2025","08","21","22:00","","18.4","","15.0","","81","","","","28","","9","","24.1","","99.74","","","","","","Clear"
"-79.63","43.68","TORONTO INTL A","6158731","2025-08-21 23:00","2025","08","21","23:00","","18.5","","15.1","","80","","","","30","","11","","24.1","","99.71","","","","","","NA"
"-79.63","43.68","TORONTO INTL A","6158731","2025-08-22 00:00","2025","08","22","00:00","","17.8","","14.8","","82","","","","28","","7","","24.1","","99.71","","","","","","NA"
"-79.63","43.68","TORONTO INTL A","6158731","2025-08-22 01:00","2025","08","22","01:00","","17.3","","14.5","","84","","","","28","","9","","24.1","","99.67","","","","","","Clear"
"-79.63","43.68","TORONTO INTL A","6158731","2025-08-22 02:00","2025","08","22","02:00","","17.7","","14.7","","82","","","","31","","7","","24.1","","99.66","","","","","","NA"
"-79.63","43.68","TORONTO INTL A","6158731","2025-08-22 03:00","2025","08","22","03:00","","17.0","","14.1","","83","","","","33","","5","","24.1","","99.67","","","","","","NA"
"-79.63","43.68","TORONTO INTL A","6158731","2025-08-22 04:00","2025","08","22","04:00","","17.3","","14.0","","81","","","","34","","13","","24.1","","99.70","","","","","","Clear"
"-79.63","43.68","TORONTO INTL A","6158731","2025-08-22 05:00","2025","08","22","05:00","","17.1","","13.7","","80","","","","32","","10","","24.1","","99.73","","","","","","NA"
"-79.63","43.68","TORONTO INTL A","6158731","2025-08-22 06:00","2025","08","22","06:00","","16.8","","13.9","","83","","","","30","","10","","24.1","","99.78","","","","","","NA"
"-79.63","43.68","TORONTO INTL A","6158731","2025-08-22 07:00","2025","08","22","07:00","","18.8","","14.6","","76","","","","34","","10","","24.1","","99.83","","","","","","Clear"
"-79.63","43.68","TORONTO INTL A","6158731","2025-08-22 08:00","2025","08","22","08:00","","20.5","","15.3","","72","","","","4","","5","","24.1","","99.83","","25","","","","NA"
"-79.63","43.68","TORONTO INTL A","6158731","2025-08-22 09:00","2025","08","22","09:00","","22.9","","16.8","","68","","","","33","","4","","24.1","","99.83","","28","","","","NA"
"-79.63","43.68","TORONTO INTL A","6158731","2025-08-22 10:00","2025","08","22","10:00","","24.1","","13.3","","50","","","","","","0","","24.1","","99.82","","27","","","","Clear"
"-79.63","43.68","TORONTO INTL A","6158731","2025-08-22 11:00","2025","08","22","11:00","","24.8","","14.2","","51","","","","28","","3","","24.1","","99.77","","28","","","","NA"
"-79.63","43.68","TORONTO INTL A","6158731","2025-08-22 12:00","2025","08","22","12:00","","25.5","","16.3","","56","","","","17","","5","","24.1","","99.73","","30","","","","NA"
"-79.63","43.68","TORONTO INTL A","6158731","2025-08-22 13:00","2025","08","22","13:00","","25.9","","13.2","","45","","","","15","","17","","24.1","","99.69","","29","","","","Mainly Clear"
"-79.63","43.68","TORONTO INTL A","6158731","2025-08-22 14:00","2025","08","22","14:00","","25.9","","12.6","","43","","","","17","","17","","24.1","","99.65","","28","","","","NA"
"-79.63","43.68","TORONTO INTL A","6158731","2025-08-22 15:00","2025","08","22","15:00","","25.9","","12.8","","44","","","","16","","14","","24.1","","99.60","","29","","","","NA"
"-79.63","43.68","TORONTO INTL A","6158731","2025-08-22 16:00","2025","08","22","16:00","","25.6","","12.8","","44","","","","15","","16","","24.1","","99.59","","28","","","","Clear"
"-79.63","43.68","TORONTO INTL A","6158731","2025-08-22 17:00","2025","08","22","17:00","","25.7","","12.6","","43","","","","14","","14","","24.1","","99.56","","28","","","","NA"
"-79.63","43.68","TORONTO INTL A","6158731","2025-08-22 18:00","2025","08","22","18:00","","25.4","","12.4","","44","","","","15","","15","","24.1","","99.52","","28","","","","NA"
"-79.63","43.68","TORONTO INTL A","6158731","2025-08-22 19:00","2025","08","22","19:00","","23.4","","14.2","","56","","","","15","","12","","24.1","","99.52","","27","","","","Mainly Clear"
"-79.63","43.68","TORONTO INTL A","6158731","2025-08-22 20:00","2025","08","22","20:00","","22.8","","16.1","","65","","","","17","","9","","24.1","","99.51","","27","","","","NA"
"-79.63","43.68","TORONTO INTL A","6158731","2025-08-22 21:00","2025","08","22","21:00","","23.1","","15.8","","63","","","","18","","8","","24.1","","99.51","","28","","","","NA"
"-79.63","43.68","TORONTO INTL A","6158731","2025-08-22 22:00","2025","08","22","22:00","","22.0","","14.0","","60","","","","22","","7","","24.1","","99.51","","25","","","","Mostly Cloudy"
"-79.63","43.68","TORONTO INTL A","6158731","2025-08-22 23:00","2025","08","22","23:00","","21.0","","13.5","","62","","","","26","","8","","24.1","","99.51","","","","","","NA"
"-79.63","43.68","TORONTO INTL A","6158731","2025-08-23 00:00","2025","08","23","00:00","","20.4","","13.5","","64","","","","24","","5","","24.1","","99.45","","","","","","NA"
"-79.63","43.68","TORONTO INTL A","6158731","2025-08-23 01:00","2025","08","23","01:00","","19.8","","13.5","","67","","","","29","","5","","24.1","","99.44","","","","","","Mostly Cloudy"
"-79.63","43.68","TORONTO INTL A","6158731","2025-08-23 02:00","2025","08","23","02:00","","20.2","","14.3","","69","","","","19","","7","","24.1","","99.38","","","","","","NA"
"-79.63","43.68","TORONTO INTL A","6158731","2025-08-23 03:00","2025","08","23","03:00","","19.4","","14.6","","74","","","","18","","7","","24.1","","99.31","","","","","","NA"
"-79.63","43.68","TORONTO INTL A","6158731","2025-08-23 04:00","2025","08","23","04:00","","18.9","","15.2","","79","","","","24","","8","","24.1","","99.29","","","","","","Mainly Clear"
"-79.63","43.68","TORONTO INTL A","6158731","2025-08-23 05:00","2025","08","23","05:00","","18.7","","15.8","","83","","","","24","","8","","24.1","","99.25","","","","","","NA"
"-79.63","43.68","TORONTO INTL A","6158731","2025-08-23 06:00","2025","08","23","06:00","","18.8","","16.6","","87","","","","23","","8","","24.1","","99.28","","","","","","NA"
"-79.63","43.68","TORONTO INTL A","6158731","2025-08-23 07:00","2025","08","23","07:00","","20.1","","17.7","","85","","","","23","","13","","24.1","","99.24","","26","","","","Mostly Cloudy"
"-79.63","43.68","TORONTO INTL A","6158731","2025-08-23 08:00","2025","08","23","08:00","","22.8","","19.2","","80","","","","25","","18","","24.1","","99.23","","30","","","","NA"
"-79.63","43.68","TORONTO INTL A","6158731","2025-08-23 09:00","2025","08","23","09:00","","23.7","","18.4","","72","","","","22","","22","","24.1","","99.20","","30","","","","NA"
"-79.63","43.68","TORONTO INTL A","6158731","2025-08-23 10:00","2025","08","23","10:00","","24.8","","17.0","","61","","","","24","","14","","24.1","","99.15","","30","","","","Mostly Cloudy"
"-79.63","43.68","TORONTO INTL A","6158731","2025-08-23 11:00","2025","08","23","11:00","","25.1","","17.8","","63","","","","24","","14","","24.1","","99.12","","31","","","","NA"
"-79.63","43.68","TORONTO INTL A","6158731","2025-08-23 12:00","2025","08","23","12:00","","24.9","","17.0","","61","","","","24","","14","","24.1","","99.09","","30","","","","NA"
"-79.63","43.68","TORONTO INTL A","6158731","2025-08-23 13:00","2025","08","23","13:00","","24.8","","17.1","","62","","","","26","","22","","24.1","","99.05","","30","","","","Cloudy"
"-79.63","43.68","TORONTO INTL A","6158731","2025-08-23 14:00","2025","08","23","14:00","","24.4","","17.3","","64","","","","25","","19","","24.1","","98.99","","30","","","","NA"
"-79.63","43.68","TORONTO INTL A","6158731","2025-08-23 15:00","2025","08","23","15:00","","25.9","","17.0","","57","","","","25","","25","","24.1","","98.97","","31","","","","NA"
"-79.63","43.68","TORONTO INTL A","6158731","2025-08-23 16:00","2025","08","23","16:00","","25.5","","16.2","","56","","","","23","","23","","24.1","","98.91","","30","","","","Mostly Cloudy"
"-79.63","43.68","TORONTO INTL A","6158731","2025-08-23 17:00","2025","08","23","17:00","","25.5","","16.7","","58","","","","24","","25","","24.1","","98.89","","31","","","","NA"
"-79.63","43.68","TORONTO INTL A","6158731","2025-08-23 18:00","2025","08","23","18:00","","24.6","","15.2","","56","","","","24","","27","","24.1","","98.86","","29","","","","NA"
"-79.63","43.68","TORONTO INTL A","6158731","2025-08-23 19:00","2025","08","23","19:00","","24.0","","15.6","","59","","","","20","","21","","24.1","","98.84","","28","","","","Mostly Cloudy"
"-79.63","43.68","TORONTO INTL A","6158731","2025-08-23 20:00","2025","08","23","20:00","","23.2","","16.4","","65","","","","23","","21","","24.1","","98.86","","28","","","","NA"
"-79.63","43.68","TORONTO INTL A","6158731","2025-08-23 21:00","2025","08","23","21:00","","22.8","","16.5","","67","","","","24","","18","","24.1","","98.86","","28","","","","NA"
"-79.63","43.68","TORONTO INTL A","6158731","2025-08-23 22:00","2025","08","23","22:00","","22.6","","17.0","","70","","","","24","","14","","24.1","","98.84","","28","","","","Mostly Cloudy"
"-79.63","43.68","TORONTO INTL A","6158731","2025-08-23 23:00","2025","08","23","23:00","","22.2","","17.1","","73","","","","24","","21","","24.1","","98.86","","28","","","","NA"
"-79.63","43.68","TORONTO INTL A","6158731","2025-08-24 00:00","2025","08","24","00:00","","21.1","","15.1","","68","","","","28","","23","","24.1","","98.87","","25","","","","NA"
"-79.63","43.68","TORONTO INTL A","6158731","2025-08-24 01:00","2025","08","24","01:00","","19.7","","15.9","","78","","","","28","","16","","24.1","","98.84","","","","","","Mostly Cloudy"
"-79.63","43.68","TORONTO INTL A","6158731","2025-08-24 02:00","2025","08","24","02:00","","18.5","","15.8","","84","","","","28","","13","","24.1","","98.86","","","","","","NA"
"-79.63","43.68","TORONTO INTL A","6158731","2025-08-24 03:00","2025","08","24","03:00","","18.3","","15.9","","86","","","","28","","7","","24.1","","98.87","","","","","","NA"
"-79.63","43.68","TORONTO INTL A","6158731","2025-08-24 04:00","2025","08","24","04:00","","17.4","","15.3","","88","","","","27","","7","","24.1","","98.90","","","","","","Mainly Clear"
"-79.63","43.68","TORONTO INTL A","6158731","2025-08-24 05:00","2025","08","24","05:00","","16.6","","14.9","","90","","","","28","","9","","24.1","","98.92","","","","","","NA"
"-79.63","43.68","TORONTO INTL A","6158731","2025-08-24 06:00","2025","08","24","06:00","","16.9","","15.2","","89","","","","28","","8","","24.1","","98.96","","","","","","NA"
"-79.63","43.68","TORONTO INTL A","6158731","2025-08-24 07:00","2025","08","24","07:00","","18.1","","14.9","","81","","","","30","","11","","24.1","","99.00","","","","","","Mostly Cloudy"
"-79.63","43.68","TORONTO INTL A","6158731","2025-08-24 08:00","2025","08","24","08:00","","19.7","","14.7","","73","","","","29","","8","","24.1","","99.01","","","","","","NA"
"-79.63","43.68","TORONTO INTL A","6158731","2025-08-24 09:00","2025","08","24","09:00","","21.9","","13.4","","58","","","","","","0","","24.1","","99.00","","25","","","","NA"
"-79.63","43.68","TORONTO INTL A","6158731","2025-08-24 10:00","2025","08","24","10:00","","21.9","","14.1","","61","","","","","","0","","24.1","","99.00","","25","","","","Mostly Cloudy"
"-79.63","43.68","TORONTO INTL A","6158731","2025-08-24 11:00","2025","08","24","11:00","","22.4","","12.4","","53","","","","20","","5","","24.1","","98.96","","25","","","","NA"
"-79.63","43.68","TORONTO INTL A","6158731","2025-08-24 12:00","2025","08","24","12:00","","22.9","","15.0","","61","","","","17","","16","","24.1","","98.90","","27","","","","NA"
"-79.63","43.68","TORONTO INTL A","6158731","2025-08-24 13:00","2025","08","24","13:00","","23.7","","15.4","","59","","","","14","","22","","24.1","","98.84","","28","","","","Mostly Cloudy"
"-79.63","43.68","TORONTO INTL A","6158731","2025-08-24 14:00","2025","08","24","14:00","","23.0","","14.2","","57","","","","21","","10","","24.1","","98.81","","26","","","","NA"
"-79.63","43.68","TORONTO INTL A","6158731","2025-08-24 15:00","2025","08","24","15:00","","23.9","","13.4","","51","","","","23","","17","","24.1","","98.76","","27","","","","NA"
"-79.63","43.68","TORONTO INTL A","6158731","2025-08-24 16:00","2025","08","24","16:00","","25.0","","13.0","","47","","","","26","","25","","24.1","","98.78","","28","","","","Mostly Cloudy"
"-79.63","43.68","TORONTO INTL A","6158731","2025-08-24 17:00","2025","08","24","17:00","","23.5","","10.7","","44","","","","26","","27","","24.1","","98.80","","25","","","","NA"
"-79.63","43.68","TORONTO INTL A","6158731","2025-08-24 18:00","2025","08","24","18:00","","22.9","","9.0","","40","","","","25","","25","","24.1","","98.80","","","","","","NA"
"-79.63","43.68","TORONTO INTL A","6158731","2025-08-24 19:00","2025","08","24","19:00","","21.2","","9.1","","46","","","","27","","17","","24.1","","98.83","","","","","","Mainly Clear"
"-79.63","43.68","TORONTO INTL A","6158731","2025-08-24 20:00","2025","08","24","20:00","","19.5","","9.7","","53","","","","27","","9","","24.1","","98.84","","","","","","NA"
"-79.63","43.68","TORONTO INTL A","6158731","2025-08-24 21:00","2025","08","24","21:00","","16.9","","14.3","","84","","","","28","","26","","16.1","","98.95","","","","","","Rain"
"-79.63","43.68","TORONTO INTL A","6158731","2025-08-24 22:00","2025","08","24","22:00","","16.2","","14.0","","87","","","","24","","6","","24.1","","98.90","","","","","","Mostly Cloudy"
"-79.63","43.68","TORONTO INTL A","6158731","2025-08-24 23:00","2025","08","24","23:00","","16.6","","14.1","","85","","","","26","","15","","24.1","","98.90","","","","","","NA"
"-79.63","43.68","TORONTO INTL A","6158731","2025-08-25 00:00","2025","08","25","00:00","","15.8","","13.5","","86","","","","24","","10","","24.1","","98.84","","","","","","NA"
"-79.63","43.68","TORONTO INTL A","6158731","2025-08-25 01:00","2025","08","25","01:00","","15.3","","13.4","","88","","","","24","","11","","24.1","","98.82","","","","","","Mostly Cloudy"
"-79.63","43.68","TORONTO INTL A","6158731","2025-08-25 02:00","2025","08","25","02:00","","15.1","","12.9","","87","","","","29","","12","","24.1","","98.82","","","","","","NA"
"-79.63","43.68","TORONTO INTL A","6158731","2025-08-25 03:00","2025","08","25","03:00","","14.5","","11.8","","83","","","","29","","9","","24.1","","98.86","","","","","","NA"
"-79.63","43.68","TORONTO INTL A","6158731","2025-08-25 04:00","2025","08","25","04:00","","13.3","","11.3","","87","","","","28","","8","","24.1","","98.85","","","","","","Clear"
"-79.63","43.68","TORONTO INTL A","6158731","2025-08-25 05:00","2025","08","25","05:00","","13.4","","11.7","","89","","","","28","","12","","24.1","","98.89","","","","","","NA"
"-79.63","43.68","TORONTO INTL A","6158731","2025-08-25 06:00","2025","08","25","06:00","","14.2","","11.9","","86","","","","29","","12","","24.1","","98.92","","","","","","NA"
"-79.63","43.68","TORONTO INTL A","6158731","2025-08-25 07:00","2025","08","25","07:00","","15.6","","12.8","","83","","","","26","","14","","24.1","","98.96","","","","","","Mainly Clear"
"-79.63","43.68","TORONTO INTL A","6158731","2025-08-25 08:00","2025","08","25","08:00","","16.6","","13.0","","79","","","","26","","15","","24.1","","98.98","","","","","","NA"
"-79.63","43.68","TORONTO INTL A","6158731","2025-08-25 09:00","2025","08","25","09:00","","18.4","","12.4","","68","","","","28","","23","","24.1","","98.99","","","","","","NA"
"-79.63","43.68","TORONTO INTL A","6158731","2025-08-25 10:00","2025","08","25","10:00","","18.8","","11.2","","61","","","","29","","25","","24.1","","98.98","","","","","","Mostly Cloudy"
"-79.63","43.68","TORONTO INTL A","6158731","2025-08-25 11:00","2025","08","25","11:00","","19.4","","10.4","","55","","","","29","","26","","24.1","","98.99","","","","","","NA"
"-79.63","43.68","TORONTO INTL A","6158731","2025-08-25 12:00","2025","08","25","12:00","","19.0","","12.1","","64","","","","24","","22","","24.1","","99.02","","","","","","NA"
"-79.63","43.68","TORONTO INTL A","6158731","2025-08-25 13:00","2025","08","25","13:00","","19.1","","11.8","","62","","","","33","","18","","24.1","","99.03","","","","","","Mostly Cloudy"
"-79.63","43.68","TORONTO INTL A","6158731","2025-08-25 14:00","2025","08","25","14:00","","18.9","","10.5","","58","","","","29","","37","","24.1","","99.07","","","","","","NA"
"-79.63","43.68","TORONTO INTL A","6158731","2025-08-25 15:00","2025","08","25","15:00","","19.8","","10.0","","53","","","","30","","36","","24.1","","99.08","","","","","","NA"
"-79.63","43.68","TORONTO INTL A","6158731","2025-08-25 16:00","2025","08","25","16:00","","20.1","","10.0","","52","","","","31","","29","","24.1","","99.09","","","","","","Mainly Clear"
"-79.63","43.68","TORONTO INTL A","6158731","2025-08-25 17:00","2025","08","25","17:00","","20.1","","5.7","","39","","","","30","","35","","24.1","","99.16","","","","","","NA"
"-79.63","43.68","TORONTO INTL A","6158731","2025-08-25 18:00","2025","08","25","18:00","","19.0","","7.5","","47","","","","31","","30","","24.1","","99.20","","","","","","NA"
"-79.63","43.68","TORONTO INTL A","6158731","2025-08-25 19:00","2025","08","25","19:00","","17.5","","8.2","","54","","","","29","","28","","24.1","","99.27","","","","","","Mainly Clear"
"-79.63","43.68","TORONTO INTL A","6158731","2025-08-25 20:00","2025","08","25","20:00","","17.3","","7.1","","51","","","","29","","26","","24.1","","99.35","","","","","","NA"
"-79.63","43.68","TORONTO INTL A","6158731","2025-08-25 21:00","2025","08","25","21:00","","16.5","","7.7","","56","","","","28","","16","","24.1","","99.38","","","","","","NA"
"-79.63","43.68","TORONTO INTL A","6158731","2025-08-25 22:00","2025","08","25","22:00","","14.8","","8.2","","64","","","","26","","13","","24.1","","99.37","","","","","","Mainly Clear"
"-79.63","43.68","TORONTO INTL A","6158731","2025-08-25 23:00","2025","08","25","23:00","","14.5","","10.3","","76","","","","27","","16","","24.1","","99.38","","","","","","NA"
"-79.63","43.68","TORONTO INTL A","6158731","2025-08-26 00:00","2025","08","26","00:00","","14.3","","10.6","","78","","","","28","","17","","24.1","","99.39","","","","","","NA"
"-79.63","43.68","TORONTO INTL A","6158731","2025-08-26 01:00","2025","08","26","01:00","","14.6","","10.9","","78","","","","28","","16","","24.1","","99.38","","","","","","Mostly Cloudy"
"-79.63","43.68","TORONTO INTL A","6158731","2025-08-26 02:00","2025","08","26","02:00","","13.5","","10.4","","82","","","","28","","15","","24.1","","99.39","","","","","","NA"
"-79.63","43.68","TORONTO INTL A","6158731","2025-08-26 03:00","2025","08","26","03:00","","13.2","","10.6","","84","","","","27","","20","","24.1","","99.42","","","","","","NA"
"-79.63","43.68","TORONTO INTL A","6158731","2025-08-26 04:00","2025","08","26","04:00","","12.3","","10.3","","87","","","","25","","14","","24.1","","99.43","","","","","","Clear"
"-79.63","43.68","TORONTO INTL A","6158731","2025-08-26 05:00","2025","08","26","05:00","","11.6","","10.0","","89","","","","27","","14","","24.1","","99.47","","","","","","NA"
"-79.63","43.68","TORONTO INTL A","6158731","2025-08-26 06:00","2025","08","26","06:00","","11.9","","10.0","","88","","","","27","","9","","24.1","","99.52","","","","","","NA"
"-79.63","43.68","TORONTO INTL A","6158731","2025-08-26 07:00","2025","08","26","07:00","","13.9","","10.7","","81","","","","26","","13","","24.1","","99.55","","","","","","Clear"
"-79.63","43.68","TORONTO INTL A","6158731","2025-08-26 08:00","2025","08","26","08:00","","16.2","","10.8","","70","","","","27","","17","","24.1","","99.57","","","","","","NA"
"-79.63","43.68","TORONTO INTL A","6158731","2025-08-26 09:00","2025","08","26","09:00","","18.0","","10.7","","62","","","","27","","28","","24.1","","99.60","","","","","","NA"
"-79.63","43.68","TORONTO INTL A","6158731","2025-08-26 10:00","2025","08","26","10:00","","18.0","","11.1","","64","","","","27","","20","","24.1","","99.62","","","","","","Mostly Cloudy"
"-79.63","43.68","TORONTO INTL A","6158731","2025-08-26 11:00","2025","08","26","11:00","","19.7","","10.6","","55","","","","29","","17","","24.1","","99.58","","","","","","NA"
"-79.63","43.68","TORONTO INTL A","6158731","2025-08-26 12:00","2025","08","26","12:00","","19.2","","8.6","","50","","","","30","","28","","24.1","","99.59","","","","","","NA"
"-79.63","43.68","TORONTO INTL A","6158731","2025-08-26 13:00","2025","08","26","13:00","","20.3","","10.3","","52","","","","24","","22","","24.1","","99.58","","","","","","Mostly Cloudy"
"-79.63","43.68","TORONTO INTL A","6158731","2025-08-26 14:00","2025","08","26","14:00","","19.3","","9.3","","52","","","","29","","30","","24.1","","99.59","","","","","","NA"
"-79.63","43.68","TORONTO INTL A","6158731","2025-08-26 15:00","2025","08","26","15:00","","17.3","","11.9","","71","","","","27","","29","","24.1","","99.62","","","","","","Rain Showers"
"-79.63","43.68","TORONTO INTL A","6158731","2025-08-26 16:00","2025","08","26","16:00","","16.9","","9.9","","63","","","","28","","31","","24.1","","99.64","","","","","","Mostly Cloudy"
"-79.63","43.68","TORONTO INTL A","6158731","2025-08-26 17:00","2025","08","26","17:00","","16.9","","11.2","","68","","","","31","","32","","24.1","","99.69","","","","","","NA"
"-79.63","43.68","TORONTO INTL A","6158731","2025-08-26 18:00","2025","08","26","18:00","","16.6","","10.3","","66","","","","30","","21","","24.1","","99.74","","","","","","NA"
"-79.63","43.68","TORONTO INTL A","6158731","2025-08-26 19:00","2025","08","26","19:00","","16.5","","9.3","","62","","","","32","","25","","24.1","","99.76","","","","","","Mostly Cloudy"
"-79.63","43.68","TORONTO INTL A","6158731","2025-08-26 20:00","2025","08","26","20:00","","16.3","","8.8","","61","","","","30","","20","","24.1","","99.80","","","","","","NA"
"-79.63","43.68","TORONTO INTL A","6158731","2025-08-26 21:00","2025","08","26","21:00","","15.1","","9.1","","67","","","","31","","17","","24.1","","99.83","","","","","","NA"
"-79.63","43.68","TORONTO INTL A","6158731","2025-08-26 22:00","2025","08","26","22:00","","14.1","","9.3","","73","","","","28","","13","","24.1","","99.85","","","","","","Mostly Cloudy"
"-79.63","43.68","TORONTO INTL A","6158731","2025-08-26 23:00","2025","08","26","23:00","","13.8","","10.2","","78","","","","27","","15","","24.1","","99.87","","","","","","NA"
"-79.63","43.68","TORONTO INTL A","6158731","2025-08-27 00:00","2025","08","27","00:00","","13.4","","10.1","","80","","","","27","","14","","24.1","","99.86","","","","","","NA"
"-79.63","43.68","TORONTO INTL A","6158731","2025-08-27 01:00","2025","08","27","01:00","","12.1","","9.1","","82","","","","28","","13","","24.1","","99.84","","","","","","Mainly Clear"
"-79.63","43.68","TORONTO INTL A","6158731","2025-08-27 02:00","2025","08","27","02:00","","12.4","","8.7","","78","","","","30","","11","","24.1","","99.84","","","","","","NA"
"-79.63","43.68","TORONTO INTL A","6158731","2025-08-27 03:00","2025","08","27","03:00","","12.0","","8.4","","79","","","","29","","13","","24.1","","99.86","","","","","","NA"
"-79.63","43.68","TORONTO INTL A","6158731","2025-08-27 04:00","2025","08","27","04:00","","10.8","","8.2","","83","","","","28","","11","","24.1","","99.86","","","","","","Mainly Clear"
"-79.63","43.68","TORONTO INTL A","6158731","2025-08-27 05:00","2025","08","27","05:00","","12.7","","8.8","","77","","","","31","","12","","24.1","","99.88","","","","","","NA"
"-79.63","43.68","TORONTO INTL A","6158731","2025-08-27 06:00","2025","08","27","06:00","","13.0","","8.8","","75","","","","30","","11","","24.1","","99.92","","","","","","NA"
"-79.63","43.68","TORONTO INTL A","6158731","2025-08-27 07:00","2025","08","27","07:00","","13.8","","9.7","","76","","","","28","","13","","24.1","","99.96","","","","","","Clear"
"-79.63","43.68","TORONTO INTL A","6158731","2025-08-27 08:00","2025","08","27","08:00","","16.6","","9.9","","65","","","","31","","16","","24.1","","99.98","","","","","","NA"
"-79.63","43.68","TORONTO INTL A","6158731","2025-08-27 09:00","2025","08","27","09:00","","17.7","","10.3","","62","","","","30","","11","","24.1","","100.00","","","","","","NA"
"-79.63","43.68","TORONTO INTL A","6158731","2025-08-27 10:00","2025","08","27","10:00","","18.5","","7.0","","47","","","","31","","20","","24.1","","100.01","","","","","","Mainly Clear"
"-79.63","43.68","TORONTO INTL A","6158731","2025-08-27 11:00","2025","08","27","11:00","","19.9","","8.3","","47","","","","27","","11","","24.1","","99.99","","","","","","NA"
"-79.63","43.68","TORONTO INTL A","6158731","2025-08-27 12:00","2025","08","27","12:00","","21.5","","6.2","","37","","","","30","","14","","24.1","","99.94","","","","","","NA"
"-79.63","43.68","TORONTO INTL A","6158731","2025-08-27 13:00","2025","08","27","13:00","","21.1","","6.1","","37","","","","29","","14","","24.1","","99.90","","","","","","Mainly Clear"
"-79.63","43.68","TORONTO INTL A","6158731","2025-08-27 14:00","2025","08","27","14:00","","22.5","","5.4","","33","","","","27","","20","","24.1","","99.83","","","","","","NA"
"-79.63","43.68","TORONTO INTL A","6158731","2025-08-27 15:00","2025","08","27","15:00","","23.3","","6.4","","33","","","","30","","23","","24.1","","99.77","","","","","","NA"
"-79.63","43.68","TORONTO INTL A","6158731","2025-08-27 16:00","2025","08","27","16:00","","21.3","","6.7","","38","","","","30","","19","","24.1","","99.73","","","","","","Mostly Cloudy"
"-79.63","43.68","TORONTO INTL A","6158731","2025-08-27 17:00","2025","08","27","17:00","","22.3","","6.6","","36","","","","29","","25","","24.1","","99.72","","","","","","NA"
"-79.63","43.68","TORONTO INTL A","6158731","2025-08-27 18:00","2025","08","27","18:00","","20.6","","5.9","","38","","","","28","","29","","24.1","","99.73","","","","","","NA"
"-79.63","43.68","TORONTO INTL A","6158731","2025-08-27 19:00","2025","08","27","19:00","","18.8","","3.0","","35","","","","28","","19","","24.1","","99.77","","","","","","Mainly Clear"
"-79.63","43.68","TORONTO INTL A","6158731","2025-08-27 20:00","2025","08","27","20:00","","16.6","","4.6","","45","","","","24","","13","","24.1","","99.77","","","","","","NA"
"-79.63","43.68","TORONTO INTL A","6158731","2025-08-27 21:00","2025","08","27","21:00","","16.3","","6.7","","53","","","","23","","12","","24.1","","99.76","","","","","","NA"
"-79.63","43.68","TORONTO INTL A","6158731","2025-08-27 22:00","2025","08","27","22:00","","16.5","","7.2","","54","","","","21","","11","","24.1","","99.73","","","","","","Clear"
"-79.63","43.68","TORONTO INTL A","6158731","2025-08-27 23:00","2025","08","27","23:00","","16.0","","8.3","","60","","","","22","","10","","24.1","","99.70","","","","","","NA"
"-79.63","43.68","TORONTO INTL A","6158731","2025-08-28 00:00","2025","08","28","00:00","","16.1","","8.8","","61","","","","24","","18","","24.1","","99.69","","","","","","NA"
"-79.63","43.68","TORONTO INTL A","6158731","2025-08-28 01:00","2025","08","28","01:00","","15.4","","9.1","","66","","","","25","","18","","24.1","","99.66","","","","","","Mainly Clear"
"-79.63","43.68","TORONTO INTL A","6158731","2025-08-28 02:00","2025","08","28","02:00","","15.2","","9.6","","69","","","","25","","25","","24.1","","99.62","","","","","","NA"
"-79.63","43.68","TORONTO INTL A","6158731","2025-08-28 03:00","2025","08","28","03:00","","14.4","","9.7","","73","","","","25","","18","","24.1","","99.60","","","","","","NA"
"-79.63","43.68","TORONTO INTL A","6158731","2025-08-28 04:00","2025","08","28","04:00","","14.7","","9.6","","71","","","","23","","18","","24.1","","99.56","","","","","","Mostly Cloudy"
"-79.63","43.68","TORONTO INTL A","6158731","2025-08-28 05:00","2025","08","28","05:00","","13.6","","9.4","","76","","","","25","","13","","24.1","","99.54","","","","","","NA"
"-79.63","43.68","TORONTO INTL A","6158731","2025-08-28 06:00","2025","08","28","06:00","","14.8","","9.9","","72","","","","24","","10","","24.1","","99.52","","","","","","NA"
"-79.63","43.68","TORONTO INTL A","6158731","2025-08-28 07:00","2025","08","28","07:00","","16.6","","9.9","","64","","","","24","","15","","24.1","","99.49","","","","","","Mostly Cloudy"
"-79.63","43.68","TORONTO INTL A","6158731","2025-08-28 08:00","2025","08","28","08:00","","18.2","","10.0","","58","","","","25","","31","","24.1","","99.47","","","","","","NA"
"-79.63","43.68","TORONTO INTL A","6158731","2025-08-28 09:00","2025","08","28","09:00","","18.0","","11.8","","67","","","","25","","19","","24.1","","99.45","","","","","","Rain"
"-79.63","43.68","TORONTO INTL A","6158731","2025-08-28 10:00","2025","08","28","10:00","","17.0","","13.6","","80","","","","24","","17","","24.1","","99.45","","","","","","Rain"
"-79.63","43.68","TORONTO INTL A","6158731","2025-08-28 11:00","2025","08","28","11:00","","17.4","","14.9","","85","","","","24","","16","","16.1","","99.45","","","","","","Rain"
"-79.63","43.68","TORONTO INTL A","6158731","2025-08-28 12:00","2025","08","28","12:00","","17.5","","14.6","","83","","","","26","","14","","24.1","","99.40","","","","","","Rain"
"-79.63","43.68","TORONTO INTL A","6158731","2025-08-28 13:00","2025","08","28","13:00","","17.3","","14.8","","85","","","","24","","23","","12.9","","99.38","","","","","","Rain"
"-79.63","43.68","TORONTO INTL A","6158731","2025-08-28 14:00","2025","08","28","14:00","","16.5","","14.5","","88","","","","27","","16","","19.3","","99.37","","","","","","Rain"
"-79.63","43.68","TORONTO INTL A","6158731","2025-08-28 15:00","2025","08","28","15:00","","16.6","","14.7","","89","","","","30","","16","","19.3","","99.36","","","","","","Rain"
"-79.63","43.68","TORONTO INTL A","6158731","2025-08-28 16:00","2025","08","28","16:00","","17.4","","14.6","","83","","","","28","","4","","24.1","","99.37","","","","","","Mostly Cloudy"
"-79.63","43.68","TORONTO INTL A","6158731","2025-08-28 17:00","2025","08","28","17:00","","18.0","","14.0","","77","","","","35","","9","","24.1","","99.41","","","","","","Rain"
"-79.63","43.68","TORONTO INTL A","6158731","2025-08-28 18:00","2025","08","28","18:00","","17.7","","11.3","","66","","","","36","","21","","24.1","","99.44","","","","","","NA"
"-79.63","43.68","TORONTO INTL A","6158731","2025-08-28 19:00","2025","08","28","19:00","","15.9","","10.4","","69","","","","35","","25","","24.1","","99.50","","","","","","Mainly Clear"
"-79.63","43.68","TORONTO INTL A","6158731","2025-08-28 20:00","2025","08","28","20:00","","14.8","","10.1","","73","","","","34","","22","","24.1","","99.56","","","","","","NA"
"-79.63","43.68","TORONTO INTL A","6158731","2025-08-28 21:00","2025","08","28","21:00","","13.6","","9.6","","77","","","","35","","23","","24.1","","99.59","","","","","","NA"
"-79.63","43.68","TORONTO INTL A","6158731","2025-08-28 22:00","2025","08","28","22:00","","12.8","","8.8","","76","","","","34","","21","","24.1","","99.57","","","","","","Clear"
"-79.63","43.68","TORONTO INTL A","6158731","2025-08-28 23:00","2025","08","28","23:00","","12.3","","8.7","","79","","","","34","","23","","24.1","","99.59","","","","","","NA"
"-79.63","43.68","TORONTO INTL A","6158731","2025-08-29 00:00","2025","08","29","00:00","","11.8","","8.5","","80","","","","33","","23","","24.1","","99.61","","","","","","NA"
"-79.63","43.68","TORONTO INTL A","6158731","2025-08-29 01:00","2025","08","29","01:00","","11.3","","8.4","","82","","","","33","","20","","24.1","","99.64","","","","","","Clear"
"-79.63","43.68","TORONTO INTL A","6158731","2025-08-29 02:00","2025","08","29","02:00","","10.4","","8.0","","85","","","","33","","21","","24.1","","99.64","","","","","","NA"
"-79.63","43.68","TORONTO INTL A","6158731","2025-08-29 03:00","2025","08","29","03:00","","10.0","","7.9","","87","","","","33","","21","","24.1","","99.63","","","","","","NA"
"-79.63","43.68","TORONTO INTL A","6158731","2025-08-29 04:00","2025","08","29","04:00","","9.7","","7.7","","87","","","","33","","17","","24.1","","99.64","","","","","","Clear"
"-79.63","43.68","TORONTO INTL A","6158731","2025-08-29 05:00","2025","08","29","05:00","","9.2","","7.0","","86","","","","31","","16","","24.1","","99.67","","","","","","NA"
"-79.63","43.68","TORONTO INTL A","6158731","2025-08-29 06:00","2025","08","29","06:00","","9.5","","6.5","","82","","","","32","","16","","24.1","","99.73","","","","","","NA"
"-79.63","43.68","TORONTO INTL A","6158731","2025-08-29 07:00","2025","08","29","07:00","","11.3","","7.0","","74","","","","33","","21","","24.1","","99.77","","","","","","Mainly Clear"
"-79.63","43.68","TORONTO INTL A","6158731","2025-08-29 08:00","2025","08","29","08:00","","12.8","","6.6","","65","","","","34","","20","","24.1","","99.80","","","","","","NA"
"-79.63","43.68","TORONTO INTL A","6158731","2025-08-29 09:00","2025","08","29","09:00","","14.4","","6.4","","58","","","","34","","23","","24.1","","99.81","","","","","","NA"
"-79.63","43.68","TORONTO INTL A","6158731","2025-08-29 10:00","2025","08","29","10:00","","14.9","","6.0","","55","","","","32","","22","","24.1","","99.82","","","","","","Mostly Cloudy"
"-79.63","43.68","TORONTO INTL A","6158731","2025-08-29 11:00","2025","08","29","11:00","","15.6","","4.9","","49","","","","31","","29","","24.1","","99.84","","","","","","NA"
"-79.63","43.68","TORONTO INTL A","6158731","2025-08-29 12:00","2025","08","29","12:00","","15.9","","5.6","","50","","","","34","","22","","24.1","","99.85","","","","","","NA"
"-79.63","43.68","TORONTO INTL A","6158731","2025-08-29 13:00","2025","08","29","13:00","","16.0","","3.8","","44","","","","32","","28","","24.1","","99.83","","","","","","Mostly Cloudy"
"-79.63","43.68","TORONTO INTL A","6158731","2025-08-29 14:00","2025","08","29","14:00","","16.6","","3.6","","42","","","","34","","22","","24.1","","99.80","","","","","","NA"
"-79.63","43.68","TORONTO INTL A","6158731","2025-08-29 15:00","2025","08","29","15:00","","17.7","","5.1","","43","","","","32","","25","","24.1","","99.77","","","","","","NA"
"-79.63","43.68","TORONTO INTL A","6158731","2025-08-29 16:00","2025","08","29","16:00","","17.8","","4.9","","42","","","","33","","19","","24.1","","99.76","","","","","","Mostly Cloudy"
"-79.63","43.68","TORONTO INTL A","6158731","2025-08-29 17:00","2025","08","29","17:00","","16.6","","4.7","","45","","","","33","","17","","24.1","","99.77","","","","","","NA"
"-79.63","43.68","TORONTO INTL A","6158731","2025-08-29 18:00","2025","08","29","18:00","","16.6","","5.2","","47","","","","34","","23","","24.1","","99.77","","","","","","NA"
"-79.63","43.68","TORONTO INTL A","6158731","2025-08-29 19:00","2025","08","29","19:00","","15.2","","5.5","","52","","","","34","","21","","24.1","","99.79","","","","","","Mainly Clear"
"-79.63","43.68","TORONTO INTL A","6158731","2025-08-29 20:00","2025","08","29","20:00","","14.5","","5.8","","55","","","","33","","16","","24.1","","99.81","","","","","","NA"
"-79.63","43.68","TORONTO INTL A","6158731","2025-08-29 21:00","2025","08","29","21:00","","13.1","","6.0","","62","","","","32","","14","","24.1","","99.83","","","","","","NA"
"-79.63","43.68","TORONTO INTL A","6158731","2025-08-29 22:00","2025","08","29","22:00","","12.2","","6.1","","66","","","","29","","10","","24.1","","99.82","","","","","","Clear"
"-79.63","43.68","TORONTO INTL A","6158731","2025-08-29 23:00","2025","08","29","23:00","","11.3","","5.9","","69","","","","31","","10","","24.1","","99.81","","","","","","NA"
"-79.63","43.68","TORONTO INTL A","6158731","2025-08-30 00:00","2025","08","30","00:00","","10.5","","6.1","","74","","","","31","","9","","24.1","","99.80","","","","","","NA"
"-79.63","43.68","TORONTO INTL A","6158731","2025-08-30 01:00","2025","08","30","01:00","","10.7","","6.5","","75","","","","32","","13","","24.1","","99.77","","","","","","Clear"
"-79.63","43.68","TORONTO INTL A","6158731","2025-08-30 02:00","2025","08","30","02:00","","10.3","","6.5","","77","","","","33","","12","","24.1","","99.76","","","","","","NA"
"-79.63","43.68","TORONTO INTL A","6158731","2025-08-30 03:00","2025","08","30","03:00","","10.4","","6.2","","75","","","","31","","12","","24.1","","99.77","","","","","","NA"
"-79.63","43.68","TORONTO INTL A","6158731","2025-08-30 04:00","2025","08","30","04:00","","10.6","","6.0","","73","","","","30","","12","","24.1","","99.78","","","","","","Mainly Clear"
"-79.63","43.68","TORONTO INTL A","6158731","2025-08-30 05:00","2025","08","30","05:00","","8.8","","6.0","","82","","","","28","","4","","24.1","","99.84","","","","","","NA"
"-79.63","43.68","TORONTO INTL A","6158731","2025-08-30 06:00","2025","08","30","06:00","","10.9","","7.0","","76","","","","30","","8","","24.1","","99.91","","","","","","NA"
"-79.63","43.68","TORONTO INTL A","6158731","2025-08-30 07:00","2025","08","30","07:00","","12.9","","8.6","","75","","","","27","","6","","24.1","","99.97","","","","","","Mainly Clear"
"-79.63","43.68","TORONTO INTL A","6158731","2025-08-30 08:00","2025","08","30","08:00","","15.9","","9.5","","65","","","","31","","10","","24.1","","100.01","","","","","","NA"
"-79.63","43.68","TORONTO INTL A","6158731","2025-08-30 09:00","2025","08","30","09:00","","17.9","","7.8","","51","","","","34","","14","","24.1","","100.04","","","","","","NA"
"-79.63","43.68","TORONTO INTL A","6158731","2025-08-30 10:00","2025","08","30","10:00","","18.3","","6.3","","45","","","","32","","12","","24.1","","100.04","","","","","","Mostly Cloudy"
"-79.63","43.68","TORONTO INTL A","6158731","2025-08-30 11:00","2025","08","30","11:00","","18.3","","6.8","","47","","","","31","","12","","24.1","","100.03","","","","","","NA"
"-79.63","43.68","TORONTO INTL A","6158731","2025-08-30 12:00","2025","08","30","12:00","","20.2","","6.0","","39","","","","35","","10","","24.1","","99.99","","","","","","NA"
"-79.63","43.68","TORONTO INTL A","6158731","2025-08-30 13:00","2025","08","30","13:00","","20.8","","6.9","","40","","","","32","","17","","24.1","","99.96","","","","","","Mostly Cloudy"
"-79.63","43.68","TORONTO INTL A","6158731","2025-08-30 14:00","2025","08","30","14:00","","21.8","","5.8","","35","","","","30","","22","","24.1","","99.90","","","","","","NA"
"-79.63","43.68","TORONTO INTL A","6158731","2025-08-30 15:00","2025","08","30","15:00","","21.0","","7.2","","40","","","","32","","14","","24.1","","99.88","","","","","","NA"
"-79.63","43.68","TORONTO INTL A","6158731","2025-08-30 16:00","2025","08","30","16:00","","21.2","","8.2","","43","","","","34","","16","","24.1","","99.91","","","","","","Mostly Cloudy"
"-79.63","43.68","TORONTO INTL A","6158731","2025-08-30 17:00","2025","08","30","17:00","","20.4","","8.3","","45","","","","35","","16","","24.1","","99.92","","","","","","NA"
"-79.63","43.68","TORONTO INTL A","6158731","2025-08-30 18:00","2025","08","30","18:00","","19.6","","6.8","","43","","","","35","","19","","24.1","","99.96","","","","","","NA"
"-79.63","43.68","TORONTO INTL A","6158731","2025-08-30 19:00","2025","08","30","19:00","","18.1","","5.4","","43","","","","2","","17","","24.1","","100.01","","","","","","Mainly Clear"
"-79.63","43.68","TORONTO INTL A","6158731","2025-08-30 20:00","2025","08","30","20:00","","17.2","","6.3","","48","","","","36","","16","","24.1","","100.06","","","","","","NA"
"-79.63","43.68","TORONTO INTL A","6158731","2025-08-30 21:00","2025","08","30","21:00","","16.4","","8.2","","58","","","","34","","17","","24.1","","100.15","","","","","","NA"
"-79.63","43.68","TORONTO INTL A","6158731","2025-08-30 22:00","2025","08","30","22:00","","16.3","","9.0","","61","","","","34","","17","","24.1","","100.16","","","","","","Mainly Clear"
"-79.63","43.68","TORONTO INTL A","6158731","2025-08-30 23:00","2025","08","30","23:00","","15.2","","9.1","","67","","","","35","","18","","24.1","","100.15","","","","","","NA"
"-79.63","43.68","TORONTO INTL A","6158731","2025-08-31 00:00","2025","08","31","00:00","","14.2","","8.5","","69","","","","34","","12","","24.1","","100.20","","","","","","NA"
"-79.63","43.68","TORONTO INTL A","6158731","2025-08-31 01:00","2025","08","31","01:00","","12.2","","8.2","","77","","","","31","","12","","24.1","","100.22","","","","","","Clear"
"-79.63","43.68","TORONTO INTL A","6158731","2025-08-31 02:00","2025","08","31","02:00","","12.8","","7.9","","72","","","","32","","9","","24.1","","100.23","","","","","","NA"
"-79.63","43.68","TORONTO INTL A","6158731","2025-08-31 03:00","2025","08","31","03:00","","12.2","","6.4","","67","","","","32","","8","","24.1","","100.26","","","","","","NA"
"-79.63","43.68","TORONTO INTL A","6158731","2025-08-31 04:00","2025","08","31","04:00","","11.8","","6.5","","70","","","","31","","7","","24.1","","100.27","","","","","","Clear"
"-79.63","43.68","TORONTO INTL A","6158731","2025-08-31 05:00","2025","08","31","05:00","","11.3","","6.7","","73","","","","31","","8","","24.1","","100.33","","","","","","NA"
"-79.63","43.68","TORONTO INTL A","6158731","2025-08-31 06:00","2025","08","31","06:00","","11.0","","7.3","","77","","","","31","","7","","24.1","","100.40","","","","","","NA"
"-79.63","43.68","TORONTO INTL A","6158731","2025-08-31 07:00","2025","08","31","07:00","","12.9","","8.9","","76","","","","32","","7","","24.1","","100.45","","","","","","Clear"
"-79.63","43.68","TORONTO INTL A","6158731","2025-08-31 08:00","2025","08","31","08:00","","15.8","","11.0","","73","","","","1","","9","","24.1","","100.48","","","","","","NA"
"-79.63","43.68","TORONTO INTL A","6158731","2025-08-31 09:00","2025","08","31","09:00","","17.9","","11.7","","67","","","","2","","7","","24.1","","100.50","","","","","","NA"
"-79.63","43.68","TORONTO INTL A","6158731","2025-08-31 10:00","2025","08","31","10:00","","19.8","","10.0","","53","","","","1","","7","","24.1","","100.53","","","","","","Clear"
"-79.63","43.68","TORONTO INTL A","6158731","2025-08-31 11:00","2025","08","31","11:00","","20.6","","8.8","","46","","","","32","","4","","24.1","","100.50","","","","","","NA"
"-79.63","43.68","TORONTO INTL A","6158731","2025-08-31 12:00","2025","08","31","12:00","","21.3","","8.8","","44","","","","14","","10","","24.1","","100.47","","","","","","NA"
"-79.63","43.68","TORONTO INTL A","6158731","2025-08-31 13:00","2025","08","31","13:00","","22.6","","10.7","","46","","","","17","","11","","24.1","","100.45","","","","","","Mainly Clear"
"-79.63","43.68","TORONTO INTL A","6158731","2025-08-31 14:00","2025","08","31","14:00","","22.6","","8.0","","39","","","","14","","17","","24.1","","100.43","","","","","","NA"
"-79.63","43.68","TORONTO INTL A","6158731","2025-08-31 15:00","2025","08","31","15:00","","22.4","","9.0","","42","","","","15","","14","","24.1","","100.41","","","","","","NA"
"-79.63","43.68","TORONTO INTL A","6158731","2025-08-31 16:00","2025","08","31","16:00","","21.9","","8.3","","41","","","","14","","17","","24.1","","100.39","","","","","","Mainly Clear"
"-79.63","43.68","TORONTO INTL A","6158731","2025-08-31 17:00","2025","08","31","17:00","","21.5","","6.7","","38","","","","17","","13","","24.1","","100.38","","","","","","NA"
"-79.63","43.68","TORONTO INTL A","6158731","2025-08-31 18:00","2025","08","31","18:00","","21.0","","6.4","","38","","","","17","","10","","24.1","","100.41","","","","","","NA"
"-79.63","43.68","TORONTO INTL A","6158731","2025-08-31 19:00","2025","08","31","19:00","","19.7","","7.3","","44","","","","16","","7","","24.1","","100.41","","","","","","Clear"
"-79.63","43.68","TORONTO INTL A","6158731","2025-08-31 20:00","2025","08","31","20:00","","19.5","","8.2","","48","","","","16","","5","","24.1","","100.46","","","","","","NA"
"-79.63","43.68","TORONTO INTL A","6158731","2025-08-31 21:00","2025","08","31","21:00","","18.8","","8.3","","50","","","","","","0","","24.1","","100.46","","","","","","NA"
"-79.63","43.68","TORONTO INTL A","6158731","2025-08-31 22:00","2025","08","31","22:00","","17.9","","8.4","","53","","","","26","","3","","24.1","","100.47","","","","","","Clear"
"-79.63","43.68","TORONTO INTL A","6158731","2025-08-31 23:00","2025","08","31","23:00","","15.8","","7.8","","59","","","","36","","12","","24.1","","100.47","","","","","","NA"
