"Longitude (x)","Latitude (y)","Station Name","Climate ID","Date/Time (LST)","Year","Month","Day","Time (LST)","Flag","Temp (°C)","Temp Flag","Dew Point Temp (°C)","Dew Point Temp Flag","Rel Hum (%)","Rel Hum Flag","Precip. Amount (mm)","Precip. Amount Flag","Wind Dir (10s deg)","Wind Dir Flag","Wind Spd (km/h)","Wind Spd Flag","Visibility (km)","Visibility Flag","Stn Press (kPa)","Stn Press Flag","Hmdx","Hmdx Flag","Wind Chill","Wind Chill Flag","Weather"
"-79.63","43.68","TORONTO INTL A","6158731","2025-01-01 00:00","2025","01","01","00:00","","1.6","","1.6","","100","","","","35","","27","","16.1","","97.93","","","","","","Rain"
"-79.63","43.68","TORONTO INTL A","6158731","2025-01-01 01:00","2025","01","01","01:00","","1.6","","1.6","","100","","","","35","","29","","19.3","","97.95","","","","","","Cloudy"
"-79.63","43.68","TORONTO INTL A","6158731","2025-01-01 02:00","2025","01","01","02:00","","1.4","","1.4","","100","","","","35","","30","","19.3","","97.98","","","","","","Rain,Snow"
"-79.63","43.68","TORONTO INTL A","6158731","2025-01-01 03:00","2025","01","01","03:00","","0.8","","0.8","","100","","","","34","","26","","9.7","","98.03","","","","","","Rain,Snow,Fog"
"-79.63","43.68","TORONTO INTL A","6158731","2025-01-01 04:00","2025","01","01","04:00","","1.4","","1.4","","100","","","","34","","23","","19.3","","98.07","","","","","","Rain"
"-79.63","43.68","TORONTO INTL A","6158731","2025-01-01 05:00","2025","01","01","05:00","","1.0","","1.0","","100","","","","33","","28","","9.7","","98.11","","","","","","Snow"
"-79.63","43.68","TORONTO INTL A","6158731","2025-01-01 06:00","2025","01","01","06:00","","1.5","","1.5","","100","","","","33","","28","","19.3","","98.16","","","","","","Snow"
"-79.63","43.68","TORONTO INTL A","6158731","2025-01-01 07:00","2025","01","01","07:00","","1.9","","1.4","","96","","","","33","","35","","24.1","","98.22","","","","","","Cloudy"
"-79.63","43.68","TORONTO INTL A","6158731","2025-01-01 08:00","2025","01","01","08:00","","2.0","","1.1","","94","","","","32","","33","","24.1","","98.30","","","","","","NA"
"-79.63","43.68","TORONTO INTL A","6158731","2025-01-01 09:00","2025","01","01","09:00","","2.2","","1.0","","92","","","","32","","36","","24.1","","98.40","","","","","","Rain"
"-79.63","43.68","TORONTO INTL A","6158731","2025-01-01 10:00","2025","01","01","10:00","","2.7","","0.4","","85","","","","31","","30","","24.1","","98.49","","","","","","Cloudy"
"-79.63","43.68","TORONTO INTL A","6158731","2025-01-01 11:00","2025","01","01","11:00","","2.5","","0.4","","86","","","","30","","30","","24.1","","98.58","","","","","","Rain"
"-79.63","43.68","TORONTO INTL A","6158731","2025-01-01 12:00","2025","01","01","12:00","","2.6","","-1.5","","74","","","","30","","36","","24.1","","98.58","","","","","","NA"
"-79.63","43.68","TORONTO INTL A","6158731","2025-01-01 13:00","2025","01","01","13:00","","2.2","","-2.9","","69","","","","30","","40","","24.1","","98.61","","","","","","Cloudy"
"-79.63","43.68","TORONTO INTL A","6158731","2025-01-01 14:00","2025","01","01","14:00","","2.4","","-4.4","","61","","","","30","","44","","24.1","","98.65","","","","","","NA"
"-79.63","43.68","TORONTO INTL A","6158731","2025-01-01 15:00","2025","01","01","15:00","","2.5","","-4.6","","59","","","","30","","40","","24.1","","98.72","","","","","","NA"
"-79.63","43.68","TORONTO INTL A","6158731","2025-01-01 16:00","2025","01","01","16:00","","2.7","","-4.1","","61","","","","30","","32","","24.1","","98.78","","","","","","Mostly Cloudy"
"-79.63","43.68","TORONTO INTL A","6158731","2025-01-01 17:00","2025","01","01","17:00","","2.1","","-2.6","","71","","","","28","","25","","24.1","","98.83","","","","","","NA"
"-79.63","43.68","TORONTO INTL A","6158731","2025-01-01 18:00","2025","01","01","18:00","","1.2","","-2.3","","78","","","","28","","26","","24.1","","98.86","","","","","","NA"
"-79.63","43.68","TORONTO INTL A","6158731","2025-01-01 19:00","2025","01","01","19:00","","1.2","","-2.1","","79","","","","28","","20","","24.1","","98.91","","","","","","Mostly Cloudy"
"-79.63","43.68","TORONTO INTL A","6158731","2025-01-01 20:00","2025","01","01","20:00","","1.3","","-2.3","","77","","","","29","","21","","24.1","","98.95","","","","","","NA"
"-79.63","43.68","TORONTO INTL A","6158731","2025-01-01 21:00","2025","01","01","21:00","","1.0","","-2.6","","77","","","","28","","17","","24.1","","98.96","","","","","","NA"
"-79.63","43.68","TORONTO INTL A","6158731","2025-01-01 22:00","2025","01","01","22:00","","0.4","","-2.2","","82","","","","27","","16","","24.1","","98.97","","","","","","Mostly Cloudy"
"-79.63","43.68","TORONTO INTL A","6158731","2025-01-01 23:00","2025","01","01","23:00","","0.0","","-1.6","","89","","","","25","","17","","24.1","","98.96","","","","-5","","NA"
"-79.63","43.68","TORONTO INTL A","6158731","2025-01-02 00:00","2025","01","02","00:00","","0.2","","-1.4","","89","","","","26","","22","","24.1","","98.96","","","","","","NA"
"-79.63","43.68","TORONTO INTL A","6158731","2025-01-02 01:00","2025","01","02","01:00","","-0.1","","-1.8","","89","","","","26","","18","","24.1","","98.98","","","","-5","","Mostly Cloudy"
"-79.63","43.68","TORONTO INTL A","6158731","2025-01-02 02:00","2025","01","02","02:00","","-0.2","","-2.3","","86","","","","27","","19","","24.1","","99.04","","","","-5","","NA"
"-79.63","43.68","TORONTO INTL A","6158731","2025-01-02 03:00","2025","01","02","03:00","","-0.2","","-1.0","","95","","","","27","","16","","6.4","","99.11","","","","-5","","Snow"
"-79.63","43.68","TORONTO INTL A","6158731","2025-01-02 04:00","2025","01","02","04:00","","0.3","","-1.9","","85","","","","29","","18","","24.1","","99.13","","","","","","Mostly Cloudy"
"-79.63","43.68","TORONTO INTL A","6158731","2025-01-02 05:00","2025","01","02","05:00","","0.1","","-3.2","","79","","","","27","","20","","24.1","","99.15","","","","","","NA"
"-79.63","43.68","TORONTO INTL A","6158731","2025-01-02 06:00","2025","01","02","06:00","","-0.8","","-2.5","","88","","","","26","","27","","24.1","","99.18","","","","-7","","NA"
"-79.63","43.68","TORONTO INTL A","6158731","2025-01-02 07:00","2025","01","02","07:00","","-0.9","","-4.0","","80","","","","28","","26","","24.1","","99.22","","","","-7","","Mostly Cloudy"
"-79.63","43.68","TORONTO INTL A","6158731","2025-01-02 08:00","2025","01","02","08:00","","-0.8","","-3.9","","79","","","","26","","31","","24.1","","99.28","","","","-8","","NA"
"-79.63","43.68","TORONTO INTL A","6158731","2025-01-02 09:00","2025","01","02","09:00","","-0.6","","-3.5","","81","","","","26","","29","","24.1","","99.39","","","","-7","","NA"
"-79.63","43.68","TORONTO INTL A","6158731","2025-01-02 10:00","2025","01","02","10:00","","-0.9","","-1.4","","97","","","","26","","25","","2.4","","99.47","","","","-7","","Snow"
"-79.63","43.68","TORONTO INTL A","6158731","2025-01-02 11:00","2025","01","02","11:00","","-1.7","","-1.8","","99","","","","27","","35","","4.0","","99.46","","","","-9","","Snow"
"-79.63","43.68","TORONTO INTL A","6158731","2025-01-02 12:00","2025","01","02","12:00","","-1.4","","-3.1","","88","","","","27","","40","","1.6","","99.40","","","","-9","","Snow"
"-79.63","43.68","TORONTO INTL A","6158731","2025-01-02 13:00","2025","01","02","13:00","","-0.8","","-4.3","","77","","","","27","","38","","19.3","","99.36","","","","-8","","Snow"
"-79.63","43.68","TORONTO INTL A","6158731","2025-01-02 14:00","2025","01","02","14:00","","-0.6","","-4.7","","74","","","","26","","41","","24.1","","99.29","","","","-8","","NA"
"-79.63","43.68","TORONTO INTL A","6158731","2025-01-02 15:00","2025","01","02","15:00","","-1.3","","-5.9","","71","","","","27","","40","","24.1","","99.36","","","","-9","","NA"
"-79.63","43.68","TORONTO INTL A","6158731","2025-01-02 16:00","2025","01","02","16:00","","-2.1","","-6.6","","71","","","","27","","33","","24.1","","99.40","","","","-10","","Mainly Clear"
"-79.63","43.68","TORONTO INTL A","6158731","2025-01-02 17:00","2025","01","02","17:00","","-3.0","","-6.6","","76","","","","27","","32","","24.1","","99.45","","","","-11","","NA"
"-79.63","43.68","TORONTO INTL A","6158731","2025-01-02 18:00","2025","01","02","18:00","","-3.2","","-6.4","","79","","","","27","","30","","24.1","","99.49","","","","-11","","NA"
"-79.63","43.68","TORONTO INTL A","6158731","2025-01-02 19:00","2025","01","02","19:00","","-3.2","","-6.8","","77","","","","27","","26","","24.1","","99.52","","","","-10","","Mainly Clear"
"-79.63","43.68","TORONTO INTL A","6158731","2025-01-02 20:00","2025","01","02","20:00","","-3.1","","-6.9","","75","","","","26","","32","","24.1","","99.50","","","","-11","","NA"
"-79.63","43.68","TORONTO INTL A","6158731","2025-01-02 21:00","2025","01","02","21:00","","-3.1","","-6.8","","76","","","","27","","29","","24.1","","99.49","","","","-10","","NA"
"-79.63","43.68","TORONTO INTL A","6158731","2025-01-02 22:00","2025","01","02","22:00","","-2.9","","-6.8","","75","","","","26","","29","","24.1","","99.46","","","","-10","","Mostly Cloudy"
"-79.63","43.68","TORONTO INTL A","6158731","2025-01-02 23:00","2025","01","02","23:00","","-2.7","","-6.9","","73","","","","27","","27","","24.1","","99.46","","","","-10","","NA"
"-79.63","43.68","TORONTO INTL A","6158731","2025-01-03 00:00","2025","01","03","00:00","","-3.4","","-7.3","","74","","","","27","","23","","24.1","","99.45","","","","-10","","NA"
"-79.63","43.68","TORONTO INTL A","6158731","2025-01-03 01:00","2025","01","03","01:00","","-3.0","","-6.5","","77","","","","26","","29","","16.1","","99.42","","","","-10","","Snow"
"-79.63","43.68","TORONTO INTL A","6158731","2025-01-03 02:00","2025","01","03","02:00","","-2.8","","-7.3","","71","","","","27","","33","","24.1","","99.41","","","","-10","","NA"
"-79.63","43.68","TORONTO INTL A","6158731","2025-01-03 03:00","2025","01","03","03:00","","-2.8","","-7.2","","72","","","","27","","25","","24.1","","99.40","","","","-10","","NA"
"-79.63","43.68","TORONTO INTL A","6158731","2025-01-03 04:00","2025","01","03","04:00","","-3.0","","-7.5","","72","","","","26","","26","","24.1","","99.35","","","","-10","","Mostly Cloudy"
"-79.63","43.68","TORONTO INTL A","6158731","2025-01-03 05:00","2025","01","03","05:00","","-3.1","","-7.4","","73","","","","26","","21","","24.1","","99.27","","","","-9","","NA"
"-79.63","43.68","TORONTO INTL A","6158731","2025-01-03 06:00","2025","01","03","06:00","","-3.8","","-7.4","","76","","","","26","","25","","24.1","","99.20","","","","-11","","Snow"
"-79.63","43.68","TORONTO INTL A","6158731","2025-01-03 07:00","2025","01","03","07:00","","-3.5","","-7.2","","76","","","","26","","21","","24.1","","99.16","","","","-10","","Mostly Cloudy"
"-79.63","43.68","TORONTO INTL A","6158731","2025-01-03 08:00","2025","01","03","08:00","","-3.4","","-7.4","","74","","","","27","","19","","24.1","","99.11","","","","-9","","NA"
"-79.63","43.68","TORONTO INTL A","6158731","2025-01-03 09:00","2025","01","03","09:00","","-3.1","","-6.6","","77","","","","25","","23","","24.1","","99.06","","","","-10","","NA"
"-79.63","43.68","TORONTO INTL A","6158731","2025-01-03 10:00","2025","01","03","10:00","","-2.2","","-6.7","","71","","","","25","","25","","24.1","","99.01","","","","-9","","Mainly Clear"
"-79.63","43.68","TORONTO INTL A","6158731","2025-01-03 11:00","2025","01","03","11:00","","-1.2","","-6.9","","65","","","","27","","24","","24.1","","98.97","","","","-7","","NA"
"-79.63","43.68","TORONTO INTL A","6158731","2025-01-03 12:00","2025","01","03","12:00","","-0.5","","-7.7","","59","","","","29","","31","","24.1","","98.87","","","","-7","","NA"
"-79.63","43.68","TORONTO INTL A","6158731","2025-01-03 13:00","2025","01","03","13:00","","-1.4","","-7.0","","66","","","","31","","30","","19.3","","98.84","","","","-8","","Snow Showers"
"-79.63","43.68","TORONTO INTL A","6158731","2025-01-03 14:00","2025","01","03","14:00","","-1.0","","-9.0","","55","","","","30","","40","","24.1","","98.84","","","","-9","","NA"
"-79.63","43.68","TORONTO INTL A","6158731","2025-01-03 15:00","2025","01","03","15:00","","-2.2","","-11.1","","51","","","","31","","35","","24.1","","98.91","","","","-10","","NA"
"-79.63","43.68","TORONTO INTL A","6158731","2025-01-03 16:00","2025","01","03","16:00","","-3.0","","-10.5","","56","","","","30","","40","","24.1","","98.94","","","","-11","","Mostly Cloudy"
"-79.63","43.68","TORONTO INTL A","6158731","2025-01-03 17:00","2025","01","03","17:00","","-3.6","","-9.8","","63","","","","31","","35","","24.1","","98.98","","","","-12","","NA"
"-79.63","43.68","TORONTO INTL A","6158731","2025-01-03 18:00","2025","01","03","18:00","","-3.6","","-9.7","","63","","","","30","","32","","24.1","","99.02","","","","-11","","NA"
"-79.63","43.68","TORONTO INTL A","6158731","2025-01-03 19:00","2025","01","03","19:00","","-4.1","","-9.2","","68","","","","32","","37","","24.1","","99.05","","","","-13","","Mostly Cloudy"
"-79.63","43.68","TORONTO INTL A","6158731","2025-01-03 20:00","2025","01","03","20:00","","-4.2","","-9.2","","68","","","","31","","30","","19.3","","99.07","","","","-12","","Snow"
"-79.63","43.68","TORONTO INTL A","6158731","2025-01-03 21:00","2025","01","03","21:00","","-4.2","","-10.3","","63","","","","31","","32","","24.1","","99.05","","","","-12","","NA"
"-79.63","43.68","TORONTO INTL A","6158731","2025-01-03 22:00","2025","01","03","22:00","","-4.3","","-9.3","","68","","","","29","","27","","19.3","","99.06","","","","-12","","Snow Showers"
"-79.63","43.68","TORONTO INTL A","6158731","2025-01-03 23:00","2025","01","03","23:00","","-4.2","","-9.5","","67","","","","30","","26","","24.1","","99.06","","","","-11","","NA"
"-79.63","43.68","TORONTO INTL A","6158731","2025-01-04 00:00","2025","01","04","00:00","","-4.8","","-9.8","","68","","","","30","","26","","24.1","","99.07","","","","-12","","NA"
"-79.63","43.68","TORONTO INTL A","6158731","2025-01-04 01:00","2025","01","04","01:00","","-5.1","","-9.9","","69","","","","31","","22","","24.1","","99.06","","","","-12","","Mainly Clear"
"-79.63","43.68","TORONTO INTL A","6158731","2025-01-04 02:00","2025","01","04","02:00","","-5.3","","-10.6","","67","","","","30","","27","","24.1","","99.08","","","","-13","","NA"
"-79.63","43.68","TORONTO INTL A","6158731","2025-01-04 03:00","2025","01","04","03:00","","-5.6","","-10.6","","68","","","","30","","26","","24.1","","99.13","","","","-13","","NA"
"-79.63","43.68","TORONTO INTL A","6158731","2025-01-04 04:00","2025","01","04","04:00","","-6.1","","-10.6","","71","","","","31","","26","","19.3","","99.18","","","","-14","","Snow Showers"
"-79.63","43.68","TORONTO INTL A","6158731","2025-01-04 05:00","2025","01","04","05:00","","-6.5","","-11.6","","67","","","","31","","32","","24.1","","99.19","","","","-15","","NA"
"-79.63","43.68","TORONTO INTL A","6158731","2025-01-04 06:00","2025","01","04","06:00","","-6.3","","-10.8","","71","","","","28","","17","","19.3","","99.22","","","","-13","","Snow"
"-79.63","43.68","TORONTO INTL A","6158731","2025-01-04 07:00","2025","01","04","07:00","","-5.6","","-9.7","","73","","","","28","","27","","19.3","","99.21","","","","-13","","Snow"
"-79.63","43.68","TORONTO INTL A","6158731","2025-01-04 08:00","2025","01","04","08:00","","-6.0","","-9.9","","74","","","","28","","21","","24.1","","99.23","","","","-13","","NA"
"-79.63","43.68","TORONTO INTL A","6158731","2025-01-04 09:00","2025","01","04","09:00","","-5.3","","-9.2","","74","","","","26","","22","","24.1","","99.21","","","","-12","","NA"
"-79.63","43.68","TORONTO INTL A","6158731","2025-01-04 10:00","2025","01","04","10:00","","-4.0","","-9.2","","68","","","","27","","37","","24.1","","99.21","","","","-12","","Mostly Cloudy"
"-79.63","43.68","TORONTO INTL A","6158731","2025-01-04 11:00","2025","01","04","11:00","","-3.0","","-8.5","","65","","","","27","","43","","24.1","","99.21","","","","-12","","NA"
"-79.63","43.68","TORONTO INTL A","6158731","2025-01-04 12:00","2025","01","04","12:00","","-2.6","","-9.4","","60","","","","27","","51","","24.1","","99.15","","","","-12","","NA"
"-79.63","43.68","TORONTO INTL A","6158731","2025-01-04 13:00","2025","01","04","13:00","","-2.2","","-9.3","","59","","","","28","","49","","24.1","","99.12","","","","-11","","Mostly Cloudy"
"-79.63","43.68","TORONTO INTL A","6158731","2025-01-04 14:00","2025","01","04","14:00","","-3.0","","-9.5","","61","","","","27","","53","","24.1","","99.14","","","","-12","","NA"
"-79.63","43.68","TORONTO INTL A","6158731","2025-01-04 15:00","2025","01","04","15:00","","-3.0","","-9.6","","61","","","","27","","48","","24.1","","99.20","","","","-12","","NA"
"-79.63","43.68","TORONTO INTL A","6158731","2025-01-04 16:00","2025","01","04","16:00","","-3.4","","-9.4","","63","","","","27","","42","","24.1","","99.25","","","","-12","","Mostly Cloudy"
"-79.63","43.68","TORONTO INTL A","6158731","2025-01-04 17:00","2025","01","04","17:00","","-4.6","","-8.8","","72","","","","26","","35","","24.1","","99.28","","","","-13","","NA"
"-79.63","43.68","TORONTO INTL A","6158731","2025-01-04 18:00","2025","01","04","18:00","","-5.2","","-8.9","","75","","","","26","","31","","24.1","","99.32","","","","-13","","NA"
"-79.63","43.68","TORONTO INTL A","6158731","2025-01-04 19:00","2025","01","04","19:00","","-4.8","","-8.7","","74","","","","26","","29","","19.3","","99.34","","","","-13","","Snow Showers"
"-79.63","43.68","TORONTO INTL A","6158731","2025-01-04 20:00","2025","01","04","20:00","","-4.7","","-8.8","","73","","","","27","","32","","19.3","","99.36","","","","-13","","Snow Showers"
"-79.63","43.68","TORONTO INTL A","6158731","2025-01-04 21:00","2025","01","04","21:00","","-4.8","","-9.0","","73","","","","27","","29","","12.9","","99.38","","","","-13","","Snow Showers"
"-79.63","43.68","TORONTO INTL A","6158731","2025-01-04 22:00","2025","01","04","22:00","","-5.2","","-8.5","","77","","","","27","","28","","9.7","","99.40","","","","-13","","Snow Showers"
"-79.63","43.68","TORONTO INTL A","6158731","2025-01-04 23:00","2025","01","04","23:00","","-5.3","","-9.1","","75","","","","26","","27","","12.9","","99.41","","","","-13","","Snow"
"-79.63","43.68","TORONTO INTL A","6158731","2025-01-05 00:00","2025","01","05","00:00","","-5.4","","-9.9","","71","","","","27","","32","","19.3","","99.41","","","","-14","","Snow"
"-79.63","43.68","TORONTO INTL A","6158731","2025-01-05 01:00","2025","01","05","01:00","","-5.5","","-10.1","","71","","","","27","","30","","19.3","","99.41","","","","-14","","Snow"
"-79.63","43.68","TORONTO INTL A","6158731","2025-01-05 02:00","2025","01","05","02:00","","-5.7","","-10.2","","71","","","","27","","30","","19.3","","99.40","","","","-14","","Snow"
"-79.63","43.68","TORONTO INTL A","6158731","2025-01-05 03:00","2025","01","05","03:00","","-5.7","","-10.1","","72","","","","27","","32","","24.1","","99.44","","","","-14","","NA"
"-79.63","43.68","TORONTO INTL A","6158731","2025-01-05 04:00","2025","01","05","04:00","","-5.6","","-10.1","","71","","","","27","","29","","19.3","","99.46","","","","-14","","Snow"
"-79.63","43.68","TORONTO INTL A","6158731","2025-01-05 05:00","2025","01","05","05:00","","-5.6","","-9.9","","72","","","","27","","26","","19.3","","99.50","","","","-13","","Snow"
"-79.63","43.68","TORONTO INTL A","6158731","2025-01-05 06:00","2025","01","05","06:00","","-5.7","","-9.6","","74","","","","25","","28","","19.3","","99.53","","","","-14","","Snow"
"-79.63","43.68","TORONTO INTL A","6158731","2025-01-05 07:00","2025","01","05","07:00","","-6.4","","-9.4","","80","","","","25","","23","","24.1","","99.52","","","","-14","","Mainly Clear"
"-79.63","43.68","TORONTO INTL A","6158731","2025-01-05 08:00","2025","01","05","08:00","","-6.0","","-9.2","","78","","","","25","","27","","24.1","","99.52","","","","-14","","NA"
"-79.63","43.68","TORONTO INTL A","6158731","2025-01-05 09:00","2025","01","05","09:00","","-4.7","","-8.7","","74","","","","25","","23","","24.1","","99.55","","","","-12","","NA"
"-79.63","43.68","TORONTO INTL A","6158731","2025-01-05 10:00","2025","01","05","10:00","","-3.5","","-8.2","","70","","","","26","","28","","24.1","","99.62","","","","-11","","Mostly Cloudy"
"-79.63","43.68","TORONTO INTL A","6158731","2025-01-05 11:00","2025","01","05","11:00","","-2.9","","-8.0","","68","","","","27","","31","","24.1","","99.65","","","","-10","","NA"
"-79.63","43.68","TORONTO INTL A","6158731","2025-01-05 12:00","2025","01","05","12:00","","-1.9","","-7.6","","65","","","","28","","34","","24.1","","99.62","","","","-9","","NA"
"-79.63","43.68","TORONTO INTL A","6158731","2025-01-05 13:00","2025","01","05","13:00","","-1.0","","-7.4","","62","","","","29","","23","","24.1","","99.58","","","","-7","","Mostly Cloudy"
"-79.63","43.68","TORONTO INTL A","6158731","2025-01-05 14:00","2025","01","05","14:00","","-1.2","","-7.7","","62","","","","28","","29","","24.1","","99.61","","","","-8","","NA"
"-79.63","43.68","TORONTO INTL A","6158731","2025-01-05 15:00","2025","01","05","15:00","","-1.5","","-7.3","","64","","","","27","","25","","24.1","","99.63","","","","-8","","NA"
"-79.63","43.68","TORONTO INTL A","6158731","2025-01-05 16:00","2025","01","05","16:00","","-3.1","","-7.0","","75","","","","25","","28","","24.1","","99.69","","","","-10","","Mostly Cloudy"
"-79.63","43.68","TORONTO INTL A","6158731","2025-01-05 17:00","2025","01","05","17:00","","-3.2","","-6.7","","77","","","","27","","21","","24.1","","99.71","","","","-9","","NA"
"-79.63","43.68","TORONTO INTL A","6158731","2025-01-05 18:00","2025","01","05","18:00","","-3.5","","-6.5","","80","","","","25","","20","","24.1","","99.77","","","","-10","","NA"
"-79.63","43.68","TORONTO INTL A","6158731","2025-01-05 19:00","2025","01","05","19:00","","-3.2","","-6.5","","78","","","","26","","14","","24.1","","99.73","","","","-8","","Mostly Cloudy"
"-79.63","43.68","TORONTO INTL A","6158731","2025-01-05 20:00","2025","01","05","20:00","","-3.4","","-6.4","","80","","","","24","","12","","24.1","","99.73","","","","-8","","NA"
"-79.63","43.68","TORONTO INTL A","6158731","2025-01-05 21:00","2025","01","05","21:00","","-3.3","","-6.8","","77","","","","26","","11","","24.1","","99.73","","","","-8","","NA"
"-79.63","43.68","TORONTO INTL A","6158731","2025-01-05 22:00","2025","01","05","22:00","","-3.7","","-7.1","","78","","","","22","","8","","24.1","","99.74","","","","-7","","Mostly Cloudy"
"-79.63","43.68","TORONTO INTL A","6158731","2025-01-05 23:00","2025","01","05","23:00","","-4.1","","-6.7","","83","","","","19","","8","","24.1","","99.72","","","","-8","","NA"
"-79.63","43.68","TORONTO INTL A","6158731","2025-01-06 00:00","2025","01","06","00:00","","-4.0","","-6.5","","83","","","","23","","10","","24.1","","99.71","","","","-8","","NA"
"-79.63","43.68","TORONTO INTL A","6158731","2025-01-06 01:00","2025","01","06","01:00","","-3.6","","-6.9","","78","","","","28","","4","","24.1","","99.67","","","","-5","","Cloudy"
"-79.63","43.68","TORONTO INTL A","6158731","2025-01-06 02:00","2025","01","06","02:00","","-4.2","","-6.8","","82","","","","2","","17","","24.1","","99.61","","","","-10","","NA"
"-79.63","43.68","TORONTO INTL A","6158731","2025-01-06 03:00","2025","01","06","03:00","","-4.9","","-7.1","","84","","","","2","","18","","24.1","","99.60","","","","-11","","NA"
"-79.63","43.68","TORONTO INTL A","6158731","2025-01-06 04:00","2025","01","06","04:00","","-6.3","","-7.1","","94","","","","3","","23","","12.9","","99.60","","","","-14","","Snow"
"-79.63","43.68","TORONTO INTL A","6158731","2025-01-06 05:00","2025","01","06","05:00","","-6.8","","-8.9","","85","","","","2","","23","","24.1","","99.58","","","","-14","","NA"
"-79.63","43.68","TORONTO INTL A","6158731","2025-01-06 06:00","2025","01","06","06:00","","-7.0","","-9.6","","82","","","","1","","22","","24.1","","99.52","","","","-14","","NA"
"-79.63","43.68","TORONTO INTL A","6158731","2025-01-06 07:00","2025","01","06","07:00","","-7.5","","-11.0","","76","","","","1","","23","","24.1","","99.54","","","","-15","","Mostly Cloudy"
"-79.63","43.68","TORONTO INTL A","6158731","2025-01-06 08:00","2025","01","06","08:00","","-8.4","","-11.5","","78","","","","2","","23","","24.1","","99.57","","","","-16","","NA"
"-79.63","43.68","TORONTO INTL A","6158731","2025-01-06 09:00","2025","01","06","09:00","","-9.0","","-12.4","","76","","","","4","","22","","24.1","","99.58","","","","-17","","NA"
"-79.63","43.68","TORONTO INTL A","6158731","2025-01-06 10:00","2025","01","06","10:00","","-8.9","","-12.5","","75","","","","2","","21","","6.4","","99.60","","","","-17","","Snow"
"-79.63","43.68","TORONTO INTL A","6158731","2025-01-06 11:00","2025","01","06","11:00","","-9.1","","-12.8","","75","","","","2","","25","","16.1","","99.61","","","","-18","","Snow"
"-79.63","43.68","TORONTO INTL A","6158731","2025-01-06 12:00","2025","01","06","12:00","","-9.1","","-13.1","","73","","","","1","","31","","9.7","","99.52","","","","-18","","Snow"
"-79.63","43.68","TORONTO INTL A","6158731","2025-01-06 13:00","2025","01","06","13:00","","-8.4","","-13.1","","69","","","","36","","23","","16.1","","99.40","","","","-16","","Snow"
"-79.63","43.68","TORONTO INTL A","6158731","2025-01-06 14:00","2025","01","06","14:00","","-8.6","","-14.3","","64","","","","36","","21","","24.1","","99.38","","","","-16","","NA"
"-79.63","43.68","TORONTO INTL A","6158731","2025-01-06 15:00","2025","01","06","15:00","","-8.4","","-15.6","","56","","","","2","","34","","24.1","","99.36","","","","-18","","NA"
"-79.63","43.68","TORONTO INTL A","6158731","2025-01-06 16:00","2025","01","06","16:00","","-8.9","","-15.9","","57","","","","1","","28","","24.1","","99.42","","","","-18","","Clear"
"-79.63","43.68","TORONTO INTL A","6158731","2025-01-06 17:00","2025","01","06","17:00","","-9.7","","-15.9","","61","","","","35","","30","","24.1","","99.48","","","","-19","","NA"
"-79.63","43.68","TORONTO INTL A","6158731","2025-01-06 18:00","2025","01","06","18:00","","-9.7","","-15.6","","62","","","","35","","17","","24.1","","99.53","","","","-17","","NA"
"-79.63","43.68","TORONTO INTL A","6158731","2025-01-06 19:00","2025","01","06","19:00","","-9.4","","-15.1","","64","","","","34","","22","","24.1","","99.55","","","","-17","","Clear"
"-79.63","43.68","TORONTO INTL A","6158731","2025-01-06 20:00","2025","01","06","20:00","","-9.0","","-14.7","","63","","","","34","","28","","24.1","","99.59","","","","-18","","NA"
"-79.63","43.68","TORONTO INTL A","6158731","2025-01-06 21:00","2025","01","06","21:00","","-8.5","","-14.4","","63","","","","36","","23","","24.1","","99.62","","","","-17","","NA"
"-79.63","43.68","TORONTO INTL A","6158731","2025-01-06 22:00","2025","01","06","22:00","","-8.4","","-14.0","","64","","","","34","","21","","24.1","","99.61","","","","-16","","Mostly Cloudy"
"-79.63","43.68","TORONTO INTL A","6158731","2025-01-06 23:00","2025","01","06","23:00","","-8.3","","-13.1","","68","","","","34","","20","","16.1","","99.63","","","","-16","","Snow"
"-79.63","43.68","TORONTO INTL A","6158731","2025-01-07 00:00","2025","01","07","00:00","","-8.7","","-12.0","","77","","","","31","","19","","17.7","","99.61","","","","-16","","Snow"
"-79.63","43.68","TORONTO INTL A","6158731","2025-01-07 01:00","2025","01","07","01:00","","-8.6","","-11.4","","80","","","","31","","17","","16.1","","99.58","","","","-15","","Snow"
"-79.63","43.68","TORONTO INTL A","6158731","2025-01-07 02:00","2025","01","07","02:00","","-8.6","","-10.8","","84","","","","32","","14","","9.7","","99.60","","","","-15","","Snow"
"-79.63","43.68","TORONTO INTL A","6158731","2025-01-07 03:00","2025","01","07","03:00","","-8.1","","-9.8","","88","","","","32","","11","","6.4","","99.66","","","","-13","","Snow"
"-79.63","43.68","TORONTO INTL A","6158731","2025-01-07 04:00","2025","01","07","04:00","","-7.9","","-10.4","","82","","","","34","","18","","4.8","","99.67","","","","-15","","Snow"
"-79.63","43.68","TORONTO INTL A","6158731","2025-01-07 05:00","2025","01","07","05:00","","-8.3","","-10.3","","85","","","","32","","16","","16.1","","99.72","","","","-15","","Snow"
"-79.63","43.68","TORONTO INTL A","6158731","2025-01-07 06:00","2025","01","07","06:00","","-8.1","","-10.1","","86","","","","33","","18","","9.7","","99.75","","","","-15","","Snow"
"-79.63","43.68","TORONTO INTL A","6158731","2025-01-07 07:00","2025","01","07","07:00","","-7.7","","-11.3","","76","","","","32","","28","","16.1","","99.82","","","","-16","","Mainly Clear"
"-79.63","43.68","TORONTO INTL A","6158731","2025-01-07 08:00","2025","01","07","08:00","","-7.9","","-10.4","","83","","","","35","","13","","8.1","","99.87","","","","-14","","Snow"
"-79.63","43.68","TORONTO INTL A","6158731","2025-01-07 09:00","2025","01","07","09:00","","-8.2","","-10.1","","87","","","","1","","13","","8.1","","99.91","","","","-14","","Snow"
"-79.63","43.68","TORONTO INTL A","6158731","2025-01-07 10:00","2025","01","07","10:00","","-7.9","","-10.6","","81","","","","35","","19","","8.1","","99.94","","","","-15","","Snow"
"-79.63","43.68","TORONTO INTL A","6158731","2025-01-07 11:00","2025","01","07","11:00","","-7.6","","-10.3","","81","","","","34","","14","","6.4","","99.98","","","","-14","","Snow"
"-79.63","43.68","TORONTO INTL A","6158731","2025-01-07 12:00","2025","01","07","12:00","","-6.6","","-9.4","","81","","","","33","","14","","9.7","","99.96","","","","-12","","Snow"
"-79.63","43.68","TORONTO INTL A","6158731","2025-01-07 13:00","2025","01","07","13:00","","-6.2","","-8.9","","82","","","","32","","17","","9.7","","99.91","","","","-12","","Snow"
"-79.63","43.68","TORONTO INTL A","6158731","2025-01-07 14:00","2025","01","07","14:00","","-4.4","","-9.9","","65","","","","30","","34","","24.1","","99.90","","","","-13","","NA"
"-79.63","43.68","TORONTO INTL A","6158731","2025-01-07 15:00","2025","01","07","15:00","","-4.9","","-10.7","","64","","","","30","","33","","24.1","","99.94","","","","-13","","NA"
"-79.63","43.68","TORONTO INTL A","6158731","2025-01-07 16:00","2025","01","07","16:00","","-5.6","","-11.7","","62","","","","30","","37","","24.1","","100.00","","","","-15","","Mostly Cloudy"
"-79.63","43.68","TORONTO INTL A","6158731","2025-01-07 17:00","2025","01","07","17:00","","-6.2","","-12.8","","60","","","","30","","32","","24.1","","100.05","","","","-15","","NA"
"-79.63","43.68","TORONTO INTL A","6158731","2025-01-07 18:00","2025","01","07","18:00","","-6.8","","-13.3","","60","","","","30","","35","","24.1","","100.08","","","","-16","","NA"
"-79.63","43.68","TORONTO INTL A","6158731","2025-01-07 19:00","2025","01","07","19:00","","-7.1","","-12.9","","63","","","","29","","32","","24.1","","100.12","","","","-16","","Mostly Cloudy"
"-79.63","43.68","TORONTO INTL A","6158731","2025-01-07 20:00","2025","01","07","20:00","","-7.3","","-12.9","","64","","","","29","","34","","24.1","","100.15","","","","-16","","NA"
"-79.63","43.68","TORONTO INTL A","6158731","2025-01-07 21:00","2025","01","07","21:00","","-7.4","","-13.2","","63","","","","29","","27","","24.1","","100.13","","","","-16","","NA"
"-79.63","43.68","TORONTO INTL A","6158731","2025-01-07 22:00","2025","01","07","22:00","","-6.6","","-12.4","","64","","","","30","","26","","24.1","","100.14","","","","-15","","Mostly Cloudy"
"-79.63","43.68","TORONTO INTL A","6158731","2025-01-07 23:00","2025","01","07","23:00","","-6.8","","-12.2","","66","","","","30","","28","","24.1","","100.14","","","","-15","","Snow"
"-79.63","43.68","TORONTO INTL A","6158731","2025-01-08 00:00","2025","01","08","00:00","","-6.8","","-13.1","","61","","","","30","","30","","24.1","","100.11","","","","-15","","Snow"
"-79.63","43.68","TORONTO INTL A","6158731","2025-01-08 01:00","2025","01","08","01:00","","-7.3","","-13.7","","61","","","","30","","26","","24.1","","100.08","","","","-15","","Mostly Cloudy"
"-79.63","43.68","TORONTO INTL A","6158731","2025-01-08 02:00","2025","01","08","02:00","","-8.7","","-14.2","","65","","","","31","","23","","24.1","","100.06","","","","-17","","NA"
"-79.63","43.68","TORONTO INTL A","6158731","2025-01-08 03:00","2025","01","08","03:00","","-9.1","","-14.2","","67","","","","30","","33","","24.1","","100.07","","","","-19","","NA"
"-79.63","43.68","TORONTO INTL A","6158731","2025-01-08 04:00","2025","01","08","04:00","","-9.1","","-14.5","","65","","","","30","","30","","24.1","","100.03","","","","-18","","Mostly Cloudy"
"-79.63","43.68","TORONTO INTL A","6158731","2025-01-08 05:00","2025","01","08","05:00","","-9.3","","-14.7","","65","","","","30","","27","","24.1","","100.04","","","","-18","","NA"
"-79.63","43.68","TORONTO INTL A","6158731","2025-01-08 06:00","2025","01","08","06:00","","-12.0","","-15.7","","74","","","","1","","22","","24.1","","100.09","","","","-21","","NA"
"-79.63","43.68","TORONTO INTL A","6158731","2025-01-08 07:00","2025","01","08","07:00","","-12.9","","-17.0","","72","","","","35","","22","","24.1","","100.12","","","","-22","","Mostly Cloudy"
"-79.63","43.68","TORONTO INTL A","6158731","2025-01-08 08:00","2025","01","08","08:00","","-12.6","","-16.6","","72","","","","34","","17","","24.1","","100.10","","","","-20","","NA"
"-79.63","43.68","TORONTO INTL A","6158731","2025-01-08 09:00","2025","01","08","09:00","","-12.2","","-16.7","","69","","","","33","","22","","24.1","","100.11","","","","-21","","NA"
"-79.63","43.68","TORONTO INTL A","6158731","2025-01-08 10:00","2025","01","08","10:00","","-10.9","","-16.2","","66","","","","32","","22","","24.1","","100.11","","","","-19","","Mainly Clear"
"-79.63","43.68","TORONTO INTL A","6158731","2025-01-08 11:00","2025","01","08","11:00","","-9.9","","-16.6","","58","","","","31","","27","","24.1","","100.06","","","","-19","","NA"
"-79.63","43.68","TORONTO INTL A","6158731","2025-01-08 12:00","2025","01","08","12:00","","-8.2","","-16.3","","52","","","","32","","23","","24.1","","99.96","","","","-16","","NA"
"-79.63","43.68","TORONTO INTL A","6158731","2025-01-08 13:00","2025","01","08","13:00","","-7.8","","-16.4","","51","","","","32","","22","","24.1","","99.85","","","","-15","","Mainly Clear"
"-79.63","43.68","TORONTO INTL A","6158731","2025-01-08 14:00","2025","01","08","14:00","","-6.6","","-15.6","","49","","","","32","","24","","24.1","","99.79","","","","-14","","NA"
"-79.63","43.68","TORONTO INTL A","6158731","2025-01-08 15:00","2025","01","08","15:00","","-7.3","","-15.6","","52","","","","31","","22","","24.1","","99.75","","","","-15","","NA"
"-79.63","43.68","TORONTO INTL A","6158731","2025-01-08 16:00","2025","01","08","16:00","","-7.8","","-15.2","","56","","","","30","","29","","24.1","","99.77","","","","-17","","Mostly Cloudy"
"-79.63","43.68","TORONTO INTL A","6158731","2025-01-08 17:00","2025","01","08","17:00","","-8.1","","-15.3","","57","","","","31","","25","","24.1","","99.78","","","","-16","","NA"
"-79.63","43.68","TORONTO INTL A","6158731","2025-01-08 18:00","2025","01","08","18:00","","-8.3","","-15.1","","58","","","","32","","25","","24.1","","99.80","","","","-17","","NA"
"-79.63","43.68","TORONTO INTL A","6158731","2025-01-08 19:00","2025","01","08","19:00","","-8.5","","-14.8","","60","","","","29","","24","","24.1","","99.78","","","","-17","","Mostly Cloudy"
"-79.63","43.68","TORONTO INTL A","6158731","2025-01-08 20:00","2025","01","08","20:00","","-8.4","","-14.8","","60","","","","28","","19","","24.1","","99.78","","","","-16","","NA"
"-79.63","43.68","TORONTO INTL A","6158731","2025-01-08 21:00","2025","01","08","21:00","","-8.8","","-15.3","","60","","","","30","","22","","24.1","","99.76","","","","-17","","NA"
"-79.63","43.68","TORONTO INTL A","6158731","2025-01-08 22:00","2025","01","08","22:00","","-9.5","","-15.5","","62","","","","30","","19","","24.1","","99.73","","","","-17","","Mostly Cloudy"
"-79.63","43.68","TORONTO INTL A","6158731","2025-01-08 23:00","2025","01","08","23:00","","-10.1","","-15.7","","64","","","","29","","21","","24.1","","99.71","","","","-18","","NA"
"-79.63","43.68","TORONTO INTL A","6158731","2025-01-09 00:00","2025","01","09","00:00","","-10.2","","-15.0","","68","","","","30","","19","","24.1","","99.70","","","","-18","","NA"
"-79.63","43.68","TORONTO INTL A","6158731","2025-01-09 01:00","2025","01","09","01:00","","-10.5","","-15.3","","68","","","","31","","21","","24.1","","99.70","","","","-19","","Mainly Clear"
"-79.63","43.68","TORONTO INTL A","6158731","2025-01-09 02:00","2025","01","09","02:00","","-10.4","","-14.8","","70","","","","32","","13","","24.1","","99.70","","","","-17","","NA"
"-79.63","43.68","TORONTO INTL A","6158731","2025-01-09 03:00","2025","01","09","03:00","","-11.5","","-14.4","","79","","","","36","","13","","24.1","","99.74","","","","-18","","NA"
"-79.63","43.68","TORONTO INTL A","6158731","2025-01-09 04:00","2025","01","09","04:00","","-12.0","","-15.0","","79","","","","35","","18","","24.1","","99.78","","","","-20","","Mainly Clear"
"-79.63","43.68","TORONTO INTL A","6158731","2025-01-09 05:00","2025","01","09","05:00","","-12.4","","-15.3","","80","","","","33","","13","","24.1","","99.83","","","","-19","","NA"
"-79.63","43.68","TORONTO INTL A","6158731","2025-01-09 06:00","2025","01","09","06:00","","-11.9","","-15.0","","78","","","","35","","14","","19.3","","99.89","","","","-19","","Snow"
"-79.63","43.68","TORONTO INTL A","6158731","2025-01-09 07:00","2025","01","09","07:00","","-12.6","","-15.9","","77","","","","34","","16","","24.1","","99.96","","","","-20","","Mainly Clear"
"-79.63","43.68","TORONTO INTL A","6158731","2025-01-09 08:00","2025","01","09","08:00","","-12.7","","-15.8","","78","","","","31","","14","","24.1","","100.00","","","","-20","","NA"
"-79.63","43.68","TORONTO INTL A","6158731","2025-01-09 09:00","2025","01","09","09:00","","-11.4","","-15.1","","74","","","","32","","15","","24.1","","100.03","","","","-18","","NA"
"-79.63","43.68","TORONTO INTL A","6158731","2025-01-09 10:00","2025","01","09","10:00","","-9.7","","-14.2","","70","","","","30","","9","","24.1","","100.09","","","","-15","","Mainly Clear"
"-79.63","43.68","TORONTO INTL A","6158731","2025-01-09 11:00","2025","01","09","11:00","","-7.8","","-13.8","","62","","","","34","","19","","24.1","","100.11","","","","-15","","NA"
"-79.63","43.68","TORONTO INTL A","6158731","2025-01-09 12:00","2025","01","09","12:00","","-6.2","","-13.6","","56","","","","33","","15","","24.1","","100.05","","","","-12","","NA"
"-79.63","43.68","TORONTO INTL A","6158731","2025-01-09 13:00","2025","01","09","13:00","","-5.4","","-13.6","","53","","","","33","","19","","24.1","","100.00","","","","-12","","Clear"
"-79.63","43.68","TORONTO INTL A","6158731","2025-01-09 14:00","2025","01","09","14:00","","-4.3","","-13.6","","49","","","","33","","21","","24.1","","99.99","","","","-11","","NA"
"-79.63","43.68","TORONTO INTL A","6158731","2025-01-09 15:00","2025","01","09","15:00","","-4.8","","-14.0","","49","","","","31","","25","","24.1","","100.00","","","","-12","","NA"
"-79.63","43.68","TORONTO INTL A","6158731","2025-01-09 16:00","2025","01","09","16:00","","-5.6","","-13.8","","53","","","","31","","22","","24.1","","100.03","","","","-13","","Clear"
"-79.63","43.68","TORONTO INTL A","6158731","2025-01-09 17:00","2025","01","09","17:00","","-6.6","","-14.4","","54","","","","30","","22","","24.1","","100.04","","","","-14","","NA"
"-79.63","43.68","TORONTO INTL A","6158731","2025-01-09 18:00","2025","01","09","18:00","","-7.3","","-14.8","","55","","","","30","","23","","24.1","","100.06","","","","-15","","NA"
"-79.63","43.68","TORONTO INTL A","6158731","2025-01-09 19:00","2025","01","09","19:00","","-7.8","","-16.6","","50","","","","30","","22","","24.1","","100.09","","","","-15","","Clear"
"-79.63","43.68","TORONTO INTL A","6158731","2025-01-09 20:00","2025","01","09","20:00","","-9.4","","-16.1","","58","","","","28","","17","","24.1","","100.13","","","","-16","","NA"
"-79.63","43.68","TORONTO INTL A","6158731","2025-01-09 21:00","2025","01","09","21:00","","-9.4","","-16.4","","57","","","","29","","16","","24.1","","100.11","","","","-16","","NA"
"-79.63","43.68","TORONTO INTL A","6158731","2025-01-09 22:00","2025","01","09","22:00","","-10.4","","-16.5","","61","","","","27","","11","","24.1","","100.14","","","","-16","","Clear"
"-79.63","43.68","TORONTO INTL A","6158731","2025-01-09 23:00","2025","01","09","23:00","","-9.7","","-14.8","","67","","","","28","","15","","24.1","","100.16","","","","-16","","NA"
"-79.63","43.68","TORONTO INTL A","6158731","2025-01-10 00:00","2025","01","10","00:00","","-8.8","","-12.7","","74","","","","31","","17","","24.1","","100.07","","","","-16","","NA"
"-79.63","43.68","TORONTO INTL A","6158731","2025-01-10 01:00","2025","01","10","01:00","","-9.9","","-13.2","","77","","","","29","","13","","24.1","","100.04","","","","-16","","Mainly Clear"
"-79.63","43.68","TORONTO INTL A","6158731","2025-01-10 02:00","2025","01","10","02:00","","-10.4","","-13.2","","80","","","","25","","7","","24.1","","99.94","","","","-14","","NA"
"-79.63","43.68","TORONTO INTL A","6158731","2025-01-10 03:00","2025","01","10","03:00","","-11.2","","-14.0","","80","","","","24","","13","","24.1","","100.07","","","","-18","","NA"
"-79.63","43.68","TORONTO INTL A","6158731","2025-01-10 04:00","2025","01","10","04:00","","-11.3","","-13.7","","82","","","","24","","12","","24.1","","100.08","","","","-17","","Mainly Clear"
"-79.63","43.68","TORONTO INTL A","6158731","2025-01-10 05:00","2025","01","10","05:00","","-11.2","","-13.7","","82","","","","27","","10","","24.1","","100.02","","","","-17","","NA"
"-79.63","43.68","TORONTO INTL A","6158731","2025-01-10 06:00","2025","01","10","06:00","","-11.2","","-14.3","","77","","","","25","","12","","24.1","","100.00","","","","-17","","NA"
"-79.63","43.68","TORONTO INTL A","6158731","2025-01-10 07:00","2025","01","10","07:00","","-10.7","","-14.6","","73","","","","26","","4","","24.1","","99.95","","","","-13","","Mainly Clear"
"-79.63","43.68","TORONTO INTL A","6158731","2025-01-10 08:00","2025","01","10","08:00","","-10.6","","-14.9","","71","","","","25","","7","","24.1","","99.98","","","","-15","","NA"
"-79.63","43.68","TORONTO INTL A","6158731","2025-01-10 09:00","2025","01","10","09:00","","-8.8","","-14.4","","64","","","","30","","4","","24.1","","99.90","","","","-11","","NA"
"-79.63","43.68","TORONTO INTL A","6158731","2025-01-10 10:00","2025","01","10","10:00","","-7.4","","-12.8","","66","","","","","","0","","24.1","","99.84","","","","","","Mostly Cloudy"
"-79.63","43.68","TORONTO INTL A","6158731","2025-01-10 11:00","2025","01","10","11:00","","-5.0","","-11.4","","61","","","","16","","4","","24.1","","99.82","","","","-7","","NA"
"-79.63","43.68","TORONTO INTL A","6158731","2025-01-10 12:00","2025","01","10","12:00","","-4.4","","-12.1","","55","","","","17","","9","","24.1","","99.65","","","","-8","","NA"
"-79.63","43.68","TORONTO INTL A","6158731","2025-01-10 13:00","2025","01","10","13:00","","-3.1","","-10.4","","57","","","","18","","11","","24.1","","99.50","","","","-7","","Mostly Cloudy"
"-79.63","43.68","TORONTO INTL A","6158731","2025-01-10 14:00","2025","01","10","14:00","","-3.1","","-9.8","","60","","","","18","","15","","24.1","","99.42","","","","-8","","NA"
"-79.63","43.68","TORONTO INTL A","6158731","2025-01-10 15:00","2025","01","10","15:00","","-3.0","","-9.2","","62","","","","18","","12","","24.1","","99.25","","","","-7","","NA"
"-79.63","43.68","TORONTO INTL A","6158731","2025-01-10 16:00","2025","01","10","16:00","","-3.1","","-8.4","","67","","","","17","","8","","24.1","","99.18","","","","-6","","Cloudy"
"-79.63","43.68","TORONTO INTL A","6158731","2025-01-10 17:00","2025","01","10","17:00","","-2.9","","-8.3","","66","","","","16","","9","","24.1","","99.12","","","","-6","","NA"
"-79.63","43.68","TORONTO INTL A","6158731","2025-01-10 18:00","2025","01","10","18:00","","-3.1","","-8.8","","65","","","","18","","16","","24.1","","99.06","","","","-8","","NA"
"-79.63","43.68","TORONTO INTL A","6158731","2025-01-10 19:00","2025","01","10","19:00","","-3.2","","-8.6","","67","","","","20","","16","","16.1","","98.94","","","","-9","","Snow"
"-79.63","43.68","TORONTO INTL A","6158731","2025-01-10 20:00","2025","01","10","20:00","","-4.5","","-5.1","","96","","","","20","","9","","2.0","","98.86","","","","-8","","Snow"
"-79.63","43.68","TORONTO INTL A","6158731","2025-01-10 21:00","2025","01","10","21:00","","-4.8","","-5.2","","97","","","","20","","12","","2.0","","98.75","","","","-10","","Snow"
"-79.63","43.68","TORONTO INTL A","6158731","2025-01-10 22:00","2025","01","10","22:00","","-5.1","","-5.8","","95","","","","23","","12","","3.2","","98.68","","","","-10","","Snow"
"-79.63","43.68","TORONTO INTL A","6158731","2025-01-10 23:00","2025","01","10","23:00","","-5.2","","-5.8","","95","","","","22","","9","","3.2","","98.59","","","","-9","","Snow"
"-79.63","43.68","TORONTO INTL A","6158731","2025-01-11 00:00","2025","01","11","00:00","","-5.3","","-5.6","","98","","","","21","","5","","2.0","","98.47","","","","-8","","Snow"
"-79.63","43.68","TORONTO INTL A","6158731","2025-01-11 01:00","2025","01","11","01:00","","-5.3","","-5.7","","97","","","","21","","4","","3.2","","98.39","","","","-7","","Snow"
"-79.63","43.68","TORONTO INTL A","6158731","2025-01-11 02:00","2025","01","11","02:00","","-5.1","","-5.6","","96","","","","26","","4","","3.2","","98.32","","","","-7","","Snow"
"-79.63","43.68","TORONTO INTL A","6158731","2025-01-11 03:00","2025","01","11","03:00","","-5.0","","-5.5","","96","","","","27","","3","","2.0","","98.27","","","","-6","","Snow"
"-79.63","43.68","TORONTO INTL A","6158731","2025-01-11 04:00","2025","01","11","04:00","","-5.5","","-5.6","","99","","","","","","0","","4.0","","98.19","","","","","","Snow"
"-79.63","43.68","TORONTO INTL A","6158731","2025-01-11 05:00","2025","01","11","05:00","","-5.3","","-5.6","","98","","","","","","0","","3.2","","98.15","","","","","","Snow"
"-79.63","43.68","TORONTO INTL A","6158731","2025-01-11 06:00","2025","01","11","06:00","","-5.1","","-5.3","","98","","","","15","","4","","2.4","","98.13","","","","-7","","Snow"
"-79.63","43.68","TORONTO INTL A","6158731","2025-01-11 07:00","2025","01","11","07:00","","-5.0","","-5.2","","98","","","","","","0","","2.4","","98.13","","","","","","Snow"
"-79.63","43.68","TORONTO INTL A","6158731","2025-01-11 08:00","2025","01","11","08:00","","-5.3","","-5.6","","98","","","","24","","5","","2.4","","98.16","","","","-8","","Snow"
"-79.63","43.68","TORONTO INTL A","6158731","2025-01-11 09:00","2025","01","11","09:00","","-5.8","","-6.3","","96","","","","25","","8","","9.7","","98.21","","","","-10","","Snow"
"-79.63","43.68","TORONTO INTL A","6158731","2025-01-11 10:00","2025","01","11","10:00","","-4.5","","-6.0","","89","","","","24","","9","","9.7","","98.27","","","","-8","","Snow"
"-79.63","43.68","TORONTO INTL A","6158731","2025-01-11 11:00","2025","01","11","11:00","","-3.6","","-6.2","","82","","","","27","","9","","11.3","","98.28","","","","-7","","Snow"
"-79.63","43.68","TORONTO INTL A","6158731","2025-01-11 12:00","2025","01","11","12:00","","-2.1","","-5.7","","76","","","","27","","8","","12.9","","98.27","","","","-5","","NA"
"-79.63","43.68","TORONTO INTL A","6158731","2025-01-11 13:00","2025","01","11","13:00","","-1.3","","-5.3","","74","","","","32","","19","","16.1","","98.26","","","","-7","","Mostly Cloudy"
"-79.63","43.68","TORONTO INTL A","6158731","2025-01-11 14:00","2025","01","11","14:00","","-0.5","","-5.1","","71","","","","27","","14","","17.7","","98.32","","","","-5","","NA"
"-79.63","43.68","TORONTO INTL A","6158731","2025-01-11 15:00","2025","01","11","15:00","","-0.2","","-5.3","","68","","","","32","","14","","17.7","","98.41","","","","-4","","NA"
"-79.63","43.68","TORONTO INTL A","6158731","2025-01-11 16:00","2025","01","11","16:00","","0.0","","-5.2","","68","","","","29","","16","","24.1","","98.51","","","","-5","","Mostly Cloudy"
"-79.63","43.68","TORONTO INTL A","6158731","2025-01-11 17:00","2025","01","11","17:00","","-0.8","","-4.7","","75","","","","27","","14","","19.3","","98.64","","","","-5","","NA"
"-79.63","43.68","TORONTO INTL A","6158731","2025-01-11 18:00","2025","01","11","18:00","","-1.3","","-4.6","","78","","","","27","","15","","17.7","","98.75","","","","-6","","NA"
"-79.63","43.68","TORONTO INTL A","6158731","2025-01-11 19:00","2025","01","11","19:00","","-1.6","","-4.4","","81","","","","26","","10","","24.1","","98.82","","","","-5","","Mostly Cloudy"
"-79.63","43.68","TORONTO INTL A","6158731","2025-01-11 20:00","2025","01","11","20:00","","-1.7","","-3.9","","85","","","","26","","13","","9.7","","98.86","","","","-6","","Fog"
"-79.63","43.68","TORONTO INTL A","6158731","2025-01-11 21:00","2025","01","11","21:00","","-1.6","","-3.3","","88","","","","24","","8","","9.7","","98.92","","","","-5","","Snow"
"-79.63","43.68","TORONTO INTL A","6158731","2025-01-11 22:00","2025","01","11","22:00","","-1.4","","-2.5","","92","","","","28","","12","","6.4","","98.98","","","","-5","","Snow"
"-79.63","43.68","TORONTO INTL A","6158731","2025-01-11 23:00","2025","01","11","23:00","","-1.2","","-3.0","","87","","","","27","","11","","16.1","","99.04","","","","-5","","NA"
"-79.63","43.68","TORONTO INTL A","6158731","2025-01-12 00:00","2025","01","12","00:00","","-1.5","","-3.8","","85","","","","27","","13","","19.3","","99.03","","","","-6","","NA"
"-79.63","43.68","TORONTO INTL A","6158731","2025-01-12 01:00","2025","01","12","01:00","","-3.7","","-4.6","","94","","","","26","","9","","24.1","","99.09","","","","-7","","Mainly Clear"
"-79.63","43.68","TORONTO INTL A","6158731","2025-01-12 02:00","2025","01","12","02:00","","-2.1","","-4.4","","84","","","","26","","18","","24.1","","99.17","","","","-8","","NA"
"-79.63","43.68","TORONTO INTL A","6158731","2025-01-12 03:00","2025","01","12","03:00","","-3.5","","-5.1","","88","","","","27","","12","","24.1","","99.20","","","","-8","","NA"
"-79.63","43.68","TORONTO INTL A","6158731","2025-01-12 04:00","2025","01","12","04:00","","-2.7","","-4.4","","88","","","","26","","12","","24.1","","99.23","","","","-7","","Mostly Cloudy"
"-79.63","43.68","TORONTO INTL A","6158731","2025-01-12 05:00","2025","01","12","05:00","","-2.8","","-4.4","","89","","","","26","","8","","24.1","","99.25","","","","-6","","NA"
"-79.63","43.68","TORONTO INTL A","6158731","2025-01-12 06:00","2025","01","12","06:00","","-2.8","","-4.5","","89","","","","31","","5","","24.1","","99.26","","","","-5","","NA"
"-79.63","43.68","TORONTO INTL A","6158731","2025-01-12 07:00","2025","01","12","07:00","","-2.2","","-3.9","","88","","","","29","","4","","24.1","","99.30","","","","-4","","Mostly Cloudy"
"-79.63","43.68","TORONTO INTL A","6158731","2025-01-12 08:00","2025","01","12","08:00","","-2.3","","-3.9","","89","","","","26","","8","","24.1","","99.32","","","","-5","","NA"
"-79.63","43.68","TORONTO INTL A","6158731","2025-01-12 09:00","2025","01","12","09:00","","-1.6","","-3.9","","85","","","","28","","4","","24.1","","99.38","","","","-3","","NA"
"-79.63","43.68","TORONTO INTL A","6158731","2025-01-12 10:00","2025","01","12","10:00","","-1.0","","-4.0","","80","","","","23","","5","","24.1","","99.47","","","","-3","","Mostly Cloudy"
"-79.63","43.68","TORONTO INTL A","6158731","2025-01-12 11:00","2025","01","12","11:00","","0.6","","-4.5","","69","","","","20","","10","","24.1","","99.48","","","","","","NA"
"-79.63","43.68","TORONTO INTL A","6158731","2025-01-12 12:00","2025","01","12","12:00","","1.4","","-5.6","","60","","","","24","","14","","24.1","","99.40","","","","","","NA"
"-79.63","43.68","TORONTO INTL A","6158731","2025-01-12 13:00","2025","01","12","13:00","","0.8","","-5.2","","64","","","","20","","16","","24.1","","99.30","","","","","","Mostly Cloudy"
"-79.63","43.68","TORONTO INTL A","6158731","2025-01-12 14:00","2025","01","12","14:00","","1.1","","-6.1","","59","","","","23","","19","","24.1","","99.24","","","","","","NA"
"-79.63","43.68","TORONTO INTL A","6158731","2025-01-12 15:00","2025","01","12","15:00","","0.8","","-3.8","","71","","","","17","","13","","24.1","","99.20","","","","","","Snow"
"-79.63","43.68","TORONTO INTL A","6158731","2025-01-12 16:00","2025","01","12","16:00","","0.5","","-4.7","","68","","","","20","","18","","24.1","","99.19","","","","","","Cloudy"
"-79.63","43.68","TORONTO INTL A","6158731","2025-01-12 17:00","2025","01","12","17:00","","0.0","","-5.2","","68","","","","19","","13","","24.1","","99.19","","","","-4","","NA"
"-79.63","43.68","TORONTO INTL A","6158731","2025-01-12 18:00","2025","01","12","18:00","","-0.3","","-4.6","","73","","","","18","","16","","24.1","","99.18","","","","-5","","Snow"
"-79.63","43.68","TORONTO INTL A","6158731","2025-01-12 19:00","2025","01","12","19:00","","-0.3","","-4.0","","76","","","","19","","9","","24.1","","99.19","","","","-3","","Mostly Cloudy"
"-79.63","43.68","TORONTO INTL A","6158731","2025-01-12 20:00","2025","01","12","20:00","","0.1","","-4.3","","72","","","","16","","11","","24.1","","99.12","","","","","","NA"
"-79.63","43.68","TORONTO INTL A","6158731","2025-01-12 21:00","2025","01","12","21:00","","0.1","","-3.7","","76","","","","19","","16","","6.4","","99.08","","","","","","Snow"
"-79.63","43.68","TORONTO INTL A","6158731","2025-01-12 22:00","2025","01","12","22:00","","-1.0","","-1.1","","100","","","","16","","12","","4.8","","99.03","","","","-5","","Snow"
"-79.63","43.68","TORONTO INTL A","6158731","2025-01-12 23:00","2025","01","12","23:00","","-0.7","","-1.2","","96","","","","18","","18","","9.7","","99.00","","","","-6","","Fog"
"-79.63","43.68","TORONTO INTL A","6158731","2025-01-13 00:00","2025","01","13","00:00","","-0.4","","-1.8","","90","","","","19","","14","","9.7","","98.90","","","","-5","","Snow,Fog"
"-79.63","43.68","TORONTO INTL A","6158731","2025-01-13 01:00","2025","01","13","01:00","","-0.3","","-1.2","","93","","","","20","","18","","12.9","","98.84","","","","-5","","Cloudy"
"-79.63","43.68","TORONTO INTL A","6158731","2025-01-13 02:00","2025","01","13","02:00","","0.1","","-0.6","","95","","","","20","","13","","12.9","","98.82","","","","","","NA"
"-79.63","43.68","TORONTO INTL A","6158731","2025-01-13 03:00","2025","01","13","03:00","","0.6","","-0.4","","93","","","","22","","16","","24.1","","98.84","","","","","","NA"
"-79.63","43.68","TORONTO INTL A","6158731","2025-01-13 04:00","2025","01","13","04:00","","0.7","","-0.4","","92","","","","21","","14","","16.1","","98.79","","","","","","Cloudy"
"-79.63","43.68","TORONTO INTL A","6158731","2025-01-13 05:00","2025","01","13","05:00","","1.1","","-1.5","","83","","","","23","","15","","24.1","","98.74","","","","","","NA"
"-79.63","43.68","TORONTO INTL A","6158731","2025-01-13 06:00","2025","01","13","06:00","","1.1","","-1.8","","81","","","","20","","14","","19.3","","98.72","","","","","","Snow"
"-79.63","43.68","TORONTO INTL A","6158731","2025-01-13 07:00","2025","01","13","07:00","","0.3","","-2.5","","81","","","","22","","23","","12.9","","98.74","","","","","","Snow"
"-79.63","43.68","TORONTO INTL A","6158731","2025-01-13 08:00","2025","01","13","08:00","","-0.9","","-1.4","","96","","","","25","","22","","12.9","","98.81","","","","-7","","Snow"
"-79.63","43.68","TORONTO INTL A","6158731","2025-01-13 09:00","2025","01","13","09:00","","-0.9","","-3.5","","83","","","","25","","28","","9.7","","98.87","","","","-7","","Snow"
"-79.63","43.68","TORONTO INTL A","6158731","2025-01-13 10:00","2025","01","13","10:00","","-0.9","","-4.4","","77","","","","25","","27","","16.1","","98.95","","","","-7","","Snow"
"-79.63","43.68","TORONTO INTL A","6158731","2025-01-13 11:00","2025","01","13","11:00","","-1.1","","-4.6","","78","","","","24","","31","","16.1","","98.99","","","","-8","","Snow"
"-79.63","43.68","TORONTO INTL A","6158731","2025-01-13 12:00","2025","01","13","12:00","","-1.9","","-5.2","","78","","","","25","","36","","12.9","","98.95","","","","-10","","Snow,Blowing Snow"
"-79.63","43.68","TORONTO INTL A","6158731","2025-01-13 13:00","2025","01","13","13:00","","-1.9","","-5.4","","77","","","","24","","34","","16.1","","98.93","","","","-9","","Snow"
"-79.63","43.68","TORONTO INTL A","6158731","2025-01-13 14:00","2025","01","13","14:00","","-2.0","","-5.6","","77","","","","25","","39","","16.1","","98.95","","","","-10","","Snow"
"-79.63","43.68","TORONTO INTL A","6158731","2025-01-13 15:00","2025","01","13","15:00","","-2.1","","-6.2","","74","","","","26","","36","","24.1","","99.03","","","","-10","","NA"
"-79.63","43.68","TORONTO INTL A","6158731","2025-01-13 16:00","2025","01","13","16:00","","-2.4","","-6.5","","74","","","","25","","35","","24.1","","99.08","","","","-10","","Mostly Cloudy"
"-79.63","43.68","TORONTO INTL A","6158731","2025-01-13 17:00","2025","01","13","17:00","","-3.1","","-7.5","","72","","","","26","","31","","24.1","","99.16","","","","-11","","NA"
"-79.63","43.68","TORONTO INTL A","6158731","2025-01-13 18:00","2025","01","13","18:00","","-3.5","","-7.0","","77","","","","26","","23","","16.1","","99.21","","","","-10","","Snow"
"-79.63","43.68","TORONTO INTL A","6158731","2025-01-13 19:00","2025","01","13","19:00","","-4.1","","-7.5","","78","","","","26","","34","","9.7","","99.28","","","","-12","","Snow"
"-79.63","43.68","TORONTO INTL A","6158731","2025-01-13 20:00","2025","01","13","20:00","","-4.3","","-8.2","","74","","","","25","","22","","24.1","","99.30","","","","-11","","NA"
"-79.63","43.68","TORONTO INTL A","6158731","2025-01-13 21:00","2025","01","13","21:00","","-4.7","","-9.5","","69","","","","27","","29","","19.3","","99.33","","","","-12","","Snow"
"-79.63","43.68","TORONTO INTL A","6158731","2025-01-13 22:00","2025","01","13","22:00","","-5.7","","-9.7","","74","","","","27","","29","","19.3","","99.33","","","","-14","","Snow"
"-79.63","43.68","TORONTO INTL A","6158731","2025-01-13 23:00","2025","01","13","23:00","","-6.4","","-10.6","","72","","","","27","","40","","19.3","","99.36","","","","-16","","Snow,Blowing Snow"
"-79.63","43.68","TORONTO INTL A","6158731","2025-01-14 00:00","2025","01","14","00:00","","-7.5","","-13.4","","63","","","","27","","37","","24.1","","99.43","","","","-17","","NA"
"-79.63","43.68","TORONTO INTL A","6158731","2025-01-14 01:00","2025","01","14","01:00","","-8.2","","-13.3","","67","","","","25","","36","","24.1","","99.40","","","","-18","","Blowing Snow"
"-79.63","43.68","TORONTO INTL A","6158731","2025-01-14 02:00","2025","01","14","02:00","","-7.9","","-12.9","","67","","","","25","","37","","24.1","","99.47","","","","-18","","Blowing Snow"
"-79.63","43.68","TORONTO INTL A","6158731","2025-01-14 03:00","2025","01","14","03:00","","-7.8","","-12.9","","67","","","","26","","33","","24.1","","99.57","","","","-17","","NA"
"-79.63","43.68","TORONTO INTL A","6158731","2025-01-14 04:00","2025","01","14","04:00","","-7.7","","-12.8","","67","","","","25","","30","","24.1","","99.59","","","","-17","","Cloudy"
"-79.63","43.68","TORONTO INTL A","6158731","2025-01-14 05:00","2025","01","14","05:00","","-7.8","","-12.7","","68","","","","25","","29","","24.1","","99.58","","","","-17","","NA"
"-79.63","43.68","TORONTO INTL A","6158731","2025-01-14 06:00","2025","01","14","06:00","","-7.6","","-13.2","","65","","","","26","","34","","24.1","","99.57","","","","-17","","NA"
"-79.63","43.68","TORONTO INTL A","6158731","2025-01-14 07:00","2025","01","14","07:00","","-7.8","","-12.6","","69","","","","26","","25","","24.1","","99.59","","","","-16","","Mostly Cloudy"
"-79.63","43.68","TORONTO INTL A","6158731","2025-01-14 08:00","2025","01","14","08:00","","-7.8","","-13.0","","67","","","","26","","29","","24.1","","99.62","","","","-17","","NA"
"-79.63","43.68","TORONTO INTL A","6158731","2025-01-14 09:00","2025","01","14","09:00","","-7.8","","-13.1","","66","","","","25","","32","","24.1","","99.64","","","","-17","","NA"
"-79.63","43.68","TORONTO INTL A","6158731","2025-01-14 10:00","2025","01","14","10:00","","-7.5","","-13.2","","64","","","","26","","34","","24.1","","99.67","","","","-17","","Mostly Cloudy"
"-79.63","43.68","TORONTO INTL A","6158731","2025-01-14 11:00","2025","01","14","11:00","","-6.8","","-13.3","","60","","","","27","","43","","24.1","","99.67","","","","-17","","NA"
"-79.63","43.68","TORONTO INTL A","6158731","2025-01-14 12:00","2025","01","14","12:00","","-6.7","","-14.1","","56","","","","27","","45","","24.1","","99.58","","","","-17","","NA"
"-79.63","43.68","TORONTO INTL A","6158731","2025-01-14 13:00","2025","01","14","13:00","","-6.2","","-13.8","","55","","","","27","","40","","24.1","","99.52","","","","-16","","Mainly Clear"
"-79.63","43.68","TORONTO INTL A","6158731","2025-01-14 14:00","2025","01","14","14:00","","-6.4","","-13.9","","55","","","","28","","40","","24.1","","99.52","","","","-16","","NA"
"-79.63","43.68","TORONTO INTL A","6158731","2025-01-14 15:00","2025","01","14","15:00","","-6.8","","-14.1","","56","","","","27","","37","","24.1","","99.54","","","","-16","","NA"
"-79.63","43.68","TORONTO INTL A","6158731","2025-01-14 16:00","2025","01","14","16:00","","-7.3","","-14.4","","57","","","","26","","31","","24.1","","99.58","","","","-16","","Mainly Clear"
"-79.63","43.68","TORONTO INTL A","6158731","2025-01-14 17:00","2025","01","14","17:00","","-8.1","","-14.3","","61","","","","27","","30","","24.1","","99.66","","","","-17","","NA"
"-79.63","43.68","TORONTO INTL A","6158731","2025-01-14 18:00","2025","01","14","18:00","","-8.8","","-14.0","","66","","","","28","","30","","24.1","","99.71","","","","-18","","NA"
"-79.63","43.68","TORONTO INTL A","6158731","2025-01-14 19:00","2025","01","14","19:00","","-9.2","","-13.8","","70","","","","28","","21","","24.1","","99.77","","","","-17","","Mainly Clear"
"-79.63","43.68","TORONTO INTL A","6158731","2025-01-14 20:00","2025","01","14","20:00","","-8.5","","-12.6","","72","","","","27","","30","","24.1","","99.84","","","","-18","","NA"
"-79.63","43.68","TORONTO INTL A","6158731","2025-01-14 21:00","2025","01","14","21:00","","-8.5","","-11.9","","77","","","","27","","32","","24.1","","99.85","","","","-18","","NA"
"-79.63","43.68","TORONTO INTL A","6158731","2025-01-14 22:00","2025","01","14","22:00","","-8.5","","-11.9","","77","","","","28","","24","","24.1","","99.90","","","","-17","","Mainly Clear"
"-79.63","43.68","TORONTO INTL A","6158731","2025-01-14 23:00","2025","01","14","23:00","","-8.0","","-11.3","","78","","","","29","","17","","24.1","","99.97","","","","-15","","Snow"
"-79.63","43.68","TORONTO INTL A","6158731","2025-01-15 00:00","2025","01","15","00:00","","-7.9","","-10.7","","80","","","","28","","14","","24.1","","100.05","","","","-14","","Snow"
"-79.63","43.68","TORONTO INTL A","6158731","2025-01-15 01:00","2025","01","15","01:00","","-8.1","","-10.9","","81","","","","27","","11","","24.1","","100.10","","","","-13","","Snow"
"-79.63","43.68","TORONTO INTL A","6158731","2025-01-15 02:00","2025","01","15","02:00","","-8.2","","-9.8","","88","","","","1","","8","","24.1","","100.16","","","","-12","","NA"
"-79.63","43.68","TORONTO INTL A","6158731","2025-01-15 03:00","2025","01","15","03:00","","-8.9","","-10.8","","86","","","","35","","11","","24.1","","100.26","","","","-14","","NA"
"-79.63","43.68","TORONTO INTL A","6158731","2025-01-15 04:00","2025","01","15","04:00","","-10.0","","-11.6","","88","","","","32","","12","","24.1","","100.30","","","","-16","","Clear"
"-79.63","43.68","TORONTO INTL A","6158731","2025-01-15 05:00","2025","01","15","05:00","","-10.2","","-11.4","","91","","","","30","","12","","24.1","","100.30","","","","-16","","NA"
"-79.63","43.68","TORONTO INTL A","6158731","2025-01-15 06:00","2025","01","15","06:00","","-10.6","","-11.9","","90","","","","31","","10","","24.1","","100.32","","","","-16","","NA"
"-79.63","43.68","TORONTO INTL A","6158731","2025-01-15 07:00","2025","01","15","07:00","","-9.5","","-11.6","","85","","","","1","","10","","24.1","","100.31","","","","-15","","Clear"
"-79.63","43.68","TORONTO INTL A","6158731","2025-01-15 08:00","2025","01","15","08:00","","-9.8","","-11.6","","87","","","","22","","7","","24.1","","100.39","","","","-14","","NA"
"-79.63","43.68","TORONTO INTL A","6158731","2025-01-15 09:00","2025","01","15","09:00","","-7.9","","-11.0","","79","","","","25","","12","","24.1","","100.41","","","","-13","","NA"
"-79.63","43.68","TORONTO INTL A","6158731","2025-01-15 10:00","2025","01","15","10:00","","-6.2","","-10.1","","74","","","","27","","14","","24.1","","100.41","","","","-12","","Cloudy"
"-79.63","43.68","TORONTO INTL A","6158731","2025-01-15 11:00","2025","01","15","11:00","","-5.3","","-9.7","","72","","","","26","","17","","24.1","","100.38","","","","-11","","NA"
"-79.63","43.68","TORONTO INTL A","6158731","2025-01-15 12:00","2025","01","15","12:00","","-4.8","","-8.8","","73","","","","23","","14","","24.1","","100.26","","","","-10","","NA"
"-79.63","43.68","TORONTO INTL A","6158731","2025-01-15 13:00","2025","01","15","13:00","","-4.0","","-8.5","","71","","","","27","","13","","24.1","","100.14","","","","-9","","Cloudy"
"-79.63","43.68","TORONTO INTL A","6158731","2025-01-15 14:00","2025","01","15","14:00","","-3.8","","-8.6","","69","","","","25","","21","","24.1","","100.05","","","","-10","","NA"
"-79.63","43.68","TORONTO INTL A","6158731","2025-01-15 15:00","2025","01","15","15:00","","-4.4","","-9.0","","70","","","","25","","28","","24.1","","100.05","","","","-12","","Snow"
"-79.63","43.68","TORONTO INTL A","6158731","2025-01-15 16:00","2025","01","15","16:00","","-4.4","","-8.5","","74","","","","26","","18","","24.1","","100.06","","","","-10","","Snow"
"-79.63","43.68","TORONTO INTL A","6158731","2025-01-15 17:00","2025","01","15","17:00","","-5.2","","-8.1","","80","","","","25","","21","","24.1","","100.06","","","","-12","","Snow"
"-79.63","43.68","TORONTO INTL A","6158731","2025-01-15 18:00","2025","01","15","18:00","","-5.5","","-9.3","","75","","","","24","","25","","24.1","","100.01","","","","-13","","Snow"
"-79.63","43.68","TORONTO INTL A","6158731","2025-01-15 19:00","2025","01","15","19:00","","-6.0","","-10.5","","71","","","","25","","31","","24.1","","99.98","","","","-14","","Mostly Cloudy"
"-79.63","43.68","TORONTO INTL A","6158731","2025-01-15 20:00","2025","01","15","20:00","","-6.5","","-10.9","","71","","","","24","","21","","24.1","","99.91","","","","-14","","NA"
"-79.63","43.68","TORONTO INTL A","6158731","2025-01-15 21:00","2025","01","15","21:00","","-6.6","","-11.6","","68","","","","24","","21","","24.1","","99.84","","","","-14","","NA"
"-79.63","43.68","TORONTO INTL A","6158731","2025-01-15 22:00","2025","01","15","22:00","","-6.9","","-11.5","","70","","","","21","","16","","24.1","","99.80","","","","-13","","Snow"
"-79.63","43.68","TORONTO INTL A","6158731","2025-01-15 23:00","2025","01","15","23:00","","-6.8","","-10.8","","73","","","","21","","13","","24.1","","99.69","","","","-12","","NA"
"-79.63","43.68","TORONTO INTL A","6158731","2025-01-16 00:00","2025","01","16","00:00","","-7.3","","-11.1","","75","","","","22","","12","","24.1","","99.60","","","","-13","","NA"
"-79.63","43.68","TORONTO INTL A","6158731","2025-01-16 01:00","2025","01","16","01:00","","-7.7","","-12.0","","72","","","","21","","13","","24.1","","99.47","","","","-13","","Mostly Cloudy"
"-79.63","43.68","TORONTO INTL A","6158731","2025-01-16 02:00","2025","01","16","02:00","","-7.7","","-11.5","","74","","","","21","","19","","24.1","","99.35","","","","-15","","NA"
"-79.63","43.68","TORONTO INTL A","6158731","2025-01-16 03:00","2025","01","16","03:00","","-7.5","","-11.0","","76","","","","21","","10","","24.1","","99.24","","","","-12","","NA"
"-79.63","43.68","TORONTO INTL A","6158731","2025-01-16 04:00","2025","01","16","04:00","","-6.4","","-9.8","","77","","","","22","","19","","24.1","","99.09","","","","-13","","Cloudy"
"-79.63","43.68","TORONTO INTL A","6158731","2025-01-16 05:00","2025","01","16","05:00","","-6.6","","-9.8","","78","","","","23","","3","","24.1","","98.94","","","","-8","","NA"
"-79.63","43.68","TORONTO INTL A","6158731","2025-01-16 06:00","2025","01","16","06:00","","-6.0","","-9.4","","77","","","","22","","9","","24.1","","98.83","","","","-10","","Snow"
"-79.63","43.68","TORONTO INTL A","6158731","2025-01-16 07:00","2025","01","16","07:00","","-5.0","","-8.5","","77","","","","21","","16","","24.1","","98.74","","","","-11","","Cloudy"
"-79.63","43.68","TORONTO INTL A","6158731","2025-01-16 08:00","2025","01","16","08:00","","-5.6","","-8.6","","80","","","","25","","16","","19.3","","98.70","","","","-12","","Snow"
"-79.63","43.68","TORONTO INTL A","6158731","2025-01-16 09:00","2025","01","16","09:00","","-5.9","","-8.6","","81","","","","24","","16","","4.8","","98.67","","","","-12","","Snow"
"-79.63","43.68","TORONTO INTL A","6158731","2025-01-16 10:00","2025","01","16","10:00","","-6.2","","-8.9","","81","","","","25","","15","","3.2","","98.65","","","","-12","","Snow"
"-79.63","43.68","TORONTO INTL A","6158731","2025-01-16 11:00","2025","01","16","11:00","","-4.9","","-8.2","","78","","","","24","","10","","4.8","","98.60","","","","-9","","Snow"
"-79.63","43.68","TORONTO INTL A","6158731","2025-01-16 12:00","2025","01","16","12:00","","-5.0","","-8.8","","75","","","","28","","13","","4.8","","98.49","","","","-10","","Snow"
"-79.63","43.68","TORONTO INTL A","6158731","2025-01-16 13:00","2025","01","16","13:00","","-5.5","","-7.0","","89","","","","26","","9","","1.6","","98.43","","","","-10","","Snow"
"-79.63","43.68","TORONTO INTL A","6158731","2025-01-16 14:00","2025","01","16","14:00","","-5.3","","-7.9","","82","","","","25","","13","","1.6","","98.41","","","","-10","","Snow"
"-79.63","43.68","TORONTO INTL A","6158731","2025-01-16 15:00","2025","01","16","15:00","","-5.3","","-7.0","","88","","","","24","","14","","1.6","","98.43","","","","-11","","Snow"
"-79.63","43.68","TORONTO INTL A","6158731","2025-01-16 16:00","2025","01","16","16:00","","-5.1","","-7.5","","84","","","","24","","12","","4.0","","98.47","","","","-10","","Snow"
"-79.63","43.68","TORONTO INTL A","6158731","2025-01-16 17:00","2025","01","16","17:00","","-5.2","","-6.2","","93","","","","20","","10","","3.2","","98.53","","","","-10","","Snow"
"-79.63","43.68","TORONTO INTL A","6158731","2025-01-16 18:00","2025","01","16","18:00","","-5.0","","-6.3","","90","","","","21","","12","","12.9","","98.61","","","","-10","","Snow"
"-79.63","43.68","TORONTO INTL A","6158731","2025-01-16 19:00","2025","01","16","19:00","","-4.6","","-6.5","","87","","","","25","","16","","9.7","","98.67","","","","-10","","Snow"
"-79.63","43.68","TORONTO INTL A","6158731","2025-01-16 20:00","2025","01","16","20:00","","-4.4","","-6.5","","85","","","","25","","15","","16.1","","98.72","","","","-10","","NA"
"-79.63","43.68","TORONTO INTL A","6158731","2025-01-16 21:00","2025","01","16","21:00","","-3.5","","-5.4","","86","","","","26","","14","","9.7","","98.74","","","","-9","","Snow"
"-79.63","43.68","TORONTO INTL A","6158731","2025-01-16 22:00","2025","01","16","22:00","","-3.3","","-4.6","","90","","","","25","","13","","16.1","","98.77","","","","-8","","Mostly Cloudy"
"-79.63","43.68","TORONTO INTL A","6158731","2025-01-16 23:00","2025","01","16","23:00","","-2.5","","-3.9","","90","","","","24","","25","","8.1","","98.80","","","","-9","","Snow"
"-79.63","43.68","TORONTO INTL A","6158731","2025-01-17 00:00","2025","01","17","00:00","","-2.2","","-3.2","","93","","","","25","","20","","6.4","","98.88","","","","-8","","Snow"
"-79.63","43.68","TORONTO INTL A","6158731","2025-01-17 01:00","2025","01","17","01:00","","-1.7","","-2.9","","92","","","","26","","13","","6.4","","98.92","","","","-6","","Snow,Fog"
"-79.63","43.68","TORONTO INTL A","6158731","2025-01-17 02:00","2025","01","17","02:00","","-1.8","","-2.2","","97","","","","25","","16","","2.4","","98.95","","","","-7","","Snow"
"-79.63","43.68","TORONTO INTL A","6158731","2025-01-17 03:00","2025","01","17","03:00","","-1.6","","-1.7","","99","","","","27","","10","","4.8","","99.04","","","","-5","","Snow"
"-79.63","43.68","TORONTO INTL A","6158731","2025-01-17 04:00","2025","01","17","04:00","","-1.9","","-2.0","","99","","","","25","","9","","16.1","","99.08","","","","-5","","Mostly Cloudy"
"-79.63","43.68","TORONTO INTL A","6158731","2025-01-17 05:00","2025","01","17","05:00","","-1.5","","-3.5","","87","","","","27","","15","","24.1","","99.16","","","","-6","","NA"
"-79.63","43.68","TORONTO INTL A","6158731","2025-01-17 06:00","2025","01","17","06:00","","-1.6","","-4.0","","83","","","","28","","13","","24.1","","99.21","","","","-6","","NA"
"-79.63","43.68","TORONTO INTL A","6158731","2025-01-17 07:00","2025","01","17","07:00","","-1.8","","-6.1","","72","","","","26","","24","","24.1","","99.28","","","","-8","","Mostly Cloudy"
"-79.63","43.68","TORONTO INTL A","6158731","2025-01-17 08:00","2025","01","17","08:00","","-1.9","","-6.1","","73","","","","25","","18","","24.1","","99.33","","","","-7","","NA"
"-79.63","43.68","TORONTO INTL A","6158731","2025-01-17 09:00","2025","01","17","09:00","","-1.8","","-5.8","","74","","","","25","","21","","24.1","","99.38","","","","-8","","NA"
"-79.63","43.68","TORONTO INTL A","6158731","2025-01-17 10:00","2025","01","17","10:00","","-1.7","","-5.9","","73","","","","28","","17","","24.1","","99.41","","","","-7","","Cloudy"
"-79.63","43.68","TORONTO INTL A","6158731","2025-01-17 11:00","2025","01","17","11:00","","-0.7","","-5.5","","70","","","","26","","12","","24.1","","99.38","","","","-5","","NA"
"-79.63","43.68","TORONTO INTL A","6158731","2025-01-17 12:00","2025","01","17","12:00","","0.4","","-5.7","","64","","","","24","","16","","24.1","","99.31","","","","","","NA"
"-79.63","43.68","TORONTO INTL A","6158731","2025-01-17 13:00","2025","01","17","13:00","","1.4","","-4.7","","64","","","","22","","18","","24.1","","99.20","","","","","","Mostly Cloudy"
"-79.63","43.68","TORONTO INTL A","6158731","2025-01-17 14:00","2025","01","17","14:00","","1.9","","-4.4","","63","","","","21","","21","","24.1","","99.08","","","","","","NA"
"-79.63","43.68","TORONTO INTL A","6158731","2025-01-17 15:00","2025","01","17","15:00","","2.0","","-4.3","","63","","","","22","","21","","24.1","","99.03","","","","","","NA"
"-79.63","43.68","TORONTO INTL A","6158731","2025-01-17 16:00","2025","01","17","16:00","","2.0","","-4.4","","63","","","","20","","21","","24.1","","98.97","","","","","","Mostly Cloudy"
"-79.63","43.68","TORONTO INTL A","6158731","2025-01-17 17:00","2025","01","17","17:00","","2.0","","-4.6","","62","","","","21","","17","","24.1","","98.95","","","","","","NA"
"-79.63","43.68","TORONTO INTL A","6158731","2025-01-17 18:00","2025","01","17","18:00","","1.8","","-4.0","","65","","","","19","","17","","24.1","","98.87","","","","","","NA"
"-79.63","43.68","TORONTO INTL A","6158731","2025-01-17 19:00","2025","01","17","19:00","","1.9","","-3.4","","68","","","","17","","20","","24.1","","98.79","","","","","","Mostly Cloudy"
"-79.63","43.68","TORONTO INTL A","6158731","2025-01-17 20:00","2025","01","17","20:00","","2.0","","-3.1","","69","","","","17","","22","","24.1","","98.72","","","","","","NA"
"-79.63","43.68","TORONTO INTL A","6158731","2025-01-17 21:00","2025","01","17","21:00","","2.2","","-3.2","","68","","","","18","","21","","24.1","","98.63","","","","","","NA"
"-79.63","43.68","TORONTO INTL A","6158731","2025-01-17 22:00","2025","01","17","22:00","","2.3","","-3.3","","67","","","","18","","19","","24.1","","98.55","","","","","","Mostly Cloudy"
"-79.63","43.68","TORONTO INTL A","6158731","2025-01-17 23:00","2025","01","17","23:00","","2.4","","-3.7","","64","","","","20","","19","","24.1","","98.48","","","","","","NA"
"-79.63","43.68","TORONTO INTL A","6158731","2025-01-18 00:00","2025","01","18","00:00","","2.3","","-4.1","","63","","","","20","","21","","24.1","","98.43","","","","","","NA"
"-79.63","43.68","TORONTO INTL A","6158731","2025-01-18 01:00","2025","01","18","01:00","","2.0","","-4.1","","64","","","","20","","16","","24.1","","98.35","","","","","","Mainly Clear"
"-79.63","43.68","TORONTO INTL A","6158731","2025-01-18 02:00","2025","01","18","02:00","","2.4","","-4.1","","62","","","","19","","21","","24.1","","98.26","","","","","","NA"
"-79.63","43.68","TORONTO INTL A","6158731","2025-01-18 03:00","2025","01","18","03:00","","2.4","","-4.2","","62","","","","20","","14","","24.1","","98.21","","","","","","NA"
"-79.63","43.68","TORONTO INTL A","6158731","2025-01-18 04:00","2025","01","18","04:00","","2.7","","-3.9","","62","","","","20","","14","","24.1","","98.14","","","","","","Cloudy"
"-79.63","43.68","TORONTO INTL A","6158731","2025-01-18 05:00","2025","01","18","05:00","","3.5","","-3.6","","60","","","","20","","16","","24.1","","98.10","","","","","","NA"
"-79.63","43.68","TORONTO INTL A","6158731","2025-01-18 06:00","2025","01","18","06:00","","3.9","","-3.1","","60","","","","21","","20","","24.1","","98.08","","","","","","NA"
"-79.63","43.68","TORONTO INTL A","6158731","2025-01-18 07:00","2025","01","18","07:00","","3.3","","-0.5","","76","","","","23","","23","","19.3","","98.16","","","","","","Rain"
"-79.63","43.68","TORONTO INTL A","6158731","2025-01-18 08:00","2025","01","18","08:00","","2.5","","1.3","","92","","","","23","","13","","19.3","","98.13","","","","","","Rain"
"-79.63","43.68","TORONTO INTL A","6158731","2025-01-18 09:00","2025","01","18","09:00","","2.4","","2.1","","98","","","","21","","15","","16.1","","98.15","","","","","","Rain"
"-79.63","43.68","TORONTO INTL A","6158731","2025-01-18 10:00","2025","01","18","10:00","","2.4","","2.4","","100","","","","22","","19","","9.7","","98.21","","","","","","Rain,Fog"
"-79.63","43.68","TORONTO INTL A","6158731","2025-01-18 11:00","2025","01","18","11:00","","2.6","","2.6","","100","","","","23","","19","","12.9","","98.23","","","","","","Rain"
"-79.63","43.68","TORONTO INTL A","6158731","2025-01-18 12:00","2025","01","18","12:00","","2.5","","2.1","","98","","","","24","","21","","24.1","","98.20","","","","","","Rain"
"-79.63","43.68","TORONTO INTL A","6158731","2025-01-18 13:00","2025","01","18","13:00","","1.4","","0.0","","90","","","","32","","28","","12.9","","98.25","","","","","","Snow"
"-79.63","43.68","TORONTO INTL A","6158731","2025-01-18 14:00","2025","01","18","14:00","","0.2","","0.1","","99","","","","31","","26","","1.2","","98.33","","","","","","Snow"
"-79.63","43.68","TORONTO INTL A","6158731","2025-01-18 15:00","2025","01","18","15:00","","-1.1","","-1.9","","94","","","","32","","30","","2.8","","98.41","","","","-8","","Snow"
"-79.63","43.68","TORONTO INTL A","6158731","2025-01-18 16:00","2025","01","18","16:00","","-1.4","","-5.4","","74","","","","32","","30","","24.1","","98.52","","","","-8","","Mostly Cloudy"
"-79.63","43.68","TORONTO INTL A","6158731","2025-01-18 17:00","2025","01","18","17:00","","-2.3","","-6.6","","72","","","","31","","35","","24.1","","98.72","","","","-10","","NA"
"-79.63","43.68","TORONTO INTL A","6158731","2025-01-18 18:00","2025","01","18","18:00","","-3.6","","-8.3","","70","","","","31","","30","","24.1","","98.86","","","","-11","","NA"
"-79.63","43.68","TORONTO INTL A","6158731","2025-01-18 19:00","2025","01","18","19:00","","-4.6","","-9.6","","68","","","","30","","28","","24.1","","98.97","","","","-12","","Mainly Clear"
"-79.63","43.68","TORONTO INTL A","6158731","2025-01-18 20:00","2025","01","18","20:00","","-5.1","","-10.0","","69","","","","30","","27","","24.1","","99.05","","","","-13","","NA"
"-79.63","43.68","TORONTO INTL A","6158731","2025-01-18 21:00","2025","01","18","21:00","","-5.0","","-10.1","","67","","","","30","","25","","24.1","","99.13","","","","-12","","NA"
"-79.63","43.68","TORONTO INTL A","6158731","2025-01-18 22:00","2025","01","18","22:00","","-5.5","","-10.5","","68","","","","30","","19","","24.1","","99.24","","","","-12","","Mostly Cloudy"
"-79.63","43.68","TORONTO INTL A","6158731","2025-01-18 23:00","2025","01","18","23:00","","-5.9","","-10.8","","68","","","","29","","17","","24.1","","99.30","","","","-12","","NA"
"-79.63","43.68","TORONTO INTL A","6158731","2025-01-19 00:00","2025","01","19","00:00","","-6.0","","-11.7","","64","","","","30","","19","","24.1","","99.35","","","","-13","","NA"
"-79.63","43.68","TORONTO INTL A","6158731","2025-01-19 01:00","2025","01","19","01:00","","-6.5","","-11.5","","68","","","","32","","11","","24.1","","99.34","","","","-11","","Mainly Clear"
"-79.63","43.68","TORONTO INTL A","6158731","2025-01-19 02:00","2025","01","19","02:00","","-7.9","","-11.3","","77","","","","5","","8","","24.1","","99.36","","","","-12","","NA"
"-79.63","43.68","TORONTO INTL A","6158731","2025-01-19 03:00","2025","01","19","03:00","","-8.1","","-11.6","","76","","","","4","","9","","24.1","","99.41","","","","-13","","NA"
"-79.63","43.68","TORONTO INTL A","6158731","2025-01-19 04:00","2025","01","19","04:00","","-8.4","","-11.1","","81","","","","31","","4","","24.1","","99.49","","","","-11","","Mostly Cloudy"
"-79.63","43.68","TORONTO INTL A","6158731","2025-01-19 05:00","2025","01","19","05:00","","-7.6","","-11.4","","74","","","","4","","11","","24.1","","99.46","","","","-13","","NA"
"-79.63","43.68","TORONTO INTL A","6158731","2025-01-19 06:00","2025","01","19","06:00","","-7.8","","-12.0","","72","","","","8","","9","","24.1","","99.45","","","","-12","","NA"
"-79.63","43.68","TORONTO INTL A","6158731","2025-01-19 07:00","2025","01","19","07:00","","-8.2","","-12.5","","71","","","","4","","17","","24.1","","99.48","","","","-15","","Mostly Cloudy"
"-79.63","43.68","TORONTO INTL A","6158731","2025-01-19 08:00","2025","01","19","08:00","","-8.4","","-13.5","","67","","","","4","","13","","24.1","","99.48","","","","-14","","NA"
"-79.63","43.68","TORONTO INTL A","6158731","2025-01-19 09:00","2025","01","19","09:00","","-8.3","","-14.1","","64","","","","5","","8","","24.1","","99.54","","","","-12","","NA"
"-79.63","43.68","TORONTO INTL A","6158731","2025-01-19 10:00","2025","01","19","10:00","","-8.2","","-12.6","","71","","","","9","","5","","12.9","","99.58","","","","-11","","Snow"
"-79.63","43.68","TORONTO INTL A","6158731","2025-01-19 11:00","2025","01","19","11:00","","-7.8","","-13.2","","66","","","","6","","4","","24.1","","99.58","","","","-10","","NA"
"-79.63","43.68","TORONTO INTL A","6158731","2025-01-19 12:00","2025","01","19","12:00","","-7.3","","-12.6","","66","","","","2","","8","","24.1","","99.47","","","","-11","","NA"
"-79.63","43.68","TORONTO INTL A","6158731","2025-01-19 13:00","2025","01","19","13:00","","-6.8","","-11.5","","69","","","","9","","4","","24.1","","99.37","","","","-9","","Cloudy"
"-79.63","43.68","TORONTO INTL A","6158731","2025-01-19 14:00","2025","01","19","14:00","","-6.3","","-11.9","","65","","","","7","","4","","24.1","","99.34","","","","-8","","NA"
"-79.63","43.68","TORONTO INTL A","6158731","2025-01-19 15:00","2025","01","19","15:00","","-6.0","","-12.3","","61","","","","6","","7","","24.1","","99.28","","","","-9","","NA"
"-79.63","43.68","TORONTO INTL A","6158731","2025-01-19 16:00","2025","01","19","16:00","","-6.1","","-12.8","","60","","","","9","","4","","9.7","","99.33","","","","-8","","Snow"
"-79.63","43.68","TORONTO INTL A","6158731","2025-01-19 17:00","2025","01","19","17:00","","-6.6","","-10.2","","76","","","","25","","3","","4.8","","99.39","","","","-8","","Snow"
"-79.63","43.68","TORONTO INTL A","6158731","2025-01-19 18:00","2025","01","19","18:00","","-7.0","","-9.4","","83","","","","","","0","","8.1","","99.40","","","","","","Snow"
"-79.63","43.68","TORONTO INTL A","6158731","2025-01-19 19:00","2025","01","19","19:00","","-6.9","","-9.6","","81","","","","26","","7","","24.1","","99.41","","","","-10","","Cloudy"
"-79.63","43.68","TORONTO INTL A","6158731","2025-01-19 20:00","2025","01","19","20:00","","-6.8","","-12.4","","64","","","","30","","16","","24.1","","99.46","","","","-13","","NA"
"-79.63","43.68","TORONTO INTL A","6158731","2025-01-19 21:00","2025","01","19","21:00","","-7.2","","-12.5","","66","","","","29","","14","","24.1","","99.48","","","","-13","","NA"
"-79.63","43.68","TORONTO INTL A","6158731","2025-01-19 22:00","2025","01","19","22:00","","-8.4","","-12.4","","73","","","","31","","16","","24.1","","99.51","","","","-15","","Mostly Cloudy"
"-79.63","43.68","TORONTO INTL A","6158731","2025-01-19 23:00","2025","01","19","23:00","","-9.2","","-11.9","","81","","","","1","","21","","12.9","","99.55","","","","-17","","Snow Showers"
"-79.63","43.68","TORONTO INTL A","6158731","2025-01-20 00:00","2025","01","20","00:00","","-10.2","","-13.1","","80","","","","36","","19","","8.1","","99.60","","","","-18","","Snow Showers"
"-79.63","43.68","TORONTO INTL A","6158731","2025-01-20 01:00","2025","01","20","01:00","","-11.1","","-14.1","","78","","","","36","","18","","6.4","","99.63","","","","-19","","Snow Showers"
"-79.63","43.68","TORONTO INTL A","6158731","2025-01-20 02:00","2025","01","20","02:00","","-11.7","","-14.4","","81","","","","36","","19","","4.8","","99.70","","","","-20","","Snow"
"-79.63","43.68","TORONTO INTL A","6158731","2025-01-20 03:00","2025","01","20","03:00","","-12.6","","-16.0","","76","","","","1","","24","","24.1","","99.75","","","","-22","","NA"
"-79.63","43.68","TORONTO INTL A","6158731","2025-01-20 04:00","2025","01","20","04:00","","-12.6","","-16.6","","73","","","","34","","17","","24.1","","99.85","","","","-20","","Mostly Cloudy"
"-79.63","43.68","TORONTO INTL A","6158731","2025-01-20 05:00","2025","01","20","05:00","","-13.0","","-18.2","","65","","","","34","","15","","24.1","","99.90","","","","-20","","NA"
"-79.63","43.68","TORONTO INTL A","6158731","2025-01-20 06:00","2025","01","20","06:00","","-13.3","","-18.5","","65","","","","1","","15","","24.1","","99.95","","","","-21","","NA"
"-79.63","43.68","TORONTO INTL A","6158731","2025-01-20 07:00","2025","01","20","07:00","","-13.6","","-18.6","","66","","","","31","","14","","24.1","","100.05","","","","-21","","Mostly Cloudy"
"-79.63","43.68","TORONTO INTL A","6158731","2025-01-20 08:00","2025","01","20","08:00","","-13.5","","-19.4","","62","","","","34","","10","","24.1","","100.15","","","","-19","","NA"
"-79.63","43.68","TORONTO INTL A","6158731","2025-01-20 09:00","2025","01","20","09:00","","-12.8","","-18.2","","64","","","","26","","8","","24.1","","100.24","","","","-18","","NA"
"-79.63","43.68","TORONTO INTL A","6158731","2025-01-20 10:00","2025","01","20","10:00","","-12.0","","-17.8","","63","","","","21","","7","","24.1","","100.29","","","","-16","","Mostly Cloudy"
"-79.63","43.68","TORONTO INTL A","6158731","2025-01-20 11:00","2025","01","20","11:00","","-10.7","","-16.3","","64","","","","24","","22","","24.1","","100.35","","","","-19","","NA"
"-79.63","43.68","TORONTO INTL A","6158731","2025-01-20 12:00","2025","01","20","12:00","","-10.2","","-16.9","","59","","","","27","","36","","24.1","","100.31","","","","-21","","NA"
"-79.63","43.68","TORONTO INTL A","6158731","2025-01-20 13:00","2025","01","20","13:00","","-10.1","","-17.6","","55","","","","27","","41","","24.1","","100.29","","","","-21","","Mostly Cloudy"
"-79.63","43.68","TORONTO INTL A","6158731","2025-01-20 14:00","2025","01","20","14:00","","-10.1","","-17.7","","54","","","","24","","44","","24.1","","100.30","","","","-21","","NA"
"-79.63","43.68","TORONTO INTL A","6158731","2025-01-20 15:00","2025","01","20","15:00","","-11.4","","-19.6","","51","","","","26","","42","","24.1","","100.38","","","","-23","","NA"
"-79.63","43.68","TORONTO INTL A","6158731","2025-01-20 16:00","2025","01","20","16:00","","-11.8","","-20.5","","49","","","","27","","45","","24.1","","100.43","","","","-24","","Mainly Clear"
"-79.63","43.68","TORONTO INTL A","6158731","2025-01-20 17:00","2025","01","20","17:00","","-12.8","","-17.3","","70","","","","26","","20","","24.1","","100.49","","","","-21","","NA"
"-79.63","43.68","TORONTO INTL A","6158731","2025-01-20 18:00","2025","01","20","18:00","","-13.2","","-20.1","","57","","","","24","","27","","24.1","","100.57","","","","-23","","NA"
"-79.63","43.68","TORONTO INTL A","6158731","2025-01-20 19:00","2025","01","20","19:00","","-13.5","","-20.2","","57","","","","24","","22","","24.1","","100.62","","","","-23","","Mainly Clear"
"-79.63","43.68","TORONTO INTL A","6158731","2025-01-20 20:00","2025","01","20","20:00","","-13.6","","-19.6","","61","","","","24","","25","","24.1","","100.65","","","","-23","","NA"
"-79.63","43.68","TORONTO INTL A","6158731","2025-01-20 21:00","2025","01","20","21:00","","-13.8","","-19.3","","64","","","","24","","23","","24.1","","100.65","","","","-23","","NA"
"-79.63","43.68","TORONTO INTL A","6158731","2025-01-20 22:00","2025","01","20","22:00","","-13.9","","-18.8","","67","","","","24","","24","","24.1","","100.65","","","","-24","","Clear"
"-79.63","43.68","TORONTO INTL A","6158731","2025-01-20 23:00","2025","01","20","23:00","","-13.7","","-17.7","","72","","","","25","","25","","24.1","","100.67","","","","-24","","Snow"
"-79.63","43.68","TORONTO INTL A","6158731","2025-01-21 00:00","2025","01","21","00:00","","-14.0","","-17.2","","77","","","","25","","27","","24.1","","100.67","","","","-24","","NA"
"-79.63","43.68","TORONTO INTL A","6158731","2025-01-21 01:00","2025","01","21","01:00","","-13.9","","-19.2","","65","","","","25","","30","","24.1","","100.69","","","","-25","","Clear"
"-79.63","43.68","TORONTO INTL A","6158731","2025-01-21 02:00","2025","01","21","02:00","","-14.2","","-19.6","","64","","","","25","","28","","24.1","","100.69","","","","-25","","NA"
"-79.63","43.68","TORONTO INTL A","6158731","2025-01-21 03:00","2025","01","21","03:00","","-14.6","","-18.7","","71","","","","24","","25","","24.1","","100.72","","","","-25","","NA"
"-79.63","43.68","TORONTO INTL A","6158731","2025-01-21 04:00","2025","01","21","04:00","","-14.9","","-20.2","","64","","","","24","","28","","24.1","","100.71","","","","-26","","Clear"
"-79.63","43.68","TORONTO INTL A","6158731","2025-01-21 05:00","2025","01","21","05:00","","-15.2","","-21.1","","62","","","","24","","29","","24.1","","100.70","","","","-26","","NA"
"-79.63","43.68","TORONTO INTL A","6158731","2025-01-21 06:00","2025","01","21","06:00","","-15.6","","-21.5","","61","","","","24","","27","","24.1","","100.69","","","","-26","","NA"
"-79.63","43.68","TORONTO INTL A","6158731","2025-01-21 07:00","2025","01","21","07:00","","-15.8","","-21.7","","61","","","","25","","27","","24.1","","100.71","","","","-27","","Clear"
"-79.63","43.68","TORONTO INTL A","6158731","2025-01-21 08:00","2025","01","21","08:00","","-15.8","","-21.9","","60","","","","25","","32","","24.1","","100.79","","","","-27","","NA"
"-79.63","43.68","TORONTO INTL A","6158731","2025-01-21 09:00","2025","01","21","09:00","","-14.5","","-21.2","","57","","","","25","","26","","24.1","","100.86","","","","-25","","NA"
"-79.63","43.68","TORONTO INTL A","6158731","2025-01-21 10:00","2025","01","21","10:00","","-13.2","","-21.3","","51","","","","25","","26","","24.1","","100.87","","","","-23","","Clear"
"-79.63","43.68","TORONTO INTL A","6158731","2025-01-21 11:00","2025","01","21","11:00","","-11.7","","-20.9","","47","","","","24","","21","","24.1","","100.85","","","","-20","","NA"
"-79.63","43.68","TORONTO INTL A","6158731","2025-01-21 12:00","2025","01","21","12:00","","-11.1","","-21.8","","42","","","","26","","28","","24.1","","100.74","","","","-21","","NA"
"-79.63","43.68","TORONTO INTL A","6158731","2025-01-21 13:00","2025","01","21","13:00","","-11.6","","-21.6","","44","","","","29","","18","","24.1","","100.60","","","","-19","","Mostly Cloudy"
"-79.63","43.68","TORONTO INTL A","6158731","2025-01-21 14:00","2025","01","21","14:00","","-11.1","","-21.8","","42","","","","27","","23","","24.1","","100.52","","","","-20","","NA"
"-79.63","43.68","TORONTO INTL A","6158731","2025-01-21 15:00","2025","01","21","15:00","","-11.5","","-22.8","","39","","","","27","","29","","24.1","","100.51","","","","-21","","NA"
"-79.63","43.68","TORONTO INTL A","6158731","2025-01-21 16:00","2025","01","21","16:00","","-12.0","","-23.7","","38","","","","28","","27","","24.1","","100.55","","","","-22","","Mostly Cloudy"
"-79.63","43.68","TORONTO INTL A","6158731","2025-01-21 17:00","2025","01","21","17:00","","-12.9","","-21.8","","48","","","","29","","30","","24.1","","100.61","","","","-23","","NA"
"-79.63","43.68","TORONTO INTL A","6158731","2025-01-21 18:00","2025","01","21","18:00","","-13.8","","-20.4","","58","","","","28","","20","","24.1","","100.70","","","","-23","","NA"
"-79.63","43.68","TORONTO INTL A","6158731","2025-01-21 19:00","2025","01","21","19:00","","-14.4","","-19.7","","65","","","","27","","19","","24.1","","100.76","","","","-23","","Mainly Clear"
"-79.63","43.68","TORONTO INTL A","6158731","2025-01-21 20:00","2025","01","21","20:00","","-15.0","","-20.2","","65","","","","27","","20","","24.1","","100.79","","","","-24","","NA"
"-79.63","43.68","TORONTO INTL A","6158731","2025-01-21 21:00","2025","01","21","21:00","","-15.7","","-20.1","","69","","","","26","","22","","24.1","","100.85","","","","-25","","NA"
"-79.63","43.68","TORONTO INTL A","6158731","2025-01-21 22:00","2025","01","21","22:00","","-16.1","","-20.3","","71","","","","24","","21","","24.1","","100.86","","","","-26","","Clear"
"-79.63","43.68","TORONTO INTL A","6158731","2025-01-21 23:00","2025","01","21","23:00","","-16.3","","-20.8","","69","","","","24","","21","","24.1","","100.88","","","","-26","","NA"
"-79.63","43.68","TORONTO INTL A","6158731","2025-01-22 00:00","2025","01","22","00:00","","-16.5","","-21.4","","67","","","","24","","27","","24.1","","100.89","","","","-27","","NA"
"-79.63","43.68","TORONTO INTL A","6158731","2025-01-22 01:00","2025","01","22","01:00","","-17.1","","-21.7","","68","","","","25","","18","","24.1","","100.88","","","","-26","","Clear"
"-79.63","43.68","TORONTO INTL A","6158731","2025-01-22 02:00","2025","01","22","02:00","","-17.3","","-21.7","","69","","","","24","","22","","24.1","","100.87","","","","-28","","NA"
"-79.63","43.68","TORONTO INTL A","6158731","2025-01-22 03:00","2025","01","22","03:00","","-17.4","","-21.8","","69","","","","24","","25","","22.5","","100.89","","","","-28","","NA"
"-79.63","43.68","TORONTO INTL A","6158731","2025-01-22 04:00","2025","01","22","04:00","","-17.6","","-22.2","","67","","","","24","","19","","24.1","","100.90","","","","-27","","Clear"
"-79.63","43.68","TORONTO INTL A","6158731","2025-01-22 05:00","2025","01","22","05:00","","-18.0","","-23.4","","63","","","","24","","12","","24.1","","100.88","","","","-26","","NA"
"-79.63","43.68","TORONTO INTL A","6158731","2025-01-22 06:00","2025","01","22","06:00","","-18.2","","-23.9","","62","","","","25","","13","","24.1","","100.92","","","","-26","","NA"
"-79.63","43.68","TORONTO INTL A","6158731","2025-01-22 07:00","2025","01","22","07:00","","-18.2","","-23.5","","64","","","","26","","13","","24.1","","100.95","","","","-26","","Clear"
"-79.63","43.68","TORONTO INTL A","6158731","2025-01-22 08:00","2025","01","22","08:00","","-18.0","","-23.9","","61","","","","25","","16","","24.1","","100.89","","","","-27","","NA"
"-79.63","43.68","TORONTO INTL A","6158731","2025-01-22 09:00","2025","01","22","09:00","","-16.5","","-23.1","","57","","","","27","","13","","24.1","","100.92","","","","-24","","NA"
"-79.63","43.68","TORONTO INTL A","6158731","2025-01-22 10:00","2025","01","22","10:00","","-14.6","","-23.7","","46","","","","22","","16","","24.1","","100.90","","","","-23","","Mostly Cloudy"
"-79.63","43.68","TORONTO INTL A","6158731","2025-01-22 11:00","2025","01","22","11:00","","-13.1","","-19.8","","58","","","","20","","20","","24.1","","100.94","","","","-22","","NA"
"-79.63","43.68","TORONTO INTL A","6158731","2025-01-22 12:00","2025","01","22","12:00","","-12.6","","-19.9","","55","","","","22","","26","","24.1","","100.81","","","","-22","","NA"
"-79.63","43.68","TORONTO INTL A","6158731","2025-01-22 13:00","2025","01","22","13:00","","-12.2","","-22.0","","45","","","","20","","25","","24.1","","100.68","","","","-22","","Cloudy"
"-79.63","43.68","TORONTO INTL A","6158731","2025-01-22 14:00","2025","01","22","14:00","","-12.2","","-22.1","","44","","","","20","","24","","24.1","","100.62","","","","-21","","NA"
"-79.63","43.68","TORONTO INTL A","6158731","2025-01-22 15:00","2025","01","22","15:00","","-12.0","","-21.0","","48","","","","19","","16","","24.1","","100.51","","","","-19","","NA"
"-79.63","43.68","TORONTO INTL A","6158731","2025-01-22 16:00","2025","01","22","16:00","","-12.2","","-21.2","","48","","","","20","","22","","24.1","","100.46","","","","-21","","Cloudy"
"-79.63","43.68","TORONTO INTL A","6158731","2025-01-22 17:00","2025","01","22","17:00","","-11.9","","-19.1","","55","","","","18","","17","","24.1","","100.41","","","","-20","","NA"
"-79.63","43.68","TORONTO INTL A","6158731","2025-01-22 18:00","2025","01","22","18:00","","-11.7","","-18.2","","59","","","","20","","16","","19.3","","100.37","","","","-19","","Snow"
"-79.63","43.68","TORONTO INTL A","6158731","2025-01-22 19:00","2025","01","22","19:00","","-10.9","","-17.5","","59","","","","20","","13","","24.1","","100.28","","","","-17","","Cloudy"
"-79.63","43.68","TORONTO INTL A","6158731","2025-01-22 20:00","2025","01","22","20:00","","-10.6","","-15.1","","70","","","","20","","12","","12.9","","100.20","","","","-17","","Snow"
"-79.63","43.68","TORONTO INTL A","6158731","2025-01-22 21:00","2025","01","22","21:00","","-10.5","","-13.6","","78","","","","20","","22","","16.1","","100.13","","","","-19","","Snow"
"-79.63","43.68","TORONTO INTL A","6158731","2025-01-22 22:00","2025","01","22","22:00","","-10.5","","-14.2","","75","","","","21","","15","","24.1","","100.08","","","","-17","","Mostly Cloudy"
"-79.63","43.68","TORONTO INTL A","6158731","2025-01-22 23:00","2025","01","22","23:00","","-10.5","","-15.4","","67","","","","21","","16","","24.1","","100.04","","","","-18","","NA"
"-79.63","43.68","TORONTO INTL A","6158731","2025-01-23 00:00","2025","01","23","00:00","","-9.6","","-16.7","","56","","","","22","","23","","24.1","","100.00","","","","-18","","NA"
"-79.63","43.68","TORONTO INTL A","6158731","2025-01-23 01:00","2025","01","23","01:00","","-9.4","","-16.4","","57","","","","21","","21","","24.1","","99.95","","","","-17","","Mostly Cloudy"
"-79.63","43.68","TORONTO INTL A","6158731","2025-01-23 02:00","2025","01","23","02:00","","-9.0","","-15.8","","58","","","","21","","20","","24.1","","99.88","","","","-17","","NA"
"-79.63","43.68","TORONTO INTL A","6158731","2025-01-23 03:00","2025","01","23","03:00","","-8.6","","-14.8","","61","","","","21","","13","","24.1","","99.82","","","","-15","","NA"
"-79.63","43.68","TORONTO INTL A","6158731","2025-01-23 04:00","2025","01","23","04:00","","-8.9","","-13.9","","67","","","","21","","17","","24.1","","99.75","","","","-16","","Mostly Cloudy"
"-79.63","43.68","TORONTO INTL A","6158731","2025-01-23 05:00","2025","01","23","05:00","","-9.3","","-12.7","","77","","","","21","","12","","24.1","","99.68","","","","-15","","NA"
"-79.63","43.68","TORONTO INTL A","6158731","2025-01-23 06:00","2025","01","23","06:00","","-9.1","","-12.0","","79","","","","22","","13","","24.1","","99.63","","","","-15","","NA"
"-79.63","43.68","TORONTO INTL A","6158731","2025-01-23 07:00","2025","01","23","07:00","","-8.7","","-11.3","","81","","","","21","","11","","16.1","","99.59","","","","-14","","Cloudy"
"-79.63","43.68","TORONTO INTL A","6158731","2025-01-23 08:00","2025","01","23","08:00","","-8.3","","-10.3","","85","","","","22","","13","","12.9","","99.59","","","","-14","","NA"
"-79.63","43.68","TORONTO INTL A","6158731","2025-01-23 09:00","2025","01","23","09:00","","-7.2","","-9.8","","82","","","","25","","19","","19.3","","99.58","","","","-14","","NA"
"-79.63","43.68","TORONTO INTL A","6158731","2025-01-23 10:00","2025","01","23","10:00","","-6.2","","-9.7","","76","","","","23","","19","","16.1","","99.61","","","","-13","","Cloudy"
"-79.63","43.68","TORONTO INTL A","6158731","2025-01-23 11:00","2025","01","23","11:00","","-5.7","","-10.0","","72","","","","23","","28","","12.9","","99.59","","","","-14","","NA"
"-79.63","43.68","TORONTO INTL A","6158731","2025-01-23 12:00","2025","01","23","12:00","","-5.0","","-10.1","","67","","","","23","","18","","16.1","","99.54","","","","-11","","NA"
"-79.63","43.68","TORONTO INTL A","6158731","2025-01-23 13:00","2025","01","23","13:00","","-4.4","","-9.8","","66","","","","25","","17","","19.3","","99.51","","","","-10","","Cloudy"
"-79.63","43.68","TORONTO INTL A","6158731","2025-01-23 14:00","2025","01","23","14:00","","-4.1","","-9.1","","68","","","","26","","23","","12.9","","99.47","","","","-11","","Snow"
"-79.63","43.68","TORONTO INTL A","6158731","2025-01-23 15:00","2025","01","23","15:00","","-4.0","","-8.9","","69","","","","26","","19","","24.1","","99.47","","","","-10","","NA"
"-79.63","43.68","TORONTO INTL A","6158731","2025-01-23 16:00","2025","01","23","16:00","","-4.3","","-9.2","","69","","","","24","","18","","19.3","","99.49","","","","-10","","Mostly Cloudy"
"-79.63","43.68","TORONTO INTL A","6158731","2025-01-23 17:00","2025","01","23","17:00","","-4.9","","-9.5","","70","","","","25","","22","","19.3","","99.57","","","","-12","","NA"
"-79.63","43.68","TORONTO INTL A","6158731","2025-01-23 18:00","2025","01","23","18:00","","-5.7","","-9.5","","75","","","","25","","18","","24.1","","99.63","","","","-12","","NA"
"-79.63","43.68","TORONTO INTL A","6158731","2025-01-23 19:00","2025","01","23","19:00","","-5.8","","-9.1","","77","","","","24","","17","","24.1","","99.65","","","","-12","","Mostly Cloudy"
"-79.63","43.68","TORONTO INTL A","6158731","2025-01-23 20:00","2025","01","23","20:00","","-6.0","","-9.3","","78","","","","26","","12","","24.1","","99.66","","","","-11","","NA"
"-79.63","43.68","TORONTO INTL A","6158731","2025-01-23 21:00","2025","01","23","21:00","","-6.1","","-9.2","","79","","","","27","","13","","24.1","","99.66","","","","-11","","NA"
"-79.63","43.68","TORONTO INTL A","6158731","2025-01-23 22:00","2025","01","23","22:00","","-5.9","","-9.0","","79","","","","27","","26","","24.1","","99.64","","","","-14","","Mostly Cloudy"
"-79.63","43.68","TORONTO INTL A","6158731","2025-01-23 23:00","2025","01","23","23:00","","-6.6","","-9.4","","80","","","","26","","23","","24.1","","99.64","","","","-14","","NA"
"-79.63","43.68","TORONTO INTL A","6158731","2025-01-24 00:00","2025","01","24","00:00","","-7.2","","-9.7","","82","","","","25","","24","","24.1","","99.63","","","","-15","","NA"
"-79.63","43.68","TORONTO INTL A","6158731","2025-01-24 01:00","2025","01","24","01:00","","-8.0","","-10.3","","84","","","","24","","15","","24.1","","99.62","","","","-14","","Mainly Clear"
"-79.63","43.68","TORONTO INTL A","6158731","2025-01-24 02:00","2025","01","24","02:00","","-8.0","","-9.9","","86","","","","29","","15","","24.1","","99.68","","","","-14","","NA"
"-79.63","43.68","TORONTO INTL A","6158731","2025-01-24 03:00","2025","01","24","03:00","","-8.0","","-9.9","","86","","","","31","","18","","24.1","","99.81","","","","-15","","NA"
"-79.63","43.68","TORONTO INTL A","6158731","2025-01-24 04:00","2025","01","24","04:00","","-8.9","","-11.2","","84","","","","32","","19","","24.1","","99.87","","","","-16","","Mostly Cloudy"
"-79.63","43.68","TORONTO INTL A","6158731","2025-01-24 05:00","2025","01","24","05:00","","-8.5","","-11.3","","80","","","","33","","16","","24.1","","99.91","","","","-15","","Snow"
"-79.63","43.68","TORONTO INTL A","6158731","2025-01-24 06:00","2025","01","24","06:00","","-9.0","","-11.5","","82","","","","32","","12","","16.1","","99.95","","","","-15","","Snow"
"-79.63","43.68","TORONTO INTL A","6158731","2025-01-24 07:00","2025","01","24","07:00","","-9.1","","-11.6","","82","","","","31","","7","","24.1","","99.99","","","","-13","","Mainly Clear"
"-79.63","43.68","TORONTO INTL A","6158731","2025-01-24 08:00","2025","01","24","08:00","","-9.6","","-11.7","","85","","","","23","","4","","24.1","","100.03","","","","-12","","NA"
"-79.63","43.68","TORONTO INTL A","6158731","2025-01-24 09:00","2025","01","24","09:00","","-7.9","","-12.0","","73","","","","26","","8","","24.1","","100.05","","","","-12","","NA"
"-79.63","43.68","TORONTO INTL A","6158731","2025-01-24 10:00","2025","01","24","10:00","","-7.8","","-13.1","","66","","","","27","","14","","24.1","","100.10","","","","-14","","Mostly Cloudy"
"-79.63","43.68","TORONTO INTL A","6158731","2025-01-24 11:00","2025","01","24","11:00","","-6.3","","-12.8","","61","","","","31","","24","","24.1","","100.13","","","","-14","","NA"
"-79.63","43.68","TORONTO INTL A","6158731","2025-01-24 12:00","2025","01","24","12:00","","-5.8","","-12.6","","59","","","","31","","15","","24.1","","100.10","","","","-12","","NA"
"-79.63","43.68","TORONTO INTL A","6158731","2025-01-24 13:00","2025","01","24","13:00","","-5.1","","-13.4","","52","","","","25","","6","","24.1","","100.04","","","","-8","","Mostly Cloudy"
"-79.63","43.68","TORONTO INTL A","6158731","2025-01-24 14:00","2025","01","24","14:00","","-4.8","","-12.3","","56","","","","28","","18","","24.1","","100.01","","","","-11","","NA"
"-79.63","43.68","TORONTO INTL A","6158731","2025-01-24 15:00","2025","01","24","15:00","","-5.2","","-12.3","","58","","","","26","","22","","24.1","","100.02","","","","-12","","NA"
"-79.63","43.68","TORONTO INTL A","6158731","2025-01-24 16:00","2025","01","24","16:00","","-5.7","","-12.9","","57","","","","26","","23","","24.1","","100.07","","","","-13","","Mostly Cloudy"
"-79.63","43.68","TORONTO INTL A","6158731","2025-01-24 17:00","2025","01","24","17:00","","-6.7","","-12.6","","63","","","","25","","23","","12.9","","100.12","","","","-14","","Snow"
"-79.63","43.68","TORONTO INTL A","6158731","2025-01-24 18:00","2025","01","24","18:00","","-7.0","","-10.5","","77","","","","24","","19","","19.3","","100.17","","","","-14","","Snow"
"-79.63","43.68","TORONTO INTL A","6158731","2025-01-24 19:00","2025","01","24","19:00","","-7.2","","-11.9","","70","","","","26","","23","","24.1","","100.23","","","","-15","","Mostly Cloudy"
"-79.63","43.68","TORONTO INTL A","6158731","2025-01-24 20:00","2025","01","24","20:00","","-7.6","","-12.7","","67","","","","25","","21","","24.1","","100.26","","","","-15","","NA"
"-79.63","43.68","TORONTO INTL A","6158731","2025-01-24 21:00","2025","01","24","21:00","","-7.7","","-14.3","","60","","","","26","","17","","24.1","","100.27","","","","-14","","NA"
"-79.63","43.68","TORONTO INTL A","6158731","2025-01-24 22:00","2025","01","24","22:00","","-8.0","","-15.3","","56","","","","25","","15","","24.1","","100.27","","","","-14","","Mostly Cloudy"
"-79.63","43.68","TORONTO INTL A","6158731","2025-01-24 23:00","2025","01","24","23:00","","-7.7","","-15.4","","54","","","","21","","12","","24.1","","100.25","","","","-13","","NA"
"-79.63","43.68","TORONTO INTL A","6158731","2025-01-25 00:00","2025","01","25","00:00","","-7.9","","-15.3","","56","","","","25","","16","","24.1","","100.25","","","","-14","","NA"
"-79.63","43.68","TORONTO INTL A","6158731","2025-01-25 01:00","2025","01","25","01:00","","-8.3","","-14.0","","64","","","","21","","10","","24.1","","100.25","","","","-13","","Mostly Cloudy"
"-79.63","43.68","TORONTO INTL A","6158731","2025-01-25 02:00","2025","01","25","02:00","","-8.6","","-13.8","","66","","","","21","","11","","24.1","","100.20","","","","-14","","NA"
"-79.63","43.68","TORONTO INTL A","6158731","2025-01-25 03:00","2025","01","25","03:00","","-8.1","","-13.2","","67","","","","22","","14","","24.1","","100.22","","","","-14","","NA"
"-79.63","43.68","TORONTO INTL A","6158731","2025-01-25 04:00","2025","01","25","04:00","","-8.8","","-13.9","","67","","","","20","","12","","24.1","","100.15","","","","-14","","Mainly Clear"
"-79.63","43.68","TORONTO INTL A","6158731","2025-01-25 05:00","2025","01","25","05:00","","-8.9","","-13.1","","72","","","","17","","8","","24.1","","100.10","","","","-13","","NA"
"-79.63","43.68","TORONTO INTL A","6158731","2025-01-25 06:00","2025","01","25","06:00","","-8.7","","-12.3","","75","","","","18","","11","","24.1","","100.03","","","","-14","","NA"
"-79.63","43.68","TORONTO INTL A","6158731","2025-01-25 07:00","2025","01","25","07:00","","-8.3","","-12.1","","74","","","","19","","13","","19.3","","100.03","","","","-14","","Cloudy"
"-79.63","43.68","TORONTO INTL A","6158731","2025-01-25 08:00","2025","01","25","08:00","","-8.0","","-11.9","","74","","","","19","","14","","19.3","","99.95","","","","-14","","NA"
"-79.63","43.68","TORONTO INTL A","6158731","2025-01-25 09:00","2025","01","25","09:00","","-7.3","","-11.4","","72","","","","19","","16","","19.3","","99.88","","","","-14","","NA"
"-79.63","43.68","TORONTO INTL A","6158731","2025-01-25 10:00","2025","01","25","10:00","","-6.8","","-11.6","","69","","","","21","","17","","19.3","","99.85","","","","-13","","Cloudy"
"-79.63","43.68","TORONTO INTL A","6158731","2025-01-25 11:00","2025","01","25","11:00","","-5.8","","-11.1","","67","","","","22","","22","","19.3","","99.84","","","","-13","","NA"
"-79.63","43.68","TORONTO INTL A","6158731","2025-01-25 12:00","2025","01","25","12:00","","-4.4","","-10.4","","63","","","","20","","29","","24.1","","99.74","","","","-12","","NA"
"-79.63","43.68","TORONTO INTL A","6158731","2025-01-25 13:00","2025","01","25","13:00","","-3.1","","-9.7","","61","","","","21","","26","","24.1","","99.62","","","","-10","","Mostly Cloudy"
"-79.63","43.68","TORONTO INTL A","6158731","2025-01-25 14:00","2025","01","25","14:00","","-2.9","","-8.5","","65","","","","23","","26","","24.1","","99.56","","","","-10","","NA"
"-79.63","43.68","TORONTO INTL A","6158731","2025-01-25 15:00","2025","01","25","15:00","","-2.3","","-7.8","","66","","","","23","","21","","19.3","","99.56","","","","-8","","NA"
"-79.63","43.68","TORONTO INTL A","6158731","2025-01-25 16:00","2025","01","25","16:00","","-2.0","","-8.0","","64","","","","24","","19","","24.1","","99.56","","","","-8","","Cloudy"
"-79.63","43.68","TORONTO INTL A","6158731","2025-01-25 17:00","2025","01","25","17:00","","-2.2","","-8.0","","65","","","","21","","14","","24.1","","99.56","","","","-7","","NA"
"-79.63","43.68","TORONTO INTL A","6158731","2025-01-25 18:00","2025","01","25","18:00","","-2.5","","-8.0","","66","","","","22","","21","","24.1","","99.56","","","","-9","","NA"
"-79.63","43.68","TORONTO INTL A","6158731","2025-01-25 19:00","2025","01","25","19:00","","-3.3","","-8.3","","68","","","","19","","13","","24.1","","99.57","","","","-8","","Mainly Clear"
"-79.63","43.68","TORONTO INTL A","6158731","2025-01-25 20:00","2025","01","25","20:00","","-4.0","","-7.5","","76","","","","20","","15","","24.1","","99.51","","","","-9","","NA"
"-79.63","43.68","TORONTO INTL A","6158731","2025-01-25 21:00","2025","01","25","21:00","","-3.5","","-6.8","","78","","","","20","","15","","24.1","","99.44","","","","-9","","NA"
"-79.63","43.68","TORONTO INTL A","6158731","2025-01-25 22:00","2025","01","25","22:00","","-1.8","","-6.0","","73","","","","22","","31","","24.1","","99.35","","","","-9","","Snow"
"-79.63","43.68","TORONTO INTL A","6158731","2025-01-25 23:00","2025","01","25","23:00","","-1.0","","-5.2","","73","","","","23","","35","","19.3","","99.28","","","","-8","","Snow"
"-79.63","43.68","TORONTO INTL A","6158731","2025-01-26 00:00","2025","01","26","00:00","","-1.4","","-4.6","","79","","","","24","","34","","24.1","","99.25","","","","-9","","NA"
"-79.63","43.68","TORONTO INTL A","6158731","2025-01-26 01:00","2025","01","26","01:00","","-1.5","","-4.2","","82","","","","25","","38","","24.1","","99.20","","","","-9","","Mainly Clear"
"-79.63","43.68","TORONTO INTL A","6158731","2025-01-26 02:00","2025","01","26","02:00","","-1.3","","-3.6","","85","","","","25","","30","","24.1","","99.23","","","","-8","","Snow"
"-79.63","43.68","TORONTO INTL A","6158731","2025-01-26 03:00","2025","01","26","03:00","","-1.4","","-4.6","","79","","","","26","","25","","24.1","","99.30","","","","-8","","NA"
"-79.63","43.68","TORONTO INTL A","6158731","2025-01-26 04:00","2025","01","26","04:00","","-1.5","","-7.0","","66","","","","26","","30","","24.1","","99.34","","","","-8","","Mostly Cloudy"
"-79.63","43.68","TORONTO INTL A","6158731","2025-01-26 05:00","2025","01","26","05:00","","-1.6","","-6.2","","71","","","","26","","31","","24.1","","99.40","","","","-9","","NA"
"-79.63","43.68","TORONTO INTL A","6158731","2025-01-26 06:00","2025","01","26","06:00","","-2.3","","-6.2","","75","","","","26","","34","","24.1","","99.51","","","","-10","","NA"
"-79.63","43.68","TORONTO INTL A","6158731","2025-01-26 07:00","2025","01","26","07:00","","-2.6","","-6.0","","78","","","","27","","23","","24.1","","99.65","","","","-9","","Mostly Cloudy"
"-79.63","43.68","TORONTO INTL A","6158731","2025-01-26 08:00","2025","01","26","08:00","","-2.5","","-4.8","","85","","","","27","","20","","9.7","","99.76","","","","-8","","Snow Showers"
"-79.63","43.68","TORONTO INTL A","6158731","2025-01-26 09:00","2025","01","26","09:00","","-1.7","","-6.0","","72","","","","26","","28","","24.1","","99.82","","","","-8","","NA"
"-79.63","43.68","TORONTO INTL A","6158731","2025-01-26 10:00","2025","01","26","10:00","","-1.3","","-6.5","","68","","","","26","","36","","24.1","","99.87","","","","-9","","Mainly Clear"
"-79.63","43.68","TORONTO INTL A","6158731","2025-01-26 11:00","2025","01","26","11:00","","0.2","","-6.0","","63","","","","26","","33","","24.1","","99.93","","","","","","NA"
"-79.63","43.68","TORONTO INTL A","6158731","2025-01-26 12:00","2025","01","26","12:00","","-0.4","","-7.3","","60","","","","27","","37","","24.1","","99.93","","","","-8","","NA"
"-79.63","43.68","TORONTO INTL A","6158731","2025-01-26 13:00","2025","01","26","13:00","","-0.6","","-7.4","","60","","","","26","","33","","24.1","","99.91","","","","-8","","Mostly Cloudy"
"-79.63","43.68","TORONTO INTL A","6158731","2025-01-26 14:00","2025","01","26","14:00","","-0.9","","-7.6","","60","","","","27","","31","","24.1","","99.90","","","","-8","","NA"
"-79.63","43.68","TORONTO INTL A","6158731","2025-01-26 15:00","2025","01","26","15:00","","-1.6","","-8.5","","59","","","","25","","34","","24.1","","99.86","","","","-9","","NA"
"-79.63","43.68","TORONTO INTL A","6158731","2025-01-26 16:00","2025","01","26","16:00","","-1.5","","-10.2","","52","","","","25","","29","","24.1","","99.85","","","","-8","","Mostly Cloudy"
"-79.63","43.68","TORONTO INTL A","6158731","2025-01-26 17:00","2025","01","26","17:00","","-2.5","","-10.6","","54","","","","27","","32","","24.1","","99.85","","","","-10","","NA"
"-79.63","43.68","TORONTO INTL A","6158731","2025-01-26 18:00","2025","01","26","18:00","","-2.7","","-10.1","","57","","","","26","","23","","24.1","","99.84","","","","-9","","NA"
"-79.63","43.68","TORONTO INTL A","6158731","2025-01-26 19:00","2025","01","26","19:00","","-2.9","","-10.1","","58","","","","25","","20","","24.1","","99.80","","","","-9","","Cloudy"
"-79.63","43.68","TORONTO INTL A","6158731","2025-01-26 20:00","2025","01","26","20:00","","-2.8","","-9.6","","60","","","","27","","17","","24.1","","99.78","","","","-8","","NA"
"-79.63","43.68","TORONTO INTL A","6158731","2025-01-26 21:00","2025","01","26","21:00","","-3.3","","-9.8","","61","","","","25","","28","","24.1","","99.71","","","","-11","","NA"
"-79.63","43.68","TORONTO INTL A","6158731","2025-01-26 22:00","2025","01","26","22:00","","-4.0","","-9.8","","65","","","","26","","20","","24.1","","99.65","","","","-10","","Mostly Cloudy"
"-79.63","43.68","TORONTO INTL A","6158731","2025-01-26 23:00","2025","01","26","23:00","","-4.7","","-9.7","","68","","","","24","","16","","24.1","","99.60","","","","-10","","NA"
"-79.63","43.68","TORONTO INTL A","6158731","2025-01-27 00:00","2025","01","27","00:00","","-5.8","","-10.2","","71","","","","24","","17","","24.1","","99.52","","","","-12","","NA"
"-79.63","43.68","TORONTO INTL A","6158731","2025-01-27 01:00","2025","01","27","01:00","","-6.2","","-10.3","","73","","","","24","","18","","24.1","","99.45","","","","-13","","Clear"
"-79.63","43.68","TORONTO INTL A","6158731","2025-01-27 02:00","2025","01","27","02:00","","-6.1","","-10.4","","72","","","","24","","22","","24.1","","99.37","","","","-13","","NA"
"-79.63","43.68","TORONTO INTL A","6158731","2025-01-27 03:00","2025","01","27","03:00","","-5.3","","-10.8","","66","","","","23","","21","","24.1","","99.28","","","","-12","","NA"
"-79.63","43.68","TORONTO INTL A","6158731","2025-01-27 04:00","2025","01","27","04:00","","-5.8","","-11.4","","65","","","","22","","13","","24.1","","99.16","","","","-11","","Mainly Clear"
"-79.63","43.68","TORONTO INTL A","6158731","2025-01-27 05:00","2025","01","27","05:00","","-5.0","","-10.7","","65","","","","25","","34","","24.1","","99.06","","","","-13","","NA"
"-79.63","43.68","TORONTO INTL A","6158731","2025-01-27 06:00","2025","01","27","06:00","","-4.7","","-10.9","","62","","","","22","","24","","24.1","","98.98","","","","-12","","NA"
"-79.63","43.68","TORONTO INTL A","6158731","2025-01-27 07:00","2025","01","27","07:00","","-5.0","","-10.8","","64","","","","23","","24","","24.1","","98.87","","","","-12","","Clear"
"-79.63","43.68","TORONTO INTL A","6158731","2025-01-27 08:00","2025","01","27","08:00","","-4.5","","-10.9","","61","","","","24","","32","","24.1","","98.80","","","","-13","","NA"
"-79.63","43.68","TORONTO INTL A","6158731","2025-01-27 09:00","2025","01","27","09:00","","-3.0","","-10.9","","55","","","","24","","39","","24.1","","98.74","","","","-11","","NA"
"-79.63","43.68","TORONTO INTL A","6158731","2025-01-27 10:00","2025","01","27","10:00","","-1.4","","-10.9","","49","","","","24","","38","","24.1","","98.68","","","","-9","","Mostly Cloudy"
"-79.63","43.68","TORONTO INTL A","6158731","2025-01-27 11:00","2025","01","27","11:00","","-0.1","","-12.0","","41","","","","24","","43","","24.1","","98.60","","","","-8","","NA"
"-79.63","43.68","TORONTO INTL A","6158731","2025-01-27 12:00","2025","01","27","12:00","","0.8","","-11.8","","39","","","","23","","35","","24.1","","98.47","","","","","","NA"
"-79.63","43.68","TORONTO INTL A","6158731","2025-01-27 13:00","2025","01","27","13:00","","1.0","","-12.3","","37","","","","24","","41","","24.1","","98.28","","","","","","Mostly Cloudy"
"-79.63","43.68","TORONTO INTL A","6158731","2025-01-27 14:00","2025","01","27","14:00","","1.2","","-11.9","","37","","","","22","","31","","24.1","","98.06","","","","","","NA"
"-79.63","43.68","TORONTO INTL A","6158731","2025-01-27 15:00","2025","01","27","15:00","","0.7","","-10.8","","42","","","","22","","34","","24.1","","97.93","","","","","","NA"
"-79.63","43.68","TORONTO INTL A","6158731","2025-01-27 16:00","2025","01","27","16:00","","-0.6","","-10.1","","49","","","","22","","39","","24.1","","97.85","","","","-8","","Mostly Cloudy"
"-79.63","43.68","TORONTO INTL A","6158731","2025-01-27 17:00","2025","01","27","17:00","","-1.2","","-9.8","","52","","","","23","","34","","24.1","","97.81","","","","-8","","NA"
"-79.63","43.68","TORONTO INTL A","6158731","2025-01-27 18:00","2025","01","27","18:00","","-1.1","","-9.3","","54","","","","23","","34","","24.1","","97.70","","","","-8","","NA"
"-79.63","43.68","TORONTO INTL A","6158731","2025-01-27 19:00","2025","01","27","19:00","","-0.5","","-8.8","","54","","","","24","","42","","24.1","","97.65","","","","-8","","Cloudy"
"-79.63","43.68","TORONTO INTL A","6158731","2025-01-27 20:00","2025","01","27","20:00","","-0.3","","-7.1","","60","","","","24","","37","","16.1","","97.70","","","","-8","","Snow"
"-79.63","43.68","TORONTO INTL A","6158731","2025-01-27 21:00","2025","01","27","21:00","","-1.6","","-3.6","","86","","","","24","","29","","12.9","","97.70","","","","-8","","Snow"
"-79.63","43.68","TORONTO INTL A","6158731","2025-01-27 22:00","2025","01","27","22:00","","-1.3","","-3.3","","86","","","","23","","33","","8.1","","97.64","","","","-8","","Snow"
"-79.63","43.68","TORONTO INTL A","6158731","2025-01-27 23:00","2025","01","27","23:00","","-1.3","","-2.9","","89","","","","23","","31","","8.1","","97.54","","","","-8","","Snow"
"-79.63","43.68","TORONTO INTL A","6158731","2025-01-28 00:00","2025","01","28","00:00","","-1.0","","-2.8","","87","","","","23","","30","","12.9","","97.48","","","","-8","","Snow"
"-79.63","43.68","TORONTO INTL A","6158731","2025-01-28 01:00","2025","01","28","01:00","","-1.1","","-1.2","","99","","","","26","","41","","1.2","","97.48","","","","-9","","Snow"
"-79.63","43.68","TORONTO INTL A","6158731","2025-01-28 02:00","2025","01","28","02:00","","-2.0","","-5.8","","75","","","","30","","35","","19.3","","97.64","","","","-10","","Snow"
"-79.63","43.68","TORONTO INTL A","6158731","2025-01-28 03:00","2025","01","28","03:00","","-4.7","","-7.3","","82","","","","34","","32","","9.7","","97.85","","","","-13","","Snow"
"-79.63","43.68","TORONTO INTL A","6158731","2025-01-28 04:00","2025","01","28","04:00","","-6.0","","-9.7","","75","","","","33","","28","","24.1","","98.00","","","","-14","","Mostly Cloudy"
"-79.63","43.68","TORONTO INTL A","6158731","2025-01-28 05:00","2025","01","28","05:00","","-7.3","","-10.7","","77","","","","34","","23","","24.1","","98.19","","","","-15","","NA"
"-79.63","43.68","TORONTO INTL A","6158731","2025-01-28 06:00","2025","01","28","06:00","","-8.5","","-16.6","","53","","","","32","","46","","24.1","","98.34","","","","-19","","NA"
"-79.63","43.68","TORONTO INTL A","6158731","2025-01-28 07:00","2025","01","28","07:00","","-10.7","","-14.2","","76","","","","35","","19","","24.1","","98.52","","","","-19","","Mainly Clear"
"-79.63","43.68","TORONTO INTL A","6158731","2025-01-28 08:00","2025","01","28","08:00","","-11.7","","-15.6","","73","","","","34","","11","","24.1","","98.70","","","","-18","","NA"
"-79.63","43.68","TORONTO INTL A","6158731","2025-01-28 09:00","2025","01","28","09:00","","-10.5","","-16.0","","64","","","","32","","11","","24.1","","98.78","","","","-16","","NA"
"-79.63","43.68","TORONTO INTL A","6158731","2025-01-28 10:00","2025","01","28","10:00","","-8.4","","-17.5","","49","","","","29","","21","","24.1","","98.78","","","","-16","","Mostly Cloudy"
"-79.63","43.68","TORONTO INTL A","6158731","2025-01-28 11:00","2025","01","28","11:00","","-7.8","","-15.1","","56","","","","24","","13","","24.1","","98.78","","","","-14","","NA"
"-79.63","43.68","TORONTO INTL A","6158731","2025-01-28 12:00","2025","01","28","12:00","","-7.5","","-14.3","","59","","","","25","","14","","24.1","","98.70","","","","-13","","NA"
"-79.63","43.68","TORONTO INTL A","6158731","2025-01-28 13:00","2025","01","28","13:00","","-7.0","","-13.6","","59","","","","25","","10","","24.1","","98.53","","","","-12","","Mostly Cloudy"
"-79.63","43.68","TORONTO INTL A","6158731","2025-01-28 14:00","2025","01","28","14:00","","-6.0","","-12.7","","59","","","","21","","22","","24.1","","98.41","","","","-13","","NA"
"-79.63","43.68","TORONTO INTL A","6158731","2025-01-28 15:00","2025","01","28","15:00","","-5.2","","-12.0","","59","","","","24","","18","","24.1","","98.26","","","","-11","","NA"
"-79.63","43.68","TORONTO INTL A","6158731","2025-01-28 16:00","2025","01","28","16:00","","-5.2","","-12.1","","58","","","","22","","22","","12.9","","98.10","","","","-12","","Snow"
"-79.63","43.68","TORONTO INTL A","6158731","2025-01-28 17:00","2025","01","28","17:00","","-5.4","","-9.4","","73","","","","19","","15","","6.4","","97.86","","","","-11","","Snow"
"-79.63","43.68","TORONTO INTL A","6158731","2025-01-28 18:00","2025","01","28","18:00","","-5.9","","-7.0","","92","","","","18","","11","","1.2","","97.64","","","","-11","","Snow"
"-79.63","43.68","TORONTO INTL A","6158731","2025-01-28 19:00","2025","01","28","19:00","","-4.8","","-5.2","","98","","","","17","","11","","1.2","","97.50","","","","-9","","Snow"
"-79.63","43.68","TORONTO INTL A","6158731","2025-01-28 20:00","2025","01","28","20:00","","-4.0","","-4.1","","99","","","","15","","9","","4.0","","97.43","","","","-8","","Snow"
"-79.63","43.68","TORONTO INTL A","6158731","2025-01-28 21:00","2025","01","28","21:00","","-3.3","","-3.4","","99","","","","15","","12","","3.2","","97.23","","","","-8","","Snow"
"-79.63","43.68","TORONTO INTL A","6158731","2025-01-28 22:00","2025","01","28","22:00","","-2.5","","-2.5","","100","","","","14","","7","","8.1","","97.14","","","","-5","","Snow"
"-79.63","43.68","TORONTO INTL A","6158731","2025-01-28 23:00","2025","01","28","23:00","","-1.2","","-1.9","","95","","","","19","","5","","16.1","","97.03","","","","-3","","Snow"
"-79.63","43.68","TORONTO INTL A","6158731","2025-01-29 00:00","2025","01","29","00:00","","2.2","","-1.8","","75","","","","25","","31","","24.1","","97.01","","","","","","NA"
"-79.63","43.68","TORONTO INTL A","6158731","2025-01-29 01:00","2025","01","29","01:00","","2.1","","-1.6","","76","","","","25","","25","","24.1","","97.07","","","","","","Cloudy"
"-79.63","43.68","TORONTO INTL A","6158731","2025-01-29 02:00","2025","01","29","02:00","","2.1","","-1.4","","78","","","","25","","20","","24.1","","97.08","","","","","","NA"
"-79.63","43.68","TORONTO INTL A","6158731","2025-01-29 03:00","2025","01","29","03:00","","1.7","","0.1","","89","","","","24","","21","","24.1","","97.08","","","","","","NA"
"-79.63","43.68","TORONTO INTL A","6158731","2025-01-29 04:00","2025","01","29","04:00","","1.4","","-0.3","","88","","","","25","","17","","24.1","","97.04","","","","","","Mostly Cloudy"
"-79.63","43.68","TORONTO INTL A","6158731","2025-01-29 05:00","2025","01","29","05:00","","1.5","","-0.4","","87","","","","26","","21","","24.1","","97.02","","","","","","NA"
"-79.63","43.68","TORONTO INTL A","6158731","2025-01-29 06:00","2025","01","29","06:00","","0.6","","-0.6","","92","","","","28","","33","","8.1","","97.16","","","","","","Snow"
"-79.63","43.68","TORONTO INTL A","6158731","2025-01-29 07:00","2025","01","29","07:00","","0.2","","-2.6","","81","","","","28","","39","","16.1","","97.22","","","","","","Mostly Cloudy"
"-79.63","43.68","TORONTO INTL A","6158731","2025-01-29 08:00","2025","01","29","08:00","","-0.1","","-3.9","","75","","","","28","","40","","24.1","","97.41","","","","-8","","NA"
"-79.63","43.68","TORONTO INTL A","6158731","2025-01-29 09:00","2025","01","29","09:00","","-0.8","","-7.4","","61","","","","30","","43","","24.1","","97.60","","","","-9","","NA"
"-79.63","43.68","TORONTO INTL A","6158731","2025-01-29 10:00","2025","01","29","10:00","","-1.9","","-7.9","","64","","","","31","","40","","24.1","","97.77","","","","-10","","Mostly Cloudy"
"-79.63","43.68","TORONTO INTL A","6158731","2025-01-29 11:00","2025","01","29","11:00","","-1.8","","-8.1","","62","","","","31","","41","","24.1","","97.90","","","","-10","","NA"
"-79.63","43.68","TORONTO INTL A","6158731","2025-01-29 12:00","2025","01","29","12:00","","-2.1","","-8.2","","63","","","","29","","41","","24.1","","98.02","","","","-10","","NA"
"-79.63","43.68","TORONTO INTL A","6158731","2025-01-29 13:00","2025","01","29","13:00","","-3.7","","-8.9","","67","","","","32","","44","","16.1","","98.19","","","","-13","","Snow Showers"
"-79.63","43.68","TORONTO INTL A","6158731","2025-01-29 14:00","2025","01","29","14:00","","-4.0","","-10.9","","59","","","","30","","41","","24.1","","98.32","","","","-13","","NA"
"-79.63","43.68","TORONTO INTL A","6158731","2025-01-29 15:00","2025","01","29","15:00","","-5.1","","-12.5","","56","","","","32","","53","","24.1","","98.50","","","","-15","","NA"
"-79.63","43.68","TORONTO INTL A","6158731","2025-01-29 16:00","2025","01","29","16:00","","-5.4","","-12.7","","57","","","","31","","46","","24.1","","98.66","","","","-15","","Mostly Cloudy"
"-79.63","43.68","TORONTO INTL A","6158731","2025-01-29 17:00","2025","01","29","17:00","","-5.9","","-12.7","","59","","","","31","","39","","24.1","","98.83","","","","-15","","NA"
"-79.63","43.68","TORONTO INTL A","6158731","2025-01-29 18:00","2025","01","29","18:00","","-7.2","","-13.3","","62","","","","32","","38","","24.1","","99.03","","","","-17","","NA"
"-79.63","43.68","TORONTO INTL A","6158731","2025-01-29 19:00","2025","01","29","19:00","","-8.1","","-14.0","","63","","","","31","","21","","24.1","","99.19","","","","-16","","Clear"
"-79.63","43.68","TORONTO INTL A","6158731","2025-01-29 20:00","2025","01","29","20:00","","-8.5","","-13.9","","65","","","","31","","20","","24.1","","99.30","","","","-16","","NA"
"-79.63","43.68","TORONTO INTL A","6158731","2025-01-29 21:00","2025","01","29","21:00","","-8.8","","-13.9","","67","","","","31","","21","","24.1","","99.39","","","","-17","","NA"
"-79.63","43.68","TORONTO INTL A","6158731","2025-01-29 22:00","2025","01","29","22:00","","-8.5","","-13.8","","66","","","","30","","22","","24.1","","99.48","","","","-16","","Mostly Cloudy"
"-79.63","43.68","TORONTO INTL A","6158731","2025-01-29 23:00","2025","01","29","23:00","","-8.2","","-13.6","","66","","","","30","","23","","24.1","","99.55","","","","-16","","NA"
"-79.63","43.68","TORONTO INTL A","6158731","2025-01-30 00:00","2025","01","30","00:00","","-7.9","","-13.2","","66","","","","29","","19","","24.1","","99.60","","","","-15","","NA"
"-79.63","43.68","TORONTO INTL A","6158731","2025-01-30 01:00","2025","01","30","01:00","","-7.8","","-13.1","","66","","","","29","","14","","24.1","","99.66","","","","-14","","Mostly Cloudy"
"-79.63","43.68","TORONTO INTL A","6158731","2025-01-30 02:00","2025","01","30","02:00","","-8.4","","-13.0","","70","","","","6","","10","","24.1","","99.69","","","","-13","","NA"
"-79.63","43.68","TORONTO INTL A","6158731","2025-01-30 03:00","2025","01","30","03:00","","-9.1","","-12.9","","74","","","","8","","6","","24.1","","99.79","","","","-12","","NA"
"-79.63","43.68","TORONTO INTL A","6158731","2025-01-30 04:00","2025","01","30","04:00","","-8.9","","-12.8","","74","","","","6","","8","","24.1","","99.82","","","","-13","","Cloudy"
"-79.63","43.68","TORONTO INTL A","6158731","2025-01-30 05:00","2025","01","30","05:00","","-8.3","","-12.3","","73","","","","","","0","","24.1","","99.90","","","","","","NA"
"-79.63","43.68","TORONTO INTL A","6158731","2025-01-30 06:00","2025","01","30","06:00","","-7.5","","-12.5","","67","","","","19","","10","","24.1","","99.88","","","","-12","","NA"
"-79.63","43.68","TORONTO INTL A","6158731","2025-01-30 07:00","2025","01","30","07:00","","-7.5","","-12.4","","68","","","","21","","11","","24.1","","99.93","","","","-13","","Mostly Cloudy"
"-79.63","43.68","TORONTO INTL A","6158731","2025-01-30 08:00","2025","01","30","08:00","","-7.0","","-11.9","","68","","","","22","","12","","24.1","","99.95","","","","-12","","NA"
"-79.63","43.68","TORONTO INTL A","6158731","2025-01-30 09:00","2025","01","30","09:00","","-6.4","","-11.2","","69","","","","22","","14","","24.1","","100.03","","","","-12","","NA"
"-79.63","43.68","TORONTO INTL A","6158731","2025-01-30 10:00","2025","01","30","10:00","","-4.9","","-10.5","","65","","","","20","","11","","24.1","","100.00","","","","-9","","Cloudy"
"-79.63","43.68","TORONTO INTL A","6158731","2025-01-30 11:00","2025","01","30","11:00","","-4.0","","-10.5","","61","","","","20","","12","","24.1","","99.99","","","","-9","","NA"
"-79.63","43.68","TORONTO INTL A","6158731","2025-01-30 12:00","2025","01","30","12:00","","-3.0","","-9.7","","60","","","","19","","11","","24.1","","99.93","","","","-7","","NA"
"-79.63","43.68","TORONTO INTL A","6158731","2025-01-30 13:00","2025","01","30","13:00","","-2.4","","-8.7","","62","","","","13","","9","","24.1","","99.65","","","","-6","","Mostly Cloudy"
"-79.63","43.68","TORONTO INTL A","6158731","2025-01-30 14:00","2025","01","30","14:00","","-1.7","","-6.9","","68","","","","16","","16","","24.1","","99.63","","","","-7","","NA"
"-79.63","43.68","TORONTO INTL A","6158731","2025-01-30 15:00","2025","01","30","15:00","","-1.4","","-6.9","","66","","","","19","","16","","24.1","","99.60","","","","-6","","NA"
"-79.63","43.68","TORONTO INTL A","6158731","2025-01-30 16:00","2025","01","30","16:00","","-1.1","","-6.2","","68","","","","18","","9","","24.1","","99.55","","","","-4","","Mostly Cloudy"
"-79.63","43.68","TORONTO INTL A","6158731","2025-01-30 17:00","2025","01","30","17:00","","-1.0","","-6.0","","69","","","","17","","11","","24.1","","99.46","","","","-5","","NA"
"-79.63","43.68","TORONTO INTL A","6158731","2025-01-30 18:00","2025","01","30","18:00","","-1.4","","-6.0","","71","","","","15","","9","","24.1","","99.35","","","","-5","","NA"
"-79.63","43.68","TORONTO INTL A","6158731","2025-01-30 19:00","2025","01","30","19:00","","-1.2","","-5.5","","73","","","","15","","7","","24.1","","99.36","","","","-4","","Mostly Cloudy"
"-79.63","43.68","TORONTO INTL A","6158731","2025-01-30 20:00","2025","01","30","20:00","","-1.2","","-5.1","","75","","","","15","","7","","24.1","","99.29","","","","-4","","NA"
"-79.63","43.68","TORONTO INTL A","6158731","2025-01-30 21:00","2025","01","30","21:00","","-0.7","","-4.7","","75","","","","16","","5","","24.1","","99.17","","","","-2","","NA"
"-79.63","43.68","TORONTO INTL A","6158731","2025-01-30 22:00","2025","01","30","22:00","","-0.6","","-5.5","","70","","","","20","","9","","24.1","","99.16","","","","-4","","Mainly Clear"
"-79.63","43.68","TORONTO INTL A","6158731","2025-01-30 23:00","2025","01","30","23:00","","-0.7","","-4.9","","73","","","","22","","12","","24.1","","99.14","","","","-5","","NA"
"-79.63","43.68","TORONTO INTL A","6158731","2025-01-31 00:00","2025","01","31","00:00","","-2.2","","-5.6","","78","","","","21","","8","","24.1","","99.09","","","","-5","","NA"
"-79.63","43.68","TORONTO INTL A","6158731","2025-01-31 01:00","2025","01","31","01:00","","-2.2","","-5.0","","81","","","","23","","10","","24.1","","99.05","","","","-6","","Clear"
"-79.63","43.68","TORONTO INTL A","6158731","2025-01-31 02:00","2025","01","31","02:00","","-3.0","","-5.2","","85","","","","24","","12","","24.1","","99.04","","","","-7","","NA"
"-79.63","43.68","TORONTO INTL A","6158731","2025-01-31 03:00","2025","01","31","03:00","","-1.5","","-4.2","","82","","","","25","","7","","24.1","","99.03","","","","-4","","NA"
"-79.63","43.68","TORONTO INTL A","6158731","2025-01-31 04:00","2025","01","31","04:00","","-1.4","","-4.0","","82","","","","","","0","","24.1","","99.02","","","","","","Mostly Cloudy"
"-79.63","43.68","TORONTO INTL A","6158731","2025-01-31 05:00","2025","01","31","05:00","","-1.4","","-3.1","","88","","","","36","","13","","24.1","","98.95","","","","-6","","NA"
"-79.63","43.68","TORONTO INTL A","6158731","2025-01-31 06:00","2025","01","31","06:00","","-1.5","","-3.7","","85","","","","","","0","","24.1","","98.92","","","","","","NA"
"-79.63","43.68","TORONTO INTL A","6158731","2025-01-31 07:00","2025","01","31","07:00","","-0.7","","-3.3","","82","","","","5","","3","","24.1","","98.91","","","","-2","","Mostly Cloudy"
"-79.63","43.68","TORONTO INTL A","6158731","2025-01-31 08:00","2025","01","31","08:00","","-0.7","","-3.1","","83","","","","7","","3","","16.1","","98.99","","","","-2","","NA"
"-79.63","43.68","TORONTO INTL A","6158731","2025-01-31 09:00","2025","01","31","09:00","","-0.4","","-2.3","","87","","","","34","","7","","16.1","","98.96","","","","-3","","NA"
"-79.63","43.68","TORONTO INTL A","6158731","2025-01-31 10:00","2025","01","31","10:00","","0.2","","-2.1","","84","","","","3","","6","","16.1","","98.95","","","","","","Mostly Cloudy"
"-79.63","43.68","TORONTO INTL A","6158731","2025-01-31 11:00","2025","01","31","11:00","","0.7","","-1.7","","84","","","","2","","10","","9.7","","98.90","","","","","","Fog"
"-79.63","43.68","TORONTO INTL A","6158731","2025-01-31 12:00","2025","01","31","12:00","","1.2","","-1.5","","83","","","","3","","10","","12.9","","98.81","","","","","","NA"
"-79.63","43.68","TORONTO INTL A","6158731","2025-01-31 13:00","2025","01","31","13:00","","1.3","","-1.6","","81","","","","4","","13","","12.9","","98.64","","","","","","Cloudy"
"-79.63","43.68","TORONTO INTL A","6158731","2025-01-31 14:00","2025","01","31","14:00","","1.3","","-1.7","","81","","","","2","","17","","12.9","","98.56","","","","","","NA"
"-79.63","43.68","TORONTO INTL A","6158731","2025-01-31 15:00","2025","01","31","15:00","","1.1","","-0.9","","86","","","","36","","19","","8.1","","98.49","","","","","","Snow"
"-79.63","43.68","TORONTO INTL A","6158731","2025-01-31 16:00","2025","01","31","16:00","","0.5","","-1.3","","88","","","","2","","19","","9.7","","98.67","","","","","","Fog"
"-79.63","43.68","TORONTO INTL A","6158731","2025-01-31 17:00","2025","01","31","17:00","","-0.2","","-1.4","","91","","","","36","","23","","9.7","","98.61","","","","-6","","Fog"
"-79.63","43.68","TORONTO INTL A","6158731","2025-01-31 18:00","2025","01","31","18:00","","-0.3","","-2.0","","88","","","","36","","17","","9.7","","98.74","","","","-5","","Fog"
"-79.63","43.68","TORONTO INTL A","6158731","2025-01-31 19:00","2025","01","31","19:00","","-0.3","","-2.8","","84","","","","36","","23","","12.9","","98.76","","","","-6","","Cloudy"
"-79.63","43.68","TORONTO INTL A","6158731","2025-01-31 20:00","2025","01","31","20:00","","-0.1","","-3.0","","81","","","","36","","22","","19.3","","98.88","","","","-6","","NA"
"-79.63","43.68","TORONTO INTL A","6158731","2025-01-31 21:00","2025","01","31","21:00","","-0.6","","-4.6","","74","","","","35","","27","","24.1","","99.02","","","","-7","","NA"
"-79.63","43.68","TORONTO INTL A","6158731","2025-01-31 22:00","2025","01","31","22:00","","-2.2","","-6.2","","74","","","","33","","39","","24.1","","99.11","","","","-10","","Mostly Cloudy"
"-79.63","43.68","TORONTO INTL A","6158731","2025-01-31 23:00","2025","01","31","23:00","","-4.4","","-8.7","","72","","","","33","","35","","24.1","","99.24","","","","-13","","NA"
