"Longitude (x)","Latitude (y)","Station Name","Climate ID","Date/Time (LST)","Year","Month","Day","Time (LST)","Flag","Temp (°C)","Temp Flag","Dew Point Temp (°C)","Dew Point Temp Flag","Rel Hum (%)","Rel Hum Flag","Precip. Amount (mm)","Precip. Amount Flag","Wind Dir (10s deg)","Wind Dir Flag","Wind Spd (km/h)","Wind Spd Flag","Visibility (km)","Visibility Flag","Stn Press (kPa)","Stn Press Flag","Hmdx","Hmdx Flag","Wind Chill","Wind Chill Flag","Weather"
"-79.63","43.68","TORONTO INTL A","6158731","2025-09-01 00:00","2025","09","01","00:00","","15.7","","8.2","","61","","","","36","","4","","24.1","","100.48","","","","","","NA"
"-79.63","43.68","TORONTO INTL A","6158731","2025-09-01 01:00","2025","09","01","01:00","","14.2","","8.4","","68","","","","2","","12","","24.1","","100.48","","","","","","Clear"
"-79.63","43.68","TORONTO INTL A","6158731","2025-09-01 02:00","2025","09","01","02:00","","14.2","","8.8","","69","","","","31","","9","","24.1","","100.47","","","","","","NA"
"-79.63","43.68","TORONTO INTL A","6158731","2025-09-01 03:00","2025","09","01","03:00","","14.1","","9.1","","71","","","","33","","13","","24.1","","100.46","","","","","","NA"
"-79.63","43.68","TORONTO INTL A","6158731","2025-09-01 04:00","2025","09","01","04:00","","13.6","","9.2","","74","","","","33","","9","","24.1","","100.49","","","","","","Clear"
"-79.63","43.68","TORONTO INTL A","6158731","2025-09-01 05:00","2025","09","01","05:00","","12.8","","9.5","","81","","","","31","","5","","24.1","","100.53","","","","","","NA"
"-79.63","43.68","TORONTO INTL A","6158731","2025-09-01 06:00","2025","09","01","06:00","","13.4","","10.0","","79","","","","34","","10","","24.1","","100.56","","","","","","NA"
"-79.63","43.68","TORONTO INTL A","6158731","2025-09-01 07:00","2025","09","01","07:00","","15.0","","10.8","","76","","","","2","","6","","24.1","","100.59","","","","","","Clear"
"-79.63","43.68","TORONTO INTL A","6158731","2025-09-01 08:00","2025","09","01","08:00","","17.9","","11.1","","64","","","","4","","3","","24.1","","100.61","","","","","","NA"
"-79.63","43.68","TORONTO INTL A","6158731","2025-09-01 09:00","2025","09","01","09:00","","20.2","","11.6","","57","","","","3","","5","","24.1","","100.61","","","","","","NA"
"-79.63","43.68","TORONTO INTL A","6158731","2025-09-01 10:00","2025","09","01","10:00","","22.1","","9.5","","44","","","","12","","10","","24.1","","100.62","","","","","","Clear"
"-79.63","43.68","TORONTO INTL A","6158731","2025-09-01 11:00","2025","09","01","11:00","","22.7","","8.3","","39","","","","14","","10","","24.1","","100.58","","","","","","NA"
"-79.63","43.68","TORONTO INTL A","6158731","2025-09-01 12:00","2025","09","01","12:00","","23.2","","7.8","","37","","","","13","","9","","24.1","","100.52","","","","","","NA"
"-79.63","43.68","TORONTO INTL A","6158731","2025-09-01 13:00","2025","09","01","13:00","","23.4","","8.8","","39","","","","13","","13","","24.1","","100.49","","","","","","Mainly Clear"
"-79.63","43.68","TORONTO INTL A","6158731","2025-09-01 14:00","2025","09","01","14:00","","24.1","","8.4","","36","","","","16","","16","","24.1","","100.46","","25","","","","NA"
"-79.63","43.68","TORONTO INTL A","6158731","2025-09-01 15:00","2025","09","01","15:00","","23.8","","7.9","","36","","","","11","","13","","24.1","","100.40","","","","","","NA"
"-79.63","43.68","TORONTO INTL A","6158731","2025-09-01 16:00","2025","09","01","16:00","","23.9","","8.6","","37","","","","14","","12","","24.1","","100.36","","25","","","","Mainly Clear"
"-79.63","43.68","TORONTO INTL A","6158731","2025-09-01 17:00","2025","09","01","17:00","","22.8","","8.7","","40","","","","11","","14","","24.1","","100.33","","","","","","NA"
"-79.63","43.68","TORONTO INTL A","6158731","2025-09-01 18:00","2025","09","01","18:00","","21.7","","8.9","","44","","","","13","","16","","24.1","","100.31","","","","","","NA"
"-79.63","43.68","TORONTO INTL A","6158731","2025-09-01 19:00","2025","09","01","19:00","","20.2","","9.1","","48","","","","12","","7","","24.1","","100.29","","","","","","Clear"
"-79.63","43.68","TORONTO INTL A","6158731","2025-09-01 20:00","2025","09","01","20:00","","19.7","","9.7","","52","","","","11","","7","","24.1","","100.28","","","","","","NA"
"-79.63","43.68","TORONTO INTL A","6158731","2025-09-01 21:00","2025","09","01","21:00","","19.4","","9.4","","52","","","","14","","4","","24.1","","100.28","","","","","","NA"
"-79.63","43.68","TORONTO INTL A","6158731","2025-09-01 22:00","2025","09","01","22:00","","19.1","","9.1","","52","","","","12","","5","","24.1","","100.25","","","","","","Clear"
"-79.63","43.68","TORONTO INTL A","6158731","2025-09-01 23:00","2025","09","01","23:00","","18.1","","9.6","","57","","","","4","","7","","24.1","","100.23","","","","","","NA"
"-79.63","43.68","TORONTO INTL A","6158731","2025-09-02 00:00","2025","09","02","00:00","","17.8","","9.4","","58","","","","2","","5","","24.1","","100.22","","","","","","NA"
"-79.63","43.68","TORONTO INTL A","6158731","2025-09-02 01:00","2025","09","02","01:00","","15.6","","9.4","","66","","","","","","0","","24.1","","100.18","","","","","","Clear"
"-79.63","43.68","TORONTO INTL A","6158731","2025-09-02 02:00","2025","09","02","02:00","","15.3","","9.4","","68","","","","1","","7","","24.1","","100.15","","","","","","NA"
"-79.63","43.68","TORONTO INTL A","6158731","2025-09-02 03:00","2025","09","02","03:00","","14.7","","9.4","","70","","","","36","","7","","24.1","","100.14","","","","","","NA"
"-79.63","43.68","TORONTO INTL A","6158731","2025-09-02 04:00","2025","09","02","04:00","","15.0","","9.5","","69","","","","33","","4","","24.1","","100.09","","","","","","Mainly Clear"
"-79.63","43.68","TORONTO INTL A","6158731","2025-09-02 05:00","2025","09","02","05:00","","13.7","","9.5","","75","","","","4","","6","","24.1","","100.08","","","","","","NA"
"-79.63","43.68","TORONTO INTL A","6158731","2025-09-02 06:00","2025","09","02","06:00","","14.0","","10.1","","78","","","","1","","5","","24.1","","100.07","","","","","","NA"
"-79.63","43.68","TORONTO INTL A","6158731","2025-09-02 07:00","2025","09","02","07:00","","15.6","","11.0","","74","","","","1","","5","","24.1","","100.09","","","","","","Mostly Cloudy"
"-79.63","43.68","TORONTO INTL A","6158731","2025-09-02 08:00","2025","09","02","08:00","","18.4","","11.9","","65","","","","3","","8","","24.1","","100.08","","","","","","NA"
"-79.63","43.68","TORONTO INTL A","6158731","2025-09-02 09:00","2025","09","02","09:00","","20.6","","13.9","","65","","","","9","","9","","24.1","","100.06","","","","","","NA"
"-79.63","43.68","TORONTO INTL A","6158731","2025-09-02 10:00","2025","09","02","10:00","","22.2","","14.2","","60","","","","12","","10","","24.1","","100.00","","26","","","","Mainly Clear"
"-79.63","43.68","TORONTO INTL A","6158731","2025-09-02 11:00","2025","09","02","11:00","","23.1","","13.7","","55","","","","7","","12","","24.1","","99.94","","26","","","","NA"
"-79.63","43.68","TORONTO INTL A","6158731","2025-09-02 12:00","2025","09","02","12:00","","23.7","","15.9","","61","","","","13","","10","","24.1","","99.89","","28","","","","NA"
"-79.63","43.68","TORONTO INTL A","6158731","2025-09-02 13:00","2025","09","02","13:00","","24.0","","12.7","","49","","","","10","","16","","24.1","","99.82","","27","","","","Mostly Cloudy"
"-79.63","43.68","TORONTO INTL A","6158731","2025-09-02 14:00","2025","09","02","14:00","","24.8","","14.3","","52","","","","13","","13","","24.1","","99.74","","28","","","","NA"
"-79.63","43.68","TORONTO INTL A","6158731","2025-09-02 15:00","2025","09","02","15:00","","25.0","","10.7","","40","","","","15","","16","","24.1","","99.67","","27","","","","NA"
"-79.63","43.68","TORONTO INTL A","6158731","2025-09-02 16:00","2025","09","02","16:00","","24.1","","11.4","","44","","","","16","","14","","24.1","","99.62","","26","","","","Mostly Cloudy"
"-79.63","43.68","TORONTO INTL A","6158731","2025-09-02 17:00","2025","09","02","17:00","","22.5","","13.3","","56","","","","13","","16","","24.1","","99.61","","25","","","","NA"
"-79.63","43.68","TORONTO INTL A","6158731","2025-09-02 18:00","2025","09","02","18:00","","21.3","","14.7","","66","","","","15","","11","","24.1","","99.59","","25","","","","NA"
"-79.63","43.68","TORONTO INTL A","6158731","2025-09-02 19:00","2025","09","02","19:00","","20.1","","15.6","","75","","","","15","","9","","24.1","","99.53","","","","","","Mainly Clear"
"-79.63","43.68","TORONTO INTL A","6158731","2025-09-02 20:00","2025","09","02","20:00","","19.8","","15.2","","75","","","","14","","7","","24.1","","99.51","","","","","","NA"
"-79.63","43.68","TORONTO INTL A","6158731","2025-09-02 21:00","2025","09","02","21:00","","19.9","","14.1","","69","","","","14","","7","","24.1","","99.46","","","","","","NA"
"-79.63","43.68","TORONTO INTL A","6158731","2025-09-02 22:00","2025","09","02","22:00","","19.5","","14.4","","72","","","","13","","4","","24.1","","99.45","","","","","","Clear"
"-79.63","43.68","TORONTO INTL A","6158731","2025-09-02 23:00","2025","09","02","23:00","","18.8","","14.7","","77","","","","6","","4","","24.1","","99.43","","","","","","NA"
"-79.63","43.68","TORONTO INTL A","6158731","2025-09-03 00:00","2025","09","03","00:00","","17.8","","14.9","","83","","","","10","","6","","24.1","","99.40","","","","","","NA"
"-79.63","43.68","TORONTO INTL A","6158731","2025-09-03 01:00","2025","09","03","01:00","","15.6","","13.5","","87","","","","20","","4","","24.1","","99.36","","","","","","Clear"
"-79.63","43.68","TORONTO INTL A","6158731","2025-09-03 02:00","2025","09","03","02:00","","15.6","","13.2","","85","","","","18","","3","","24.1","","99.30","","","","","","NA"
"-79.63","43.68","TORONTO INTL A","6158731","2025-09-03 03:00","2025","09","03","03:00","","14.6","","12.6","","88","","","","29","","11","","24.1","","99.26","","","","","","NA"
"-79.63","43.68","TORONTO INTL A","6158731","2025-09-03 04:00","2025","09","03","04:00","","15.2","","12.4","","83","","","","31","","3","","24.1","","99.23","","","","","","Clear"
"-79.63","43.68","TORONTO INTL A","6158731","2025-09-03 05:00","2025","09","03","05:00","","14.1","","11.7","","85","","","","","","0","","24.1","","99.19","","","","","","NA"
"-79.63","43.68","TORONTO INTL A","6158731","2025-09-03 06:00","2025","09","03","06:00","","14.8","","11.7","","81","","","","5","","3","","24.1","","99.18","","","","","","NA"
"-79.63","43.68","TORONTO INTL A","6158731","2025-09-03 07:00","2025","09","03","07:00","","16.4","","13.0","","80","","","","2","","5","","24.1","","99.16","","","","","","Clear"
"-79.63","43.68","TORONTO INTL A","6158731","2025-09-03 08:00","2025","09","03","08:00","","18.8","","14.2","","75","","","","15","","7","","24.1","","99.12","","","","","","NA"
"-79.63","43.68","TORONTO INTL A","6158731","2025-09-03 09:00","2025","09","03","09:00","","21.1","","15.5","","70","","","","18","","7","","24.1","","99.08","","25","","","","NA"
"-79.63","43.68","TORONTO INTL A","6158731","2025-09-03 10:00","2025","09","03","10:00","","21.6","","16.2","","71","","","","18","","10","","24.1","","99.03","","26","","","","Mainly Clear"
"-79.63","43.68","TORONTO INTL A","6158731","2025-09-03 11:00","2025","09","03","11:00","","22.7","","16.8","","69","","","","16","","10","","24.1","","98.96","","28","","","","NA"
"-79.63","43.68","TORONTO INTL A","6158731","2025-09-03 12:00","2025","09","03","12:00","","24.1","","15.8","","59","","","","15","","16","","24.1","","98.89","","29","","","","NA"
"-79.63","43.68","TORONTO INTL A","6158731","2025-09-03 13:00","2025","09","03","13:00","","24.6","","15.6","","57","","","","14","","20","","24.1","","98.83","","29","","","","Mainly Clear"
"-79.63","43.68","TORONTO INTL A","6158731","2025-09-03 14:00","2025","09","03","14:00","","24.7","","14.7","","53","","","","14","","17","","24.1","","98.73","","28","","","","NA"
"-79.63","43.68","TORONTO INTL A","6158731","2025-09-03 15:00","2025","09","03","15:00","","23.8","","14.6","","56","","","","12","","14","","24.1","","98.66","","28","","","","NA"
"-79.63","43.68","TORONTO INTL A","6158731","2025-09-03 16:00","2025","09","03","16:00","","26.5","","9.4","","34","","","","21","","22","","24.1","","98.59","","28","","","","Mostly Cloudy"
"-79.63","43.68","TORONTO INTL A","6158731","2025-09-03 17:00","2025","09","03","17:00","","25.7","","7.9","","32","","","","22","","31","","24.1","","98.55","","26","","","","NA"
"-79.63","43.68","TORONTO INTL A","6158731","2025-09-03 18:00","2025","09","03","18:00","","25.1","","8.2","","34","","","","22","","26","","24.1","","98.51","","26","","","","NA"
"-79.63","43.68","TORONTO INTL A","6158731","2025-09-03 19:00","2025","09","03","19:00","","23.9","","9.1","","38","","","","16","","8","","24.1","","98.46","","25","","","","Mainly Clear"
"-79.63","43.68","TORONTO INTL A","6158731","2025-09-03 20:00","2025","09","03","20:00","","23.0","","10.6","","45","","","","17","","12","","24.1","","98.45","","25","","","","NA"
"-79.63","43.68","TORONTO INTL A","6158731","2025-09-03 21:00","2025","09","03","21:00","","22.2","","11.9","","51","","","","17","","13","","24.1","","98.43","","","","","","NA"
"-79.63","43.68","TORONTO INTL A","6158731","2025-09-03 22:00","2025","09","03","22:00","","21.1","","12.0","","56","","","","29","","24","","24.1","","98.48","","","","","","Mostly Cloudy"
"-79.63","43.68","TORONTO INTL A","6158731","2025-09-03 23:00","2025","09","03","23:00","","19.3","","13.7","","70","","","","29","","12","","24.1","","98.50","","","","","","NA"
"-79.63","43.68","TORONTO INTL A","6158731","2025-09-04 00:00","2025","09","04","00:00","","18.2","","14.0","","76","","","","26","","9","","24.1","","98.47","","","","","","NA"
"-79.63","43.68","TORONTO INTL A","6158731","2025-09-04 01:00","2025","09","04","01:00","","18.5","","13.9","","74","","","","24","","6","","24.1","","98.41","","","","","","Mostly Cloudy"
"-79.63","43.68","TORONTO INTL A","6158731","2025-09-04 02:00","2025","09","04","02:00","","19.0","","14.1","","73","","","","15","","8","","24.1","","98.35","","","","","","NA"
"-79.63","43.68","TORONTO INTL A","6158731","2025-09-04 03:00","2025","09","04","03:00","","18.7","","14.4","","76","","","","16","","9","","24.1","","98.33","","","","","","NA"
"-79.63","43.68","TORONTO INTL A","6158731","2025-09-04 04:00","2025","09","04","04:00","","19.1","","14.6","","75","","","","17","","8","","24.1","","98.29","","","","","","Cloudy"
"-79.63","43.68","TORONTO INTL A","6158731","2025-09-04 05:00","2025","09","04","05:00","","19.2","","14.2","","72","","","","19","","8","","19.3","","98.25","","","","","","NA"
"-79.63","43.68","TORONTO INTL A","6158731","2025-09-04 06:00","2025","09","04","06:00","","19.1","","15.0","","77","","","","17","","4","","16.1","","98.21","","","","","","Rain Showers"
"-79.63","43.68","TORONTO INTL A","6158731","2025-09-04 07:00","2025","09","04","07:00","","13.3","","12.2","","93","","","","35","","25","","6.4","","98.31","","","","","","Moderate Rain Showers,Fog"
"-79.63","43.68","TORONTO INTL A","6158731","2025-09-04 08:00","2025","09","04","08:00","","12.7","","11.3","","91","","","","1","","26","","19.3","","98.31","","","","","","Rain Showers"
"-79.63","43.68","TORONTO INTL A","6158731","2025-09-04 09:00","2025","09","04","09:00","","12.4","","10.8","","90","","","","34","","26","","16.1","","98.45","","","","","","Rain Showers"
"-79.63","43.68","TORONTO INTL A","6158731","2025-09-04 10:00","2025","09","04","10:00","","12.9","","11.3","","90","","","","34","","18","","24.1","","98.47","","","","","","Rain"
"-79.63","43.68","TORONTO INTL A","6158731","2025-09-04 11:00","2025","09","04","11:00","","14.1","","10.6","","79","","","","34","","26","","24.1","","98.50","","","","","","NA"
"-79.63","43.68","TORONTO INTL A","6158731","2025-09-04 12:00","2025","09","04","12:00","","16.1","","9.9","","66","","","","35","","23","","24.1","","98.53","","","","","","NA"
"-79.63","43.68","TORONTO INTL A","6158731","2025-09-04 13:00","2025","09","04","13:00","","17.7","","9.4","","58","","","","32","","19","","24.1","","98.53","","","","","","Mostly Cloudy"
"-79.63","43.68","TORONTO INTL A","6158731","2025-09-04 14:00","2025","09","04","14:00","","17.9","","9.6","","58","","","","28","","10","","24.1","","98.52","","","","","","NA"
"-79.63","43.68","TORONTO INTL A","6158731","2025-09-04 15:00","2025","09","04","15:00","","18.8","","8.5","","51","","","","28","","17","","24.1","","98.52","","","","","","NA"
"-79.63","43.68","TORONTO INTL A","6158731","2025-09-04 16:00","2025","09","04","16:00","","19.1","","7.6","","47","","","","25","","21","","24.1","","98.55","","","","","","Mostly Cloudy"
"-79.63","43.68","TORONTO INTL A","6158731","2025-09-04 17:00","2025","09","04","17:00","","18.9","","7.5","","47","","","","26","","18","","24.1","","98.56","","","","","","NA"
"-79.63","43.68","TORONTO INTL A","6158731","2025-09-04 18:00","2025","09","04","18:00","","17.5","","6.0","","47","","","","28","","22","","24.1","","98.59","","","","","","NA"
"-79.63","43.68","TORONTO INTL A","6158731","2025-09-04 19:00","2025","09","04","19:00","","15.2","","5.5","","52","","","","28","","17","","24.1","","98.67","","","","","","Mainly Clear"
"-79.63","43.68","TORONTO INTL A","6158731","2025-09-04 20:00","2025","09","04","20:00","","15.0","","6.2","","55","","","","28","","19","","24.1","","98.78","","","","","","NA"
"-79.63","43.68","TORONTO INTL A","6158731","2025-09-04 21:00","2025","09","04","21:00","","13.6","","6.1","","60","","","","29","","11","","24.1","","98.81","","","","","","NA"
"-79.63","43.68","TORONTO INTL A","6158731","2025-09-04 22:00","2025","09","04","22:00","","12.3","","5.7","","64","","","","28","","8","","24.1","","98.84","","","","","","Mainly Clear"
"-79.63","43.68","TORONTO INTL A","6158731","2025-09-04 23:00","2025","09","04","23:00","","13.1","","5.6","","60","","","","","","0","","24.1","","98.86","","","","","","NA"
"-79.63","43.68","TORONTO INTL A","6158731","2025-09-05 00:00","2025","09","05","00:00","","13.3","","4.9","","57","","","","","","0","","24.1","","98.85","","","","","","NA"
"-79.63","43.68","TORONTO INTL A","6158731","2025-09-05 01:00","2025","09","05","01:00","","12.6","","6.2","","65","","","","17","","6","","24.1","","98.84","","","","","","Mainly Clear"
"-79.63","43.68","TORONTO INTL A","6158731","2025-09-05 02:00","2025","09","05","02:00","","12.4","","6.7","","68","","","","15","","5","","24.1","","98.80","","","","","","NA"
"-79.63","43.68","TORONTO INTL A","6158731","2025-09-05 03:00","2025","09","05","03:00","","12.5","","7.3","","70","","","","14","","7","","24.1","","98.76","","","","","","NA"
"-79.63","43.68","TORONTO INTL A","6158731","2025-09-05 04:00","2025","09","05","04:00","","12.8","","8.4","","75","","","","16","","7","","24.1","","98.71","","","","","","Mostly Cloudy"
"-79.63","43.68","TORONTO INTL A","6158731","2025-09-05 05:00","2025","09","05","05:00","","14.8","","11.1","","78","","","","17","","12","","24.1","","98.66","","","","","","NA"
"-79.63","43.68","TORONTO INTL A","6158731","2025-09-05 06:00","2025","09","05","06:00","","15.6","","11.8","","78","","","","17","","13","","24.1","","98.66","","","","","","NA"
"-79.63","43.68","TORONTO INTL A","6158731","2025-09-05 07:00","2025","09","05","07:00","","16.3","","12.4","","78","","","","19","","15","","24.1","","98.66","","","","","","Mainly Clear"
"-79.63","43.68","TORONTO INTL A","6158731","2025-09-05 08:00","2025","09","05","08:00","","17.2","","13.0","","76","","","","17","","18","","24.1","","98.62","","","","","","NA"
"-79.63","43.68","TORONTO INTL A","6158731","2025-09-05 09:00","2025","09","05","09:00","","19.0","","13.2","","69","","","","20","","22","","24.1","","98.56","","","","","","NA"
"-79.63","43.68","TORONTO INTL A","6158731","2025-09-05 10:00","2025","09","05","10:00","","19.4","","11.2","","59","","","","21","","41","","24.1","","98.50","","","","","","Mostly Cloudy"
"-79.63","43.68","TORONTO INTL A","6158731","2025-09-05 11:00","2025","09","05","11:00","","20.1","","11.3","","57","","","","20","","28","","24.1","","98.44","","","","","","NA"
"-79.63","43.68","TORONTO INTL A","6158731","2025-09-05 12:00","2025","09","05","12:00","","21.7","","11.2","","51","","","","22","","37","","24.1","","98.40","","","","","","NA"
"-79.63","43.68","TORONTO INTL A","6158731","2025-09-05 13:00","2025","09","05","13:00","","22.1","","11.5","","50","","","","21","","34","","24.1","","98.39","","","","","","Mostly Cloudy"
"-79.63","43.68","TORONTO INTL A","6158731","2025-09-05 14:00","2025","09","05","14:00","","22.4","","11.9","","51","","","","22","","40","","24.1","","98.37","","25","","","","NA"
"-79.63","43.68","TORONTO INTL A","6158731","2025-09-05 15:00","2025","09","05","15:00","","22.9","","12.5","","51","","","","23","","41","","24.1","","98.33","","25","","","","NA"
"-79.63","43.68","TORONTO INTL A","6158731","2025-09-05 16:00","2025","09","05","16:00","","22.8","","8.9","","41","","","","26","","44","","24.1","","98.44","","","","","","Mainly Clear"
"-79.63","43.68","TORONTO INTL A","6158731","2025-09-05 17:00","2025","09","05","17:00","","22.3","","7.9","","39","","","","26","","38","","24.1","","98.51","","","","","","NA"
"-79.63","43.68","TORONTO INTL A","6158731","2025-09-05 18:00","2025","09","05","18:00","","20.5","","9.4","","48","","","","30","","34","","24.1","","98.62","","","","","","NA"
"-79.63","43.68","TORONTO INTL A","6158731","2025-09-05 19:00","2025","09","05","19:00","","17.5","","8.9","","57","","","","29","","31","","24.1","","98.81","","","","","","Mainly Clear"
"-79.63","43.68","TORONTO INTL A","6158731","2025-09-05 20:00","2025","09","05","20:00","","16.6","","8.3","","58","","","","29","","22","","24.1","","98.94","","","","","","NA"
"-79.63","43.68","TORONTO INTL A","6158731","2025-09-05 21:00","2025","09","05","21:00","","14.6","","8.2","","65","","","","28","","16","","24.1","","99.02","","","","","","NA"
"-79.63","43.68","TORONTO INTL A","6158731","2025-09-05 22:00","2025","09","05","22:00","","13.7","","7.7","","67","","","","28","","16","","24.1","","99.07","","","","","","Clear"
"-79.63","43.68","TORONTO INTL A","6158731","2025-09-05 23:00","2025","09","05","23:00","","13.4","","7.3","","67","","","","28","","11","","24.1","","99.13","","","","","","NA"
"-79.63","43.68","TORONTO INTL A","6158731","2025-09-06 00:00","2025","09","06","00:00","","13.4","","6.5","","62","","","","29","","22","","24.1","","99.14","","","","","","NA"
"-79.63","43.68","TORONTO INTL A","6158731","2025-09-06 01:00","2025","09","06","01:00","","12.1","","6.2","","67","","","","25","","10","","24.1","","99.17","","","","","","Clear"
"-79.63","43.68","TORONTO INTL A","6158731","2025-09-06 02:00","2025","09","06","02:00","","10.6","","6.3","","75","","","","25","","9","","24.1","","99.20","","","","","","NA"
"-79.63","43.68","TORONTO INTL A","6158731","2025-09-06 03:00","2025","09","06","03:00","","12.1","","6.2","","67","","","","20","","7","","24.1","","99.22","","","","","","NA"
"-79.63","43.68","TORONTO INTL A","6158731","2025-09-06 04:00","2025","09","06","04:00","","12.6","","6.4","","66","","","","18","","11","","24.1","","99.23","","","","","","Mostly Cloudy"
"-79.63","43.68","TORONTO INTL A","6158731","2025-09-06 05:00","2025","09","06","05:00","","12.3","","7.0","","70","","","","21","","9","","24.1","","99.22","","","","","","NA"
"-79.63","43.68","TORONTO INTL A","6158731","2025-09-06 06:00","2025","09","06","06:00","","12.7","","6.8","","67","","","","22","","12","","24.1","","99.31","","","","","","NA"
"-79.63","43.68","TORONTO INTL A","6158731","2025-09-06 07:00","2025","09","06","07:00","","12.8","","7.1","","68","","","","22","","12","","24.1","","99.39","","","","","","Mostly Cloudy"
"-79.63","43.68","TORONTO INTL A","6158731","2025-09-06 08:00","2025","09","06","08:00","","13.4","","7.5","","67","","","","23","","10","","24.1","","99.38","","","","","","NA"
"-79.63","43.68","TORONTO INTL A","6158731","2025-09-06 09:00","2025","09","06","09:00","","14.8","","7.2","","60","","","","25","","21","","24.1","","99.39","","","","","","NA"
"-79.63","43.68","TORONTO INTL A","6158731","2025-09-06 10:00","2025","09","06","10:00","","16.1","","7.8","","58","","","","27","","12","","24.1","","99.34","","","","","","Mostly Cloudy"
"-79.63","43.68","TORONTO INTL A","6158731","2025-09-06 11:00","2025","09","06","11:00","","18.0","","6.8","","48","","","","26","","22","","24.1","","99.34","","","","","","NA"
"-79.63","43.68","TORONTO INTL A","6158731","2025-09-06 12:00","2025","09","06","12:00","","19.6","","8.5","","48","","","","24","","16","","24.1","","99.33","","","","","","NA"
"-79.63","43.68","TORONTO INTL A","6158731","2025-09-06 13:00","2025","09","06","13:00","","19.0","","5.7","","41","","","","23","","28","","24.1","","99.32","","","","","","Mostly Cloudy"
"-79.63","43.68","TORONTO INTL A","6158731","2025-09-06 14:00","2025","09","06","14:00","","18.7","","6.5","","45","","","","23","","16","","24.1","","99.30","","","","","","NA"
"-79.63","43.68","TORONTO INTL A","6158731","2025-09-06 15:00","2025","09","06","15:00","","18.8","","5.9","","43","","","","26","","28","","24.1","","99.33","","","","","","NA"
"-79.63","43.68","TORONTO INTL A","6158731","2025-09-06 16:00","2025","09","06","16:00","","18.2","","6.0","","45","","","","29","","26","","24.1","","99.34","","","","","","Mostly Cloudy"
"-79.63","43.68","TORONTO INTL A","6158731","2025-09-06 17:00","2025","09","06","17:00","","17.6","","6.1","","47","","","","28","","26","","24.1","","99.36","","","","","","NA"
"-79.63","43.68","TORONTO INTL A","6158731","2025-09-06 18:00","2025","09","06","18:00","","16.5","","6.1","","50","","","","28","","18","","24.1","","99.37","","","","","","NA"
"-79.63","43.68","TORONTO INTL A","6158731","2025-09-06 19:00","2025","09","06","19:00","","16.3","","6.1","","50","","","","28","","14","","24.1","","99.41","","","","","","Cloudy"
"-79.63","43.68","TORONTO INTL A","6158731","2025-09-06 20:00","2025","09","06","20:00","","15.8","","6.8","","55","","","","26","","15","","24.1","","99.47","","","","","","Rain"
"-79.63","43.68","TORONTO INTL A","6158731","2025-09-06 21:00","2025","09","06","21:00","","15.5","","6.7","","55","","","","27","","14","","24.1","","99.46","","","","","","NA"
"-79.63","43.68","TORONTO INTL A","6158731","2025-09-06 22:00","2025","09","06","22:00","","15.0","","7.5","","61","","","","29","","15","","24.1","","99.51","","","","","","Mostly Cloudy"
"-79.63","43.68","TORONTO INTL A","6158731","2025-09-06 23:00","2025","09","06","23:00","","14.1","","8.7","","70","","","","28","","13","","24.1","","99.51","","","","","","NA"
"-79.63","43.68","TORONTO INTL A","6158731","2025-09-07 00:00","2025","09","07","00:00","","14.1","","8.4","","68","","","","24","","12","","24.1","","99.52","","","","","","NA"
"-79.63","43.68","TORONTO INTL A","6158731","2025-09-07 01:00","2025","09","07","01:00","","13.8","","8.5","","70","","","","25","","17","","24.1","","99.51","","","","","","Cloudy"
"-79.63","43.68","TORONTO INTL A","6158731","2025-09-07 02:00","2025","09","07","02:00","","13.5","","8.3","","71","","","","26","","15","","24.1","","99.46","","","","","","NA"
"-79.63","43.68","TORONTO INTL A","6158731","2025-09-07 03:00","2025","09","07","03:00","","12.7","","8.5","","75","","","","26","","16","","24.1","","99.47","","","","","","NA"
"-79.63","43.68","TORONTO INTL A","6158731","2025-09-07 04:00","2025","09","07","04:00","","11.8","","8.5","","80","","","","26","","17","","24.1","","99.52","","","","","","Mostly Cloudy"
"-79.63","43.68","TORONTO INTL A","6158731","2025-09-07 05:00","2025","09","07","05:00","","11.4","","6.0","","69","","","","33","","23","","24.1","","99.57","","","","","","NA"
"-79.63","43.68","TORONTO INTL A","6158731","2025-09-07 06:00","2025","09","07","06:00","","12.0","","5.9","","66","","","","29","","17","","24.1","","99.65","","","","","","NA"
"-79.63","43.68","TORONTO INTL A","6158731","2025-09-07 07:00","2025","09","07","07:00","","11.5","","6.7","","72","","","","27","","14","","24.1","","99.73","","","","","","Mostly Cloudy"
"-79.63","43.68","TORONTO INTL A","6158731","2025-09-07 08:00","2025","09","07","08:00","","12.4","","7.4","","71","","","","26","","16","","24.1","","99.78","","","","","","NA"
"-79.63","43.68","TORONTO INTL A","6158731","2025-09-07 09:00","2025","09","07","09:00","","14.2","","6.9","","61","","","","29","","20","","24.1","","99.81","","","","","","NA"
"-79.63","43.68","TORONTO INTL A","6158731","2025-09-07 10:00","2025","09","07","10:00","","15.8","","6.3","","53","","","","27","","29","","24.1","","99.84","","","","","","Mostly Cloudy"
"-79.63","43.68","TORONTO INTL A","6158731","2025-09-07 11:00","2025","09","07","11:00","","16.7","","5.5","","47","","","","27","","22","","24.1","","99.85","","","","","","NA"
"-79.63","43.68","TORONTO INTL A","6158731","2025-09-07 12:00","2025","09","07","12:00","","18.0","","5.5","","44","","","","29","","24","","24.1","","99.84","","","","","","NA"
"-79.63","43.68","TORONTO INTL A","6158731","2025-09-07 13:00","2025","09","07","13:00","","15.8","","6.2","","53","","","","32","","28","","24.1","","99.86","","","","","","Mostly Cloudy"
"-79.63","43.68","TORONTO INTL A","6158731","2025-09-07 14:00","2025","09","07","14:00","","17.4","","5.6","","45","","","","26","","25","","24.1","","99.82","","","","","","NA"
"-79.63","43.68","TORONTO INTL A","6158731","2025-09-07 15:00","2025","09","07","15:00","","17.8","","4.2","","40","","","","27","","30","","24.1","","99.81","","","","","","NA"
"-79.63","43.68","TORONTO INTL A","6158731","2025-09-07 16:00","2025","09","07","16:00","","17.9","","5.2","","43","","","","26","","25","","24.1","","99.84","","","","","","Mostly Cloudy"
"-79.63","43.68","TORONTO INTL A","6158731","2025-09-07 17:00","2025","09","07","17:00","","18.6","","5.9","","43","","","","28","","28","","24.1","","99.87","","","","","","NA"
"-79.63","43.68","TORONTO INTL A","6158731","2025-09-07 18:00","2025","09","07","18:00","","16.9","","5.3","","46","","","","30","","34","","24.1","","99.96","","","","","","NA"
"-79.63","43.68","TORONTO INTL A","6158731","2025-09-07 19:00","2025","09","07","19:00","","15.6","","5.0","","49","","","","30","","23","","24.1","","100.02","","","","","","Mainly Clear"
"-79.63","43.68","TORONTO INTL A","6158731","2025-09-07 20:00","2025","09","07","20:00","","14.8","","5.4","","53","","","","30","","15","","24.1","","100.09","","","","","","NA"
"-79.63","43.68","TORONTO INTL A","6158731","2025-09-07 21:00","2025","09","07","21:00","","13.7","","5.5","","58","","","","29","","15","","24.1","","100.15","","","","","","NA"
"-79.63","43.68","TORONTO INTL A","6158731","2025-09-07 22:00","2025","09","07","22:00","","13.2","","6.1","","62","","","","31","","16","","24.1","","100.19","","","","","","Clear"
"-79.63","43.68","TORONTO INTL A","6158731","2025-09-07 23:00","2025","09","07","23:00","","11.9","","6.4","","69","","","","29","","14","","24.1","","100.22","","","","","","NA"
"-79.63","43.68","TORONTO INTL A","6158731","2025-09-08 00:00","2025","09","08","00:00","","10.4","","6.5","","77","","","","28","","14","","24.1","","100.28","","","","","","NA"
"-79.63","43.68","TORONTO INTL A","6158731","2025-09-08 01:00","2025","09","08","01:00","","9.5","","6.5","","82","","","","28","","12","","24.1","","100.32","","","","","","Clear"
"-79.63","43.68","TORONTO INTL A","6158731","2025-09-08 02:00","2025","09","08","02:00","","9.9","","6.7","","80","","","","29","","7","","24.1","","100.34","","","","","","NA"
"-79.63","43.68","TORONTO INTL A","6158731","2025-09-08 03:00","2025","09","08","03:00","","9.2","","6.7","","84","","","","29","","10","","24.1","","100.37","","","","","","NA"
"-79.63","43.68","TORONTO INTL A","6158731","2025-09-08 04:00","2025","09","08","04:00","","8.8","","6.5","","86","","","","29","","10","","24.1","","100.44","","","","","","Mainly Clear"
"-79.63","43.68","TORONTO INTL A","6158731","2025-09-08 05:00","2025","09","08","05:00","","9.4","","6.7","","83","","","","31","","12","","24.1","","100.47","","","","","","NA"
"-79.63","43.68","TORONTO INTL A","6158731","2025-09-08 06:00","2025","09","08","06:00","","8.7","","6.7","","87","","","","28","","9","","24.1","","100.53","","","","","","NA"
"-79.63","43.68","TORONTO INTL A","6158731","2025-09-08 07:00","2025","09","08","07:00","","10.4","","7.6","","83","","","","28","","5","","24.1","","100.57","","","","","","Clear"
"-79.63","43.68","TORONTO INTL A","6158731","2025-09-08 08:00","2025","09","08","08:00","","13.2","","8.3","","72","","","","30","","11","","24.1","","100.59","","","","","","NA"
"-79.63","43.68","TORONTO INTL A","6158731","2025-09-08 09:00","2025","09","08","09:00","","14.9","","7.6","","62","","","","32","","20","","24.1","","100.61","","","","","","NA"
"-79.63","43.68","TORONTO INTL A","6158731","2025-09-08 10:00","2025","09","08","10:00","","16.0","","6.6","","53","","","","30","","14","","24.1","","100.63","","","","","","Mostly Cloudy"
"-79.63","43.68","TORONTO INTL A","6158731","2025-09-08 11:00","2025","09","08","11:00","","16.7","","6.5","","51","","","","32","","9","","24.1","","100.63","","","","","","NA"
"-79.63","43.68","TORONTO INTL A","6158731","2025-09-08 12:00","2025","09","08","12:00","","18.6","","7.3","","48","","","","30","","5","","24.1","","100.62","","","","","","NA"
"-79.63","43.68","TORONTO INTL A","6158731","2025-09-08 13:00","2025","09","08","13:00","","18.1","","3.8","","38","","","","26","","5","","24.1","","100.58","","","","","","Mainly Clear"
"-79.63","43.68","TORONTO INTL A","6158731","2025-09-08 14:00","2025","09","08","14:00","","18.4","","8.3","","51","","","","15","","15","","24.1","","100.54","","","","","","NA"
"-79.63","43.68","TORONTO INTL A","6158731","2025-09-08 15:00","2025","09","08","15:00","","18.2","","7.1","","48","","","","13","","16","","24.1","","100.50","","","","","","NA"
"-79.63","43.68","TORONTO INTL A","6158731","2025-09-08 16:00","2025","09","08","16:00","","18.4","","7.3","","48","","","","12","","12","","24.1","","100.46","","","","","","Mainly Clear"
"-79.63","43.68","TORONTO INTL A","6158731","2025-09-08 17:00","2025","09","08","17:00","","18.2","","6.4","","46","","","","14","","13","","24.1","","100.45","","","","","","NA"
"-79.63","43.68","TORONTO INTL A","6158731","2025-09-08 18:00","2025","09","08","18:00","","17.2","","6.2","","48","","","","14","","10","","24.1","","100.45","","","","","","NA"
"-79.63","43.68","TORONTO INTL A","6158731","2025-09-08 19:00","2025","09","08","19:00","","15.7","","7.0","","56","","","","15","","8","","24.1","","100.46","","","","","","Clear"
"-79.63","43.68","TORONTO INTL A","6158731","2025-09-08 20:00","2025","09","08","20:00","","14.6","","7.4","","62","","","","15","","6","","24.1","","100.49","","","","","","NA"
"-79.63","43.68","TORONTO INTL A","6158731","2025-09-08 21:00","2025","09","08","21:00","","14.0","","7.6","","65","","","","5","","9","","24.1","","100.52","","","","","","NA"
"-79.63","43.68","TORONTO INTL A","6158731","2025-09-08 22:00","2025","09","08","22:00","","14.5","","7.3","","62","","","","7","","5","","24.1","","100.50","","","","","","Clear"
"-79.63","43.68","TORONTO INTL A","6158731","2025-09-08 23:00","2025","09","08","23:00","","13.9","","7.6","","65","","","","10","","5","","24.1","","100.52","","","","","","NA"
"-79.63","43.68","TORONTO INTL A","6158731","2025-09-09 00:00","2025","09","09","00:00","","13.7","","9.0","","73","","","","13","","6","","24.1","","100.51","","","","","","NA"
"-79.63","43.68","TORONTO INTL A","6158731","2025-09-09 01:00","2025","09","09","01:00","","12.6","","9.2","","79","","","","15","","4","","24.1","","100.49","","","","","","Clear"
"-79.63","43.68","TORONTO INTL A","6158731","2025-09-09 02:00","2025","09","09","02:00","","10.7","","7.7","","81","","","","29","","4","","24.1","","100.52","","","","","","NA"
"-79.63","43.68","TORONTO INTL A","6158731","2025-09-09 03:00","2025","09","09","03:00","","11.3","","7.8","","79","","","","3","","4","","24.1","","100.48","","","","","","NA"
"-79.63","43.68","TORONTO INTL A","6158731","2025-09-09 04:00","2025","09","09","04:00","","9.7","","6.2","","79","","","","32","","8","","24.1","","100.46","","","","","","Clear"
"-79.63","43.68","TORONTO INTL A","6158731","2025-09-09 05:00","2025","09","09","05:00","","9.7","","6.5","","80","","","","2","","7","","24.1","","100.48","","","","","","NA"
"-79.63","43.68","TORONTO INTL A","6158731","2025-09-09 06:00","2025","09","09","06:00","","9.4","","6.3","","81","","","","","","0","","24.1","","100.50","","","","","","NA"
"-79.63","43.68","TORONTO INTL A","6158731","2025-09-09 07:00","2025","09","09","07:00","","11.5","","8.1","","80","","","","36","","4","","24.1","","100.52","","","","","","Clear"
"-79.63","43.68","TORONTO INTL A","6158731","2025-09-09 08:00","2025","09","09","08:00","","13.6","","9.2","","74","","","","1","","3","","24.1","","100.54","","","","","","NA"
"-79.63","43.68","TORONTO INTL A","6158731","2025-09-09 09:00","2025","09","09","09:00","","16.4","","11.1","","71","","","","10","","5","","24.1","","100.55","","","","","","NA"
"-79.63","43.68","TORONTO INTL A","6158731","2025-09-09 10:00","2025","09","09","10:00","","18.0","","10.7","","62","","","","14","","10","","24.1","","100.55","","","","","","Clear"
"-79.63","43.68","TORONTO INTL A","6158731","2025-09-09 11:00","2025","09","09","11:00","","19.0","","10.9","","59","","","","17","","9","","24.1","","100.51","","","","","","NA"
"-79.63","43.68","TORONTO INTL A","6158731","2025-09-09 12:00","2025","09","09","12:00","","19.9","","10.3","","54","","","","13","","13","","24.1","","100.47","","","","","","NA"
"-79.63","43.68","TORONTO INTL A","6158731","2025-09-09 13:00","2025","09","09","13:00","","21.4","","9.3","","46","","","","14","","14","","24.1","","100.41","","","","","","Mainly Clear"
"-79.63","43.68","TORONTO INTL A","6158731","2025-09-09 14:00","2025","09","09","14:00","","21.6","","10.1","","47","","","","13","","13","","24.1","","100.32","","","","","","NA"
"-79.63","43.68","TORONTO INTL A","6158731","2025-09-09 15:00","2025","09","09","15:00","","21.4","","9.8","","47","","","","13","","13","","24.1","","100.30","","","","","","NA"
"-79.63","43.68","TORONTO INTL A","6158731","2025-09-09 16:00","2025","09","09","16:00","","21.3","","8.9","","45","","","","15","","15","","24.1","","100.25","","","","","","Mainly Clear"
"-79.63","43.68","TORONTO INTL A","6158731","2025-09-09 17:00","2025","09","09","17:00","","20.7","","8.7","","45","","","","14","","12","","24.1","","100.25","","","","","","NA"
"-79.63","43.68","TORONTO INTL A","6158731","2025-09-09 18:00","2025","09","09","18:00","","19.1","","8.9","","51","","","","14","","8","","24.1","","100.26","","","","","","NA"
"-79.63","43.68","TORONTO INTL A","6158731","2025-09-09 19:00","2025","09","09","19:00","","17.5","","10.0","","61","","","","10","","10","","24.1","","100.23","","","","","","Mainly Clear"
"-79.63","43.68","TORONTO INTL A","6158731","2025-09-09 20:00","2025","09","09","20:00","","16.4","","10.2","","66","","","","10","","9","","24.1","","100.24","","","","","","NA"
"-79.63","43.68","TORONTO INTL A","6158731","2025-09-09 21:00","2025","09","09","21:00","","16.3","","10.9","","70","","","","11","","5","","24.1","","100.24","","","","","","NA"
"-79.63","43.68","TORONTO INTL A","6158731","2025-09-09 22:00","2025","09","09","22:00","","16.1","","12.1","","77","","","","8","","4","","24.1","","100.23","","","","","","Mainly Clear"
"-79.63","43.68","TORONTO INTL A","6158731","2025-09-09 23:00","2025","09","09","23:00","","15.3","","12.5","","83","","","","1","","5","","24.1","","100.25","","","","","","NA"
"-79.63","43.68","TORONTO INTL A","6158731","2025-09-10 00:00","2025","09","10","00:00","","14.9","","12.4","","85","","","","36","","5","","24.1","","100.25","","","","","","NA"
"-79.63","43.68","TORONTO INTL A","6158731","2025-09-10 01:00","2025","09","10","01:00","","14.7","","12.3","","85","","","","2","","7","","24.1","","100.23","","","","","","Clear"
"-79.63","43.68","TORONTO INTL A","6158731","2025-09-10 02:00","2025","09","10","02:00","","13.1","","10.6","","85","","","","34","","6","","24.1","","100.21","","","","","","NA"
"-79.63","43.68","TORONTO INTL A","6158731","2025-09-10 03:00","2025","09","10","03:00","","12.8","","10.8","","87","","","","","","0","","24.1","","100.19","","","","","","NA"
"-79.63","43.68","TORONTO INTL A","6158731","2025-09-10 04:00","2025","09","10","04:00","","12.3","","10.3","","88","","","","","","0","","24.1","","100.18","","","","","","Clear"
"-79.63","43.68","TORONTO INTL A","6158731","2025-09-10 05:00","2025","09","10","05:00","","12.1","","9.9","","87","","","","31","","11","","24.1","","100.21","","","","","","NA"
"-79.63","43.68","TORONTO INTL A","6158731","2025-09-10 06:00","2025","09","10","06:00","","12.8","","9.9","","83","","","","35","","7","","24.1","","100.22","","","","","","NA"
"-79.63","43.68","TORONTO INTL A","6158731","2025-09-10 07:00","2025","09","10","07:00","","13.5","","10.7","","83","","","","3","","4","","24.1","","100.22","","","","","","Mainly Clear"
"-79.63","43.68","TORONTO INTL A","6158731","2025-09-10 08:00","2025","09","10","08:00","","15.8","","11.6","","76","","","","2","","6","","24.1","","100.23","","","","","","NA"
"-79.63","43.68","TORONTO INTL A","6158731","2025-09-10 09:00","2025","09","10","09:00","","17.8","","12.5","","71","","","","8","","3","","24.1","","100.23","","","","","","NA"
"-79.63","43.68","TORONTO INTL A","6158731","2025-09-10 10:00","2025","09","10","10:00","","20.1","","12.4","","61","","","","16","","8","","24.1","","100.19","","","","","","Mostly Cloudy"
"-79.63","43.68","TORONTO INTL A","6158731","2025-09-10 11:00","2025","09","10","11:00","","20.9","","12.2","","57","","","","13","","4","","24.1","","100.19","","","","","","NA"
"-79.63","43.68","TORONTO INTL A","6158731","2025-09-10 12:00","2025","09","10","12:00","","22.3","","12.8","","55","","","","12","","5","","24.1","","100.15","","25","","","","NA"
"-79.63","43.68","TORONTO INTL A","6158731","2025-09-10 13:00","2025","09","10","13:00","","23.4","","11.9","","48","","","","","","0","","24.1","","100.10","","26","","","","Mostly Cloudy"
"-79.63","43.68","TORONTO INTL A","6158731","2025-09-10 14:00","2025","09","10","14:00","","24.0","","9.1","","38","","","","14","","10","","24.1","","100.05","","25","","","","NA"
"-79.63","43.68","TORONTO INTL A","6158731","2025-09-10 15:00","2025","09","10","15:00","","23.9","","7.3","","34","","","","16","","15","","24.1","","100.02","","","","","","NA"
"-79.63","43.68","TORONTO INTL A","6158731","2025-09-10 16:00","2025","09","10","16:00","","23.7","","8.3","","37","","","","15","","14","","24.1","","99.99","","","","","","Mostly Cloudy"
"-79.63","43.68","TORONTO INTL A","6158731","2025-09-10 17:00","2025","09","10","17:00","","22.7","","9.1","","41","","","","15","","10","","24.1","","99.98","","","","","","NA"
"-79.63","43.68","TORONTO INTL A","6158731","2025-09-10 18:00","2025","09","10","18:00","","21.9","","10.6","","48","","","","16","","10","","24.1","","99.96","","","","","","NA"
"-79.63","43.68","TORONTO INTL A","6158731","2025-09-10 19:00","2025","09","10","19:00","","19.9","","11.5","","58","","","","16","","8","","24.1","","99.97","","","","","","Mostly Cloudy"
"-79.63","43.68","TORONTO INTL A","6158731","2025-09-10 20:00","2025","09","10","20:00","","18.6","","14.0","","75","","","","15","","7","","24.1","","100.00","","","","","","NA"
"-79.63","43.68","TORONTO INTL A","6158731","2025-09-10 21:00","2025","09","10","21:00","","18.8","","11.7","","63","","","","17","","5","","24.1","","100.02","","","","","","NA"
"-79.63","43.68","TORONTO INTL A","6158731","2025-09-10 22:00","2025","09","10","22:00","","18.5","","10.3","","58","","","","32","","13","","24.1","","100.03","","","","","","Mostly Cloudy"
"-79.63","43.68","TORONTO INTL A","6158731","2025-09-10 23:00","2025","09","10","23:00","","17.6","","11.2","","66","","","","36","","10","","24.1","","100.05","","","","","","NA"
"-79.63","43.68","TORONTO INTL A","6158731","2025-09-11 00:00","2025","09","11","00:00","","17.8","","10.6","","62","","","","36","","5","","24.1","","100.06","","","","","","NA"
"-79.63","43.68","TORONTO INTL A","6158731","2025-09-11 01:00","2025","09","11","01:00","","16.5","","10.8","","69","","","","36","","12","","24.1","","100.05","","","","","","Mostly Cloudy"
"-79.63","43.68","TORONTO INTL A","6158731","2025-09-11 02:00","2025","09","11","02:00","","16.1","","10.4","","69","","","","35","","10","","24.1","","100.04","","","","","","NA"
"-79.63","43.68","TORONTO INTL A","6158731","2025-09-11 03:00","2025","09","11","03:00","","15.8","","10.1","","69","","","","34","","13","","24.1","","100.04","","","","","","NA"
"-79.63","43.68","TORONTO INTL A","6158731","2025-09-11 04:00","2025","09","11","04:00","","15.3","","10.0","","70","","","","35","","10","","24.1","","100.06","","","","","","Mainly Clear"
"-79.63","43.68","TORONTO INTL A","6158731","2025-09-11 05:00","2025","09","11","05:00","","14.7","","10.3","","74","","","","36","","15","","24.1","","100.09","","","","","","NA"
"-79.63","43.68","TORONTO INTL A","6158731","2025-09-11 06:00","2025","09","11","06:00","","14.5","","9.8","","73","","","","36","","15","","24.1","","100.14","","","","","","NA"
"-79.63","43.68","TORONTO INTL A","6158731","2025-09-11 07:00","2025","09","11","07:00","","15.4","","9.4","","67","","","","35","","14","","24.1","","100.20","","","","","","Mainly Clear"
"-79.63","43.68","TORONTO INTL A","6158731","2025-09-11 08:00","2025","09","11","08:00","","17.3","","10.3","","63","","","","34","","11","","24.1","","100.23","","","","","","NA"
"-79.63","43.68","TORONTO INTL A","6158731","2025-09-11 09:00","2025","09","11","09:00","","20.2","","10.6","","54","","","","36","","10","","24.1","","100.27","","","","","","NA"
"-79.63","43.68","TORONTO INTL A","6158731","2025-09-11 10:00","2025","09","11","10:00","","22.5","","9.4","","43","","","","1","","15","","24.1","","100.26","","","","","","Clear"
"-79.63","43.68","TORONTO INTL A","6158731","2025-09-11 11:00","2025","09","11","11:00","","24.4","","9.5","","38","","","","36","","15","","24.1","","100.24","","25","","","","NA"
"-79.63","43.68","TORONTO INTL A","6158731","2025-09-11 12:00","2025","09","11","12:00","","24.6","","9.2","","37","","","","3","","14","","24.1","","100.22","","26","","","","NA"
"-79.63","43.68","TORONTO INTL A","6158731","2025-09-11 13:00","2025","09","11","13:00","","24.5","","8.3","","35","","","","1","","12","","24.1","","100.18","","25","","","","Clear"
"-79.63","43.68","TORONTO INTL A","6158731","2025-09-11 14:00","2025","09","11","14:00","","24.7","","9.2","","37","","","","4","","4","","24.1","","100.15","","26","","","","NA"
"-79.63","43.68","TORONTO INTL A","6158731","2025-09-11 15:00","2025","09","11","15:00","","24.4","","9.7","","39","","","","10","","18","","24.1","","100.11","","26","","","","NA"
"-79.63","43.68","TORONTO INTL A","6158731","2025-09-11 16:00","2025","09","11","16:00","","23.3","","9.0","","39","","","","15","","17","","24.1","","100.11","","","","","","Mainly Clear"
"-79.63","43.68","TORONTO INTL A","6158731","2025-09-11 17:00","2025","09","11","17:00","","22.6","","9.1","","42","","","","16","","12","","24.1","","100.12","","","","","","NA"
"-79.63","43.68","TORONTO INTL A","6158731","2025-09-11 18:00","2025","09","11","18:00","","21.5","","9.4","","46","","","","15","","9","","24.1","","100.15","","","","","","NA"
"-79.63","43.68","TORONTO INTL A","6158731","2025-09-11 19:00","2025","09","11","19:00","","20.9","","9.2","","47","","","","","","0","","24.1","","100.16","","","","","","Mainly Clear"
"-79.63","43.68","TORONTO INTL A","6158731","2025-09-11 20:00","2025","09","11","20:00","","19.6","","13.1","","66","","","","2","","20","","24.1","","100.19","","","","","","NA"
"-79.63","43.68","TORONTO INTL A","6158731","2025-09-11 21:00","2025","09","11","21:00","","18.8","","13.1","","69","","","","36","","9","","24.1","","100.23","","","","","","NA"
"-79.63","43.68","TORONTO INTL A","6158731","2025-09-11 22:00","2025","09","11","22:00","","17.4","","13.6","","78","","","","35","","15","","24.1","","100.25","","","","","","Clear"
"-79.63","43.68","TORONTO INTL A","6158731","2025-09-11 23:00","2025","09","11","23:00","","16.7","","14.1","","84","","","","35","","14","","24.1","","100.24","","","","","","NA"
"-79.63","43.68","TORONTO INTL A","6158731","2025-09-12 00:00","2025","09","12","00:00","","16.3","","14.0","","86","","","","35","","13","","24.1","","100.25","","","","","","NA"
"-79.63","43.68","TORONTO INTL A","6158731","2025-09-12 01:00","2025","09","12","01:00","","15.7","","13.6","","87","","","","35","","8","","24.1","","100.25","","","","","","Clear"
"-79.63","43.68","TORONTO INTL A","6158731","2025-09-12 02:00","2025","09","12","02:00","","15.3","","13.5","","89","","","","36","","13","","24.1","","100.25","","","","","","NA"
"-79.63","43.68","TORONTO INTL A","6158731","2025-09-12 03:00","2025","09","12","03:00","","15.2","","13.3","","89","","","","34","","13","","24.1","","100.29","","","","","","NA"
"-79.63","43.68","TORONTO INTL A","6158731","2025-09-12 04:00","2025","09","12","04:00","","14.6","","13.0","","90","","","","1","","13","","24.1","","100.33","","","","","","Clear"
"-79.63","43.68","TORONTO INTL A","6158731","2025-09-12 05:00","2025","09","12","05:00","","14.0","","12.3","","89","","","","2","","10","","24.1","","100.35","","","","","","NA"
"-79.63","43.68","TORONTO INTL A","6158731","2025-09-12 06:00","2025","09","12","06:00","","14.2","","10.6","","79","","","","4","","10","","24.1","","100.36","","","","","","NA"
"-79.63","43.68","TORONTO INTL A","6158731","2025-09-12 07:00","2025","09","12","07:00","","15.4","","10.4","","72","","","","6","","9","","24.1","","100.38","","","","","","Mainly Clear"
"-79.63","43.68","TORONTO INTL A","6158731","2025-09-12 08:00","2025","09","12","08:00","","16.4","","10.8","","69","","","","5","","8","","24.1","","100.40","","","","","","NA"
"-79.63","43.68","TORONTO INTL A","6158731","2025-09-12 09:00","2025","09","12","09:00","","17.8","","12.3","","70","","","","10","","5","","24.1","","100.41","","","","","","NA"
"-79.63","43.68","TORONTO INTL A","6158731","2025-09-12 10:00","2025","09","12","10:00","","19.8","","13.2","","65","","","","9","","3","","24.1","","100.41","","","","","","Mainly Clear"
"-79.63","43.68","TORONTO INTL A","6158731","2025-09-12 11:00","2025","09","12","11:00","","21.6","","13.8","","60","","","","35","","6","","24.1","","100.40","","25","","","","NA"
"-79.63","43.68","TORONTO INTL A","6158731","2025-09-12 12:00","2025","09","12","12:00","","21.0","","14.0","","64","","","","14","","9","","24.1","","100.34","","","","","","NA"
"-79.63","43.68","TORONTO INTL A","6158731","2025-09-12 13:00","2025","09","12","13:00","","22.5","","14.1","","59","","","","16","","16","","24.1","","100.27","","26","","","","Mainly Clear"
"-79.63","43.68","TORONTO INTL A","6158731","2025-09-12 14:00","2025","09","12","14:00","","21.9","","14.3","","62","","","","16","","16","","24.1","","100.19","","25","","","","NA"
"-79.63","43.68","TORONTO INTL A","6158731","2025-09-12 15:00","2025","09","12","15:00","","20.8","","14.2","","65","","","","17","","14","","24.1","","100.17","","","","","","NA"
"-79.63","43.68","TORONTO INTL A","6158731","2025-09-12 16:00","2025","09","12","16:00","","20.8","","14.2","","65","","","","16","","10","","24.1","","100.15","","","","","","Mainly Clear"
"-79.63","43.68","TORONTO INTL A","6158731","2025-09-12 17:00","2025","09","12","17:00","","20.5","","14.2","","67","","","","16","","9","","24.1","","100.14","","","","","","NA"
"-79.63","43.68","TORONTO INTL A","6158731","2025-09-12 18:00","2025","09","12","18:00","","20.1","","13.3","","64","","","","15","","8","","24.1","","100.11","","","","","","NA"
"-79.63","43.68","TORONTO INTL A","6158731","2025-09-12 19:00","2025","09","12","19:00","","19.3","","13.8","","70","","","","14","","5","","24.1","","100.08","","","","","","Mostly Cloudy"
"-79.63","43.68","TORONTO INTL A","6158731","2025-09-12 20:00","2025","09","12","20:00","","18.6","","14.2","","75","","","","15","","7","","24.1","","100.08","","","","","","NA"
"-79.63","43.68","TORONTO INTL A","6158731","2025-09-12 21:00","2025","09","12","21:00","","17.8","","13.7","","77","","","","19","","8","","24.1","","100.09","","","","","","NA"
"-79.63","43.68","TORONTO INTL A","6158731","2025-09-12 22:00","2025","09","12","22:00","","17.5","","12.7","","73","","","","26","","4","","24.1","","100.13","","","","","","Mainly Clear"
"-79.63","43.68","TORONTO INTL A","6158731","2025-09-12 23:00","2025","09","12","23:00","","17.7","","12.6","","72","","","","19","","4","","24.1","","100.07","","","","","","NA"
"-79.63","43.68","TORONTO INTL A","6158731","2025-09-13 00:00","2025","09","13","00:00","","17.6","","13.1","","74","","","","18","","3","","24.1","","100.04","","","","","","NA"
"-79.63","43.68","TORONTO INTL A","6158731","2025-09-13 01:00","2025","09","13","01:00","","17.2","","13.4","","78","","","","","","0","","24.1","","100.02","","","","","","Mostly Cloudy"
"-79.63","43.68","TORONTO INTL A","6158731","2025-09-13 02:00","2025","09","13","02:00","","17.6","","14.1","","80","","","","21","","5","","24.1","","99.96","","","","","","NA"
"-79.63","43.68","TORONTO INTL A","6158731","2025-09-13 03:00","2025","09","13","03:00","","17.0","","13.8","","81","","","","25","","4","","24.1","","99.93","","","","","","NA"
"-79.63","43.68","TORONTO INTL A","6158731","2025-09-13 04:00","2025","09","13","04:00","","17.5","","13.6","","77","","","","23","","3","","24.1","","99.93","","","","","","Cloudy"
"-79.63","43.68","TORONTO INTL A","6158731","2025-09-13 05:00","2025","09","13","05:00","","17.6","","14.3","","81","","","","16","","4","","24.1","","99.92","","","","","","NA"
"-79.63","43.68","TORONTO INTL A","6158731","2025-09-13 06:00","2025","09","13","06:00","","17.3","","14.0","","81","","","","16","","5","","24.1","","99.91","","","","","","NA"
"-79.63","43.68","TORONTO INTL A","6158731","2025-09-13 07:00","2025","09","13","07:00","","17.5","","14.1","","80","","","","17","","5","","19.3","","99.91","","","","","","Mostly Cloudy"
"-79.63","43.68","TORONTO INTL A","6158731","2025-09-13 08:00","2025","09","13","08:00","","18.2","","14.7","","80","","","","","","0","","19.3","","99.92","","","","","","NA"
"-79.63","43.68","TORONTO INTL A","6158731","2025-09-13 09:00","2025","09","13","09:00","","18.3","","14.4","","78","","","","36","","9","","19.3","","99.98","","","","","","NA"
"-79.63","43.68","TORONTO INTL A","6158731","2025-09-13 10:00","2025","09","13","10:00","","19.4","","14.3","","72","","","","24","","4","","19.3","","99.93","","","","","","Cloudy"
"-79.63","43.68","TORONTO INTL A","6158731","2025-09-13 11:00","2025","09","13","11:00","","21.1","","13.6","","62","","","","26","","5","","24.1","","99.89","","","","","","NA"
"-79.63","43.68","TORONTO INTL A","6158731","2025-09-13 12:00","2025","09","13","12:00","","22.0","","13.5","","58","","","","22","","8","","24.1","","99.86","","25","","","","NA"
"-79.63","43.68","TORONTO INTL A","6158731","2025-09-13 13:00","2025","09","13","13:00","","22.2","","12.9","","55","","","","24","","16","","24.1","","99.83","","25","","","","Cloudy"
"-79.63","43.68","TORONTO INTL A","6158731","2025-09-13 14:00","2025","09","13","14:00","","23.1","","13.5","","54","","","","26","","15","","24.1","","99.76","","26","","","","NA"
"-79.63","43.68","TORONTO INTL A","6158731","2025-09-13 15:00","2025","09","13","15:00","","24.8","","14.0","","50","","","","25","","11","","24.1","","99.71","","28","","","","NA"
"-79.63","43.68","TORONTO INTL A","6158731","2025-09-13 16:00","2025","09","13","16:00","","24.9","","13.8","","49","","","","24","","20","","24.1","","99.66","","28","","","","Mostly Cloudy"
"-79.63","43.68","TORONTO INTL A","6158731","2025-09-13 17:00","2025","09","13","17:00","","24.2","","13.5","","51","","","","27","","21","","24.1","","99.65","","27","","","","NA"
"-79.63","43.68","TORONTO INTL A","6158731","2025-09-13 18:00","2025","09","13","18:00","","23.4","","13.6","","54","","","","28","","19","","24.1","","99.65","","27","","","","NA"
"-79.63","43.68","TORONTO INTL A","6158731","2025-09-13 19:00","2025","09","13","19:00","","23.0","","14.3","","58","","","","33","","18","","24.1","","99.69","","27","","","","Mostly Cloudy"
"-79.63","43.68","TORONTO INTL A","6158731","2025-09-13 20:00","2025","09","13","20:00","","21.5","","14.1","","62","","","","36","","9","","24.1","","99.71","","25","","","","NA"
"-79.63","43.68","TORONTO INTL A","6158731","2025-09-13 21:00","2025","09","13","21:00","","20.0","","14.2","","69","","","","1","","12","","24.1","","99.74","","","","","","NA"
"-79.63","43.68","TORONTO INTL A","6158731","2025-09-13 22:00","2025","09","13","22:00","","19.5","","13.6","","68","","","","1","","16","","24.1","","99.75","","","","","","Mainly Clear"
"-79.63","43.68","TORONTO INTL A","6158731","2025-09-13 23:00","2025","09","13","23:00","","18.0","","13.0","","72","","","","31","","7","","24.1","","99.74","","","","","","NA"
"-79.63","43.68","TORONTO INTL A","6158731","2025-09-14 00:00","2025","09","14","00:00","","17.9","","13.1","","73","","","","31","","9","","24.1","","99.71","","","","","","NA"
"-79.63","43.68","TORONTO INTL A","6158731","2025-09-14 01:00","2025","09","14","01:00","","16.8","","13.0","","78","","","","36","","9","","24.1","","99.72","","","","","","Mainly Clear"
"-79.63","43.68","TORONTO INTL A","6158731","2025-09-14 02:00","2025","09","14","02:00","","16.7","","13.3","","80","","","","35","","3","","24.1","","99.71","","","","","","NA"
"-79.63","43.68","TORONTO INTL A","6158731","2025-09-14 03:00","2025","09","14","03:00","","16.5","","13.2","","81","","","","34","","7","","24.1","","99.72","","","","","","NA"
"-79.63","43.68","TORONTO INTL A","6158731","2025-09-14 04:00","2025","09","14","04:00","","15.8","","12.9","","82","","","","","","0","","24.1","","99.73","","","","","","Clear"
"-79.63","43.68","TORONTO INTL A","6158731","2025-09-14 05:00","2025","09","14","05:00","","15.5","","12.8","","83","","","","29","","5","","24.1","","99.76","","","","","","NA"
"-79.63","43.68","TORONTO INTL A","6158731","2025-09-14 06:00","2025","09","14","06:00","","15.8","","12.4","","80","","","","32","","11","","24.1","","99.81","","","","","","NA"
"-79.63","43.68","TORONTO INTL A","6158731","2025-09-14 07:00","2025","09","14","07:00","","16.4","","12.7","","78","","","","32","","10","","24.1","","99.85","","","","","","Clear"
"-79.63","43.68","TORONTO INTL A","6158731","2025-09-14 08:00","2025","09","14","08:00","","19.6","","13.1","","66","","","","2","","9","","24.1","","99.87","","","","","","NA"
"-79.63","43.68","TORONTO INTL A","6158731","2025-09-14 09:00","2025","09","14","09:00","","21.5","","13.1","","58","","","","35","","15","","24.1","","99.90","","","","","","NA"
"-79.63","43.68","TORONTO INTL A","6158731","2025-09-14 10:00","2025","09","14","10:00","","22.5","","13.6","","56","","","","33","","12","","24.1","","99.91","","26","","","","Clear"
"-79.63","43.68","TORONTO INTL A","6158731","2025-09-14 11:00","2025","09","14","11:00","","24.1","","14.9","","56","","","","1","","8","","24.1","","99.91","","28","","","","NA"
"-79.63","43.68","TORONTO INTL A","6158731","2025-09-14 12:00","2025","09","14","12:00","","24.4","","15.0","","55","","","","32","","5","","24.1","","99.88","","28","","","","NA"
"-79.63","43.68","TORONTO INTL A","6158731","2025-09-14 13:00","2025","09","14","13:00","","25.1","","14.3","","51","","","","4","","14","","24.1","","99.86","","29","","","","Mostly Cloudy"
"-79.63","43.68","TORONTO INTL A","6158731","2025-09-14 14:00","2025","09","14","14:00","","24.5","","14.5","","53","","","","15","","16","","24.1","","99.86","","28","","","","NA"
"-79.63","43.68","TORONTO INTL A","6158731","2025-09-14 15:00","2025","09","14","15:00","","24.6","","14.7","","53","","","","16","","16","","24.1","","99.85","","28","","","","NA"
"-79.63","43.68","TORONTO INTL A","6158731","2025-09-14 16:00","2025","09","14","16:00","","23.9","","14.6","","55","","","","15","","12","","24.1","","99.86","","28","","","","Mainly Clear"
"-79.63","43.68","TORONTO INTL A","6158731","2025-09-14 17:00","2025","09","14","17:00","","23.6","","14.0","","55","","","","17","","13","","24.1","","99.90","","27","","","","NA"
"-79.63","43.68","TORONTO INTL A","6158731","2025-09-14 18:00","2025","09","14","18:00","","22.9","","14.2","","57","","","","14","","7","","24.1","","99.95","","26","","","","NA"
"-79.63","43.68","TORONTO INTL A","6158731","2025-09-14 19:00","2025","09","14","19:00","","22.1","","14.2","","61","","","","17","","5","","24.1","","99.98","","26","","","","Mainly Clear"
"-79.63","43.68","TORONTO INTL A","6158731","2025-09-14 20:00","2025","09","14","20:00","","21.4","","14.3","","64","","","","10","","3","","24.1","","100.05","","25","","","","NA"
"-79.63","43.68","TORONTO INTL A","6158731","2025-09-14 21:00","2025","09","14","21:00","","21.2","","14.2","","64","","","","36","","5","","24.1","","100.09","","25","","","","NA"
"-79.63","43.68","TORONTO INTL A","6158731","2025-09-14 22:00","2025","09","14","22:00","","19.4","","14.8","","74","","","","36","","17","","24.1","","100.12","","","","","","Clear"
"-79.63","43.68","TORONTO INTL A","6158731","2025-09-14 23:00","2025","09","14","23:00","","18.5","","14.8","","79","","","","34","","14","","24.1","","100.13","","","","","","NA"
"-79.63","43.68","TORONTO INTL A","6158731","2025-09-15 00:00","2025","09","15","00:00","","17.7","","14.6","","82","","","","34","","14","","24.1","","100.17","","","","","","NA"
"-79.63","43.68","TORONTO INTL A","6158731","2025-09-15 01:00","2025","09","15","01:00","","16.7","","14.6","","87","","","","34","","13","","24.1","","100.21","","","","","","Clear"
"-79.63","43.68","TORONTO INTL A","6158731","2025-09-15 02:00","2025","09","15","02:00","","15.8","","13.8","","88","","","","1","","8","","24.1","","100.22","","","","","","NA"
"-79.63","43.68","TORONTO INTL A","6158731","2025-09-15 03:00","2025","09","15","03:00","","16.1","","12.9","","81","","","","4","","8","","24.1","","100.26","","","","","","NA"
"-79.63","43.68","TORONTO INTL A","6158731","2025-09-15 04:00","2025","09","15","04:00","","15.8","","11.8","","77","","","","5","","7","","24.1","","100.28","","","","","","Clear"
"-79.63","43.68","TORONTO INTL A","6158731","2025-09-15 05:00","2025","09","15","05:00","","15.2","","11.7","","79","","","","5","","8","","24.1","","100.34","","","","","","NA"
"-79.63","43.68","TORONTO INTL A","6158731","2025-09-15 06:00","2025","09","15","06:00","","15.2","","11.5","","78","","","","4","","9","","24.1","","100.43","","","","","","NA"
"-79.63","43.68","TORONTO INTL A","6158731","2025-09-15 07:00","2025","09","15","07:00","","16.1","","12.7","","80","","","","5","","8","","24.1","","100.49","","","","","","Mostly Cloudy"
"-79.63","43.68","TORONTO INTL A","6158731","2025-09-15 08:00","2025","09","15","08:00","","17.5","","13.6","","78","","","","7","","7","","24.1","","100.51","","","","","","NA"
"-79.63","43.68","TORONTO INTL A","6158731","2025-09-15 09:00","2025","09","15","09:00","","19.5","","15.1","","76","","","","9","","10","","24.1","","100.53","","","","","","NA"
"-79.63","43.68","TORONTO INTL A","6158731","2025-09-15 10:00","2025","09","15","10:00","","21.3","","15.4","","69","","","","16","","13","","24.1","","100.54","","26","","","","Mainly Clear"
"-79.63","43.68","TORONTO INTL A","6158731","2025-09-15 11:00","2025","09","15","11:00","","22.1","","14.8","","63","","","","16","","10","","24.1","","100.53","","26","","","","NA"
"-79.63","43.68","TORONTO INTL A","6158731","2025-09-15 12:00","2025","09","15","12:00","","22.6","","13.7","","57","","","","13","","7","","24.1","","100.52","","26","","","","NA"
"-79.63","43.68","TORONTO INTL A","6158731","2025-09-15 13:00","2025","09","15","13:00","","23.4","","12.2","","49","","","","16","","8","","24.1","","100.46","","26","","","","Mainly Clear"
"-79.63","43.68","TORONTO INTL A","6158731","2025-09-15 14:00","2025","09","15","14:00","","24.4","","12.3","","47","","","","13","","13","","24.1","","100.43","","27","","","","NA"
"-79.63","43.68","TORONTO INTL A","6158731","2025-09-15 15:00","2025","09","15","15:00","","23.3","","12.9","","51","","","","16","","16","","24.1","","100.40","","26","","","","NA"
"-79.63","43.68","TORONTO INTL A","6158731","2025-09-15 16:00","2025","09","15","16:00","","23.1","","11.7","","48","","","","15","","14","","24.1","","100.37","","25","","","","Mainly Clear"
"-79.63","43.68","TORONTO INTL A","6158731","2025-09-15 17:00","2025","09","15","17:00","","23.1","","9.4","","41","","","","11","","14","","24.1","","100.37","","","","","","NA"
"-79.63","43.68","TORONTO INTL A","6158731","2025-09-15 18:00","2025","09","15","18:00","","21.5","","11.9","","54","","","","16","","10","","24.1","","100.37","","","","","","NA"
"-79.63","43.68","TORONTO INTL A","6158731","2025-09-15 19:00","2025","09","15","19:00","","19.7","","11.5","","59","","","","13","","8","","24.1","","100.37","","","","","","Clear"
"-79.63","43.68","TORONTO INTL A","6158731","2025-09-15 20:00","2025","09","15","20:00","","18.9","","11.4","","61","","","","7","","4","","24.1","","100.40","","","","","","NA"
"-79.63","43.68","TORONTO INTL A","6158731","2025-09-15 21:00","2025","09","15","21:00","","19.3","","11.1","","58","","","","4","","6","","24.1","","100.40","","","","","","NA"
"-79.63","43.68","TORONTO INTL A","6158731","2025-09-15 22:00","2025","09","15","22:00","","19.2","","10.7","","57","","","","4","","9","","24.1","","100.39","","","","","","Clear"
"-79.63","43.68","TORONTO INTL A","6158731","2025-09-15 23:00","2025","09","15","23:00","","18.2","","10.8","","62","","","","2","","9","","24.1","","100.40","","","","","","NA"
"-79.63","43.68","TORONTO INTL A","6158731","2025-09-16 00:00","2025","09","16","00:00","","17.6","","11.4","","66","","","","33","","6","","24.1","","100.40","","","","","","NA"
"-79.63","43.68","TORONTO INTL A","6158731","2025-09-16 01:00","2025","09","16","01:00","","15.7","","10.6","","72","","","","","","0","","24.1","","100.41","","","","","","Clear"
"-79.63","43.68","TORONTO INTL A","6158731","2025-09-16 02:00","2025","09","16","02:00","","14.5","","10.6","","77","","","","31","","11","","24.1","","100.40","","","","","","NA"
"-79.63","43.68","TORONTO INTL A","6158731","2025-09-16 03:00","2025","09","16","03:00","","14.5","","10.7","","78","","","","34","","8","","24.1","","100.40","","","","","","NA"
"-79.63","43.68","TORONTO INTL A","6158731","2025-09-16 04:00","2025","09","16","04:00","","14.1","","10.2","","78","","","","34","","6","","24.1","","100.41","","","","","","Clear"
"-79.63","43.68","TORONTO INTL A","6158731","2025-09-16 05:00","2025","09","16","05:00","","13.2","","10.1","","81","","","","1","","7","","24.1","","100.42","","","","","","NA"
"-79.63","43.68","TORONTO INTL A","6158731","2025-09-16 06:00","2025","09","16","06:00","","14.4","","10.4","","77","","","","1","","8","","24.1","","100.41","","","","","","NA"
"-79.63","43.68","TORONTO INTL A","6158731","2025-09-16 07:00","2025","09","16","07:00","","15.1","","11.5","","79","","","","2","","8","","24.1","","100.44","","","","","","Clear"
"-79.63","43.68","TORONTO INTL A","6158731","2025-09-16 08:00","2025","09","16","08:00","","18.3","","11.7","","65","","","","2","","7","","24.1","","100.44","","","","","","NA"
"-79.63","43.68","TORONTO INTL A","6158731","2025-09-16 09:00","2025","09","16","09:00","","20.5","","11.8","","57","","","","2","","7","","24.1","","100.46","","","","","","NA"
"-79.63","43.68","TORONTO INTL A","6158731","2025-09-16 10:00","2025","09","16","10:00","","22.7","","12.1","","50","","","","11","","10","","24.1","","100.44","","25","","","","Clear"
"-79.63","43.68","TORONTO INTL A","6158731","2025-09-16 11:00","2025","09","16","11:00","","24.2","","11.9","","45","","","","7","","15","","24.1","","100.40","","26","","","","NA"
"-79.63","43.68","TORONTO INTL A","6158731","2025-09-16 12:00","2025","09","16","12:00","","25.2","","10.7","","40","","","","6","","16","","24.1","","100.35","","27","","","","NA"
"-79.63","43.68","TORONTO INTL A","6158731","2025-09-16 13:00","2025","09","16","13:00","","25.2","","10.3","","38","","","","5","","10","","24.1","","100.31","","27","","","","Clear"
"-79.63","43.68","TORONTO INTL A","6158731","2025-09-16 14:00","2025","09","16","14:00","","24.9","","10.8","","41","","","","15","","14","","24.1","","100.25","","27","","","","NA"
"-79.63","43.68","TORONTO INTL A","6158731","2025-09-16 15:00","2025","09","16","15:00","","24.4","","10.9","","42","","","","13","","15","","24.1","","100.22","","26","","","","NA"
"-79.63","43.68","TORONTO INTL A","6158731","2025-09-16 16:00","2025","09","16","16:00","","23.8","","10.5","","43","","","","15","","17","","24.1","","100.17","","25","","","","Clear"
"-79.63","43.68","TORONTO INTL A","6158731","2025-09-16 17:00","2025","09","16","17:00","","22.5","","10.8","","47","","","","13","","12","","24.1","","100.16","","","","","","NA"
"-79.63","43.68","TORONTO INTL A","6158731","2025-09-16 18:00","2025","09","16","18:00","","21.4","","11.6","","53","","","","14","","8","","24.1","","100.16","","","","","","NA"
"-79.63","43.68","TORONTO INTL A","6158731","2025-09-16 19:00","2025","09","16","19:00","","20.4","","10.9","","54","","","","","","0","","24.1","","100.14","","","","","","Clear"
"-79.63","43.68","TORONTO INTL A","6158731","2025-09-16 20:00","2025","09","16","20:00","","20.0","","11.7","","58","","","","3","","5","","24.1","","100.16","","","","","","NA"
"-79.63","43.68","TORONTO INTL A","6158731","2025-09-16 21:00","2025","09","16","21:00","","19.7","","11.2","","58","","","","2","","7","","24.1","","100.13","","","","","","NA"
"-79.63","43.68","TORONTO INTL A","6158731","2025-09-16 22:00","2025","09","16","22:00","","19.1","","11.1","","59","","","","2","","9","","24.1","","100.11","","","","","","Clear"
"-79.63","43.68","TORONTO INTL A","6158731","2025-09-16 23:00","2025","09","16","23:00","","18.1","","11.1","","63","","","","2","","8","","24.1","","100.07","","","","","","NA"
"-79.63","43.68","TORONTO INTL A","6158731","2025-09-17 00:00","2025","09","17","00:00","","16.6","","10.7","","68","","","","","","0","","24.1","","100.05","","","","","","NA"
"-79.63","43.68","TORONTO INTL A","6158731","2025-09-17 01:00","2025","09","17","01:00","","15.6","","10.9","","74","","","","33","","11","","24.1","","100.05","","","","","","Clear"
"-79.63","43.68","TORONTO INTL A","6158731","2025-09-17 02:00","2025","09","17","02:00","","14.8","","10.4","","75","","","","33","","7","","24.1","","100.01","","","","","","NA"
"-79.63","43.68","TORONTO INTL A","6158731","2025-09-17 03:00","2025","09","17","03:00","","14.4","","10.1","","75","","","","4","","4","","24.1","","99.97","","","","","","NA"
"-79.63","43.68","TORONTO INTL A","6158731","2025-09-17 04:00","2025","09","17","04:00","","13.7","","10.3","","80","","","","34","","8","","24.1","","99.95","","","","","","Clear"
"-79.63","43.68","TORONTO INTL A","6158731","2025-09-17 05:00","2025","09","17","05:00","","13.8","","10.5","","80","","","","1","","10","","24.1","","99.96","","","","","","NA"
"-79.63","43.68","TORONTO INTL A","6158731","2025-09-17 06:00","2025","09","17","06:00","","13.9","","10.6","","80","","","","33","","10","","24.1","","99.98","","","","","","NA"
"-79.63","43.68","TORONTO INTL A","6158731","2025-09-17 07:00","2025","09","17","07:00","","14.4","","10.3","","76","","","","","","0","","24.1","","100.00","","","","","","Mainly Clear"
"-79.63","43.68","TORONTO INTL A","6158731","2025-09-17 08:00","2025","09","17","08:00","","17.1","","10.9","","66","","","","1","","6","","24.1","","99.98","","","","","","NA"
"-79.63","43.68","TORONTO INTL A","6158731","2025-09-17 09:00","2025","09","17","09:00","","20.3","","12.1","","59","","","","","","0","","24.1","","99.96","","","","","","NA"
"-79.63","43.68","TORONTO INTL A","6158731","2025-09-17 10:00","2025","09","17","10:00","","22.4","","12.2","","52","","","","29","","7","","24.1","","99.93","","25","","","","Mainly Clear"
"-79.63","43.68","TORONTO INTL A","6158731","2025-09-17 11:00","2025","09","17","11:00","","23.5","","13.0","","51","","","","16","","7","","24.1","","99.90","","26","","","","NA"
"-79.63","43.68","TORONTO INTL A","6158731","2025-09-17 12:00","2025","09","17","12:00","","24.1","","15.6","","59","","","","17","","11","","24.1","","99.86","","28","","","","NA"
"-79.63","43.68","TORONTO INTL A","6158731","2025-09-17 13:00","2025","09","17","13:00","","23.8","","15.1","","58","","","","16","","9","","24.1","","99.82","","28","","","","Mainly Clear"
"-79.63","43.68","TORONTO INTL A","6158731","2025-09-17 14:00","2025","09","17","14:00","","24.4","","13.5","","50","","","","14","","10","","24.1","","99.76","","27","","","","NA"
"-79.63","43.68","TORONTO INTL A","6158731","2025-09-17 15:00","2025","09","17","15:00","","25.2","","12.5","","45","","","","15","","16","","24.1","","99.70","","28","","","","NA"
"-79.63","43.68","TORONTO INTL A","6158731","2025-09-17 16:00","2025","09","17","16:00","","24.9","","12.1","","44","","","","13","","13","","24.1","","99.67","","27","","","","Mainly Clear"
"-79.63","43.68","TORONTO INTL A","6158731","2025-09-17 17:00","2025","09","17","17:00","","23.8","","12.6","","49","","","","15","","15","","24.1","","99.62","","26","","","","NA"
"-79.63","43.68","TORONTO INTL A","6158731","2025-09-17 18:00","2025","09","17","18:00","","22.0","","13.1","","57","","","","15","","10","","24.1","","99.61","","25","","","","NA"
"-79.63","43.68","TORONTO INTL A","6158731","2025-09-17 19:00","2025","09","17","19:00","","19.6","","16.1","","80","","","","15","","10","","24.1","","99.61","","","","","","Mainly Clear"
"-79.63","43.68","TORONTO INTL A","6158731","2025-09-17 20:00","2025","09","17","20:00","","18.9","","17.6","","92","","","","17","","5","","24.1","","99.63","","","","","","NA"
"-79.63","43.68","TORONTO INTL A","6158731","2025-09-17 21:00","2025","09","17","21:00","","18.2","","17.6","","96","","","","","","0","","24.1","","99.63","","","","","","NA"
"-79.63","43.68","TORONTO INTL A","6158731","2025-09-17 22:00","2025","09","17","22:00","","18.1","","16.4","","90","","","","25","","3","","24.1","","99.63","","","","","","Clear"
"-79.63","43.68","TORONTO INTL A","6158731","2025-09-17 23:00","2025","09","17","23:00","","16.5","","14.7","","89","","","","28","","7","","24.1","","99.63","","","","","","NA"
"-79.63","43.68","TORONTO INTL A","6158731","2025-09-18 00:00","2025","09","18","00:00","","17.4","","14.7","","84","","","","33","","7","","24.1","","99.61","","","","","","NA"
"-79.63","43.68","TORONTO INTL A","6158731","2025-09-18 01:00","2025","09","18","01:00","","17.3","","13.4","","78","","","","36","","4","","24.1","","99.60","","","","","","Clear"
"-79.63","43.68","TORONTO INTL A","6158731","2025-09-18 02:00","2025","09","18","02:00","","13.7","","11.5","","86","","","","29","","7","","24.1","","99.59","","","","","","NA"
"-79.63","43.68","TORONTO INTL A","6158731","2025-09-18 03:00","2025","09","18","03:00","","15.4","","11.6","","78","","","","30","","6","","24.1","","99.55","","","","","","NA"
"-79.63","43.68","TORONTO INTL A","6158731","2025-09-18 04:00","2025","09","18","04:00","","14.6","","11.6","","82","","","","27","","6","","24.1","","99.53","","","","","","Clear"
"-79.63","43.68","TORONTO INTL A","6158731","2025-09-18 05:00","2025","09","18","05:00","","15.2","","11.5","","78","","","","25","","5","","24.1","","99.52","","","","","","NA"
"-79.63","43.68","TORONTO INTL A","6158731","2025-09-18 06:00","2025","09","18","06:00","","15.0","","11.3","","78","","","","29","","8","","24.1","","99.53","","","","","","NA"
"-79.63","43.68","TORONTO INTL A","6158731","2025-09-18 07:00","2025","09","18","07:00","","15.8","","11.9","","77","","","","31","","8","","24.1","","99.56","","","","","","Mainly Clear"
"-79.63","43.68","TORONTO INTL A","6158731","2025-09-18 08:00","2025","09","18","08:00","","18.9","","13.4","","70","","","","31","","5","","24.1","","99.57","","","","","","NA"
"-79.63","43.68","TORONTO INTL A","6158731","2025-09-18 09:00","2025","09","18","09:00","","23.8","","12.3","","48","","","","36","","3","","24.1","","99.57","","26","","","","NA"
"-79.63","43.68","TORONTO INTL A","6158731","2025-09-18 10:00","2025","09","18","10:00","","24.7","","12.7","","46","","","","29","","5","","24.1","","99.57","","27","","","","Mostly Cloudy"
"-79.63","43.68","TORONTO INTL A","6158731","2025-09-18 11:00","2025","09","18","11:00","","26.5","","12.9","","42","","","","31","","9","","24.1","","99.55","","29","","","","NA"
"-79.63","43.68","TORONTO INTL A","6158731","2025-09-18 12:00","2025","09","18","12:00","","27.2","","15.6","","49","","","","28","","5","","24.1","","99.51","","32","","","","NA"
"-79.63","43.68","TORONTO INTL A","6158731","2025-09-18 13:00","2025","09","18","13:00","","27.9","","16.5","","49","","","","31","","5","","24.1","","99.49","","33","","","","Mostly Cloudy"
"-79.63","43.68","TORONTO INTL A","6158731","2025-09-18 14:00","2025","09","18","14:00","","29.2","","16.9","","47","","","","31","","18","","24.1","","99.43","","34","","","","NA"
"-79.63","43.68","TORONTO INTL A","6158731","2025-09-18 15:00","2025","09","18","15:00","","29.4","","17.2","","47","","","","28","","22","","24.1","","99.37","","35","","","","NA"
"-79.63","43.68","TORONTO INTL A","6158731","2025-09-18 16:00","2025","09","18","16:00","","28.6","","15.9","","46","","","","33","","24","","24.1","","99.36","","33","","","","Mainly Clear"
"-79.63","43.68","TORONTO INTL A","6158731","2025-09-18 17:00","2025","09","18","17:00","","26.5","","16.8","","54","","","","1","","26","","24.1","","99.40","","32","","","","NA"
"-79.63","43.68","TORONTO INTL A","6158731","2025-09-18 18:00","2025","09","18","18:00","","24.4","","15.3","","56","","","","34","","24","","24.1","","99.47","","29","","","","NA"
"-79.63","43.68","TORONTO INTL A","6158731","2025-09-18 19:00","2025","09","18","19:00","","22.6","","15.5","","64","","","","35","","27","","24.1","","99.53","","27","","","","Clear"
"-79.63","43.68","TORONTO INTL A","6158731","2025-09-18 20:00","2025","09","18","20:00","","21.1","","14.8","","67","","","","35","","28","","24.1","","99.58","","25","","","","NA"
"-79.63","43.68","TORONTO INTL A","6158731","2025-09-18 21:00","2025","09","18","21:00","","19.8","","14.1","","70","","","","35","","25","","24.1","","99.61","","","","","","NA"
"-79.63","43.68","TORONTO INTL A","6158731","2025-09-18 22:00","2025","09","18","22:00","","18.9","","13.8","","72","","","","34","","25","","24.1","","99.63","","","","","","Clear"
"-79.63","43.68","TORONTO INTL A","6158731","2025-09-18 23:00","2025","09","18","23:00","","18.1","","13.6","","75","","","","34","","18","","24.1","","99.66","","","","","","NA"
"-79.63","43.68","TORONTO INTL A","6158731","2025-09-19 00:00","2025","09","19","00:00","","17.0","","13.9","","82","","","","35","","12","","24.1","","99.69","","","","","","NA"
"-79.63","43.68","TORONTO INTL A","6158731","2025-09-19 01:00","2025","09","19","01:00","","16.4","","14.1","","86","","","","36","","11","","24.1","","99.69","","","","","","Clear"
"-79.63","43.68","TORONTO INTL A","6158731","2025-09-19 02:00","2025","09","19","02:00","","16.2","","13.8","","86","","","","34","","9","","24.1","","99.72","","","","","","NA"
"-79.63","43.68","TORONTO INTL A","6158731","2025-09-19 03:00","2025","09","19","03:00","","15.7","","13.3","","86","","","","35","","14","","24.1","","99.78","","","","","","NA"
"-79.63","43.68","TORONTO INTL A","6158731","2025-09-19 04:00","2025","09","19","04:00","","15.8","","13.0","","83","","","","1","","13","","24.1","","99.83","","","","","","Mostly Cloudy"
"-79.63","43.68","TORONTO INTL A","6158731","2025-09-19 05:00","2025","09","19","05:00","","15.9","","13.0","","83","","","","36","","12","","24.1","","99.87","","","","","","NA"
"-79.63","43.68","TORONTO INTL A","6158731","2025-09-19 06:00","2025","09","19","06:00","","15.9","","12.9","","82","","","","36","","10","","24.1","","99.92","","","","","","NA"
"-79.63","43.68","TORONTO INTL A","6158731","2025-09-19 07:00","2025","09","19","07:00","","16.1","","12.8","","81","","","","36","","11","","24.1","","99.97","","","","","","Mostly Cloudy"
"-79.63","43.68","TORONTO INTL A","6158731","2025-09-19 08:00","2025","09","19","08:00","","16.4","","11.9","","75","","","","34","","13","","24.1","","99.98","","","","","","NA"
"-79.63","43.68","TORONTO INTL A","6158731","2025-09-19 09:00","2025","09","19","09:00","","17.2","","11.5","","69","","","","2","","10","","24.1","","100.01","","","","","","NA"
"-79.63","43.68","TORONTO INTL A","6158731","2025-09-19 10:00","2025","09","19","10:00","","18.6","","10.6","","60","","","","5","","9","","24.1","","100.01","","","","","","Mainly Clear"
"-79.63","43.68","TORONTO INTL A","6158731","2025-09-19 11:00","2025","09","19","11:00","","19.5","","9.3","","51","","","","3","","12","","24.1","","100.02","","","","","","NA"
"-79.63","43.68","TORONTO INTL A","6158731","2025-09-19 12:00","2025","09","19","12:00","","20.9","","8.1","","43","","","","5","","5","","24.1","","100.00","","","","","","NA"
"-79.63","43.68","TORONTO INTL A","6158731","2025-09-19 13:00","2025","09","19","13:00","","20.6","","11.1","","54","","","","14","","14","","24.1","","99.97","","","","","","Clear"
"-79.63","43.68","TORONTO INTL A","6158731","2025-09-19 14:00","2025","09","19","14:00","","20.8","","11.1","","53","","","","12","","10","","24.1","","99.94","","","","","","NA"
"-79.63","43.68","TORONTO INTL A","6158731","2025-09-19 15:00","2025","09","19","15:00","","20.0","","11.7","","58","","","","14","","12","","24.1","","99.93","","","","","","NA"
"-79.63","43.68","TORONTO INTL A","6158731","2025-09-19 16:00","2025","09","19","16:00","","20.3","","11.9","","58","","","","16","","10","","24.1","","99.92","","","","","","Mainly Clear"
"-79.63","43.68","TORONTO INTL A","6158731","2025-09-19 17:00","2025","09","19","17:00","","19.0","","12.0","","63","","","","15","","15","","24.1","","99.94","","","","","","NA"
"-79.63","43.68","TORONTO INTL A","6158731","2025-09-19 18:00","2025","09","19","18:00","","18.1","","11.9","","67","","","","13","","5","","24.1","","99.97","","","","","","NA"
"-79.63","43.68","TORONTO INTL A","6158731","2025-09-19 19:00","2025","09","19","19:00","","17.3","","10.3","","63","","","","36","","14","","24.1","","100.00","","","","","","Clear"
"-79.63","43.68","TORONTO INTL A","6158731","2025-09-19 20:00","2025","09","19","20:00","","16.8","","8.7","","59","","","","36","","18","","24.1","","100.09","","","","","","NA"
"-79.63","43.68","TORONTO INTL A","6158731","2025-09-19 21:00","2025","09","19","21:00","","15.2","","9.4","","68","","","","36","","17","","24.1","","100.13","","","","","","NA"
"-79.63","43.68","TORONTO INTL A","6158731","2025-09-19 22:00","2025","09","19","22:00","","14.9","","9.4","","69","","","","33","","15","","24.1","","100.18","","","","","","Clear"
"-79.63","43.68","TORONTO INTL A","6158731","2025-09-19 23:00","2025","09","19","23:00","","13.8","","9.2","","74","","","","35","","16","","24.1","","100.21","","","","","","NA"
"-79.63","43.68","TORONTO INTL A","6158731","2025-09-20 00:00","2025","09","20","00:00","","12.7","","8.2","","74","","","","3","","12","","24.1","","100.24","","","","","","NA"
"-79.63","43.68","TORONTO INTL A","6158731","2025-09-20 01:00","2025","09","20","01:00","","14.1","","5.5","","56","","","","5","","13","","24.1","","100.26","","","","","","Clear"
"-79.63","43.68","TORONTO INTL A","6158731","2025-09-20 02:00","2025","09","20","02:00","","13.8","","5.5","","57","","","","6","","14","","24.1","","100.29","","","","","","NA"
"-79.63","43.68","TORONTO INTL A","6158731","2025-09-20 03:00","2025","09","20","03:00","","13.1","","4.9","","57","","","","6","","12","","24.1","","100.31","","","","","","NA"
"-79.63","43.68","TORONTO INTL A","6158731","2025-09-20 04:00","2025","09","20","04:00","","12.1","","3.9","","57","","","","6","","12","","24.1","","100.33","","","","","","Clear"
"-79.63","43.68","TORONTO INTL A","6158731","2025-09-20 05:00","2025","09","20","05:00","","11.3","","3.5","","59","","","","6","","16","","24.1","","100.39","","","","","","NA"
"-79.63","43.68","TORONTO INTL A","6158731","2025-09-20 06:00","2025","09","20","06:00","","10.6","","3.7","","62","","","","5","","12","","24.1","","100.44","","","","","","NA"
"-79.63","43.68","TORONTO INTL A","6158731","2025-09-20 07:00","2025","09","20","07:00","","11.3","","4.1","","61","","","","5","","16","","24.1","","100.48","","","","","","Mostly Cloudy"
"-79.63","43.68","TORONTO INTL A","6158731","2025-09-20 08:00","2025","09","20","08:00","","12.9","","5.7","","61","","","","7","","15","","24.1","","100.51","","","","","","NA"
"-79.63","43.68","TORONTO INTL A","6158731","2025-09-20 09:00","2025","09","20","09:00","","14.6","","8.7","","67","","","","9","","20","","24.1","","100.55","","","","","","NA"
"-79.63","43.68","TORONTO INTL A","6158731","2025-09-20 10:00","2025","09","20","10:00","","15.8","","9.6","","66","","","","10","","19","","24.1","","100.55","","","","","","Mostly Cloudy"
"-79.63","43.68","TORONTO INTL A","6158731","2025-09-20 11:00","2025","09","20","11:00","","17.0","","10.8","","66","","","","11","","17","","24.1","","100.55","","","","","","NA"
"-79.63","43.68","TORONTO INTL A","6158731","2025-09-20 12:00","2025","09","20","12:00","","17.8","","10.5","","62","","","","10","","15","","24.1","","100.55","","","","","","NA"
"-79.63","43.68","TORONTO INTL A","6158731","2025-09-20 13:00","2025","09","20","13:00","","17.5","","9.8","","60","","","","8","","23","","24.1","","100.53","","","","","","Clear"
"-79.63","43.68","TORONTO INTL A","6158731","2025-09-20 14:00","2025","09","20","14:00","","18.1","","8.2","","52","","","","10","","23","","24.1","","100.47","","","","","","NA"
"-79.63","43.68","TORONTO INTL A","6158731","2025-09-20 15:00","2025","09","20","15:00","","18.1","","5.5","","43","","","","11","","22","","24.1","","100.43","","","","","","NA"
"-79.63","43.68","TORONTO INTL A","6158731","2025-09-20 16:00","2025","09","20","16:00","","18.1","","0.0","","29","","","","10","","25","","24.1","","100.39","","","","","","Mainly Clear"
"-79.63","43.68","TORONTO INTL A","6158731","2025-09-20 17:00","2025","09","20","17:00","","17.2","","-2.1","","27","","","","9","","26","","24.1","","100.37","","","","","","NA"
"-79.63","43.68","TORONTO INTL A","6158731","2025-09-20 18:00","2025","09","20","18:00","","16.1","","-0.3","","33","","","","8","","15","","24.1","","100.35","","","","","","NA"
"-79.63","43.68","TORONTO INTL A","6158731","2025-09-20 19:00","2025","09","20","19:00","","15.3","","1.7","","39","","","","9","","13","","24.1","","100.33","","","","","","Mainly Clear"
"-79.63","43.68","TORONTO INTL A","6158731","2025-09-20 20:00","2025","09","20","20:00","","15.1","","2.8","","43","","","","8","","10","","24.1","","100.34","","","","","","NA"
"-79.63","43.68","TORONTO INTL A","6158731","2025-09-20 21:00","2025","09","20","21:00","","15.0","","3.7","","47","","","","9","","10","","24.1","","100.31","","","","","","NA"
"-79.63","43.68","TORONTO INTL A","6158731","2025-09-20 22:00","2025","09","20","22:00","","15.0","","4.6","","49","","","","10","","8","","24.1","","100.31","","","","","","Clear"
"-79.63","43.68","TORONTO INTL A","6158731","2025-09-20 23:00","2025","09","20","23:00","","15.4","","7.7","","60","","","","10","","11","","24.1","","100.29","","","","","","NA"
"-79.63","43.68","TORONTO INTL A","6158731","2025-09-21 00:00","2025","09","21","00:00","","15.6","","8.2","","61","","","","10","","10","","24.1","","100.24","","","","","","NA"
"-79.63","43.68","TORONTO INTL A","6158731","2025-09-21 01:00","2025","09","21","01:00","","15.4","","8.2","","62","","","","10","","9","","24.1","","100.20","","","","","","Mainly Clear"
"-79.63","43.68","TORONTO INTL A","6158731","2025-09-21 02:00","2025","09","21","02:00","","12.8","","7.4","","69","","","","5","","9","","24.1","","100.12","","","","","","NA"
"-79.63","43.68","TORONTO INTL A","6158731","2025-09-21 03:00","2025","09","21","03:00","","12.5","","7.9","","73","","","","4","","9","","24.1","","100.07","","","","","","NA"
"-79.63","43.68","TORONTO INTL A","6158731","2025-09-21 04:00","2025","09","21","04:00","","12.5","","7.7","","72","","","","4","","8","","24.1","","100.05","","","","","","Mainly Clear"
"-79.63","43.68","TORONTO INTL A","6158731","2025-09-21 05:00","2025","09","21","05:00","","12.1","","8.1","","76","","","","2","","8","","24.1","","100.06","","","","","","NA"
"-79.63","43.68","TORONTO INTL A","6158731","2025-09-21 06:00","2025","09","21","06:00","","12.4","","8.5","","77","","","","6","","6","","24.1","","100.02","","","","","","NA"
"-79.63","43.68","TORONTO INTL A","6158731","2025-09-21 07:00","2025","09","21","07:00","","13.5","","9.6","","77","","","","2","","5","","24.1","","100.03","","","","","","Clear"
"-79.63","43.68","TORONTO INTL A","6158731","2025-09-21 08:00","2025","09","21","08:00","","16.1","","10.6","","70","","","","6","","4","","24.1","","100.02","","","","","","NA"
"-79.63","43.68","TORONTO INTL A","6158731","2025-09-21 09:00","2025","09","21","09:00","","18.6","","10.7","","60","","","","8","","8","","24.1","","99.99","","","","","","NA"
"-79.63","43.68","TORONTO INTL A","6158731","2025-09-21 10:00","2025","09","21","10:00","","21.0","","11.8","","55","","","","16","","10","","24.1","","99.93","","","","","","Clear"
"-79.63","43.68","TORONTO INTL A","6158731","2025-09-21 11:00","2025","09","21","11:00","","21.9","","13.7","","59","","","","16","","13","","24.1","","99.91","","25","","","","NA"
"-79.63","43.68","TORONTO INTL A","6158731","2025-09-21 12:00","2025","09","21","12:00","","23.0","","14.4","","58","","","","15","","10","","24.1","","99.85","","27","","","","NA"
"-79.63","43.68","TORONTO INTL A","6158731","2025-09-21 13:00","2025","09","21","13:00","","24.2","","14.8","","55","","","","13","","13","","24.1","","99.76","","28","","","","Mostly Cloudy"
"-79.63","43.68","TORONTO INTL A","6158731","2025-09-21 14:00","2025","09","21","14:00","","23.7","","14.9","","57","","","","15","","17","","24.1","","99.71","","28","","","","NA"
"-79.63","43.68","TORONTO INTL A","6158731","2025-09-21 15:00","2025","09","21","15:00","","24.3","","15.1","","56","","","","12","","14","","24.1","","99.63","","28","","","","NA"
"-79.63","43.68","TORONTO INTL A","6158731","2025-09-21 16:00","2025","09","21","16:00","","24.3","","14.9","","55","","","","10","","15","","24.1","","99.57","","28","","","","Mostly Cloudy"
"-79.63","43.68","TORONTO INTL A","6158731","2025-09-21 17:00","2025","09","21","17:00","","22.4","","14.7","","61","","","","11","","13","","24.1","","99.53","","26","","","","NA"
"-79.63","43.68","TORONTO INTL A","6158731","2025-09-21 18:00","2025","09","21","18:00","","21.2","","14.8","","66","","","","9","","9","","24.1","","99.48","","25","","","","NA"
"-79.63","43.68","TORONTO INTL A","6158731","2025-09-21 19:00","2025","09","21","19:00","","20.8","","14.9","","69","","","","9","","12","","24.1","","99.43","","25","","","","Mostly Cloudy"
"-79.63","43.68","TORONTO INTL A","6158731","2025-09-21 20:00","2025","09","21","20:00","","18.9","","15.7","","82","","","","27","","23","","16.1","","99.57","","","","","","Thunderstorms,Rain Showers"
"-79.63","43.68","TORONTO INTL A","6158731","2025-09-21 21:00","2025","09","21","21:00","","18.5","","16.3","","87","","","","28","","8","","24.1","","99.46","","","","","","NA"
"-79.63","43.68","TORONTO INTL A","6158731","2025-09-21 22:00","2025","09","21","22:00","","17.8","","16.9","","94","","","","8","","9","","16.1","","99.49","","","","","","Thunderstorms,Moderate Rain Showers"
"-79.63","43.68","TORONTO INTL A","6158731","2025-09-21 23:00","2025","09","21","23:00","","17.8","","17.3","","97","","","","23","","6","","9.7","","99.53","","","","","","Thunderstorms,Moderate Rain Showers"
"-79.63","43.68","TORONTO INTL A","6158731","2025-09-22 00:00","2025","09","22","00:00","","17.9","","17.5","","97","","","","12","","9","","9.7","","99.46","","","","","","Rain Showers,Fog"
"-79.63","43.68","TORONTO INTL A","6158731","2025-09-22 01:00","2025","09","22","01:00","","17.6","","17.2","","98","","","","17","","8","","4.8","","99.52","","","","","","Fog"
"-79.63","43.68","TORONTO INTL A","6158731","2025-09-22 02:00","2025","09","22","02:00","","17.7","","17.3","","97","","","","15","","10","","6.4","","99.45","","","","","","Fog"
"-79.63","43.68","TORONTO INTL A","6158731","2025-09-22 03:00","2025","09","22","03:00","","17.7","","17.3","","97","","","","14","","12","","9.7","","99.37","","","","","","Fog"
"-79.63","43.68","TORONTO INTL A","6158731","2025-09-22 04:00","2025","09","22","04:00","","17.8","","17.3","","97","","","","14","","8","","6.4","","99.33","","","","","","Fog"
"-79.63","43.68","TORONTO INTL A","6158731","2025-09-22 05:00","2025","09","22","05:00","","18.0","","17.4","","96","","","","16","","7","","6.4","","99.33","","","","","","Fog"
"-79.63","43.68","TORONTO INTL A","6158731","2025-09-22 06:00","2025","09","22","06:00","","18.0","","17.4","","96","","","","13","","9","","8.1","","99.31","","","","","","Fog"
"-79.63","43.68","TORONTO INTL A","6158731","2025-09-22 07:00","2025","09","22","07:00","","18.4","","17.7","","96","","","","16","","7","","8.1","","99.32","","","","","","Fog"
"-79.63","43.68","TORONTO INTL A","6158731","2025-09-22 08:00","2025","09","22","08:00","","19.2","","17.9","","92","","","","13","","5","","9.7","","99.32","","","","","","Fog"
"-79.63","43.68","TORONTO INTL A","6158731","2025-09-22 09:00","2025","09","22","09:00","","17.9","","16.4","","91","","","","30","","13","","4.0","","99.37","","","","","","Thunderstorms,Heavy Rain Showers"
"-79.63","43.68","TORONTO INTL A","6158731","2025-09-22 10:00","2025","09","22","10:00","","18.4","","17.6","","95","","","","20","","5","","16.1","","99.34","","","","","","Rain Showers"
"-79.63","43.68","TORONTO INTL A","6158731","2025-09-22 11:00","2025","09","22","11:00","","20.2","","19.0","","93","","","","19","","9","","16.1","","99.29","","27","","","","NA"
"-79.63","43.68","TORONTO INTL A","6158731","2025-09-22 12:00","2025","09","22","12:00","","22.0","","19.2","","84","","","","20","","18","","16.1","","99.26","","29","","","","NA"
"-79.63","43.68","TORONTO INTL A","6158731","2025-09-22 13:00","2025","09","22","13:00","","23.5","","19.5","","78","","","","24","","10","","19.3","","99.21","","31","","","","Mostly Cloudy"
"-79.63","43.68","TORONTO INTL A","6158731","2025-09-22 14:00","2025","09","22","14:00","","23.0","","19.9","","82","","","","14","","13","","19.3","","99.19","","30","","","","NA"
"-79.63","43.68","TORONTO INTL A","6158731","2025-09-22 15:00","2025","09","22","15:00","","22.9","","19.5","","81","","","","16","","10","","19.3","","99.14","","30","","","","NA"
"-79.63","43.68","TORONTO INTL A","6158731","2025-09-22 16:00","2025","09","22","16:00","","23.5","","19.2","","77","","","","15","","10","","19.3","","99.10","","30","","","","Mostly Cloudy"
"-79.63","43.68","TORONTO INTL A","6158731","2025-09-22 17:00","2025","09","22","17:00","","22.4","","18.9","","80","","","","15","","12","","24.1","","99.10","","29","","","","NA"
"-79.63","43.68","TORONTO INTL A","6158731","2025-09-22 18:00","2025","09","22","18:00","","21.3","","18.5","","84","","","","16","","11","","24.1","","99.11","","28","","","","NA"
"-79.63","43.68","TORONTO INTL A","6158731","2025-09-22 19:00","2025","09","22","19:00","","20.4","","18.4","","88","","","","16","","10","","24.1","","99.12","","27","","","","Mostly Cloudy"
"-79.63","43.68","TORONTO INTL A","6158731","2025-09-22 20:00","2025","09","22","20:00","","20.4","","18.6","","90","","","","18","","7","","24.1","","99.12","","27","","","","NA"
"-79.63","43.68","TORONTO INTL A","6158731","2025-09-22 21:00","2025","09","22","21:00","","21.1","","18.4","","85","","","","22","","9","","24.1","","99.12","","27","","","","NA"
"-79.63","43.68","TORONTO INTL A","6158731","2025-09-22 22:00","2025","09","22","22:00","","21.0","","19.0","","88","","","","20","","7","","24.1","","99.19","","28","","","","Cloudy"
"-79.63","43.68","TORONTO INTL A","6158731","2025-09-22 23:00","2025","09","22","23:00","","20.8","","18.9","","88","","","","21","","8","","24.1","","99.19","","27","","","","NA"
"-79.63","43.68","TORONTO INTL A","6158731","2025-09-23 00:00","2025","09","23","00:00","","20.4","","18.7","","90","","","","21","","9","","24.1","","99.18","","27","","","","NA"
"-79.63","43.68","TORONTO INTL A","6158731","2025-09-23 01:00","2025","09","23","01:00","","20.0","","18.3","","90","","","","21","","9","","24.1","","99.18","","26","","","","Mostly Cloudy"
"-79.63","43.68","TORONTO INTL A","6158731","2025-09-23 02:00","2025","09","23","02:00","","19.6","","17.6","","88","","","","24","","14","","24.1","","99.18","","","","","","NA"
"-79.63","43.68","TORONTO INTL A","6158731","2025-09-23 03:00","2025","09","23","03:00","","19.3","","17.4","","89","","","","23","","11","","24.1","","99.17","","","","","","NA"
"-79.63","43.68","TORONTO INTL A","6158731","2025-09-23 04:00","2025","09","23","04:00","","19.0","","17.2","","89","","","","20","","9","","24.1","","99.18","","","","","","Mostly Cloudy"
"-79.63","43.68","TORONTO INTL A","6158731","2025-09-23 05:00","2025","09","23","05:00","","19.0","","17.4","","91","","","","19","","8","","24.1","","99.18","","","","","","NA"
"-79.63","43.68","TORONTO INTL A","6158731","2025-09-23 06:00","2025","09","23","06:00","","18.4","","17.3","","93","","","","19","","6","","19.3","","99.26","","","","","","NA"
"-79.63","43.68","TORONTO INTL A","6158731","2025-09-23 07:00","2025","09","23","07:00","","19.0","","17.6","","91","","","","24","","7","","16.1","","99.33","","","","","","Mostly Cloudy"
"-79.63","43.68","TORONTO INTL A","6158731","2025-09-23 08:00","2025","09","23","08:00","","19.5","","17.9","","90","","","","23","","8","","19.3","","99.36","","","","","","NA"
"-79.63","43.68","TORONTO INTL A","6158731","2025-09-23 09:00","2025","09","23","09:00","","20.9","","18.3","","85","","","","19","","10","","19.3","","99.37","","27","","","","NA"
"-79.63","43.68","TORONTO INTL A","6158731","2025-09-23 10:00","2025","09","23","10:00","","22.1","","18.7","","81","","","","16","","5","","19.3","","99.35","","29","","","","Mostly Cloudy"
"-79.63","43.68","TORONTO INTL A","6158731","2025-09-23 11:00","2025","09","23","11:00","","23.7","","16.8","","65","","","","27","","7","","24.1","","99.35","","29","","","","NA"
"-79.63","43.68","TORONTO INTL A","6158731","2025-09-23 12:00","2025","09","23","12:00","","24.9","","18.2","","66","","","","15","","9","","24.1","","99.34","","31","","","","NA"
"-79.63","43.68","TORONTO INTL A","6158731","2025-09-23 13:00","2025","09","23","13:00","","25.0","","17.7","","63","","","","20","","9","","24.1","","99.30","","31","","","","Mostly Cloudy"
"-79.63","43.68","TORONTO INTL A","6158731","2025-09-23 14:00","2025","09","23","14:00","","24.3","","17.8","","67","","","","15","","16","","24.1","","99.27","","30","","","","NA"
"-79.63","43.68","TORONTO INTL A","6158731","2025-09-23 15:00","2025","09","23","15:00","","23.6","","16.4","","64","","","","16","","15","","24.1","","99.27","","28","","","","NA"
"-79.63","43.68","TORONTO INTL A","6158731","2025-09-23 16:00","2025","09","23","16:00","","23.9","","16.7","","63","","","","16","","14","","19.3","","99.27","","29","","","","Mostly Cloudy"
"-79.63","43.68","TORONTO INTL A","6158731","2025-09-23 17:00","2025","09","23","17:00","","23.1","","16.3","","65","","","","15","","11","","19.3","","99.30","","28","","","","NA"
"-79.63","43.68","TORONTO INTL A","6158731","2025-09-23 18:00","2025","09","23","18:00","","22.4","","16.0","","66","","","","9","","5","","12.9","","99.38","","27","","","","Thunderstorms"
"-79.63","43.68","TORONTO INTL A","6158731","2025-09-23 19:00","2025","09","23","19:00","","19.1","","17.6","","91","","","","4","","18","","8.1","","99.47","","","","","","Thunderstorms,Rain Showers,Fog"
"-79.63","43.68","TORONTO INTL A","6158731","2025-09-23 20:00","2025","09","23","20:00","","18.8","","16.1","","84","","","","13","","3","","12.9","","99.50","","","","","","Rain Showers"
"-79.63","43.68","TORONTO INTL A","6158731","2025-09-23 21:00","2025","09","23","21:00","","18.7","","17.3","","92","","","","6","","10","","16.1","","99.54","","","","","","Rain"
"-79.63","43.68","TORONTO INTL A","6158731","2025-09-23 22:00","2025","09","23","22:00","","19.0","","18.0","","94","","","","36","","7","","16.1","","99.53","","","","","","Cloudy"
"-79.63","43.68","TORONTO INTL A","6158731","2025-09-23 23:00","2025","09","23","23:00","","18.9","","17.7","","93","","","","3","","5","","24.1","","99.53","","","","","","NA"
"-79.63","43.68","TORONTO INTL A","6158731","2025-09-24 00:00","2025","09","24","00:00","","18.8","","17.9","","94","","","","21","","3","","19.3","","99.55","","","","","","NA"
"-79.63","43.68","TORONTO INTL A","6158731","2025-09-24 01:00","2025","09","24","01:00","","18.8","","17.8","","93","","","","","","0","","19.3","","99.56","","","","","","Mostly Cloudy"
"-79.63","43.68","TORONTO INTL A","6158731","2025-09-24 02:00","2025","09","24","02:00","","18.4","","17.6","","95","","","","4","","8","","19.3","","99.52","","","","","","NA"
"-79.63","43.68","TORONTO INTL A","6158731","2025-09-24 03:00","2025","09","24","03:00","","18.3","","17.6","","96","","","","36","","8","","9.7","","99.53","","","","","","Fog"
"-79.63","43.68","TORONTO INTL A","6158731","2025-09-24 04:00","2025","09","24","04:00","","18.6","","17.6","","94","","","","5","","5","","8.1","","99.55","","","","","","Fog"
"-79.63","43.68","TORONTO INTL A","6158731","2025-09-24 05:00","2025","09","24","05:00","","18.5","","17.6","","95","","","","5","","7","","8.1","","99.57","","","","","","Fog"
"-79.63","43.68","TORONTO INTL A","6158731","2025-09-24 06:00","2025","09","24","06:00","","18.5","","17.8","","96","","","","5","","9","","6.4","","99.62","","","","","","Fog"
"-79.63","43.68","TORONTO INTL A","6158731","2025-09-24 07:00","2025","09","24","07:00","","18.7","","18.0","","96","","","","9","","10","","3.2","","99.63","","","","","","Fog"
"-79.63","43.68","TORONTO INTL A","6158731","2025-09-24 08:00","2025","09","24","08:00","","19.5","","18.6","","94","","","","9","","12","","4.0","","99.65","","","","","","Fog"
"-79.63","43.68","TORONTO INTL A","6158731","2025-09-24 09:00","2025","09","24","09:00","","19.8","","18.6","","92","","","","10","","14","","9.7","","99.66","","","","","","Fog"
"-79.63","43.68","TORONTO INTL A","6158731","2025-09-24 10:00","2025","09","24","10:00","","20.3","","18.3","","88","","","","9","","17","","9.7","","99.67","","27","","","","Fog"
"-79.63","43.68","TORONTO INTL A","6158731","2025-09-24 11:00","2025","09","24","11:00","","20.3","","18.0","","86","","","","8","","16","","12.9","","99.67","","26","","","","NA"
"-79.63","43.68","TORONTO INTL A","6158731","2025-09-24 12:00","2025","09","24","12:00","","20.6","","18.4","","87","","","","8","","10","","16.1","","99.66","","27","","","","Rain"
"-79.63","43.68","TORONTO INTL A","6158731","2025-09-24 13:00","2025","09","24","13:00","","21.0","","18.1","","83","","","","9","","17","","24.1","","99.58","","27","","","","Mostly Cloudy"
"-79.63","43.68","TORONTO INTL A","6158731","2025-09-24 14:00","2025","09","24","14:00","","21.1","","17.7","","81","","","","8","","17","","24.1","","99.54","","27","","","","NA"
"-79.63","43.68","TORONTO INTL A","6158731","2025-09-24 15:00","2025","09","24","15:00","","21.1","","17.2","","78","","","","9","","11","","24.1","","99.50","","27","","","","NA"
"-79.63","43.68","TORONTO INTL A","6158731","2025-09-24 16:00","2025","09","24","16:00","","20.6","","16.7","","78","","","","8","","13","","24.1","","99.45","","26","","","","Cloudy"
"-79.63","43.68","TORONTO INTL A","6158731","2025-09-24 17:00","2025","09","24","17:00","","20.7","","16.4","","76","","","","5","","14","","24.1","","99.43","","26","","","","NA"
"-79.63","43.68","TORONTO INTL A","6158731","2025-09-24 18:00","2025","09","24","18:00","","20.4","","16.7","","79","","","","4","","17","","24.1","","99.40","","25","","","","NA"
"-79.63","43.68","TORONTO INTL A","6158731","2025-09-24 19:00","2025","09","24","19:00","","19.6","","17.0","","85","","","","7","","9","","24.1","","99.40","","","","","","Cloudy"
"-79.63","43.68","TORONTO INTL A","6158731","2025-09-24 20:00","2025","09","24","20:00","","19.6","","17.3","","87","","","","5","","12","","24.1","","99.39","","","","","","NA"
"-79.63","43.68","TORONTO INTL A","6158731","2025-09-24 21:00","2025","09","24","21:00","","19.8","","16.9","","83","","","","6","","10","","24.1","","99.38","","","","","","NA"
"-79.63","43.68","TORONTO INTL A","6158731","2025-09-24 22:00","2025","09","24","22:00","","19.8","","16.8","","83","","","","5","","8","","24.1","","99.36","","","","","","Cloudy"
"-79.63","43.68","TORONTO INTL A","6158731","2025-09-24 23:00","2025","09","24","23:00","","18.8","","17.2","","90","","","","6","","9","","9.7","","99.30","","","","","","Heavy Rain,Fog"
"-79.63","43.68","TORONTO INTL A","6158731","2025-09-25 00:00","2025","09","25","00:00","","18.6","","17.8","","95","","","","9","","10","","9.7","","99.25","","","","","","Moderate Rain,Fog"
"-79.63","43.68","TORONTO INTL A","6158731","2025-09-25 01:00","2025","09","25","01:00","","18.5","","17.7","","95","","","","8","","11","","9.7","","99.23","","","","","","Rain,Fog"
"-79.63","43.68","TORONTO INTL A","6158731","2025-09-25 02:00","2025","09","25","02:00","","18.4","","17.7","","95","","","","7","","13","","9.7","","99.14","","","","","","Fog"
"-79.63","43.68","TORONTO INTL A","6158731","2025-09-25 03:00","2025","09","25","03:00","","18.5","","17.9","","96","","","","6","","6","","9.7","","99.11","","","","","","Fog"
"-79.63","43.68","TORONTO INTL A","6158731","2025-09-25 04:00","2025","09","25","04:00","","18.5","","17.9","","96","","","","11","","7","","6.4","","99.05","","","","","","Fog"
"-79.63","43.68","TORONTO INTL A","6158731","2025-09-25 05:00","2025","09","25","05:00","","18.3","","17.5","","95","","","","11","","5","","9.7","","99.04","","","","","","Fog"
"-79.63","43.68","TORONTO INTL A","6158731","2025-09-25 06:00","2025","09","25","06:00","","18.0","","17.3","","95","","","","15","","4","","6.4","","99.04","","","","","","Drizzle,Fog"
"-79.63","43.68","TORONTO INTL A","6158731","2025-09-25 07:00","2025","09","25","07:00","","17.8","","17.1","","96","","","","21","","5","","3.2","","99.03","","","","","","Drizzle,Fog"
"-79.63","43.68","TORONTO INTL A","6158731","2025-09-25 08:00","2025","09","25","08:00","","17.9","","17.4","","97","","","","27","","5","","2.4","","99.00","","","","","","Drizzle,Fog"
"-79.63","43.68","TORONTO INTL A","6158731","2025-09-25 09:00","2025","09","25","09:00","","18.2","","17.7","","97","","","","26","","4","","2.4","","98.96","","","","","","Drizzle,Fog"
"-79.63","43.68","TORONTO INTL A","6158731","2025-09-25 10:00","2025","09","25","10:00","","18.5","","17.8","","96","","","","24","","9","","4.0","","98.95","","","","","","Drizzle,Fog"
"-79.63","43.68","TORONTO INTL A","6158731","2025-09-25 11:00","2025","09","25","11:00","","19.5","","17.4","","88","","","","32","","7","","24.1","","98.91","","","","","","NA"
"-79.63","43.68","TORONTO INTL A","6158731","2025-09-25 12:00","2025","09","25","12:00","","19.5","","17.9","","90","","","","34","","10","","24.1","","98.88","","","","","","NA"
"-79.63","43.68","TORONTO INTL A","6158731","2025-09-25 13:00","2025","09","25","13:00","","20.5","","17.6","","83","","","","35","","16","","24.1","","98.79","","26","","","","Mostly Cloudy"
"-79.63","43.68","TORONTO INTL A","6158731","2025-09-25 14:00","2025","09","25","14:00","","20.6","","17.4","","81","","","","33","","10","","24.1","","98.77","","26","","","","NA"
"-79.63","43.68","TORONTO INTL A","6158731","2025-09-25 15:00","2025","09","25","15:00","","20.9","","17.2","","79","","","","33","","13","","24.1","","98.71","","26","","","","NA"
"-79.63","43.68","TORONTO INTL A","6158731","2025-09-25 16:00","2025","09","25","16:00","","21.3","","17.4","","78","","","","35","","12","","24.1","","98.70","","27","","","","Mostly Cloudy"
"-79.63","43.68","TORONTO INTL A","6158731","2025-09-25 17:00","2025","09","25","17:00","","20.8","","16.9","","78","","","","32","","9","","24.1","","98.72","","26","","","","NA"
"-79.63","43.68","TORONTO INTL A","6158731","2025-09-25 18:00","2025","09","25","18:00","","19.6","","16.5","","82","","","","27","","10","","24.1","","98.72","","","","","","NA"
"-79.63","43.68","TORONTO INTL A","6158731","2025-09-25 19:00","2025","09","25","19:00","","19.5","","16.6","","83","","","","25","","8","","24.1","","98.74","","","","","","Mostly Cloudy"
"-79.63","43.68","TORONTO INTL A","6158731","2025-09-25 20:00","2025","09","25","20:00","","19.5","","17.1","","86","","","","36","","16","","24.1","","98.78","","","","","","NA"
"-79.63","43.68","TORONTO INTL A","6158731","2025-09-25 21:00","2025","09","25","21:00","","18.6","","16.8","","89","","","","1","","9","","24.1","","98.80","","","","","","NA"
"-79.63","43.68","TORONTO INTL A","6158731","2025-09-25 22:00","2025","09","25","22:00","","17.9","","16.0","","88","","","","36","","8","","24.1","","98.81","","","","","","Mainly Clear"
"-79.63","43.68","TORONTO INTL A","6158731","2025-09-25 23:00","2025","09","25","23:00","","16.8","","15.8","","94","","","","28","","8","","24.1","","98.86","","","","","","NA"
"-79.63","43.68","TORONTO INTL A","6158731","2025-09-26 00:00","2025","09","26","00:00","","17.8","","15.2","","84","","","","29","","14","","24.1","","98.87","","","","","","NA"
"-79.63","43.68","TORONTO INTL A","6158731","2025-09-26 01:00","2025","09","26","01:00","","17.1","","14.7","","85","","","","29","","17","","24.1","","98.89","","","","","","Mostly Cloudy"
"-79.63","43.68","TORONTO INTL A","6158731","2025-09-26 02:00","2025","09","26","02:00","","16.7","","14.0","","84","","","","29","","13","","24.1","","98.88","","","","","","NA"
"-79.63","43.68","TORONTO INTL A","6158731","2025-09-26 03:00","2025","09","26","03:00","","15.4","","13.7","","90","","","","29","","9","","24.1","","98.89","","","","","","NA"
"-79.63","43.68","TORONTO INTL A","6158731","2025-09-26 04:00","2025","09","26","04:00","","16.8","","14.1","","84","","","","30","","16","","24.1","","98.92","","","","","","Mostly Cloudy"
"-79.63","43.68","TORONTO INTL A","6158731","2025-09-26 05:00","2025","09","26","05:00","","16.3","","13.8","","85","","","","30","","9","","24.1","","98.93","","","","","","NA"
"-79.63","43.68","TORONTO INTL A","6158731","2025-09-26 06:00","2025","09","26","06:00","","15.4","","13.7","","89","","","","27","","9","","24.1","","98.97","","","","","","NA"
"-79.63","43.68","TORONTO INTL A","6158731","2025-09-26 07:00","2025","09","26","07:00","","16.2","","14.2","","88","","","","28","","9","","24.1","","99.03","","","","","","Mainly Clear"
"-79.63","43.68","TORONTO INTL A","6158731","2025-09-26 08:00","2025","09","26","08:00","","18.1","","14.9","","81","","","","31","","10","","24.1","","99.07","","","","","","NA"
"-79.63","43.68","TORONTO INTL A","6158731","2025-09-26 09:00","2025","09","26","09:00","","19.9","","14.7","","72","","","","28","","14","","24.1","","99.10","","","","","","NA"
"-79.63","43.68","TORONTO INTL A","6158731","2025-09-26 10:00","2025","09","26","10:00","","20.5","","14.7","","69","","","","28","","13","","24.1","","99.12","","","","","","Mostly Cloudy"
"-79.63","43.68","TORONTO INTL A","6158731","2025-09-26 11:00","2025","09","26","11:00","","20.7","","14.8","","69","","","","23","","16","","24.1","","99.11","","25","","","","NA"
"-79.63","43.68","TORONTO INTL A","6158731","2025-09-26 12:00","2025","09","26","12:00","","21.4","","14.4","","64","","","","26","","12","","24.1","","99.11","","25","","","","NA"
"-79.63","43.68","TORONTO INTL A","6158731","2025-09-26 13:00","2025","09","26","13:00","","22.7","","14.1","","58","","","","26","","9","","24.1","","99.07","","26","","","","Mostly Cloudy"
"-79.63","43.68","TORONTO INTL A","6158731","2025-09-26 14:00","2025","09","26","14:00","","23.1","","13.4","","54","","","","33","","13","","24.1","","99.06","","26","","","","NA"
"-79.63","43.68","TORONTO INTL A","6158731","2025-09-26 15:00","2025","09","26","15:00","","23.8","","13.7","","52","","","","28","","13","","24.1","","99.04","","27","","","","NA"
"-79.63","43.68","TORONTO INTL A","6158731","2025-09-26 16:00","2025","09","26","16:00","","24.4","","13.0","","49","","","","27","","20","","24.1","","99.03","","27","","","","Mainly Clear"
"-79.63","43.68","TORONTO INTL A","6158731","2025-09-26 17:00","2025","09","26","17:00","","23.5","","12.9","","51","","","","29","","11","","24.1","","99.05","","26","","","","NA"
"-79.63","43.68","TORONTO INTL A","6158731","2025-09-26 18:00","2025","09","26","18:00","","21.2","","13.6","","61","","","","25","","14","","24.1","","99.09","","","","","","NA"
"-79.63","43.68","TORONTO INTL A","6158731","2025-09-26 19:00","2025","09","26","19:00","","20.5","","13.4","","63","","","","25","","14","","24.1","","99.13","","","","","","Mainly Clear"
"-79.63","43.68","TORONTO INTL A","6158731","2025-09-26 20:00","2025","09","26","20:00","","20.5","","13.2","","62","","","","23","","10","","24.1","","99.15","","","","","","NA"
"-79.63","43.68","TORONTO INTL A","6158731","2025-09-26 21:00","2025","09","26","21:00","","19.8","","13.3","","66","","","","25","","9","","24.1","","99.19","","","","","","NA"
"-79.63","43.68","TORONTO INTL A","6158731","2025-09-26 22:00","2025","09","26","22:00","","18.8","","14.1","","74","","","","35","","13","","24.1","","99.23","","","","","","Clear"
"-79.63","43.68","TORONTO INTL A","6158731","2025-09-26 23:00","2025","09","26","23:00","","17.8","","14.3","","80","","","","1","","9","","24.1","","99.23","","","","","","NA"
"-79.63","43.68","TORONTO INTL A","6158731","2025-09-27 00:00","2025","09","27","00:00","","17.3","","14.5","","84","","","","31","","12","","24.1","","99.25","","","","","","NA"
"-79.63","43.68","TORONTO INTL A","6158731","2025-09-27 01:00","2025","09","27","01:00","","16.7","","14.7","","87","","","","33","","10","","24.1","","99.27","","","","","","Mainly Clear"
"-79.63","43.68","TORONTO INTL A","6158731","2025-09-27 02:00","2025","09","27","02:00","","16.7","","14.8","","89","","","","33","","10","","24.1","","99.25","","","","","","NA"
"-79.63","43.68","TORONTO INTL A","6158731","2025-09-27 03:00","2025","09","27","03:00","","15.9","","14.3","","90","","","","31","","8","","24.1","","99.26","","","","","","NA"
"-79.63","43.68","TORONTO INTL A","6158731","2025-09-27 04:00","2025","09","27","04:00","","16.2","","14.7","","91","","","","33","","5","","24.1","","99.29","","","","","","Mostly Cloudy"
"-79.63","43.68","TORONTO INTL A","6158731","2025-09-27 05:00","2025","09","27","05:00","","15.9","","14.3","","90","","","","35","","4","","24.1","","99.29","","","","","","NA"
"-79.63","43.68","TORONTO INTL A","6158731","2025-09-27 06:00","2025","09","27","06:00","","16.4","","14.8","","90","","","","33","","3","","24.1","","99.33","","","","","","NA"
"-79.63","43.68","TORONTO INTL A","6158731","2025-09-27 07:00","2025","09","27","07:00","","16.0","","14.9","","93","","","","26","","4","","24.1","","99.39","","","","","","Mostly Cloudy"
"-79.63","43.68","TORONTO INTL A","6158731","2025-09-27 08:00","2025","09","27","08:00","","17.8","","15.3","","85","","","","30","","3","","19.3","","99.38","","","","","","NA"
"-79.63","43.68","TORONTO INTL A","6158731","2025-09-27 09:00","2025","09","27","09:00","","19.4","","15.7","","79","","","","18","","7","","19.3","","99.36","","","","","","NA"
"-79.63","43.68","TORONTO INTL A","6158731","2025-09-27 10:00","2025","09","27","10:00","","21.6","","15.5","","68","","","","21","","18","","24.1","","99.36","","26","","","","Mostly Cloudy"
"-79.63","43.68","TORONTO INTL A","6158731","2025-09-27 11:00","2025","09","27","11:00","","23.1","","15.8","","63","","","","22","","13","","24.1","","99.30","","28","","","","NA"
"-79.63","43.68","TORONTO INTL A","6158731","2025-09-27 12:00","2025","09","27","12:00","","23.6","","15.7","","61","","","","19","","9","","24.1","","99.26","","28","","","","NA"
"-79.63","43.68","TORONTO INTL A","6158731","2025-09-27 13:00","2025","09","27","13:00","","25.4","","16.4","","57","","","","22","","14","","24.1","","99.21","","30","","","","Mainly Clear"
"-79.63","43.68","TORONTO INTL A","6158731","2025-09-27 14:00","2025","09","27","14:00","","24.6","","16.5","","60","","","","15","","21","","24.1","","99.14","","30","","","","NA"
"-79.63","43.68","TORONTO INTL A","6158731","2025-09-27 15:00","2025","09","27","15:00","","24.8","","16.1","","58","","","","17","","18","","24.1","","99.11","","29","","","","NA"
"-79.63","43.68","TORONTO INTL A","6158731","2025-09-27 16:00","2025","09","27","16:00","","24.7","","15.7","","57","","","","18","","20","","24.1","","99.11","","29","","","","Mostly Cloudy"
"-79.63","43.68","TORONTO INTL A","6158731","2025-09-27 17:00","2025","09","27","17:00","","23.9","","15.3","","58","","","","18","","18","","24.1","","99.11","","28","","","","NA"
"-79.63","43.68","TORONTO INTL A","6158731","2025-09-27 18:00","2025","09","27","18:00","","22.8","","14.7","","60","","","","19","","13","","24.1","","99.13","","27","","","","NA"
"-79.63","43.68","TORONTO INTL A","6158731","2025-09-27 19:00","2025","09","27","19:00","","22.3","","14.8","","62","","","","19","","10","","24.1","","99.17","","26","","","","Mainly Clear"
"-79.63","43.68","TORONTO INTL A","6158731","2025-09-27 20:00","2025","09","27","20:00","","21.4","","15.5","","69","","","","22","","17","","24.1","","99.22","","26","","","","NA"
"-79.63","43.68","TORONTO INTL A","6158731","2025-09-27 21:00","2025","09","27","21:00","","20.6","","14.6","","68","","","","23","","13","","24.1","","99.23","","","","","","NA"
"-79.63","43.68","TORONTO INTL A","6158731","2025-09-27 22:00","2025","09","27","22:00","","19.2","","14.2","","73","","","","25","","16","","24.1","","99.24","","","","","","Clear"
"-79.63","43.68","TORONTO INTL A","6158731","2025-09-27 23:00","2025","09","27","23:00","","18.6","","13.9","","74","","","","24","","10","","24.1","","99.24","","","","","","NA"
"-79.63","43.68","TORONTO INTL A","6158731","2025-09-28 00:00","2025","09","28","00:00","","18.1","","13.9","","76","","","","25","","13","","24.1","","99.24","","","","","","NA"
"-79.63","43.68","TORONTO INTL A","6158731","2025-09-28 01:00","2025","09","28","01:00","","18.0","","13.9","","76","","","","26","","15","","24.1","","99.25","","","","","","Clear"
"-79.63","43.68","TORONTO INTL A","6158731","2025-09-28 02:00","2025","09","28","02:00","","17.7","","14.0","","79","","","","26","","16","","24.1","","99.28","","","","","","NA"
"-79.63","43.68","TORONTO INTL A","6158731","2025-09-28 03:00","2025","09","28","03:00","","16.7","","13.9","","83","","","","27","","10","","24.1","","99.29","","","","","","NA"
"-79.63","43.68","TORONTO INTL A","6158731","2025-09-28 04:00","2025","09","28","04:00","","17.6","","14.1","","80","","","","30","","14","","24.1","","99.36","","","","","","Clear"
"-79.63","43.68","TORONTO INTL A","6158731","2025-09-28 05:00","2025","09","28","05:00","","17.7","","14.5","","81","","","","31","","17","","24.1","","99.44","","","","","","NA"
"-79.63","43.68","TORONTO INTL A","6158731","2025-09-28 06:00","2025","09","28","06:00","","17.5","","14.4","","82","","","","31","","16","","24.1","","99.52","","","","","","NA"
"-79.63","43.68","TORONTO INTL A","6158731","2025-09-28 07:00","2025","09","28","07:00","","17.3","","13.9","","80","","","","31","","15","","24.1","","99.63","","","","","","Mainly Clear"
"-79.63","43.68","TORONTO INTL A","6158731","2025-09-28 08:00","2025","09","28","08:00","","18.7","","11.7","","63","","","","33","","20","","24.1","","99.72","","","","","","NA"
"-79.63","43.68","TORONTO INTL A","6158731","2025-09-28 09:00","2025","09","28","09:00","","19.4","","11.1","","58","","","","34","","23","","24.1","","99.83","","","","","","NA"
"-79.63","43.68","TORONTO INTL A","6158731","2025-09-28 10:00","2025","09","28","10:00","","20.8","","10.0","","50","","","","34","","21","","24.1","","99.90","","","","","","Clear"
"-79.63","43.68","TORONTO INTL A","6158731","2025-09-28 11:00","2025","09","28","11:00","","21.9","","10.6","","48","","","","2","","21","","24.1","","99.96","","","","","","NA"
"-79.63","43.68","TORONTO INTL A","6158731","2025-09-28 12:00","2025","09","28","12:00","","22.7","","10.1","","44","","","","35","","16","","24.1","","100.00","","","","","","NA"
"-79.63","43.68","TORONTO INTL A","6158731","2025-09-28 13:00","2025","09","28","13:00","","23.1","","9.3","","41","","","","32","","16","","24.1","","100.01","","","","","","Clear"
"-79.63","43.68","TORONTO INTL A","6158731","2025-09-28 14:00","2025","09","28","14:00","","23.8","","9.1","","39","","","","3","","17","","24.1","","100.02","","25","","","","NA"
"-79.63","43.68","TORONTO INTL A","6158731","2025-09-28 15:00","2025","09","28","15:00","","23.9","","6.7","","32","","","","35","","13","","24.1","","100.04","","","","","","NA"
"-79.63","43.68","TORONTO INTL A","6158731","2025-09-28 16:00","2025","09","28","16:00","","23.8","","7.1","","34","","","","2","","17","","24.1","","100.03","","","","","","Clear"
"-79.63","43.68","TORONTO INTL A","6158731","2025-09-28 17:00","2025","09","28","17:00","","22.3","","7.1","","37","","","","2","","16","","24.1","","100.06","","","","","","NA"
"-79.63","43.68","TORONTO INTL A","6158731","2025-09-28 18:00","2025","09","28","18:00","","20.6","","5.7","","37","","","","2","","15","","24.1","","100.08","","","","","","NA"
"-79.63","43.68","TORONTO INTL A","6158731","2025-09-28 19:00","2025","09","28","19:00","","20.3","","5.6","","38","","","","1","","14","","24.1","","100.12","","","","","","Clear"
"-79.63","43.68","TORONTO INTL A","6158731","2025-09-28 20:00","2025","09","28","20:00","","19.2","","5.5","","40","","","","36","","12","","24.1","","100.17","","","","","","NA"
"-79.63","43.68","TORONTO INTL A","6158731","2025-09-28 21:00","2025","09","28","21:00","","17.7","","6.5","","47","","","","31","","13","","24.1","","100.20","","","","","","NA"
"-79.63","43.68","TORONTO INTL A","6158731","2025-09-28 22:00","2025","09","28","22:00","","16.1","","8.1","","59","","","","32","","14","","24.1","","100.23","","","","","","Clear"
"-79.63","43.68","TORONTO INTL A","6158731","2025-09-28 23:00","2025","09","28","23:00","","15.7","","8.2","","61","","","","30","","7","","24.1","","100.25","","","","","","NA"
"-79.63","43.68","TORONTO INTL A","6158731","2025-09-29 00:00","2025","09","29","00:00","","14.4","","7.8","","64","","","","28","","8","","24.1","","100.28","","","","","","NA"
"-79.63","43.68","TORONTO INTL A","6158731","2025-09-29 01:00","2025","09","29","01:00","","14.9","","8.3","","64","","","","32","","9","","24.1","","100.31","","","","","","Clear"
"-79.63","43.68","TORONTO INTL A","6158731","2025-09-29 02:00","2025","09","29","02:00","","13.7","","8.9","","73","","","","35","","5","","24.1","","100.34","","","","","","NA"
"-79.63","43.68","TORONTO INTL A","6158731","2025-09-29 03:00","2025","09","29","03:00","","13.9","","9.3","","74","","","","34","","10","","24.1","","100.31","","","","","","NA"
"-79.63","43.68","TORONTO INTL A","6158731","2025-09-29 04:00","2025","09","29","04:00","","12.0","","8.7","","80","","","","31","","10","","24.1","","100.31","","","","","","Clear"
"-79.63","43.68","TORONTO INTL A","6158731","2025-09-29 05:00","2025","09","29","05:00","","11.4","","7.7","","78","","","","28","","8","","24.1","","100.32","","","","","","NA"
"-79.63","43.68","TORONTO INTL A","6158731","2025-09-29 06:00","2025","09","29","06:00","","11.0","","7.0","","76","","","","27","","8","","24.1","","100.38","","","","","","NA"
"-79.63","43.68","TORONTO INTL A","6158731","2025-09-29 07:00","2025","09","29","07:00","","12.9","","7.5","","69","","","","33","","6","","24.1","","100.45","","","","","","Clear"
"-79.63","43.68","TORONTO INTL A","6158731","2025-09-29 08:00","2025","09","29","08:00","","16.8","","8.9","","59","","","","34","","8","","24.1","","100.42","","","","","","NA"
"-79.63","43.68","TORONTO INTL A","6158731","2025-09-29 09:00","2025","09","29","09:00","","19.1","","8.1","","48","","","","35","","5","","24.1","","100.42","","","","","","NA"
"-79.63","43.68","TORONTO INTL A","6158731","2025-09-29 10:00","2025","09","29","10:00","","21.0","","9.1","","46","","","","25","","4","","24.1","","100.45","","","","","","Clear"
"-79.63","43.68","TORONTO INTL A","6158731","2025-09-29 11:00","2025","09","29","11:00","","22.6","","9.1","","42","","","","10","","4","","24.1","","100.43","","","","","","NA"
"-79.63","43.68","TORONTO INTL A","6158731","2025-09-29 12:00","2025","09","29","12:00","","23.5","","7.2","","35","","","","22","","3","","24.1","","100.40","","","","","","NA"
"-79.63","43.68","TORONTO INTL A","6158731","2025-09-29 13:00","2025","09","29","13:00","","24.4","","8.2","","35","","","","13","","5","","24.1","","100.32","","25","","","","Clear"
"-79.63","43.68","TORONTO INTL A","6158731","2025-09-29 14:00","2025","09","29","14:00","","24.5","","4.8","","27","","","","","","0","","24.1","","100.27","","","","","","NA"
"-79.63","43.68","TORONTO INTL A","6158731","2025-09-29 15:00","2025","09","29","15:00","","24.8","","5.5","","28","","","","32","","8","","24.1","","100.21","","","","","","NA"
"-79.63","43.68","TORONTO INTL A","6158731","2025-09-29 16:00","2025","09","29","16:00","","25.3","","6.1","","29","","","","13","","8","","24.1","","100.17","","25","","","","Clear"
"-79.63","43.68","TORONTO INTL A","6158731","2025-09-29 17:00","2025","09","29","17:00","","22.6","","8.5","","40","","","","15","","11","","24.1","","100.16","","","","","","NA"
"-79.63","43.68","TORONTO INTL A","6158731","2025-09-29 18:00","2025","09","29","18:00","","21.4","","7.9","","41","","","","17","","8","","24.1","","100.17","","","","","","NA"
"-79.63","43.68","TORONTO INTL A","6158731","2025-09-29 19:00","2025","09","29","19:00","","20.4","","8.0","","44","","","","","","0","","24.1","","100.18","","","","","","Mainly Clear"
"-79.63","43.68","TORONTO INTL A","6158731","2025-09-29 20:00","2025","09","29","20:00","","19.9","","8.4","","47","","","","","","0","","24.1","","100.19","","","","","","NA"
"-79.63","43.68","TORONTO INTL A","6158731","2025-09-29 21:00","2025","09","29","21:00","","19.4","","8.3","","48","","","","27","","4","","24.1","","100.19","","","","","","NA"
"-79.63","43.68","TORONTO INTL A","6158731","2025-09-29 22:00","2025","09","29","22:00","","18.0","","9.9","","59","","","","34","","13","","24.1","","100.18","","","","","","Clear"
"-79.63","43.68","TORONTO INTL A","6158731","2025-09-29 23:00","2025","09","29","23:00","","16.9","","10.4","","65","","","","36","","7","","24.1","","100.17","","","","","","NA"
"-79.63","43.68","TORONTO INTL A","6158731","2025-09-30 00:00","2025","09","30","00:00","","16.0","","10.5","","70","","","","35","","9","","24.1","","100.18","","","","","","NA"
"-79.63","43.68","TORONTO INTL A","6158731","2025-09-30 01:00","2025","09","30","01:00","","15.7","","10.6","","72","","","","34","","9","","24.1","","100.19","","","","","","Clear"
"-79.63","43.68","TORONTO INTL A","6158731","2025-09-30 02:00","2025","09","30","02:00","","14.9","","10.6","","75","","","","36","","10","","24.1","","100.18","","","","","","NA"
"-79.63","43.68","TORONTO INTL A","6158731","2025-09-30 03:00","2025","09","30","03:00","","14.6","","10.0","","74","","","","33","","9","","24.1","","100.17","","","","","","NA"
"-79.63","43.68","TORONTO INTL A","6158731","2025-09-30 04:00","2025","09","30","04:00","","14.1","","9.9","","76","","","","32","","10","","24.1","","100.17","","","","","","Clear"
"-79.63","43.68","TORONTO INTL A","6158731","2025-09-30 05:00","2025","09","30","05:00","","13.5","","9.6","","77","","","","1","","11","","24.1","","100.24","","","","","","NA"
"-79.63","43.68","TORONTO INTL A","6158731","2025-09-30 06:00","2025","09","30","06:00","","13.7","","8.7","","72","","","","34","","12","","24.1","","100.27","","","","","","NA"
"-79.63","43.68","TORONTO INTL A","6158731","2025-09-30 07:00","2025","09","30","07:00","","13.8","","9.0","","73","","","","34","","12","","24.1","","100.30","","","","","","Clear"
"-79.63","43.68","TORONTO INTL A","6158731","2025-09-30 08:00","2025","09","30","08:00","","16.1","","10.4","","69","","","","1","","15","","24.1","","100.34","","","","","","NA"
"-79.63","43.68","TORONTO INTL A","6158731","2025-09-30 09:00","2025","09","30","09:00","","18.2","","10.8","","61","","","","3","","13","","24.1","","100.37","","","","","","NA"
"-79.63","43.68","TORONTO INTL A","6158731","2025-09-30 10:00","2025","09","30","10:00","","20.1","","10.2","","53","","","","7","","13","","24.1","","100.39","","","","","","Clear"
"-79.63","43.68","TORONTO INTL A","6158731","2025-09-30 11:00","2025","09","30","11:00","","21.1","","10.3","","50","","","","10","","15","","24.1","","100.40","","","","","","NA"
"-79.63","43.68","TORONTO INTL A","6158731","2025-09-30 12:00","2025","09","30","12:00","","21.8","","10.6","","49","","","","11","","13","","24.1","","100.39","","","","","","NA"
"-79.63","43.68","TORONTO INTL A","6158731","2025-09-30 13:00","2025","09","30","13:00","","21.8","","11.4","","51","","","","15","","9","","24.1","","100.33","","","","","","Clear"
"-79.63","43.68","TORONTO INTL A","6158731","2025-09-30 14:00","2025","09","30","14:00","","21.8","","11.5","","51","","","","16","","15","","24.1","","100.27","","","","","","NA"
"-79.63","43.68","TORONTO INTL A","6158731","2025-09-30 15:00","2025","09","30","15:00","","21.0","","13.3","","61","","","","14","","14","","24.1","","100.25","","","","","","NA"
"-79.63","43.68","TORONTO INTL A","6158731","2025-09-30 16:00","2025","09","30","16:00","","21.3","","13.0","","59","","","","15","","14","","24.1","","100.23","","","","","","Clear"
"-79.63","43.68","TORONTO INTL A","6158731","2025-09-30 17:00","2025","09","30","17:00","","20.0","","12.2","","60","","","","14","","9","","24.1","","100.26","","","","","","NA"
"-79.63","43.68","TORONTO INTL A","6158731","2025-09-30 18:00","2025","09","30","18:00","","19.3","","12.2","","63","","","","16","","6","","24.1","","100.28","","","","","","NA"
"-79.63","43.68","TORONTO INTL A","6158731","2025-09-30 19:00","2025","09","30","19:00","","18.5","","11.2","","62","","","","5","","5","","24.1","","100.31","","","","","","Clear"
"-79.63","43.68","TORONTO INTL A","6158731","2025-09-30 20:00","2025","09","30","20:00","","17.8","","10.6","","62","","","","6","","7","","24.1","","100.34","","","","","","NA"
"-79.63","43.68","TORONTO INTL A","6158731","2025-09-30 21:00","2025","09","30","21:00","","17.4","","10.3","","63","","","","6","","7","","24.1","","100.35","","","","","","NA"
"-79.63","43.68","TORONTO INTL A","6158731","2025-09-30 22:00","2025","09","30","22:00","","16.3","","9.1","","62","","","","6","","16","","24.1","","100.39","","","","","","Clear"
"-79.63","43.68","TORONTO INTL A","6158731","2025-09-30 23:00","2025","09","30","23:00","","15.8","","3.2","","43","","","","6","","18","","24.1","","100.42","","","","","","NA"
