"Longitude (x)","Latitude (y)","Station Name","Climate ID","Date/Time (LST)","Year","Month","Day","Time (LST)","Flag","Temp (°C)","Temp Flag","Dew Point Temp (°C)","Dew Point Temp Flag","Rel Hum (%)","Rel Hum Flag","Precip. Amount (mm)","Precip. Amount Flag","Wind Dir (10s deg)","Wind Dir Flag","Wind Spd (km/h)","Wind Spd Flag","Visibility (km)","Visibility Flag","Stn Press (kPa)","Stn Press Flag","Hmdx","Hmdx Flag","Wind Chill","Wind Chill Flag","Weather"
"-79.63","43.68","TORONTO INTL A","6158731","2023-09-01 00:00","2023","09","01","00:00","","16.4","","10.2","","66","","","","35","","9","","24.1","","100.30","","","","","","NA"
"-79.63","43.68","TORONTO INTL A","6158731","2023-09-01 01:00","2023","09","01","01:00","","15.6","","10.4","","71","","","","33","","9","","24.1","","100.32","","","","","","Clear"
"-79.63","43.68","TORONTO INTL A","6158731","2023-09-01 02:00","2023","09","01","02:00","","14.1","","10.3","","78","","","","32","","8","","24.1","","100.34","","","","","","NA"
"-79.63","43.68","TORONTO INTL A","6158731","2023-09-01 03:00","2023","09","01","03:00","","14.6","","10.5","","76","","","","31","","4","","24.1","","100.34","","","","","","NA"
"-79.63","43.68","TORONTO INTL A","6158731","2023-09-01 04:00","2023","09","01","04:00","","12.5","","10.1","","85","","","","1","","9","","24.1","","100.36","","","","","","Clear"
"-79.63","43.68","TORONTO INTL A","6158731","2023-09-01 05:00","2023","09","01","05:00","","12.7","","9.8","","83","","","","32","","3","","24.1","","100.38","","","","","","NA"
"-79.63","43.68","TORONTO INTL A","6158731","2023-09-01 06:00","2023","09","01","06:00","","12.5","","9.4","","81","","","","32","","10","","24.1","","100.44","","","","","","NA"
"-79.63","43.68","TORONTO INTL A","6158731","2023-09-01 07:00","2023","09","01","07:00","","14.4","","10.0","","74","","","","36","","3","","24.1","","100.48","","","","","","Clear"
"-79.63","43.68","TORONTO INTL A","6158731","2023-09-01 08:00","2023","09","01","08:00","","17.3","","10.4","","64","","","","35","","4","","24.1","","100.52","","","","","","NA"
"-79.63","43.68","TORONTO INTL A","6158731","2023-09-01 09:00","2023","09","01","09:00","","18.8","","10.8","","59","","","","","","0","","24.1","","100.56","","","","","","NA"
"-79.63","43.68","TORONTO INTL A","6158731","2023-09-01 10:00","2023","09","01","10:00","","20.7","","12.1","","57","","","","16","","8","","24.1","","100.55","","","","","","Clear"
"-79.63","43.68","TORONTO INTL A","6158731","2023-09-01 11:00","2023","09","01","11:00","","22.2","","12.8","","55","","","","22","","8","","24.1","","100.53","","25","","","","NA"
"-79.63","43.68","TORONTO INTL A","6158731","2023-09-01 12:00","2023","09","01","12:00","","22.4","","13.6","","57","","","","15","","10","","24.1","","100.47","","26","","","","NA"
"-79.63","43.68","TORONTO INTL A","6158731","2023-09-01 13:00","2023","09","01","13:00","","23.0","","14.2","","57","","","","12","","16","","24.1","","100.43","","26","","","","Mainly Clear"
"-79.63","43.68","TORONTO INTL A","6158731","2023-09-01 14:00","2023","09","01","14:00","","22.8","","14.6","","59","","","","12","","14","","24.1","","100.39","","27","","","","NA"
"-79.63","43.68","TORONTO INTL A","6158731","2023-09-01 15:00","2023","09","01","15:00","","23.1","","13.8","","55","","","","14","","19","","24.1","","100.33","","26","","","","NA"
"-79.63","43.68","TORONTO INTL A","6158731","2023-09-01 16:00","2023","09","01","16:00","","23.1","","13.9","","55","","","","16","","16","","24.1","","100.27","","26","","","","Clear"
"-79.63","43.68","TORONTO INTL A","6158731","2023-09-01 17:00","2023","09","01","17:00","","22.9","","13.6","","55","","","","16","","15","","24.1","","100.21","","26","","","","NA"
"-79.63","43.68","TORONTO INTL A","6158731","2023-09-01 18:00","2023","09","01","18:00","","22.0","","13.6","","59","","","","17","","16","","24.1","","100.19","","25","","","","NA"
"-79.63","43.68","TORONTO INTL A","6158731","2023-09-01 19:00","2023","09","01","19:00","","20.8","","13.5","","63","","","","18","","10","","24.1","","100.15","","","","","","Mainly Clear"
"-79.63","43.68","TORONTO INTL A","6158731","2023-09-01 20:00","2023","09","01","20:00","","20.2","","12.8","","62","","","","17","","10","","24.1","","100.13","","","","","","NA"
"-79.63","43.68","TORONTO INTL A","6158731","2023-09-01 21:00","2023","09","01","21:00","","19.3","","13.2","","68","","","","17","","7","","24.1","","100.11","","","","","","NA"
"-79.63","43.68","TORONTO INTL A","6158731","2023-09-01 22:00","2023","09","01","22:00","","18.4","","15.3","","82","","","","17","","8","","24.1","","100.10","","","","","","Clear"
"-79.63","43.68","TORONTO INTL A","6158731","2023-09-01 23:00","2023","09","01","23:00","","18.3","","15.0","","81","","","","18","","9","","24.1","","100.10","","","","","","NA"
"-79.63","43.68","TORONTO INTL A","6158731","2023-09-02 00:00","2023","09","02","00:00","","17.6","","14.0","","79","","","","16","","6","","24.1","","100.09","","","","","","NA"
"-79.63","43.68","TORONTO INTL A","6158731","2023-09-02 01:00","2023","09","02","01:00","","17.5","","13.7","","78","","","","17","","8","","24.1","","100.03","","","","","","Mainly Clear"
"-79.63","43.68","TORONTO INTL A","6158731","2023-09-02 02:00","2023","09","02","02:00","","16.9","","13.0","","78","","","","20","","4","","24.1","","99.94","","","","","","NA"
"-79.63","43.68","TORONTO INTL A","6158731","2023-09-02 03:00","2023","09","02","03:00","","15.7","","11.6","","77","","","","22","","10","","24.1","","99.91","","","","","","NA"
"-79.63","43.68","TORONTO INTL A","6158731","2023-09-02 04:00","2023","09","02","04:00","","15.8","","11.7","","77","","","","28","","4","","24.1","","99.90","","","","","","Mainly Clear"
"-79.63","43.68","TORONTO INTL A","6158731","2023-09-02 05:00","2023","09","02","05:00","","14.1","","11.7","","85","","","","26","","5","","24.1","","99.90","","","","","","NA"
"-79.63","43.68","TORONTO INTL A","6158731","2023-09-02 06:00","2023","09","02","06:00","","15.4","","12.9","","85","","","","23","","11","","24.1","","99.87","","","","","","NA"
"-79.63","43.68","TORONTO INTL A","6158731","2023-09-02 07:00","2023","09","02","07:00","","16.6","","14.2","","85","","","","27","","5","","24.1","","99.93","","","","","","Mostly Cloudy"
"-79.63","43.68","TORONTO INTL A","6158731","2023-09-02 08:00","2023","09","02","08:00","","18.6","","14.7","","78","","","","21","","11","","24.1","","99.84","","","","","","NA"
"-79.63","43.68","TORONTO INTL A","6158731","2023-09-02 09:00","2023","09","02","09:00","","21.6","","16.4","","72","","","","18","","9","","24.1","","99.75","","26","","","","NA"
"-79.63","43.68","TORONTO INTL A","6158731","2023-09-02 10:00","2023","09","02","10:00","","24.1","","15.4","","58","","","","25","","22","","24.1","","99.71","","28","","","","Mostly Cloudy"
"-79.63","43.68","TORONTO INTL A","6158731","2023-09-02 11:00","2023","09","02","11:00","","25.4","","15.5","","54","","","","25","","35","","24.1","","99.75","","30","","","","NA"
"-79.63","43.68","TORONTO INTL A","6158731","2023-09-02 12:00","2023","09","02","12:00","","25.5","","15.9","","55","","","","27","","29","","24.1","","99.73","","30","","","","NA"
"-79.63","43.68","TORONTO INTL A","6158731","2023-09-02 13:00","2023","09","02","13:00","","24.8","","16.0","","58","","","","23","","19","","24.1","","99.57","","29","","","","Cloudy"
"-79.63","43.68","TORONTO INTL A","6158731","2023-09-02 14:00","2023","09","02","14:00","","23.4","","16.1","","63","","","","21","","21","","24.1","","99.56","","28","","","","NA"
"-79.63","43.68","TORONTO INTL A","6158731","2023-09-02 15:00","2023","09","02","15:00","","22.0","","17.4","","75","","","","21","","15","","24.1","","99.48","","28","","","","Rain"
"-79.63","43.68","TORONTO INTL A","6158731","2023-09-02 16:00","2023","09","02","16:00","","23.0","","17.2","","69","","","","21","","12","","24.1","","99.40","","28","","","","Mostly Cloudy"
"-79.63","43.68","TORONTO INTL A","6158731","2023-09-02 17:00","2023","09","02","17:00","","23.9","","18.6","","72","","","","24","","20","","24.1","","99.44","","30","","","","NA"
"-79.63","43.68","TORONTO INTL A","6158731","2023-09-02 18:00","2023","09","02","18:00","","23.4","","18.2","","72","","","","26","","17","","24.1","","99.42","","30","","","","NA"
"-79.63","43.68","TORONTO INTL A","6158731","2023-09-02 19:00","2023","09","02","19:00","","22.3","","17.5","","74","","","","24","","17","","24.1","","99.43","","28","","","","Mainly Clear"
"-79.63","43.68","TORONTO INTL A","6158731","2023-09-02 20:00","2023","09","02","20:00","","21.9","","17.5","","76","","","","21","","12","","24.1","","99.41","","28","","","","NA"
"-79.63","43.68","TORONTO INTL A","6158731","2023-09-02 21:00","2023","09","02","21:00","","21.2","","17.5","","79","","","","19","","8","","24.1","","99.46","","27","","","","NA"
"-79.63","43.68","TORONTO INTL A","6158731","2023-09-02 22:00","2023","09","02","22:00","","20.4","","17.6","","84","","","","21","","10","","24.1","","99.42","","26","","","","Mainly Clear"
"-79.63","43.68","TORONTO INTL A","6158731","2023-09-02 23:00","2023","09","02","23:00","","19.9","","17.6","","86","","","","23","","14","","24.1","","99.38","","","","","","NA"
"-79.63","43.68","TORONTO INTL A","6158731","2023-09-03 00:00","2023","09","03","00:00","","20.1","","17.3","","84","","","","26","","17","","24.1","","99.34","","26","","","","NA"
"-79.63","43.68","TORONTO INTL A","6158731","2023-09-03 01:00","2023","09","03","01:00","","20.3","","16.9","","81","","","","28","","7","","24.1","","99.33","","26","","","","Clear"
"-79.63","43.68","TORONTO INTL A","6158731","2023-09-03 02:00","2023","09","03","02:00","","19.4","","17.1","","86","","","","26","","22","","24.1","","99.31","","","","","","NA"
"-79.63","43.68","TORONTO INTL A","6158731","2023-09-03 03:00","2023","09","03","03:00","","19.0","","16.8","","87","","","","24","","12","","24.1","","99.32","","","","","","NA"
"-79.63","43.68","TORONTO INTL A","6158731","2023-09-03 04:00","2023","09","03","04:00","","18.0","","16.2","","89","","","","25","","9","","24.1","","99.32","","","","","","Clear"
"-79.63","43.68","TORONTO INTL A","6158731","2023-09-03 05:00","2023","09","03","05:00","","17.7","","16.6","","93","","","","24","","8","","24.1","","99.35","","","","","","NA"
"-79.63","43.68","TORONTO INTL A","6158731","2023-09-03 06:00","2023","09","03","06:00","","18.2","","16.7","","90","","","","21","","7","","24.1","","99.38","","","","","","NA"
"-79.63","43.68","TORONTO INTL A","6158731","2023-09-03 07:00","2023","09","03","07:00","","20.1","","17.2","","83","","","","22","","11","","24.1","","99.36","","26","","","","Clear"
"-79.63","43.68","TORONTO INTL A","6158731","2023-09-03 08:00","2023","09","03","08:00","","21.6","","17.5","","77","","","","23","","13","","24.1","","99.35","","27","","","","NA"
"-79.63","43.68","TORONTO INTL A","6158731","2023-09-03 09:00","2023","09","03","09:00","","23.6","","17.7","","69","","","","25","","10","","24.1","","99.35","","29","","","","NA"
"-79.63","43.68","TORONTO INTL A","6158731","2023-09-03 10:00","2023","09","03","10:00","","26.1","","18.0","","60","","","","24","","13","","24.1","","99.31","","32","","","","Clear"
"-79.63","43.68","TORONTO INTL A","6158731","2023-09-03 11:00","2023","09","03","11:00","","27.6","","18.6","","57","","","","27","","12","","24.1","","99.28","","34","","","","NA"
"-79.63","43.68","TORONTO INTL A","6158731","2023-09-03 12:00","2023","09","03","12:00","","29.2","","18.6","","52","","","","20","","17","","24.1","","99.21","","36","","","","NA"
"-79.63","43.68","TORONTO INTL A","6158731","2023-09-03 13:00","2023","09","03","13:00","","30.8","","18.0","","46","","","","22","","24","","24.1","","99.18","","37","","","","Clear"
"-79.63","43.68","TORONTO INTL A","6158731","2023-09-03 14:00","2023","09","03","14:00","","31.1","","19.1","","48","","","","25","","20","","24.1","","99.12","","38","","","","NA"
"-79.63","43.68","TORONTO INTL A","6158731","2023-09-03 15:00","2023","09","03","15:00","","29.2","","19.0","","53","","","","24","","26","","24.1","","99.08","","36","","","","NA"
"-79.63","43.68","TORONTO INTL A","6158731","2023-09-03 16:00","2023","09","03","16:00","","29.1","","19.6","","56","","","","27","","21","","24.1","","99.05","","36","","","","Mostly Cloudy"
"-79.63","43.68","TORONTO INTL A","6158731","2023-09-03 17:00","2023","09","03","17:00","","28.1","","20.1","","61","","","","24","","19","","24.1","","99.03","","36","","","","NA"
"-79.63","43.68","TORONTO INTL A","6158731","2023-09-03 18:00","2023","09","03","18:00","","27.0","","20.9","","69","","","","24","","17","","24.1","","99.08","","35","","","","NA"
"-79.63","43.68","TORONTO INTL A","6158731","2023-09-03 19:00","2023","09","03","19:00","","26.4","","20.3","","69","","","","22","","15","","24.1","","99.06","","34","","","","Mostly Cloudy"
"-79.63","43.68","TORONTO INTL A","6158731","2023-09-03 20:00","2023","09","03","20:00","","25.5","","20.3","","72","","","","21","","13","","24.1","","99.09","","33","","","","NA"
"-79.63","43.68","TORONTO INTL A","6158731","2023-09-03 21:00","2023","09","03","21:00","","25.4","","20.9","","76","","","","18","","10","","24.1","","99.08","","34","","","","NA"
"-79.63","43.68","TORONTO INTL A","6158731","2023-09-03 22:00","2023","09","03","22:00","","24.8","","20.8","","78","","","","22","","12","","24.1","","99.08","","33","","","","Mostly Cloudy"
"-79.63","43.68","TORONTO INTL A","6158731","2023-09-03 23:00","2023","09","03","23:00","","24.1","","20.5","","80","","","","22","","9","","24.1","","99.07","","32","","","","NA"
"-79.63","43.68","TORONTO INTL A","6158731","2023-09-04 00:00","2023","09","04","00:00","","23.7","","20.8","","83","","","","22","","10","","24.1","","99.06","","32","","","","NA"
"-79.63","43.68","TORONTO INTL A","6158731","2023-09-04 01:00","2023","09","04","01:00","","23.1","","20.1","","83","","","","24","","16","","24.1","","99.03","","31","","","","Mostly Cloudy"
"-79.63","43.68","TORONTO INTL A","6158731","2023-09-04 02:00","2023","09","04","02:00","","22.9","","18.9","","78","","","","25","","15","","24.1","","99.01","","30","","","","NA"
"-79.63","43.68","TORONTO INTL A","6158731","2023-09-04 03:00","2023","09","04","03:00","","22.3","","18.4","","78","","","","25","","11","","24.1","","99.04","","29","","","","NA"
"-79.63","43.68","TORONTO INTL A","6158731","2023-09-04 04:00","2023","09","04","04:00","","21.7","","18.2","","80","","","","25","","8","","24.1","","99.07","","28","","","","Mostly Cloudy"
"-79.63","43.68","TORONTO INTL A","6158731","2023-09-04 05:00","2023","09","04","05:00","","21.2","","18.3","","83","","","","25","","11","","24.1","","99.12","","27","","","","NA"
"-79.63","43.68","TORONTO INTL A","6158731","2023-09-04 06:00","2023","09","04","06:00","","20.5","","18.3","","87","","","","26","","7","","24.1","","99.17","","27","","","","NA"
"-79.63","43.68","TORONTO INTL A","6158731","2023-09-04 07:00","2023","09","04","07:00","","22.5","","18.8","","79","","","","29","","12","","24.1","","99.22","","29","","","","Mainly Clear"
"-79.63","43.68","TORONTO INTL A","6158731","2023-09-04 08:00","2023","09","04","08:00","","24.2","","18.2","","69","","","","28","","14","","24.1","","99.21","","30","","","","NA"
"-79.63","43.68","TORONTO INTL A","6158731","2023-09-04 09:00","2023","09","04","09:00","","26.4","","19.1","","63","","","","28","","13","","24.1","","99.20","","33","","","","NA"
"-79.63","43.68","TORONTO INTL A","6158731","2023-09-04 10:00","2023","09","04","10:00","","28.1","","19.9","","60","","","","28","","9","","24.1","","99.21","","36","","","","Clear"
"-79.63","43.68","TORONTO INTL A","6158731","2023-09-04 11:00","2023","09","04","11:00","","29.6","","19.2","","53","","","","30","","9","","24.1","","99.21","","37","","","","NA"
"-79.63","43.68","TORONTO INTL A","6158731","2023-09-04 12:00","2023","09","04","12:00","","30.5","","20.3","","54","","","","29","","10","","24.1","","99.16","","38","","","","NA"
"-79.63","43.68","TORONTO INTL A","6158731","2023-09-04 13:00","2023","09","04","13:00","","32.1","","20.1","","48","","","","24","","19","","24.1","","99.16","","40","","","","Clear"
"-79.63","43.68","TORONTO INTL A","6158731","2023-09-04 14:00","2023","09","04","14:00","","33.0","","20.4","","47","","","","27","","15","","24.1","","99.13","","41","","","","NA"
"-79.63","43.68","TORONTO INTL A","6158731","2023-09-04 15:00","2023","09","04","15:00","","33.9","","20.5","","45","","","","25","","19","","24.1","","99.09","","42","","","","NA"
"-79.63","43.68","TORONTO INTL A","6158731","2023-09-04 16:00","2023","09","04","16:00","","33.2","","19.5","","44","","","","26","","26","","24.1","","99.09","","40","","","","Clear"
"-79.63","43.68","TORONTO INTL A","6158731","2023-09-04 17:00","2023","09","04","17:00","","31.7","","19.4","","47","","","","28","","28","","24.1","","99.13","","39","","","","NA"
"-79.63","43.68","TORONTO INTL A","6158731","2023-09-04 18:00","2023","09","04","18:00","","30.4","","18.9","","50","","","","28","","26","","24.1","","99.16","","37","","","","NA"
"-79.63","43.68","TORONTO INTL A","6158731","2023-09-04 19:00","2023","09","04","19:00","","28.1","","19.6","","59","","","","28","","18","","24.1","","99.20","","35","","","","Clear"
"-79.63","43.68","TORONTO INTL A","6158731","2023-09-04 20:00","2023","09","04","20:00","","26.6","","19.6","","65","","","","27","","9","","24.1","","99.28","","34","","","","NA"
"-79.63","43.68","TORONTO INTL A","6158731","2023-09-04 21:00","2023","09","04","21:00","","26.4","","19.6","","66","","","","29","","13","","24.1","","99.31","","34","","","","NA"
"-79.63","43.68","TORONTO INTL A","6158731","2023-09-04 22:00","2023","09","04","22:00","","25.1","","19.4","","70","","","","29","","9","","24.1","","99.36","","32","","","","Clear"
"-79.63","43.68","TORONTO INTL A","6158731","2023-09-04 23:00","2023","09","04","23:00","","24.2","","19.2","","73","","","","24","","7","","24.1","","99.39","","31","","","","NA"
"-79.63","43.68","TORONTO INTL A","6158731","2023-09-05 00:00","2023","09","05","00:00","","22.2","","19.0","","82","","","","25","","11","","24.1","","99.39","","29","","","","NA"
"-79.63","43.68","TORONTO INTL A","6158731","2023-09-05 01:00","2023","09","05","01:00","","22.0","","18.8","","82","","","","27","","7","","24.1","","99.38","","29","","","","Clear"
"-79.63","43.68","TORONTO INTL A","6158731","2023-09-05 02:00","2023","09","05","02:00","","20.8","","18.9","","89","","","","28","","9","","24.1","","99.39","","27","","","","NA"
"-79.63","43.68","TORONTO INTL A","6158731","2023-09-05 03:00","2023","09","05","03:00","","20.9","","20.1","","95","","","","28","","10","","24.1","","99.43","","29","","","","NA"
"-79.63","43.68","TORONTO INTL A","6158731","2023-09-05 04:00","2023","09","05","04:00","","21.4","","20.4","","94","","","","36","","3","","24.1","","99.44","","29","","","","Clear"
"-79.63","43.68","TORONTO INTL A","6158731","2023-09-05 05:00","2023","09","05","05:00","","21.2","","20.5","","96","","","","28","","5","","24.1","","99.46","","29","","","","NA"
"-79.63","43.68","TORONTO INTL A","6158731","2023-09-05 06:00","2023","09","05","06:00","","21.4","","20.8","","96","","","","29","","4","","24.1","","99.50","","30","","","","NA"
"-79.63","43.68","TORONTO INTL A","6158731","2023-09-05 07:00","2023","09","05","07:00","","23.2","","21.6","","91","","","","24","","3","","24.1","","99.54","","32","","","","Clear"
"-79.63","43.68","TORONTO INTL A","6158731","2023-09-05 08:00","2023","09","05","08:00","","26.0","","20.6","","72","","","","","","0","","24.1","","99.53","","34","","","","NA"
"-79.63","43.68","TORONTO INTL A","6158731","2023-09-05 09:00","2023","09","05","09:00","","28.6","","20.0","","59","","","","30","","6","","24.1","","99.56","","36","","","","NA"
"-79.63","43.68","TORONTO INTL A","6158731","2023-09-05 10:00","2023","09","05","10:00","","30.6","","20.7","","55","","","","26","","8","","24.1","","99.54","","39","","","","Clear"
"-79.63","43.68","TORONTO INTL A","6158731","2023-09-05 11:00","2023","09","05","11:00","","30.6","","20.2","","53","","","","23","","13","","24.1","","99.53","","38","","","","NA"
"-79.63","43.68","TORONTO INTL A","6158731","2023-09-05 12:00","2023","09","05","12:00","","29.3","","21.3","","61","","","","14","","15","","24.1","","99.51","","38","","","","NA"
"-79.63","43.68","TORONTO INTL A","6158731","2023-09-05 13:00","2023","09","05","13:00","","30.2","","22.0","","61","","","","13","","12","","24.1","","99.46","","40","","","","Mostly Cloudy"
"-79.63","43.68","TORONTO INTL A","6158731","2023-09-05 14:00","2023","09","05","14:00","","31.9","","22.1","","55","","","","15","","13","","24.1","","99.40","","41","","","","NA"
"-79.63","43.68","TORONTO INTL A","6158731","2023-09-05 15:00","2023","09","05","15:00","","32.2","","21.9","","54","","","","20","","16","","24.1","","99.35","","41","","","","NA"
"-79.63","43.68","TORONTO INTL A","6158731","2023-09-05 16:00","2023","09","05","16:00","","31.0","","22.0","","58","","","","15","","16","","24.1","","99.32","","40","","","","Mostly Cloudy"
"-79.63","43.68","TORONTO INTL A","6158731","2023-09-05 17:00","2023","09","05","17:00","","30.1","","22.8","","64","","","","17","","18","","24.1","","99.29","","40","","","","NA"
"-79.63","43.68","TORONTO INTL A","6158731","2023-09-05 18:00","2023","09","05","18:00","","29.7","","22.4","","64","","","","17","","13","","24.1","","99.30","","39","","","","NA"
"-79.63","43.68","TORONTO INTL A","6158731","2023-09-05 19:00","2023","09","05","19:00","","29.2","","22.6","","67","","","","22","","18","","24.1","","99.32","","39","","","","Mainly Clear"
"-79.63","43.68","TORONTO INTL A","6158731","2023-09-05 20:00","2023","09","05","20:00","","28.1","","21.9","","69","","","","21","","14","","24.1","","99.34","","37","","","","NA"
"-79.63","43.68","TORONTO INTL A","6158731","2023-09-05 21:00","2023","09","05","21:00","","26.6","","20.8","","70","","","","24","","14","","24.1","","99.34","","35","","","","NA"
"-79.63","43.68","TORONTO INTL A","6158731","2023-09-05 22:00","2023","09","05","22:00","","25.6","","20.4","","73","","","","25","","17","","24.1","","99.33","","34","","","","Clear"
"-79.63","43.68","TORONTO INTL A","6158731","2023-09-05 23:00","2023","09","05","23:00","","24.5","","20.4","","78","","","","24","","13","","24.1","","99.32","","32","","","","NA"
"-79.63","43.68","TORONTO INTL A","6158731","2023-09-06 00:00","2023","09","06","00:00","","24.2","","20.5","","79","","","","23","","9","","24.1","","99.31","","32","","","","NA"
"-79.63","43.68","TORONTO INTL A","6158731","2023-09-06 01:00","2023","09","06","01:00","","23.9","","20.5","","81","","","","23","","5","","24.1","","99.28","","32","","","","Clear"
"-79.63","43.68","TORONTO INTL A","6158731","2023-09-06 02:00","2023","09","06","02:00","","23.0","","20.6","","86","","","","24","","8","","24.1","","99.26","","31","","","","NA"
"-79.63","43.68","TORONTO INTL A","6158731","2023-09-06 03:00","2023","09","06","03:00","","22.8","","20.2","","85","","","","27","","7","","24.1","","99.24","","31","","","","NA"
"-79.63","43.68","TORONTO INTL A","6158731","2023-09-06 04:00","2023","09","06","04:00","","22.3","","20.2","","88","","","","26","","4","","24.1","","99.22","","30","","","","Clear"
"-79.63","43.68","TORONTO INTL A","6158731","2023-09-06 05:00","2023","09","06","05:00","","22.8","","20.2","","85","","","","26","","3","","24.1","","99.21","","31","","","","NA"
"-79.63","43.68","TORONTO INTL A","6158731","2023-09-06 06:00","2023","09","06","06:00","","22.6","","20.6","","88","","","","12","","6","","24.1","","99.20","","31","","","","NA"
"-79.63","43.68","TORONTO INTL A","6158731","2023-09-06 07:00","2023","09","06","07:00","","23.7","","20.7","","83","","","","13","","4","","24.1","","99.22","","32","","","","Clear"
"-79.63","43.68","TORONTO INTL A","6158731","2023-09-06 08:00","2023","09","06","08:00","","25.2","","21.1","","78","","","","15","","9","","24.1","","99.17","","34","","","","NA"
"-79.63","43.68","TORONTO INTL A","6158731","2023-09-06 09:00","2023","09","06","09:00","","26.1","","21.3","","74","","","","14","","8","","24.1","","99.16","","35","","","","NA"
"-79.63","43.68","TORONTO INTL A","6158731","2023-09-06 10:00","2023","09","06","10:00","","28.1","","22.1","","69","","","","15","","12","","24.1","","99.14","","38","","","","Clear"
"-79.63","43.68","TORONTO INTL A","6158731","2023-09-06 11:00","2023","09","06","11:00","","30.2","","22.7","","64","","","","14","","10","","24.1","","99.10","","40","","","","NA"
"-79.63","43.68","TORONTO INTL A","6158731","2023-09-06 12:00","2023","09","06","12:00","","29.5","","22.2","","64","","","","14","","18","","24.1","","99.02","","39","","","","NA"
"-79.63","43.68","TORONTO INTL A","6158731","2023-09-06 13:00","2023","09","06","13:00","","30.8","","22.5","","61","","","","16","","19","","24.1","","98.94","","41","","","","Mainly Clear"
"-79.63","43.68","TORONTO INTL A","6158731","2023-09-06 14:00","2023","09","06","14:00","","29.9","","21.5","","60","","","","18","","17","","24.1","","98.84","","39","","","","NA"
"-79.63","43.68","TORONTO INTL A","6158731","2023-09-06 15:00","2023","09","06","15:00","","31.6","","20.2","","50","","","","21","","28","","24.1","","98.74","","39","","","","NA"
"-79.63","43.68","TORONTO INTL A","6158731","2023-09-06 16:00","2023","09","06","16:00","","31.2","","20.5","","52","","","","23","","31","","24.1","","98.77","","39","","","","Mainly Clear"
"-79.63","43.68","TORONTO INTL A","6158731","2023-09-06 17:00","2023","09","06","17:00","","29.1","","20.0","","57","","","","22","","27","","24.1","","98.73","","37","","","","NA"
"-79.63","43.68","TORONTO INTL A","6158731","2023-09-06 18:00","2023","09","06","18:00","","27.6","","21.0","","67","","","","23","","25","","24.1","","98.69","","36","","","","NA"
"-79.63","43.68","TORONTO INTL A","6158731","2023-09-06 19:00","2023","09","06","19:00","","25.7","","20.1","","71","","","","25","","23","","24.1","","98.72","","33","","","","Mostly Cloudy"
"-79.63","43.68","TORONTO INTL A","6158731","2023-09-06 20:00","2023","09","06","20:00","","25.0","","20.2","","74","","","","23","","12","","24.1","","98.76","","33","","","","NA"
"-79.63","43.68","TORONTO INTL A","6158731","2023-09-06 21:00","2023","09","06","21:00","","24.8","","20.4","","76","","","","23","","17","","24.1","","98.73","","33","","","","NA"
"-79.63","43.68","TORONTO INTL A","6158731","2023-09-06 22:00","2023","09","06","22:00","","23.8","","20.8","","83","","","","24","","15","","24.1","","98.69","","32","","","","Mostly Cloudy"
"-79.63","43.68","TORONTO INTL A","6158731","2023-09-06 23:00","2023","09","06","23:00","","22.8","","21.1","","90","","","","24","","14","","24.1","","98.68","","31","","","","NA"
"-79.63","43.68","TORONTO INTL A","6158731","2023-09-07 00:00","2023","09","07","00:00","","23.1","","21.3","","89","","","","20","","11","","24.1","","98.66","","32","","","","NA"
"-79.63","43.68","TORONTO INTL A","6158731","2023-09-07 01:00","2023","09","07","01:00","","22.6","","21.4","","93","","","","20","","7","","24.1","","98.71","","31","","","","Mostly Cloudy"
"-79.63","43.68","TORONTO INTL A","6158731","2023-09-07 02:00","2023","09","07","02:00","","21.9","","21.6","","98","","","","23","","9","","24.1","","98.68","","31","","","","NA"
"-79.63","43.68","TORONTO INTL A","6158731","2023-09-07 03:00","2023","09","07","03:00","","22.1","","21.5","","96","","","","23","","9","","24.1","","98.64","","31","","","","NA"
"-79.63","43.68","TORONTO INTL A","6158731","2023-09-07 04:00","2023","09","07","04:00","","21.8","","21.8","","100","","","","20","","11","","16.1","","98.68","","31","","","","Thunderstorms,Rain Showers"
"-79.63","43.68","TORONTO INTL A","6158731","2023-09-07 05:00","2023","09","07","05:00","","21.7","","21.7","","100","","","","18","","9","","19.3","","98.69","","31","","","","NA"
"-79.63","43.68","TORONTO INTL A","6158731","2023-09-07 06:00","2023","09","07","06:00","","21.4","","21.2","","99","","","","18","","4","","24.1","","98.71","","30","","","","NA"
"-79.63","43.68","TORONTO INTL A","6158731","2023-09-07 07:00","2023","09","07","07:00","","22.2","","21.6","","96","","","","14","","4","","24.1","","98.72","","31","","","","Mostly Cloudy"
"-79.63","43.68","TORONTO INTL A","6158731","2023-09-07 08:00","2023","09","07","08:00","","22.9","","21.4","","91","","","","14","","4","","24.1","","98.74","","32","","","","NA"
"-79.63","43.68","TORONTO INTL A","6158731","2023-09-07 09:00","2023","09","07","09:00","","22.9","","20.5","","86","","","","18","","10","","24.1","","98.77","","31","","","","NA"
"-79.63","43.68","TORONTO INTL A","6158731","2023-09-07 10:00","2023","09","07","10:00","","23.4","","20.4","","83","","","","21","","11","","24.1","","98.78","","31","","","","Mostly Cloudy"
"-79.63","43.68","TORONTO INTL A","6158731","2023-09-07 11:00","2023","09","07","11:00","","25.3","","20.5","","74","","","","20","","15","","24.1","","98.75","","33","","","","NA"
"-79.63","43.68","TORONTO INTL A","6158731","2023-09-07 12:00","2023","09","07","12:00","","27.3","","20.4","","66","","","","22","","13","","24.1","","98.73","","35","","","","NA"
"-79.63","43.68","TORONTO INTL A","6158731","2023-09-07 13:00","2023","09","07","13:00","","27.9","","20.5","","63","","","","24","","17","","24.1","","98.67","","36","","","","Mostly Cloudy"
"-79.63","43.68","TORONTO INTL A","6158731","2023-09-07 14:00","2023","09","07","14:00","","22.4","","19.8","","85","","","","14","","5","","24.1","","98.70","","30","","","","NA"
"-79.63","43.68","TORONTO INTL A","6158731","2023-09-07 15:00","2023","09","07","15:00","","26.3","","20.6","","70","","","","","","0","","24.1","","98.63","","34","","","","NA"
"-79.63","43.68","TORONTO INTL A","6158731","2023-09-07 16:00","2023","09","07","16:00","","27.1","","19.0","","61","","","","26","","10","","24.1","","98.61","","34","","","","Mostly Cloudy"
"-79.63","43.68","TORONTO INTL A","6158731","2023-09-07 17:00","2023","09","07","17:00","","26.2","","19.7","","67","","","","9","","3","","24.1","","98.65","","34","","","","NA"
"-79.63","43.68","TORONTO INTL A","6158731","2023-09-07 18:00","2023","09","07","18:00","","23.7","","19.9","","79","","","","34","","29","","24.1","","98.69","","31","","","","NA"
"-79.63","43.68","TORONTO INTL A","6158731","2023-09-07 19:00","2023","09","07","19:00","","20.5","","17.4","","82","","","","35","","24","","24.1","","98.78","","26","","","","Mostly Cloudy"
"-79.63","43.68","TORONTO INTL A","6158731","2023-09-07 20:00","2023","09","07","20:00","","18.8","","16.5","","86","","","","34","","27","","24.1","","98.89","","","","","","NA"
"-79.63","43.68","TORONTO INTL A","6158731","2023-09-07 21:00","2023","09","07","21:00","","18.1","","15.6","","85","","","","34","","31","","24.1","","98.94","","","","","","NA"
"-79.63","43.68","TORONTO INTL A","6158731","2023-09-07 22:00","2023","09","07","22:00","","18.0","","15.1","","83","","","","34","","20","","24.1","","98.98","","","","","","Mostly Cloudy"
"-79.63","43.68","TORONTO INTL A","6158731","2023-09-07 23:00","2023","09","07","23:00","","17.6","","14.6","","82","","","","33","","28","","24.1","","99.01","","","","","","NA"
"-79.63","43.68","TORONTO INTL A","6158731","2023-09-08 00:00","2023","09","08","00:00","","17.3","","14.9","","86","","","","34","","30","","24.1","","99.03","","","","","","NA"
"-79.63","43.68","TORONTO INTL A","6158731","2023-09-08 01:00","2023","09","08","01:00","","17.2","","14.3","","83","","","","34","","24","","24.1","","99.06","","","","","","Mostly Cloudy"
"-79.63","43.68","TORONTO INTL A","6158731","2023-09-08 02:00","2023","09","08","02:00","","16.6","","13.9","","84","","","","33","","27","","24.1","","99.07","","","","","","NA"
"-79.63","43.68","TORONTO INTL A","6158731","2023-09-08 03:00","2023","09","08","03:00","","16.1","","13.1","","82","","","","33","","30","","24.1","","99.12","","","","","","NA"
"-79.63","43.68","TORONTO INTL A","6158731","2023-09-08 04:00","2023","09","08","04:00","","15.7","","12.8","","83","","","","33","","26","","24.1","","99.16","","","","","","Mostly Cloudy"
"-79.63","43.68","TORONTO INTL A","6158731","2023-09-08 05:00","2023","09","08","05:00","","15.0","","12.6","","86","","","","33","","26","","24.1","","99.21","","","","","","NA"
"-79.63","43.68","TORONTO INTL A","6158731","2023-09-08 06:00","2023","09","08","06:00","","14.8","","12.6","","86","","","","33","","19","","24.1","","99.28","","","","","","NA"
"-79.63","43.68","TORONTO INTL A","6158731","2023-09-08 07:00","2023","09","08","07:00","","15.0","","12.2","","83","","","","33","","22","","24.1","","99.38","","","","","","Mostly Cloudy"
"-79.63","43.68","TORONTO INTL A","6158731","2023-09-08 08:00","2023","09","08","08:00","","15.5","","11.9","","79","","","","35","","19","","24.1","","99.44","","","","","","NA"
"-79.63","43.68","TORONTO INTL A","6158731","2023-09-08 09:00","2023","09","08","09:00","","16.5","","11.9","","74","","","","32","","23","","24.1","","99.51","","","","","","NA"
"-79.63","43.68","TORONTO INTL A","6158731","2023-09-08 10:00","2023","09","08","10:00","","17.2","","11.7","","70","","","","33","","19","","24.1","","99.52","","","","","","Mostly Cloudy"
"-79.63","43.68","TORONTO INTL A","6158731","2023-09-08 11:00","2023","09","08","11:00","","19.1","","12.5","","65","","","","34","","17","","24.1","","99.54","","","","","","NA"
"-79.63","43.68","TORONTO INTL A","6158731","2023-09-08 12:00","2023","09","08","12:00","","19.4","","12.3","","63","","","","32","","19","","24.1","","99.54","","","","","","NA"
"-79.63","43.68","TORONTO INTL A","6158731","2023-09-08 13:00","2023","09","08","13:00","","19.0","","12.3","","65","","","","31","","8","","24.1","","99.56","","","","","","Mostly Cloudy"
"-79.63","43.68","TORONTO INTL A","6158731","2023-09-08 14:00","2023","09","08","14:00","","19.6","","12.8","","65","","","","33","","13","","24.1","","99.57","","","","","","NA"
"-79.63","43.68","TORONTO INTL A","6158731","2023-09-08 15:00","2023","09","08","15:00","","19.7","","12.8","","64","","","","32","","17","","24.1","","99.57","","","","","","NA"
"-79.63","43.68","TORONTO INTL A","6158731","2023-09-08 16:00","2023","09","08","16:00","","19.3","","12.8","","66","","","","35","","18","","24.1","","99.56","","","","","","Mostly Cloudy"
"-79.63","43.68","TORONTO INTL A","6158731","2023-09-08 17:00","2023","09","08","17:00","","18.7","","12.9","","69","","","","34","","25","","24.1","","99.58","","","","","","NA"
"-79.63","43.68","TORONTO INTL A","6158731","2023-09-08 18:00","2023","09","08","18:00","","17.7","","12.7","","72","","","","35","","25","","24.1","","99.63","","","","","","NA"
"-79.63","43.68","TORONTO INTL A","6158731","2023-09-08 19:00","2023","09","08","19:00","","16.5","","12.1","","75","","","","36","","26","","24.1","","99.68","","","","","","Cloudy"
"-79.63","43.68","TORONTO INTL A","6158731","2023-09-08 20:00","2023","09","08","20:00","","15.9","","12.1","","78","","","","36","","22","","24.1","","99.78","","","","","","NA"
"-79.63","43.68","TORONTO INTL A","6158731","2023-09-08 21:00","2023","09","08","21:00","","15.9","","11.6","","75","","","","35","","19","","24.1","","99.86","","","","","","NA"
"-79.63","43.68","TORONTO INTL A","6158731","2023-09-08 22:00","2023","09","08","22:00","","15.9","","11.7","","76","","","","34","","23","","24.1","","99.88","","","","","","Cloudy"
"-79.63","43.68","TORONTO INTL A","6158731","2023-09-08 23:00","2023","09","08","23:00","","15.8","","11.7","","77","","","","34","","22","","24.1","","99.90","","","","","","NA"
"-79.63","43.68","TORONTO INTL A","6158731","2023-09-09 00:00","2023","09","09","00:00","","15.6","","11.5","","77","","","","35","","21","","24.1","","99.88","","","","","","NA"
"-79.63","43.68","TORONTO INTL A","6158731","2023-09-09 01:00","2023","09","09","01:00","","15.5","","11.8","","78","","","","36","","13","","24.1","","99.90","","","","","","Cloudy"
"-79.63","43.68","TORONTO INTL A","6158731","2023-09-09 02:00","2023","09","09","02:00","","15.7","","11.8","","77","","","","34","","10","","24.1","","99.91","","","","","","NA"
"-79.63","43.68","TORONTO INTL A","6158731","2023-09-09 03:00","2023","09","09","03:00","","15.7","","12.0","","78","","","","36","","10","","24.1","","99.90","","","","","","NA"
"-79.63","43.68","TORONTO INTL A","6158731","2023-09-09 04:00","2023","09","09","04:00","","15.8","","12.1","","78","","","","36","","14","","24.1","","99.93","","","","","","Cloudy"
"-79.63","43.68","TORONTO INTL A","6158731","2023-09-09 05:00","2023","09","09","05:00","","15.7","","12.3","","80","","","","36","","15","","24.1","","99.96","","","","","","NA"
"-79.63","43.68","TORONTO INTL A","6158731","2023-09-09 06:00","2023","09","09","06:00","","15.7","","12.5","","81","","","","1","","11","","24.1","","99.99","","","","","","NA"
"-79.63","43.68","TORONTO INTL A","6158731","2023-09-09 07:00","2023","09","09","07:00","","16.1","","12.6","","80","","","","1","","17","","24.1","","100.01","","","","","","Cloudy"
"-79.63","43.68","TORONTO INTL A","6158731","2023-09-09 08:00","2023","09","09","08:00","","16.8","","12.5","","75","","","","1","","14","","24.1","","100.05","","","","","","NA"
"-79.63","43.68","TORONTO INTL A","6158731","2023-09-09 09:00","2023","09","09","09:00","","17.4","","12.5","","73","","","","5","","10","","24.1","","100.07","","","","","","NA"
"-79.63","43.68","TORONTO INTL A","6158731","2023-09-09 10:00","2023","09","09","10:00","","18.4","","13.1","","71","","","","14","","9","","24.1","","100.07","","","","","","Mostly Cloudy"
"-79.63","43.68","TORONTO INTL A","6158731","2023-09-09 11:00","2023","09","09","11:00","","19.3","","13.4","","68","","","","9","","9","","24.1","","100.07","","","","","","NA"
"-79.63","43.68","TORONTO INTL A","6158731","2023-09-09 12:00","2023","09","09","12:00","","19.1","","13.7","","70","","","","14","","13","","24.1","","100.07","","","","","","NA"
"-79.63","43.68","TORONTO INTL A","6158731","2023-09-09 13:00","2023","09","09","13:00","","19.4","","14.2","","72","","","","13","","11","","24.1","","100.04","","","","","","Cloudy"
"-79.63","43.68","TORONTO INTL A","6158731","2023-09-09 14:00","2023","09","09","14:00","","19.4","","14.1","","71","","","","7","","8","","24.1","","100.01","","","","","","NA"
"-79.63","43.68","TORONTO INTL A","6158731","2023-09-09 15:00","2023","09","09","15:00","","20.0","","14.2","","69","","","","7","","6","","24.1","","99.96","","","","","","NA"
"-79.63","43.68","TORONTO INTL A","6158731","2023-09-09 16:00","2023","09","09","16:00","","19.6","","14.9","","74","","","","15","","8","","24.1","","99.96","","","","","","Cloudy"
"-79.63","43.68","TORONTO INTL A","6158731","2023-09-09 17:00","2023","09","09","17:00","","19.1","","14.9","","76","","","","17","","10","","24.1","","99.96","","","","","","NA"
"-79.63","43.68","TORONTO INTL A","6158731","2023-09-09 18:00","2023","09","09","18:00","","18.7","","14.9","","78","","","","15","","8","","24.1","","99.98","","","","","","NA"
"-79.63","43.68","TORONTO INTL A","6158731","2023-09-09 19:00","2023","09","09","19:00","","18.6","","15.0","","79","","","","36","","3","","24.1","","99.96","","","","","","Cloudy"
"-79.63","43.68","TORONTO INTL A","6158731","2023-09-09 20:00","2023","09","09","20:00","","18.8","","14.8","","77","","","","17","","5","","24.1","","99.99","","","","","","NA"
"-79.63","43.68","TORONTO INTL A","6158731","2023-09-09 21:00","2023","09","09","21:00","","18.7","","14.5","","76","","","","","","0","","24.1","","100.01","","","","","","NA"
"-79.63","43.68","TORONTO INTL A","6158731","2023-09-09 22:00","2023","09","09","22:00","","18.9","","14.8","","77","","","","9","","5","","24.1","","100.00","","","","","","Cloudy"
"-79.63","43.68","TORONTO INTL A","6158731","2023-09-09 23:00","2023","09","09","23:00","","19.0","","14.9","","77","","","","35","","9","","24.1","","99.98","","","","","","NA"
"-79.63","43.68","TORONTO INTL A","6158731","2023-09-10 00:00","2023","09","10","00:00","","18.3","","14.2","","77","","","","35","","12","","24.1","","99.95","","","","","","NA"
"-79.63","43.68","TORONTO INTL A","6158731","2023-09-10 01:00","2023","09","10","01:00","","17.8","","13.8","","77","","","","34","","15","","24.1","","99.92","","","","","","Cloudy"
"-79.63","43.68","TORONTO INTL A","6158731","2023-09-10 02:00","2023","09","10","02:00","","17.4","","13.9","","80","","","","34","","18","","24.1","","99.90","","","","","","NA"
"-79.63","43.68","TORONTO INTL A","6158731","2023-09-10 03:00","2023","09","10","03:00","","17.3","","14.3","","83","","","","35","","12","","24.1","","99.86","","","","","","NA"
"-79.63","43.68","TORONTO INTL A","6158731","2023-09-10 04:00","2023","09","10","04:00","","17.3","","14.6","","84","","","","36","","10","","24.1","","99.85","","","","","","Cloudy"
"-79.63","43.68","TORONTO INTL A","6158731","2023-09-10 05:00","2023","09","10","05:00","","17.4","","14.8","","85","","","","35","","10","","24.1","","99.87","","","","","","NA"
"-79.63","43.68","TORONTO INTL A","6158731","2023-09-10 06:00","2023","09","10","06:00","","17.5","","15.0","","85","","","","34","","12","","24.1","","99.91","","","","","","NA"
"-79.63","43.68","TORONTO INTL A","6158731","2023-09-10 07:00","2023","09","10","07:00","","17.4","","15.2","","86","","","","35","","15","","24.1","","99.94","","","","","","Mostly Cloudy"
"-79.63","43.68","TORONTO INTL A","6158731","2023-09-10 08:00","2023","09","10","08:00","","18.2","","15.6","","84","","","","2","","10","","24.1","","99.95","","","","","","NA"
"-79.63","43.68","TORONTO INTL A","6158731","2023-09-10 09:00","2023","09","10","09:00","","19.7","","15.7","","77","","","","4","","6","","24.1","","99.95","","","","","","NA"
"-79.63","43.68","TORONTO INTL A","6158731","2023-09-10 10:00","2023","09","10","10:00","","20.7","","15.5","","72","","","","5","","7","","24.1","","99.97","","25","","","","Mostly Cloudy"
"-79.63","43.68","TORONTO INTL A","6158731","2023-09-10 11:00","2023","09","10","11:00","","21.1","","14.9","","68","","","","8","","3","","24.1","","99.94","","25","","","","NA"
"-79.63","43.68","TORONTO INTL A","6158731","2023-09-10 12:00","2023","09","10","12:00","","21.7","","16.8","","73","","","","13","","11","","24.1","","99.91","","27","","","","NA"
"-79.63","43.68","TORONTO INTL A","6158731","2023-09-10 13:00","2023","09","10","13:00","","21.4","","16.7","","74","","","","17","","13","","24.1","","99.89","","26","","","","Mostly Cloudy"
"-79.63","43.68","TORONTO INTL A","6158731","2023-09-10 14:00","2023","09","10","14:00","","21.1","","15.9","","72","","","","18","","10","","24.1","","99.87","","26","","","","NA"
"-79.63","43.68","TORONTO INTL A","6158731","2023-09-10 15:00","2023","09","10","15:00","","21.0","","16.1","","73","","","","17","","8","","24.1","","99.82","","26","","","","NA"
"-79.63","43.68","TORONTO INTL A","6158731","2023-09-10 16:00","2023","09","10","16:00","","21.5","","16.3","","72","","","","10","","4","","24.1","","99.79","","26","","","","Mostly Cloudy"
"-79.63","43.68","TORONTO INTL A","6158731","2023-09-10 17:00","2023","09","10","17:00","","21.0","","16.4","","75","","","","15","","10","","24.1","","99.81","","26","","","","NA"
"-79.63","43.68","TORONTO INTL A","6158731","2023-09-10 18:00","2023","09","10","18:00","","20.3","","16.6","","79","","","","17","","7","","24.1","","99.84","","25","","","","NA"
"-79.63","43.68","TORONTO INTL A","6158731","2023-09-10 19:00","2023","09","10","19:00","","19.9","","15.7","","76","","","","33","","4","","24.1","","99.85","","","","","","Mostly Cloudy"
"-79.63","43.68","TORONTO INTL A","6158731","2023-09-10 20:00","2023","09","10","20:00","","19.6","","14.0","","70","","","","1","","13","","24.1","","99.89","","","","","","NA"
"-79.63","43.68","TORONTO INTL A","6158731","2023-09-10 21:00","2023","09","10","21:00","","18.6","","12.6","","68","","","","1","","16","","24.1","","99.86","","","","","","NA"
"-79.63","43.68","TORONTO INTL A","6158731","2023-09-10 22:00","2023","09","10","22:00","","18.6","","13.2","","70","","","","1","","14","","24.1","","99.89","","","","","","Mostly Cloudy"
"-79.63","43.68","TORONTO INTL A","6158731","2023-09-10 23:00","2023","09","10","23:00","","18.7","","14.1","","75","","","","35","","13","","24.1","","99.91","","","","","","NA"
"-79.63","43.68","TORONTO INTL A","6158731","2023-09-11 00:00","2023","09","11","00:00","","18.2","","14.4","","78","","","","1","","9","","24.1","","99.85","","","","","","NA"
"-79.63","43.68","TORONTO INTL A","6158731","2023-09-11 01:00","2023","09","11","01:00","","17.7","","14.4","","81","","","","35","","4","","24.1","","99.85","","","","","","Mainly Clear"
"-79.63","43.68","TORONTO INTL A","6158731","2023-09-11 02:00","2023","09","11","02:00","","17.5","","14.3","","81","","","","35","","12","","24.1","","99.87","","","","","","NA"
"-79.63","43.68","TORONTO INTL A","6158731","2023-09-11 03:00","2023","09","11","03:00","","17.2","","13.7","","79","","","","2","","10","","24.1","","99.83","","","","","","NA"
"-79.63","43.68","TORONTO INTL A","6158731","2023-09-11 04:00","2023","09","11","04:00","","15.7","","13.7","","88","","","","2","","10","","24.1","","99.79","","","","","","Mainly Clear"
"-79.63","43.68","TORONTO INTL A","6158731","2023-09-11 05:00","2023","09","11","05:00","","16.2","","14.0","","86","","","","34","","8","","24.1","","99.82","","","","","","NA"
"-79.63","43.68","TORONTO INTL A","6158731","2023-09-11 06:00","2023","09","11","06:00","","17.1","","14.2","","83","","","","35","","10","","24.1","","99.83","","","","","","NA"
"-79.63","43.68","TORONTO INTL A","6158731","2023-09-11 07:00","2023","09","11","07:00","","17.4","","14.9","","85","","","","36","","7","","24.1","","99.87","","","","","","Mostly Cloudy"
"-79.63","43.68","TORONTO INTL A","6158731","2023-09-11 08:00","2023","09","11","08:00","","18.6","","15.4","","81","","","","3","","5","","24.1","","99.88","","","","","","NA"
"-79.63","43.68","TORONTO INTL A","6158731","2023-09-11 09:00","2023","09","11","09:00","","19.8","","15.8","","78","","","","5","","3","","24.1","","99.89","","","","","","NA"
"-79.63","43.68","TORONTO INTL A","6158731","2023-09-11 10:00","2023","09","11","10:00","","22.2","","16.6","","70","","","","22","","7","","24.1","","99.87","","27","","","","Mostly Cloudy"
"-79.63","43.68","TORONTO INTL A","6158731","2023-09-11 11:00","2023","09","11","11:00","","23.0","","16.1","","65","","","","18","","4","","24.1","","99.87","","28","","","","NA"
"-79.63","43.68","TORONTO INTL A","6158731","2023-09-11 12:00","2023","09","11","12:00","","22.4","","16.1","","67","","","","16","","13","","24.1","","99.84","","27","","","","NA"
"-79.63","43.68","TORONTO INTL A","6158731","2023-09-11 13:00","2023","09","11","13:00","","22.2","","16.1","","68","","","","15","","15","","24.1","","99.83","","27","","","","Mostly Cloudy"
"-79.63","43.68","TORONTO INTL A","6158731","2023-09-11 14:00","2023","09","11","14:00","","22.3","","16.3","","68","","","","14","","14","","24.1","","99.79","","27","","","","NA"
"-79.63","43.68","TORONTO INTL A","6158731","2023-09-11 15:00","2023","09","11","15:00","","22.8","","15.8","","64","","","","16","","10","","24.1","","99.75","","27","","","","NA"
"-79.63","43.68","TORONTO INTL A","6158731","2023-09-11 16:00","2023","09","11","16:00","","22.1","","14.6","","62","","","","14","","13","","24.1","","99.75","","26","","","","Mostly Cloudy"
"-79.63","43.68","TORONTO INTL A","6158731","2023-09-11 17:00","2023","09","11","17:00","","21.8","","14.9","","65","","","","17","","8","","24.1","","99.72","","26","","","","NA"
"-79.63","43.68","TORONTO INTL A","6158731","2023-09-11 18:00","2023","09","11","18:00","","20.8","","15.8","","73","","","","14","","10","","24.1","","99.69","","25","","","","NA"
"-79.63","43.68","TORONTO INTL A","6158731","2023-09-11 19:00","2023","09","11","19:00","","20.6","","15.5","","72","","","","15","","10","","24.1","","99.71","","25","","","","Mostly Cloudy"
"-79.63","43.68","TORONTO INTL A","6158731","2023-09-11 20:00","2023","09","11","20:00","","20.1","","15.2","","73","","","","14","","7","","24.1","","99.70","","","","","","NA"
"-79.63","43.68","TORONTO INTL A","6158731","2023-09-11 21:00","2023","09","11","21:00","","20.2","","15.7","","75","","","","21","","5","","24.1","","99.67","","25","","","","NA"
"-79.63","43.68","TORONTO INTL A","6158731","2023-09-11 22:00","2023","09","11","22:00","","20.2","","16.0","","77","","","","12","","7","","24.1","","99.65","","25","","","","Mostly Cloudy"
"-79.63","43.68","TORONTO INTL A","6158731","2023-09-11 23:00","2023","09","11","23:00","","20.2","","16.1","","77","","","","14","","6","","24.1","","99.63","","25","","","","NA"
"-79.63","43.68","TORONTO INTL A","6158731","2023-09-12 00:00","2023","09","12","00:00","","20.1","","16.7","","81","","","","14","","8","","24.1","","99.54","","25","","","","NA"
"-79.63","43.68","TORONTO INTL A","6158731","2023-09-12 01:00","2023","09","12","01:00","","19.6","","17.1","","85","","","","15","","8","","24.1","","99.50","","","","","","Cloudy"
"-79.63","43.68","TORONTO INTL A","6158731","2023-09-12 02:00","2023","09","12","02:00","","19.5","","17.3","","87","","","","17","","5","","24.1","","99.44","","","","","","NA"
"-79.63","43.68","TORONTO INTL A","6158731","2023-09-12 03:00","2023","09","12","03:00","","19.3","","15.2","","77","","","","22","","8","","24.1","","99.39","","","","","","NA"
"-79.63","43.68","TORONTO INTL A","6158731","2023-09-12 04:00","2023","09","12","04:00","","18.9","","14.8","","76","","","","25","","3","","24.1","","99.36","","","","","","Cloudy"
"-79.63","43.68","TORONTO INTL A","6158731","2023-09-12 05:00","2023","09","12","05:00","","19.4","","14.6","","73","","","","20","","5","","24.1","","99.34","","","","","","Rain"
"-79.63","43.68","TORONTO INTL A","6158731","2023-09-12 06:00","2023","09","12","06:00","","18.4","","15.8","","84","","","","14","","4","","19.3","","99.37","","","","","","Rain"
"-79.63","43.68","TORONTO INTL A","6158731","2023-09-12 07:00","2023","09","12","07:00","","18.0","","17.3","","96","","","","13","","4","","16.1","","99.33","","","","","","Rain"
"-79.63","43.68","TORONTO INTL A","6158731","2023-09-12 08:00","2023","09","12","08:00","","18.3","","18.3","","100","","","","14","","9","","16.1","","99.28","","","","","","Rain"
"-79.63","43.68","TORONTO INTL A","6158731","2023-09-12 09:00","2023","09","12","09:00","","18.5","","18.5","","100","","","","15","","4","","19.3","","99.27","","","","","","Rain"
"-79.63","43.68","TORONTO INTL A","6158731","2023-09-12 10:00","2023","09","12","10:00","","19.9","","18.6","","92","","","","20","","9","","24.1","","99.23","","","","","","Cloudy"
"-79.63","43.68","TORONTO INTL A","6158731","2023-09-12 11:00","2023","09","12","11:00","","20.9","","17.9","","83","","","","21","","22","","24.1","","99.20","","27","","","","NA"
"-79.63","43.68","TORONTO INTL A","6158731","2023-09-12 12:00","2023","09","12","12:00","","21.6","","17.4","","77","","","","26","","23","","24.1","","99.16","","27","","","","NA"
"-79.63","43.68","TORONTO INTL A","6158731","2023-09-12 13:00","2023","09","12","13:00","","22.8","","16.9","","69","","","","24","","20","","24.1","","99.15","","28","","","","Mostly Cloudy"
"-79.63","43.68","TORONTO INTL A","6158731","2023-09-12 14:00","2023","09","12","14:00","","22.1","","16.2","","69","","","","28","","22","","24.1","","99.13","","27","","","","NA"
"-79.63","43.68","TORONTO INTL A","6158731","2023-09-12 15:00","2023","09","12","15:00","","22.2","","15.3","","64","","","","26","","23","","24.1","","99.14","","26","","","","NA"
"-79.63","43.68","TORONTO INTL A","6158731","2023-09-12 16:00","2023","09","12","16:00","","21.7","","15.5","","68","","","","24","","22","","24.1","","99.17","","26","","","","Mostly Cloudy"
"-79.63","43.68","TORONTO INTL A","6158731","2023-09-12 17:00","2023","09","12","17:00","","21.2","","14.9","","67","","","","26","","17","","24.1","","99.17","","25","","","","NA"
"-79.63","43.68","TORONTO INTL A","6158731","2023-09-12 18:00","2023","09","12","18:00","","20.9","","14.0","","64","","","","29","","23","","24.1","","99.21","","","","","","NA"
"-79.63","43.68","TORONTO INTL A","6158731","2023-09-12 19:00","2023","09","12","19:00","","19.1","","14.5","","74","","","","27","","12","","24.1","","99.22","","","","","","Mostly Cloudy"
"-79.63","43.68","TORONTO INTL A","6158731","2023-09-12 20:00","2023","09","12","20:00","","18.1","","14.9","","81","","","","28","","15","","24.1","","99.28","","","","","","NA"
"-79.63","43.68","TORONTO INTL A","6158731","2023-09-12 21:00","2023","09","12","21:00","","17.5","","13.2","","76","","","","31","","19","","24.1","","99.31","","","","","","NA"
"-79.63","43.68","TORONTO INTL A","6158731","2023-09-12 22:00","2023","09","12","22:00","","16.4","","13.1","","81","","","","31","","15","","24.1","","99.36","","","","","","Clear"
"-79.63","43.68","TORONTO INTL A","6158731","2023-09-12 23:00","2023","09","12","23:00","","16.0","","12.8","","81","","","","30","","20","","24.1","","99.37","","","","","","NA"
"-79.63","43.68","TORONTO INTL A","6158731","2023-09-13 00:00","2023","09","13","00:00","","14.8","","12.8","","87","","","","29","","12","","24.1","","99.36","","","","","","NA"
"-79.63","43.68","TORONTO INTL A","6158731","2023-09-13 01:00","2023","09","13","01:00","","13.9","","12.2","","90","","","","28","","13","","24.1","","99.38","","","","","","Mainly Clear"
"-79.63","43.68","TORONTO INTL A","6158731","2023-09-13 02:00","2023","09","13","02:00","","13.9","","11.8","","87","","","","28","","9","","24.1","","99.38","","","","","","NA"
"-79.63","43.68","TORONTO INTL A","6158731","2023-09-13 03:00","2023","09","13","03:00","","13.6","","11.5","","87","","","","28","","12","","24.1","","99.39","","","","","","NA"
"-79.63","43.68","TORONTO INTL A","6158731","2023-09-13 04:00","2023","09","13","04:00","","13.4","","11.4","","88","","","","29","","18","","24.1","","99.41","","","","","","Clear"
"-79.63","43.68","TORONTO INTL A","6158731","2023-09-13 05:00","2023","09","13","05:00","","12.5","","10.8","","90","","","","27","","13","","24.1","","99.42","","","","","","NA"
"-79.63","43.68","TORONTO INTL A","6158731","2023-09-13 06:00","2023","09","13","06:00","","13.4","","10.4","","82","","","","30","","14","","24.1","","99.45","","","","","","NA"
"-79.63","43.68","TORONTO INTL A","6158731","2023-09-13 07:00","2023","09","13","07:00","","14.1","","9.7","","75","","","","30","","19","","24.1","","99.50","","","","","","Mostly Cloudy"
"-79.63","43.68","TORONTO INTL A","6158731","2023-09-13 08:00","2023","09","13","08:00","","14.2","","10.0","","76","","","","32","","20","","24.1","","99.53","","","","","","NA"
"-79.63","43.68","TORONTO INTL A","6158731","2023-09-13 09:00","2023","09","13","09:00","","16.4","","9.6","","63","","","","30","","26","","24.1","","99.55","","","","","","NA"
"-79.63","43.68","TORONTO INTL A","6158731","2023-09-13 10:00","2023","09","13","10:00","","16.7","","9.7","","63","","","","30","","19","","24.1","","99.57","","","","","","Mostly Cloudy"
"-79.63","43.68","TORONTO INTL A","6158731","2023-09-13 11:00","2023","09","13","11:00","","17.0","","10.0","","63","","","","28","","20","","24.1","","99.59","","","","","","NA"
"-79.63","43.68","TORONTO INTL A","6158731","2023-09-13 12:00","2023","09","13","12:00","","17.4","","9.6","","60","","","","28","","20","","24.1","","99.55","","","","","","NA"
"-79.63","43.68","TORONTO INTL A","6158731","2023-09-13 13:00","2023","09","13","13:00","","17.2","","9.8","","62","","","","29","","27","","24.1","","99.53","","","","","","Mostly Cloudy"
"-79.63","43.68","TORONTO INTL A","6158731","2023-09-13 14:00","2023","09","13","14:00","","18.2","","10.0","","59","","","","31","","23","","24.1","","99.50","","","","","","NA"
"-79.63","43.68","TORONTO INTL A","6158731","2023-09-13 15:00","2023","09","13","15:00","","18.5","","9.4","","55","","","","28","","21","","24.1","","99.48","","","","","","NA"
"-79.63","43.68","TORONTO INTL A","6158731","2023-09-13 16:00","2023","09","13","16:00","","18.0","","9.1","","55","","","","30","","22","","24.1","","99.51","","","","","","Mostly Cloudy"
"-79.63","43.68","TORONTO INTL A","6158731","2023-09-13 17:00","2023","09","13","17:00","","17.4","","8.6","","56","","","","30","","24","","24.1","","99.55","","","","","","NA"
"-79.63","43.68","TORONTO INTL A","6158731","2023-09-13 18:00","2023","09","13","18:00","","16.7","","7.4","","54","","","","28","","25","","24.1","","99.57","","","","","","NA"
"-79.63","43.68","TORONTO INTL A","6158731","2023-09-13 19:00","2023","09","13","19:00","","15.7","","8.3","","61","","","","30","","14","","24.1","","99.60","","","","","","Mainly Clear"
"-79.63","43.68","TORONTO INTL A","6158731","2023-09-13 20:00","2023","09","13","20:00","","14.9","","7.6","","61","","","","31","","21","","24.1","","99.68","","","","","","NA"
"-79.63","43.68","TORONTO INTL A","6158731","2023-09-13 21:00","2023","09","13","21:00","","12.7","","7.9","","72","","","","28","","14","","24.1","","99.68","","","","","","NA"
"-79.63","43.68","TORONTO INTL A","6158731","2023-09-13 22:00","2023","09","13","22:00","","12.1","","8.0","","76","","","","28","","13","","24.1","","99.71","","","","","","Clear"
"-79.63","43.68","TORONTO INTL A","6158731","2023-09-13 23:00","2023","09","13","23:00","","11.3","","8.3","","82","","","","28","","13","","24.1","","99.74","","","","","","NA"
"-79.63","43.68","TORONTO INTL A","6158731","2023-09-14 00:00","2023","09","14","00:00","","10.8","","8.4","","85","","","","28","","12","","24.1","","99.75","","","","","","NA"
"-79.63","43.68","TORONTO INTL A","6158731","2023-09-14 01:00","2023","09","14","01:00","","10.8","","8.9","","88","","","","28","","11","","24.1","","99.75","","","","","","Mainly Clear"
"-79.63","43.68","TORONTO INTL A","6158731","2023-09-14 02:00","2023","09","14","02:00","","11.1","","9.1","","87","","","","29","","15","","24.1","","99.77","","","","","","NA"
"-79.63","43.68","TORONTO INTL A","6158731","2023-09-14 03:00","2023","09","14","03:00","","11.7","","9.2","","85","","","","31","","21","","24.1","","99.80","","","","","","NA"
"-79.63","43.68","TORONTO INTL A","6158731","2023-09-14 04:00","2023","09","14","04:00","","11.1","","9.1","","88","","","","30","","16","","24.1","","99.84","","","","","","Mainly Clear"
"-79.63","43.68","TORONTO INTL A","6158731","2023-09-14 05:00","2023","09","14","05:00","","9.9","","8.7","","92","","","","29","","13","","24.1","","99.90","","","","","","NA"
"-79.63","43.68","TORONTO INTL A","6158731","2023-09-14 06:00","2023","09","14","06:00","","10.7","","8.9","","88","","","","31","","14","","24.1","","99.98","","","","","","NA"
"-79.63","43.68","TORONTO INTL A","6158731","2023-09-14 07:00","2023","09","14","07:00","","12.0","","8.9","","81","","","","33","","20","","24.1","","100.06","","","","","","Mostly Cloudy"
"-79.63","43.68","TORONTO INTL A","6158731","2023-09-14 08:00","2023","09","14","08:00","","13.3","","8.4","","72","","","","32","","14","","24.1","","100.08","","","","","","NA"
"-79.63","43.68","TORONTO INTL A","6158731","2023-09-14 09:00","2023","09","14","09:00","","15.0","","8.0","","63","","","","36","","15","","24.1","","100.13","","","","","","NA"
"-79.63","43.68","TORONTO INTL A","6158731","2023-09-14 10:00","2023","09","14","10:00","","16.5","","8.9","","61","","","","32","","13","","24.1","","100.19","","","","","","Mostly Cloudy"
"-79.63","43.68","TORONTO INTL A","6158731","2023-09-14 11:00","2023","09","14","11:00","","16.9","","8.5","","57","","","","35","","17","","24.1","","100.20","","","","","","NA"
"-79.63","43.68","TORONTO INTL A","6158731","2023-09-14 12:00","2023","09","14","12:00","","18.8","","8.8","","52","","","","1","","16","","24.1","","100.18","","","","","","NA"
"-79.63","43.68","TORONTO INTL A","6158731","2023-09-14 13:00","2023","09","14","13:00","","17.8","","7.3","","50","","","","1","","8","","24.1","","100.13","","","","","","Mostly Cloudy"
"-79.63","43.68","TORONTO INTL A","6158731","2023-09-14 14:00","2023","09","14","14:00","","18.5","","7.8","","49","","","","27","","7","","24.1","","100.08","","","","","","NA"
"-79.63","43.68","TORONTO INTL A","6158731","2023-09-14 15:00","2023","09","14","15:00","","18.7","","8.0","","49","","","","","","0","","24.1","","100.06","","","","","","NA"
"-79.63","43.68","TORONTO INTL A","6158731","2023-09-14 16:00","2023","09","14","16:00","","19.9","","8.1","","46","","","","24","","10","","24.1","","100.05","","","","","","Mainly Clear"
"-79.63","43.68","TORONTO INTL A","6158731","2023-09-14 17:00","2023","09","14","17:00","","18.1","","6.6","","47","","","","28","","10","","24.1","","100.05","","","","","","NA"
"-79.63","43.68","TORONTO INTL A","6158731","2023-09-14 18:00","2023","09","14","18:00","","18.2","","6.2","","45","","","","35","","6","","24.1","","100.05","","","","","","NA"
"-79.63","43.68","TORONTO INTL A","6158731","2023-09-14 19:00","2023","09","14","19:00","","17.5","","8.7","","56","","","","2","","5","","24.1","","100.09","","","","","","Clear"
"-79.63","43.68","TORONTO INTL A","6158731","2023-09-14 20:00","2023","09","14","20:00","","15.0","","6.5","","56","","","","1","","13","","24.1","","100.13","","","","","","NA"
"-79.63","43.68","TORONTO INTL A","6158731","2023-09-14 21:00","2023","09","14","21:00","","15.1","","6.2","","55","","","","1","","16","","24.1","","100.15","","","","","","NA"
"-79.63","43.68","TORONTO INTL A","6158731","2023-09-14 22:00","2023","09","14","22:00","","13.9","","6.8","","62","","","","36","","13","","24.1","","100.18","","","","","","Clear"
"-79.63","43.68","TORONTO INTL A","6158731","2023-09-14 23:00","2023","09","14","23:00","","13.0","","7.4","","69","","","","36","","14","","24.1","","100.21","","","","","","NA"
"-79.63","43.68","TORONTO INTL A","6158731","2023-09-15 00:00","2023","09","15","00:00","","12.0","","7.5","","73","","","","33","","5","","24.1","","100.23","","","","","","NA"
"-79.63","43.68","TORONTO INTL A","6158731","2023-09-15 01:00","2023","09","15","01:00","","11.7","","7.6","","76","","","","2","","4","","24.1","","100.24","","","","","","Clear"
"-79.63","43.68","TORONTO INTL A","6158731","2023-09-15 02:00","2023","09","15","02:00","","10.6","","7.7","","82","","","","33","","9","","24.1","","100.24","","","","","","NA"
"-79.63","43.68","TORONTO INTL A","6158731","2023-09-15 03:00","2023","09","15","03:00","","10.3","","7.2","","81","","","","31","","5","","24.1","","100.26","","","","","","NA"
"-79.63","43.68","TORONTO INTL A","6158731","2023-09-15 04:00","2023","09","15","04:00","","9.8","","7.4","","85","","","","29","","5","","24.1","","100.24","","","","","","Clear"
"-79.63","43.68","TORONTO INTL A","6158731","2023-09-15 05:00","2023","09","15","05:00","","10.1","","7.0","","81","","","","34","","13","","24.1","","100.24","","","","","","NA"
"-79.63","43.68","TORONTO INTL A","6158731","2023-09-15 06:00","2023","09","15","06:00","","9.7","","7.1","","84","","","","34","","5","","24.1","","100.26","","","","","","NA"
"-79.63","43.68","TORONTO INTL A","6158731","2023-09-15 07:00","2023","09","15","07:00","","11.6","","8.0","","79","","","","35","","9","","24.1","","100.32","","","","","","Clear"
"-79.63","43.68","TORONTO INTL A","6158731","2023-09-15 08:00","2023","09","15","08:00","","13.8","","8.6","","70","","","","1","","7","","24.1","","100.33","","","","","","NA"
"-79.63","43.68","TORONTO INTL A","6158731","2023-09-15 09:00","2023","09","15","09:00","","16.0","","8.5","","61","","","","2","","8","","24.1","","100.31","","","","","","NA"
"-79.63","43.68","TORONTO INTL A","6158731","2023-09-15 10:00","2023","09","15","10:00","","17.3","","8.3","","55","","","","29","","7","","24.1","","100.29","","","","","","Clear"
"-79.63","43.68","TORONTO INTL A","6158731","2023-09-15 11:00","2023","09","15","11:00","","18.6","","8.3","","51","","","","32","","10","","24.1","","100.24","","","","","","NA"
"-79.63","43.68","TORONTO INTL A","6158731","2023-09-15 12:00","2023","09","15","12:00","","19.3","","7.7","","46","","","","33","","7","","24.1","","100.20","","","","","","NA"
"-79.63","43.68","TORONTO INTL A","6158731","2023-09-15 13:00","2023","09","15","13:00","","20.2","","10.1","","52","","","","17","","15","","24.1","","100.17","","","","","","Clear"
"-79.63","43.68","TORONTO INTL A","6158731","2023-09-15 14:00","2023","09","15","14:00","","19.9","","10.3","","54","","","","16","","13","","24.1","","100.10","","","","","","NA"
"-79.63","43.68","TORONTO INTL A","6158731","2023-09-15 15:00","2023","09","15","15:00","","20.2","","10.9","","55","","","","15","","12","","24.1","","100.06","","","","","","NA"
"-79.63","43.68","TORONTO INTL A","6158731","2023-09-15 16:00","2023","09","15","16:00","","19.1","","11.2","","60","","","","15","","12","","24.1","","100.02","","","","","","Clear"
"-79.63","43.68","TORONTO INTL A","6158731","2023-09-15 17:00","2023","09","15","17:00","","18.5","","10.3","","59","","","","15","","16","","24.1","","99.97","","","","","","NA"
"-79.63","43.68","TORONTO INTL A","6158731","2023-09-15 18:00","2023","09","15","18:00","","17.7","","10.3","","61","","","","15","","10","","24.1","","99.93","","","","","","NA"
"-79.63","43.68","TORONTO INTL A","6158731","2023-09-15 19:00","2023","09","15","19:00","","16.8","","10.2","","65","","","","14","","8","","24.1","","99.94","","","","","","Clear"
"-79.63","43.68","TORONTO INTL A","6158731","2023-09-15 20:00","2023","09","15","20:00","","16.8","","10.2","","65","","","","15","","5","","24.1","","99.98","","","","","","NA"
"-79.63","43.68","TORONTO INTL A","6158731","2023-09-15 21:00","2023","09","15","21:00","","16.1","","10.2","","67","","","","14","","5","","24.1","","99.96","","","","","","NA"
"-79.63","43.68","TORONTO INTL A","6158731","2023-09-15 22:00","2023","09","15","22:00","","15.3","","10.3","","72","","","","10","","4","","24.1","","99.92","","","","","","Clear"
"-79.63","43.68","TORONTO INTL A","6158731","2023-09-15 23:00","2023","09","15","23:00","","15.4","","10.3","","72","","","","5","","4","","24.1","","99.94","","","","","","NA"
"-79.63","43.68","TORONTO INTL A","6158731","2023-09-16 00:00","2023","09","16","00:00","","13.8","","9.7","","76","","","","30","","7","","24.1","","99.90","","","","","","NA"
"-79.63","43.68","TORONTO INTL A","6158731","2023-09-16 01:00","2023","09","16","01:00","","12.7","","9.7","","82","","","","30","","8","","24.1","","99.87","","","","","","Clear"
"-79.63","43.68","TORONTO INTL A","6158731","2023-09-16 02:00","2023","09","16","02:00","","12.5","","9.7","","83","","","","36","","5","","24.1","","99.84","","","","","","NA"
"-79.63","43.68","TORONTO INTL A","6158731","2023-09-16 03:00","2023","09","16","03:00","","11.3","","8.8","","85","","","","33","","9","","24.1","","99.81","","","","","","NA"
"-79.63","43.68","TORONTO INTL A","6158731","2023-09-16 04:00","2023","09","16","04:00","","10.8","","8.7","","87","","","","32","","8","","24.1","","99.82","","","","","","Clear"
"-79.63","43.68","TORONTO INTL A","6158731","2023-09-16 05:00","2023","09","16","05:00","","10.5","","8.3","","86","","","","34","","3","","24.1","","99.84","","","","","","NA"
"-79.63","43.68","TORONTO INTL A","6158731","2023-09-16 06:00","2023","09","16","06:00","","10.7","","8.3","","85","","","","32","","9","","24.1","","99.85","","","","","","NA"
"-79.63","43.68","TORONTO INTL A","6158731","2023-09-16 07:00","2023","09","16","07:00","","11.8","","8.9","","82","","","","30","","9","","24.1","","99.86","","","","","","Clear"
"-79.63","43.68","TORONTO INTL A","6158731","2023-09-16 08:00","2023","09","16","08:00","","15.3","","9.8","","69","","","","32","","9","","24.1","","99.84","","","","","","NA"
"-79.63","43.68","TORONTO INTL A","6158731","2023-09-16 09:00","2023","09","16","09:00","","17.6","","10.6","","63","","","","31","","6","","24.1","","99.81","","","","","","NA"
"-79.63","43.68","TORONTO INTL A","6158731","2023-09-16 10:00","2023","09","16","10:00","","20.3","","9.4","","49","","","","1","","9","","24.1","","99.78","","","","","","Mainly Clear"
"-79.63","43.68","TORONTO INTL A","6158731","2023-09-16 11:00","2023","09","16","11:00","","21.5","","8.4","","43","","","","32","","17","","24.1","","99.72","","","","","","NA"
"-79.63","43.68","TORONTO INTL A","6158731","2023-09-16 12:00","2023","09","16","12:00","","21.6","","8.3","","42","","","","30","","11","","24.1","","99.68","","","","","","NA"
"-79.63","43.68","TORONTO INTL A","6158731","2023-09-16 13:00","2023","09","16","13:00","","22.6","","9.5","","43","","","","30","","14","","24.1","","99.62","","","","","","Mostly Cloudy"
"-79.63","43.68","TORONTO INTL A","6158731","2023-09-16 14:00","2023","09","16","14:00","","22.3","","9.2","","43","","","","30","","16","","24.1","","99.55","","","","","","NA"
"-79.63","43.68","TORONTO INTL A","6158731","2023-09-16 15:00","2023","09","16","15:00","","22.3","","9.1","","43","","","","35","","14","","24.1","","99.49","","","","","","NA"
"-79.63","43.68","TORONTO INTL A","6158731","2023-09-16 16:00","2023","09","16","16:00","","21.8","","8.7","","43","","","","31","","21","","24.1","","99.47","","","","","","Mostly Cloudy"
"-79.63","43.68","TORONTO INTL A","6158731","2023-09-16 17:00","2023","09","16","17:00","","21.7","","8.4","","42","","","","31","","16","","24.1","","99.45","","","","","","NA"
"-79.63","43.68","TORONTO INTL A","6158731","2023-09-16 18:00","2023","09","16","18:00","","20.1","","9.8","","51","","","","1","","13","","24.1","","99.44","","","","","","NA"
"-79.63","43.68","TORONTO INTL A","6158731","2023-09-16 19:00","2023","09","16","19:00","","19.5","","9.1","","51","","","","29","","10","","24.1","","99.44","","","","","","Mostly Cloudy"
"-79.63","43.68","TORONTO INTL A","6158731","2023-09-16 20:00","2023","09","16","20:00","","17.1","","10.0","","63","","","","27","","10","","24.1","","99.45","","","","","","NA"
"-79.63","43.68","TORONTO INTL A","6158731","2023-09-16 21:00","2023","09","16","21:00","","16.8","","10.7","","67","","","","27","","13","","24.1","","99.42","","","","","","NA"
"-79.63","43.68","TORONTO INTL A","6158731","2023-09-16 22:00","2023","09","16","22:00","","16.4","","10.7","","69","","","","31","","10","","24.1","","99.39","","","","","","Mostly Cloudy"
"-79.63","43.68","TORONTO INTL A","6158731","2023-09-16 23:00","2023","09","16","23:00","","16.0","","10.5","","70","","","","30","","7","","24.1","","99.41","","","","","","NA"
"-79.63","43.68","TORONTO INTL A","6158731","2023-09-17 00:00","2023","09","17","00:00","","15.6","","10.5","","71","","","","29","","5","","24.1","","99.39","","","","","","NA"
"-79.63","43.68","TORONTO INTL A","6158731","2023-09-17 01:00","2023","09","17","01:00","","15.3","","11.0","","76","","","","32","","7","","24.1","","99.36","","","","","","Mostly Cloudy"
"-79.63","43.68","TORONTO INTL A","6158731","2023-09-17 02:00","2023","09","17","02:00","","15.7","","11.0","","74","","","","28","","3","","24.1","","99.32","","","","","","NA"
"-79.63","43.68","TORONTO INTL A","6158731","2023-09-17 03:00","2023","09","17","03:00","","16.3","","10.9","","70","","","","29","","5","","24.1","","99.28","","","","","","NA"
"-79.63","43.68","TORONTO INTL A","6158731","2023-09-17 04:00","2023","09","17","04:00","","14.2","","11.6","","84","","","","","","0","","24.1","","99.21","","","","","","Cloudy"
"-79.63","43.68","TORONTO INTL A","6158731","2023-09-17 05:00","2023","09","17","05:00","","15.4","","11.2","","76","","","","28","","7","","24.1","","99.29","","","","","","NA"
"-79.63","43.68","TORONTO INTL A","6158731","2023-09-17 06:00","2023","09","17","06:00","","15.1","","11.0","","76","","","","24","","5","","24.1","","99.29","","","","","","NA"
"-79.63","43.68","TORONTO INTL A","6158731","2023-09-17 07:00","2023","09","17","07:00","","15.5","","11.8","","79","","","","24","","4","","24.1","","99.32","","","","","","Mostly Cloudy"
"-79.63","43.68","TORONTO INTL A","6158731","2023-09-17 08:00","2023","09","17","08:00","","17.1","","11.1","","67","","","","28","","7","","24.1","","99.34","","","","","","NA"
"-79.63","43.68","TORONTO INTL A","6158731","2023-09-17 09:00","2023","09","17","09:00","","18.2","","10.1","","59","","","","27","","10","","24.1","","99.32","","","","","","NA"
"-79.63","43.68","TORONTO INTL A","6158731","2023-09-17 10:00","2023","09","17","10:00","","20.2","","12.8","","62","","","","29","","13","","24.1","","99.26","","","","","","Mostly Cloudy"
"-79.63","43.68","TORONTO INTL A","6158731","2023-09-17 11:00","2023","09","17","11:00","","21.9","","12.2","","54","","","","23","","8","","24.1","","99.23","","","","","","NA"
"-79.63","43.68","TORONTO INTL A","6158731","2023-09-17 12:00","2023","09","17","12:00","","22.8","","11.0","","47","","","","19","","10","","24.1","","99.21","","25","","","","NA"
"-79.63","43.68","TORONTO INTL A","6158731","2023-09-17 13:00","2023","09","17","13:00","","21.5","","11.6","","53","","","","16","","19","","24.1","","99.16","","","","","","Mostly Cloudy"
"-79.63","43.68","TORONTO INTL A","6158731","2023-09-17 14:00","2023","09","17","14:00","","21.3","","11.5","","53","","","","15","","13","","24.1","","99.12","","","","","","NA"
"-79.63","43.68","TORONTO INTL A","6158731","2023-09-17 15:00","2023","09","17","15:00","","20.7","","13.6","","63","","","","32","","23","","24.1","","99.11","","","","","","NA"
"-79.63","43.68","TORONTO INTL A","6158731","2023-09-17 16:00","2023","09","17","16:00","","21.7","","11.8","","53","","","","5","","4","","24.1","","99.08","","","","","","Mostly Cloudy"
"-79.63","43.68","TORONTO INTL A","6158731","2023-09-17 17:00","2023","09","17","17:00","","20.4","","12.3","","59","","","","11","","6","","24.1","","99.11","","","","","","NA"
"-79.63","43.68","TORONTO INTL A","6158731","2023-09-17 18:00","2023","09","17","18:00","","19.6","","11.5","","59","","","","33","","20","","24.1","","99.13","","","","","","NA"
"-79.63","43.68","TORONTO INTL A","6158731","2023-09-17 19:00","2023","09","17","19:00","","18.8","","12.7","","67","","","","30","","8","","24.1","","99.14","","","","","","Cloudy"
"-79.63","43.68","TORONTO INTL A","6158731","2023-09-17 20:00","2023","09","17","20:00","","17.6","","13.0","","74","","","","30","","20","","24.1","","99.14","","","","","","NA"
"-79.63","43.68","TORONTO INTL A","6158731","2023-09-17 21:00","2023","09","17","21:00","","17.1","","12.4","","73","","","","35","","13","","24.1","","99.13","","","","","","NA"
"-79.63","43.68","TORONTO INTL A","6158731","2023-09-17 22:00","2023","09","17","22:00","","16.6","","12.5","","76","","","","33","","4","","24.1","","99.16","","","","","","Rain"
"-79.63","43.68","TORONTO INTL A","6158731","2023-09-17 23:00","2023","09","17","23:00","","16.0","","13.1","","83","","","","35","","4","","24.1","","99.12","","","","","","Rain"
"-79.63","43.68","TORONTO INTL A","6158731","2023-09-18 00:00","2023","09","18","00:00","","15.3","","12.5","","83","","","","35","","11","","24.1","","99.11","","","","","","NA"
"-79.63","43.68","TORONTO INTL A","6158731","2023-09-18 01:00","2023","09","18","01:00","","15.2","","11.6","","79","","","","33","","11","","24.1","","99.10","","","","","","Cloudy"
"-79.63","43.68","TORONTO INTL A","6158731","2023-09-18 02:00","2023","09","18","02:00","","15.0","","11.9","","82","","","","34","","11","","24.1","","99.06","","","","","","NA"
"-79.63","43.68","TORONTO INTL A","6158731","2023-09-18 03:00","2023","09","18","03:00","","14.7","","12.1","","85","","","","30","","7","","24.1","","99.05","","","","","","NA"
"-79.63","43.68","TORONTO INTL A","6158731","2023-09-18 04:00","2023","09","18","04:00","","14.2","","12.1","","87","","","","31","","9","","24.1","","99.02","","","","","","Mainly Clear"
"-79.63","43.68","TORONTO INTL A","6158731","2023-09-18 05:00","2023","09","18","05:00","","12.8","","11.5","","92","","","","28","","7","","24.1","","99.05","","","","","","NA"
"-79.63","43.68","TORONTO INTL A","6158731","2023-09-18 06:00","2023","09","18","06:00","","13.5","","12.2","","92","","","","28","","11","","24.1","","99.07","","","","","","NA"
"-79.63","43.68","TORONTO INTL A","6158731","2023-09-18 07:00","2023","09","18","07:00","","14.2","","12.6","","89","","","","29","","12","","24.1","","99.11","","","","","","Mostly Cloudy"
"-79.63","43.68","TORONTO INTL A","6158731","2023-09-18 08:00","2023","09","18","08:00","","15.8","","12.1","","78","","","","31","","11","","24.1","","99.10","","","","","","NA"
"-79.63","43.68","TORONTO INTL A","6158731","2023-09-18 09:00","2023","09","18","09:00","","17.4","","12.5","","72","","","","30","","18","","24.1","","99.12","","","","","","NA"
"-79.63","43.68","TORONTO INTL A","6158731","2023-09-18 10:00","2023","09","18","10:00","","18.4","","12.3","","67","","","","34","","13","","24.1","","99.11","","","","","","Mainly Clear"
"-79.63","43.68","TORONTO INTL A","6158731","2023-09-18 11:00","2023","09","18","11:00","","20.3","","11.9","","58","","","","34","","18","","24.1","","99.08","","","","","","NA"
"-79.63","43.68","TORONTO INTL A","6158731","2023-09-18 12:00","2023","09","18","12:00","","20.4","","11.6","","57","","","","32","","18","","24.1","","99.06","","","","","","NA"
"-79.63","43.68","TORONTO INTL A","6158731","2023-09-18 13:00","2023","09","18","13:00","","21.5","","11.9","","54","","","","35","","19","","24.1","","99.04","","","","","","Mostly Cloudy"
"-79.63","43.68","TORONTO INTL A","6158731","2023-09-18 14:00","2023","09","18","14:00","","20.0","","12.2","","61","","","","1","","24","","24.1","","99.05","","","","","","NA"
"-79.63","43.68","TORONTO INTL A","6158731","2023-09-18 15:00","2023","09","18","15:00","","20.4","","10.3","","52","","","","34","","30","","24.1","","99.03","","","","","","NA"
"-79.63","43.68","TORONTO INTL A","6158731","2023-09-18 16:00","2023","09","18","16:00","","20.0","","11.4","","57","","","","32","","27","","24.1","","99.05","","","","","","Mostly Cloudy"
"-79.63","43.68","TORONTO INTL A","6158731","2023-09-18 17:00","2023","09","18","17:00","","18.1","","11.1","","63","","","","32","","36","","24.1","","99.13","","","","","","NA"
"-79.63","43.68","TORONTO INTL A","6158731","2023-09-18 18:00","2023","09","18","18:00","","16.7","","10.9","","69","","","","32","","30","","24.1","","99.20","","","","","","NA"
"-79.63","43.68","TORONTO INTL A","6158731","2023-09-18 19:00","2023","09","18","19:00","","15.8","","10.6","","71","","","","32","","24","","24.1","","99.23","","","","","","Mainly Clear"
"-79.63","43.68","TORONTO INTL A","6158731","2023-09-18 20:00","2023","09","18","20:00","","15.3","","10.5","","73","","","","34","","25","","24.1","","99.29","","","","","","NA"
"-79.63","43.68","TORONTO INTL A","6158731","2023-09-18 21:00","2023","09","18","21:00","","14.3","","9.2","","71","","","","33","","19","","24.1","","99.32","","","","","","NA"
"-79.63","43.68","TORONTO INTL A","6158731","2023-09-18 22:00","2023","09","18","22:00","","13.3","","8.7","","73","","","","31","","18","","24.1","","99.32","","","","","","Clear"
"-79.63","43.68","TORONTO INTL A","6158731","2023-09-18 23:00","2023","09","18","23:00","","13.4","","8.9","","74","","","","31","","24","","24.1","","99.32","","","","","","NA"
"-79.63","43.68","TORONTO INTL A","6158731","2023-09-19 00:00","2023","09","19","00:00","","12.4","","9.5","","82","","","","30","","13","","24.1","","99.33","","","","","","NA"
"-79.63","43.68","TORONTO INTL A","6158731","2023-09-19 01:00","2023","09","19","01:00","","12.7","","9.4","","80","","","","31","","20","","24.1","","99.35","","","","","","Clear"
"-79.63","43.68","TORONTO INTL A","6158731","2023-09-19 02:00","2023","09","19","02:00","","11.8","","9.1","","83","","","","31","","14","","24.1","","99.36","","","","","","NA"
"-79.63","43.68","TORONTO INTL A","6158731","2023-09-19 03:00","2023","09","19","03:00","","11.4","","8.8","","84","","","","31","","9","","24.1","","99.36","","","","","","NA"
"-79.63","43.68","TORONTO INTL A","6158731","2023-09-19 04:00","2023","09","19","04:00","","11.4","","9.4","","87","","","","31","","15","","24.1","","99.41","","","","","","Clear"
"-79.63","43.68","TORONTO INTL A","6158731","2023-09-19 05:00","2023","09","19","05:00","","9.6","","8.8","","94","","","","28","","13","","24.1","","99.45","","","","","","NA"
"-79.63","43.68","TORONTO INTL A","6158731","2023-09-19 06:00","2023","09","19","06:00","","10.9","","8.9","","88","","","","30","","17","","24.1","","99.51","","","","","","NA"
"-79.63","43.68","TORONTO INTL A","6158731","2023-09-19 07:00","2023","09","19","07:00","","11.8","","8.5","","80","","","","30","","15","","24.1","","99.57","","","","","","Clear"
"-79.63","43.68","TORONTO INTL A","6158731","2023-09-19 08:00","2023","09","19","08:00","","14.0","","9.1","","72","","","","31","","16","","24.1","","99.60","","","","","","NA"
"-79.63","43.68","TORONTO INTL A","6158731","2023-09-19 09:00","2023","09","19","09:00","","15.3","","8.4","","63","","","","33","","24","","24.1","","99.63","","","","","","NA"
"-79.63","43.68","TORONTO INTL A","6158731","2023-09-19 10:00","2023","09","19","10:00","","17.2","","6.4","","49","","","","31","","27","","24.1","","99.66","","","","","","Mainly Clear"
"-79.63","43.68","TORONTO INTL A","6158731","2023-09-19 11:00","2023","09","19","11:00","","18.3","","4.9","","41","","","","30","","25","","24.1","","99.69","","","","","","NA"
"-79.63","43.68","TORONTO INTL A","6158731","2023-09-19 12:00","2023","09","19","12:00","","19.1","","4.2","","37","","","","32","","27","","24.1","","99.66","","","","","","NA"
"-79.63","43.68","TORONTO INTL A","6158731","2023-09-19 13:00","2023","09","19","13:00","","19.9","","4.7","","36","","","","29","","12","","24.1","","99.63","","","","","","Clear"
"-79.63","43.68","TORONTO INTL A","6158731","2023-09-19 14:00","2023","09","19","14:00","","20.1","","3.8","","34","","","","28","","19","","24.1","","99.60","","","","","","NA"
"-79.63","43.68","TORONTO INTL A","6158731","2023-09-19 15:00","2023","09","19","15:00","","20.4","","2.9","","31","","","","33","","20","","24.1","","99.59","","","","","","NA"
"-79.63","43.68","TORONTO INTL A","6158731","2023-09-19 16:00","2023","09","19","16:00","","20.2","","3.8","","34","","","","29","","24","","24.1","","99.59","","","","","","Clear"
"-79.63","43.68","TORONTO INTL A","6158731","2023-09-19 17:00","2023","09","19","17:00","","19.4","","5.6","","40","","","","27","","19","","24.1","","99.61","","","","","","NA"
"-79.63","43.68","TORONTO INTL A","6158731","2023-09-19 18:00","2023","09","19","18:00","","18.5","","5.7","","43","","","","32","","21","","24.1","","99.63","","","","","","NA"
"-79.63","43.68","TORONTO INTL A","6158731","2023-09-19 19:00","2023","09","19","19:00","","15.9","","8.6","","61","","","","1","","17","","24.1","","99.69","","","","","","Clear"
"-79.63","43.68","TORONTO INTL A","6158731","2023-09-19 20:00","2023","09","19","20:00","","14.7","","8.2","","65","","","","35","","20","","24.1","","99.78","","","","","","NA"
"-79.63","43.68","TORONTO INTL A","6158731","2023-09-19 21:00","2023","09","19","21:00","","13.1","","8.0","","71","","","","36","","13","","24.1","","99.84","","","","","","NA"
"-79.63","43.68","TORONTO INTL A","6158731","2023-09-19 22:00","2023","09","19","22:00","","12.4","","7.9","","74","","","","34","","11","","24.1","","99.86","","","","","","Clear"
"-79.63","43.68","TORONTO INTL A","6158731","2023-09-19 23:00","2023","09","19","23:00","","11.7","","8.1","","78","","","","34","","10","","24.1","","99.88","","","","","","NA"
"-79.63","43.68","TORONTO INTL A","6158731","2023-09-20 00:00","2023","09","20","00:00","","10.7","","7.7","","81","","","","31","","10","","24.1","","99.91","","","","","","NA"
"-79.63","43.68","TORONTO INTL A","6158731","2023-09-20 01:00","2023","09","20","01:00","","11.1","","7.6","","79","","","","30","","8","","24.1","","99.94","","","","","","Clear"
"-79.63","43.68","TORONTO INTL A","6158731","2023-09-20 02:00","2023","09","20","02:00","","9.2","","6.5","","83","","","","31","","5","","24.1","","99.96","","","","","","NA"
"-79.63","43.68","TORONTO INTL A","6158731","2023-09-20 03:00","2023","09","20","03:00","","8.9","","5.0","","77","","","","34","","10","","24.1","","99.98","","","","","","NA"
"-79.63","43.68","TORONTO INTL A","6158731","2023-09-20 04:00","2023","09","20","04:00","","8.1","","3.9","","75","","","","33","","9","","24.1","","100.02","","","","","","Clear"
"-79.63","43.68","TORONTO INTL A","6158731","2023-09-20 05:00","2023","09","20","05:00","","8.2","","4.0","","74","","","","32","","5","","24.1","","100.05","","","","","","NA"
"-79.63","43.68","TORONTO INTL A","6158731","2023-09-20 06:00","2023","09","20","06:00","","8.0","","4.5","","78","","","","35","","13","","24.1","","100.09","","","","","","NA"
"-79.63","43.68","TORONTO INTL A","6158731","2023-09-20 07:00","2023","09","20","07:00","","9.3","","5.3","","76","","","","35","","10","","24.1","","100.14","","","","","","Clear"
"-79.63","43.68","TORONTO INTL A","6158731","2023-09-20 08:00","2023","09","20","08:00","","12.2","","6.8","","69","","","","30","","5","","24.1","","100.18","","","","","","NA"
"-79.63","43.68","TORONTO INTL A","6158731","2023-09-20 09:00","2023","09","20","09:00","","14.7","","7.5","","61","","","","36","","6","","24.1","","100.22","","","","","","NA"
"-79.63","43.68","TORONTO INTL A","6158731","2023-09-20 10:00","2023","09","20","10:00","","16.0","","5.2","","48","","","","","","0","","24.1","","100.24","","","","","","Clear"
"-79.63","43.68","TORONTO INTL A","6158731","2023-09-20 11:00","2023","09","20","11:00","","17.6","","5.8","","46","","","","22","","7","","24.1","","100.25","","","","","","NA"
"-79.63","43.68","TORONTO INTL A","6158731","2023-09-20 12:00","2023","09","20","12:00","","18.3","","4.6","","40","","","","2","","6","","24.1","","100.23","","","","","","NA"
"-79.63","43.68","TORONTO INTL A","6158731","2023-09-20 13:00","2023","09","20","13:00","","19.6","","5.7","","40","","","","6","","8","","24.1","","100.19","","","","","","Clear"
"-79.63","43.68","TORONTO INTL A","6158731","2023-09-20 14:00","2023","09","20","14:00","","20.6","","6.1","","38","","","","36","","4","","24.1","","100.14","","","","","","NA"
"-79.63","43.68","TORONTO INTL A","6158731","2023-09-20 15:00","2023","09","20","15:00","","19.0","","7.9","","48","","","","16","","15","","24.1","","100.09","","","","","","NA"
"-79.63","43.68","TORONTO INTL A","6158731","2023-09-20 16:00","2023","09","20","16:00","","18.8","","8.7","","52","","","","14","","12","","24.1","","100.07","","","","","","Clear"
"-79.63","43.68","TORONTO INTL A","6158731","2023-09-20 17:00","2023","09","20","17:00","","18.2","","8.4","","52","","","","15","","13","","24.1","","100.09","","","","","","NA"
"-79.63","43.68","TORONTO INTL A","6158731","2023-09-20 18:00","2023","09","20","18:00","","17.3","","8.6","","57","","","","13","","8","","24.1","","100.11","","","","","","NA"
"-79.63","43.68","TORONTO INTL A","6158731","2023-09-20 19:00","2023","09","20","19:00","","16.9","","9.2","","60","","","","14","","7","","24.1","","100.16","","","","","","Clear"
"-79.63","43.68","TORONTO INTL A","6158731","2023-09-20 20:00","2023","09","20","20:00","","16.3","","10.0","","66","","","","13","","5","","24.1","","100.22","","","","","","NA"
"-79.63","43.68","TORONTO INTL A","6158731","2023-09-20 21:00","2023","09","20","21:00","","16.4","","10.3","","67","","","","15","","4","","24.1","","100.24","","","","","","NA"
"-79.63","43.68","TORONTO INTL A","6158731","2023-09-20 22:00","2023","09","20","22:00","","16.3","","10.9","","70","","","","15","","5","","24.1","","100.25","","","","","","Mainly Clear"
"-79.63","43.68","TORONTO INTL A","6158731","2023-09-20 23:00","2023","09","20","23:00","","16.2","","11.7","","74","","","","14","","5","","24.1","","100.29","","","","","","NA"
"-79.63","43.68","TORONTO INTL A","6158731","2023-09-21 00:00","2023","09","21","00:00","","15.5","","11.7","","78","","","","11","","7","","24.1","","100.31","","","","","","NA"
"-79.63","43.68","TORONTO INTL A","6158731","2023-09-21 01:00","2023","09","21","01:00","","15.4","","11.9","","80","","","","8","","4","","24.1","","100.32","","","","","","Mostly Cloudy"
"-79.63","43.68","TORONTO INTL A","6158731","2023-09-21 02:00","2023","09","21","02:00","","15.2","","11.7","","79","","","","5","","5","","24.1","","100.33","","","","","","NA"
"-79.63","43.68","TORONTO INTL A","6158731","2023-09-21 03:00","2023","09","21","03:00","","14.3","","10.8","","79","","","","","","0","","24.1","","100.33","","","","","","NA"
"-79.63","43.68","TORONTO INTL A","6158731","2023-09-21 04:00","2023","09","21","04:00","","14.2","","10.2","","77","","","","6","","4","","24.1","","100.37","","","","","","Mostly Cloudy"
"-79.63","43.68","TORONTO INTL A","6158731","2023-09-21 05:00","2023","09","21","05:00","","13.8","","10.6","","81","","","","","","0","","24.1","","100.43","","","","","","NA"
"-79.63","43.68","TORONTO INTL A","6158731","2023-09-21 06:00","2023","09","21","06:00","","15.4","","11.4","","77","","","","9","","4","","24.1","","100.47","","","","","","NA"
"-79.63","43.68","TORONTO INTL A","6158731","2023-09-21 07:00","2023","09","21","07:00","","16.2","","11.7","","74","","","","9","","4","","24.1","","100.53","","","","","","Mostly Cloudy"
"-79.63","43.68","TORONTO INTL A","6158731","2023-09-21 08:00","2023","09","21","08:00","","17.1","","12.0","","72","","","","14","","6","","24.1","","100.56","","","","","","NA"
"-79.63","43.68","TORONTO INTL A","6158731","2023-09-21 09:00","2023","09","21","09:00","","18.5","","11.7","","64","","","","17","","11","","24.1","","100.61","","","","","","NA"
"-79.63","43.68","TORONTO INTL A","6158731","2023-09-21 10:00","2023","09","21","10:00","","20.0","","9.4","","50","","","","15","","12","","24.1","","100.62","","","","","","Mostly Cloudy"
"-79.63","43.68","TORONTO INTL A","6158731","2023-09-21 11:00","2023","09","21","11:00","","20.2","","7.9","","45","","","","16","","13","","24.1","","100.60","","","","","","NA"
"-79.63","43.68","TORONTO INTL A","6158731","2023-09-21 12:00","2023","09","21","12:00","","20.8","","7.8","","43","","","","16","","13","","24.1","","100.61","","","","","","NA"
"-79.63","43.68","TORONTO INTL A","6158731","2023-09-21 13:00","2023","09","21","13:00","","21.3","","8.4","","43","","","","12","","9","","24.1","","100.56","","","","","","Mainly Clear"
"-79.63","43.68","TORONTO INTL A","6158731","2023-09-21 14:00","2023","09","21","14:00","","21.7","","9.8","","46","","","","14","","12","","24.1","","100.50","","","","","","NA"
"-79.63","43.68","TORONTO INTL A","6158731","2023-09-21 15:00","2023","09","21","15:00","","21.6","","9.3","","45","","","","13","","12","","24.1","","100.47","","","","","","NA"
"-79.63","43.68","TORONTO INTL A","6158731","2023-09-21 16:00","2023","09","21","16:00","","20.8","","9.9","","49","","","","14","","9","","24.1","","100.45","","","","","","Mainly Clear"
"-79.63","43.68","TORONTO INTL A","6158731","2023-09-21 17:00","2023","09","21","17:00","","20.3","","10.9","","54","","","","13","","10","","24.1","","100.45","","","","","","NA"
"-79.63","43.68","TORONTO INTL A","6158731","2023-09-21 18:00","2023","09","21","18:00","","19.3","","10.5","","56","","","","12","","9","","24.1","","100.47","","","","","","NA"
"-79.63","43.68","TORONTO INTL A","6158731","2023-09-21 19:00","2023","09","21","19:00","","18.1","","11.5","","65","","","","10","","7","","24.1","","100.50","","","","","","Mostly Cloudy"
"-79.63","43.68","TORONTO INTL A","6158731","2023-09-21 20:00","2023","09","21","20:00","","17.9","","11.9","","68","","","","10","","3","","24.1","","100.52","","","","","","NA"
"-79.63","43.68","TORONTO INTL A","6158731","2023-09-21 21:00","2023","09","21","21:00","","17.9","","12.4","","70","","","","11","","5","","24.1","","100.52","","","","","","NA"
"-79.63","43.68","TORONTO INTL A","6158731","2023-09-21 22:00","2023","09","21","22:00","","17.7","","12.8","","73","","","","9","","5","","24.1","","100.53","","","","","","Mostly Cloudy"
"-79.63","43.68","TORONTO INTL A","6158731","2023-09-21 23:00","2023","09","21","23:00","","17.3","","13.2","","77","","","","11","","6","","24.1","","100.53","","","","","","NA"
"-79.63","43.68","TORONTO INTL A","6158731","2023-09-22 00:00","2023","09","22","00:00","","16.5","","13.7","","83","","","","11","","4","","24.1","","100.53","","","","","","NA"
"-79.63","43.68","TORONTO INTL A","6158731","2023-09-22 01:00","2023","09","22","01:00","","16.3","","13.6","","84","","","","8","","4","","24.1","","100.51","","","","","","Clear"
"-79.63","43.68","TORONTO INTL A","6158731","2023-09-22 02:00","2023","09","22","02:00","","15.9","","13.0","","83","","","","9","","5","","24.1","","100.54","","","","","","NA"
"-79.63","43.68","TORONTO INTL A","6158731","2023-09-22 03:00","2023","09","22","03:00","","15.1","","12.7","","86","","","","4","","7","","24.1","","100.56","","","","","","NA"
"-79.63","43.68","TORONTO INTL A","6158731","2023-09-22 04:00","2023","09","22","04:00","","14.1","","11.8","","86","","","","5","","7","","24.1","","100.59","","","","","","Clear"
"-79.63","43.68","TORONTO INTL A","6158731","2023-09-22 05:00","2023","09","22","05:00","","13.9","","11.2","","84","","","","4","","8","","24.1","","100.63","","","","","","NA"
"-79.63","43.68","TORONTO INTL A","6158731","2023-09-22 06:00","2023","09","22","06:00","","13.8","","11.1","","84","","","","4","","9","","24.1","","100.67","","","","","","NA"
"-79.63","43.68","TORONTO INTL A","6158731","2023-09-22 07:00","2023","09","22","07:00","","14.8","","12.7","","87","","","","5","","7","","24.1","","100.68","","","","","","Mostly Cloudy"
"-79.63","43.68","TORONTO INTL A","6158731","2023-09-22 08:00","2023","09","22","08:00","","17.2","","12.6","","74","","","","7","","9","","24.1","","100.69","","","","","","NA"
"-79.63","43.68","TORONTO INTL A","6158731","2023-09-22 09:00","2023","09","22","09:00","","19.1","","9.9","","55","","","","12","","18","","24.1","","100.67","","","","","","NA"
"-79.63","43.68","TORONTO INTL A","6158731","2023-09-22 10:00","2023","09","22","10:00","","20.1","","10.0","","52","","","","11","","13","","24.1","","100.67","","","","","","Mainly Clear"
"-79.63","43.68","TORONTO INTL A","6158731","2023-09-22 11:00","2023","09","22","11:00","","20.8","","10.3","","51","","","","11","","14","","24.1","","100.67","","","","","","NA"
"-79.63","43.68","TORONTO INTL A","6158731","2023-09-22 12:00","2023","09","22","12:00","","21.6","","9.3","","45","","","","8","","15","","24.1","","100.64","","","","","","NA"
"-79.63","43.68","TORONTO INTL A","6158731","2023-09-22 13:00","2023","09","22","13:00","","21.2","","8.4","","43","","","","8","","14","","24.1","","100.59","","","","","","Mainly Clear"
"-79.63","43.68","TORONTO INTL A","6158731","2023-09-22 14:00","2023","09","22","14:00","","22.0","","8.5","","41","","","","6","","12","","24.1","","100.52","","","","","","NA"
"-79.63","43.68","TORONTO INTL A","6158731","2023-09-22 15:00","2023","09","22","15:00","","21.5","","8.3","","42","","","","6","","16","","24.1","","100.46","","","","","","NA"
"-79.63","43.68","TORONTO INTL A","6158731","2023-09-22 16:00","2023","09","22","16:00","","20.8","","8.8","","46","","","","11","","13","","24.1","","100.44","","","","","","Mainly Clear"
"-79.63","43.68","TORONTO INTL A","6158731","2023-09-22 17:00","2023","09","22","17:00","","19.7","","9.8","","52","","","","9","","17","","24.1","","100.44","","","","","","NA"
"-79.63","43.68","TORONTO INTL A","6158731","2023-09-22 18:00","2023","09","22","18:00","","18.4","","11.5","","64","","","","8","","15","","24.1","","100.41","","","","","","NA"
"-79.63","43.68","TORONTO INTL A","6158731","2023-09-22 19:00","2023","09","22","19:00","","17.4","","12.4","","72","","","","8","","13","","24.1","","100.45","","","","","","Clear"
"-79.63","43.68","TORONTO INTL A","6158731","2023-09-22 20:00","2023","09","22","20:00","","17.0","","12.8","","76","","","","6","","11","","24.1","","100.48","","","","","","NA"
"-79.63","43.68","TORONTO INTL A","6158731","2023-09-22 21:00","2023","09","22","21:00","","16.6","","13.7","","83","","","","6","","9","","24.1","","100.45","","","","","","NA"
"-79.63","43.68","TORONTO INTL A","6158731","2023-09-22 22:00","2023","09","22","22:00","","16.4","","14.4","","87","","","","6","","9","","24.1","","100.44","","","","","","Clear"
"-79.63","43.68","TORONTO INTL A","6158731","2023-09-22 23:00","2023","09","22","23:00","","16.3","","14.5","","89","","","","8","","9","","24.1","","100.41","","","","","","NA"
"-79.63","43.68","TORONTO INTL A","6158731","2023-09-23 00:00","2023","09","23","00:00","","15.9","","14.5","","91","","","","9","","6","","24.1","","100.39","","","","","","NA"
"-79.63","43.68","TORONTO INTL A","6158731","2023-09-23 01:00","2023","09","23","01:00","","15.6","","14.3","","92","","","","7","","5","","24.1","","100.39","","","","","","Clear"
"-79.63","43.68","TORONTO INTL A","6158731","2023-09-23 02:00","2023","09","23","02:00","","14.3","","13.8","","96","","","","2","","8","","24.1","","100.36","","","","","","NA"
"-79.63","43.68","TORONTO INTL A","6158731","2023-09-23 03:00","2023","09","23","03:00","","13.8","","13.1","","95","","","","3","","8","","24.1","","100.32","","","","","","NA"
"-79.63","43.68","TORONTO INTL A","6158731","2023-09-23 04:00","2023","09","23","04:00","","13.2","","12.2","","94","","","","3","","10","","24.1","","100.32","","","","","","Clear"
"-79.63","43.68","TORONTO INTL A","6158731","2023-09-23 05:00","2023","09","23","05:00","","12.8","","12.1","","95","","","","36","","6","","24.1","","100.33","","","","","","NA"
"-79.63","43.68","TORONTO INTL A","6158731","2023-09-23 06:00","2023","09","23","06:00","","12.8","","12.2","","96","","","","36","","10","","24.1","","100.37","","","","","","NA"
"-79.63","43.68","TORONTO INTL A","6158731","2023-09-23 07:00","2023","09","23","07:00","","12.1","","11.9","","98","","","","1","","9","","24.1","","100.40","","","","","","Mainly Clear"
"-79.63","43.68","TORONTO INTL A","6158731","2023-09-23 08:00","2023","09","23","08:00","","14.1","","13.2","","94","","","","5","","8","","24.1","","100.41","","","","","","NA"
"-79.63","43.68","TORONTO INTL A","6158731","2023-09-23 09:00","2023","09","23","09:00","","17.8","","14.6","","81","","","","10","","12","","24.1","","100.40","","","","","","NA"
"-79.63","43.68","TORONTO INTL A","6158731","2023-09-23 10:00","2023","09","23","10:00","","20.0","","13.5","","66","","","","9","","14","","24.1","","100.38","","","","","","Mainly Clear"
"-79.63","43.68","TORONTO INTL A","6158731","2023-09-23 11:00","2023","09","23","11:00","","19.8","","10.7","","55","","","","8","","14","","24.1","","100.35","","","","","","NA"
"-79.63","43.68","TORONTO INTL A","6158731","2023-09-23 12:00","2023","09","23","12:00","","20.7","","10.2","","51","","","","9","","20","","24.1","","100.28","","","","","","NA"
"-79.63","43.68","TORONTO INTL A","6158731","2023-09-23 13:00","2023","09","23","13:00","","22.1","","10.8","","48","","","","10","","19","","24.1","","100.23","","","","","","Mostly Cloudy"
"-79.63","43.68","TORONTO INTL A","6158731","2023-09-23 14:00","2023","09","23","14:00","","21.4","","11.0","","51","","","","9","","18","","24.1","","100.19","","","","","","NA"
"-79.63","43.68","TORONTO INTL A","6158731","2023-09-23 15:00","2023","09","23","15:00","","21.1","","10.5","","50","","","","9","","25","","24.1","","100.18","","","","","","NA"
"-79.63","43.68","TORONTO INTL A","6158731","2023-09-23 16:00","2023","09","23","16:00","","20.4","","11.5","","56","","","","8","","15","","24.1","","100.16","","","","","","Mostly Cloudy"
"-79.63","43.68","TORONTO INTL A","6158731","2023-09-23 17:00","2023","09","23","17:00","","20.3","","11.5","","57","","","","8","","18","","24.1","","100.12","","","","","","NA"
"-79.63","43.68","TORONTO INTL A","6158731","2023-09-23 18:00","2023","09","23","18:00","","19.0","","12.2","","64","","","","10","","19","","24.1","","100.13","","","","","","NA"
"-79.63","43.68","TORONTO INTL A","6158731","2023-09-23 19:00","2023","09","23","19:00","","18.0","","12.4","","69","","","","10","","12","","24.1","","100.13","","","","","","Mainly Clear"
"-79.63","43.68","TORONTO INTL A","6158731","2023-09-23 20:00","2023","09","23","20:00","","17.1","","13.4","","79","","","","8","","9","","24.1","","100.15","","","","","","NA"
"-79.63","43.68","TORONTO INTL A","6158731","2023-09-23 21:00","2023","09","23","21:00","","16.4","","13.5","","82","","","","4","","8","","24.1","","100.16","","","","","","NA"
"-79.63","43.68","TORONTO INTL A","6158731","2023-09-23 22:00","2023","09","23","22:00","","15.6","","13.2","","85","","","","3","","9","","24.1","","100.14","","","","","","Clear"
"-79.63","43.68","TORONTO INTL A","6158731","2023-09-23 23:00","2023","09","23","23:00","","15.2","","12.2","","82","","","","2","","11","","24.1","","100.11","","","","","","NA"
"-79.63","43.68","TORONTO INTL A","6158731","2023-09-24 00:00","2023","09","24","00:00","","14.5","","11.8","","84","","","","5","","9","","24.1","","100.06","","","","","","NA"
"-79.63","43.68","TORONTO INTL A","6158731","2023-09-24 01:00","2023","09","24","01:00","","14.4","","11.4","","82","","","","5","","8","","24.1","","100.01","","","","","","Clear"
"-79.63","43.68","TORONTO INTL A","6158731","2023-09-24 02:00","2023","09","24","02:00","","13.6","","11.1","","85","","","","4","","9","","24.1","","99.94","","","","","","NA"
"-79.63","43.68","TORONTO INTL A","6158731","2023-09-24 03:00","2023","09","24","03:00","","12.8","","11.1","","89","","","","1","","11","","24.1","","99.94","","","","","","NA"
"-79.63","43.68","TORONTO INTL A","6158731","2023-09-24 04:00","2023","09","24","04:00","","12.1","","10.4","","89","","","","1","","11","","24.1","","99.95","","","","","","Clear"
"-79.63","43.68","TORONTO INTL A","6158731","2023-09-24 05:00","2023","09","24","05:00","","12.1","","11.0","","93","","","","2","","13","","24.1","","99.95","","","","","","NA"
"-79.63","43.68","TORONTO INTL A","6158731","2023-09-24 06:00","2023","09","24","06:00","","12.8","","11.6","","93","","","","2","","14","","24.1","","99.98","","","","","","NA"
"-79.63","43.68","TORONTO INTL A","6158731","2023-09-24 07:00","2023","09","24","07:00","","12.5","","10.5","","87","","","","36","","15","","24.1","","99.98","","","","","","Mainly Clear"
"-79.63","43.68","TORONTO INTL A","6158731","2023-09-24 08:00","2023","09","24","08:00","","14.6","","10.7","","77","","","","1","","16","","24.1","","99.97","","","","","","NA"
"-79.63","43.68","TORONTO INTL A","6158731","2023-09-24 09:00","2023","09","24","09:00","","18.1","","7.4","","49","","","","5","","13","","24.1","","99.96","","","","","","NA"
"-79.63","43.68","TORONTO INTL A","6158731","2023-09-24 10:00","2023","09","24","10:00","","20.4","","7.9","","44","","","","6","","18","","24.1","","99.92","","","","","","Mainly Clear"
"-79.63","43.68","TORONTO INTL A","6158731","2023-09-24 11:00","2023","09","24","11:00","","22.2","","9.3","","43","","","","9","","19","","24.1","","99.91","","","","","","NA"
"-79.63","43.68","TORONTO INTL A","6158731","2023-09-24 12:00","2023","09","24","12:00","","22.0","","10.6","","48","","","","10","","23","","24.1","","99.88","","","","","","NA"
"-79.63","43.68","TORONTO INTL A","6158731","2023-09-24 13:00","2023","09","24","13:00","","22.3","","12.0","","51","","","","8","","23","","24.1","","99.86","","25","","","","Mostly Cloudy"
"-79.63","43.68","TORONTO INTL A","6158731","2023-09-24 14:00","2023","09","24","14:00","","21.4","","11.2","","52","","","","9","","24","","24.1","","99.85","","","","","","NA"
"-79.63","43.68","TORONTO INTL A","6158731","2023-09-24 15:00","2023","09","24","15:00","","21.4","","11.4","","52","","","","11","","18","","24.1","","99.81","","","","","","NA"
"-79.63","43.68","TORONTO INTL A","6158731","2023-09-24 16:00","2023","09","24","16:00","","20.5","","11.9","","57","","","","12","","16","","24.1","","99.79","","","","","","Mostly Cloudy"
"-79.63","43.68","TORONTO INTL A","6158731","2023-09-24 17:00","2023","09","24","17:00","","19.8","","12.7","","63","","","","12","","13","","24.1","","99.82","","","","","","NA"
"-79.63","43.68","TORONTO INTL A","6158731","2023-09-24 18:00","2023","09","24","18:00","","18.9","","13.5","","70","","","","11","","10","","24.1","","99.87","","","","","","NA"
"-79.63","43.68","TORONTO INTL A","6158731","2023-09-24 19:00","2023","09","24","19:00","","18.5","","14.2","","76","","","","10","","9","","24.1","","99.89","","","","","","Mostly Cloudy"
"-79.63","43.68","TORONTO INTL A","6158731","2023-09-24 20:00","2023","09","24","20:00","","18.5","","14.4","","77","","","","9","","9","","24.1","","99.90","","","","","","NA"
"-79.63","43.68","TORONTO INTL A","6158731","2023-09-24 21:00","2023","09","24","21:00","","18.5","","14.6","","78","","","","9","","11","","24.1","","99.88","","","","","","NA"
"-79.63","43.68","TORONTO INTL A","6158731","2023-09-24 22:00","2023","09","24","22:00","","18.8","","13.9","","73","","","","6","","11","","24.1","","99.88","","","","","","Mostly Cloudy"
"-79.63","43.68","TORONTO INTL A","6158731","2023-09-24 23:00","2023","09","24","23:00","","18.7","","13.4","","71","","","","6","","12","","24.1","","99.86","","","","","","NA"
"-79.63","43.68","TORONTO INTL A","6158731","2023-09-25 00:00","2023","09","25","00:00","","17.5","","12.8","","74","","","","3","","9","","24.1","","99.86","","","","","","NA"
"-79.63","43.68","TORONTO INTL A","6158731","2023-09-25 01:00","2023","09","25","01:00","","17.0","","12.7","","76","","","","34","","8","","24.1","","99.89","","","","","","Mostly Cloudy"
"-79.63","43.68","TORONTO INTL A","6158731","2023-09-25 02:00","2023","09","25","02:00","","16.3","","12.1","","76","","","","1","","11","","24.1","","99.82","","","","","","NA"
"-79.63","43.68","TORONTO INTL A","6158731","2023-09-25 03:00","2023","09","25","03:00","","15.4","","11.3","","76","","","","3","","11","","24.1","","99.83","","","","","","NA"
"-79.63","43.68","TORONTO INTL A","6158731","2023-09-25 04:00","2023","09","25","04:00","","15.3","","11.6","","78","","","","1","","13","","24.1","","99.86","","","","","","Mainly Clear"
"-79.63","43.68","TORONTO INTL A","6158731","2023-09-25 05:00","2023","09","25","05:00","","14.8","","11.4","","80","","","","1","","14","","24.1","","99.91","","","","","","NA"
"-79.63","43.68","TORONTO INTL A","6158731","2023-09-25 06:00","2023","09","25","06:00","","14.6","","11.3","","80","","","","1","","15","","24.1","","99.95","","","","","","NA"
"-79.63","43.68","TORONTO INTL A","6158731","2023-09-25 07:00","2023","09","25","07:00","","15.3","","12.0","","81","","","","36","","9","","24.1","","100.04","","","","","","Mainly Clear"
"-79.63","43.68","TORONTO INTL A","6158731","2023-09-25 08:00","2023","09","25","08:00","","17.6","","12.3","","71","","","","6","","12","","24.1","","100.07","","","","","","NA"
"-79.63","43.68","TORONTO INTL A","6158731","2023-09-25 09:00","2023","09","25","09:00","","19.4","","11.2","","59","","","","6","","16","","24.1","","100.10","","","","","","NA"
"-79.63","43.68","TORONTO INTL A","6158731","2023-09-25 10:00","2023","09","25","10:00","","21.0","","8.1","","43","","","","9","","20","","24.1","","100.11","","","","","","Mainly Clear"
"-79.63","43.68","TORONTO INTL A","6158731","2023-09-25 11:00","2023","09","25","11:00","","21.8","","8.7","","42","","","","8","","26","","24.1","","100.10","","","","","","NA"
"-79.63","43.68","TORONTO INTL A","6158731","2023-09-25 12:00","2023","09","25","12:00","","22.5","","8.6","","41","","","","10","","16","","24.1","","100.11","","","","","","NA"
"-79.63","43.68","TORONTO INTL A","6158731","2023-09-25 13:00","2023","09","25","13:00","","23.7","","8.0","","36","","","","9","","23","","24.1","","100.04","","","","","","Mostly Cloudy"
"-79.63","43.68","TORONTO INTL A","6158731","2023-09-25 14:00","2023","09","25","14:00","","22.4","","8.6","","41","","","","11","","22","","24.1","","100.04","","","","","","NA"
"-79.63","43.68","TORONTO INTL A","6158731","2023-09-25 15:00","2023","09","25","15:00","","22.1","","10.1","","46","","","","13","","20","","24.1","","100.08","","","","","","NA"
"-79.63","43.68","TORONTO INTL A","6158731","2023-09-25 16:00","2023","09","25","16:00","","20.5","","11.3","","55","","","","11","","16","","24.1","","100.12","","","","","","Mostly Cloudy"
"-79.63","43.68","TORONTO INTL A","6158731","2023-09-25 17:00","2023","09","25","17:00","","19.6","","11.2","","58","","","","10","","16","","24.1","","100.18","","","","","","NA"
"-79.63","43.68","TORONTO INTL A","6158731","2023-09-25 18:00","2023","09","25","18:00","","18.9","","12.3","","65","","","","9","","15","","24.1","","100.23","","","","","","NA"
"-79.63","43.68","TORONTO INTL A","6158731","2023-09-25 19:00","2023","09","25","19:00","","18.6","","11.9","","65","","","","11","","25","","24.1","","100.25","","","","","","Mostly Cloudy"
"-79.63","43.68","TORONTO INTL A","6158731","2023-09-25 20:00","2023","09","25","20:00","","18.2","","12.4","","69","","","","11","","23","","24.1","","100.33","","","","","","NA"
"-79.63","43.68","TORONTO INTL A","6158731","2023-09-25 21:00","2023","09","25","21:00","","18.1","","12.3","","69","","","","11","","18","","24.1","","100.36","","","","","","NA"
"-79.63","43.68","TORONTO INTL A","6158731","2023-09-25 22:00","2023","09","25","22:00","","17.8","","12.7","","72","","","","11","","16","","24.1","","100.40","","","","","","Mostly Cloudy"
"-79.63","43.68","TORONTO INTL A","6158731","2023-09-25 23:00","2023","09","25","23:00","","17.5","","12.7","","73","","","","11","","13","","24.1","","100.41","","","","","","NA"
"-79.63","43.68","TORONTO INTL A","6158731","2023-09-26 00:00","2023","09","26","00:00","","17.7","","12.3","","70","","","","11","","17","","24.1","","100.44","","","","","","NA"
"-79.63","43.68","TORONTO INTL A","6158731","2023-09-26 01:00","2023","09","26","01:00","","18.0","","10.5","","61","","","","12","","26","","24.1","","100.46","","","","","","Mostly Cloudy"
"-79.63","43.68","TORONTO INTL A","6158731","2023-09-26 02:00","2023","09","26","02:00","","17.8","","9.9","","60","","","","12","","19","","24.1","","100.45","","","","","","NA"
"-79.63","43.68","TORONTO INTL A","6158731","2023-09-26 03:00","2023","09","26","03:00","","17.1","","10.3","","64","","","","10","","19","","24.1","","100.47","","","","","","NA"
"-79.63","43.68","TORONTO INTL A","6158731","2023-09-26 04:00","2023","09","26","04:00","","16.8","","10.1","","64","","","","11","","21","","24.1","","100.49","","","","","","Mostly Cloudy"
"-79.63","43.68","TORONTO INTL A","6158731","2023-09-26 05:00","2023","09","26","05:00","","16.5","","10.5","","68","","","","11","","17","","24.1","","100.53","","","","","","NA"
"-79.63","43.68","TORONTO INTL A","6158731","2023-09-26 06:00","2023","09","26","06:00","","15.9","","11.5","","74","","","","10","","20","","24.1","","100.58","","","","","","NA"
"-79.63","43.68","TORONTO INTL A","6158731","2023-09-26 07:00","2023","09","26","07:00","","15.9","","11.8","","76","","","","10","","17","","24.1","","100.64","","","","","","Mostly Cloudy"
"-79.63","43.68","TORONTO INTL A","6158731","2023-09-26 08:00","2023","09","26","08:00","","16.4","","10.2","","67","","","","10","","24","","24.1","","100.71","","","","","","NA"
"-79.63","43.68","TORONTO INTL A","6158731","2023-09-26 09:00","2023","09","26","09:00","","17.0","","10.0","","63","","","","11","","22","","24.1","","100.75","","","","","","NA"
"-79.63","43.68","TORONTO INTL A","6158731","2023-09-26 10:00","2023","09","26","10:00","","18.2","","10.4","","60","","","","11","","19","","24.1","","100.76","","","","","","Mostly Cloudy"
"-79.63","43.68","TORONTO INTL A","6158731","2023-09-26 11:00","2023","09","26","11:00","","18.6","","9.5","","55","","","","10","","25","","24.1","","100.75","","","","","","NA"
"-79.63","43.68","TORONTO INTL A","6158731","2023-09-26 12:00","2023","09","26","12:00","","19.2","","9.7","","54","","","","11","","27","","24.1","","100.72","","","","","","NA"
"-79.63","43.68","TORONTO INTL A","6158731","2023-09-26 13:00","2023","09","26","13:00","","19.1","","9.5","","53","","","","10","","27","","24.1","","100.69","","","","","","Mainly Clear"
"-79.63","43.68","TORONTO INTL A","6158731","2023-09-26 14:00","2023","09","26","14:00","","19.7","","10.5","","55","","","","9","","25","","24.1","","100.67","","","","","","NA"
"-79.63","43.68","TORONTO INTL A","6158731","2023-09-26 15:00","2023","09","26","15:00","","19.2","","10.2","","55","","","","7","","27","","24.1","","100.64","","","","","","NA"
"-79.63","43.68","TORONTO INTL A","6158731","2023-09-26 16:00","2023","09","26","16:00","","19.1","","10.8","","58","","","","9","","18","","24.1","","100.64","","","","","","Mainly Clear"
"-79.63","43.68","TORONTO INTL A","6158731","2023-09-26 17:00","2023","09","26","17:00","","18.0","","8.9","","55","","","","9","","26","","19.3","","100.63","","","","","","NA"
"-79.63","43.68","TORONTO INTL A","6158731","2023-09-26 18:00","2023","09","26","18:00","","17.3","","8.5","","56","","","","9","","15","","24.1","","100.64","","","","","","NA"
"-79.63","43.68","TORONTO INTL A","6158731","2023-09-26 19:00","2023","09","26","19:00","","17.4","","8.0","","54","","","","9","","16","","24.1","","100.67","","","","","","Mostly Cloudy"
"-79.63","43.68","TORONTO INTL A","6158731","2023-09-26 20:00","2023","09","26","20:00","","17.0","","9.6","","61","","","","10","","16","","24.1","","100.68","","","","","","NA"
"-79.63","43.68","TORONTO INTL A","6158731","2023-09-26 21:00","2023","09","26","21:00","","16.9","","11.0","","68","","","","11","","19","","24.1","","100.72","","","","","","NA"
"-79.63","43.68","TORONTO INTL A","6158731","2023-09-26 22:00","2023","09","26","22:00","","16.8","","10.6","","67","","","","12","","23","","24.1","","100.73","","","","","","Mostly Cloudy"
"-79.63","43.68","TORONTO INTL A","6158731","2023-09-26 23:00","2023","09","26","23:00","","16.8","","10.6","","66","","","","11","","21","","24.1","","100.70","","","","","","NA"
"-79.63","43.68","TORONTO INTL A","6158731","2023-09-27 00:00","2023","09","27","00:00","","16.8","","10.3","","65","","","","12","","14","","24.1","","100.68","","","","","","NA"
"-79.63","43.68","TORONTO INTL A","6158731","2023-09-27 01:00","2023","09","27","01:00","","16.5","","10.5","","67","","","","13","","18","","24.1","","100.68","","","","","","Cloudy"
"-79.63","43.68","TORONTO INTL A","6158731","2023-09-27 02:00","2023","09","27","02:00","","16.2","","9.3","","63","","","","11","","13","","24.1","","100.61","","","","","","NA"
"-79.63","43.68","TORONTO INTL A","6158731","2023-09-27 03:00","2023","09","27","03:00","","15.9","","10.0","","68","","","","10","","12","","24.1","","100.59","","","","","","NA"
"-79.63","43.68","TORONTO INTL A","6158731","2023-09-27 04:00","2023","09","27","04:00","","15.4","","9.5","","68","","","","11","","15","","24.1","","100.57","","","","","","Mainly Clear"
"-79.63","43.68","TORONTO INTL A","6158731","2023-09-27 05:00","2023","09","27","05:00","","14.8","","9.2","","69","","","","6","","12","","24.1","","100.56","","","","","","NA"
"-79.63","43.68","TORONTO INTL A","6158731","2023-09-27 06:00","2023","09","27","06:00","","14.6","","10.4","","76","","","","8","","14","","24.1","","100.60","","","","","","NA"
"-79.63","43.68","TORONTO INTL A","6158731","2023-09-27 07:00","2023","09","27","07:00","","14.7","","10.8","","77","","","","5","","10","","24.1","","100.66","","","","","","Mostly Cloudy"
"-79.63","43.68","TORONTO INTL A","6158731","2023-09-27 08:00","2023","09","27","08:00","","16.2","","11.4","","73","","","","9","","13","","24.1","","100.67","","","","","","NA"
"-79.63","43.68","TORONTO INTL A","6158731","2023-09-27 09:00","2023","09","27","09:00","","17.5","","9.5","","59","","","","9","","19","","24.1","","100.66","","","","","","NA"
"-79.63","43.68","TORONTO INTL A","6158731","2023-09-27 10:00","2023","09","27","10:00","","17.8","","7.7","","51","","","","10","","26","","24.1","","100.67","","","","","","Mainly Clear"
"-79.63","43.68","TORONTO INTL A","6158731","2023-09-27 11:00","2023","09","27","11:00","","18.6","","9.1","","53","","","","10","","19","","24.1","","100.63","","","","","","NA"
"-79.63","43.68","TORONTO INTL A","6158731","2023-09-27 12:00","2023","09","27","12:00","","18.4","","8.6","","52","","","","11","","23","","24.1","","100.61","","","","","","NA"
"-79.63","43.68","TORONTO INTL A","6158731","2023-09-27 13:00","2023","09","27","13:00","","19.6","","6.0","","41","","","","11","","15","","24.1","","100.55","","","","","","Mainly Clear"
"-79.63","43.68","TORONTO INTL A","6158731","2023-09-27 14:00","2023","09","27","14:00","","20.2","","4.0","","34","","","","11","","18","","24.1","","100.49","","","","","","NA"
"-79.63","43.68","TORONTO INTL A","6158731","2023-09-27 15:00","2023","09","27","15:00","","19.7","","4.8","","37","","","","10","","21","","24.1","","100.42","","","","","","NA"
"-79.63","43.68","TORONTO INTL A","6158731","2023-09-27 16:00","2023","09","27","16:00","","18.6","","-0.3","","28","","","","9","","26","","24.1","","100.35","","","","","","Mostly Cloudy"
"-79.63","43.68","TORONTO INTL A","6158731","2023-09-27 17:00","2023","09","27","17:00","","18.1","","3.5","","38","","","","8","","22","","24.1","","100.35","","","","","","NA"
"-79.63","43.68","TORONTO INTL A","6158731","2023-09-27 18:00","2023","09","27","18:00","","17.4","","-3.1","","24","","","","9","","16","","24.1","","100.36","","","","","","NA"
"-79.63","43.68","TORONTO INTL A","6158731","2023-09-27 19:00","2023","09","27","19:00","","16.5","","3.2","","41","","","","9","","14","","24.1","","100.35","","","","","","Mainly Clear"
"-79.63","43.68","TORONTO INTL A","6158731","2023-09-27 20:00","2023","09","27","20:00","","15.7","","3.7","","45","","","","10","","10","","24.1","","100.36","","","","","","NA"
"-79.63","43.68","TORONTO INTL A","6158731","2023-09-27 21:00","2023","09","27","21:00","","15.4","","3.6","","45","","","","10","","12","","24.1","","100.36","","","","","","NA"
"-79.63","43.68","TORONTO INTL A","6158731","2023-09-27 22:00","2023","09","27","22:00","","15.7","","6.5","","54","","","","10","","14","","24.1","","100.35","","","","","","Mostly Cloudy"
"-79.63","43.68","TORONTO INTL A","6158731","2023-09-27 23:00","2023","09","27","23:00","","15.3","","8.4","","63","","","","10","","11","","24.1","","100.37","","","","","","NA"
"-79.63","43.68","TORONTO INTL A","6158731","2023-09-28 00:00","2023","09","28","00:00","","14.5","","8.8","","68","","","","8","","8","","24.1","","100.33","","","","","","NA"
"-79.63","43.68","TORONTO INTL A","6158731","2023-09-28 01:00","2023","09","28","01:00","","14.2","","10.2","","77","","","","6","","10","","24.1","","100.32","","","","","","Mostly Cloudy"
"-79.63","43.68","TORONTO INTL A","6158731","2023-09-28 02:00","2023","09","28","02:00","","14.1","","10.2","","77","","","","6","","10","","24.1","","100.26","","","","","","NA"
"-79.63","43.68","TORONTO INTL A","6158731","2023-09-28 03:00","2023","09","28","03:00","","13.9","","10.2","","78","","","","8","","8","","24.1","","100.24","","","","","","NA"
"-79.63","43.68","TORONTO INTL A","6158731","2023-09-28 04:00","2023","09","28","04:00","","14.5","","10.6","","77","","","","7","","10","","24.1","","100.20","","","","","","Cloudy"
"-79.63","43.68","TORONTO INTL A","6158731","2023-09-28 05:00","2023","09","28","05:00","","14.8","","11.1","","79","","","","8","","12","","24.1","","100.19","","","","","","NA"
"-79.63","43.68","TORONTO INTL A","6158731","2023-09-28 06:00","2023","09","28","06:00","","14.5","","10.5","","77","","","","9","","9","","24.1","","100.20","","","","","","NA"
"-79.63","43.68","TORONTO INTL A","6158731","2023-09-28 07:00","2023","09","28","07:00","","14.9","","10.4","","74","","","","8","","9","","24.1","","100.25","","","","","","Mostly Cloudy"
"-79.63","43.68","TORONTO INTL A","6158731","2023-09-28 08:00","2023","09","28","08:00","","16.5","","10.2","","66","","","","11","","18","","24.1","","100.28","","","","","","NA"
"-79.63","43.68","TORONTO INTL A","6158731","2023-09-28 09:00","2023","09","28","09:00","","18.0","","9.4","","57","","","","11","","17","","24.1","","100.27","","","","","","NA"
"-79.63","43.68","TORONTO INTL A","6158731","2023-09-28 10:00","2023","09","28","10:00","","16.6","","9.2","","61","","","","12","","16","","24.1","","100.27","","","","","","Mostly Cloudy"
"-79.63","43.68","TORONTO INTL A","6158731","2023-09-28 11:00","2023","09","28","11:00","","16.8","","9.3","","61","","","","11","","19","","24.1","","100.24","","","","","","NA"
"-79.63","43.68","TORONTO INTL A","6158731","2023-09-28 12:00","2023","09","28","12:00","","17.4","","8.8","","57","","","","13","","17","","24.1","","100.19","","","","","","NA"
"-79.63","43.68","TORONTO INTL A","6158731","2023-09-28 13:00","2023","09","28","13:00","","18.1","","8.0","","51","","","","11","","20","","24.1","","100.17","","","","","","Mostly Cloudy"
"-79.63","43.68","TORONTO INTL A","6158731","2023-09-28 14:00","2023","09","28","14:00","","17.7","","9.8","","60","","","","10","","17","","24.1","","100.12","","","","","","NA"
"-79.63","43.68","TORONTO INTL A","6158731","2023-09-28 15:00","2023","09","28","15:00","","17.8","","9.0","","56","","","","9","","29","","24.1","","100.08","","","","","","NA"
"-79.63","43.68","TORONTO INTL A","6158731","2023-09-28 16:00","2023","09","28","16:00","","17.7","","9.7","","59","","","","8","","18","","24.1","","100.06","","","","","","Mostly Cloudy"
"-79.63","43.68","TORONTO INTL A","6158731","2023-09-28 17:00","2023","09","28","17:00","","17.3","","8.7","","57","","","","9","","16","","24.1","","100.06","","","","","","NA"
"-79.63","43.68","TORONTO INTL A","6158731","2023-09-28 18:00","2023","09","28","18:00","","17.0","","10.4","","65","","","","8","","17","","24.1","","100.07","","","","","","NA"
"-79.63","43.68","TORONTO INTL A","6158731","2023-09-28 19:00","2023","09","28","19:00","","16.3","","11.5","","73","","","","8","","8","","24.1","","100.08","","","","","","Mostly Cloudy"
"-79.63","43.68","TORONTO INTL A","6158731","2023-09-28 20:00","2023","09","28","20:00","","16.2","","12.0","","76","","","","8","","10","","24.1","","100.08","","","","","","Rain"
"-79.63","43.68","TORONTO INTL A","6158731","2023-09-28 21:00","2023","09","28","21:00","","16.3","","11.4","","72","","","","8","","12","","24.1","","100.06","","","","","","NA"
"-79.63","43.68","TORONTO INTL A","6158731","2023-09-28 22:00","2023","09","28","22:00","","16.2","","11.5","","73","","","","8","","13","","24.1","","100.05","","","","","","Mostly Cloudy"
"-79.63","43.68","TORONTO INTL A","6158731","2023-09-28 23:00","2023","09","28","23:00","","15.5","","11.7","","78","","","","5","","7","","24.1","","100.03","","","","","","NA"
"-79.63","43.68","TORONTO INTL A","6158731","2023-09-29 00:00","2023","09","29","00:00","","14.9","","11.8","","81","","","","8","","8","","24.1","","100.03","","","","","","NA"
"-79.63","43.68","TORONTO INTL A","6158731","2023-09-29 01:00","2023","09","29","01:00","","15.0","","12.4","","84","","","","13","","7","","16.1","","100.07","","","","","","Mostly Cloudy"
"-79.63","43.68","TORONTO INTL A","6158731","2023-09-29 02:00","2023","09","29","02:00","","14.4","","13.7","","95","","","","6","","4","","19.3","","100.02","","","","","","NA"
"-79.63","43.68","TORONTO INTL A","6158731","2023-09-29 03:00","2023","09","29","03:00","","14.3","","13.8","","97","","","","36","","10","","24.1","","100.02","","","","","","NA"
"-79.63","43.68","TORONTO INTL A","6158731","2023-09-29 04:00","2023","09","29","04:00","","13.6","","13.1","","96","","","","33","","7","","24.1","","100.03","","","","","","Mostly Cloudy"
"-79.63","43.68","TORONTO INTL A","6158731","2023-09-29 05:00","2023","09","29","05:00","","12.4","","11.9","","96","","","","1","","7","","24.1","","100.05","","","","","","NA"
"-79.63","43.68","TORONTO INTL A","6158731","2023-09-29 06:00","2023","09","29","06:00","","12.8","","12.4","","97","","","","4","","8","","24.1","","100.08","","","","","","NA"
"-79.63","43.68","TORONTO INTL A","6158731","2023-09-29 07:00","2023","09","29","07:00","","12.8","","12.4","","98","","","","31","","8","","24.1","","100.13","","","","","","Mostly Cloudy"
"-79.63","43.68","TORONTO INTL A","6158731","2023-09-29 08:00","2023","09","29","08:00","","15.9","","12.8","","82","","","","1","","3","","24.1","","100.15","","","","","","NA"
"-79.63","43.68","TORONTO INTL A","6158731","2023-09-29 09:00","2023","09","29","09:00","","18.2","","12.7","","70","","","","8","","10","","24.1","","100.15","","","","","","NA"
"-79.63","43.68","TORONTO INTL A","6158731","2023-09-29 10:00","2023","09","29","10:00","","19.3","","12.5","","64","","","","11","","10","","24.1","","100.14","","","","","","Clear"
"-79.63","43.68","TORONTO INTL A","6158731","2023-09-29 11:00","2023","09","29","11:00","","20.6","","11.8","","57","","","","8","","5","","24.1","","100.12","","","","","","NA"
"-79.63","43.68","TORONTO INTL A","6158731","2023-09-29 12:00","2023","09","29","12:00","","20.1","","13.3","","65","","","","8","","11","","24.1","","100.13","","","","","","NA"
"-79.63","43.68","TORONTO INTL A","6158731","2023-09-29 13:00","2023","09","29","13:00","","20.8","","12.8","","60","","","","12","","18","","24.1","","100.09","","","","","","Mainly Clear"
"-79.63","43.68","TORONTO INTL A","6158731","2023-09-29 14:00","2023","09","29","14:00","","20.6","","12.4","","59","","","","11","","9","","24.1","","100.07","","","","","","NA"
"-79.63","43.68","TORONTO INTL A","6158731","2023-09-29 15:00","2023","09","29","15:00","","20.4","","12.2","","59","","","","10","","12","","24.1","","100.07","","","","","","NA"
"-79.63","43.68","TORONTO INTL A","6158731","2023-09-29 16:00","2023","09","29","16:00","","20.1","","12.5","","61","","","","12","","8","","24.1","","100.06","","","","","","Clear"
"-79.63","43.68","TORONTO INTL A","6158731","2023-09-29 17:00","2023","09","29","17:00","","18.9","","13.0","","69","","","","10","","10","","24.1","","100.09","","","","","","NA"
"-79.63","43.68","TORONTO INTL A","6158731","2023-09-29 18:00","2023","09","29","18:00","","18.1","","13.4","","74","","","","9","","9","","24.1","","100.15","","","","","","NA"
"-79.63","43.68","TORONTO INTL A","6158731","2023-09-29 19:00","2023","09","29","19:00","","17.6","","13.5","","77","","","","11","","8","","24.1","","100.19","","","","","","Clear"
"-79.63","43.68","TORONTO INTL A","6158731","2023-09-29 20:00","2023","09","29","20:00","","16.8","","13.8","","82","","","","6","","9","","24.1","","100.21","","","","","","NA"
"-79.63","43.68","TORONTO INTL A","6158731","2023-09-29 21:00","2023","09","29","21:00","","16.3","","14.4","","89","","","","9","","7","","24.1","","100.18","","","","","","NA"
"-79.63","43.68","TORONTO INTL A","6158731","2023-09-29 22:00","2023","09","29","22:00","","15.7","","14.1","","91","","","","7","","4","","24.1","","100.18","","","","","","Mainly Clear"
"-79.63","43.68","TORONTO INTL A","6158731","2023-09-29 23:00","2023","09","29","23:00","","15.5","","14.9","","96","","","","4","","5","","19.3","","100.17","","","","","","NA"
"-79.63","43.68","TORONTO INTL A","6158731","2023-09-30 00:00","2023","09","30","00:00","","15.6","","15.3","","98","","","","4","","3","","19.3","","100.13","","","","","","NA"
"-79.63","43.68","TORONTO INTL A","6158731","2023-09-30 01:00","2023","09","30","01:00","","14.8","","14.7","","99","","","","2","","8","","19.3","","100.13","","","","","","Mainly Clear"
"-79.63","43.68","TORONTO INTL A","6158731","2023-09-30 02:00","2023","09","30","02:00","","14.7","","14.3","","98","","","","33","","9","","16.1","","100.15","","","","","","NA"
"-79.63","43.68","TORONTO INTL A","6158731","2023-09-30 03:00","2023","09","30","03:00","","13.8","","13.4","","97","","","","2","","9","","16.1","","100.18","","","","","","NA"
"-79.63","43.68","TORONTO INTL A","6158731","2023-09-30 04:00","2023","09","30","04:00","","13.6","","13.3","","99","","","","33","","11","","16.1","","100.22","","","","","","Mainly Clear"
"-79.63","43.68","TORONTO INTL A","6158731","2023-09-30 05:00","2023","09","30","05:00","","12.9","","12.7","","99","","","","34","","9","","16.1","","100.31","","","","","","NA"
"-79.63","43.68","TORONTO INTL A","6158731","2023-09-30 06:00","2023","09","30","06:00","","12.4","","12.4","","100","","","","3","","8","","19.3","","100.33","","","","","","NA"
"-79.63","43.68","TORONTO INTL A","6158731","2023-09-30 07:00","2023","09","30","07:00","","13.9","","13.4","","97","","","","35","","7","","19.3","","100.40","","","","","","Clear"
"-79.63","43.68","TORONTO INTL A","6158731","2023-09-30 08:00","2023","09","30","08:00","","15.7","","13.9","","89","","","","2","","8","","24.1","","100.42","","","","","","NA"
"-79.63","43.68","TORONTO INTL A","6158731","2023-09-30 09:00","2023","09","30","09:00","","18.2","","14.6","","79","","","","2","","8","","24.1","","100.48","","","","","","NA"
"-79.63","43.68","TORONTO INTL A","6158731","2023-09-30 10:00","2023","09","30","10:00","","20.0","","14.0","","68","","","","2","","5","","24.1","","100.48","","","","","","Clear"
"-79.63","43.68","TORONTO INTL A","6158731","2023-09-30 11:00","2023","09","30","11:00","","21.5","","13.7","","61","","","","6","","7","","24.1","","100.48","","25","","","","NA"
"-79.63","43.68","TORONTO INTL A","6158731","2023-09-30 12:00","2023","09","30","12:00","","22.2","","13.5","","57","","","","36","","3","","24.1","","100.41","","25","","","","NA"
"-79.63","43.68","TORONTO INTL A","6158731","2023-09-30 13:00","2023","09","30","13:00","","22.0","","14.6","","62","","","","14","","9","","24.1","","100.40","","26","","","","Clear"
"-79.63","43.68","TORONTO INTL A","6158731","2023-09-30 14:00","2023","09","30","14:00","","22.1","","15.0","","64","","","","16","","14","","24.1","","100.36","","26","","","","NA"
"-79.63","43.68","TORONTO INTL A","6158731","2023-09-30 15:00","2023","09","30","15:00","","21.8","","14.6","","63","","","","15","","15","","24.1","","100.31","","26","","","","NA"
"-79.63","43.68","TORONTO INTL A","6158731","2023-09-30 16:00","2023","09","30","16:00","","21.8","","14.6","","63","","","","15","","14","","24.1","","100.31","","26","","","","Clear"
"-79.63","43.68","TORONTO INTL A","6158731","2023-09-30 17:00","2023","09","30","17:00","","21.1","","14.1","","64","","","","16","","9","","24.1","","100.35","","25","","","","NA"
"-79.63","43.68","TORONTO INTL A","6158731","2023-09-30 18:00","2023","09","30","18:00","","20.1","","13.9","","67","","","","15","","10","","24.1","","100.34","","","","","","NA"
"-79.63","43.68","TORONTO INTL A","6158731","2023-09-30 19:00","2023","09","30","19:00","","19.2","","13.8","","71","","","","15","","7","","24.1","","100.36","","","","","","Clear"
"-79.63","43.68","TORONTO INTL A","6158731","2023-09-30 20:00","2023","09","30","20:00","","18.9","","13.7","","71","","","","12","","3","","24.1","","100.40","","","","","","NA"
"-79.63","43.68","TORONTO INTL A","6158731","2023-09-30 21:00","2023","09","30","21:00","","18.6","","13.6","","72","","","","","","0","","24.1","","100.40","","","","","","NA"
"-79.63","43.68","TORONTO INTL A","6158731","2023-09-30 22:00","2023","09","30","22:00","","18.6","","13.2","","71","","","","31","","9","","24.1","","100.45","","","","","","Clear"
"-79.63","43.68","TORONTO INTL A","6158731","2023-09-30 23:00","2023","09","30","23:00","","15.8","","13.3","","85","","","","31","","9","","24.1","","100.46","","","","","","NA"
