"Longitude (x)","Latitude (y)","Station Name","Climate ID","Date/Time (LST)","Year","Month","Day","Time (LST)","Flag","Temp (°C)","Temp Flag","Dew Point Temp (°C)","Dew Point Temp Flag","Rel Hum (%)","Rel Hum Flag","Precip. Amount (mm)","Precip. Amount Flag","Wind Dir (10s deg)","Wind Dir Flag","Wind Spd (km/h)","Wind Spd Flag","Visibility (km)","Visibility Flag","Stn Press (kPa)","Stn Press Flag","Hmdx","Hmdx Flag","Wind Chill","Wind Chill Flag","Weather"
"-79.63","43.68","TORONTO INTL A","6158731","2025-03-01 00:00","2025","03","01","00:00","","3.8","","1.4","","85","","","","25","","25","","24.1","","97.10","","","","","","NA"
"-79.63","43.68","TORONTO INTL A","6158731","2025-03-01 01:00","2025","03","01","01:00","","3.6","","2.0","","89","","","","24","","25","","24.1","","97.10","","","","","","Mostly Cloudy"
"-79.63","43.68","TORONTO INTL A","6158731","2025-03-01 02:00","2025","03","01","02:00","","3.0","","-1.2","","74","","","","28","","39","","24.1","","97.16","","","","","","NA"
"-79.63","43.68","TORONTO INTL A","6158731","2025-03-01 03:00","2025","03","01","03:00","","1.1","","-3.2","","73","","","","29","","49","","24.1","","97.28","","","","","","NA"
"-79.63","43.68","TORONTO INTL A","6158731","2025-03-01 04:00","2025","03","01","04:00","","-1.9","","-6.2","","73","","","","30","","43","","24.1","","97.50","","","","-10","","Cloudy"
"-79.63","43.68","TORONTO INTL A","6158731","2025-03-01 05:00","2025","03","01","05:00","","-4.3","","-9.1","","70","","","","29","","43","","24.1","","97.69","","","","-13","","NA"
"-79.63","43.68","TORONTO INTL A","6158731","2025-03-01 06:00","2025","03","01","06:00","","-5.8","","-11.9","","62","","","","29","","48","","24.1","","97.85","","","","-16","","NA"
"-79.63","43.68","TORONTO INTL A","6158731","2025-03-01 07:00","2025","03","01","07:00","","-7.2","","-13.5","","61","","","","29","","41","","24.1","","97.98","","","","-17","","Mainly Clear"
"-79.63","43.68","TORONTO INTL A","6158731","2025-03-01 08:00","2025","03","01","08:00","","-7.8","","-14.4","","59","","","","30","","45","","24.1","","98.16","","","","-18","","NA"
"-79.63","43.68","TORONTO INTL A","6158731","2025-03-01 09:00","2025","03","01","09:00","","-7.8","","-14.1","","61","","","","29","","39","","24.1","","98.30","","","","-18","","NA"
"-79.63","43.68","TORONTO INTL A","6158731","2025-03-01 10:00","2025","03","01","10:00","","-7.9","","-15.0","","57","","","","31","","43","","24.1","","98.43","","","","-18","","Mainly Clear"
"-79.63","43.68","TORONTO INTL A","6158731","2025-03-01 11:00","2025","03","01","11:00","","-8.0","","-15.9","","53","","","","30","","45","","24.1","","98.57","","","","-19","","NA"
"-79.63","43.68","TORONTO INTL A","6158731","2025-03-01 12:00","2025","03","01","12:00","","-7.4","","-14.8","","56","","","","31","","41","","24.1","","98.71","","","","-17","","NA"
"-79.63","43.68","TORONTO INTL A","6158731","2025-03-01 13:00","2025","03","01","13:00","","-7.5","","-15.4","","54","","","","30","","39","","24.1","","98.82","","","","-17","","Mostly Cloudy"
"-79.63","43.68","TORONTO INTL A","6158731","2025-03-01 14:00","2025","03","01","14:00","","-7.3","","-15.6","","52","","","","30","","43","","24.1","","98.90","","","","-17","","NA"
"-79.63","43.68","TORONTO INTL A","6158731","2025-03-01 15:00","2025","03","01","15:00","","-7.3","","-15.4","","53","","","","30","","41","","24.1","","99.04","","","","-17","","NA"
"-79.63","43.68","TORONTO INTL A","6158731","2025-03-01 16:00","2025","03","01","16:00","","-8.0","","-16.1","","52","","","","30","","36","","24.1","","99.15","","","","-18","","Mostly Cloudy"
"-79.63","43.68","TORONTO INTL A","6158731","2025-03-01 17:00","2025","03","01","17:00","","-8.3","","-16.0","","54","","","","31","","31","","24.1","","99.28","","","","-17","","NA"
"-79.63","43.68","TORONTO INTL A","6158731","2025-03-01 18:00","2025","03","01","18:00","","-9.2","","-17.7","","51","","","","30","","37","","24.1","","99.41","","","","-19","","NA"
"-79.63","43.68","TORONTO INTL A","6158731","2025-03-01 19:00","2025","03","01","19:00","","-9.8","","-17.0","","56","","","","31","","35","","24.1","","99.55","","","","-20","","Mainly Clear"
"-79.63","43.68","TORONTO INTL A","6158731","2025-03-01 20:00","2025","03","01","20:00","","-10.5","","-16.9","","59","","","","30","","22","","24.1","","99.61","","","","-19","","NA"
"-79.63","43.68","TORONTO INTL A","6158731","2025-03-01 21:00","2025","03","01","21:00","","-10.7","","-16.3","","63","","","","30","","26","","24.1","","99.65","","","","-20","","NA"
"-79.63","43.68","TORONTO INTL A","6158731","2025-03-01 22:00","2025","03","01","22:00","","-11.0","","-16.7","","63","","","","29","","26","","24.1","","99.69","","","","-20","","Mostly Cloudy"
"-79.63","43.68","TORONTO INTL A","6158731","2025-03-01 23:00","2025","03","01","23:00","","-11.1","","-17.1","","62","","","","30","","22","","24.1","","99.71","","","","-20","","NA"
"-79.63","43.68","TORONTO INTL A","6158731","2025-03-02 00:00","2025","03","02","00:00","","-11.1","","-17.4","","60","","","","34","","19","","24.1","","99.78","","","","-19","","NA"
"-79.63","43.68","TORONTO INTL A","6158731","2025-03-02 01:00","2025","03","02","01:00","","-12.6","","-17.1","","69","","","","36","","22","","24.1","","99.85","","","","-22","","Mainly Clear"
"-79.63","43.68","TORONTO INTL A","6158731","2025-03-02 02:00","2025","03","02","02:00","","-14.1","","-19.9","","62","","","","36","","21","","24.1","","99.96","","","","-23","","NA"
"-79.63","43.68","TORONTO INTL A","6158731","2025-03-02 03:00","2025","03","02","03:00","","-14.9","","-22.0","","55","","","","35","","26","","24.1","","99.99","","","","-25","","NA"
"-79.63","43.68","TORONTO INTL A","6158731","2025-03-02 04:00","2025","03","02","04:00","","-15.5","","-22.1","","57","","","","34","","18","","24.1","","99.99","","","","-24","","Clear"
"-79.63","43.68","TORONTO INTL A","6158731","2025-03-02 05:00","2025","03","02","05:00","","-15.8","","-22.5","","57","","","","34","","12","","24.1","","100.07","","","","-23","","NA"
"-79.63","43.68","TORONTO INTL A","6158731","2025-03-02 06:00","2025","03","02","06:00","","-15.5","","-22.2","","57","","","","33","","12","","24.1","","100.14","","","","-23","","NA"
"-79.63","43.68","TORONTO INTL A","6158731","2025-03-02 07:00","2025","03","02","07:00","","-15.3","","-22.3","","56","","","","32","","9","","24.1","","100.23","","","","-21","","Mostly Cloudy"
"-79.63","43.68","TORONTO INTL A","6158731","2025-03-02 08:00","2025","03","02","08:00","","-14.7","","-21.7","","56","","","","24","","9","","24.1","","100.25","","","","-20","","NA"
"-79.63","43.68","TORONTO INTL A","6158731","2025-03-02 09:00","2025","03","02","09:00","","-13.6","","-20.6","","56","","","","23","","10","","24.1","","100.27","","","","-20","","NA"
"-79.63","43.68","TORONTO INTL A","6158731","2025-03-02 10:00","2025","03","02","10:00","","-12.2","","-18.7","","59","","","","25","","9","","24.1","","100.28","","","","-17","","Cloudy"
"-79.63","43.68","TORONTO INTL A","6158731","2025-03-02 11:00","2025","03","02","11:00","","-10.6","","-17.1","","59","","","","22","","10","","24.1","","100.23","","","","-16","","NA"
"-79.63","43.68","TORONTO INTL A","6158731","2025-03-02 12:00","2025","03","02","12:00","","-8.6","","-14.7","","62","","","","26","","18","","24.1","","100.22","","","","-16","","NA"
"-79.63","43.68","TORONTO INTL A","6158731","2025-03-02 13:00","2025","03","02","13:00","","-7.5","","-13.7","","61","","","","23","","15","","24.1","","100.16","","","","-14","","Mostly Cloudy"
"-79.63","43.68","TORONTO INTL A","6158731","2025-03-02 14:00","2025","03","02","14:00","","-6.1","","-11.8","","64","","","","25","","21","","24.1","","100.10","","","","-13","","NA"
"-79.63","43.68","TORONTO INTL A","6158731","2025-03-02 15:00","2025","03","02","15:00","","-5.6","","-12.4","","59","","","","26","","20","","24.1","","100.07","","","","-12","","NA"
"-79.63","43.68","TORONTO INTL A","6158731","2025-03-02 16:00","2025","03","02","16:00","","-5.3","","-12.0","","60","","","","27","","20","","24.1","","100.04","","","","-12","","Mostly Cloudy"
"-79.63","43.68","TORONTO INTL A","6158731","2025-03-02 17:00","2025","03","02","17:00","","-5.2","","-12.5","","57","","","","28","","17","","24.1","","100.05","","","","-11","","NA"
"-79.63","43.68","TORONTO INTL A","6158731","2025-03-02 18:00","2025","03","02","18:00","","-5.4","","-11.1","","64","","","","27","","19","","24.1","","100.08","","","","-12","","NA"
"-79.63","43.68","TORONTO INTL A","6158731","2025-03-02 19:00","2025","03","02","19:00","","-5.6","","-9.6","","74","","","","26","","13","","24.1","","100.11","","","","-11","","Mostly Cloudy"
"-79.63","43.68","TORONTO INTL A","6158731","2025-03-02 20:00","2025","03","02","20:00","","-5.9","","-9.7","","74","","","","27","","16","","24.1","","100.12","","","","-12","","NA"
"-79.63","43.68","TORONTO INTL A","6158731","2025-03-02 21:00","2025","03","02","21:00","","-5.9","","-9.9","","74","","","","26","","12","","24.1","","100.15","","","","-11","","NA"
"-79.63","43.68","TORONTO INTL A","6158731","2025-03-02 22:00","2025","03","02","22:00","","-5.9","","-9.8","","74","","","","28","","13","","24.1","","100.19","","","","-11","","Mostly Cloudy"
"-79.63","43.68","TORONTO INTL A","6158731","2025-03-02 23:00","2025","03","02","23:00","","-6.4","","-10.0","","76","","","","26","","12","","24.1","","100.18","","","","-12","","NA"
"-79.63","43.68","TORONTO INTL A","6158731","2025-03-03 00:00","2025","03","03","00:00","","-8.1","","-11.1","","79","","","","25","","10","","24.1","","100.16","","","","-13","","NA"
"-79.63","43.68","TORONTO INTL A","6158731","2025-03-03 01:00","2025","03","03","01:00","","-8.0","","-11.5","","76","","","","25","","9","","24.1","","100.19","","","","-13","","Mainly Clear"
"-79.63","43.68","TORONTO INTL A","6158731","2025-03-03 02:00","2025","03","03","02:00","","-7.3","","-11.4","","73","","","","25","","9","","24.1","","100.19","","","","-12","","NA"
"-79.63","43.68","TORONTO INTL A","6158731","2025-03-03 03:00","2025","03","03","03:00","","-7.3","","-11.7","","71","","","","27","","13","","24.1","","100.20","","","","-13","","NA"
"-79.63","43.68","TORONTO INTL A","6158731","2025-03-03 04:00","2025","03","03","04:00","","-7.0","","-11.4","","71","","","","25","","10","","24.1","","100.18","","","","-12","","Mostly Cloudy"
"-79.63","43.68","TORONTO INTL A","6158731","2025-03-03 05:00","2025","03","03","05:00","","-7.0","","-11.0","","73","","","","25","","8","","24.1","","100.18","","","","-11","","NA"
"-79.63","43.68","TORONTO INTL A","6158731","2025-03-03 06:00","2025","03","03","06:00","","-6.3","","-10.8","","71","","","","22","","12","","24.1","","100.21","","","","-11","","NA"
"-79.63","43.68","TORONTO INTL A","6158731","2025-03-03 07:00","2025","03","03","07:00","","-6.2","","-10.0","","74","","","","22","","13","","24.1","","100.22","","","","-12","","Mostly Cloudy"
"-79.63","43.68","TORONTO INTL A","6158731","2025-03-03 08:00","2025","03","03","08:00","","-5.6","","-9.6","","74","","","","21","","10","","24.1","","100.24","","","","-10","","NA"
"-79.63","43.68","TORONTO INTL A","6158731","2025-03-03 09:00","2025","03","03","09:00","","-4.1","","-8.8","","70","","","","20","","12","","24.1","","100.18","","","","-9","","NA"
"-79.63","43.68","TORONTO INTL A","6158731","2025-03-03 10:00","2025","03","03","10:00","","-2.7","","-8.9","","63","","","","21","","13","","24.1","","100.14","","","","-7","","Mostly Cloudy"
"-79.63","43.68","TORONTO INTL A","6158731","2025-03-03 11:00","2025","03","03","11:00","","-1.2","","-8.9","","56","","","","21","","14","","24.1","","100.11","","","","-6","","NA"
"-79.63","43.68","TORONTO INTL A","6158731","2025-03-03 12:00","2025","03","03","12:00","","0.0","","-9.0","","51","","","","20","","19","","24.1","","100.08","","","","-5","","NA"
"-79.63","43.68","TORONTO INTL A","6158731","2025-03-03 13:00","2025","03","03","13:00","","0.7","","-8.4","","51","","","","20","","22","","24.1","","99.96","","","","","","Mostly Cloudy"
"-79.63","43.68","TORONTO INTL A","6158731","2025-03-03 14:00","2025","03","03","14:00","","1.3","","-8.3","","49","","","","20","","20","","24.1","","99.94","","","","","","NA"
"-79.63","43.68","TORONTO INTL A","6158731","2025-03-03 15:00","2025","03","03","15:00","","1.6","","-8.3","","48","","","","20","","19","","24.1","","99.88","","","","","","NA"
"-79.63","43.68","TORONTO INTL A","6158731","2025-03-03 16:00","2025","03","03","16:00","","2.6","","-10.1","","39","","","","23","","26","","24.1","","99.81","","","","","","Mostly Cloudy"
"-79.63","43.68","TORONTO INTL A","6158731","2025-03-03 17:00","2025","03","03","17:00","","2.1","","-7.8","","48","","","","23","","19","","24.1","","99.80","","","","","","NA"
"-79.63","43.68","TORONTO INTL A","6158731","2025-03-03 18:00","2025","03","03","18:00","","1.2","","-6.8","","55","","","","21","","13","","24.1","","99.79","","","","","","NA"
"-79.63","43.68","TORONTO INTL A","6158731","2025-03-03 19:00","2025","03","03","19:00","","0.6","","-7.1","","56","","","","22","","16","","24.1","","99.79","","","","","","Mainly Clear"
"-79.63","43.68","TORONTO INTL A","6158731","2025-03-03 20:00","2025","03","03","20:00","","0.8","","-7.4","","54","","","","21","","9","","24.1","","99.74","","","","","","NA"
"-79.63","43.68","TORONTO INTL A","6158731","2025-03-03 21:00","2025","03","03","21:00","","1.2","","-7.8","","51","","","","21","","14","","24.1","","99.71","","","","","","NA"
"-79.63","43.68","TORONTO INTL A","6158731","2025-03-03 22:00","2025","03","03","22:00","","0.6","","-7.1","","56","","","","21","","14","","24.1","","99.70","","","","","","Mostly Cloudy"
"-79.63","43.68","TORONTO INTL A","6158731","2025-03-03 23:00","2025","03","03","23:00","","0.2","","-7.0","","58","","","","21","","12","","24.1","","99.66","","","","","","NA"
"-79.63","43.68","TORONTO INTL A","6158731","2025-03-04 00:00","2025","03","04","00:00","","-0.6","","-7.0","","62","","","","21","","11","","24.1","","99.65","","","","-4","","NA"
"-79.63","43.68","TORONTO INTL A","6158731","2025-03-04 01:00","2025","03","04","01:00","","-0.4","","-6.8","","62","","","","21","","13","","24.1","","99.58","","","","-5","","Mostly Cloudy"
"-79.63","43.68","TORONTO INTL A","6158731","2025-03-04 02:00","2025","03","04","02:00","","0.2","","-6.5","","61","","","","22","","14","","24.1","","99.52","","","","","","NA"
"-79.63","43.68","TORONTO INTL A","6158731","2025-03-04 03:00","2025","03","04","03:00","","0.5","","-6.5","","59","","","","21","","12","","24.1","","99.46","","","","","","NA"
"-79.63","43.68","TORONTO INTL A","6158731","2025-03-04 04:00","2025","03","04","04:00","","0.9","","-6.1","","59","","","","17","","12","","24.1","","99.37","","","","","","Rain"
"-79.63","43.68","TORONTO INTL A","6158731","2025-03-04 05:00","2025","03","04","05:00","","0.9","","-4.6","","66","","","","16","","7","","16.1","","99.37","","","","","","Rain"
"-79.63","43.68","TORONTO INTL A","6158731","2025-03-04 06:00","2025","03","04","06:00","","1.3","","-4.5","","65","","","","14","","7","","24.1","","99.35","","","","","","NA"
"-79.63","43.68","TORONTO INTL A","6158731","2025-03-04 07:00","2025","03","04","07:00","","1.6","","-4.8","","62","","","","14","","7","","24.1","","99.35","","","","","","Cloudy"
"-79.63","43.68","TORONTO INTL A","6158731","2025-03-04 08:00","2025","03","04","08:00","","2.0","","-4.8","","61","","","","14","","8","","24.1","","99.36","","","","","","NA"
"-79.63","43.68","TORONTO INTL A","6158731","2025-03-04 09:00","2025","03","04","09:00","","2.5","","-3.4","","65","","","","14","","8","","24.1","","99.34","","","","","","NA"
"-79.63","43.68","TORONTO INTL A","6158731","2025-03-04 10:00","2025","03","04","10:00","","3.8","","-3.7","","58","","","","21","","10","","24.1","","99.33","","","","","","Rain"
"-79.63","43.68","TORONTO INTL A","6158731","2025-03-04 11:00","2025","03","04","11:00","","3.3","","0.8","","84","","","","20","","8","","19.3","","99.24","","","","","","Rain"
"-79.63","43.68","TORONTO INTL A","6158731","2025-03-04 12:00","2025","03","04","12:00","","3.7","","0.6","","80","","","","16","","7","","24.1","","99.15","","","","","","Rain"
"-79.63","43.68","TORONTO INTL A","6158731","2025-03-04 13:00","2025","03","04","13:00","","4.0","","0.6","","79","","","","14","","5","","24.1","","99.04","","","","","","Cloudy"
"-79.63","43.68","TORONTO INTL A","6158731","2025-03-04 14:00","2025","03","04","14:00","","4.6","","-0.7","","68","","","","14","","9","","24.1","","98.95","","","","","","NA"
"-79.63","43.68","TORONTO INTL A","6158731","2025-03-04 15:00","2025","03","04","15:00","","6.2","","-1.2","","59","","","","19","","10","","24.1","","98.89","","","","","","NA"
"-79.63","43.68","TORONTO INTL A","6158731","2025-03-04 16:00","2025","03","04","16:00","","6.9","","-2.0","","53","","","","22","","13","","24.1","","98.86","","","","","","Cloudy"
"-79.63","43.68","TORONTO INTL A","6158731","2025-03-04 17:00","2025","03","04","17:00","","6.3","","-1.0","","59","","","","21","","7","","24.1","","98.85","","","","","","NA"
"-79.63","43.68","TORONTO INTL A","6158731","2025-03-04 18:00","2025","03","04","18:00","","6.5","","-1.9","","55","","","","10","","3","","24.1","","98.90","","","","","","NA"
"-79.63","43.68","TORONTO INTL A","6158731","2025-03-04 19:00","2025","03","04","19:00","","5.0","","-1.5","","63","","","","8","","9","","24.1","","98.83","","","","","","Cloudy"
"-79.63","43.68","TORONTO INTL A","6158731","2025-03-04 20:00","2025","03","04","20:00","","5.3","","-1.2","","63","","","","7","","8","","24.1","","98.76","","","","","","NA"
"-79.63","43.68","TORONTO INTL A","6158731","2025-03-04 21:00","2025","03","04","21:00","","5.0","","-0.9","","66","","","","8","","7","","24.1","","98.69","","","","","","NA"
"-79.63","43.68","TORONTO INTL A","6158731","2025-03-04 22:00","2025","03","04","22:00","","3.4","","-0.4","","76","","","","14","","10","","24.1","","98.66","","","","","","Mostly Cloudy"
"-79.63","43.68","TORONTO INTL A","6158731","2025-03-04 23:00","2025","03","04","23:00","","3.5","","-1.4","","70","","","","7","","7","","24.1","","98.62","","","","","","NA"
"-79.63","43.68","TORONTO INTL A","6158731","2025-03-05 00:00","2025","03","05","00:00","","3.4","","-1.1","","72","","","","4","","9","","24.1","","98.54","","","","","","NA"
"-79.63","43.68","TORONTO INTL A","6158731","2025-03-05 01:00","2025","03","05","01:00","","3.4","","-1.2","","72","","","","4","","12","","24.1","","98.40","","","","","","Mostly Cloudy"
"-79.63","43.68","TORONTO INTL A","6158731","2025-03-05 02:00","2025","03","05","02:00","","2.9","","-0.3","","79","","","","1","","7","","24.1","","98.33","","","","","","NA"
"-79.63","43.68","TORONTO INTL A","6158731","2025-03-05 03:00","2025","03","05","03:00","","2.2","","1.0","","92","","","","36","","7","","24.1","","98.30","","","","","","NA"
"-79.63","43.68","TORONTO INTL A","6158731","2025-03-05 04:00","2025","03","05","04:00","","3.1","","1.3","","88","","","","8","","10","","16.1","","98.20","","","","","","Rain"
"-79.63","43.68","TORONTO INTL A","6158731","2025-03-05 05:00","2025","03","05","05:00","","2.9","","2.9","","100","","","","14","","8","","16.1","","98.17","","","","","","Rain"
"-79.63","43.68","TORONTO INTL A","6158731","2025-03-05 06:00","2025","03","05","06:00","","2.8","","2.8","","100","","","","11","","8","","9.7","","98.03","","","","","","Rain,Fog"
"-79.63","43.68","TORONTO INTL A","6158731","2025-03-05 07:00","2025","03","05","07:00","","3.0","","3.0","","100","","","","9","","14","","6.4","","97.91","","","","","","Moderate Rain,Fog"
"-79.63","43.68","TORONTO INTL A","6158731","2025-03-05 08:00","2025","03","05","08:00","","3.5","","3.5","","100","","","","9","","15","","6.4","","97.68","","","","","","Rain,Fog"
"-79.63","43.68","TORONTO INTL A","6158731","2025-03-05 09:00","2025","03","05","09:00","","4.5","","4.5","","100","","","","10","","21","","8.1","","97.57","","","","","","Rain,Fog"
"-79.63","43.68","TORONTO INTL A","6158731","2025-03-05 10:00","2025","03","05","10:00","","4.7","","4.7","","100","","","","10","","22","","9.7","","97.40","","","","","","Rain,Fog"
"-79.63","43.68","TORONTO INTL A","6158731","2025-03-05 11:00","2025","03","05","11:00","","5.5","","5.5","","100","","","","10","","10","","9.7","","97.28","","","","","","Rain,Fog"
"-79.63","43.68","TORONTO INTL A","6158731","2025-03-05 12:00","2025","03","05","12:00","","5.8","","5.8","","100","","","","8","","16","","9.7","","97.13","","","","","","Fog"
"-79.63","43.68","TORONTO INTL A","6158731","2025-03-05 13:00","2025","03","05","13:00","","5.9","","5.9","","100","","","","9","","5","","9.7","","97.03","","","","","","Fog"
"-79.63","43.68","TORONTO INTL A","6158731","2025-03-05 14:00","2025","03","05","14:00","","6.0","","6.0","","100","","","","11","","21","","8.1","","96.86","","","","","","Rain,Fog"
"-79.63","43.68","TORONTO INTL A","6158731","2025-03-05 15:00","2025","03","05","15:00","","6.4","","6.4","","100","","","","11","","13","","8.1","","96.75","","","","","","Rain,Fog"
"-79.63","43.68","TORONTO INTL A","6158731","2025-03-05 16:00","2025","03","05","16:00","","7.0","","7.0","","100","","","","2","","7","","6.4","","96.71","","","","","","Rain,Fog"
"-79.63","43.68","TORONTO INTL A","6158731","2025-03-05 17:00","2025","03","05","17:00","","6.6","","6.6","","100","","","","6","","7","","6.4","","96.68","","","","","","Rain Showers,Fog"
"-79.63","43.68","TORONTO INTL A","6158731","2025-03-05 18:00","2025","03","05","18:00","","6.8","","6.8","","100","","","","9","","5","","2.0","","96.67","","","","","","Fog"
"-79.63","43.68","TORONTO INTL A","6158731","2025-03-05 19:00","2025","03","05","19:00","","5.3","","5.3","","100","","","","","","0","","0.2","","96.63","","","","","","Fog"
"-79.63","43.68","TORONTO INTL A","6158731","2025-03-05 20:00","2025","03","05","20:00","","4.8","","4.8","","100","","","","23","","6","","0.2","","96.67","","","","","","Fog"
"-79.63","43.68","TORONTO INTL A","6158731","2025-03-05 21:00","2025","03","05","21:00","","5.0","","5.0","","100","","","","15","","8","","0.4","","96.71","","","","","","Drizzle,Fog"
"-79.63","43.68","TORONTO INTL A","6158731","2025-03-05 22:00","2025","03","05","22:00","","5.7","","5.7","","100","","","","22","","29","","12.9","","96.74","","","","","","Rain"
"-79.63","43.68","TORONTO INTL A","6158731","2025-03-05 23:00","2025","03","05","23:00","","3.3","","3.3","","100","","","","23","","25","","24.1","","96.76","","","","","","NA"
"-79.63","43.68","TORONTO INTL A","6158731","2025-03-06 00:00","2025","03","06","00:00","","3.0","","1.9","","92","","","","21","","18","","24.1","","96.80","","","","","","NA"
"-79.63","43.68","TORONTO INTL A","6158731","2025-03-06 01:00","2025","03","06","01:00","","2.9","","1.3","","89","","","","21","","26","","24.1","","96.78","","","","","","Mostly Cloudy"
"-79.63","43.68","TORONTO INTL A","6158731","2025-03-06 02:00","2025","03","06","02:00","","2.4","","1.3","","92","","","","21","","24","","16.1","","96.74","","","","","","Drizzle"
"-79.63","43.68","TORONTO INTL A","6158731","2025-03-06 03:00","2025","03","06","03:00","","2.1","","1.2","","94","","","","21","","27","","24.1","","96.70","","","","","","Drizzle"
"-79.63","43.68","TORONTO INTL A","6158731","2025-03-06 04:00","2025","03","06","04:00","","2.1","","1.2","","94","","","","22","","23","","24.1","","96.73","","","","","","Cloudy"
"-79.63","43.68","TORONTO INTL A","6158731","2025-03-06 05:00","2025","03","06","05:00","","2.1","","1.2","","94","","","","24","","24","","24.1","","96.80","","","","","","NA"
"-79.63","43.68","TORONTO INTL A","6158731","2025-03-06 06:00","2025","03","06","06:00","","1.0","","-0.8","","88","","","","25","","32","","24.1","","96.93","","","","","","NA"
"-79.63","43.68","TORONTO INTL A","6158731","2025-03-06 07:00","2025","03","06","07:00","","0.2","","-2.6","","81","","","","25","","45","","24.1","","97.07","","","","","","Mostly Cloudy"
"-79.63","43.68","TORONTO INTL A","6158731","2025-03-06 08:00","2025","03","06","08:00","","-0.5","","-2.8","","85","","","","26","","30","","24.1","","97.20","","","","-7","","NA"
"-79.63","43.68","TORONTO INTL A","6158731","2025-03-06 09:00","2025","03","06","09:00","","-1.4","","-6.3","","69","","","","29","","41","","24.1","","97.37","","","","-9","","NA"
"-79.63","43.68","TORONTO INTL A","6158731","2025-03-06 10:00","2025","03","06","10:00","","-2.2","","-7.4","","68","","","","28","","37","","24.1","","97.49","","","","-10","","Cloudy"
"-79.63","43.68","TORONTO INTL A","6158731","2025-03-06 11:00","2025","03","06","11:00","","-2.9","","-7.6","","70","","","","27","","45","","8.1","","97.60","","","","-12","","Snow Showers"
"-79.63","43.68","TORONTO INTL A","6158731","2025-03-06 12:00","2025","03","06","12:00","","-3.1","","-8.3","","68","","","","27","","40","","24.1","","97.68","","","","-12","","NA"
"-79.63","43.68","TORONTO INTL A","6158731","2025-03-06 13:00","2025","03","06","13:00","","-3.0","","-8.2","","68","","","","28","","43","","19.3","","97.73","","","","-12","","Snow Showers"
"-79.63","43.68","TORONTO INTL A","6158731","2025-03-06 14:00","2025","03","06","14:00","","-1.9","","-7.5","","65","","","","28","","52","","24.1","","97.75","","","","-11","","NA"
"-79.63","43.68","TORONTO INTL A","6158731","2025-03-06 15:00","2025","03","06","15:00","","-2.1","","-7.5","","67","","","","28","","50","","24.1","","97.86","","","","-11","","NA"
"-79.63","43.68","TORONTO INTL A","6158731","2025-03-06 16:00","2025","03","06","16:00","","-1.7","","-7.1","","67","","","","29","","52","","24.1","","97.94","","","","-11","","Mostly Cloudy"
"-79.63","43.68","TORONTO INTL A","6158731","2025-03-06 17:00","2025","03","06","17:00","","-1.7","","-7.7","","64","","","","29","","50","","24.1","","98.02","","","","-10","","NA"
"-79.63","43.68","TORONTO INTL A","6158731","2025-03-06 18:00","2025","03","06","18:00","","-1.6","","-7.2","","66","","","","29","","36","","24.1","","98.10","","","","-9","","NA"
"-79.63","43.68","TORONTO INTL A","6158731","2025-03-06 19:00","2025","03","06","19:00","","-2.0","","-6.7","","70","","","","28","","44","","24.1","","98.18","","","","-10","","Mostly Cloudy"
"-79.63","43.68","TORONTO INTL A","6158731","2025-03-06 20:00","2025","03","06","20:00","","-1.8","","-6.5","","70","","","","29","","41","","24.1","","98.27","","","","-10","","NA"
"-79.63","43.68","TORONTO INTL A","6158731","2025-03-06 21:00","2025","03","06","21:00","","-1.6","","-6.5","","69","","","","29","","35","","24.1","","98.39","","","","-9","","NA"
"-79.63","43.68","TORONTO INTL A","6158731","2025-03-06 22:00","2025","03","06","22:00","","-1.9","","-7.6","","65","","","","30","","31","","24.1","","98.46","","","","-9","","Clear"
"-79.63","43.68","TORONTO INTL A","6158731","2025-03-06 23:00","2025","03","06","23:00","","-2.1","","-7.3","","68","","","","28","","24","","24.1","","98.48","","","","-8","","NA"
"-79.63","43.68","TORONTO INTL A","6158731","2025-03-07 00:00","2025","03","07","00:00","","-2.0","","-7.3","","67","","","","28","","22","","24.1","","98.53","","","","-8","","NA"
"-79.63","43.68","TORONTO INTL A","6158731","2025-03-07 01:00","2025","03","07","01:00","","-2.5","","-7.5","","69","","","","29","","23","","24.1","","98.52","","","","-9","","Clear"
"-79.63","43.68","TORONTO INTL A","6158731","2025-03-07 02:00","2025","03","07","02:00","","-2.3","","-8.2","","64","","","","28","","23","","24.1","","98.53","","","","-9","","NA"
"-79.63","43.68","TORONTO INTL A","6158731","2025-03-07 03:00","2025","03","07","03:00","","-2.2","","-7.6","","67","","","","27","","30","","24.1","","98.48","","","","-9","","NA"
"-79.63","43.68","TORONTO INTL A","6158731","2025-03-07 04:00","2025","03","07","04:00","","-2.4","","-5.3","","81","","","","26","","29","","24.1","","98.53","","","","-9","","Mostly Cloudy"
"-79.63","43.68","TORONTO INTL A","6158731","2025-03-07 05:00","2025","03","07","05:00","","-1.8","","-5.0","","79","","","","26","","24","","24.1","","98.56","","","","-8","","NA"
"-79.63","43.68","TORONTO INTL A","6158731","2025-03-07 06:00","2025","03","07","06:00","","-1.6","","-6.9","","67","","","","28","","37","","24.1","","98.55","","","","-9","","NA"
"-79.63","43.68","TORONTO INTL A","6158731","2025-03-07 07:00","2025","03","07","07:00","","-1.9","","-7.8","","64","","","","27","","41","","24.1","","98.63","","","","-10","","Mainly Clear"
"-79.63","43.68","TORONTO INTL A","6158731","2025-03-07 08:00","2025","03","07","08:00","","-1.2","","-8.6","","57","","","","28","","33","","24.1","","98.70","","","","-8","","NA"
"-79.63","43.68","TORONTO INTL A","6158731","2025-03-07 09:00","2025","03","07","09:00","","-0.2","","-9.9","","48","","","","28","","41","","24.1","","98.71","","","","-8","","NA"
"-79.63","43.68","TORONTO INTL A","6158731","2025-03-07 10:00","2025","03","07","10:00","","-0.4","","-9.3","","51","","","","28","","47","","24.1","","98.76","","","","-8","","Mostly Cloudy"
"-79.63","43.68","TORONTO INTL A","6158731","2025-03-07 11:00","2025","03","07","11:00","","0.4","","-9.1","","49","","","","30","","33","","24.1","","98.78","","","","","","NA"
"-79.63","43.68","TORONTO INTL A","6158731","2025-03-07 12:00","2025","03","07","12:00","","1.0","","-10.5","","42","","","","30","","42","","24.1","","98.75","","","","","","NA"
"-79.63","43.68","TORONTO INTL A","6158731","2025-03-07 13:00","2025","03","07","13:00","","1.2","","-9.2","","46","","","","29","","36","","24.1","","98.69","","","","","","Mostly Cloudy"
"-79.63","43.68","TORONTO INTL A","6158731","2025-03-07 14:00","2025","03","07","14:00","","2.3","","-8.4","","45","","","","27","","33","","24.1","","98.63","","","","","","NA"
"-79.63","43.68","TORONTO INTL A","6158731","2025-03-07 15:00","2025","03","07","15:00","","2.0","","-8.9","","44","","","","26","","34","","24.1","","98.60","","","","","","NA"
"-79.63","43.68","TORONTO INTL A","6158731","2025-03-07 16:00","2025","03","07","16:00","","1.8","","-9.1","","44","","","","26","","34","","24.1","","98.57","","","","","","Clear"
"-79.63","43.68","TORONTO INTL A","6158731","2025-03-07 17:00","2025","03","07","17:00","","0.9","","-10.0","","44","","","","28","","33","","24.1","","98.56","","","","","","NA"
"-79.63","43.68","TORONTO INTL A","6158731","2025-03-07 18:00","2025","03","07","18:00","","-0.1","","-10.5","","46","","","","27","","27","","24.1","","98.55","","","","-6","","NA"
"-79.63","43.68","TORONTO INTL A","6158731","2025-03-07 19:00","2025","03","07","19:00","","-1.0","","-9.7","","52","","","","25","","15","","24.1","","98.49","","","","-6","","Mainly Clear"
"-79.63","43.68","TORONTO INTL A","6158731","2025-03-07 20:00","2025","03","07","20:00","","-0.7","","-9.3","","52","","","","22","","15","","24.1","","98.44","","","","-5","","NA"
"-79.63","43.68","TORONTO INTL A","6158731","2025-03-07 21:00","2025","03","07","21:00","","-0.6","","-7.1","","62","","","","23","","17","","24.1","","98.39","","","","-6","","NA"
"-79.63","43.68","TORONTO INTL A","6158731","2025-03-07 22:00","2025","03","07","22:00","","-0.4","","-4.2","","75","","","","24","","25","","24.1","","98.37","","","","-6","","Mostly Cloudy"
"-79.63","43.68","TORONTO INTL A","6158731","2025-03-07 23:00","2025","03","07","23:00","","-0.2","","-3.3","","79","","","","25","","24","","24.1","","98.34","","","","-6","","NA"
"-79.63","43.68","TORONTO INTL A","6158731","2025-03-08 00:00","2025","03","08","00:00","","-0.1","","-2.5","","84","","","","26","","23","","16.1","","98.30","","","","-6","","Snow"
"-79.63","43.68","TORONTO INTL A","6158731","2025-03-08 01:00","2025","03","08","01:00","","-0.1","","-2.8","","82","","","","29","","24","","16.1","","98.32","","","","-6","","Cloudy"
"-79.63","43.68","TORONTO INTL A","6158731","2025-03-08 02:00","2025","03","08","02:00","","-2.3","","-6.9","","71","","","","33","","31","","24.1","","98.43","","","","-10","","NA"
"-79.63","43.68","TORONTO INTL A","6158731","2025-03-08 03:00","2025","03","08","03:00","","-3.3","","-10.4","","58","","","","31","","34","","24.1","","98.47","","","","-11","","NA"
"-79.63","43.68","TORONTO INTL A","6158731","2025-03-08 04:00","2025","03","08","04:00","","-4.4","","-10.6","","62","","","","30","","27","","24.1","","98.53","","","","-12","","Mostly Cloudy"
"-79.63","43.68","TORONTO INTL A","6158731","2025-03-08 05:00","2025","03","08","05:00","","-4.7","","-11.4","","60","","","","30","","27","","24.1","","98.62","","","","-12","","NA"
"-79.63","43.68","TORONTO INTL A","6158731","2025-03-08 06:00","2025","03","08","06:00","","-5.0","","-11.0","","63","","","","31","","27","","24.1","","98.73","","","","-13","","NA"
"-79.63","43.68","TORONTO INTL A","6158731","2025-03-08 07:00","2025","03","08","07:00","","-5.6","","-12.7","","58","","","","31","","31","","24.1","","98.84","","","","-14","","Clear"
"-79.63","43.68","TORONTO INTL A","6158731","2025-03-08 08:00","2025","03","08","08:00","","-5.5","","-12.5","","58","","","","31","","34","","24.1","","98.92","","","","-14","","NA"
"-79.63","43.68","TORONTO INTL A","6158731","2025-03-08 09:00","2025","03","08","09:00","","-4.3","","-11.6","","57","","","","32","","28","","24.1","","98.99","","","","-12","","NA"
"-79.63","43.68","TORONTO INTL A","6158731","2025-03-08 10:00","2025","03","08","10:00","","-2.9","","-11.0","","54","","","","31","","25","","24.1","","99.05","","","","-10","","Clear"
"-79.63","43.68","TORONTO INTL A","6158731","2025-03-08 11:00","2025","03","08","11:00","","-1.7","","-11.1","","49","","","","30","","28","","24.1","","99.05","","","","-8","","NA"
"-79.63","43.68","TORONTO INTL A","6158731","2025-03-08 12:00","2025","03","08","12:00","","-0.5","","-11.1","","45","","","","31","","30","","24.1","","99.06","","","","-7","","NA"
"-79.63","43.68","TORONTO INTL A","6158731","2025-03-08 13:00","2025","03","08","13:00","","1.1","","-8.3","","50","","","","28","","28","","24.1","","99.04","","","","","","Clear"
"-79.63","43.68","TORONTO INTL A","6158731","2025-03-08 14:00","2025","03","08","14:00","","0.9","","-8.9","","48","","","","29","","33","","24.1","","99.05","","","","","","NA"
"-79.63","43.68","TORONTO INTL A","6158731","2025-03-08 15:00","2025","03","08","15:00","","0.6","","-8.9","","49","","","","30","","32","","24.1","","99.09","","","","","","NA"
"-79.63","43.68","TORONTO INTL A","6158731","2025-03-08 16:00","2025","03","08","16:00","","0.1","","-8.9","","51","","","","30","","41","","24.1","","99.13","","","","","","Mostly Cloudy"
"-79.63","43.68","TORONTO INTL A","6158731","2025-03-08 17:00","2025","03","08","17:00","","-0.5","","-8.4","","55","","","","29","","33","","24.1","","99.17","","","","-7","","NA"
"-79.63","43.68","TORONTO INTL A","6158731","2025-03-08 18:00","2025","03","08","18:00","","-1.8","","-8.3","","61","","","","27","","22","","24.1","","99.22","","","","-8","","NA"
"-79.63","43.68","TORONTO INTL A","6158731","2025-03-08 19:00","2025","03","08","19:00","","-2.9","","-8.2","","67","","","","27","","24","","24.1","","99.23","","","","-10","","Clear"
"-79.63","43.68","TORONTO INTL A","6158731","2025-03-08 20:00","2025","03","08","20:00","","-3.7","","-8.1","","72","","","","26","","22","","24.1","","99.28","","","","-10","","NA"
"-79.63","43.68","TORONTO INTL A","6158731","2025-03-08 21:00","2025","03","08","21:00","","-4.6","","-9.0","","72","","","","24","","10","","24.1","","99.24","","","","-9","","NA"
"-79.63","43.68","TORONTO INTL A","6158731","2025-03-08 22:00","2025","03","08","22:00","","-3.5","","-8.6","","68","","","","21","","10","","24.1","","99.23","","","","-7","","Mostly Cloudy"
"-79.63","43.68","TORONTO INTL A","6158731","2025-03-08 23:00","2025","03","08","23:00","","-3.3","","-7.5","","73","","","","22","","14","","24.1","","99.15","","","","-8","","NA"
"-79.63","43.68","TORONTO INTL A","6158731","2025-03-09 00:00","2025","03","09","00:00","","-3.1","","-6.8","","76","","","","23","","10","","24.1","","99.05","","","","-7","","NA"
"-79.63","43.68","TORONTO INTL A","6158731","2025-03-09 01:00","2025","03","09","01:00","","-3.4","","-6.8","","77","","","","16","","4","","24.1","","98.96","","","","-5","","Mostly Cloudy"
"-79.63","43.68","TORONTO INTL A","6158731","2025-03-09 02:00","2025","03","09","02:00","","-3.1","","-6.6","","77","","","","15","","4","","24.1","","98.91","","","","-5","","NA"
"-79.63","43.68","TORONTO INTL A","6158731","2025-03-09 03:00","2025","03","09","03:00","","-2.8","","-6.2","","78","","","","20","","5","","24.1","","98.84","","","","-5","","NA"
"-79.63","43.68","TORONTO INTL A","6158731","2025-03-09 04:00","2025","03","09","04:00","","-2.7","","-5.1","","84","","","","22","","13","","24.1","","98.83","","","","-7","","Clear"
"-79.63","43.68","TORONTO INTL A","6158731","2025-03-09 05:00","2025","03","09","05:00","","-2.8","","-5.0","","85","","","","22","","7","","24.1","","98.81","","","","-6","","NA"
"-79.63","43.68","TORONTO INTL A","6158731","2025-03-09 06:00","2025","03","09","06:00","","-3.5","","-5.5","","86","","","","27","","9","","24.1","","98.80","","","","-7","","NA"
"-79.63","43.68","TORONTO INTL A","6158731","2025-03-09 07:00","2025","03","09","07:00","","-2.4","","-5.4","","80","","","","27","","19","","24.1","","98.84","","","","-8","","Clear"
"-79.63","43.68","TORONTO INTL A","6158731","2025-03-09 08:00","2025","03","09","08:00","","-0.7","","-4.4","","77","","","","28","","22","","24.1","","98.91","","","","-6","","NA"
"-79.63","43.68","TORONTO INTL A","6158731","2025-03-09 09:00","2025","03","09","09:00","","1.6","","-4.2","","65","","","","29","","33","","24.1","","98.96","","","","","","NA"
"-79.63","43.68","TORONTO INTL A","6158731","2025-03-09 10:00","2025","03","09","10:00","","3.2","","-4.7","","56","","","","28","","28","","24.1","","99.00","","","","","","Mainly Clear"
"-79.63","43.68","TORONTO INTL A","6158731","2025-03-09 11:00","2025","03","09","11:00","","4.3","","-5.1","","51","","","","28","","29","","24.1","","99.03","","","","","","NA"
"-79.63","43.68","TORONTO INTL A","6158731","2025-03-09 12:00","2025","03","09","12:00","","5.6","","-6.4","","42","","","","29","","34","","24.1","","99.01","","","","","","NA"
"-79.63","43.68","TORONTO INTL A","6158731","2025-03-09 13:00","2025","03","09","13:00","","6.8","","-5.1","","43","","","","27","","29","","24.1","","98.96","","","","","","Clear"
"-79.63","43.68","TORONTO INTL A","6158731","2025-03-09 14:00","2025","03","09","14:00","","6.0","","-4.8","","46","","","","26","","31","","24.1","","98.93","","","","","","NA"
"-79.63","43.68","TORONTO INTL A","6158731","2025-03-09 15:00","2025","03","09","15:00","","7.2","","-4.5","","43","","","","26","","28","","24.1","","98.85","","","","","","NA"
"-79.63","43.68","TORONTO INTL A","6158731","2025-03-09 16:00","2025","03","09","16:00","","7.2","","-5.0","","41","","","","24","","25","","24.1","","98.78","","","","","","Mostly Cloudy"
"-79.63","43.68","TORONTO INTL A","6158731","2025-03-09 17:00","2025","03","09","17:00","","7.4","","-3.6","","46","","","","21","","22","","24.1","","98.73","","","","","","NA"
"-79.63","43.68","TORONTO INTL A","6158731","2025-03-09 18:00","2025","03","09","18:00","","6.3","","-2.1","","55","","","","21","","21","","24.1","","98.68","","","","","","NA"
"-79.63","43.68","TORONTO INTL A","6158731","2025-03-09 19:00","2025","03","09","19:00","","5.5","","-1.6","","61","","","","19","","15","","24.1","","98.61","","","","","","Mostly Cloudy"
"-79.63","43.68","TORONTO INTL A","6158731","2025-03-09 20:00","2025","03","09","20:00","","5.0","","-0.6","","67","","","","22","","17","","24.1","","98.55","","","","","","NA"
"-79.63","43.68","TORONTO INTL A","6158731","2025-03-09 21:00","2025","03","09","21:00","","5.1","","-0.2","","68","","","","24","","21","","24.1","","98.54","","","","","","NA"
"-79.63","43.68","TORONTO INTL A","6158731","2025-03-09 22:00","2025","03","09","22:00","","4.6","","-0.5","","69","","","","24","","18","","24.1","","98.55","","","","","","Mainly Clear"
"-79.63","43.68","TORONTO INTL A","6158731","2025-03-09 23:00","2025","03","09","23:00","","4.6","","-0.4","","70","","","","25","","22","","24.1","","98.54","","","","","","NA"
"-79.63","43.68","TORONTO INTL A","6158731","2025-03-10 00:00","2025","03","10","00:00","","3.5","","-0.7","","74","","","","25","","17","","24.1","","98.55","","","","","","NA"
"-79.63","43.68","TORONTO INTL A","6158731","2025-03-10 01:00","2025","03","10","01:00","","5.8","","-1.2","","61","","","","27","","28","","24.1","","98.58","","","","","","Clear"
"-79.63","43.68","TORONTO INTL A","6158731","2025-03-10 02:00","2025","03","10","02:00","","4.3","","-1.4","","66","","","","29","","17","","24.1","","98.62","","","","","","NA"
"-79.63","43.68","TORONTO INTL A","6158731","2025-03-10 03:00","2025","03","10","03:00","","2.3","","-1.7","","75","","","","25","","12","","24.1","","98.66","","","","","","NA"
"-79.63","43.68","TORONTO INTL A","6158731","2025-03-10 04:00","2025","03","10","04:00","","2.5","","-1.6","","74","","","","29","","9","","24.1","","98.70","","","","","","Clear"
"-79.63","43.68","TORONTO INTL A","6158731","2025-03-10 05:00","2025","03","10","05:00","","0.5","","-3.2","","76","","","","25","","12","","24.1","","98.81","","","","","","NA"
"-79.63","43.68","TORONTO INTL A","6158731","2025-03-10 06:00","2025","03","10","06:00","","0.9","","-2.2","","80","","","","27","","13","","24.1","","98.87","","","","","","NA"
"-79.63","43.68","TORONTO INTL A","6158731","2025-03-10 07:00","2025","03","10","07:00","","1.2","","-1.6","","81","","","","30","","13","","24.1","","98.95","","","","","","Mainly Clear"
"-79.63","43.68","TORONTO INTL A","6158731","2025-03-10 08:00","2025","03","10","08:00","","4.0","","-0.1","","75","","","","26","","6","","24.1","","98.92","","","","","","NA"
"-79.63","43.68","TORONTO INTL A","6158731","2025-03-10 09:00","2025","03","10","09:00","","6.3","","-0.2","","63","","","","29","","5","","24.1","","98.92","","","","","","NA"
"-79.63","43.68","TORONTO INTL A","6158731","2025-03-10 10:00","2025","03","10","10:00","","8.8","","-0.6","","52","","","","15","","9","","24.1","","98.94","","","","","","Mainly Clear"
"-79.63","43.68","TORONTO INTL A","6158731","2025-03-10 11:00","2025","03","10","11:00","","8.5","","-0.3","","54","","","","12","","16","","24.1","","98.94","","","","","","NA"
"-79.63","43.68","TORONTO INTL A","6158731","2025-03-10 12:00","2025","03","10","12:00","","9.0","","0.1","","54","","","","11","","13","","24.1","","98.92","","","","","","NA"
"-79.63","43.68","TORONTO INTL A","6158731","2025-03-10 13:00","2025","03","10","13:00","","9.7","","-0.1","","50","","","","12","","16","","24.1","","98.85","","","","","","Mainly Clear"
"-79.63","43.68","TORONTO INTL A","6158731","2025-03-10 14:00","2025","03","10","14:00","","10.7","","1.7","","53","","","","13","","12","","24.1","","98.73","","","","","","NA"
"-79.63","43.68","TORONTO INTL A","6158731","2025-03-10 15:00","2025","03","10","15:00","","10.4","","1.4","","54","","","","15","","15","","24.1","","98.65","","","","","","NA"
"-79.63","43.68","TORONTO INTL A","6158731","2025-03-10 16:00","2025","03","10","16:00","","9.3","","1.0","","56","","","","15","","14","","24.1","","98.60","","","","","","Mainly Clear"
"-79.63","43.68","TORONTO INTL A","6158731","2025-03-10 17:00","2025","03","10","17:00","","7.6","","0.2","","59","","","","14","","21","","19.3","","98.57","","","","","","NA"
"-79.63","43.68","TORONTO INTL A","6158731","2025-03-10 18:00","2025","03","10","18:00","","5.9","","0.1","","66","","","","13","","10","","24.1","","98.57","","","","","","NA"
"-79.63","43.68","TORONTO INTL A","6158731","2025-03-10 19:00","2025","03","10","19:00","","5.6","","0.0","","67","","","","11","","10","","24.1","","98.54","","","","","","Mainly Clear"
"-79.63","43.68","TORONTO INTL A","6158731","2025-03-10 20:00","2025","03","10","20:00","","4.8","","0.0","","71","","","","10","","7","","24.1","","98.47","","","","","","NA"
"-79.63","43.68","TORONTO INTL A","6158731","2025-03-10 21:00","2025","03","10","21:00","","4.6","","0.3","","74","","","","9","","3","","24.1","","98.45","","","","","","NA"
"-79.63","43.68","TORONTO INTL A","6158731","2025-03-10 22:00","2025","03","10","22:00","","4.2","","0.2","","75","","","","16","","4","","24.1","","98.37","","","","","","Mainly Clear"
"-79.63","43.68","TORONTO INTL A","6158731","2025-03-10 23:00","2025","03","10","23:00","","3.5","","1.1","","84","","","","16","","3","","24.1","","98.33","","","","","","NA"
"-79.63","43.68","TORONTO INTL A","6158731","2025-03-11 00:00","2025","03","11","00:00","","3.2","","1.1","","86","","","","14","","4","","24.1","","98.25","","","","","","NA"
"-79.63","43.68","TORONTO INTL A","6158731","2025-03-11 01:00","2025","03","11","01:00","","4.5","","0.3","","74","","","","13","","6","","24.1","","98.20","","","","","","Mainly Clear"
"-79.63","43.68","TORONTO INTL A","6158731","2025-03-11 02:00","2025","03","11","02:00","","5.8","","-0.3","","65","","","","19","","3","","24.1","","98.16","","","","","","NA"
"-79.63","43.68","TORONTO INTL A","6158731","2025-03-11 03:00","2025","03","11","03:00","","5.0","","-0.7","","66","","","","16","","4","","24.1","","98.08","","","","","","NA"
"-79.63","43.68","TORONTO INTL A","6158731","2025-03-11 04:00","2025","03","11","04:00","","6.2","","0.0","","65","","","","21","","14","","24.1","","97.96","","","","","","Mainly Clear"
"-79.63","43.68","TORONTO INTL A","6158731","2025-03-11 05:00","2025","03","11","05:00","","7.2","","-0.3","","59","","","","21","","21","","24.1","","97.87","","","","","","NA"
"-79.63","43.68","TORONTO INTL A","6158731","2025-03-11 06:00","2025","03","11","06:00","","7.4","","-0.5","","57","","","","22","","17","","24.1","","97.87","","","","","","NA"
"-79.63","43.68","TORONTO INTL A","6158731","2025-03-11 07:00","2025","03","11","07:00","","7.3","","-0.5","","58","","","","20","","8","","24.1","","97.89","","","","","","Mostly Cloudy"
"-79.63","43.68","TORONTO INTL A","6158731","2025-03-11 08:00","2025","03","11","08:00","","8.4","","0.4","","57","","","","21","","11","","24.1","","97.89","","","","","","NA"
"-79.63","43.68","TORONTO INTL A","6158731","2025-03-11 09:00","2025","03","11","09:00","","10.4","","0.9","","52","","","","26","","17","","24.1","","97.95","","","","","","NA"
"-79.63","43.68","TORONTO INTL A","6158731","2025-03-11 10:00","2025","03","11","10:00","","11.8","","1.9","","50","","","","28","","28","","24.1","","97.99","","","","","","Mainly Clear"
"-79.63","43.68","TORONTO INTL A","6158731","2025-03-11 11:00","2025","03","11","11:00","","11.7","","1.1","","48","","","","31","","31","","24.1","","98.10","","","","","","NA"
"-79.63","43.68","TORONTO INTL A","6158731","2025-03-11 12:00","2025","03","11","12:00","","11.3","","-0.5","","44","","","","30","","32","","24.1","","98.26","","","","","","NA"
"-79.63","43.68","TORONTO INTL A","6158731","2025-03-11 13:00","2025","03","11","13:00","","10.2","","-3.8","","37","","","","31","","33","","24.1","","98.36","","","","","","Mainly Clear"
"-79.63","43.68","TORONTO INTL A","6158731","2025-03-11 14:00","2025","03","11","14:00","","9.5","","-3.1","","41","","","","30","","29","","24.1","","98.52","","","","","","NA"
"-79.63","43.68","TORONTO INTL A","6158731","2025-03-11 15:00","2025","03","11","15:00","","8.0","","-7.6","","32","","","","31","","35","","24.1","","98.63","","","","","","NA"
"-79.63","43.68","TORONTO INTL A","6158731","2025-03-11 16:00","2025","03","11","16:00","","6.7","","-7.4","","36","","","","31","","35","","24.1","","98.76","","","","","","Mainly Clear"
"-79.63","43.68","TORONTO INTL A","6158731","2025-03-11 17:00","2025","03","11","17:00","","4.9","","-6.4","","44","","","","30","","30","","24.1","","98.92","","","","","","NA"
"-79.63","43.68","TORONTO INTL A","6158731","2025-03-11 18:00","2025","03","11","18:00","","3.1","","-6.7","","49","","","","31","","27","","24.1","","99.08","","","","","","NA"
"-79.63","43.68","TORONTO INTL A","6158731","2025-03-11 19:00","2025","03","11","19:00","","1.0","","-6.4","","58","","","","28","","15","","24.1","","99.21","","","","","","Mainly Clear"
"-79.63","43.68","TORONTO INTL A","6158731","2025-03-11 20:00","2025","03","11","20:00","","0.0","","-4.7","","71","","","","36","","22","","24.1","","99.33","","","","-6","","NA"
"-79.63","43.68","TORONTO INTL A","6158731","2025-03-11 21:00","2025","03","11","21:00","","-1.0","","-6.5","","66","","","","34","","14","","24.1","","99.44","","","","-5","","NA"
"-79.63","43.68","TORONTO INTL A","6158731","2025-03-11 22:00","2025","03","11","22:00","","-1.3","","-7.7","","62","","","","34","","19","","24.1","","99.48","","","","-7","","Clear"
"-79.63","43.68","TORONTO INTL A","6158731","2025-03-11 23:00","2025","03","11","23:00","","-1.8","","-8.2","","61","","","","35","","17","","24.1","","99.55","","","","-7","","NA"
"-79.63","43.68","TORONTO INTL A","6158731","2025-03-12 00:00","2025","03","12","00:00","","-2.1","","-8.1","","64","","","","35","","15","","24.1","","99.56","","","","-7","","NA"
"-79.63","43.68","TORONTO INTL A","6158731","2025-03-12 01:00","2025","03","12","01:00","","-2.9","","-7.7","","70","","","","36","","12","","24.1","","99.59","","","","-7","","Mostly Cloudy"
"-79.63","43.68","TORONTO INTL A","6158731","2025-03-12 02:00","2025","03","12","02:00","","-2.7","","-7.8","","68","","","","8","","4","","24.1","","99.60","","","","-4","","NA"
"-79.63","43.68","TORONTO INTL A","6158731","2025-03-12 03:00","2025","03","12","03:00","","-3.0","","-8.7","","65","","","","3","","7","","24.1","","99.57","","","","-6","","NA"
"-79.63","43.68","TORONTO INTL A","6158731","2025-03-12 04:00","2025","03","12","04:00","","-3.2","","-9.8","","60","","","","7","","6","","24.1","","99.56","","","","-6","","Mainly Clear"
"-79.63","43.68","TORONTO INTL A","6158731","2025-03-12 05:00","2025","03","12","05:00","","-3.2","","-10.7","","56","","","","7","","8","","24.1","","99.61","","","","-6","","NA"
"-79.63","43.68","TORONTO INTL A","6158731","2025-03-12 06:00","2025","03","12","06:00","","-3.3","","-12.1","","51","","","","6","","8","","24.1","","99.65","","","","-7","","NA"
"-79.63","43.68","TORONTO INTL A","6158731","2025-03-12 07:00","2025","03","12","07:00","","-3.6","","-10.7","","58","","","","5","","9","","24.1","","99.73","","","","-7","","Mostly Cloudy"
"-79.63","43.68","TORONTO INTL A","6158731","2025-03-12 08:00","2025","03","12","08:00","","-2.1","","-10.1","","54","","","","6","","13","","24.1","","99.79","","","","-7","","NA"
"-79.63","43.68","TORONTO INTL A","6158731","2025-03-12 09:00","2025","03","12","09:00","","-0.5","","-8.6","","55","","","","8","","14","","24.1","","99.78","","","","-5","","NA"
"-79.63","43.68","TORONTO INTL A","6158731","2025-03-12 10:00","2025","03","12","10:00","","0.4","","-6.8","","58","","","","13","","18","","24.1","","99.77","","","","","","Cloudy"
"-79.63","43.68","TORONTO INTL A","6158731","2025-03-12 11:00","2025","03","12","11:00","","0.8","","-7.4","","54","","","","12","","19","","24.1","","99.75","","","","","","NA"
"-79.63","43.68","TORONTO INTL A","6158731","2025-03-12 12:00","2025","03","12","12:00","","0.5","","-7.0","","57","","","","9","","22","","24.1","","99.71","","","","","","NA"
"-79.63","43.68","TORONTO INTL A","6158731","2025-03-12 13:00","2025","03","12","13:00","","0.7","","-7.0","","57","","","","10","","19","","24.1","","99.63","","","","","","Cloudy"
"-79.63","43.68","TORONTO INTL A","6158731","2025-03-12 14:00","2025","03","12","14:00","","0.4","","-8.3","","52","","","","9","","16","","24.1","","99.60","","","","","","NA"
"-79.63","43.68","TORONTO INTL A","6158731","2025-03-12 15:00","2025","03","12","15:00","","0.6","","-9.3","","48","","","","7","","22","","24.1","","99.57","","","","","","NA"
"-79.63","43.68","TORONTO INTL A","6158731","2025-03-12 16:00","2025","03","12","16:00","","0.0","","-9.4","","50","","","","7","","18","","24.1","","99.55","","","","-5","","Mostly Cloudy"
"-79.63","43.68","TORONTO INTL A","6158731","2025-03-12 17:00","2025","03","12","17:00","","-0.2","","-9.1","","51","","","","9","","16","","24.1","","99.53","","","","-5","","NA"
"-79.63","43.68","TORONTO INTL A","6158731","2025-03-12 18:00","2025","03","12","18:00","","-0.7","","-9.8","","50","","","","8","","20","","24.1","","99.54","","","","-6","","NA"
"-79.63","43.68","TORONTO INTL A","6158731","2025-03-12 19:00","2025","03","12","19:00","","-0.9","","-9.0","","55","","","","9","","16","","24.1","","99.51","","","","-6","","Mostly Cloudy"
"-79.63","43.68","TORONTO INTL A","6158731","2025-03-12 20:00","2025","03","12","20:00","","-1.3","","-8.3","","59","","","","7","","15","","24.1","","99.50","","","","-6","","NA"
"-79.63","43.68","TORONTO INTL A","6158731","2025-03-12 21:00","2025","03","12","21:00","","-1.4","","-8.0","","61","","","","7","","9","","24.1","","99.49","","","","-5","","NA"
"-79.63","43.68","TORONTO INTL A","6158731","2025-03-12 22:00","2025","03","12","22:00","","-1.3","","-7.2","","64","","","","8","","13","","24.1","","99.45","","","","-6","","Mainly Clear"
"-79.63","43.68","TORONTO INTL A","6158731","2025-03-12 23:00","2025","03","12","23:00","","-0.9","","-6.6","","66","","","","8","","13","","24.1","","99.43","","","","-5","","NA"
"-79.63","43.68","TORONTO INTL A","6158731","2025-03-13 00:00","2025","03","13","00:00","","-2.7","","-7.2","","72","","","","3","","11","","24.1","","99.39","","","","-7","","NA"
"-79.63","43.68","TORONTO INTL A","6158731","2025-03-13 01:00","2025","03","13","01:00","","-3.5","","-8.6","","68","","","","1","","11","","24.1","","99.36","","","","-8","","Mainly Clear"
"-79.63","43.68","TORONTO INTL A","6158731","2025-03-13 02:00","2025","03","13","02:00","","-3.8","","-8.8","","68","","","","3","","11","","24.1","","99.33","","","","-8","","NA"
"-79.63","43.68","TORONTO INTL A","6158731","2025-03-13 03:00","2025","03","13","03:00","","-4.2","","-9.2","","69","","","","2","","12","","24.1","","99.29","","","","-9","","NA"
"-79.63","43.68","TORONTO INTL A","6158731","2025-03-13 04:00","2025","03","13","04:00","","-3.9","","-9.2","","67","","","","2","","12","","24.1","","99.25","","","","-9","","Mostly Cloudy"
"-79.63","43.68","TORONTO INTL A","6158731","2025-03-13 05:00","2025","03","13","05:00","","-4.0","","-9.1","","68","","","","1","","11","","24.1","","99.29","","","","-8","","NA"
"-79.63","43.68","TORONTO INTL A","6158731","2025-03-13 06:00","2025","03","13","06:00","","-3.6","","-9.3","","65","","","","36","","14","","24.1","","99.34","","","","-9","","NA"
"-79.63","43.68","TORONTO INTL A","6158731","2025-03-13 07:00","2025","03","13","07:00","","-3.4","","-9.6","","62","","","","1","","13","","24.1","","99.39","","","","-8","","Mostly Cloudy"
"-79.63","43.68","TORONTO INTL A","6158731","2025-03-13 08:00","2025","03","13","08:00","","-2.3","","-8.6","","62","","","","36","","10","","24.1","","99.40","","","","-6","","NA"
"-79.63","43.68","TORONTO INTL A","6158731","2025-03-13 09:00","2025","03","13","09:00","","-0.8","","-8.0","","58","","","","36","","5","","24.1","","99.47","","","","-2","","NA"
"-79.63","43.68","TORONTO INTL A","6158731","2025-03-13 10:00","2025","03","13","10:00","","0.8","","-6.7","","58","","","","7","","4","","24.1","","99.49","","","","","","Mostly Cloudy"
"-79.63","43.68","TORONTO INTL A","6158731","2025-03-13 11:00","2025","03","13","11:00","","3.8","","-5.3","","51","","","","17","","6","","24.1","","99.45","","","","","","NA"
"-79.63","43.68","TORONTO INTL A","6158731","2025-03-13 12:00","2025","03","13","12:00","","5.1","","-5.5","","46","","","","","","0","","24.1","","99.48","","","","","","NA"
"-79.63","43.68","TORONTO INTL A","6158731","2025-03-13 13:00","2025","03","13","13:00","","5.3","","-3.9","","52","","","","17","","8","","24.1","","99.47","","","","","","Mostly Cloudy"
"-79.63","43.68","TORONTO INTL A","6158731","2025-03-13 14:00","2025","03","13","14:00","","6.8","","-3.0","","49","","","","7","","5","","24.1","","99.40","","","","","","NA"
"-79.63","43.68","TORONTO INTL A","6158731","2025-03-13 15:00","2025","03","13","15:00","","6.7","","-2.2","","53","","","","16","","10","","24.1","","99.41","","","","","","NA"
"-79.63","43.68","TORONTO INTL A","6158731","2025-03-13 16:00","2025","03","13","16:00","","5.9","","-2.3","","55","","","","16","","10","","24.1","","99.39","","","","","","Mostly Cloudy"
"-79.63","43.68","TORONTO INTL A","6158731","2025-03-13 17:00","2025","03","13","17:00","","4.3","","-1.6","","65","","","","16","","9","","24.1","","99.42","","","","","","NA"
"-79.63","43.68","TORONTO INTL A","6158731","2025-03-13 18:00","2025","03","13","18:00","","3.1","","-2.0","","69","","","","14","","8","","24.1","","99.50","","","","","","NA"
"-79.63","43.68","TORONTO INTL A","6158731","2025-03-13 19:00","2025","03","13","19:00","","2.1","","-2.4","","72","","","","16","","7","","24.1","","99.53","","","","","","Mostly Cloudy"
"-79.63","43.68","TORONTO INTL A","6158731","2025-03-13 20:00","2025","03","13","20:00","","2.6","","-3.4","","65","","","","21","","5","","24.1","","99.55","","","","","","NA"
"-79.63","43.68","TORONTO INTL A","6158731","2025-03-13 21:00","2025","03","13","21:00","","3.0","","-4.0","","60","","","","","","0","","24.1","","99.56","","","","","","NA"
"-79.63","43.68","TORONTO INTL A","6158731","2025-03-13 22:00","2025","03","13","22:00","","2.7","","-4.0","","62","","","","34","","4","","24.1","","99.61","","","","","","Mainly Clear"
"-79.63","43.68","TORONTO INTL A","6158731","2025-03-13 23:00","2025","03","13","23:00","","1.3","","-3.8","","69","","","","4","","5","","24.1","","99.61","","","","","","NA"
"-79.63","43.68","TORONTO INTL A","6158731","2025-03-14 00:00","2025","03","14","00:00","","2.2","","-2.9","","69","","","","","","0","","24.1","","99.55","","","","","","NA"
"-79.63","43.68","TORONTO INTL A","6158731","2025-03-14 01:00","2025","03","14","01:00","","0.0","","-3.4","","78","","","","27","","6","","24.1","","99.57","","","","-2","","Clear"
"-79.63","43.68","TORONTO INTL A","6158731","2025-03-14 02:00","2025","03","14","02:00","","0.1","","-2.9","","81","","","","29","","3","","24.1","","99.57","","","","","","NA"
"-79.63","43.68","TORONTO INTL A","6158731","2025-03-14 03:00","2025","03","14","03:00","","-0.7","","-2.8","","86","","","","","","0","","24.1","","99.54","","","","","","NA"
"-79.63","43.68","TORONTO INTL A","6158731","2025-03-14 04:00","2025","03","14","04:00","","-1.5","","-4.7","","79","","","","3","","9","","24.1","","99.55","","","","-5","","Clear"
"-79.63","43.68","TORONTO INTL A","6158731","2025-03-14 05:00","2025","03","14","05:00","","-1.5","","-5.0","","77","","","","28","","4","","24.1","","99.59","","","","-3","","NA"
"-79.63","43.68","TORONTO INTL A","6158731","2025-03-14 06:00","2025","03","14","06:00","","-1.7","","-4.7","","80","","","","33","","5","","24.1","","99.64","","","","-4","","NA"
"-79.63","43.68","TORONTO INTL A","6158731","2025-03-14 07:00","2025","03","14","07:00","","-0.5","","-3.9","","78","","","","3","","5","","24.1","","99.65","","","","-2","","Mostly Cloudy"
"-79.63","43.68","TORONTO INTL A","6158731","2025-03-14 08:00","2025","03","14","08:00","","3.0","","-3.0","","64","","","","7","","9","","24.1","","99.63","","","","","","NA"
"-79.63","43.68","TORONTO INTL A","6158731","2025-03-14 09:00","2025","03","14","09:00","","5.4","","-3.1","","54","","","","10","","8","","24.1","","99.61","","","","","","NA"
"-79.63","43.68","TORONTO INTL A","6158731","2025-03-14 10:00","2025","03","14","10:00","","7.6","","-3.2","","46","","","","12","","13","","24.1","","99.59","","","","","","Mostly Cloudy"
"-79.63","43.68","TORONTO INTL A","6158731","2025-03-14 11:00","2025","03","14","11:00","","9.4","","-4.7","","37","","","","15","","13","","24.1","","99.56","","","","","","NA"
"-79.63","43.68","TORONTO INTL A","6158731","2025-03-14 12:00","2025","03","14","12:00","","11.2","","-2.3","","39","","","","11","","13","","24.1","","99.45","","","","","","NA"
"-79.63","43.68","TORONTO INTL A","6158731","2025-03-14 13:00","2025","03","14","13:00","","12.4","","-1.9","","37","","","","11","","14","","24.1","","99.35","","","","","","Mostly Cloudy"
"-79.63","43.68","TORONTO INTL A","6158731","2025-03-14 14:00","2025","03","14","14:00","","12.6","","-1.5","","38","","","","17","","13","","24.1","","99.25","","","","","","NA"
"-79.63","43.68","TORONTO INTL A","6158731","2025-03-14 15:00","2025","03","14","15:00","","11.4","","-1.3","","41","","","","15","","12","","24.1","","99.21","","","","","","NA"
"-79.63","43.68","TORONTO INTL A","6158731","2025-03-14 16:00","2025","03","14","16:00","","11.3","","-0.4","","44","","","","10","","13","","24.1","","99.14","","","","","","Mostly Cloudy"
"-79.63","43.68","TORONTO INTL A","6158731","2025-03-14 17:00","2025","03","14","17:00","","9.8","","0.2","","51","","","","10","","15","","24.1","","99.08","","","","","","NA"
"-79.63","43.68","TORONTO INTL A","6158731","2025-03-14 18:00","2025","03","14","18:00","","9.0","","0.9","","57","","","","9","","15","","24.1","","98.99","","","","","","NA"
"-79.63","43.68","TORONTO INTL A","6158731","2025-03-14 19:00","2025","03","14","19:00","","8.1","","1.4","","62","","","","8","","8","","24.1","","98.95","","","","","","Cloudy"
"-79.63","43.68","TORONTO INTL A","6158731","2025-03-14 20:00","2025","03","14","20:00","","9.0","","1.5","","59","","","","7","","7","","24.1","","98.90","","","","","","NA"
"-79.63","43.68","TORONTO INTL A","6158731","2025-03-14 21:00","2025","03","14","21:00","","9.4","","1.8","","59","","","","8","","11","","24.1","","98.81","","","","","","NA"
"-79.63","43.68","TORONTO INTL A","6158731","2025-03-14 22:00","2025","03","14","22:00","","8.8","","1.6","","61","","","","10","","4","","24.1","","98.78","","","","","","Mostly Cloudy"
"-79.63","43.68","TORONTO INTL A","6158731","2025-03-14 23:00","2025","03","14","23:00","","7.2","","1.6","","68","","","","","","0","","24.1","","98.72","","","","","","NA"
"-79.63","43.68","TORONTO INTL A","6158731","2025-03-15 00:00","2025","03","15","00:00","","5.5","","1.1","","73","","","","","","0","","24.1","","98.68","","","","","","NA"
"-79.63","43.68","TORONTO INTL A","6158731","2025-03-15 01:00","2025","03","15","01:00","","5.5","","1.4","","75","","","","","","0","","24.1","","98.63","","","","","","Mostly Cloudy"
"-79.63","43.68","TORONTO INTL A","6158731","2025-03-15 02:00","2025","03","15","02:00","","6.0","","1.7","","74","","","","7","","4","","24.1","","98.59","","","","","","NA"
"-79.63","43.68","TORONTO INTL A","6158731","2025-03-15 03:00","2025","03","15","03:00","","3.2","","0.2","","81","","","","26","","7","","24.1","","98.58","","","","","","NA"
"-79.63","43.68","TORONTO INTL A","6158731","2025-03-15 04:00","2025","03","15","04:00","","4.7","","2.2","","84","","","","14","","3","","24.1","","98.56","","","","","","Mainly Clear"
"-79.63","43.68","TORONTO INTL A","6158731","2025-03-15 05:00","2025","03","15","05:00","","5.5","","2.3","","80","","","","12","","3","","24.1","","98.52","","","","","","NA"
"-79.63","43.68","TORONTO INTL A","6158731","2025-03-15 06:00","2025","03","15","06:00","","6.7","","3.2","","78","","","","12","","7","","24.1","","98.44","","","","","","NA"
"-79.63","43.68","TORONTO INTL A","6158731","2025-03-15 07:00","2025","03","15","07:00","","8.4","","3.4","","71","","","","14","","9","","24.1","","98.43","","","","","","Cloudy"
"-79.63","43.68","TORONTO INTL A","6158731","2025-03-15 08:00","2025","03","15","08:00","","9.2","","3.5","","67","","","","14","","9","","24.1","","98.49","","","","","","NA"
"-79.63","43.68","TORONTO INTL A","6158731","2025-03-15 09:00","2025","03","15","09:00","","9.2","","3.4","","67","","","","19","","3","","19.3","","98.55","","","","","","NA"
"-79.63","43.68","TORONTO INTL A","6158731","2025-03-15 10:00","2025","03","15","10:00","","7.9","","5.7","","86","","","","13","","6","","9.7","","98.52","","","","","","Thunderstorms,Rain Showers"
"-79.63","43.68","TORONTO INTL A","6158731","2025-03-15 11:00","2025","03","15","11:00","","8.1","","7.8","","98","","","","11","","15","","19.3","","98.47","","","","","","Rain Showers"
"-79.63","43.68","TORONTO INTL A","6158731","2025-03-15 12:00","2025","03","15","12:00","","8.6","","7.1","","90","","","","13","","18","","24.1","","98.36","","","","","","NA"
"-79.63","43.68","TORONTO INTL A","6158731","2025-03-15 13:00","2025","03","15","13:00","","10.4","","9.4","","94","","","","14","","21","","24.1","","98.15","","","","","","Mostly Cloudy"
"-79.63","43.68","TORONTO INTL A","6158731","2025-03-15 14:00","2025","03","15","14:00","","12.7","","9.2","","79","","","","15","","17","","24.1","","98.19","","","","","","NA"
"-79.63","43.68","TORONTO INTL A","6158731","2025-03-15 15:00","2025","03","15","15:00","","14.1","","8.6","","70","","","","16","","20","","24.1","","98.04","","","","","","NA"
"-79.63","43.68","TORONTO INTL A","6158731","2025-03-15 16:00","2025","03","15","16:00","","13.7","","8.2","","69","","","","15","","13","","24.1","","98.01","","","","","","Cloudy"
"-79.63","43.68","TORONTO INTL A","6158731","2025-03-15 17:00","2025","03","15","17:00","","13.4","","8.0","","70","","","","15","","17","","24.1","","98.01","","","","","","NA"
"-79.63","43.68","TORONTO INTL A","6158731","2025-03-15 18:00","2025","03","15","18:00","","11.4","","7.3","","76","","","","14","","12","","19.3","","98.02","","","","","","NA"
"-79.63","43.68","TORONTO INTL A","6158731","2025-03-15 19:00","2025","03","15","19:00","","11.0","","7.4","","79","","","","14","","12","","24.1","","98.07","","","","","","Mostly Cloudy"
"-79.63","43.68","TORONTO INTL A","6158731","2025-03-15 20:00","2025","03","15","20:00","","11.2","","7.2","","76","","","","14","","15","","24.1","","98.09","","","","","","NA"
"-79.63","43.68","TORONTO INTL A","6158731","2025-03-15 21:00","2025","03","15","21:00","","10.8","","6.9","","77","","","","15","","17","","24.1","","98.14","","","","","","NA"
"-79.63","43.68","TORONTO INTL A","6158731","2025-03-15 22:00","2025","03","15","22:00","","11.1","","7.1","","76","","","","14","","15","","24.1","","98.23","","","","","","Cloudy"
"-79.63","43.68","TORONTO INTL A","6158731","2025-03-15 23:00","2025","03","15","23:00","","11.8","","7.5","","75","","","","16","","16","","24.1","","98.23","","","","","","NA"
"-79.63","43.68","TORONTO INTL A","6158731","2025-03-16 00:00","2025","03","16","00:00","","12.1","","7.6","","74","","","","15","","16","","24.1","","98.18","","","","","","Rain Showers"
"-79.63","43.68","TORONTO INTL A","6158731","2025-03-16 01:00","2025","03","16","01:00","","10.7","","7.3","","80","","","","15","","11","","24.1","","98.16","","","","","","Mostly Cloudy"
"-79.63","43.68","TORONTO INTL A","6158731","2025-03-16 02:00","2025","03","16","02:00","","10.4","","7.8","","84","","","","14","","13","","24.1","","98.08","","","","","","NA"
"-79.63","43.68","TORONTO INTL A","6158731","2025-03-16 03:00","2025","03","16","03:00","","10.0","","8.2","","88","","","","15","","9","","19.3","","98.04","","","","","","Rain Showers"
"-79.63","43.68","TORONTO INTL A","6158731","2025-03-16 04:00","2025","03","16","04:00","","9.7","","9.3","","98","","","","15","","16","","16.1","","97.99","","","","","","Rain"
"-79.63","43.68","TORONTO INTL A","6158731","2025-03-16 05:00","2025","03","16","05:00","","9.3","","9.3","","100","","","","13","","13","","9.7","","97.86","","","","","","Rain,Fog"
"-79.63","43.68","TORONTO INTL A","6158731","2025-03-16 06:00","2025","03","16","06:00","","9.8","","9.8","","100","","","","12","","13","","8.1","","97.77","","","","","","Rain,Fog"
"-79.63","43.68","TORONTO INTL A","6158731","2025-03-16 07:00","2025","03","16","07:00","","11.2","","11.2","","100","","","","11","","14","","8.1","","97.70","","","","","","Rain,Fog"
"-79.63","43.68","TORONTO INTL A","6158731","2025-03-16 08:00","2025","03","16","08:00","","11.1","","11.1","","100","","","","13","","11","","8.1","","97.64","","","","","","Rain Showers,Fog"
"-79.63","43.68","TORONTO INTL A","6158731","2025-03-16 09:00","2025","03","16","09:00","","12.3","","12.3","","100","","","","13","","12","","24.1","","97.55","","","","","","NA"
"-79.63","43.68","TORONTO INTL A","6158731","2025-03-16 10:00","2025","03","16","10:00","","13.6","","13.3","","98","","","","15","","22","","24.1","","97.47","","","","","","Mostly Cloudy"
"-79.63","43.68","TORONTO INTL A","6158731","2025-03-16 11:00","2025","03","16","11:00","","16.0","","12.4","","79","","","","17","","31","","24.1","","97.41","","","","","","Rain Showers"
"-79.63","43.68","TORONTO INTL A","6158731","2025-03-16 12:00","2025","03","16","12:00","","14.4","","12.9","","90","","","","21","","27","","6.4","","97.38","","","","","","Rain Showers,Fog"
"-79.63","43.68","TORONTO INTL A","6158731","2025-03-16 13:00","2025","03","16","13:00","","15.5","","14.4","","93","","","","19","","23","","24.1","","97.30","","","","","","Mostly Cloudy"
"-79.63","43.68","TORONTO INTL A","6158731","2025-03-16 14:00","2025","03","16","14:00","","16.6","","11.8","","73","","","","22","","23","","24.1","","97.29","","","","","","Rain Showers"
"-79.63","43.68","TORONTO INTL A","6158731","2025-03-16 15:00","2025","03","16","15:00","","15.2","","9.9","","70","","","","21","","23","","24.1","","97.34","","","","","","NA"
"-79.63","43.68","TORONTO INTL A","6158731","2025-03-16 16:00","2025","03","16","16:00","","11.5","","9.1","","85","","","","26","","50","","24.1","","97.72","","","","","","Mostly Cloudy"
"-79.63","43.68","TORONTO INTL A","6158731","2025-03-16 17:00","2025","03","16","17:00","","9.6","","6.7","","82","","","","27","","31","","24.1","","97.93","","","","","","NA"
"-79.63","43.68","TORONTO INTL A","6158731","2025-03-16 18:00","2025","03","16","18:00","","7.4","","4.8","","84","","","","25","","27","","24.1","","98.12","","","","","","NA"
"-79.63","43.68","TORONTO INTL A","6158731","2025-03-16 19:00","2025","03","16","19:00","","6.5","","4.0","","84","","","","26","","23","","24.1","","98.31","","","","","","Mostly Cloudy"
"-79.63","43.68","TORONTO INTL A","6158731","2025-03-16 20:00","2025","03","16","20:00","","5.1","","2.0","","81","","","","30","","28","","24.1","","98.45","","","","","","NA"
"-79.63","43.68","TORONTO INTL A","6158731","2025-03-16 21:00","2025","03","16","21:00","","4.5","","1.2","","79","","","","28","","26","","24.1","","98.61","","","","","","NA"
"-79.63","43.68","TORONTO INTL A","6158731","2025-03-16 22:00","2025","03","16","22:00","","3.0","","-1.0","","75","","","","30","","28","","24.1","","98.79","","","","","","Mostly Cloudy"
"-79.63","43.68","TORONTO INTL A","6158731","2025-03-16 23:00","2025","03","16","23:00","","2.2","","-2.6","","70","","","","31","","23","","24.1","","98.91","","","","","","NA"
"-79.63","43.68","TORONTO INTL A","6158731","2025-03-17 00:00","2025","03","17","00:00","","1.0","","-3.5","","72","","","","30","","22","","24.1","","99.07","","","","","","NA"
"-79.63","43.68","TORONTO INTL A","6158731","2025-03-17 01:00","2025","03","17","01:00","","0.4","","-4.1","","72","","","","31","","25","","24.1","","99.12","","","","","","Mostly Cloudy"
"-79.63","43.68","TORONTO INTL A","6158731","2025-03-17 02:00","2025","03","17","02:00","","0.0","","-4.7","","71","","","","30","","34","","24.1","","99.20","","","","-7","","NA"
"-79.63","43.68","TORONTO INTL A","6158731","2025-03-17 03:00","2025","03","17","03:00","","-0.2","","-4.3","","74","","","","30","","31","","24.1","","99.25","","","","-7","","NA"
"-79.63","43.68","TORONTO INTL A","6158731","2025-03-17 04:00","2025","03","17","04:00","","-0.3","","-4.0","","76","","","","30","","25","","24.1","","99.30","","","","-6","","Mostly Cloudy"
"-79.63","43.68","TORONTO INTL A","6158731","2025-03-17 05:00","2025","03","17","05:00","","-1.6","","-3.5","","87","","","","34","","25","","19.3","","99.49","","","","-8","","Snow"
"-79.63","43.68","TORONTO INTL A","6158731","2025-03-17 06:00","2025","03","17","06:00","","-1.9","","-5.0","","80","","","","35","","23","","24.1","","99.60","","","","-8","","NA"
"-79.63","43.68","TORONTO INTL A","6158731","2025-03-17 07:00","2025","03","17","07:00","","-2.3","","-6.9","","71","","","","36","","24","","24.1","","99.70","","","","-9","","Cloudy"
"-79.63","43.68","TORONTO INTL A","6158731","2025-03-17 08:00","2025","03","17","08:00","","-2.3","","-7.6","","67","","","","32","","24","","24.1","","99.76","","","","-9","","NA"
"-79.63","43.68","TORONTO INTL A","6158731","2025-03-17 09:00","2025","03","17","09:00","","-1.7","","-7.2","","66","","","","32","","23","","24.1","","99.84","","","","-8","","NA"
"-79.63","43.68","TORONTO INTL A","6158731","2025-03-17 10:00","2025","03","17","10:00","","-0.6","","-7.1","","61","","","","33","","17","","24.1","","99.93","","","","-6","","Mainly Clear"
"-79.63","43.68","TORONTO INTL A","6158731","2025-03-17 11:00","2025","03","17","11:00","","0.6","","-8.0","","53","","","","33","","25","","24.1","","99.97","","","","","","NA"
"-79.63","43.68","TORONTO INTL A","6158731","2025-03-17 12:00","2025","03","17","12:00","","2.0","","-7.8","","49","","","","36","","9","","24.1","","99.96","","","","","","NA"
"-79.63","43.68","TORONTO INTL A","6158731","2025-03-17 13:00","2025","03","17","13:00","","3.2","","-8.9","","41","","","","36","","22","","24.1","","99.95","","","","","","Clear"
"-79.63","43.68","TORONTO INTL A","6158731","2025-03-17 14:00","2025","03","17","14:00","","4.2","","-10.6","","33","","","","36","","15","","24.1","","99.93","","","","","","NA"
"-79.63","43.68","TORONTO INTL A","6158731","2025-03-17 15:00","2025","03","17","15:00","","5.0","","-12.1","","28","","","","33","","16","","24.1","","99.87","","","","","","NA"
"-79.63","43.68","TORONTO INTL A","6158731","2025-03-17 16:00","2025","03","17","16:00","","5.1","","-12.1","","28","","","","31","","16","","24.1","","99.91","","","","","","Clear"
"-79.63","43.68","TORONTO INTL A","6158731","2025-03-17 17:00","2025","03","17","17:00","","5.2","","-12.7","","26","","","","35","","13","","24.1","","99.92","","","","","","NA"
"-79.63","43.68","TORONTO INTL A","6158731","2025-03-17 18:00","2025","03","17","18:00","","4.3","","-11.7","","30","","","","7","","10","","24.1","","99.90","","","","","","NA"
"-79.63","43.68","TORONTO INTL A","6158731","2025-03-17 19:00","2025","03","17","19:00","","2.6","","-7.0","","49","","","","14","","9","","24.1","","99.89","","","","","","Clear"
"-79.63","43.68","TORONTO INTL A","6158731","2025-03-17 20:00","2025","03","17","20:00","","2.0","","-7.0","","52","","","","14","","6","","24.1","","99.87","","","","","","NA"
"-79.63","43.68","TORONTO INTL A","6158731","2025-03-17 21:00","2025","03","17","21:00","","1.7","","-4.5","","64","","","","14","","4","","24.1","","99.92","","","","","","NA"
"-79.63","43.68","TORONTO INTL A","6158731","2025-03-17 22:00","2025","03","17","22:00","","1.0","","-1.8","","81","","","","14","","9","","24.1","","99.86","","","","","","Clear"
"-79.63","43.68","TORONTO INTL A","6158731","2025-03-17 23:00","2025","03","17","23:00","","0.9","","-0.2","","92","","","","18","","7","","24.1","","99.86","","","","","","NA"
"-79.63","43.68","TORONTO INTL A","6158731","2025-03-18 00:00","2025","03","18","00:00","","0.7","","-2.4","","79","","","","23","","8","","24.1","","99.89","","","","","","NA"
"-79.63","43.68","TORONTO INTL A","6158731","2025-03-18 01:00","2025","03","18","01:00","","1.1","","-2.8","","75","","","","20","","7","","24.1","","99.89","","","","","","Mostly Cloudy"
"-79.63","43.68","TORONTO INTL A","6158731","2025-03-18 02:00","2025","03","18","02:00","","1.0","","-3.2","","74","","","","19","","9","","24.1","","99.89","","","","","","NA"
"-79.63","43.68","TORONTO INTL A","6158731","2025-03-18 03:00","2025","03","18","03:00","","-0.1","","-3.6","","77","","","","21","","13","","24.1","","99.88","","","","-4","","NA"
"-79.63","43.68","TORONTO INTL A","6158731","2025-03-18 04:00","2025","03","18","04:00","","-0.1","","-3.2","","79","","","","16","","10","","24.1","","99.82","","","","-3","","Mostly Cloudy"
"-79.63","43.68","TORONTO INTL A","6158731","2025-03-18 05:00","2025","03","18","05:00","","0.0","","-2.5","","84","","","","16","","11","","24.1","","99.74","","","","-4","","NA"
"-79.63","43.68","TORONTO INTL A","6158731","2025-03-18 06:00","2025","03","18","06:00","","0.3","","-3.0","","78","","","","15","","14","","24.1","","99.68","","","","","","NA"
"-79.63","43.68","TORONTO INTL A","6158731","2025-03-18 07:00","2025","03","18","07:00","","0.2","","-2.2","","84","","","","14","","13","","24.1","","99.62","","","","","","Clear"
"-79.63","43.68","TORONTO INTL A","6158731","2025-03-18 08:00","2025","03","18","08:00","","2.1","","-2.5","","72","","","","15","","14","","24.1","","99.61","","","","","","NA"
"-79.63","43.68","TORONTO INTL A","6158731","2025-03-18 09:00","2025","03","18","09:00","","3.8","","-2.6","","63","","","","15","","14","","24.1","","99.52","","","","","","NA"
"-79.63","43.68","TORONTO INTL A","6158731","2025-03-18 10:00","2025","03","18","10:00","","5.4","","-1.9","","60","","","","17","","17","","24.1","","99.39","","","","","","Clear"
"-79.63","43.68","TORONTO INTL A","6158731","2025-03-18 11:00","2025","03","18","11:00","","7.5","","-1.0","","55","","","","16","","13","","24.1","","99.33","","","","","","NA"
"-79.63","43.68","TORONTO INTL A","6158731","2025-03-18 12:00","2025","03","18","12:00","","10.3","","-0.7","","46","","","","15","","16","","24.1","","99.20","","","","","","NA"
"-79.63","43.68","TORONTO INTL A","6158731","2025-03-18 13:00","2025","03","18","13:00","","13.3","","0.8","","42","","","","17","","10","","24.1","","99.14","","","","","","Mainly Clear"
"-79.63","43.68","TORONTO INTL A","6158731","2025-03-18 14:00","2025","03","18","14:00","","14.6","","0.8","","39","","","","21","","18","","24.1","","99.08","","","","","","NA"
"-79.63","43.68","TORONTO INTL A","6158731","2025-03-18 15:00","2025","03","18","15:00","","15.1","","1.7","","40","","","","14","","9","","24.1","","99.09","","","","","","NA"
"-79.63","43.68","TORONTO INTL A","6158731","2025-03-18 16:00","2025","03","18","16:00","","15.5","","2.5","","41","","","","15","","12","","24.1","","99.08","","","","","","Mainly Clear"
"-79.63","43.68","TORONTO INTL A","6158731","2025-03-18 17:00","2025","03","18","17:00","","13.7","","2.1","","45","","","","13","","16","","24.1","","99.08","","","","","","NA"
"-79.63","43.68","TORONTO INTL A","6158731","2025-03-18 18:00","2025","03","18","18:00","","10.2","","1.9","","56","","","","14","","12","","24.1","","99.11","","","","","","NA"
"-79.63","43.68","TORONTO INTL A","6158731","2025-03-18 19:00","2025","03","18","19:00","","8.8","","1.5","","60","","","","11","","9","","24.1","","99.13","","","","","","Mainly Clear"
"-79.63","43.68","TORONTO INTL A","6158731","2025-03-18 20:00","2025","03","18","20:00","","8.9","","1.4","","59","","","","12","","7","","24.1","","99.15","","","","","","NA"
"-79.63","43.68","TORONTO INTL A","6158731","2025-03-18 21:00","2025","03","18","21:00","","7.8","","1.6","","65","","","","13","","8","","24.1","","99.16","","","","","","NA"
"-79.63","43.68","TORONTO INTL A","6158731","2025-03-18 22:00","2025","03","18","22:00","","6.9","","0.8","","65","","","","8","","5","","24.1","","99.14","","","","","","Clear"
"-79.63","43.68","TORONTO INTL A","6158731","2025-03-18 23:00","2025","03","18","23:00","","6.3","","0.4","","66","","","","8","","8","","24.1","","99.09","","","","","","NA"
"-79.63","43.68","TORONTO INTL A","6158731","2025-03-19 00:00","2025","03","19","00:00","","6.2","","0.3","","66","","","","","","0","","24.1","","99.07","","","","","","NA"
"-79.63","43.68","TORONTO INTL A","6158731","2025-03-19 01:00","2025","03","19","01:00","","5.8","","0.2","","68","","","","","","0","","24.1","","99.03","","","","","","Clear"
"-79.63","43.68","TORONTO INTL A","6158731","2025-03-19 02:00","2025","03","19","02:00","","4.8","","-0.2","","70","","","","5","","6","","24.1","","99.05","","","","","","NA"
"-79.63","43.68","TORONTO INTL A","6158731","2025-03-19 03:00","2025","03","19","03:00","","4.1","","-0.6","","71","","","","9","","5","","24.1","","98.99","","","","","","NA"
"-79.63","43.68","TORONTO INTL A","6158731","2025-03-19 04:00","2025","03","19","04:00","","4.0","","-0.5","","72","","","","14","","5","","24.1","","98.93","","","","","","Mostly Cloudy"
"-79.63","43.68","TORONTO INTL A","6158731","2025-03-19 05:00","2025","03","19","05:00","","4.7","","-0.1","","71","","","","","","0","","24.1","","98.89","","","","","","NA"
"-79.63","43.68","TORONTO INTL A","6158731","2025-03-19 06:00","2025","03","19","06:00","","5.1","","0.3","","71","","","","","","0","","24.1","","98.89","","","","","","NA"
"-79.63","43.68","TORONTO INTL A","6158731","2025-03-19 07:00","2025","03","19","07:00","","5.5","","0.4","","70","","","","6","","6","","24.1","","98.87","","","","","","Mostly Cloudy"
"-79.63","43.68","TORONTO INTL A","6158731","2025-03-19 08:00","2025","03","19","08:00","","8.3","","0.8","","59","","","","","","0","","24.1","","98.86","","","","","","NA"
"-79.63","43.68","TORONTO INTL A","6158731","2025-03-19 09:00","2025","03","19","09:00","","11.4","","1.0","","48","","","","17","","8","","24.1","","98.78","","","","","","NA"
"-79.63","43.68","TORONTO INTL A","6158731","2025-03-19 10:00","2025","03","19","10:00","","13.2","","1.6","","45","","","","19","","16","","24.1","","98.72","","","","","","Mostly Cloudy"
"-79.63","43.68","TORONTO INTL A","6158731","2025-03-19 11:00","2025","03","19","11:00","","15.8","","2.1","","39","","","","18","","19","","24.1","","98.65","","","","","","NA"
"-79.63","43.68","TORONTO INTL A","6158731","2025-03-19 12:00","2025","03","19","12:00","","17.1","","2.1","","36","","","","15","","17","","24.1","","98.56","","","","","","NA"
"-79.63","43.68","TORONTO INTL A","6158731","2025-03-19 13:00","2025","03","19","13:00","","16.8","","1.9","","36","","","","15","","20","","24.1","","98.47","","","","","","Mostly Cloudy"
"-79.63","43.68","TORONTO INTL A","6158731","2025-03-19 14:00","2025","03","19","14:00","","18.1","","1.8","","33","","","","17","","21","","24.1","","98.36","","","","","","NA"
"-79.63","43.68","TORONTO INTL A","6158731","2025-03-19 15:00","2025","03","19","15:00","","19.6","","2.2","","31","","","","17","","19","","24.1","","98.24","","","","","","NA"
"-79.63","43.68","TORONTO INTL A","6158731","2025-03-19 16:00","2025","03","19","16:00","","21.1","","3.0","","30","","","","18","","17","","24.1","","98.15","","","","","","Mainly Clear"
"-79.63","43.68","TORONTO INTL A","6158731","2025-03-19 17:00","2025","03","19","17:00","","18.9","","2.7","","34","","","","14","","15","","24.1","","98.11","","","","","","NA"
"-79.63","43.68","TORONTO INTL A","6158731","2025-03-19 18:00","2025","03","19","18:00","","15.2","","1.8","","40","","","","14","","16","","24.1","","98.10","","","","","","NA"
"-79.63","43.68","TORONTO INTL A","6158731","2025-03-19 19:00","2025","03","19","19:00","","11.7","","1.4","","49","","","","17","","9","","24.1","","98.10","","","","","","Mainly Clear"
"-79.63","43.68","TORONTO INTL A","6158731","2025-03-19 20:00","2025","03","19","20:00","","12.0","","1.3","","48","","","","15","","9","","24.1","","98.07","","","","","","NA"
"-79.63","43.68","TORONTO INTL A","6158731","2025-03-19 21:00","2025","03","19","21:00","","12.1","","1.6","","48","","","","13","","9","","24.1","","98.02","","","","","","NA"
"-79.63","43.68","TORONTO INTL A","6158731","2025-03-19 22:00","2025","03","19","22:00","","12.5","","1.5","","47","","","","11","","10","","24.1","","97.93","","","","","","Mostly Cloudy"
"-79.63","43.68","TORONTO INTL A","6158731","2025-03-19 23:00","2025","03","19","23:00","","11.0","","1.6","","52","","","","16","","16","","24.1","","97.91","","","","","","NA"
"-79.63","43.68","TORONTO INTL A","6158731","2025-03-20 00:00","2025","03","20","00:00","","10.1","","1.3","","54","","","","20","","7","","24.1","","97.88","","","","","","NA"
"-79.63","43.68","TORONTO INTL A","6158731","2025-03-20 01:00","2025","03","20","01:00","","11.0","","1.2","","51","","","","2","","3","","24.1","","97.70","","","","","","Mostly Cloudy"
"-79.63","43.68","TORONTO INTL A","6158731","2025-03-20 02:00","2025","03","20","02:00","","11.8","","1.3","","48","","","","16","","9","","24.1","","97.69","","","","","","NA"
"-79.63","43.68","TORONTO INTL A","6158731","2025-03-20 03:00","2025","03","20","03:00","","11.5","","1.2","","49","","","","19","","5","","24.1","","97.51","","","","","","NA"
"-79.63","43.68","TORONTO INTL A","6158731","2025-03-20 04:00","2025","03","20","04:00","","12.5","","1.9","","48","","","","21","","10","","24.1","","97.56","","","","","","Mostly Cloudy"
"-79.63","43.68","TORONTO INTL A","6158731","2025-03-20 05:00","2025","03","20","05:00","","13.7","","7.6","","66","","","","24","","28","","24.1","","97.61","","","","","","NA"
"-79.63","43.68","TORONTO INTL A","6158731","2025-03-20 06:00","2025","03","20","06:00","","12.4","","8.4","","77","","","","24","","26","","19.3","","97.65","","","","","","Rain"
"-79.63","43.68","TORONTO INTL A","6158731","2025-03-20 07:00","2025","03","20","07:00","","12.2","","7.8","","74","","","","19","","25","","19.3","","97.68","","","","","","Rain"
"-79.63","43.68","TORONTO INTL A","6158731","2025-03-20 08:00","2025","03","20","08:00","","11.2","","9.0","","86","","","","19","","25","","19.3","","97.66","","","","","","Rain"
"-79.63","43.68","TORONTO INTL A","6158731","2025-03-20 09:00","2025","03","20","09:00","","11.0","","8.9","","87","","","","21","","29","","19.3","","97.63","","","","","","Rain"
"-79.63","43.68","TORONTO INTL A","6158731","2025-03-20 10:00","2025","03","20","10:00","","10.8","","8.0","","83","","","","21","","26","","24.1","","97.62","","","","","","Mostly Cloudy"
"-79.63","43.68","TORONTO INTL A","6158731","2025-03-20 11:00","2025","03","20","11:00","","8.6","","5.0","","78","","","","23","","39","","19.3","","97.71","","","","","","Rain Showers"
"-79.63","43.68","TORONTO INTL A","6158731","2025-03-20 12:00","2025","03","20","12:00","","9.9","","3.1","","62","","","","23","","23","","24.1","","97.64","","","","","","NA"
"-79.63","43.68","TORONTO INTL A","6158731","2025-03-20 13:00","2025","03","20","13:00","","9.7","","2.6","","61","","","","20","","27","","24.1","","97.62","","","","","","Cloudy"
"-79.63","43.68","TORONTO INTL A","6158731","2025-03-20 14:00","2025","03","20","14:00","","10.9","","3.5","","60","","","","22","","30","","24.1","","97.61","","","","","","NA"
"-79.63","43.68","TORONTO INTL A","6158731","2025-03-20 15:00","2025","03","20","15:00","","8.5","","5.6","","82","","","","24","","28","","24.1","","97.68","","","","","","Rain Showers"
"-79.63","43.68","TORONTO INTL A","6158731","2025-03-20 16:00","2025","03","20","16:00","","7.8","","3.1","","72","","","","27","","38","","24.1","","97.81","","","","","","Mostly Cloudy"
"-79.63","43.68","TORONTO INTL A","6158731","2025-03-20 17:00","2025","03","20","17:00","","5.9","","1.1","","71","","","","29","","35","","24.1","","97.95","","","","","","NA"
"-79.63","43.68","TORONTO INTL A","6158731","2025-03-20 18:00","2025","03","20","18:00","","2.6","","-1.1","","77","","","","31","","44","","24.1","","98.20","","","","","","NA"
"-79.63","43.68","TORONTO INTL A","6158731","2025-03-20 19:00","2025","03","20","19:00","","1.5","","-3.9","","67","","","","32","","44","","24.1","","98.36","","","","","","Mostly Cloudy"
"-79.63","43.68","TORONTO INTL A","6158731","2025-03-20 20:00","2025","03","20","20:00","","1.0","","-4.7","","66","","","","32","","44","","24.1","","98.54","","","","","","NA"
"-79.63","43.68","TORONTO INTL A","6158731","2025-03-20 21:00","2025","03","20","21:00","","0.9","","-4.8","","66","","","","33","","49","","24.1","","98.65","","","","","","NA"
"-79.63","43.68","TORONTO INTL A","6158731","2025-03-20 22:00","2025","03","20","22:00","","1.0","","-5.2","","63","","","","33","","44","","24.1","","98.73","","","","","","Mostly Cloudy"
"-79.63","43.68","TORONTO INTL A","6158731","2025-03-20 23:00","2025","03","20","23:00","","0.9","","-5.5","","63","","","","33","","35","","24.1","","98.80","","","","","","NA"
"-79.63","43.68","TORONTO INTL A","6158731","2025-03-21 00:00","2025","03","21","00:00","","0.6","","-6.2","","61","","","","32","","36","","24.1","","98.88","","","","","","NA"
"-79.63","43.68","TORONTO INTL A","6158731","2025-03-21 01:00","2025","03","21","01:00","","-0.3","","-7.7","","57","","","","32","","22","","24.1","","98.97","","","","-6","","Mostly Cloudy"
"-79.63","43.68","TORONTO INTL A","6158731","2025-03-21 02:00","2025","03","21","02:00","","-0.5","","-6.6","","64","","","","33","","21","","24.1","","99.03","","","","-6","","NA"
"-79.63","43.68","TORONTO INTL A","6158731","2025-03-21 03:00","2025","03","21","03:00","","-0.8","","-6.2","","67","","","","34","","10","","24.1","","99.10","","","","-4","","NA"
"-79.63","43.68","TORONTO INTL A","6158731","2025-03-21 04:00","2025","03","21","04:00","","-0.6","","-6.6","","64","","","","29","","20","","24.1","","99.19","","","","-6","","Mostly Cloudy"
"-79.63","43.68","TORONTO INTL A","6158731","2025-03-21 05:00","2025","03","21","05:00","","-2.6","","-6.7","","73","","","","27","","14","","24.1","","99.23","","","","-7","","NA"
"-79.63","43.68","TORONTO INTL A","6158731","2025-03-21 06:00","2025","03","21","06:00","","-2.6","","-6.3","","76","","","","26","","13","","24.1","","99.26","","","","-7","","NA"
"-79.63","43.68","TORONTO INTL A","6158731","2025-03-21 07:00","2025","03","21","07:00","","-1.8","","-5.5","","76","","","","26","","12","","24.1","","99.30","","","","-6","","Clear"
"-79.63","43.68","TORONTO INTL A","6158731","2025-03-21 08:00","2025","03","21","08:00","","0.4","","-5.9","","63","","","","28","","18","","24.1","","99.30","","","","","","NA"
"-79.63","43.68","TORONTO INTL A","6158731","2025-03-21 09:00","2025","03","21","09:00","","1.6","","-6.0","","57","","","","24","","18","","24.1","","99.30","","","","","","NA"
"-79.63","43.68","TORONTO INTL A","6158731","2025-03-21 10:00","2025","03","21","10:00","","3.2","","-6.4","","50","","","","24","","17","","24.1","","99.31","","","","","","Clear"
"-79.63","43.68","TORONTO INTL A","6158731","2025-03-21 11:00","2025","03","21","11:00","","4.5","","-8.2","","40","","","","22","","23","","24.1","","99.23","","","","","","NA"
"-79.63","43.68","TORONTO INTL A","6158731","2025-03-21 12:00","2025","03","21","12:00","","5.5","","-6.9","","40","","","","21","","20","","24.1","","99.17","","","","","","NA"
"-79.63","43.68","TORONTO INTL A","6158731","2025-03-21 13:00","2025","03","21","13:00","","6.8","","-6.6","","38","","","","21","","19","","24.1","","99.04","","","","","","Mainly Clear"
"-79.63","43.68","TORONTO INTL A","6158731","2025-03-21 14:00","2025","03","21","14:00","","7.5","","-7.8","","33","","","","21","","23","","24.1","","98.95","","","","","","NA"
"-79.63","43.68","TORONTO INTL A","6158731","2025-03-21 15:00","2025","03","21","15:00","","8.0","","-7.9","","32","","","","20","","27","","24.1","","98.83","","","","","","NA"
"-79.63","43.68","TORONTO INTL A","6158731","2025-03-21 16:00","2025","03","21","16:00","","8.0","","-5.3","","38","","","","23","","28","","24.1","","98.73","","","","","","Clear"
"-79.63","43.68","TORONTO INTL A","6158731","2025-03-21 17:00","2025","03","21","17:00","","7.2","","-5.4","","40","","","","22","","23","","24.1","","98.71","","","","","","NA"
"-79.63","43.68","TORONTO INTL A","6158731","2025-03-21 18:00","2025","03","21","18:00","","5.8","","-7.2","","39","","","","20","","22","","24.1","","98.66","","","","","","NA"
"-79.63","43.68","TORONTO INTL A","6158731","2025-03-21 19:00","2025","03","21","19:00","","4.9","","-5.1","","48","","","","19","","16","","24.1","","98.60","","","","","","Mainly Clear"
"-79.63","43.68","TORONTO INTL A","6158731","2025-03-21 20:00","2025","03","21","20:00","","5.4","","-4.0","","51","","","","20","","24","","24.1","","98.52","","","","","","NA"
"-79.63","43.68","TORONTO INTL A","6158731","2025-03-21 21:00","2025","03","21","21:00","","5.4","","-3.5","","53","","","","22","","19","","24.1","","98.53","","","","","","NA"
"-79.63","43.68","TORONTO INTL A","6158731","2025-03-21 22:00","2025","03","21","22:00","","5.4","","-3.4","","53","","","","22","","16","","24.1","","98.47","","","","","","Clear"
"-79.63","43.68","TORONTO INTL A","6158731","2025-03-21 23:00","2025","03","21","23:00","","5.5","","-3.3","","53","","","","21","","16","","24.1","","98.41","","","","","","NA"
"-79.63","43.68","TORONTO INTL A","6158731","2025-03-22 00:00","2025","03","22","00:00","","6.2","","-2.9","","52","","","","21","","18","","24.1","","98.34","","","","","","NA"
"-79.63","43.68","TORONTO INTL A","6158731","2025-03-22 01:00","2025","03","22","01:00","","6.0","","-2.5","","54","","","","21","","20","","24.1","","98.24","","","","","","Cloudy"
"-79.63","43.68","TORONTO INTL A","6158731","2025-03-22 02:00","2025","03","22","02:00","","5.6","","-2.4","","56","","","","21","","13","","24.1","","98.15","","","","","","NA"
"-79.63","43.68","TORONTO INTL A","6158731","2025-03-22 03:00","2025","03","22","03:00","","5.8","","-2.5","","55","","","","20","","12","","24.1","","98.06","","","","","","NA"
"-79.63","43.68","TORONTO INTL A","6158731","2025-03-22 04:00","2025","03","22","04:00","","5.6","","-2.2","","57","","","","20","","13","","24.1","","97.97","","","","","","Mainly Clear"
"-79.63","43.68","TORONTO INTL A","6158731","2025-03-22 05:00","2025","03","22","05:00","","6.3","","-1.8","","56","","","","20","","19","","24.1","","97.86","","","","","","NA"
"-79.63","43.68","TORONTO INTL A","6158731","2025-03-22 06:00","2025","03","22","06:00","","6.4","","-1.5","","57","","","","21","","26","","24.1","","97.85","","","","","","NA"
"-79.63","43.68","TORONTO INTL A","6158731","2025-03-22 07:00","2025","03","22","07:00","","6.4","","1.0","","68","","","","24","","34","","24.1","","97.86","","","","","","Mostly Cloudy"
"-79.63","43.68","TORONTO INTL A","6158731","2025-03-22 08:00","2025","03","22","08:00","","6.3","","1.7","","73","","","","24","","27","","24.1","","97.90","","","","","","Rain"
"-79.63","43.68","TORONTO INTL A","6158731","2025-03-22 09:00","2025","03","22","09:00","","4.3","","2.2","","86","","","","32","","37","","24.1","","98.06","","","","","","Rain"
"-79.63","43.68","TORONTO INTL A","6158731","2025-03-22 10:00","2025","03","22","10:00","","2.2","","-3.5","","66","","","","33","","43","","24.1","","98.26","","","","","","Cloudy"
"-79.63","43.68","TORONTO INTL A","6158731","2025-03-22 11:00","2025","03","22","11:00","","3.4","","-4.4","","57","","","","32","","45","","24.1","","98.35","","","","","","NA"
"-79.63","43.68","TORONTO INTL A","6158731","2025-03-22 12:00","2025","03","22","12:00","","2.0","","-5.5","","57","","","","34","","34","","24.1","","98.49","","","","","","NA"
"-79.63","43.68","TORONTO INTL A","6158731","2025-03-22 13:00","2025","03","22","13:00","","0.3","","-6.8","","59","","","","33","","45","","24.1","","98.70","","","","","","Mostly Cloudy"
"-79.63","43.68","TORONTO INTL A","6158731","2025-03-22 14:00","2025","03","22","14:00","","0.4","","-9.3","","49","","","","31","","45","","24.1","","98.86","","","","","","NA"
"-79.63","43.68","TORONTO INTL A","6158731","2025-03-22 15:00","2025","03","22","15:00","","0.1","","-10.6","","45","","","","31","","44","","24.1","","99.05","","","","","","NA"
"-79.63","43.68","TORONTO INTL A","6158731","2025-03-22 16:00","2025","03","22","16:00","","-0.8","","-10.3","","49","","","","30","","37","","24.1","","99.17","","","","-8","","Mostly Cloudy"
"-79.63","43.68","TORONTO INTL A","6158731","2025-03-22 17:00","2025","03","22","17:00","","-1.2","","-11.2","","47","","","","31","","33","","24.1","","99.31","","","","-8","","NA"
"-79.63","43.68","TORONTO INTL A","6158731","2025-03-22 18:00","2025","03","22","18:00","","-2.7","","-12.7","","46","","","","29","","34","","24.1","","99.48","","","","-10","","NA"
"-79.63","43.68","TORONTO INTL A","6158731","2025-03-22 19:00","2025","03","22","19:00","","-4.0","","-13.0","","50","","","","31","","38","","24.1","","99.59","","","","-13","","Mainly Clear"
"-79.63","43.68","TORONTO INTL A","6158731","2025-03-22 20:00","2025","03","22","20:00","","-4.2","","-12.3","","53","","","","31","","25","","24.1","","99.68","","","","-11","","NA"
"-79.63","43.68","TORONTO INTL A","6158731","2025-03-22 21:00","2025","03","22","21:00","","-4.5","","-11.6","","58","","","","32","","23","","24.1","","99.75","","","","-11","","NA"
"-79.63","43.68","TORONTO INTL A","6158731","2025-03-22 22:00","2025","03","22","22:00","","-4.7","","-12.0","","57","","","","32","","24","","24.1","","99.81","","","","-12","","Clear"
"-79.63","43.68","TORONTO INTL A","6158731","2025-03-22 23:00","2025","03","22","23:00","","-5.1","","-11.9","","59","","","","32","","23","","24.1","","99.88","","","","-12","","NA"
"-79.63","43.68","TORONTO INTL A","6158731","2025-03-23 00:00","2025","03","23","00:00","","-5.2","","-11.7","","61","","","","31","","22","","24.1","","99.91","","","","-12","","NA"
"-79.63","43.68","TORONTO INTL A","6158731","2025-03-23 01:00","2025","03","23","01:00","","-5.1","","-11.8","","60","","","","30","","17","","24.1","","99.95","","","","-11","","Clear"
"-79.63","43.68","TORONTO INTL A","6158731","2025-03-23 02:00","2025","03","23","02:00","","-5.7","","-11.5","","64","","","","30","","14","","24.1","","99.99","","","","-11","","NA"
"-79.63","43.68","TORONTO INTL A","6158731","2025-03-23 03:00","2025","03","23","03:00","","-6.8","","-11.6","","69","","","","28","","12","","24.1","","100.06","","","","-12","","NA"
"-79.63","43.68","TORONTO INTL A","6158731","2025-03-23 04:00","2025","03","23","04:00","","-7.2","","-12.1","","68","","","","29","","9","","24.1","","100.09","","","","-12","","Clear"
"-79.63","43.68","TORONTO INTL A","6158731","2025-03-23 05:00","2025","03","23","05:00","","-6.3","","-12.3","","63","","","","29","","6","","24.1","","100.12","","","","-9","","NA"
"-79.63","43.68","TORONTO INTL A","6158731","2025-03-23 06:00","2025","03","23","06:00","","-7.0","","-11.8","","69","","","","3","","10","","24.1","","100.16","","","","-12","","NA"
"-79.63","43.68","TORONTO INTL A","6158731","2025-03-23 07:00","2025","03","23","07:00","","-6.2","","-11.2","","68","","","","5","","7","","24.1","","100.16","","","","-10","","Clear"
"-79.63","43.68","TORONTO INTL A","6158731","2025-03-23 08:00","2025","03","23","08:00","","-4.3","","-10.7","","62","","","","5","","7","","24.1","","100.19","","","","-7","","NA"
"-79.63","43.68","TORONTO INTL A","6158731","2025-03-23 09:00","2025","03","23","09:00","","-3.2","","-12.1","","51","","","","6","","6","","24.1","","100.16","","","","-6","","NA"
"-79.63","43.68","TORONTO INTL A","6158731","2025-03-23 10:00","2025","03","23","10:00","","-2.2","","-12.7","","45","","","","17","","9","","24.1","","100.19","","","","-6","","Mainly Clear"
"-79.63","43.68","TORONTO INTL A","6158731","2025-03-23 11:00","2025","03","23","11:00","","-1.8","","-11.6","","47","","","","10","","8","","24.1","","100.19","","","","-5","","NA"
"-79.63","43.68","TORONTO INTL A","6158731","2025-03-23 12:00","2025","03","23","12:00","","-1.6","","-10.9","","49","","","","12","","12","","24.1","","100.14","","","","-6","","NA"
"-79.63","43.68","TORONTO INTL A","6158731","2025-03-23 13:00","2025","03","23","13:00","","-0.9","","-10.4","","48","","","","11","","13","","24.1","","100.02","","","","-5","","Mostly Cloudy"
"-79.63","43.68","TORONTO INTL A","6158731","2025-03-23 14:00","2025","03","23","14:00","","-0.7","","-9.9","","50","","","","14","","10","","24.1","","99.93","","","","-4","","NA"
"-79.63","43.68","TORONTO INTL A","6158731","2025-03-23 15:00","2025","03","23","15:00","","-0.6","","-9.2","","52","","","","15","","17","","24.1","","99.87","","","","-6","","NA"
"-79.63","43.68","TORONTO INTL A","6158731","2025-03-23 16:00","2025","03","23","16:00","","-1.5","","-8.7","","58","","","","11","","20","","24.1","","99.74","","","","-7","","Mostly Cloudy"
"-79.63","43.68","TORONTO INTL A","6158731","2025-03-23 17:00","2025","03","23","17:00","","-1.7","","-8.3","","61","","","","11","","21","","24.1","","99.66","","","","-8","","NA"
"-79.63","43.68","TORONTO INTL A","6158731","2025-03-23 18:00","2025","03","23","18:00","","-1.6","","-7.7","","63","","","","12","","16","","24.1","","99.58","","","","-7","","NA"
"-79.63","43.68","TORONTO INTL A","6158731","2025-03-23 19:00","2025","03","23","19:00","","-1.8","","-7.6","","64","","","","10","","20","","24.1","","99.47","","","","-8","","Cloudy"
"-79.63","43.68","TORONTO INTL A","6158731","2025-03-23 20:00","2025","03","23","20:00","","-1.5","","-6.7","","68","","","","10","","17","","24.1","","99.38","","","","-7","","NA"
"-79.63","43.68","TORONTO INTL A","6158731","2025-03-23 21:00","2025","03","23","21:00","","-1.2","","-5.6","","72","","","","9","","18","","24.1","","99.23","","","","-6","","NA"
"-79.63","43.68","TORONTO INTL A","6158731","2025-03-23 22:00","2025","03","23","22:00","","-0.8","","-5.1","","72","","","","9","","16","","24.1","","99.05","","","","-6","","Mostly Cloudy"
"-79.63","43.68","TORONTO INTL A","6158731","2025-03-23 23:00","2025","03","23","23:00","","-0.1","","-4.2","","74","","","","10","","23","","24.1","","98.88","","","","-6","","Snow"
"-79.63","43.68","TORONTO INTL A","6158731","2025-03-24 00:00","2025","03","24","00:00","","-0.9","","-0.9","","100","","","","9","","22","","3.2","","98.62","","","","-7","","Snow"
"-79.63","43.68","TORONTO INTL A","6158731","2025-03-24 01:00","2025","03","24","01:00","","-0.1","","-0.1","","100","","","","11","","20","","8.1","","98.40","","","","-5","","Snow"
"-79.63","43.68","TORONTO INTL A","6158731","2025-03-24 02:00","2025","03","24","02:00","","0.3","","0.3","","100","","","","10","","19","","8.1","","98.26","","","","","","Snow"
"-79.63","43.68","TORONTO INTL A","6158731","2025-03-24 03:00","2025","03","24","03:00","","0.8","","0.8","","100","","","","11","","20","","19.3","","98.16","","","","","","Snow"
"-79.63","43.68","TORONTO INTL A","6158731","2025-03-24 04:00","2025","03","24","04:00","","1.2","","1.2","","100","","","","12","","18","","9.7","","98.02","","","","","","Drizzle"
"-79.63","43.68","TORONTO INTL A","6158731","2025-03-24 05:00","2025","03","24","05:00","","1.7","","1.7","","100","","","","14","","11","","24.1","","98.00","","","","","","NA"
"-79.63","43.68","TORONTO INTL A","6158731","2025-03-24 06:00","2025","03","24","06:00","","2.6","","2.6","","100","","","","19","","13","","24.1","","97.98","","","","","","NA"
"-79.63","43.68","TORONTO INTL A","6158731","2025-03-24 07:00","2025","03","24","07:00","","3.5","","3.4","","99","","","","21","","14","","24.1","","98.05","","","","","","Mainly Clear"
"-79.63","43.68","TORONTO INTL A","6158731","2025-03-24 08:00","2025","03","24","08:00","","4.3","","2.9","","91","","","","21","","18","","24.1","","98.06","","","","","","NA"
"-79.63","43.68","TORONTO INTL A","6158731","2025-03-24 09:00","2025","03","24","09:00","","4.9","","0.3","","72","","","","22","","32","","24.1","","98.07","","","","","","NA"
"-79.63","43.68","TORONTO INTL A","6158731","2025-03-24 10:00","2025","03","24","10:00","","4.9","","0.8","","75","","","","21","","29","","24.1","","98.04","","","","","","Cloudy"
"-79.63","43.68","TORONTO INTL A","6158731","2025-03-24 11:00","2025","03","24","11:00","","5.9","","1.7","","75","","","","22","","23","","24.1","","97.99","","","","","","NA"
"-79.63","43.68","TORONTO INTL A","6158731","2025-03-24 12:00","2025","03","24","12:00","","3.8","","0.6","","80","","","","26","","44","","24.1","","98.05","","","","","","Rain Showers"
"-79.63","43.68","TORONTO INTL A","6158731","2025-03-24 13:00","2025","03","24","13:00","","4.2","","-0.3","","73","","","","25","","26","","24.1","","98.10","","","","","","Cloudy"
"-79.63","43.68","TORONTO INTL A","6158731","2025-03-24 14:00","2025","03","24","14:00","","2.6","","0.2","","84","","","","25","","20","","9.7","","98.18","","","","","","Rain,Snow"
"-79.63","43.68","TORONTO INTL A","6158731","2025-03-24 15:00","2025","03","24","15:00","","4.7","","2.0","","83","","","","25","","31","","24.1","","98.21","","","","","","NA"
"-79.63","43.68","TORONTO INTL A","6158731","2025-03-24 16:00","2025","03","24","16:00","","4.1","","1.7","","84","","","","25","","30","","24.1","","98.26","","","","","","Rain Showers"
"-79.63","43.68","TORONTO INTL A","6158731","2025-03-24 17:00","2025","03","24","17:00","","3.5","","1.0","","83","","","","25","","25","","24.1","","98.31","","","","","","NA"
"-79.63","43.68","TORONTO INTL A","6158731","2025-03-24 18:00","2025","03","24","18:00","","2.6","","0.0","","83","","","","25","","26","","24.1","","98.41","","","","","","NA"
"-79.63","43.68","TORONTO INTL A","6158731","2025-03-24 19:00","2025","03","24","19:00","","2.0","","-0.8","","81","","","","25","","29","","24.1","","98.50","","","","","","Mostly Cloudy"
"-79.63","43.68","TORONTO INTL A","6158731","2025-03-24 20:00","2025","03","24","20:00","","1.9","","-1.3","","79","","","","25","","36","","24.1","","98.55","","","","","","NA"
"-79.63","43.68","TORONTO INTL A","6158731","2025-03-24 21:00","2025","03","24","21:00","","1.4","","-1.4","","82","","","","25","","25","","24.1","","98.60","","","","","","NA"
"-79.63","43.68","TORONTO INTL A","6158731","2025-03-24 22:00","2025","03","24","22:00","","1.4","","-2.2","","77","","","","26","","34","","24.1","","98.61","","","","","","Mostly Cloudy"
"-79.63","43.68","TORONTO INTL A","6158731","2025-03-24 23:00","2025","03","24","23:00","","1.5","","-2.5","","75","","","","26","","34","","24.1","","98.60","","","","","","NA"
"-79.63","43.68","TORONTO INTL A","6158731","2025-03-25 00:00","2025","03","25","00:00","","1.4","","-2.1","","78","","","","26","","32","","24.1","","98.59","","","","","","NA"
"-79.63","43.68","TORONTO INTL A","6158731","2025-03-25 01:00","2025","03","25","01:00","","1.5","","-2.4","","75","","","","26","","32","","24.1","","98.58","","","","","","Mostly Cloudy"
"-79.63","43.68","TORONTO INTL A","6158731","2025-03-25 02:00","2025","03","25","02:00","","1.1","","-2.4","","77","","","","25","","26","","24.1","","98.58","","","","","","NA"
"-79.63","43.68","TORONTO INTL A","6158731","2025-03-25 03:00","2025","03","25","03:00","","0.6","","-2.7","","78","","","","25","","22","","24.1","","98.57","","","","","","NA"
"-79.63","43.68","TORONTO INTL A","6158731","2025-03-25 04:00","2025","03","25","04:00","","0.9","","-3.3","","73","","","","25","","23","","24.1","","98.62","","","","","","Mostly Cloudy"
"-79.63","43.68","TORONTO INTL A","6158731","2025-03-25 05:00","2025","03","25","05:00","","0.7","","-3.1","","76","","","","28","","25","","24.1","","98.70","","","","","","NA"
"-79.63","43.68","TORONTO INTL A","6158731","2025-03-25 06:00","2025","03","25","06:00","","0.7","","-4.0","","71","","","","26","","30","","24.1","","98.74","","","","","","NA"
"-79.63","43.68","TORONTO INTL A","6158731","2025-03-25 07:00","2025","03","25","07:00","","0.9","","-3.7","","71","","","","26","","23","","24.1","","98.78","","","","","","Mostly Cloudy"
"-79.63","43.68","TORONTO INTL A","6158731","2025-03-25 08:00","2025","03","25","08:00","","1.3","","-4.0","","68","","","","25","","26","","24.1","","98.84","","","","","","NA"
"-79.63","43.68","TORONTO INTL A","6158731","2025-03-25 09:00","2025","03","25","09:00","","1.9","","-3.6","","67","","","","26","","31","","24.1","","98.90","","","","","","NA"
"-79.63","43.68","TORONTO INTL A","6158731","2025-03-25 10:00","2025","03","25","10:00","","3.7","","-3.8","","58","","","","27","","36","","24.1","","98.93","","","","","","Mostly Cloudy"
"-79.63","43.68","TORONTO INTL A","6158731","2025-03-25 11:00","2025","03","25","11:00","","4.3","","-4.1","","55","","","","28","","33","","24.1","","98.94","","","","","","NA"
"-79.63","43.68","TORONTO INTL A","6158731","2025-03-25 12:00","2025","03","25","12:00","","3.2","","-4.0","","59","","","","26","","33","","24.1","","98.99","","","","","","NA"
"-79.63","43.68","TORONTO INTL A","6158731","2025-03-25 13:00","2025","03","25","13:00","","3.3","","-4.7","","56","","","","26","","31","","24.1","","99.01","","","","","","Cloudy"
"-79.63","43.68","TORONTO INTL A","6158731","2025-03-25 14:00","2025","03","25","14:00","","3.8","","-4.3","","55","","","","27","","32","","24.1","","99.02","","","","","","NA"
"-79.63","43.68","TORONTO INTL A","6158731","2025-03-25 15:00","2025","03","25","15:00","","3.7","","-4.2","","56","","","","26","","31","","24.1","","99.08","","","","","","NA"
"-79.63","43.68","TORONTO INTL A","6158731","2025-03-25 16:00","2025","03","25","16:00","","3.2","","-4.6","","56","","","","27","","32","","24.1","","99.12","","","","","","Mostly Cloudy"
"-79.63","43.68","TORONTO INTL A","6158731","2025-03-25 17:00","2025","03","25","17:00","","2.9","","-4.0","","61","","","","27","","28","","19.3","","99.21","","","","","","NA"
"-79.63","43.68","TORONTO INTL A","6158731","2025-03-25 18:00","2025","03","25","18:00","","1.8","","-3.6","","68","","","","27","","28","","24.1","","99.31","","","","","","NA"
"-79.63","43.68","TORONTO INTL A","6158731","2025-03-25 19:00","2025","03","25","19:00","","0.9","","-3.8","","71","","","","26","","22","","24.1","","99.38","","","","","","Mostly Cloudy"
"-79.63","43.68","TORONTO INTL A","6158731","2025-03-25 20:00","2025","03","25","20:00","","0.8","","-3.7","","71","","","","26","","18","","24.1","","99.45","","","","","","NA"
"-79.63","43.68","TORONTO INTL A","6158731","2025-03-25 21:00","2025","03","25","21:00","","0.8","","-3.8","","71","","","","27","","16","","24.1","","99.48","","","","","","NA"
"-79.63","43.68","TORONTO INTL A","6158731","2025-03-25 22:00","2025","03","25","22:00","","0.4","","-3.3","","77","","","","27","","19","","24.1","","99.48","","","","","","Mostly Cloudy"
"-79.63","43.68","TORONTO INTL A","6158731","2025-03-25 23:00","2025","03","25","23:00","","0.3","","-5.0","","68","","","","32","","19","","24.1","","99.49","","","","","","NA"
"-79.63","43.68","TORONTO INTL A","6158731","2025-03-26 00:00","2025","03","26","00:00","","0.1","","-5.0","","69","","","","32","","14","","24.1","","99.49","","","","","","NA"
"-79.63","43.68","TORONTO INTL A","6158731","2025-03-26 01:00","2025","03","26","01:00","","-0.6","","-5.5","","70","","","","31","","18","","24.1","","99.48","","","","-6","","Mostly Cloudy"
"-79.63","43.68","TORONTO INTL A","6158731","2025-03-26 02:00","2025","03","26","02:00","","-1.3","","-5.5","","73","","","","28","","16","","24.1","","99.45","","","","-6","","NA"
"-79.63","43.68","TORONTO INTL A","6158731","2025-03-26 03:00","2025","03","26","03:00","","-2.3","","-6.0","","76","","","","29","","14","","24.1","","99.42","","","","-7","","NA"
"-79.63","43.68","TORONTO INTL A","6158731","2025-03-26 04:00","2025","03","26","04:00","","-2.8","","-6.1","","78","","","","29","","14","","24.1","","99.46","","","","-8","","Mostly Cloudy"
"-79.63","43.68","TORONTO INTL A","6158731","2025-03-26 05:00","2025","03","26","05:00","","-2.8","","-6.0","","79","","","","28","","12","","24.1","","99.52","","","","-7","","NA"
"-79.63","43.68","TORONTO INTL A","6158731","2025-03-26 06:00","2025","03","26","06:00","","-2.1","","-4.9","","81","","","","28","","16","","24.1","","99.57","","","","-7","","Snow Showers"
"-79.63","43.68","TORONTO INTL A","6158731","2025-03-26 07:00","2025","03","26","07:00","","-2.1","","-4.6","","83","","","","28","","14","","19.3","","99.65","","","","-7","","Snow Showers"
"-79.63","43.68","TORONTO INTL A","6158731","2025-03-26 08:00","2025","03","26","08:00","","-1.0","","-3.6","","82","","","","30","","17","","16.1","","99.67","","","","-6","","Snow Showers"
"-79.63","43.68","TORONTO INTL A","6158731","2025-03-26 09:00","2025","03","26","09:00","","-1.1","","-3.6","","83","","","","35","","16","","16.1","","99.74","","","","-6","","Snow"
"-79.63","43.68","TORONTO INTL A","6158731","2025-03-26 10:00","2025","03","26","10:00","","-0.9","","-2.8","","87","","","","32","","21","","4.8","","99.82","","","","-7","","Snow"
"-79.63","43.68","TORONTO INTL A","6158731","2025-03-26 11:00","2025","03","26","11:00","","1.4","","-6.2","","57","","","","33","","17","","24.1","","99.83","","","","","","NA"
"-79.63","43.68","TORONTO INTL A","6158731","2025-03-26 12:00","2025","03","26","12:00","","2.8","","-3.8","","62","","","","31","","15","","24.1","","99.86","","","","","","NA"
"-79.63","43.68","TORONTO INTL A","6158731","2025-03-26 13:00","2025","03","26","13:00","","1.9","","-5.0","","60","","","","32","","21","","19.3","","99.90","","","","","","Mostly Cloudy"
"-79.63","43.68","TORONTO INTL A","6158731","2025-03-26 14:00","2025","03","26","14:00","","2.5","","-8.6","","44","","","","29","","29","","24.1","","99.89","","","","","","NA"
"-79.63","43.68","TORONTO INTL A","6158731","2025-03-26 15:00","2025","03","26","15:00","","3.5","","-9.8","","37","","","","30","","22","","24.1","","99.91","","","","","","NA"
"-79.63","43.68","TORONTO INTL A","6158731","2025-03-26 16:00","2025","03","26","16:00","","3.2","","-9.5","","39","","","","30","","30","","24.1","","99.92","","","","","","Mostly Cloudy"
"-79.63","43.68","TORONTO INTL A","6158731","2025-03-26 17:00","2025","03","26","17:00","","2.4","","-9.7","","41","","","","28","","27","","24.1","","99.98","","","","","","NA"
"-79.63","43.68","TORONTO INTL A","6158731","2025-03-26 18:00","2025","03","26","18:00","","1.5","","-10.4","","41","","","","30","","30","","24.1","","100.06","","","","","","NA"
"-79.63","43.68","TORONTO INTL A","6158731","2025-03-26 19:00","2025","03","26","19:00","","-0.2","","-11.1","","44","","","","29","","23","","24.1","","100.12","","","","-6","","Clear"
"-79.63","43.68","TORONTO INTL A","6158731","2025-03-26 20:00","2025","03","26","20:00","","-0.6","","-11.8","","43","","","","31","","23","","24.1","","100.19","","","","-6","","NA"
"-79.63","43.68","TORONTO INTL A","6158731","2025-03-26 21:00","2025","03","26","21:00","","-1.5","","-11.2","","48","","","","31","","20","","24.1","","100.22","","","","-7","","NA"
"-79.63","43.68","TORONTO INTL A","6158731","2025-03-26 22:00","2025","03","26","22:00","","-2.5","","-10.4","","55","","","","31","","5","","24.1","","100.22","","","","-4","","Clear"
"-79.63","43.68","TORONTO INTL A","6158731","2025-03-26 23:00","2025","03","26","23:00","","-3.2","","-10.2","","59","","","","28","","9","","24.1","","100.22","","","","-7","","NA"
"-79.63","43.68","TORONTO INTL A","6158731","2025-03-27 00:00","2025","03","27","00:00","","-3.3","","-9.3","","63","","","","28","","9","","24.1","","100.21","","","","-7","","NA"
"-79.63","43.68","TORONTO INTL A","6158731","2025-03-27 01:00","2025","03","27","01:00","","-3.4","","-9.3","","64","","","","28","","10","","24.1","","100.21","","","","-7","","Clear"
"-79.63","43.68","TORONTO INTL A","6158731","2025-03-27 02:00","2025","03","27","02:00","","-5.5","","-9.8","","72","","","","26","","9","","24.1","","100.23","","","","-10","","NA"
"-79.63","43.68","TORONTO INTL A","6158731","2025-03-27 03:00","2025","03","27","03:00","","-4.3","","-9.2","","69","","","","28","","8","","24.1","","100.20","","","","-8","","NA"
"-79.63","43.68","TORONTO INTL A","6158731","2025-03-27 04:00","2025","03","27","04:00","","-5.9","","-9.6","","75","","","","26","","10","","24.1","","100.22","","","","-10","","Clear"
"-79.63","43.68","TORONTO INTL A","6158731","2025-03-27 05:00","2025","03","27","05:00","","-5.7","","-9.4","","76","","","","27","","5","","24.1","","100.25","","","","-8","","NA"
"-79.63","43.68","TORONTO INTL A","6158731","2025-03-27 06:00","2025","03","27","06:00","","-4.7","","-9.0","","72","","","","25","","7","","24.1","","100.27","","","","-8","","NA"
"-79.63","43.68","TORONTO INTL A","6158731","2025-03-27 07:00","2025","03","27","07:00","","-2.7","","-7.6","","69","","","","","","0","","24.1","","100.28","","","","","","Clear"
"-79.63","43.68","TORONTO INTL A","6158731","2025-03-27 08:00","2025","03","27","08:00","","0.3","","-5.5","","65","","","","20","","11","","24.1","","100.29","","","","","","NA"
"-79.63","43.68","TORONTO INTL A","6158731","2025-03-27 09:00","2025","03","27","09:00","","2.1","","-4.8","","60","","","","25","","10","","24.1","","100.29","","","","","","NA"
"-79.63","43.68","TORONTO INTL A","6158731","2025-03-27 10:00","2025","03","27","10:00","","4.0","","-5.9","","48","","","","21","","12","","24.1","","100.24","","","","","","Mainly Clear"
"-79.63","43.68","TORONTO INTL A","6158731","2025-03-27 11:00","2025","03","27","11:00","","6.9","","-5.2","","42","","","","22","","20","","24.1","","100.18","","","","","","NA"
"-79.63","43.68","TORONTO INTL A","6158731","2025-03-27 12:00","2025","03","27","12:00","","8.7","","-5.8","","35","","","","23","","24","","24.1","","100.12","","","","","","NA"
"-79.63","43.68","TORONTO INTL A","6158731","2025-03-27 13:00","2025","03","27","13:00","","9.7","","-8.2","","28","","","","23","","30","","24.1","","100.01","","","","","","Mostly Cloudy"
"-79.63","43.68","TORONTO INTL A","6158731","2025-03-27 14:00","2025","03","27","14:00","","12.1","","-6.3","","27","","","","25","","29","","24.1","","99.88","","","","","","NA"
"-79.63","43.68","TORONTO INTL A","6158731","2025-03-27 15:00","2025","03","27","15:00","","11.3","","-7.2","","27","","","","22","","22","","24.1","","99.80","","","","","","NA"
"-79.63","43.68","TORONTO INTL A","6158731","2025-03-27 16:00","2025","03","27","16:00","","11.5","","-4.9","","31","","","","24","","25","","24.1","","99.71","","","","","","Mostly Cloudy"
"-79.63","43.68","TORONTO INTL A","6158731","2025-03-27 17:00","2025","03","27","17:00","","11.1","","-3.2","","37","","","","22","","26","","24.1","","99.65","","","","","","NA"
"-79.63","43.68","TORONTO INTL A","6158731","2025-03-27 18:00","2025","03","27","18:00","","9.8","","-2.6","","42","","","","25","","27","","24.1","","99.66","","","","","","NA"
"-79.63","43.68","TORONTO INTL A","6158731","2025-03-27 19:00","2025","03","27","19:00","","7.4","","1.3","","65","","","","24","","24","","24.1","","99.62","","","","","","Mostly Cloudy"
"-79.63","43.68","TORONTO INTL A","6158731","2025-03-27 20:00","2025","03","27","20:00","","5.8","","0.6","","69","","","","25","","12","","24.1","","99.64","","","","","","NA"
"-79.63","43.68","TORONTO INTL A","6158731","2025-03-27 21:00","2025","03","27","21:00","","7.0","","0.8","","65","","","","28","","22","","24.1","","99.72","","","","","","NA"
"-79.63","43.68","TORONTO INTL A","6158731","2025-03-27 22:00","2025","03","27","22:00","","6.5","","-0.8","","60","","","","34","","19","","24.1","","99.78","","","","","","Mainly Clear"
"-79.63","43.68","TORONTO INTL A","6158731","2025-03-27 23:00","2025","03","27","23:00","","4.7","","-1.8","","63","","","","29","","14","","24.1","","99.90","","","","","","NA"
"-79.63","43.68","TORONTO INTL A","6158731","2025-03-28 00:00","2025","03","28","00:00","","3.0","","-3.8","","61","","","","36","","18","","24.1","","99.94","","","","","","NA"
"-79.63","43.68","TORONTO INTL A","6158731","2025-03-28 01:00","2025","03","28","01:00","","2.0","","-4.6","","62","","","","32","","14","","24.1","","99.99","","","","","","Clear"
"-79.63","43.68","TORONTO INTL A","6158731","2025-03-28 02:00","2025","03","28","02:00","","2.0","","-3.8","","66","","","","34","","13","","24.1","","100.05","","","","","","NA"
"-79.63","43.68","TORONTO INTL A","6158731","2025-03-28 03:00","2025","03","28","03:00","","1.3","","-3.0","","73","","","","33","","9","","24.1","","100.08","","","","","","NA"
"-79.63","43.68","TORONTO INTL A","6158731","2025-03-28 04:00","2025","03","28","04:00","","1.0","","-2.7","","76","","","","1","","9","","24.1","","100.10","","","","","","Mostly Cloudy"
"-79.63","43.68","TORONTO INTL A","6158731","2025-03-28 05:00","2025","03","28","05:00","","0.8","","-2.8","","77","","","","2","","8","","24.1","","100.07","","","","","","NA"
"-79.63","43.68","TORONTO INTL A","6158731","2025-03-28 06:00","2025","03","28","06:00","","1.1","","-2.8","","75","","","","5","","8","","24.1","","100.11","","","","","","NA"
"-79.63","43.68","TORONTO INTL A","6158731","2025-03-28 07:00","2025","03","28","07:00","","1.8","","-4.7","","62","","","","7","","7","","24.1","","100.15","","","","","","Cloudy"
"-79.63","43.68","TORONTO INTL A","6158731","2025-03-28 08:00","2025","03","28","08:00","","2.1","","-5.3","","58","","","","8","","10","","24.1","","100.08","","","","","","NA"
"-79.63","43.68","TORONTO INTL A","6158731","2025-03-28 09:00","2025","03","28","09:00","","2.9","","-5.0","","56","","","","11","","13","","24.1","","100.05","","","","","","NA"
"-79.63","43.68","TORONTO INTL A","6158731","2025-03-28 10:00","2025","03","28","10:00","","2.9","","-5.7","","53","","","","13","","12","","24.1","","100.07","","","","","","Cloudy"
"-79.63","43.68","TORONTO INTL A","6158731","2025-03-28 11:00","2025","03","28","11:00","","3.6","","-4.1","","57","","","","11","","10","","24.1","","100.00","","","","","","NA"
"-79.63","43.68","TORONTO INTL A","6158731","2025-03-28 12:00","2025","03","28","12:00","","3.9","","-3.2","","60","","","","12","","12","","24.1","","99.84","","","","","","NA"
"-79.63","43.68","TORONTO INTL A","6158731","2025-03-28 13:00","2025","03","28","13:00","","3.5","","-3.0","","62","","","","7","","16","","24.1","","99.71","","","","","","Cloudy"
"-79.63","43.68","TORONTO INTL A","6158731","2025-03-28 14:00","2025","03","28","14:00","","2.9","","-2.0","","70","","","","9","","16","","24.1","","99.59","","","","","","NA"
"-79.63","43.68","TORONTO INTL A","6158731","2025-03-28 15:00","2025","03","28","15:00","","2.9","","-2.0","","70","","","","8","","15","","24.1","","99.51","","","","","","NA"
"-79.63","43.68","TORONTO INTL A","6158731","2025-03-28 16:00","2025","03","28","16:00","","2.4","","-2.1","","72","","","","10","","16","","24.1","","99.42","","","","","","Cloudy"
"-79.63","43.68","TORONTO INTL A","6158731","2025-03-28 17:00","2025","03","28","17:00","","1.7","","0.5","","92","","","","10","","10","","19.3","","99.39","","","","","","Rain"
"-79.63","43.68","TORONTO INTL A","6158731","2025-03-28 18:00","2025","03","28","18:00","","1.7","","1.2","","97","","","","8","","17","","6.4","","99.29","","","","","","Rain,Fog"
"-79.63","43.68","TORONTO INTL A","6158731","2025-03-28 19:00","2025","03","28","19:00","","1.5","","1.5","","100","","","","9","","12","","6.4","","99.31","","","","","","Drizzle,Fog"
"-79.63","43.68","TORONTO INTL A","6158731","2025-03-28 20:00","2025","03","28","20:00","","1.4","","1.4","","100","","","","11","","12","","4.8","","99.23","","","","","","Rain,Drizzle,Fog"
"-79.63","43.68","TORONTO INTL A","6158731","2025-03-28 21:00","2025","03","28","21:00","","1.4","","1.4","","100","","","","10","","13","","8.1","","99.12","","","","","","Drizzle,Fog"
"-79.63","43.68","TORONTO INTL A","6158731","2025-03-28 22:00","2025","03","28","22:00","","1.3","","1.3","","100","","","","11","","16","","4.8","","99.04","","","","","","Fog"
"-79.63","43.68","TORONTO INTL A","6158731","2025-03-28 23:00","2025","03","28","23:00","","1.2","","1.2","","100","","","","8","","17","","4.8","","98.97","","","","","","Fog"
"-79.63","43.68","TORONTO INTL A","6158731","2025-03-29 00:00","2025","03","29","00:00","","1.1","","1.1","","100","","","","12","","10","","11.3","","98.93","","","","","","NA"
"-79.63","43.68","TORONTO INTL A","6158731","2025-03-29 01:00","2025","03","29","01:00","","0.9","","0.9","","100","","","","7","","12","","12.9","","98.98","","","","","","Cloudy"
"-79.63","43.68","TORONTO INTL A","6158731","2025-03-29 02:00","2025","03","29","02:00","","1.1","","1.1","","100","","","","36","","27","","8.1","","99.18","","","","","","Fog"
"-79.63","43.68","TORONTO INTL A","6158731","2025-03-29 03:00","2025","03","29","03:00","","1.2","","1.2","","100","","","","5","","13","","6.4","","99.04","","","","","","Fog"
"-79.63","43.68","TORONTO INTL A","6158731","2025-03-29 04:00","2025","03","29","04:00","","0.9","","0.9","","100","","","","10","","7","","19.3","","99.09","","","","","","Cloudy"
"-79.63","43.68","TORONTO INTL A","6158731","2025-03-29 05:00","2025","03","29","05:00","","0.8","","0.8","","100","","","","17","","11","","12.9","","99.04","","","","","","Rain"
"-79.63","43.68","TORONTO INTL A","6158731","2025-03-29 06:00","2025","03","29","06:00","","0.8","","0.8","","100","","","","11","","10","","12.9","","99.14","","","","","","NA"
"-79.63","43.68","TORONTO INTL A","6158731","2025-03-29 07:00","2025","03","29","07:00","","1.1","","1.1","","100","","","","3","","10","","16.1","","99.32","","","","","","Cloudy"
"-79.63","43.68","TORONTO INTL A","6158731","2025-03-29 08:00","2025","03","29","08:00","","1.5","","1.5","","100","","","","6","","9","","8.1","","99.42","","","","","","Rain,Fog"
"-79.63","43.68","TORONTO INTL A","6158731","2025-03-29 09:00","2025","03","29","09:00","","1.7","","1.7","","100","","","","10","","12","","16.1","","99.48","","","","","","NA"
"-79.63","43.68","TORONTO INTL A","6158731","2025-03-29 10:00","2025","03","29","10:00","","1.6","","1.4","","99","","","","8","","17","","24.1","","99.53","","","","","","Cloudy"
"-79.63","43.68","TORONTO INTL A","6158731","2025-03-29 11:00","2025","03","29","11:00","","1.5","","1.5","","100","","","","9","","17","","24.1","","99.62","","","","","","NA"
"-79.63","43.68","TORONTO INTL A","6158731","2025-03-29 12:00","2025","03","29","12:00","","1.5","","1.2","","98","","","","8","","12","","24.1","","99.68","","","","","","NA"
"-79.63","43.68","TORONTO INTL A","6158731","2025-03-29 13:00","2025","03","29","13:00","","1.3","","0.8","","96","","","","9","","12","","24.1","","99.69","","","","","","Cloudy"
"-79.63","43.68","TORONTO INTL A","6158731","2025-03-29 14:00","2025","03","29","14:00","","0.9","","0.9","","100","","","","9","","14","","16.1","","99.71","","","","","","Rain"
"-79.63","43.68","TORONTO INTL A","6158731","2025-03-29 15:00","2025","03","29","15:00","","0.3","","0.3","","100","","","","9","","13","","9.7","","99.72","","","","","","Rain,Fog"
"-79.63","43.68","TORONTO INTL A","6158731","2025-03-29 16:00","2025","03","29","16:00","","-0.2","","-0.2","","100","","","","8","","17","","6.4","","99.71","","","","-5","","Freezing Drizzle,Fog"
"-79.63","43.68","TORONTO INTL A","6158731","2025-03-29 17:00","2025","03","29","17:00","","-0.2","","-0.2","","100","","","","9","","16","","16.1","","99.73","","","","-5","","NA"
"-79.63","43.68","TORONTO INTL A","6158731","2025-03-29 18:00","2025","03","29","18:00","","-0.1","","-0.1","","100","","","","9","","12","","12.9","","99.76","","","","-4","","Freezing Drizzle"
"-79.63","43.68","TORONTO INTL A","6158731","2025-03-29 19:00","2025","03","29","19:00","","-0.3","","-0.3","","100","","","","9","","21","","4.8","","99.78","","","","-6","","Freezing Rain,Fog"
"-79.63","43.68","TORONTO INTL A","6158731","2025-03-29 20:00","2025","03","29","20:00","","-0.3","","-0.3","","100","","","","8","","14","","11.3","","99.80","","","","-5","","Freezing Rain"
"-79.63","43.68","TORONTO INTL A","6158731","2025-03-29 21:00","2025","03","29","21:00","","-0.3","","-0.3","","100","","","","8","","17","","12.9","","99.81","","","","-5","","Freezing Rain"
"-79.63","43.68","TORONTO INTL A","6158731","2025-03-29 22:00","2025","03","29","22:00","","-0.2","","-0.2","","100","","","","9","","14","","9.7","","99.76","","","","-4","","Moderate Freezing Rain,Fog"
"-79.63","43.68","TORONTO INTL A","6158731","2025-03-29 23:00","2025","03","29","23:00","","-0.3","","-0.3","","100","","","","10","","12","","12.9","","99.76","","","","-4","","Freezing Drizzle"
"-79.63","43.68","TORONTO INTL A","6158731","2025-03-30 00:00","2025","03","30","00:00","","-0.3","","-0.3","","100","","","","9","","10","","19.3","","99.70","","","","-4","","NA"
"-79.63","43.68","TORONTO INTL A","6158731","2025-03-30 01:00","2025","03","30","01:00","","-0.3","","-0.3","","100","","","","10","","11","","19.3","","99.64","","","","-4","","Cloudy"
"-79.63","43.68","TORONTO INTL A","6158731","2025-03-30 02:00","2025","03","30","02:00","","-0.2","","-0.2","","100","","","","11","","12","","9.7","","99.52","","","","-4","","Freezing Drizzle,Fog"
"-79.63","43.68","TORONTO INTL A","6158731","2025-03-30 03:00","2025","03","30","03:00","","-0.2","","-0.2","","100","","","","9","","7","","12.9","","99.47","","","","-3","","NA"
"-79.63","43.68","TORONTO INTL A","6158731","2025-03-30 04:00","2025","03","30","04:00","","0.0","","0.0","","100","","","","8","","6","","12.9","","99.43","","","","-2","","Cloudy"
"-79.63","43.68","TORONTO INTL A","6158731","2025-03-30 05:00","2025","03","30","05:00","","0.1","","0.1","","100","","","","11","","9","","12.9","","99.39","","","","","","Drizzle"
"-79.63","43.68","TORONTO INTL A","6158731","2025-03-30 06:00","2025","03","30","06:00","","0.2","","0.2","","100","","","","10","","8","","9.7","","99.36","","","","","","Fog"
"-79.63","43.68","TORONTO INTL A","6158731","2025-03-30 07:00","2025","03","30","07:00","","0.4","","0.4","","100","","","","9","","7","","6.4","","99.34","","","","","","Rain,Fog"
"-79.63","43.68","TORONTO INTL A","6158731","2025-03-30 08:00","2025","03","30","08:00","","0.6","","0.6","","100","","","","10","","6","","3.2","","99.32","","","","","","Drizzle,Fog"
"-79.63","43.68","TORONTO INTL A","6158731","2025-03-30 09:00","2025","03","30","09:00","","1.4","","1.4","","100","","","","11","","14","","6.4","","99.27","","","","","","Fog"
"-79.63","43.68","TORONTO INTL A","6158731","2025-03-30 10:00","2025","03","30","10:00","","2.0","","2.0","","100","","","","9","","8","","4.0","","99.19","","","","","","Drizzle,Fog"
"-79.63","43.68","TORONTO INTL A","6158731","2025-03-30 11:00","2025","03","30","11:00","","2.5","","2.5","","100","","","","10","","9","","4.8","","99.11","","","","","","Drizzle,Fog"
"-79.63","43.68","TORONTO INTL A","6158731","2025-03-30 12:00","2025","03","30","12:00","","2.8","","2.8","","100","","","","10","","9","","4.0","","99.03","","","","","","Drizzle,Fog"
"-79.63","43.68","TORONTO INTL A","6158731","2025-03-30 13:00","2025","03","30","13:00","","3.1","","3.1","","100","","","","11","","8","","4.8","","98.94","","","","","","Drizzle,Fog"
"-79.63","43.68","TORONTO INTL A","6158731","2025-03-30 14:00","2025","03","30","14:00","","3.5","","3.5","","100","","","","11","","7","","6.4","","98.84","","","","","","Rain,Drizzle,Fog"
"-79.63","43.68","TORONTO INTL A","6158731","2025-03-30 15:00","2025","03","30","15:00","","3.7","","3.7","","100","","","","14","","9","","4.0","","98.77","","","","","","Drizzle,Fog"
"-79.63","43.68","TORONTO INTL A","6158731","2025-03-30 16:00","2025","03","30","16:00","","3.7","","3.7","","100","","","","16","","6","","4.0","","98.71","","","","","","Drizzle,Fog"
"-79.63","43.68","TORONTO INTL A","6158731","2025-03-30 17:00","2025","03","30","17:00","","3.5","","3.5","","100","","","","18","","7","","4.0","","98.64","","","","","","Drizzle,Fog"
"-79.63","43.68","TORONTO INTL A","6158731","2025-03-30 18:00","2025","03","30","18:00","","3.3","","3.3","","100","","","","17","","5","","0.8","","98.53","","","","","","Fog"
"-79.63","43.68","TORONTO INTL A","6158731","2025-03-30 19:00","2025","03","30","19:00","","3.2","","3.2","","100","","","","17","","5","","2.4","","98.50","","","","","","Rain,Fog"
"-79.63","43.68","TORONTO INTL A","6158731","2025-03-30 20:00","2025","03","30","20:00","","3.1","","3.1","","100","","","","18","","8","","0.4","","98.45","","","","","","Fog"
"-79.63","43.68","TORONTO INTL A","6158731","2025-03-30 21:00","2025","03","30","21:00","","3.2","","3.2","","100","","","","14","","5","","0.2","","98.29","","","","","","Rain,Fog"
"-79.63","43.68","TORONTO INTL A","6158731","2025-03-30 22:00","2025","03","30","22:00","","3.8","","3.8","","100","","","","15","","8","","8.1","","98.16","","","","","","Rain Showers,Fog"
"-79.63","43.68","TORONTO INTL A","6158731","2025-03-30 23:00","2025","03","30","23:00","","3.5","","3.5","","100","","","","18","","9","","8.1","","98.13","","","","","","Rain Showers,Fog"
"-79.63","43.68","TORONTO INTL A","6158731","2025-03-31 00:00","2025","03","31","00:00","","4.0","","4.0","","100","","","","14","","8","","4.8","","97.94","","","","","","Fog"
"-79.63","43.68","TORONTO INTL A","6158731","2025-03-31 01:00","2025","03","31","01:00","","4.2","","4.2","","100","","","","24","","9","","0.8","","97.89","","","","","","Fog"
"-79.63","43.68","TORONTO INTL A","6158731","2025-03-31 02:00","2025","03","31","02:00","","4.5","","4.5","","100","","","","","","0","","0.2","","97.77","","","","","","Fog"
"-79.63","43.68","TORONTO INTL A","6158731","2025-03-31 03:00","2025","03","31","03:00","","5.0","","5.0","","100","","","","","","0","","1.2","","97.72","","","","","","Fog"
"-79.63","43.68","TORONTO INTL A","6158731","2025-03-31 04:00","2025","03","31","04:00","","6.0","","6.0","","100","","","","","","0","","24.1","","97.76","","","","","","Mostly Cloudy"
"-79.63","43.68","TORONTO INTL A","6158731","2025-03-31 05:00","2025","03","31","05:00","","10.6","","10.6","","100","","","","20","","13","","24.1","","97.74","","","","","","Rain"
"-79.63","43.68","TORONTO INTL A","6158731","2025-03-31 06:00","2025","03","31","06:00","","10.3","","10.3","","100","","","","17","","13","","20.9","","97.76","","","","","","NA"
"-79.63","43.68","TORONTO INTL A","6158731","2025-03-31 07:00","2025","03","31","07:00","","11.9","","11.9","","100","","","","22","","18","","24.1","","97.83","","","","","","Cloudy"
"-79.63","43.68","TORONTO INTL A","6158731","2025-03-31 08:00","2025","03","31","08:00","","9.2","","8.1","","93","","","","27","","42","","19.3","","97.93","","","","","","Rain"
"-79.63","43.68","TORONTO INTL A","6158731","2025-03-31 09:00","2025","03","31","09:00","","9.4","","6.3","","81","","","","26","","40","","24.1","","97.93","","","","","","NA"
"-79.63","43.68","TORONTO INTL A","6158731","2025-03-31 10:00","2025","03","31","10:00","","8.3","","5.5","","83","","","","28","","38","","24.1","","98.03","","","","","","Cloudy"
"-79.63","43.68","TORONTO INTL A","6158731","2025-03-31 11:00","2025","03","31","11:00","","7.3","","3.6","","77","","","","28","","32","","24.1","","98.17","","","","","","NA"
"-79.63","43.68","TORONTO INTL A","6158731","2025-03-31 12:00","2025","03","31","12:00","","6.4","","1.8","","72","","","","30","","31","","24.1","","98.27","","","","","","NA"
"-79.63","43.68","TORONTO INTL A","6158731","2025-03-31 13:00","2025","03","31","13:00","","6.5","","-0.2","","62","","","","30","","35","","24.1","","98.28","","","","","","Mostly Cloudy"
"-79.63","43.68","TORONTO INTL A","6158731","2025-03-31 14:00","2025","03","31","14:00","","6.5","","-0.2","","62","","","","27","","36","","24.1","","98.39","","","","","","NA"
"-79.63","43.68","TORONTO INTL A","6158731","2025-03-31 15:00","2025","03","31","15:00","","3.8","","-1.9","","67","","","","29","","35","","24.1","","98.51","","","","","","NA"
"-79.63","43.68","TORONTO INTL A","6158731","2025-03-31 16:00","2025","03","31","16:00","","2.6","","-1.6","","74","","","","29","","27","","24.1","","98.62","","","","","","Cloudy"
"-79.63","43.68","TORONTO INTL A","6158731","2025-03-31 17:00","2025","03","31","17:00","","1.8","","-2.6","","72","","","","31","","28","","24.1","","98.75","","","","","","NA"
"-79.63","43.68","TORONTO INTL A","6158731","2025-03-31 18:00","2025","03","31","18:00","","1.6","","-3.1","","71","","","","31","","33","","24.1","","98.85","","","","","","NA"
"-79.63","43.68","TORONTO INTL A","6158731","2025-03-31 19:00","2025","03","31","19:00","","1.0","","-3.4","","72","","","","30","","33","","24.1","","98.89","","","","","","Cloudy"
"-79.63","43.68","TORONTO INTL A","6158731","2025-03-31 20:00","2025","03","31","20:00","","0.7","","-3.6","","73","","","","32","","35","","24.1","","98.98","","","","","","NA"
"-79.63","43.68","TORONTO INTL A","6158731","2025-03-31 21:00","2025","03","31","21:00","","0.6","","-3.8","","72","","","","34","","37","","24.1","","99.04","","","","","","NA"
"-79.63","43.68","TORONTO INTL A","6158731","2025-03-31 22:00","2025","03","31","22:00","","0.8","","-3.6","","73","","","","32","","33","","24.1","","99.12","","","","","","Cloudy"
"-79.63","43.68","TORONTO INTL A","6158731","2025-03-31 23:00","2025","03","31","23:00","","0.9","","-3.5","","73","","","","33","","26","","24.1","","99.20","","","","","","NA"
