"Longitude (x)","Latitude (y)","Station Name","Climate ID","Date/Time (LST)","Year","Month","Day","Time (LST)","Flag","Temp (°C)","Temp Flag","Dew Point Temp (°C)","Dew Point Temp Flag","Rel Hum (%)","Rel Hum Flag","Precip. Amount (mm)","Precip. Amount Flag","Wind Dir (10s deg)","Wind Dir Flag","Wind Spd (km/h)","Wind Spd Flag","Visibility (km)","Visibility Flag","Stn Press (kPa)","Stn Press Flag","Hmdx","Hmdx Flag","Wind Chill","Wind Chill Flag","Weather"
"-79.63","43.68","TORONTO INTL A","6158731","2023-07-01 00:00","2023","07","01","00:00","","20.6","","18.4","","87","","","","14","","11","","16.1","","99.23","","27","","","","NA"
"-79.63","43.68","TORONTO INTL A","6158731","2023-07-01 01:00","2023","07","01","01:00","","19.9","","18.5","","92","","","","20","","3","","16.1","","99.26","","","","","","Mainly Clear"
"-79.63","43.68","TORONTO INTL A","6158731","2023-07-01 02:00","2023","07","01","02:00","","19.7","","18.8","","94","","","","18","","5","","19.3","","99.22","","","","","","NA"
"-79.63","43.68","TORONTO INTL A","6158731","2023-07-01 03:00","2023","07","01","03:00","","18.5","","17.9","","96","","","","26","","9","","19.3","","99.19","","","","","","NA"
"-79.63","43.68","TORONTO INTL A","6158731","2023-07-01 04:00","2023","07","01","04:00","","19.8","","18.4","","92","","","","21","","7","","19.3","","99.14","","","","","","Clear"
"-79.63","43.68","TORONTO INTL A","6158731","2023-07-01 05:00","2023","07","01","05:00","","19.6","","18.6","","94","","","","36","","3","","9.7","","99.16","","","","","","Fog"
"-79.63","43.68","TORONTO INTL A","6158731","2023-07-01 06:00","2023","07","01","06:00","","20.8","","19.0","","89","","","","17","","9","","9.7","","99.19","","28","","","","Fog"
"-79.63","43.68","TORONTO INTL A","6158731","2023-07-01 07:00","2023","07","01","07:00","","21.4","","19.6","","89","","","","16","","10","","6.4","","99.19","","29","","","","Fog"
"-79.63","43.68","TORONTO INTL A","6158731","2023-07-01 08:00","2023","07","01","08:00","","23.2","","19.9","","81","","","","14","","10","","8.1","","99.20","","31","","","","Smoke"
"-79.63","43.68","TORONTO INTL A","6158731","2023-07-01 09:00","2023","07","01","09:00","","24.3","","20.0","","77","","","","6","","9","","9.7","","99.16","","32","","","","Smoke"
"-79.63","43.68","TORONTO INTL A","6158731","2023-07-01 10:00","2023","07","01","10:00","","25.1","","20.6","","76","","","","17","","4","","16.1","","99.15","","33","","","","Mostly Cloudy"
"-79.63","43.68","TORONTO INTL A","6158731","2023-07-01 11:00","2023","07","01","11:00","","25.9","","20.7","","72","","","","14","","13","","12.9","","99.16","","34","","","","NA"
"-79.63","43.68","TORONTO INTL A","6158731","2023-07-01 12:00","2023","07","01","12:00","","27.5","","21.4","","69","","","","9","","7","","12.9","","99.10","","36","","","","NA"
"-79.63","43.68","TORONTO INTL A","6158731","2023-07-01 13:00","2023","07","01","13:00","","28.0","","20.9","","65","","","","14","","17","","12.9","","99.01","","36","","","","Cloudy"
"-79.63","43.68","TORONTO INTL A","6158731","2023-07-01 14:00","2023","07","01","14:00","","26.4","","20.0","","68","","","","2","","13","","12.9","","99.02","","34","","","","NA"
"-79.63","43.68","TORONTO INTL A","6158731","2023-07-01 15:00","2023","07","01","15:00","","27.7","","19.0","","59","","","","3","","12","","19.3","","99.00","","34","","","","NA"
"-79.63","43.68","TORONTO INTL A","6158731","2023-07-01 16:00","2023","07","01","16:00","","27.5","","18.3","","56","","","","7","","13","","19.3","","98.98","","34","","","","Cloudy"
"-79.63","43.68","TORONTO INTL A","6158731","2023-07-01 17:00","2023","07","01","17:00","","24.6","","20.2","","76","","","","1","","16","","16.1","","98.99","","32","","","","Thunderstorms,Moderate Rain Showers"
"-79.63","43.68","TORONTO INTL A","6158731","2023-07-01 18:00","2023","07","01","18:00","","22.5","","19.9","","85","","","","11","","11","","24.1","","98.95","","30","","","","Rain Showers"
"-79.63","43.68","TORONTO INTL A","6158731","2023-07-01 19:00","2023","07","01","19:00","","24.3","","19.4","","74","","","","9","","5","","24.1","","98.91","","31","","","","Mostly Cloudy"
"-79.63","43.68","TORONTO INTL A","6158731","2023-07-01 20:00","2023","07","01","20:00","","23.9","","18.7","","72","","","","7","","5","","19.3","","98.95","","30","","","","NA"
"-79.63","43.68","TORONTO INTL A","6158731","2023-07-01 21:00","2023","07","01","21:00","","23.2","","20.4","","84","","","","16","","5","","16.1","","99.01","","31","","","","NA"
"-79.63","43.68","TORONTO INTL A","6158731","2023-07-01 22:00","2023","07","01","22:00","","22.7","","20.2","","85","","","","17","","5","","16.1","","99.03","","30","","","","Mostly Cloudy"
"-79.63","43.68","TORONTO INTL A","6158731","2023-07-01 23:00","2023","07","01","23:00","","23.1","","19.8","","81","","","","36","","3","","24.1","","99.02","","31","","","","NA"
"-79.63","43.68","TORONTO INTL A","6158731","2023-07-02 00:00","2023","07","02","00:00","","23.2","","19.7","","80","","","","","","0","","16.1","","98.95","","31","","","","NA"
"-79.63","43.68","TORONTO INTL A","6158731","2023-07-02 01:00","2023","07","02","01:00","","22.8","","20.4","","86","","","","3","","4","","16.1","","98.87","","31","","","","Mostly Cloudy"
"-79.63","43.68","TORONTO INTL A","6158731","2023-07-02 02:00","2023","07","02","02:00","","22.3","","20.5","","89","","","","13","","3","","9.7","","98.85","","30","","","","Fog"
"-79.63","43.68","TORONTO INTL A","6158731","2023-07-02 03:00","2023","07","02","03:00","","22.7","","20.3","","86","","","","7","","3","","9.7","","98.83","","31","","","","Fog"
"-79.63","43.68","TORONTO INTL A","6158731","2023-07-02 04:00","2023","07","02","04:00","","21.9","","20.8","","93","","","","","","0","","9.7","","98.83","","30","","","","Fog"
"-79.63","43.68","TORONTO INTL A","6158731","2023-07-02 05:00","2023","07","02","05:00","","21.7","","20.2","","91","","","","12","","4","","9.7","","98.86","","29","","","","Fog"
"-79.63","43.68","TORONTO INTL A","6158731","2023-07-02 06:00","2023","07","02","06:00","","21.6","","20.9","","96","","","","11","","8","","6.4","","98.87","","30","","","","Fog"
"-79.63","43.68","TORONTO INTL A","6158731","2023-07-02 07:00","2023","07","02","07:00","","22.0","","20.9","","93","","","","9","","9","","4.8","","98.90","","30","","","","Rain,Fog"
"-79.63","43.68","TORONTO INTL A","6158731","2023-07-02 08:00","2023","07","02","08:00","","22.4","","21.1","","92","","","","12","","7","","4.8","","98.90","","31","","","","Fog"
"-79.63","43.68","TORONTO INTL A","6158731","2023-07-02 09:00","2023","07","02","09:00","","22.9","","20.3","","85","","","","12","","10","","9.7","","98.90","","31","","","","Fog"
"-79.63","43.68","TORONTO INTL A","6158731","2023-07-02 10:00","2023","07","02","10:00","","23.2","","18.3","","74","","","","7","","12","","9.7","","98.89","","29","","","","Fog"
"-79.63","43.68","TORONTO INTL A","6158731","2023-07-02 11:00","2023","07","02","11:00","","23.4","","19.9","","80","","","","10","","7","","9.7","","98.91","","31","","","","Rain,Fog"
"-79.63","43.68","TORONTO INTL A","6158731","2023-07-02 12:00","2023","07","02","12:00","","22.7","","20.9","","89","","","","16","","10","","6.4","","98.92","","31","","","","Rain,Fog"
"-79.63","43.68","TORONTO INTL A","6158731","2023-07-02 13:00","2023","07","02","13:00","","22.0","","21.0","","94","","","","14","","9","","4.8","","98.92","","30","","","","Rain,Fog"
"-79.63","43.68","TORONTO INTL A","6158731","2023-07-02 14:00","2023","07","02","14:00","","22.0","","21.0","","94","","","","14","","4","","4.8","","98.89","","30","","","","Rain,Fog"
"-79.63","43.68","TORONTO INTL A","6158731","2023-07-02 15:00","2023","07","02","15:00","","22.1","","21.4","","95","","","","15","","8","","4.8","","98.89","","31","","","","Rain,Fog"
"-79.63","43.68","TORONTO INTL A","6158731","2023-07-02 16:00","2023","07","02","16:00","","22.6","","21.1","","91","","","","16","","8","","8.1","","98.88","","31","","","","Fog"
"-79.63","43.68","TORONTO INTL A","6158731","2023-07-02 17:00","2023","07","02","17:00","","22.7","","20.3","","86","","","","15","","11","","9.7","","98.89","","31","","","","Fog"
"-79.63","43.68","TORONTO INTL A","6158731","2023-07-02 18:00","2023","07","02","18:00","","22.2","","20.1","","88","","","","16","","10","","9.7","","98.86","","30","","","","Fog"
"-79.63","43.68","TORONTO INTL A","6158731","2023-07-02 19:00","2023","07","02","19:00","","21.6","","20.2","","92","","","","19","","5","","9.7","","98.89","","29","","","","Fog"
"-79.63","43.68","TORONTO INTL A","6158731","2023-07-02 20:00","2023","07","02","20:00","","21.3","","20.3","","94","","","","16","","5","","16.1","","98.92","","29","","","","NA"
"-79.63","43.68","TORONTO INTL A","6158731","2023-07-02 21:00","2023","07","02","21:00","","20.9","","19.3","","91","","","","13","","7","","19.3","","98.92","","28","","","","NA"
"-79.63","43.68","TORONTO INTL A","6158731","2023-07-02 22:00","2023","07","02","22:00","","20.6","","18.4","","87","","","","7","","8","","24.1","","98.91","","27","","","","Mostly Cloudy"
"-79.63","43.68","TORONTO INTL A","6158731","2023-07-02 23:00","2023","07","02","23:00","","20.4","","18.8","","90","","","","4","","4","","24.1","","98.94","","27","","","","NA"
"-79.63","43.68","TORONTO INTL A","6158731","2023-07-03 00:00","2023","07","03","00:00","","20.7","","19.2","","91","","","","12","","5","","19.3","","98.92","","28","","","","NA"
"-79.63","43.68","TORONTO INTL A","6158731","2023-07-03 01:00","2023","07","03","01:00","","20.6","","18.2","","86","","","","10","","4","","16.1","","98.93","","27","","","","Mostly Cloudy"
"-79.63","43.68","TORONTO INTL A","6158731","2023-07-03 02:00","2023","07","03","02:00","","20.7","","18.1","","85","","","","7","","4","","19.3","","98.90","","27","","","","NA"
"-79.63","43.68","TORONTO INTL A","6158731","2023-07-03 03:00","2023","07","03","03:00","","20.5","","18.1","","86","","","","7","","5","","16.1","","98.91","","27","","","","Rain"
"-79.63","43.68","TORONTO INTL A","6158731","2023-07-03 04:00","2023","07","03","04:00","","20.2","","17.9","","86","","","","7","","7","","19.3","","98.91","","26","","","","Rain"
"-79.63","43.68","TORONTO INTL A","6158731","2023-07-03 05:00","2023","07","03","05:00","","20.2","","18.0","","87","","","","8","","6","","16.1","","98.93","","26","","","","NA"
"-79.63","43.68","TORONTO INTL A","6158731","2023-07-03 06:00","2023","07","03","06:00","","20.1","","18.6","","91","","","","7","","5","","16.1","","98.97","","27","","","","NA"
"-79.63","43.68","TORONTO INTL A","6158731","2023-07-03 07:00","2023","07","03","07:00","","20.0","","18.4","","91","","","","6","","7","","16.1","","99.00","","26","","","","Rain"
"-79.63","43.68","TORONTO INTL A","6158731","2023-07-03 08:00","2023","07","03","08:00","","21.1","","20.9","","99","","","","11","","7","","16.1","","99.04","","29","","","","NA"
"-79.63","43.68","TORONTO INTL A","6158731","2023-07-03 09:00","2023","07","03","09:00","","21.4","","19.7","","90","","","","11","","12","","24.1","","99.07","","29","","","","NA"
"-79.63","43.68","TORONTO INTL A","6158731","2023-07-03 10:00","2023","07","03","10:00","","22.3","","19.9","","86","","","","11","","8","","24.1","","99.09","","30","","","","Mostly Cloudy"
"-79.63","43.68","TORONTO INTL A","6158731","2023-07-03 11:00","2023","07","03","11:00","","22.1","","17.5","","75","","","","15","","12","","24.1","","99.12","","28","","","","NA"
"-79.63","43.68","TORONTO INTL A","6158731","2023-07-03 12:00","2023","07","03","12:00","","23.4","","18.9","","75","","","","10","","9","","24.1","","99.10","","30","","","","NA"
"-79.63","43.68","TORONTO INTL A","6158731","2023-07-03 13:00","2023","07","03","13:00","","24.1","","17.6","","67","","","","14","","12","","24.1","","99.08","","30","","","","Mainly Clear"
"-79.63","43.68","TORONTO INTL A","6158731","2023-07-03 14:00","2023","07","03","14:00","","24.0","","17.1","","65","","","","15","","12","","24.1","","99.08","","29","","","","NA"
"-79.63","43.68","TORONTO INTL A","6158731","2023-07-03 15:00","2023","07","03","15:00","","24.7","","17.7","","65","","","","14","","10","","24.1","","99.07","","30","","","","NA"
"-79.63","43.68","TORONTO INTL A","6158731","2023-07-03 16:00","2023","07","03","16:00","","24.8","","17.0","","61","","","","10","","16","","24.1","","99.07","","30","","","","Mainly Clear"
"-79.63","43.68","TORONTO INTL A","6158731","2023-07-03 17:00","2023","07","03","17:00","","25.7","","16.7","","57","","","","8","","12","","24.1","","99.08","","31","","","","NA"
"-79.63","43.68","TORONTO INTL A","6158731","2023-07-03 18:00","2023","07","03","18:00","","25.6","","17.1","","59","","","","14","","12","","24.1","","99.08","","31","","","","NA"
"-79.63","43.68","TORONTO INTL A","6158731","2023-07-03 19:00","2023","07","03","19:00","","24.4","","17.1","","64","","","","16","","10","","24.1","","99.05","","30","","","","Mainly Clear"
"-79.63","43.68","TORONTO INTL A","6158731","2023-07-03 20:00","2023","07","03","20:00","","23.2","","16.7","","66","","","","16","","10","","24.1","","99.08","","28","","","","NA"
"-79.63","43.68","TORONTO INTL A","6158731","2023-07-03 21:00","2023","07","03","21:00","","21.8","","17.0","","74","","","","14","","6","","24.1","","99.14","","27","","","","NA"
"-79.63","43.68","TORONTO INTL A","6158731","2023-07-03 22:00","2023","07","03","22:00","","21.3","","16.5","","73","","","","18","","5","","24.1","","99.21","","26","","","","Clear"
"-79.63","43.68","TORONTO INTL A","6158731","2023-07-03 23:00","2023","07","03","23:00","","20.1","","16.5","","79","","","","27","","7","","24.1","","99.24","","25","","","","NA"
"-79.63","43.68","TORONTO INTL A","6158731","2023-07-04 00:00","2023","07","04","00:00","","21.4","","16.3","","72","","","","24","","4","","24.1","","99.29","","26","","","","NA"
"-79.63","43.68","TORONTO INTL A","6158731","2023-07-04 01:00","2023","07","04","01:00","","19.6","","16.3","","81","","","","26","","6","","24.1","","99.26","","","","","","Clear"
"-79.63","43.68","TORONTO INTL A","6158731","2023-07-04 02:00","2023","07","04","02:00","","19.3","","16.8","","85","","","","27","","5","","24.1","","99.24","","","","","","NA"
"-79.63","43.68","TORONTO INTL A","6158731","2023-07-04 03:00","2023","07","04","03:00","","18.4","","16.9","","90","","","","27","","8","","24.1","","99.24","","","","","","NA"
"-79.63","43.68","TORONTO INTL A","6158731","2023-07-04 04:00","2023","07","04","04:00","","19.6","","16.7","","83","","","","28","","7","","24.1","","99.27","","","","","","Clear"
"-79.63","43.68","TORONTO INTL A","6158731","2023-07-04 05:00","2023","07","04","05:00","","19.2","","16.8","","86","","","","28","","3","","24.1","","99.31","","","","","","NA"
"-79.63","43.68","TORONTO INTL A","6158731","2023-07-04 06:00","2023","07","04","06:00","","20.8","","17.5","","81","","","","29","","6","","24.1","","99.35","","26","","","","NA"
"-79.63","43.68","TORONTO INTL A","6158731","2023-07-04 07:00","2023","07","04","07:00","","22.8","","18.0","","74","","","","31","","8","","24.1","","99.39","","29","","","","Clear"
"-79.63","43.68","TORONTO INTL A","6158731","2023-07-04 08:00","2023","07","04","08:00","","25.4","","18.6","","66","","","","30","","5","","24.1","","99.41","","32","","","","NA"
"-79.63","43.68","TORONTO INTL A","6158731","2023-07-04 09:00","2023","07","04","09:00","","27.1","","18.3","","58","","","","32","","12","","24.1","","99.41","","33","","","","NA"
"-79.63","43.68","TORONTO INTL A","6158731","2023-07-04 10:00","2023","07","04","10:00","","28.4","","16.9","","49","","","","33","","12","","24.1","","99.42","","34","","","","Clear"
"-79.63","43.68","TORONTO INTL A","6158731","2023-07-04 11:00","2023","07","04","11:00","","28.8","","18.1","","52","","","","29","","4","","24.1","","99.45","","35","","","","NA"
"-79.63","43.68","TORONTO INTL A","6158731","2023-07-04 12:00","2023","07","04","12:00","","29.6","","18.1","","49","","","","35","","10","","24.1","","99.45","","36","","","","NA"
"-79.63","43.68","TORONTO INTL A","6158731","2023-07-04 13:00","2023","07","04","13:00","","28.9","","18.3","","52","","","","2","","9","","24.1","","99.40","","35","","","","Mostly Cloudy"
"-79.63","43.68","TORONTO INTL A","6158731","2023-07-04 14:00","2023","07","04","14:00","","27.0","","19.7","","64","","","","28","","13","","24.1","","99.42","","34","","","","NA"
"-79.63","43.68","TORONTO INTL A","6158731","2023-07-04 15:00","2023","07","04","15:00","","28.9","","19.5","","56","","","","31","","12","","24.1","","99.36","","36","","","","NA"
"-79.63","43.68","TORONTO INTL A","6158731","2023-07-04 16:00","2023","07","04","16:00","","30.6","","18.0","","46","","","","35","","11","","24.1","","99.32","","37","","","","Mainly Clear"
"-79.63","43.68","TORONTO INTL A","6158731","2023-07-04 17:00","2023","07","04","17:00","","30.5","","17.7","","46","","","","25","","9","","24.1","","99.30","","36","","","","NA"
"-79.63","43.68","TORONTO INTL A","6158731","2023-07-04 18:00","2023","07","04","18:00","","29.8","","16.8","","45","","","","29","","10","","24.1","","99.32","","35","","","","NA"
"-79.63","43.68","TORONTO INTL A","6158731","2023-07-04 19:00","2023","07","04","19:00","","27.9","","19.2","","59","","","","21","","13","","24.1","","99.37","","35","","","","Mainly Clear"
"-79.63","43.68","TORONTO INTL A","6158731","2023-07-04 20:00","2023","07","04","20:00","","26.6","","20.3","","68","","","","22","","10","","24.1","","99.40","","34","","","","NA"
"-79.63","43.68","TORONTO INTL A","6158731","2023-07-04 21:00","2023","07","04","21:00","","25.1","","20.3","","74","","","","27","","12","","24.1","","99.43","","33","","","","NA"
"-79.63","43.68","TORONTO INTL A","6158731","2023-07-04 22:00","2023","07","04","22:00","","24.7","","20.5","","77","","","","29","","9","","24.1","","99.50","","33","","","","Mainly Clear"
"-79.63","43.68","TORONTO INTL A","6158731","2023-07-04 23:00","2023","07","04","23:00","","25.8","","19.9","","69","","","","29","","14","","24.1","","99.52","","33","","","","NA"
"-79.63","43.68","TORONTO INTL A","6158731","2023-07-05 00:00","2023","07","05","00:00","","25.7","","18.3","","63","","","","32","","9","","24.1","","99.50","","32","","","","NA"
"-79.63","43.68","TORONTO INTL A","6158731","2023-07-05 01:00","2023","07","05","01:00","","25.1","","18.2","","65","","","","32","","11","","24.1","","99.49","","31","","","","Mostly Cloudy"
"-79.63","43.68","TORONTO INTL A","6158731","2023-07-05 02:00","2023","07","05","02:00","","24.2","","18.4","","70","","","","31","","9","","24.1","","99.49","","31","","","","NA"
"-79.63","43.68","TORONTO INTL A","6158731","2023-07-05 03:00","2023","07","05","03:00","","23.4","","17.8","","70","","","","3","","4","","24.1","","99.48","","29","","","","NA"
"-79.63","43.68","TORONTO INTL A","6158731","2023-07-05 04:00","2023","07","05","04:00","","21.4","","17.9","","80","","","","29","","7","","24.1","","99.51","","27","","","","Mainly Clear"
"-79.63","43.68","TORONTO INTL A","6158731","2023-07-05 05:00","2023","07","05","05:00","","21.8","","18.2","","80","","","","30","","4","","24.1","","99.55","","28","","","","NA"
"-79.63","43.68","TORONTO INTL A","6158731","2023-07-05 06:00","2023","07","05","06:00","","22.8","","18.8","","78","","","","31","","4","","24.1","","99.55","","29","","","","NA"
"-79.63","43.68","TORONTO INTL A","6158731","2023-07-05 07:00","2023","07","05","07:00","","25.7","","19.5","","68","","","","24","","4","","24.1","","99.53","","33","","","","Mainly Clear"
"-79.63","43.68","TORONTO INTL A","6158731","2023-07-05 08:00","2023","07","05","08:00","","27.1","","20.3","","66","","","","26","","11","","24.1","","99.55","","35","","","","NA"
"-79.63","43.68","TORONTO INTL A","6158731","2023-07-05 09:00","2023","07","05","09:00","","28.2","","20.6","","63","","","","26","","15","","24.1","","99.58","","36","","","","NA"
"-79.63","43.68","TORONTO INTL A","6158731","2023-07-05 10:00","2023","07","05","10:00","","29.3","","20.9","","60","","","","26","","17","","24.1","","99.56","","38","","","","Mainly Clear"
"-79.63","43.68","TORONTO INTL A","6158731","2023-07-05 11:00","2023","07","05","11:00","","29.9","","19.9","","54","","","","21","","14","","24.1","","99.54","","37","","","","NA"
"-79.63","43.68","TORONTO INTL A","6158731","2023-07-05 12:00","2023","07","05","12:00","","29.9","","20.1","","55","","","","19","","10","","24.1","","99.49","","38","","","","NA"
"-79.63","43.68","TORONTO INTL A","6158731","2023-07-05 13:00","2023","07","05","13:00","","30.0","","19.4","","52","","","","18","","14","","24.1","","99.47","","37","","","","Mostly Cloudy"
"-79.63","43.68","TORONTO INTL A","6158731","2023-07-05 14:00","2023","07","05","14:00","","30.5","","19.2","","50","","","","16","","21","","24.1","","99.44","","37","","","","NA"
"-79.63","43.68","TORONTO INTL A","6158731","2023-07-05 15:00","2023","07","05","15:00","","30.8","","19.4","","50","","","","18","","18","","24.1","","99.40","","38","","","","NA"
"-79.63","43.68","TORONTO INTL A","6158731","2023-07-05 16:00","2023","07","05","16:00","","30.5","","18.8","","49","","","","17","","21","","24.1","","99.36","","37","","","","Mainly Clear"
"-79.63","43.68","TORONTO INTL A","6158731","2023-07-05 17:00","2023","07","05","17:00","","30.5","","17.9","","46","","","","18","","24","","24.1","","99.32","","36","","","","NA"
"-79.63","43.68","TORONTO INTL A","6158731","2023-07-05 18:00","2023","07","05","18:00","","30.6","","17.7","","45","","","","21","","11","","24.1","","99.29","","36","","","","NA"
"-79.63","43.68","TORONTO INTL A","6158731","2023-07-05 19:00","2023","07","05","19:00","","29.5","","18.9","","52","","","","23","","18","","24.1","","99.30","","36","","","","Clear"
"-79.63","43.68","TORONTO INTL A","6158731","2023-07-05 20:00","2023","07","05","20:00","","28.2","","18.0","","53","","","","22","","11","","24.1","","99.27","","34","","","","NA"
"-79.63","43.68","TORONTO INTL A","6158731","2023-07-05 21:00","2023","07","05","21:00","","27.3","","18.0","","56","","","","22","","8","","24.1","","99.31","","33","","","","NA"
"-79.63","43.68","TORONTO INTL A","6158731","2023-07-05 22:00","2023","07","05","22:00","","27.2","","18.5","","58","","","","19","","7","","24.1","","99.33","","34","","","","Clear"
"-79.63","43.68","TORONTO INTL A","6158731","2023-07-05 23:00","2023","07","05","23:00","","24.9","","18.6","","67","","","","16","","10","","24.1","","99.34","","31","","","","NA"
"-79.63","43.68","TORONTO INTL A","6158731","2023-07-06 00:00","2023","07","06","00:00","","24.4","","18.0","","67","","","","17","","7","","24.1","","99.38","","30","","","","NA"
"-79.63","43.68","TORONTO INTL A","6158731","2023-07-06 01:00","2023","07","06","01:00","","24.2","","18.6","","71","","","","18","","5","","24.1","","99.34","","31","","","","Clear"
"-79.63","43.68","TORONTO INTL A","6158731","2023-07-06 02:00","2023","07","06","02:00","","23.1","","19.0","","77","","","","23","","6","","24.1","","99.29","","30","","","","NA"
"-79.63","43.68","TORONTO INTL A","6158731","2023-07-06 03:00","2023","07","06","03:00","","21.5","","18.4","","82","","","","25","","8","","24.1","","99.26","","28","","","","NA"
"-79.63","43.68","TORONTO INTL A","6158731","2023-07-06 04:00","2023","07","06","04:00","","22.0","","18.4","","80","","","","31","","5","","24.1","","99.24","","28","","","","Clear"
"-79.63","43.68","TORONTO INTL A","6158731","2023-07-06 05:00","2023","07","06","05:00","","22.4","","18.0","","76","","","","4","","7","","24.1","","99.23","","28","","","","NA"
"-79.63","43.68","TORONTO INTL A","6158731","2023-07-06 06:00","2023","07","06","06:00","","23.6","","19.6","","78","","","","8","","5","","24.1","","99.22","","31","","","","NA"
"-79.63","43.68","TORONTO INTL A","6158731","2023-07-06 07:00","2023","07","06","07:00","","25.4","","17.8","","63","","","","14","","5","","24.1","","99.22","","31","","","","Mostly Cloudy"
"-79.63","43.68","TORONTO INTL A","6158731","2023-07-06 08:00","2023","07","06","08:00","","26.3","","17.8","","59","","","","14","","12","","24.1","","99.17","","32","","","","NA"
"-79.63","43.68","TORONTO INTL A","6158731","2023-07-06 09:00","2023","07","06","09:00","","26.4","","19.7","","66","","","","14","","14","","24.1","","99.14","","34","","","","NA"
"-79.63","43.68","TORONTO INTL A","6158731","2023-07-06 10:00","2023","07","06","10:00","","27.1","","20.4","","66","","","","15","","11","","24.1","","99.11","","35","","","","Mostly Cloudy"
"-79.63","43.68","TORONTO INTL A","6158731","2023-07-06 11:00","2023","07","06","11:00","","27.9","","20.3","","63","","","","12","","14","","24.1","","99.07","","36","","","","NA"
"-79.63","43.68","TORONTO INTL A","6158731","2023-07-06 12:00","2023","07","06","12:00","","28.9","","22.4","","68","","","","14","","17","","24.1","","99.04","","39","","","","NA"
"-79.63","43.68","TORONTO INTL A","6158731","2023-07-06 13:00","2023","07","06","13:00","","29.4","","22.3","","65","","","","17","","19","","24.1","","99.01","","39","","","","Mostly Cloudy"
"-79.63","43.68","TORONTO INTL A","6158731","2023-07-06 14:00","2023","07","06","14:00","","21.5","","21.3","","99","","","","29","","20","","8.1","","99.13","","30","","","","Rain Showers,Fog"
"-79.63","43.68","TORONTO INTL A","6158731","2023-07-06 15:00","2023","07","06","15:00","","23.1","","20.5","","85","","","","31","","19","","24.1","","99.05","","31","","","","NA"
"-79.63","43.68","TORONTO INTL A","6158731","2023-07-06 16:00","2023","07","06","16:00","","22.0","","20.1","","89","","","","29","","13","","16.1","","99.02","","30","","","","Rain"
"-79.63","43.68","TORONTO INTL A","6158731","2023-07-06 17:00","2023","07","06","17:00","","23.4","","20.9","","86","","","","31","","13","","24.1","","98.98","","32","","","","NA"
"-79.63","43.68","TORONTO INTL A","6158731","2023-07-06 18:00","2023","07","06","18:00","","23.5","","20.5","","83","","","","28","","14","","24.1","","98.97","","31","","","","NA"
"-79.63","43.68","TORONTO INTL A","6158731","2023-07-06 19:00","2023","07","06","19:00","","23.1","","20.8","","86","","","","25","","13","","24.1","","99.00","","31","","","","Mostly Cloudy"
"-79.63","43.68","TORONTO INTL A","6158731","2023-07-06 20:00","2023","07","06","20:00","","22.8","","21.0","","89","","","","24","","8","","24.1","","99.00","","31","","","","NA"
"-79.63","43.68","TORONTO INTL A","6158731","2023-07-06 21:00","2023","07","06","21:00","","23.0","","21.0","","88","","","","24","","3","","24.1","","99.02","","31","","","","NA"
"-79.63","43.68","TORONTO INTL A","6158731","2023-07-06 22:00","2023","07","06","22:00","","22.8","","20.8","","88","","","","27","","11","","24.1","","99.02","","31","","","","Mostly Cloudy"
"-79.63","43.68","TORONTO INTL A","6158731","2023-07-06 23:00","2023","07","06","23:00","","22.4","","20.9","","91","","","","29","","9","","24.1","","99.02","","31","","","","NA"
"-79.63","43.68","TORONTO INTL A","6158731","2023-07-07 00:00","2023","07","07","00:00","","22.3","","20.2","","88","","","","32","","18","","24.1","","99.03","","30","","","","NA"
"-79.63","43.68","TORONTO INTL A","6158731","2023-07-07 01:00","2023","07","07","01:00","","21.7","","19.1","","85","","","","31","","12","","24.1","","99.06","","29","","","","Mostly Cloudy"
"-79.63","43.68","TORONTO INTL A","6158731","2023-07-07 02:00","2023","07","07","02:00","","21.2","","18.8","","86","","","","32","","17","","24.1","","99.06","","28","","","","NA"
"-79.63","43.68","TORONTO INTL A","6158731","2023-07-07 03:00","2023","07","07","03:00","","20.4","","18.5","","89","","","","32","","15","","24.1","","99.08","","27","","","","NA"
"-79.63","43.68","TORONTO INTL A","6158731","2023-07-07 04:00","2023","07","07","04:00","","20.2","","17.8","","85","","","","32","","17","","24.1","","99.09","","26","","","","Mostly Cloudy"
"-79.63","43.68","TORONTO INTL A","6158731","2023-07-07 05:00","2023","07","07","05:00","","19.5","","17.1","","86","","","","32","","21","","24.1","","99.13","","","","","","NA"
"-79.63","43.68","TORONTO INTL A","6158731","2023-07-07 06:00","2023","07","07","06:00","","20.0","","17.0","","83","","","","32","","24","","24.1","","99.15","","25","","","","NA"
"-79.63","43.68","TORONTO INTL A","6158731","2023-07-07 07:00","2023","07","07","07:00","","20.1","","16.1","","77","","","","32","","22","","24.1","","99.21","","25","","","","Mostly Cloudy"
"-79.63","43.68","TORONTO INTL A","6158731","2023-07-07 08:00","2023","07","07","08:00","","20.7","","13.8","","64","","","","35","","27","","24.1","","99.25","","","","","","NA"
"-79.63","43.68","TORONTO INTL A","6158731","2023-07-07 09:00","2023","07","07","09:00","","22.5","","12.5","","53","","","","35","","19","","24.1","","99.25","","25","","","","NA"
"-79.63","43.68","TORONTO INTL A","6158731","2023-07-07 10:00","2023","07","07","10:00","","23.6","","13.2","","52","","","","32","","22","","24.1","","99.27","","27","","","","Mainly Clear"
"-79.63","43.68","TORONTO INTL A","6158731","2023-07-07 11:00","2023","07","07","11:00","","24.6","","13.5","","49","","","","30","","14","","24.1","","99.25","","28","","","","NA"
"-79.63","43.68","TORONTO INTL A","6158731","2023-07-07 12:00","2023","07","07","12:00","","25.6","","13.6","","47","","","","32","","19","","24.1","","99.25","","29","","","","NA"
"-79.63","43.68","TORONTO INTL A","6158731","2023-07-07 13:00","2023","07","07","13:00","","25.5","","14.1","","49","","","","32","","14","","24.1","","99.25","","29","","","","Mainly Clear"
"-79.63","43.68","TORONTO INTL A","6158731","2023-07-07 14:00","2023","07","07","14:00","","25.7","","12.4","","43","","","","29","","18","","24.1","","99.25","","28","","","","NA"
"-79.63","43.68","TORONTO INTL A","6158731","2023-07-07 15:00","2023","07","07","15:00","","25.7","","11.6","","41","","","","27","","18","","24.1","","99.22","","28","","","","NA"
"-79.63","43.68","TORONTO INTL A","6158731","2023-07-07 16:00","2023","07","07","16:00","","25.4","","10.9","","40","","","","25","","22","","24.1","","99.20","","27","","","","Clear"
"-79.63","43.68","TORONTO INTL A","6158731","2023-07-07 17:00","2023","07","07","17:00","","25.2","","10.2","","38","","","","31","","24","","24.1","","99.17","","27","","","","NA"
"-79.63","43.68","TORONTO INTL A","6158731","2023-07-07 18:00","2023","07","07","18:00","","24.0","","7.8","","35","","","","28","","15","","24.1","","99.17","","","","","","NA"
"-79.63","43.68","TORONTO INTL A","6158731","2023-07-07 19:00","2023","07","07","19:00","","22.9","","8.9","","40","","","","29","","19","","24.1","","99.19","","","","","","Clear"
"-79.63","43.68","TORONTO INTL A","6158731","2023-07-07 20:00","2023","07","07","20:00","","21.6","","11.9","","53","","","","29","","18","","24.1","","99.23","","","","","","NA"
"-79.63","43.68","TORONTO INTL A","6158731","2023-07-07 21:00","2023","07","07","21:00","","20.6","","12.6","","60","","","","30","","18","","24.1","","99.31","","","","","","NA"
"-79.63","43.68","TORONTO INTL A","6158731","2023-07-07 22:00","2023","07","07","22:00","","19.5","","12.8","","65","","","","30","","15","","24.1","","99.32","","","","","","Clear"
"-79.63","43.68","TORONTO INTL A","6158731","2023-07-07 23:00","2023","07","07","23:00","","19.0","","12.7","","67","","","","30","","17","","24.1","","99.26","","","","","","NA"
"-79.63","43.68","TORONTO INTL A","6158731","2023-07-08 00:00","2023","07","08","00:00","","16.7","","12.2","","74","","","","28","","11","","24.1","","99.32","","","","","","NA"
"-79.63","43.68","TORONTO INTL A","6158731","2023-07-08 01:00","2023","07","08","01:00","","16.7","","11.8","","73","","","","29","","10","","24.1","","99.28","","","","","","Clear"
"-79.63","43.68","TORONTO INTL A","6158731","2023-07-08 02:00","2023","07","08","02:00","","14.3","","11.3","","82","","","","27","","9","","24.1","","99.26","","","","","","NA"
"-79.63","43.68","TORONTO INTL A","6158731","2023-07-08 03:00","2023","07","08","03:00","","14.9","","11.0","","77","","","","26","","7","","24.1","","99.24","","","","","","NA"
"-79.63","43.68","TORONTO INTL A","6158731","2023-07-08 04:00","2023","07","08","04:00","","15.0","","10.3","","74","","","","28","","8","","24.1","","99.24","","","","","","Mainly Clear"
"-79.63","43.68","TORONTO INTL A","6158731","2023-07-08 05:00","2023","07","08","05:00","","14.6","","10.7","","77","","","","25","","7","","24.1","","99.22","","","","","","NA"
"-79.63","43.68","TORONTO INTL A","6158731","2023-07-08 06:00","2023","07","08","06:00","","15.9","","11.8","","76","","","","24","","4","","24.1","","99.23","","","","","","NA"
"-79.63","43.68","TORONTO INTL A","6158731","2023-07-08 07:00","2023","07","08","07:00","","17.3","","12.7","","74","","","","25","","4","","24.1","","99.24","","","","","","Mostly Cloudy"
"-79.63","43.68","TORONTO INTL A","6158731","2023-07-08 08:00","2023","07","08","08:00","","19.0","","12.1","","64","","","","25","","11","","24.1","","99.28","","","","","","NA"
"-79.63","43.68","TORONTO INTL A","6158731","2023-07-08 09:00","2023","07","08","09:00","","21.8","","11.6","","52","","","","27","","9","","24.1","","99.26","","","","","","NA"
"-79.63","43.68","TORONTO INTL A","6158731","2023-07-08 10:00","2023","07","08","10:00","","23.5","","10.4","","43","","","","34","","9","","24.1","","99.20","","25","","","","Mostly Cloudy"
"-79.63","43.68","TORONTO INTL A","6158731","2023-07-08 11:00","2023","07","08","11:00","","24.6","","12.2","","45","","","","24","","4","","24.1","","99.18","","27","","","","NA"
"-79.63","43.68","TORONTO INTL A","6158731","2023-07-08 12:00","2023","07","08","12:00","","24.8","","13.2","","48","","","","5","","10","","24.1","","99.12","","28","","","","NA"
"-79.63","43.68","TORONTO INTL A","6158731","2023-07-08 13:00","2023","07","08","13:00","","23.3","","12.1","","49","","","","16","","19","","24.1","","99.10","","26","","","","Mostly Cloudy"
"-79.63","43.68","TORONTO INTL A","6158731","2023-07-08 14:00","2023","07","08","14:00","","23.8","","12.7","","49","","","","18","","16","","24.1","","99.09","","26","","","","NA"
"-79.63","43.68","TORONTO INTL A","6158731","2023-07-08 15:00","2023","07","08","15:00","","23.4","","12.2","","49","","","","14","","15","","24.1","","99.06","","26","","","","NA"
"-79.63","43.68","TORONTO INTL A","6158731","2023-07-08 16:00","2023","07","08","16:00","","21.9","","14.0","","60","","","","23","","15","","19.3","","99.11","","25","","","","Rain"
"-79.63","43.68","TORONTO INTL A","6158731","2023-07-08 17:00","2023","07","08","17:00","","20.5","","15.6","","73","","","","23","","9","","19.3","","99.01","","25","","","","Rain"
"-79.63","43.68","TORONTO INTL A","6158731","2023-07-08 18:00","2023","07","08","18:00","","20.6","","14.5","","68","","","","29","","10","","24.1","","98.97","","","","","","NA"
"-79.63","43.68","TORONTO INTL A","6158731","2023-07-08 19:00","2023","07","08","19:00","","18.9","","14.9","","77","","","","35","","12","","24.1","","98.95","","","","","","Cloudy"
"-79.63","43.68","TORONTO INTL A","6158731","2023-07-08 20:00","2023","07","08","20:00","","17.8","","15.3","","85","","","","35","","14","","9.7","","98.98","","","","","","Rain,Fog"
"-79.63","43.68","TORONTO INTL A","6158731","2023-07-08 21:00","2023","07","08","21:00","","17.7","","16.9","","95","","","","36","","14","","24.1","","99.01","","","","","","NA"
"-79.63","43.68","TORONTO INTL A","6158731","2023-07-08 22:00","2023","07","08","22:00","","17.7","","16.1","","91","","","","2","","9","","24.1","","99.01","","","","","","Cloudy"
"-79.63","43.68","TORONTO INTL A","6158731","2023-07-08 23:00","2023","07","08","23:00","","17.8","","16.4","","91","","","","34","","10","","24.1","","98.99","","","","","","NA"
"-79.63","43.68","TORONTO INTL A","6158731","2023-07-09 00:00","2023","07","09","00:00","","17.0","","15.8","","92","","","","35","","16","","24.1","","99.00","","","","","","NA"
"-79.63","43.68","TORONTO INTL A","6158731","2023-07-09 01:00","2023","07","09","01:00","","16.8","","15.6","","92","","","","35","","18","","24.1","","98.97","","","","","","Mostly Cloudy"
"-79.63","43.68","TORONTO INTL A","6158731","2023-07-09 02:00","2023","07","09","02:00","","16.5","","15.7","","95","","","","1","","10","","24.1","","98.97","","","","","","NA"
"-79.63","43.68","TORONTO INTL A","6158731","2023-07-09 03:00","2023","07","09","03:00","","16.2","","15.3","","94","","","","1","","9","","24.1","","98.95","","","","","","NA"
"-79.63","43.68","TORONTO INTL A","6158731","2023-07-09 04:00","2023","07","09","04:00","","15.7","","15.0","","95","","","","36","","9","","24.1","","98.98","","","","","","Mainly Clear"
"-79.63","43.68","TORONTO INTL A","6158731","2023-07-09 05:00","2023","07","09","05:00","","16.0","","15.1","","95","","","","33","","14","","24.1","","98.98","","","","","","NA"
"-79.63","43.68","TORONTO INTL A","6158731","2023-07-09 06:00","2023","07","09","06:00","","16.7","","15.1","","90","","","","1","","5","","24.1","","98.98","","","","","","NA"
"-79.63","43.68","TORONTO INTL A","6158731","2023-07-09 07:00","2023","07","09","07:00","","18.3","","15.6","","84","","","","36","","13","","24.1","","98.99","","","","","","Mostly Cloudy"
"-79.63","43.68","TORONTO INTL A","6158731","2023-07-09 08:00","2023","07","09","08:00","","19.9","","15.7","","77","","","","3","","10","","24.1","","98.97","","","","","","NA"
"-79.63","43.68","TORONTO INTL A","6158731","2023-07-09 09:00","2023","07","09","09:00","","21.2","","15.7","","70","","","","","","0","","24.1","","99.00","","26","","","","NA"
"-79.63","43.68","TORONTO INTL A","6158731","2023-07-09 10:00","2023","07","09","10:00","","22.6","","15.7","","64","","","","1","","8","","24.1","","98.99","","27","","","","Mostly Cloudy"
"-79.63","43.68","TORONTO INTL A","6158731","2023-07-09 11:00","2023","07","09","11:00","","22.9","","15.9","","64","","","","33","","6","","24.1","","98.98","","27","","","","NA"
"-79.63","43.68","TORONTO INTL A","6158731","2023-07-09 12:00","2023","07","09","12:00","","23.2","","17.0","","68","","","","31","","9","","24.1","","98.99","","28","","","","NA"
"-79.63","43.68","TORONTO INTL A","6158731","2023-07-09 13:00","2023","07","09","13:00","","23.8","","17.0","","65","","","","14","","9","","24.1","","98.97","","29","","","","Mostly Cloudy"
"-79.63","43.68","TORONTO INTL A","6158731","2023-07-09 14:00","2023","07","09","14:00","","23.9","","16.1","","61","","","","3","","5","","24.1","","98.94","","29","","","","NA"
"-79.63","43.68","TORONTO INTL A","6158731","2023-07-09 15:00","2023","07","09","15:00","","24.4","","17.1","","64","","","","36","","15","","24.1","","98.90","","30","","","","NA"
"-79.63","43.68","TORONTO INTL A","6158731","2023-07-09 16:00","2023","07","09","16:00","","24.3","","16.8","","62","","","","34","","16","","24.1","","98.86","","29","","","","Mostly Cloudy"
"-79.63","43.68","TORONTO INTL A","6158731","2023-07-09 17:00","2023","07","09","17:00","","24.9","","16.3","","58","","","","1","","17","","24.1","","98.86","","30","","","","NA"
"-79.63","43.68","TORONTO INTL A","6158731","2023-07-09 18:00","2023","07","09","18:00","","24.7","","16.1","","58","","","","2","","9","","24.1","","98.88","","29","","","","NA"
"-79.63","43.68","TORONTO INTL A","6158731","2023-07-09 19:00","2023","07","09","19:00","","22.8","","16.9","","69","","","","14","","6","","24.1","","98.92","","28","","","","Mostly Cloudy"
"-79.63","43.68","TORONTO INTL A","6158731","2023-07-09 20:00","2023","07","09","20:00","","22.9","","15.6","","63","","","","36","","13","","24.1","","98.98","","27","","","","NA"
"-79.63","43.68","TORONTO INTL A","6158731","2023-07-09 21:00","2023","07","09","21:00","","21.6","","13.2","","59","","","","1","","17","","24.1","","99.03","","25","","","","NA"
"-79.63","43.68","TORONTO INTL A","6158731","2023-07-09 22:00","2023","07","09","22:00","","20.8","","11.9","","56","","","","36","","15","","24.1","","99.03","","","","","","Mostly Cloudy"
"-79.63","43.68","TORONTO INTL A","6158731","2023-07-09 23:00","2023","07","09","23:00","","19.9","","12.6","","62","","","","35","","10","","24.1","","99.03","","","","","","NA"
"-79.63","43.68","TORONTO INTL A","6158731","2023-07-10 00:00","2023","07","10","00:00","","19.1","","13.3","","69","","","","31","","14","","24.1","","99.04","","","","","","NA"
"-79.63","43.68","TORONTO INTL A","6158731","2023-07-10 01:00","2023","07","10","01:00","","18.6","","14.1","","75","","","","31","","13","","24.1","","99.02","","","","","","Mainly Clear"
"-79.63","43.68","TORONTO INTL A","6158731","2023-07-10 02:00","2023","07","10","02:00","","18.2","","13.3","","73","","","","34","","9","","24.1","","99.02","","","","","","NA"
"-79.63","43.68","TORONTO INTL A","6158731","2023-07-10 03:00","2023","07","10","03:00","","17.1","","13.2","","77","","","","31","","13","","24.1","","99.01","","","","","","NA"
"-79.63","43.68","TORONTO INTL A","6158731","2023-07-10 04:00","2023","07","10","04:00","","16.6","","13.1","","79","","","","30","","13","","24.1","","99.00","","","","","","Mainly Clear"
"-79.63","43.68","TORONTO INTL A","6158731","2023-07-10 05:00","2023","07","10","05:00","","14.8","","12.3","","85","","","","30","","9","","24.1","","99.07","","","","","","NA"
"-79.63","43.68","TORONTO INTL A","6158731","2023-07-10 06:00","2023","07","10","06:00","","16.6","","12.6","","77","","","","31","","10","","24.1","","99.09","","","","","","NA"
"-79.63","43.68","TORONTO INTL A","6158731","2023-07-10 07:00","2023","07","10","07:00","","19.8","","12.8","","64","","","","31","","6","","24.1","","99.14","","","","","","Mainly Clear"
"-79.63","43.68","TORONTO INTL A","6158731","2023-07-10 08:00","2023","07","10","08:00","","22.7","","13.5","","56","","","","35","","3","","24.1","","99.18","","26","","","","NA"
"-79.63","43.68","TORONTO INTL A","6158731","2023-07-10 09:00","2023","07","10","09:00","","25.2","","12.0","","43","","","","28","","4","","24.1","","99.18","","27","","","","NA"
"-79.63","43.68","TORONTO INTL A","6158731","2023-07-10 10:00","2023","07","10","10:00","","25.7","","12.7","","44","","","","28","","6","","24.1","","99.17","","28","","","","Mainly Clear"
"-79.63","43.68","TORONTO INTL A","6158731","2023-07-10 11:00","2023","07","10","11:00","","26.3","","14.2","","47","","","","28","","21","","24.1","","99.15","","30","","","","NA"
"-79.63","43.68","TORONTO INTL A","6158731","2023-07-10 12:00","2023","07","10","12:00","","26.0","","13.9","","47","","","","26","","16","","24.1","","99.12","","29","","","","NA"
"-79.63","43.68","TORONTO INTL A","6158731","2023-07-10 13:00","2023","07","10","13:00","","27.2","","13.5","","42","","","","28","","13","","24.1","","99.07","","30","","","","Mostly Cloudy"
"-79.63","43.68","TORONTO INTL A","6158731","2023-07-10 14:00","2023","07","10","14:00","","28.1","","13.7","","41","","","","27","","15","","24.1","","99.03","","31","","","","NA"
"-79.63","43.68","TORONTO INTL A","6158731","2023-07-10 15:00","2023","07","10","15:00","","28.4","","15.5","","45","","","","25","","19","","24.1","","99.04","","33","","","","NA"
"-79.63","43.68","TORONTO INTL A","6158731","2023-07-10 16:00","2023","07","10","16:00","","28.4","","13.1","","38","","","","28","","27","","24.1","","99.01","","31","","","","Mostly Cloudy"
"-79.63","43.68","TORONTO INTL A","6158731","2023-07-10 17:00","2023","07","10","17:00","","27.2","","13.6","","42","","","","28","","17","","24.1","","99.01","","30","","","","NA"
"-79.63","43.68","TORONTO INTL A","6158731","2023-07-10 18:00","2023","07","10","18:00","","27.6","","14.2","","43","","","","28","","18","","24.1","","99.00","","31","","","","NA"
"-79.63","43.68","TORONTO INTL A","6158731","2023-07-10 19:00","2023","07","10","19:00","","26.4","","13.2","","44","","","","27","","19","","24.1","","99.03","","29","","","","Mainly Clear"
"-79.63","43.68","TORONTO INTL A","6158731","2023-07-10 20:00","2023","07","10","20:00","","25.3","","13.5","","48","","","","28","","14","","24.1","","99.02","","28","","","","NA"
"-79.63","43.68","TORONTO INTL A","6158731","2023-07-10 21:00","2023","07","10","21:00","","24.3","","15.3","","57","","","","21","","13","","24.1","","99.06","","28","","","","NA"
"-79.63","43.68","TORONTO INTL A","6158731","2023-07-10 22:00","2023","07","10","22:00","","23.5","","16.4","","64","","","","23","","15","","24.1","","99.07","","28","","","","Mainly Clear"
"-79.63","43.68","TORONTO INTL A","6158731","2023-07-10 23:00","2023","07","10","23:00","","21.8","","14.4","","62","","","","24","","15","","24.1","","99.05","","25","","","","NA"
"-79.63","43.68","TORONTO INTL A","6158731","2023-07-11 00:00","2023","07","11","00:00","","21.7","","14.2","","62","","","","23","","12","","24.1","","99.03","","25","","","","NA"
"-79.63","43.68","TORONTO INTL A","6158731","2023-07-11 01:00","2023","07","11","01:00","","21.0","","14.4","","66","","","","22","","10","","24.1","","99.02","","25","","","","Clear"
"-79.63","43.68","TORONTO INTL A","6158731","2023-07-11 02:00","2023","07","11","02:00","","21.1","","14.2","","64","","","","23","","9","","24.1","","99.01","","25","","","","NA"
"-79.63","43.68","TORONTO INTL A","6158731","2023-07-11 03:00","2023","07","11","03:00","","19.8","","14.2","","70","","","","26","","7","","24.1","","99.00","","","","","","NA"
"-79.63","43.68","TORONTO INTL A","6158731","2023-07-11 04:00","2023","07","11","04:00","","20.6","","14.6","","68","","","","24","","7","","24.1","","99.04","","","","","","Mostly Cloudy"
"-79.63","43.68","TORONTO INTL A","6158731","2023-07-11 05:00","2023","07","11","05:00","","19.9","","15.1","","74","","","","26","","9","","24.1","","99.05","","","","","","NA"
"-79.63","43.68","TORONTO INTL A","6158731","2023-07-11 06:00","2023","07","11","06:00","","20.6","","15.4","","72","","","","23","","10","","24.1","","99.06","","25","","","","NA"
"-79.63","43.68","TORONTO INTL A","6158731","2023-07-11 07:00","2023","07","11","07:00","","22.6","","16.0","","66","","","","23","","10","","24.1","","99.05","","27","","","","Clear"
"-79.63","43.68","TORONTO INTL A","6158731","2023-07-11 08:00","2023","07","11","08:00","","24.7","","16.3","","59","","","","25","","14","","24.1","","99.01","","30","","","","NA"
"-79.63","43.68","TORONTO INTL A","6158731","2023-07-11 09:00","2023","07","11","09:00","","26.5","","16.9","","55","","","","25","","16","","24.1","","99.00","","32","","","","NA"
"-79.63","43.68","TORONTO INTL A","6158731","2023-07-11 10:00","2023","07","11","10:00","","28.5","","16.4","","47","","","","26","","20","","24.1","","98.96","","33","","","","Mainly Clear"
"-79.63","43.68","TORONTO INTL A","6158731","2023-07-11 11:00","2023","07","11","11:00","","28.8","","14.8","","42","","","","23","","30","","24.1","","98.92","","33","","","","NA"
"-79.63","43.68","TORONTO INTL A","6158731","2023-07-11 12:00","2023","07","11","12:00","","29.3","","16.0","","44","","","","23","","29","","24.1","","98.91","","34","","","","NA"
"-79.63","43.68","TORONTO INTL A","6158731","2023-07-11 13:00","2023","07","11","13:00","","30.1","","17.2","","45","","","","24","","25","","24.1","","98.91","","36","","","","Mostly Cloudy"
"-79.63","43.68","TORONTO INTL A","6158731","2023-07-11 14:00","2023","07","11","14:00","","28.6","","15.7","","45","","","","23","","22","","24.1","","98.86","","33","","","","NA"
"-79.63","43.68","TORONTO INTL A","6158731","2023-07-11 15:00","2023","07","11","15:00","","28.2","","15.5","","45","","","","24","","27","","24.1","","98.83","","32","","","","NA"
"-79.63","43.68","TORONTO INTL A","6158731","2023-07-11 16:00","2023","07","11","16:00","","26.5","","16.0","","52","","","","24","","27","","24.1","","98.93","","31","","","","Rain Showers"
"-79.63","43.68","TORONTO INTL A","6158731","2023-07-11 17:00","2023","07","11","17:00","","22.0","","18.2","","79","","","","23","","35","","16.1","","98.98","","28","","","","Rain Showers"
"-79.63","43.68","TORONTO INTL A","6158731","2023-07-11 18:00","2023","07","11","18:00","","22.0","","16.8","","72","","","","26","","27","","24.1","","98.97","","27","","","","NA"
"-79.63","43.68","TORONTO INTL A","6158731","2023-07-11 19:00","2023","07","11","19:00","","22.6","","17.8","","74","","","","28","","14","","24.1","","99.05","","28","","","","Mostly Cloudy"
"-79.63","43.68","TORONTO INTL A","6158731","2023-07-11 20:00","2023","07","11","20:00","","21.7","","19.1","","85","","","","25","","8","","24.1","","99.03","","29","","","","Rain"
"-79.63","43.68","TORONTO INTL A","6158731","2023-07-11 21:00","2023","07","11","21:00","","21.9","","19.0","","83","","","","29","","10","","24.1","","99.09","","29","","","","NA"
"-79.63","43.68","TORONTO INTL A","6158731","2023-07-11 22:00","2023","07","11","22:00","","21.4","","18.1","","82","","","","32","","19","","24.1","","99.11","","27","","","","Mainly Clear"
"-79.63","43.68","TORONTO INTL A","6158731","2023-07-11 23:00","2023","07","11","23:00","","20.2","","18.1","","87","","","","35","","19","","24.1","","99.16","","26","","","","NA"
"-79.63","43.68","TORONTO INTL A","6158731","2023-07-12 00:00","2023","07","12","00:00","","18.2","","11.5","","65","","","","34","","18","","24.1","","99.21","","","","","","NA"
"-79.63","43.68","TORONTO INTL A","6158731","2023-07-12 01:00","2023","07","12","01:00","","17.0","","10.3","","64","","","","33","","26","","24.1","","99.25","","","","","","Clear"
"-79.63","43.68","TORONTO INTL A","6158731","2023-07-12 02:00","2023","07","12","02:00","","16.0","","10.2","","68","","","","34","","17","","24.1","","99.24","","","","","","NA"
"-79.63","43.68","TORONTO INTL A","6158731","2023-07-12 03:00","2023","07","12","03:00","","15.2","","10.1","","72","","","","34","","13","","24.1","","99.26","","","","","","NA"
"-79.63","43.68","TORONTO INTL A","6158731","2023-07-12 04:00","2023","07","12","04:00","","14.5","","9.9","","74","","","","31","","11","","24.1","","99.31","","","","","","Mainly Clear"
"-79.63","43.68","TORONTO INTL A","6158731","2023-07-12 05:00","2023","07","12","05:00","","14.7","","10.0","","73","","","","31","","14","","24.1","","99.37","","","","","","NA"
"-79.63","43.68","TORONTO INTL A","6158731","2023-07-12 06:00","2023","07","12","06:00","","15.7","","10.4","","70","","","","31","","21","","24.1","","99.35","","","","","","NA"
"-79.63","43.68","TORONTO INTL A","6158731","2023-07-12 07:00","2023","07","12","07:00","","16.4","","10.3","","67","","","","32","","18","","24.1","","99.37","","","","","","Cloudy"
"-79.63","43.68","TORONTO INTL A","6158731","2023-07-12 08:00","2023","07","12","08:00","","17.1","","10.5","","65","","","","27","","9","","24.1","","99.44","","","","","","NA"
"-79.63","43.68","TORONTO INTL A","6158731","2023-07-12 09:00","2023","07","12","09:00","","18.8","","11.7","","63","","","","35","","7","","24.1","","99.42","","","","","","NA"
"-79.63","43.68","TORONTO INTL A","6158731","2023-07-12 10:00","2023","07","12","10:00","","20.4","","10.3","","52","","","","2","","8","","24.1","","99.36","","","","","","Mainly Clear"
"-79.63","43.68","TORONTO INTL A","6158731","2023-07-12 11:00","2023","07","12","11:00","","21.4","","9.8","","47","","","","33","","5","","24.1","","99.36","","","","","","NA"
"-79.63","43.68","TORONTO INTL A","6158731","2023-07-12 12:00","2023","07","12","12:00","","22.2","","12.8","","55","","","","12","","5","","24.1","","99.37","","25","","","","NA"
"-79.63","43.68","TORONTO INTL A","6158731","2023-07-12 13:00","2023","07","12","13:00","","23.9","","12.3","","48","","","","13","","12","","24.1","","99.31","","26","","","","Mostly Cloudy"
"-79.63","43.68","TORONTO INTL A","6158731","2023-07-12 14:00","2023","07","12","14:00","","24.8","","12.0","","44","","","","27","","12","","24.1","","99.29","","27","","","","NA"
"-79.63","43.68","TORONTO INTL A","6158731","2023-07-12 15:00","2023","07","12","15:00","","25.6","","12.4","","43","","","","26","","20","","24.1","","99.22","","28","","","","NA"
"-79.63","43.68","TORONTO INTL A","6158731","2023-07-12 16:00","2023","07","12","16:00","","25.4","","13.2","","46","","","","27","","14","","24.1","","99.18","","28","","","","Mostly Cloudy"
"-79.63","43.68","TORONTO INTL A","6158731","2023-07-12 17:00","2023","07","12","17:00","","23.9","","13.9","","53","","","","15","","16","","24.1","","99.16","","27","","","","NA"
"-79.63","43.68","TORONTO INTL A","6158731","2023-07-12 18:00","2023","07","12","18:00","","23.0","","13.7","","56","","","","14","","14","","24.1","","99.13","","26","","","","NA"
"-79.63","43.68","TORONTO INTL A","6158731","2023-07-12 19:00","2023","07","12","19:00","","21.7","","13.2","","58","","","","14","","14","","24.1","","99.14","","25","","","","Mostly Cloudy"
"-79.63","43.68","TORONTO INTL A","6158731","2023-07-12 20:00","2023","07","12","20:00","","21.4","","13.2","","59","","","","14","","10","","24.1","","99.16","","","","","","NA"
"-79.63","43.68","TORONTO INTL A","6158731","2023-07-12 21:00","2023","07","12","21:00","","21.5","","12.4","","56","","","","13","","10","","24.1","","99.12","","","","","","NA"
"-79.63","43.68","TORONTO INTL A","6158731","2023-07-12 22:00","2023","07","12","22:00","","20.9","","14.6","","67","","","","8","","9","","24.1","","99.05","","25","","","","Rain"
"-79.63","43.68","TORONTO INTL A","6158731","2023-07-12 23:00","2023","07","12","23:00","","20.4","","16.1","","76","","","","9","","8","","24.1","","99.03","","25","","","","NA"
"-79.63","43.68","TORONTO INTL A","6158731","2023-07-13 00:00","2023","07","13","00:00","","20.6","","16.1","","75","","","","13","","8","","24.1","","98.92","","25","","","","NA"
"-79.63","43.68","TORONTO INTL A","6158731","2023-07-13 01:00","2023","07","13","01:00","","20.1","","16.3","","78","","","","12","","7","","24.1","","98.83","","25","","","","Cloudy"
"-79.63","43.68","TORONTO INTL A","6158731","2023-07-13 02:00","2023","07","13","02:00","","18.2","","17.7","","97","","","","6","","14","","8.1","","98.68","","","","","","Moderate Rain Showers,Fog"
"-79.63","43.68","TORONTO INTL A","6158731","2023-07-13 03:00","2023","07","13","03:00","","18.2","","17.9","","99","","","","11","","9","","16.1","","98.58","","","","","","Rain Showers"
"-79.63","43.68","TORONTO INTL A","6158731","2023-07-13 04:00","2023","07","13","04:00","","18.3","","18.3","","100","","","","8","","15","","19.3","","98.39","","","","","","Cloudy"
"-79.63","43.68","TORONTO INTL A","6158731","2023-07-13 05:00","2023","07","13","05:00","","18.4","","18.4","","100","","","","10","","32","","6.4","","98.17","","","","","","Thunderstorms,Moderate Rain Showers,Fog"
"-79.63","43.68","TORONTO INTL A","6158731","2023-07-13 06:00","2023","07","13","06:00","","20.0","","20.0","","100","","","","13","","17","","8.1","","98.17","","28","","","","Rain Showers,Fog"
"-79.63","43.68","TORONTO INTL A","6158731","2023-07-13 07:00","2023","07","13","07:00","","21.2","","20.4","","95","","","","21","","13","","19.3","","98.17","","29","","","","Rain"
"-79.63","43.68","TORONTO INTL A","6158731","2023-07-13 08:00","2023","07","13","08:00","","18.2","","16.1","","87","","","","32","","26","","24.1","","98.29","","","","","","NA"
"-79.63","43.68","TORONTO INTL A","6158731","2023-07-13 09:00","2023","07","13","09:00","","19.7","","15.5","","77","","","","32","","30","","24.1","","98.37","","","","","","NA"
"-79.63","43.68","TORONTO INTL A","6158731","2023-07-13 10:00","2023","07","13","10:00","","20.3","","15.0","","71","","","","31","","31","","24.1","","98.49","","","","","","Mostly Cloudy"
"-79.63","43.68","TORONTO INTL A","6158731","2023-07-13 11:00","2023","07","13","11:00","","21.9","","15.6","","67","","","","31","","30","","24.1","","98.56","","26","","","","NA"
"-79.63","43.68","TORONTO INTL A","6158731","2023-07-13 12:00","2023","07","13","12:00","","22.6","","15.3","","63","","","","32","","34","","24.1","","98.62","","27","","","","NA"
"-79.63","43.68","TORONTO INTL A","6158731","2023-07-13 13:00","2023","07","13","13:00","","23.1","","15.2","","61","","","","29","","24","","24.1","","98.66","","27","","","","Mostly Cloudy"
"-79.63","43.68","TORONTO INTL A","6158731","2023-07-13 14:00","2023","07","13","14:00","","22.9","","14.7","","59","","","","30","","23","","24.1","","98.73","","27","","","","NA"
"-79.63","43.68","TORONTO INTL A","6158731","2023-07-13 15:00","2023","07","13","15:00","","22.6","","15.3","","63","","","","26","","20","","24.1","","98.78","","27","","","","NA"
"-79.63","43.68","TORONTO INTL A","6158731","2023-07-13 16:00","2023","07","13","16:00","","22.2","","15.4","","65","","","","27","","22","","24.1","","98.81","","26","","","","Cloudy"
"-79.63","43.68","TORONTO INTL A","6158731","2023-07-13 17:00","2023","07","13","17:00","","22.7","","14.7","","60","","","","30","","24","","24.1","","98.80","","26","","","","NA"
"-79.63","43.68","TORONTO INTL A","6158731","2023-07-13 18:00","2023","07","13","18:00","","21.8","","15.1","","65","","","","32","","13","","24.1","","98.82","","26","","","","NA"
"-79.63","43.68","TORONTO INTL A","6158731","2023-07-13 19:00","2023","07","13","19:00","","20.8","","15.5","","71","","","","36","","11","","24.1","","98.89","","25","","","","Mostly Cloudy"
"-79.63","43.68","TORONTO INTL A","6158731","2023-07-13 20:00","2023","07","13","20:00","","21.0","","14.3","","65","","","","30","","17","","24.1","","98.93","","25","","","","NA"
"-79.63","43.68","TORONTO INTL A","6158731","2023-07-13 21:00","2023","07","13","21:00","","19.0","","13.9","","72","","","","28","","13","","24.1","","98.98","","","","","","NA"
"-79.63","43.68","TORONTO INTL A","6158731","2023-07-13 22:00","2023","07","13","22:00","","18.2","","13.0","","71","","","","27","","7","","24.1","","98.98","","","","","","Clear"
"-79.63","43.68","TORONTO INTL A","6158731","2023-07-13 23:00","2023","07","13","23:00","","17.8","","12.6","","71","","","","26","","5","","24.1","","98.99","","","","","","NA"
"-79.63","43.68","TORONTO INTL A","6158731","2023-07-14 00:00","2023","07","14","00:00","","16.0","","12.4","","79","","","","26","","9","","24.1","","99.03","","","","","","NA"
"-79.63","43.68","TORONTO INTL A","6158731","2023-07-14 01:00","2023","07","14","01:00","","16.4","","12.3","","76","","","","28","","7","","24.1","","99.03","","","","","","Clear"
"-79.63","43.68","TORONTO INTL A","6158731","2023-07-14 02:00","2023","07","14","02:00","","16.4","","11.9","","75","","","","28","","9","","24.1","","99.06","","","","","","NA"
"-79.63","43.68","TORONTO INTL A","6158731","2023-07-14 03:00","2023","07","14","03:00","","15.7","","12.2","","80","","","","21","","4","","24.1","","99.09","","","","","","NA"
"-79.63","43.68","TORONTO INTL A","6158731","2023-07-14 04:00","2023","07","14","04:00","","13.9","","11.2","","84","","","","26","","8","","24.1","","99.11","","","","","","Mainly Clear"
"-79.63","43.68","TORONTO INTL A","6158731","2023-07-14 05:00","2023","07","14","05:00","","15.6","","12.1","","80","","","","33","","4","","24.1","","99.14","","","","","","NA"
"-79.63","43.68","TORONTO INTL A","6158731","2023-07-14 06:00","2023","07","14","06:00","","16.4","","12.8","","79","","","","4","","5","","24.1","","99.13","","","","","","NA"
"-79.63","43.68","TORONTO INTL A","6158731","2023-07-14 07:00","2023","07","14","07:00","","18.7","","13.2","","70","","","","3","","5","","24.1","","99.15","","","","","","Mainly Clear"
"-79.63","43.68","TORONTO INTL A","6158731","2023-07-14 08:00","2023","07","14","08:00","","20.5","","14.5","","68","","","","16","","6","","24.1","","99.17","","","","","","NA"
"-79.63","43.68","TORONTO INTL A","6158731","2023-07-14 09:00","2023","07","14","09:00","","22.2","","15.8","","67","","","","19","","7","","24.1","","99.20","","27","","","","NA"
"-79.63","43.68","TORONTO INTL A","6158731","2023-07-14 10:00","2023","07","14","10:00","","22.7","","16.0","","65","","","","15","","11","","24.1","","99.19","","27","","","","Mainly Clear"
"-79.63","43.68","TORONTO INTL A","6158731","2023-07-14 11:00","2023","07","14","11:00","","23.5","","17.2","","67","","","","15","","11","","24.1","","99.18","","29","","","","NA"
"-79.63","43.68","TORONTO INTL A","6158731","2023-07-14 12:00","2023","07","14","12:00","","24.2","","17.1","","64","","","","14","","16","","24.1","","99.21","","30","","","","NA"
"-79.63","43.68","TORONTO INTL A","6158731","2023-07-14 13:00","2023","07","14","13:00","","24.4","","17.4","","65","","","","16","","14","","24.1","","99.18","","30","","","","Mostly Cloudy"
"-79.63","43.68","TORONTO INTL A","6158731","2023-07-14 14:00","2023","07","14","14:00","","24.5","","18.4","","68","","","","16","","19","","24.1","","99.17","","31","","","","NA"
"-79.63","43.68","TORONTO INTL A","6158731","2023-07-14 15:00","2023","07","14","15:00","","24.2","","17.5","","65","","","","15","","17","","24.1","","99.13","","30","","","","NA"
"-79.63","43.68","TORONTO INTL A","6158731","2023-07-14 16:00","2023","07","14","16:00","","25.0","","17.6","","63","","","","16","","18","","24.1","","99.14","","31","","","","Mainly Clear"
"-79.63","43.68","TORONTO INTL A","6158731","2023-07-14 17:00","2023","07","14","17:00","","24.1","","17.5","","66","","","","14","","16","","24.1","","99.07","","30","","","","NA"
"-79.63","43.68","TORONTO INTL A","6158731","2023-07-14 18:00","2023","07","14","18:00","","23.6","","17.8","","69","","","","14","","16","","24.1","","99.05","","29","","","","NA"
"-79.63","43.68","TORONTO INTL A","6158731","2023-07-14 19:00","2023","07","14","19:00","","22.7","","18.5","","77","","","","13","","15","","24.1","","99.05","","29","","","","Mostly Cloudy"
"-79.63","43.68","TORONTO INTL A","6158731","2023-07-14 20:00","2023","07","14","20:00","","21.8","","18.6","","82","","","","11","","12","","24.1","","99.07","","28","","","","NA"
"-79.63","43.68","TORONTO INTL A","6158731","2023-07-14 21:00","2023","07","14","21:00","","21.3","","18.5","","84","","","","12","","9","","24.1","","99.12","","28","","","","NA"
"-79.63","43.68","TORONTO INTL A","6158731","2023-07-14 22:00","2023","07","14","22:00","","21.0","","18.2","","84","","","","12","","8","","24.1","","99.16","","27","","","","Mostly Cloudy"
"-79.63","43.68","TORONTO INTL A","6158731","2023-07-14 23:00","2023","07","14","23:00","","21.0","","18.3","","84","","","","14","","6","","24.1","","99.15","","27","","","","NA"
"-79.63","43.68","TORONTO INTL A","6158731","2023-07-15 00:00","2023","07","15","00:00","","20.7","","18.3","","86","","","","17","","5","","24.1","","99.11","","27","","","","NA"
"-79.63","43.68","TORONTO INTL A","6158731","2023-07-15 01:00","2023","07","15","01:00","","20.6","","16.7","","78","","","","18","","6","","24.1","","99.08","","26","","","","Clear"
"-79.63","43.68","TORONTO INTL A","6158731","2023-07-15 02:00","2023","07","15","02:00","","20.2","","16.2","","78","","","","15","","3","","24.1","","99.07","","25","","","","NA"
"-79.63","43.68","TORONTO INTL A","6158731","2023-07-15 03:00","2023","07","15","03:00","","19.8","","16.3","","80","","","","36","","3","","24.1","","99.04","","","","","","NA"
"-79.63","43.68","TORONTO INTL A","6158731","2023-07-15 04:00","2023","07","15","04:00","","20.0","","17.2","","83","","","","7","","8","","24.1","","99.06","","25","","","","Mostly Cloudy"
"-79.63","43.68","TORONTO INTL A","6158731","2023-07-15 05:00","2023","07","15","05:00","","19.7","","18.0","","90","","","","11","","6","","24.1","","99.07","","","","","","NA"
"-79.63","43.68","TORONTO INTL A","6158731","2023-07-15 06:00","2023","07","15","06:00","","20.5","","18.5","","88","","","","11","","8","","24.1","","99.08","","27","","","","NA"
"-79.63","43.68","TORONTO INTL A","6158731","2023-07-15 07:00","2023","07","15","07:00","","21.4","","19.0","","86","","","","13","","8","","24.1","","99.08","","28","","","","Mostly Cloudy"
"-79.63","43.68","TORONTO INTL A","6158731","2023-07-15 08:00","2023","07","15","08:00","","21.8","","18.6","","82","","","","14","","12","","24.1","","99.10","","28","","","","NA"
"-79.63","43.68","TORONTO INTL A","6158731","2023-07-15 09:00","2023","07","15","09:00","","22.2","","19.4","","84","","","","16","","9","","24.1","","99.14","","29","","","","NA"
"-79.63","43.68","TORONTO INTL A","6158731","2023-07-15 10:00","2023","07","15","10:00","","22.2","","19.8","","86","","","","15","","8","","19.3","","99.12","","30","","","","Cloudy"
"-79.63","43.68","TORONTO INTL A","6158731","2023-07-15 11:00","2023","07","15","11:00","","22.6","","20.0","","85","","","","17","","6","","19.3","","99.13","","30","","","","Rain"
"-79.63","43.68","TORONTO INTL A","6158731","2023-07-15 12:00","2023","07","15","12:00","","22.6","","21.1","","92","","","","14","","12","","19.3","","99.10","","31","","","","Rain"
"-79.63","43.68","TORONTO INTL A","6158731","2023-07-15 13:00","2023","07","15","13:00","","23.4","","21.0","","86","","","","14","","11","","16.1","","99.09","","32","","","","Cloudy"
"-79.63","43.68","TORONTO INTL A","6158731","2023-07-15 14:00","2023","07","15","14:00","","24.4","","20.5","","78","","","","16","","16","","24.1","","99.09","","32","","","","NA"
"-79.63","43.68","TORONTO INTL A","6158731","2023-07-15 15:00","2023","07","15","15:00","","24.1","","21.0","","83","","","","15","","11","","16.1","","99.06","","33","","","","NA"
"-79.63","43.68","TORONTO INTL A","6158731","2023-07-15 16:00","2023","07","15","16:00","","24.1","","20.2","","79","","","","13","","5","","24.1","","98.94","","32","","","","Cloudy"
"-79.63","43.68","TORONTO INTL A","6158731","2023-07-15 17:00","2023","07","15","17:00","","25.0","","20.1","","74","","","","26","","6","","24.1","","98.93","","33","","","","NA"
"-79.63","43.68","TORONTO INTL A","6158731","2023-07-15 18:00","2023","07","15","18:00","","22.9","","19.1","","79","","","","14","","15","","24.1","","98.98","","30","","","","NA"
"-79.63","43.68","TORONTO INTL A","6158731","2023-07-15 19:00","2023","07","15","19:00","","22.3","","19.2","","82","","","","12","","9","","24.1","","98.97","","29","","","","Cloudy"
"-79.63","43.68","TORONTO INTL A","6158731","2023-07-15 20:00","2023","07","15","20:00","","22.0","","18.2","","79","","","","14","","13","","24.1","","98.94","","28","","","","NA"
"-79.63","43.68","TORONTO INTL A","6158731","2023-07-15 21:00","2023","07","15","21:00","","20.8","","20.8","","100","","","","15","","10","","16.1","","99.04","","29","","","","Rain"
"-79.63","43.68","TORONTO INTL A","6158731","2023-07-15 22:00","2023","07","15","22:00","","20.5","","20.5","","100","","","","13","","11","","19.3","","99.01","","28","","","","Rain"
"-79.63","43.68","TORONTO INTL A","6158731","2023-07-15 23:00","2023","07","15","23:00","","19.9","","19.9","","100","","","","8","","10","","19.3","","98.95","","","","","","NA"
"-79.63","43.68","TORONTO INTL A","6158731","2023-07-16 00:00","2023","07","16","00:00","","19.9","","19.9","","100","","","","20","","8","","12.9","","98.96","","","","","","Moderate Rain"
"-79.63","43.68","TORONTO INTL A","6158731","2023-07-16 01:00","2023","07","16","01:00","","19.7","","19.7","","100","","","","10","","7","","12.9","","98.86","","","","","","Rain"
"-79.63","43.68","TORONTO INTL A","6158731","2023-07-16 02:00","2023","07","16","02:00","","19.7","","19.7","","100","","","","","","0","","16.1","","98.80","","","","","","Rain"
"-79.63","43.68","TORONTO INTL A","6158731","2023-07-16 03:00","2023","07","16","03:00","","19.8","","19.8","","100","","","","","","0","","24.1","","98.78","","","","","","NA"
"-79.63","43.68","TORONTO INTL A","6158731","2023-07-16 04:00","2023","07","16","04:00","","20.0","","20.0","","100","","","","32","","9","","24.1","","98.78","","28","","","","Cloudy"
"-79.63","43.68","TORONTO INTL A","6158731","2023-07-16 05:00","2023","07","16","05:00","","19.6","","19.6","","100","","","","11","","3","","6.4","","98.77","","","","","","Drizzle,Fog"
"-79.63","43.68","TORONTO INTL A","6158731","2023-07-16 06:00","2023","07","16","06:00","","20.0","","20.0","","100","","","","","","0","","8.1","","98.79","","28","","","","Fog"
"-79.63","43.68","TORONTO INTL A","6158731","2023-07-16 07:00","2023","07","16","07:00","","20.6","","20.2","","97","","","","29","","8","","16.1","","98.82","","28","","","","Mostly Cloudy"
"-79.63","43.68","TORONTO INTL A","6158731","2023-07-16 08:00","2023","07","16","08:00","","21.8","","18.9","","84","","","","26","","9","","16.1","","98.83","","28","","","","NA"
"-79.63","43.68","TORONTO INTL A","6158731","2023-07-16 09:00","2023","07","16","09:00","","21.9","","19.0","","83","","","","24","","13","","19.3","","98.86","","29","","","","NA"
"-79.63","43.68","TORONTO INTL A","6158731","2023-07-16 10:00","2023","07","16","10:00","","21.7","","19.0","","85","","","","25","","8","","24.1","","98.89","","28","","","","Mostly Cloudy"
"-79.63","43.68","TORONTO INTL A","6158731","2023-07-16 11:00","2023","07","16","11:00","","22.8","","19.4","","81","","","","29","","7","","19.3","","98.88","","30","","","","NA"
"-79.63","43.68","TORONTO INTL A","6158731","2023-07-16 12:00","2023","07","16","12:00","","24.0","","18.8","","72","","","","20","","6","","24.1","","98.84","","31","","","","NA"
"-79.63","43.68","TORONTO INTL A","6158731","2023-07-16 13:00","2023","07","16","13:00","","25.6","","19.0","","67","","","","26","","12","","24.1","","98.81","","32","","","","Mostly Cloudy"
"-79.63","43.68","TORONTO INTL A","6158731","2023-07-16 14:00","2023","07","16","14:00","","26.4","","19.5","","65","","","","22","","9","","24.1","","98.75","","34","","","","NA"
"-79.63","43.68","TORONTO INTL A","6158731","2023-07-16 15:00","2023","07","16","15:00","","27.0","","19.6","","63","","","","25","","13","","24.1","","98.68","","34","","","","NA"
"-79.63","43.68","TORONTO INTL A","6158731","2023-07-16 16:00","2023","07","16","16:00","","24.7","","19.5","","72","","","","15","","16","","19.3","","98.71","","32","","","","Mostly Cloudy"
"-79.63","43.68","TORONTO INTL A","6158731","2023-07-16 17:00","2023","07","16","17:00","","25.5","","20.4","","73","","","","12","","10","","19.3","","98.67","","33","","","","NA"
"-79.63","43.68","TORONTO INTL A","6158731","2023-07-16 18:00","2023","07","16","18:00","","25.8","","18.7","","64","","","","22","","17","","12.9","","98.67","","32","","","","NA"
"-79.63","43.68","TORONTO INTL A","6158731","2023-07-16 19:00","2023","07","16","19:00","","25.0","","19.2","","70","","","","22","","22","","16.1","","98.71","","32","","","","Mostly Cloudy"
"-79.63","43.68","TORONTO INTL A","6158731","2023-07-16 20:00","2023","07","16","20:00","","23.9","","18.9","","73","","","","22","","14","","16.1","","98.67","","31","","","","NA"
"-79.63","43.68","TORONTO INTL A","6158731","2023-07-16 21:00","2023","07","16","21:00","","22.8","","19.0","","79","","","","24","","16","","16.1","","98.70","","30","","","","NA"
"-79.63","43.68","TORONTO INTL A","6158731","2023-07-16 22:00","2023","07","16","22:00","","22.4","","18.7","","79","","","","24","","20","","16.1","","98.74","","29","","","","Mainly Clear"
"-79.63","43.68","TORONTO INTL A","6158731","2023-07-16 23:00","2023","07","16","23:00","","21.7","","17.8","","78","","","","24","","21","","16.1","","98.78","","28","","","","NA"
"-79.63","43.68","TORONTO INTL A","6158731","2023-07-17 00:00","2023","07","17","00:00","","20.6","","17.0","","80","","","","24","","14","","19.3","","98.81","","26","","","","NA"
"-79.63","43.68","TORONTO INTL A","6158731","2023-07-17 01:00","2023","07","17","01:00","","19.6","","16.9","","84","","","","24","","14","","16.1","","98.80","","","","","","Clear"
"-79.63","43.68","TORONTO INTL A","6158731","2023-07-17 02:00","2023","07","17","02:00","","19.1","","16.8","","86","","","","23","","14","","16.1","","98.82","","","","","","NA"
"-79.63","43.68","TORONTO INTL A","6158731","2023-07-17 03:00","2023","07","17","03:00","","18.2","","15.6","","85","","","","24","","12","","16.1","","98.85","","","","","","NA"
"-79.63","43.68","TORONTO INTL A","6158731","2023-07-17 04:00","2023","07","17","04:00","","17.8","","14.9","","83","","","","25","","15","","19.3","","98.87","","","","","","Mainly Clear"
"-79.63","43.68","TORONTO INTL A","6158731","2023-07-17 05:00","2023","07","17","05:00","","17.8","","14.5","","81","","","","27","","20","","19.3","","98.91","","","","","","NA"
"-79.63","43.68","TORONTO INTL A","6158731","2023-07-17 06:00","2023","07","17","06:00","","18.1","","14.2","","78","","","","26","","13","","24.1","","98.93","","","","","","NA"
"-79.63","43.68","TORONTO INTL A","6158731","2023-07-17 07:00","2023","07","17","07:00","","19.6","","14.2","","71","","","","26","","10","","24.1","","98.96","","","","","","Mainly Clear"
"-79.63","43.68","TORONTO INTL A","6158731","2023-07-17 08:00","2023","07","17","08:00","","21.1","","13.8","","63","","","","25","","19","","24.1","","99.00","","","","","","NA"
"-79.63","43.68","TORONTO INTL A","6158731","2023-07-17 09:00","2023","07","17","09:00","","23.8","","13.9","","53","","","","20","","15","","24.1","","98.94","","27","","","","NA"
"-79.63","43.68","TORONTO INTL A","6158731","2023-07-17 10:00","2023","07","17","10:00","","24.8","","15.5","","56","","","","23","","16","","24.1","","99.01","","29","","","","Clear"
"-79.63","43.68","TORONTO INTL A","6158731","2023-07-17 11:00","2023","07","17","11:00","","25.5","","15.3","","53","","","","25","","27","","24.1","","99.05","","30","","","","NA"
"-79.63","43.68","TORONTO INTL A","6158731","2023-07-17 12:00","2023","07","17","12:00","","25.9","","17.1","","58","","","","25","","18","","24.1","","99.04","","31","","","","NA"
"-79.63","43.68","TORONTO INTL A","6158731","2023-07-17 13:00","2023","07","17","13:00","","26.6","","15.8","","51","","","","24","","24","","19.3","","99.06","","31","","","","Mainly Clear"
"-79.63","43.68","TORONTO INTL A","6158731","2023-07-17 14:00","2023","07","17","14:00","","26.1","","15.3","","51","","","","22","","20","","19.3","","99.05","","30","","","","NA"
"-79.63","43.68","TORONTO INTL A","6158731","2023-07-17 15:00","2023","07","17","15:00","","26.2","","15.7","","52","","","","24","","15","","19.3","","99.00","","31","","","","NA"
"-79.63","43.68","TORONTO INTL A","6158731","2023-07-17 16:00","2023","07","17","16:00","","25.2","","16.7","","59","","","","21","","18","","19.3","","98.99","","30","","","","Mostly Cloudy"
"-79.63","43.68","TORONTO INTL A","6158731","2023-07-17 17:00","2023","07","17","17:00","","23.1","","18.3","","74","","","","22","","16","","19.3","","99.00","","29","","","","Rain Showers"
"-79.63","43.68","TORONTO INTL A","6158731","2023-07-17 18:00","2023","07","17","18:00","","24.1","","17.2","","65","","","","24","","13","","9.7","","98.99","","30","","","","Smoke"
"-79.63","43.68","TORONTO INTL A","6158731","2023-07-17 19:00","2023","07","17","19:00","","23.7","","17.4","","67","","","","27","","13","","16.1","","99.05","","29","","","","Rain Showers"
"-79.63","43.68","TORONTO INTL A","6158731","2023-07-17 20:00","2023","07","17","20:00","","20.3","","16.7","","80","","","","3","","9","","24.1","","99.10","","25","","","","NA"
"-79.63","43.68","TORONTO INTL A","6158731","2023-07-17 21:00","2023","07","17","21:00","","20.8","","16.5","","76","","","","1","","5","","24.1","","99.10","","26","","","","NA"
"-79.63","43.68","TORONTO INTL A","6158731","2023-07-17 22:00","2023","07","17","22:00","","20.7","","17.9","","84","","","","30","","10","","24.1","","99.13","","27","","","","Mainly Clear"
"-79.63","43.68","TORONTO INTL A","6158731","2023-07-17 23:00","2023","07","17","23:00","","19.9","","15.0","","73","","","","34","","15","","24.1","","99.15","","","","","","NA"
"-79.63","43.68","TORONTO INTL A","6158731","2023-07-18 00:00","2023","07","18","00:00","","19.2","","14.6","","74","","","","3","","4","","24.1","","99.20","","","","","","NA"
"-79.63","43.68","TORONTO INTL A","6158731","2023-07-18 01:00","2023","07","18","01:00","","18.3","","14.2","","77","","","","35","","5","","24.1","","99.21","","","","","","Mainly Clear"
"-79.63","43.68","TORONTO INTL A","6158731","2023-07-18 02:00","2023","07","18","02:00","","18.5","","14.3","","77","","","","1","","3","","24.1","","99.19","","","","","","NA"
"-79.63","43.68","TORONTO INTL A","6158731","2023-07-18 03:00","2023","07","18","03:00","","17.5","","14.5","","82","","","","30","","3","","24.1","","99.18","","","","","","NA"
"-79.63","43.68","TORONTO INTL A","6158731","2023-07-18 04:00","2023","07","18","04:00","","18.2","","14.4","","78","","","","2","","6","","24.1","","99.18","","","","","","Mainly Clear"
"-79.63","43.68","TORONTO INTL A","6158731","2023-07-18 05:00","2023","07","18","05:00","","18.0","","14.7","","80","","","","1","","6","","24.1","","99.20","","","","","","NA"
"-79.63","43.68","TORONTO INTL A","6158731","2023-07-18 06:00","2023","07","18","06:00","","17.9","","15.0","","83","","","","1","","9","","24.1","","99.23","","","","","","NA"
"-79.63","43.68","TORONTO INTL A","6158731","2023-07-18 07:00","2023","07","18","07:00","","19.4","","15.3","","77","","","","32","","9","","24.1","","99.27","","","","","","Clear"
"-79.63","43.68","TORONTO INTL A","6158731","2023-07-18 08:00","2023","07","18","08:00","","21.7","","16.5","","72","","","","33","","8","","24.1","","99.27","","27","","","","NA"
"-79.63","43.68","TORONTO INTL A","6158731","2023-07-18 09:00","2023","07","18","09:00","","23.5","","15.5","","60","","","","28","","9","","24.1","","99.31","","28","","","","NA"
"-79.63","43.68","TORONTO INTL A","6158731","2023-07-18 10:00","2023","07","18","10:00","","23.8","","16.4","","63","","","","18","","10","","24.1","","99.33","","29","","","","Mostly Cloudy"
"-79.63","43.68","TORONTO INTL A","6158731","2023-07-18 11:00","2023","07","18","11:00","","23.3","","14.4","","57","","","","33","","21","","24.1","","99.34","","27","","","","NA"
"-79.63","43.68","TORONTO INTL A","6158731","2023-07-18 12:00","2023","07","18","12:00","","25.0","","12.4","","45","","","","30","","10","","24.1","","99.30","","27","","","","NA"
"-79.63","43.68","TORONTO INTL A","6158731","2023-07-18 13:00","2023","07","18","13:00","","24.3","","14.7","","54","","","","35","","14","","24.1","","99.29","","28","","","","Mostly Cloudy"
"-79.63","43.68","TORONTO INTL A","6158731","2023-07-18 14:00","2023","07","18","14:00","","24.9","","13.5","","49","","","","33","","16","","24.1","","99.31","","28","","","","NA"
"-79.63","43.68","TORONTO INTL A","6158731","2023-07-18 15:00","2023","07","18","15:00","","25.8","","13.5","","46","","","","30","","18","","24.1","","99.32","","29","","","","NA"
"-79.63","43.68","TORONTO INTL A","6158731","2023-07-18 16:00","2023","07","18","16:00","","24.7","","13.4","","49","","","","35","","21","","24.1","","99.30","","28","","","","Mostly Cloudy"
"-79.63","43.68","TORONTO INTL A","6158731","2023-07-18 17:00","2023","07","18","17:00","","24.8","","12.8","","47","","","","30","","22","","24.1","","99.32","","27","","","","NA"
"-79.63","43.68","TORONTO INTL A","6158731","2023-07-18 18:00","2023","07","18","18:00","","24.9","","11.7","","43","","","","32","","23","","24.1","","99.32","","27","","","","NA"
"-79.63","43.68","TORONTO INTL A","6158731","2023-07-18 19:00","2023","07","18","19:00","","23.2","","14.5","","58","","","","35","","16","","24.1","","99.33","","27","","","","Mainly Clear"
"-79.63","43.68","TORONTO INTL A","6158731","2023-07-18 20:00","2023","07","18","20:00","","21.6","","14.2","","62","","","","2","","14","","24.1","","99.34","","25","","","","NA"
"-79.63","43.68","TORONTO INTL A","6158731","2023-07-18 21:00","2023","07","18","21:00","","20.8","","13.6","","63","","","","36","","16","","24.1","","99.43","","","","","","NA"
"-79.63","43.68","TORONTO INTL A","6158731","2023-07-18 22:00","2023","07","18","22:00","","19.6","","13.1","","65","","","","36","","13","","24.1","","99.53","","","","","","Clear"
"-79.63","43.68","TORONTO INTL A","6158731","2023-07-18 23:00","2023","07","18","23:00","","19.0","","13.1","","68","","","","36","","14","","24.1","","99.60","","","","","","NA"
"-79.63","43.68","TORONTO INTL A","6158731","2023-07-19 00:00","2023","07","19","00:00","","17.9","","13.1","","73","","","","35","","11","","24.1","","99.63","","","","","","NA"
"-79.63","43.68","TORONTO INTL A","6158731","2023-07-19 01:00","2023","07","19","01:00","","17.5","","13.4","","76","","","","34","","13","","24.1","","99.63","","","","","","Clear"
"-79.63","43.68","TORONTO INTL A","6158731","2023-07-19 02:00","2023","07","19","02:00","","16.3","","13.2","","82","","","","2","","10","","24.1","","99.59","","","","","","NA"
"-79.63","43.68","TORONTO INTL A","6158731","2023-07-19 03:00","2023","07","19","03:00","","16.2","","13.2","","82","","","","32","","8","","24.1","","99.60","","","","","","NA"
"-79.63","43.68","TORONTO INTL A","6158731","2023-07-19 04:00","2023","07","19","04:00","","16.3","","12.9","","80","","","","33","","5","","24.1","","99.63","","","","","","Clear"
"-79.63","43.68","TORONTO INTL A","6158731","2023-07-19 05:00","2023","07","19","05:00","","15.8","","12.9","","82","","","","","","0","","24.1","","99.67","","","","","","NA"
"-79.63","43.68","TORONTO INTL A","6158731","2023-07-19 06:00","2023","07","19","06:00","","16.9","","13.4","","80","","","","34","","8","","24.1","","99.71","","","","","","NA"
"-79.63","43.68","TORONTO INTL A","6158731","2023-07-19 07:00","2023","07","19","07:00","","18.5","","14.1","","75","","","","","","0","","24.1","","99.74","","","","","","Mainly Clear"
"-79.63","43.68","TORONTO INTL A","6158731","2023-07-19 08:00","2023","07","19","08:00","","20.4","","12.5","","60","","","","4","","6","","24.1","","99.79","","","","","","NA"
"-79.63","43.68","TORONTO INTL A","6158731","2023-07-19 09:00","2023","07","19","09:00","","22.1","","13.8","","59","","","","","","0","","24.1","","99.77","","25","","","","NA"
"-79.63","43.68","TORONTO INTL A","6158731","2023-07-19 10:00","2023","07","19","10:00","","22.8","","13.7","","56","","","","16","","5","","24.1","","99.72","","26","","","","Clear"
"-79.63","43.68","TORONTO INTL A","6158731","2023-07-19 11:00","2023","07","19","11:00","","22.8","","14.8","","60","","","","16","","13","","24.1","","99.75","","27","","","","NA"
"-79.63","43.68","TORONTO INTL A","6158731","2023-07-19 12:00","2023","07","19","12:00","","23.2","","15.3","","60","","","","16","","12","","24.1","","99.76","","27","","","","NA"
"-79.63","43.68","TORONTO INTL A","6158731","2023-07-19 13:00","2023","07","19","13:00","","23.5","","13.9","","54","","","","15","","16","","24.1","","99.77","","27","","","","Mostly Cloudy"
"-79.63","43.68","TORONTO INTL A","6158731","2023-07-19 14:00","2023","07","19","14:00","","24.5","","13.9","","51","","","","14","","13","","24.1","","99.76","","28","","","","NA"
"-79.63","43.68","TORONTO INTL A","6158731","2023-07-19 15:00","2023","07","19","15:00","","23.9","","12.5","","48","","","","15","","15","","24.1","","99.72","","26","","","","NA"
"-79.63","43.68","TORONTO INTL A","6158731","2023-07-19 16:00","2023","07","19","16:00","","24.4","","12.4","","47","","","","20","","5","","24.1","","99.68","","27","","","","Mostly Cloudy"
"-79.63","43.68","TORONTO INTL A","6158731","2023-07-19 17:00","2023","07","19","17:00","","25.1","","13.8","","49","","","","","","0","","24.1","","99.67","","28","","","","NA"
"-79.63","43.68","TORONTO INTL A","6158731","2023-07-19 18:00","2023","07","19","18:00","","24.3","","13.7","","51","","","","10","","9","","24.1","","99.64","","27","","","","NA"
"-79.63","43.68","TORONTO INTL A","6158731","2023-07-19 19:00","2023","07","19","19:00","","23.8","","13.9","","53","","","","16","","8","","24.1","","99.65","","27","","","","Mostly Cloudy"
"-79.63","43.68","TORONTO INTL A","6158731","2023-07-19 20:00","2023","07","19","20:00","","22.4","","14.5","","61","","","","15","","11","","24.1","","99.64","","26","","","","NA"
"-79.63","43.68","TORONTO INTL A","6158731","2023-07-19 21:00","2023","07","19","21:00","","21.6","","16.2","","71","","","","14","","7","","24.1","","99.68","","26","","","","NA"
"-79.63","43.68","TORONTO INTL A","6158731","2023-07-19 22:00","2023","07","19","22:00","","21.2","","16.3","","73","","","","14","","7","","24.1","","99.66","","26","","","","Clear"
"-79.63","43.68","TORONTO INTL A","6158731","2023-07-19 23:00","2023","07","19","23:00","","20.8","","16.1","","74","","","","18","","3","","24.1","","99.66","","25","","","","NA"
"-79.63","43.68","TORONTO INTL A","6158731","2023-07-20 00:00","2023","07","20","00:00","","20.6","","16.5","","77","","","","16","","5","","24.1","","99.68","","26","","","","NA"
"-79.63","43.68","TORONTO INTL A","6158731","2023-07-20 01:00","2023","07","20","01:00","","20.3","","16.6","","79","","","","","","0","","24.1","","99.64","","25","","","","Mostly Cloudy"
"-79.63","43.68","TORONTO INTL A","6158731","2023-07-20 02:00","2023","07","20","02:00","","20.0","","15.6","","76","","","","23","","3","","24.1","","99.59","","","","","","NA"
"-79.63","43.68","TORONTO INTL A","6158731","2023-07-20 03:00","2023","07","20","03:00","","19.1","","16.2","","83","","","","16","","4","","24.1","","99.56","","","","","","NA"
"-79.63","43.68","TORONTO INTL A","6158731","2023-07-20 04:00","2023","07","20","04:00","","18.9","","15.1","","78","","","","18","","7","","24.1","","99.56","","","","","","Mostly Cloudy"
"-79.63","43.68","TORONTO INTL A","6158731","2023-07-20 05:00","2023","07","20","05:00","","18.5","","15.2","","80","","","","22","","9","","24.1","","99.57","","","","","","NA"
"-79.63","43.68","TORONTO INTL A","6158731","2023-07-20 06:00","2023","07","20","06:00","","19.6","","15.0","","74","","","","","","0","","24.1","","99.51","","","","","","NA"
"-79.63","43.68","TORONTO INTL A","6158731","2023-07-20 07:00","2023","07","20","07:00","","21.8","","15.9","","69","","","","17","","3","","24.1","","99.48","","26","","","","Mostly Cloudy"
"-79.63","43.68","TORONTO INTL A","6158731","2023-07-20 08:00","2023","07","20","08:00","","23.6","","14.9","","58","","","","16","","8","","24.1","","99.45","","28","","","","NA"
"-79.63","43.68","TORONTO INTL A","6158731","2023-07-20 09:00","2023","07","20","09:00","","24.1","","14.3","","54","","","","18","","10","","24.1","","99.37","","28","","","","NA"
"-79.63","43.68","TORONTO INTL A","6158731","2023-07-20 10:00","2023","07","20","10:00","","24.4","","15.5","","57","","","","13","","9","","24.1","","99.29","","29","","","","Clear"
"-79.63","43.68","TORONTO INTL A","6158731","2023-07-20 11:00","2023","07","20","11:00","","24.9","","16.1","","58","","","","17","","20","","22.5","","99.26","","30","","","","NA"
"-79.63","43.68","TORONTO INTL A","6158731","2023-07-20 12:00","2023","07","20","12:00","","25.8","","15.6","","53","","","","16","","18","","24.1","","99.19","","30","","","","NA"
"-79.63","43.68","TORONTO INTL A","6158731","2023-07-20 13:00","2023","07","20","13:00","","26.6","","16.0","","52","","","","15","","18","","24.1","","99.13","","31","","","","Mainly Clear"
"-79.63","43.68","TORONTO INTL A","6158731","2023-07-20 14:00","2023","07","20","14:00","","26.7","","16.2","","52","","","","13","","21","","24.1","","99.03","","31","","","","NA"
"-79.63","43.68","TORONTO INTL A","6158731","2023-07-20 15:00","2023","07","20","15:00","","27.0","","17.0","","54","","","","12","","19","","24.1","","98.92","","32","","","","NA"
"-79.63","43.68","TORONTO INTL A","6158731","2023-07-20 16:00","2023","07","20","16:00","","26.6","","17.6","","57","","","","14","","22","","24.1","","98.77","","32","","","","Mostly Cloudy"
"-79.63","43.68","TORONTO INTL A","6158731","2023-07-20 17:00","2023","07","20","17:00","","25.3","","19.6","","70","","","","14","","13","","19.3","","98.69","","33","","","","NA"
"-79.63","43.68","TORONTO INTL A","6158731","2023-07-20 18:00","2023","07","20","18:00","","22.7","","21.5","","93","","","","24","","23","","11.3","","98.64","","32","","","","Thunderstorms,Rain Showers"
"-79.63","43.68","TORONTO INTL A","6158731","2023-07-20 19:00","2023","07","20","19:00","","22.4","","18.9","","80","","","","35","","9","","16.1","","98.62","","29","","","","Thunderstorms,Rain Showers"
"-79.63","43.68","TORONTO INTL A","6158731","2023-07-20 20:00","2023","07","20","20:00","","19.6","","18.0","","90","","","","11","","14","","16.1","","98.56","","","","","","Thunderstorms,Rain Showers"
"-79.63","43.68","TORONTO INTL A","6158731","2023-07-20 21:00","2023","07","20","21:00","","19.1","","18.7","","97","","","","18","","8","","24.1","","98.69","","","","","","NA"
"-79.63","43.68","TORONTO INTL A","6158731","2023-07-20 22:00","2023","07","20","22:00","","19.1","","18.9","","98","","","","22","","10","","16.1","","98.68","","","","","","Mostly Cloudy"
"-79.63","43.68","TORONTO INTL A","6158731","2023-07-20 23:00","2023","07","20","23:00","","17.9","","17.2","","96","","","","27","","10","","19.3","","98.68","","","","","","NA"
"-79.63","43.68","TORONTO INTL A","6158731","2023-07-21 00:00","2023","07","21","00:00","","17.8","","17.0","","95","","","","26","","7","","24.1","","98.66","","","","","","NA"
"-79.63","43.68","TORONTO INTL A","6158731","2023-07-21 01:00","2023","07","21","01:00","","18.1","","16.6","","91","","","","25","","19","","24.1","","98.59","","","","","","Mostly Cloudy"
"-79.63","43.68","TORONTO INTL A","6158731","2023-07-21 02:00","2023","07","21","02:00","","17.7","","16.7","","94","","","","28","","11","","24.1","","98.58","","","","","","NA"
"-79.63","43.68","TORONTO INTL A","6158731","2023-07-21 03:00","2023","07","21","03:00","","18.4","","16.8","","90","","","","31","","14","","24.1","","98.59","","","","","","NA"
"-79.63","43.68","TORONTO INTL A","6158731","2023-07-21 04:00","2023","07","21","04:00","","18.6","","16.9","","90","","","","32","","10","","24.1","","98.61","","","","","","Cloudy"
"-79.63","43.68","TORONTO INTL A","6158731","2023-07-21 05:00","2023","07","21","05:00","","18.9","","16.8","","87","","","","32","","14","","24.1","","98.65","","","","","","NA"
"-79.63","43.68","TORONTO INTL A","6158731","2023-07-21 06:00","2023","07","21","06:00","","19.1","","16.7","","86","","","","33","","19","","24.1","","98.70","","","","","","NA"
"-79.63","43.68","TORONTO INTL A","6158731","2023-07-21 07:00","2023","07","21","07:00","","20.1","","16.4","","79","","","","32","","22","","24.1","","98.74","","25","","","","Mostly Cloudy"
"-79.63","43.68","TORONTO INTL A","6158731","2023-07-21 08:00","2023","07","21","08:00","","20.9","","16.7","","77","","","","33","","21","","24.1","","98.77","","26","","","","NA"
"-79.63","43.68","TORONTO INTL A","6158731","2023-07-21 09:00","2023","07","21","09:00","","22.3","","16.3","","68","","","","33","","28","","24.1","","98.78","","27","","","","NA"
"-79.63","43.68","TORONTO INTL A","6158731","2023-07-21 10:00","2023","07","21","10:00","","21.7","","15.9","","70","","","","33","","25","","24.1","","98.85","","26","","","","Mostly Cloudy"
"-79.63","43.68","TORONTO INTL A","6158731","2023-07-21 11:00","2023","07","21","11:00","","23.5","","15.0","","58","","","","33","","33","","24.1","","98.88","","27","","","","NA"
"-79.63","43.68","TORONTO INTL A","6158731","2023-07-21 12:00","2023","07","21","12:00","","23.8","","14.9","","57","","","","34","","27","","24.1","","98.90","","28","","","","NA"
"-79.63","43.68","TORONTO INTL A","6158731","2023-07-21 13:00","2023","07","21","13:00","","24.7","","14.8","","54","","","","32","","30","","24.1","","98.91","","29","","","","Mostly Cloudy"
"-79.63","43.68","TORONTO INTL A","6158731","2023-07-21 14:00","2023","07","21","14:00","","25.3","","15.1","","53","","","","34","","31","","24.1","","98.90","","29","","","","NA"
"-79.63","43.68","TORONTO INTL A","6158731","2023-07-21 15:00","2023","07","21","15:00","","25.0","","14.6","","52","","","","33","","30","","24.1","","98.95","","29","","","","NA"
"-79.63","43.68","TORONTO INTL A","6158731","2023-07-21 16:00","2023","07","21","16:00","","25.2","","14.0","","49","","","","34","","32","","24.1","","98.94","","29","","","","Mainly Clear"
"-79.63","43.68","TORONTO INTL A","6158731","2023-07-21 17:00","2023","07","21","17:00","","25.1","","13.2","","47","","","","32","","31","","24.1","","98.97","","28","","","","NA"
"-79.63","43.68","TORONTO INTL A","6158731","2023-07-21 18:00","2023","07","21","18:00","","24.6","","13.1","","48","","","","35","","26","","24.1","","99.01","","27","","","","NA"
"-79.63","43.68","TORONTO INTL A","6158731","2023-07-21 19:00","2023","07","21","19:00","","23.6","","14.0","","54","","","","35","","18","","24.1","","99.07","","27","","","","Clear"
"-79.63","43.68","TORONTO INTL A","6158731","2023-07-21 20:00","2023","07","21","20:00","","22.4","","13.6","","57","","","","36","","16","","24.1","","99.07","","26","","","","NA"
"-79.63","43.68","TORONTO INTL A","6158731","2023-07-21 21:00","2023","07","21","21:00","","21.9","","13.7","","59","","","","34","","18","","24.1","","99.09","","25","","","","NA"
"-79.63","43.68","TORONTO INTL A","6158731","2023-07-21 22:00","2023","07","21","22:00","","21.0","","13.9","","63","","","","34","","9","","24.1","","99.07","","","","","","Clear"
"-79.63","43.68","TORONTO INTL A","6158731","2023-07-21 23:00","2023","07","21","23:00","","19.8","","13.8","","68","","","","30","","10","","24.1","","99.11","","","","","","NA"
"-79.63","43.68","TORONTO INTL A","6158731","2023-07-22 00:00","2023","07","22","00:00","","18.0","","13.7","","76","","","","27","","7","","24.1","","99.11","","","","","","NA"
"-79.63","43.68","TORONTO INTL A","6158731","2023-07-22 01:00","2023","07","22","01:00","","18.6","","13.6","","72","","","","32","","12","","24.1","","99.08","","","","","","Clear"
"-79.63","43.68","TORONTO INTL A","6158731","2023-07-22 02:00","2023","07","22","02:00","","18.1","","13.3","","73","","","","30","","11","","24.1","","99.06","","","","","","NA"
"-79.63","43.68","TORONTO INTL A","6158731","2023-07-22 03:00","2023","07","22","03:00","","17.8","","13.4","","75","","","","30","","12","","24.1","","99.04","","","","","","NA"
"-79.63","43.68","TORONTO INTL A","6158731","2023-07-22 04:00","2023","07","22","04:00","","17.0","","13.7","","81","","","","30","","8","","24.1","","99.07","","","","","","Mostly Cloudy"
"-79.63","43.68","TORONTO INTL A","6158731","2023-07-22 05:00","2023","07","22","05:00","","17.6","","13.9","","79","","","","28","","9","","24.1","","99.10","","","","","","NA"
"-79.63","43.68","TORONTO INTL A","6158731","2023-07-22 06:00","2023","07","22","06:00","","17.9","","14.8","","82","","","","25","","5","","24.1","","99.12","","","","","","NA"
"-79.63","43.68","TORONTO INTL A","6158731","2023-07-22 07:00","2023","07","22","07:00","","20.1","","14.5","","70","","","","32","","9","","24.1","","99.14","","","","","","Clear"
"-79.63","43.68","TORONTO INTL A","6158731","2023-07-22 08:00","2023","07","22","08:00","","21.3","","12.9","","58","","","","34","","12","","24.1","","99.15","","","","","","NA"
"-79.63","43.68","TORONTO INTL A","6158731","2023-07-22 09:00","2023","07","22","09:00","","22.9","","12.5","","52","","","","32","","7","","24.1","","99.14","","25","","","","NA"
"-79.63","43.68","TORONTO INTL A","6158731","2023-07-22 10:00","2023","07","22","10:00","","25.2","","14.2","","50","","","","31","","19","","24.1","","99.11","","29","","","","Clear"
"-79.63","43.68","TORONTO INTL A","6158731","2023-07-22 11:00","2023","07","22","11:00","","26.2","","14.2","","47","","","","29","","23","","24.1","","99.08","","30","","","","NA"
"-79.63","43.68","TORONTO INTL A","6158731","2023-07-22 12:00","2023","07","22","12:00","","25.9","","14.1","","47","","","","30","","21","","24.1","","99.08","","29","","","","NA"
"-79.63","43.68","TORONTO INTL A","6158731","2023-07-22 13:00","2023","07","22","13:00","","27.0","","13.3","","42","","","","28","","25","","24.1","","99.07","","30","","","","Mostly Cloudy"
"-79.63","43.68","TORONTO INTL A","6158731","2023-07-22 14:00","2023","07","22","14:00","","26.9","","12.9","","41","","","","27","","25","","24.1","","99.04","","30","","","","NA"
"-79.63","43.68","TORONTO INTL A","6158731","2023-07-22 15:00","2023","07","22","15:00","","27.9","","14.3","","43","","","","26","","21","","24.1","","99.00","","31","","","","NA"
"-79.63","43.68","TORONTO INTL A","6158731","2023-07-22 16:00","2023","07","22","16:00","","28.0","","14.6","","43","","","","28","","19","","24.1","","98.98","","32","","","","Mostly Cloudy"
"-79.63","43.68","TORONTO INTL A","6158731","2023-07-22 17:00","2023","07","22","17:00","","26.9","","14.9","","47","","","","26","","14","","24.1","","98.95","","31","","","","NA"
"-79.63","43.68","TORONTO INTL A","6158731","2023-07-22 18:00","2023","07","22","18:00","","26.0","","13.3","","45","","","","26","","18","","24.1","","98.94","","29","","","","NA"
"-79.63","43.68","TORONTO INTL A","6158731","2023-07-22 19:00","2023","07","22","19:00","","24.4","","11.9","","45","","","","27","","16","","24.1","","98.96","","27","","","","Mainly Clear"
"-79.63","43.68","TORONTO INTL A","6158731","2023-07-22 20:00","2023","07","22","20:00","","21.7","","11.2","","51","","","","26","","11","","24.1","","99.00","","","","","","NA"
"-79.63","43.68","TORONTO INTL A","6158731","2023-07-22 21:00","2023","07","22","21:00","","22.3","","12.1","","52","","","","28","","14","","24.1","","99.08","","25","","","","NA"
"-79.63","43.68","TORONTO INTL A","6158731","2023-07-22 22:00","2023","07","22","22:00","","21.2","","12.0","","55","","","","29","","10","","24.1","","99.08","","","","","","Clear"
"-79.63","43.68","TORONTO INTL A","6158731","2023-07-22 23:00","2023","07","22","23:00","","20.9","","11.7","","55","","","","31","","16","","24.1","","99.11","","","","","","NA"
"-79.63","43.68","TORONTO INTL A","6158731","2023-07-23 00:00","2023","07","23","00:00","","19.5","","11.7","","60","","","","31","","12","","24.1","","99.14","","","","","","NA"
"-79.63","43.68","TORONTO INTL A","6158731","2023-07-23 01:00","2023","07","23","01:00","","18.1","","11.4","","64","","","","31","","10","","24.1","","99.13","","","","","","Clear"
"-79.63","43.68","TORONTO INTL A","6158731","2023-07-23 02:00","2023","07","23","02:00","","17.5","","11.2","","66","","","","28","","4","","24.1","","99.13","","","","","","NA"
"-79.63","43.68","TORONTO INTL A","6158731","2023-07-23 03:00","2023","07","23","03:00","","16.6","","11.4","","71","","","","28","","8","","24.1","","99.17","","","","","","NA"
"-79.63","43.68","TORONTO INTL A","6158731","2023-07-23 04:00","2023","07","23","04:00","","17.1","","11.7","","70","","","","29","","4","","24.1","","99.20","","","","","","Mainly Clear"
"-79.63","43.68","TORONTO INTL A","6158731","2023-07-23 05:00","2023","07","23","05:00","","17.0","","12.4","","74","","","","2","","8","","24.1","","99.22","","","","","","NA"
"-79.63","43.68","TORONTO INTL A","6158731","2023-07-23 06:00","2023","07","23","06:00","","18.3","","12.8","","70","","","","","","0","","24.1","","99.25","","","","","","NA"
"-79.63","43.68","TORONTO INTL A","6158731","2023-07-23 07:00","2023","07","23","07:00","","19.4","","14.4","","73","","","","24","","5","","24.1","","99.30","","","","","","Mainly Clear"
"-79.63","43.68","TORONTO INTL A","6158731","2023-07-23 08:00","2023","07","23","08:00","","22.1","","14.2","","60","","","","18","","8","","24.1","","99.33","","26","","","","NA"
"-79.63","43.68","TORONTO INTL A","6158731","2023-07-23 09:00","2023","07","23","09:00","","23.7","","15.0","","58","","","","24","","9","","24.1","","99.34","","28","","","","NA"
"-79.63","43.68","TORONTO INTL A","6158731","2023-07-23 10:00","2023","07","23","10:00","","24.9","","15.2","","54","","","","22","","8","","24.1","","99.35","","29","","","","Clear"
"-79.63","43.68","TORONTO INTL A","6158731","2023-07-23 11:00","2023","07","23","11:00","","24.7","","16.6","","60","","","","13","","16","","24.1","","99.34","","30","","","","NA"
"-79.63","43.68","TORONTO INTL A","6158731","2023-07-23 12:00","2023","07","23","12:00","","25.2","","17.0","","60","","","","14","","14","","24.1","","99.31","","30","","","","NA"
"-79.63","43.68","TORONTO INTL A","6158731","2023-07-23 13:00","2023","07","23","13:00","","24.4","","16.5","","61","","","","15","","23","","19.3","","99.28","","29","","","","Rain Showers"
"-79.63","43.68","TORONTO INTL A","6158731","2023-07-23 14:00","2023","07","23","14:00","","24.2","","18.4","","70","","","","14","","24","","24.1","","99.33","","31","","","","NA"
"-79.63","43.68","TORONTO INTL A","6158731","2023-07-23 15:00","2023","07","23","15:00","","23.1","","15.3","","61","","","","23","","19","","24.1","","99.34","","27","","","","NA"
"-79.63","43.68","TORONTO INTL A","6158731","2023-07-23 16:00","2023","07","23","16:00","","21.3","","16.7","","75","","","","22","","14","","24.1","","99.31","","26","","","","Rain Showers"
"-79.63","43.68","TORONTO INTL A","6158731","2023-07-23 17:00","2023","07","23","17:00","","20.4","","17.0","","80","","","","28","","14","","16.1","","99.31","","26","","","","Rain Showers"
"-79.63","43.68","TORONTO INTL A","6158731","2023-07-23 18:00","2023","07","23","18:00","","21.3","","16.3","","73","","","","33","","13","","24.1","","99.35","","26","","","","Rain Showers"
"-79.63","43.68","TORONTO INTL A","6158731","2023-07-23 19:00","2023","07","23","19:00","","20.7","","16.5","","77","","","","31","","9","","24.1","","99.38","","26","","","","Mostly Cloudy"
"-79.63","43.68","TORONTO INTL A","6158731","2023-07-23 20:00","2023","07","23","20:00","","19.7","","16.2","","80","","","","4","","6","","24.1","","99.40","","","","","","NA"
"-79.63","43.68","TORONTO INTL A","6158731","2023-07-23 21:00","2023","07","23","21:00","","19.7","","16.2","","80","","","","14","","8","","24.1","","99.46","","","","","","NA"
"-79.63","43.68","TORONTO INTL A","6158731","2023-07-23 22:00","2023","07","23","22:00","","19.1","","16.7","","86","","","","15","","3","","24.1","","99.48","","","","","","Mostly Cloudy"
"-79.63","43.68","TORONTO INTL A","6158731","2023-07-23 23:00","2023","07","23","23:00","","18.8","","16.9","","88","","","","21","","7","","24.1","","99.49","","","","","","NA"
"-79.63","43.68","TORONTO INTL A","6158731","2023-07-24 00:00","2023","07","24","00:00","","18.3","","15.4","","83","","","","28","","4","","24.1","","99.49","","","","","","NA"
"-79.63","43.68","TORONTO INTL A","6158731","2023-07-24 01:00","2023","07","24","01:00","","18.3","","15.3","","82","","","","29","","4","","24.1","","99.51","","","","","","Mostly Cloudy"
"-79.63","43.68","TORONTO INTL A","6158731","2023-07-24 02:00","2023","07","24","02:00","","18.6","","16.0","","84","","","","36","","9","","24.1","","99.47","","","","","","NA"
"-79.63","43.68","TORONTO INTL A","6158731","2023-07-24 03:00","2023","07","24","03:00","","18.6","","15.9","","84","","","","","","0","","24.1","","99.48","","","","","","NA"
"-79.63","43.68","TORONTO INTL A","6158731","2023-07-24 04:00","2023","07","24","04:00","","17.5","","16.6","","95","","","","","","0","","24.1","","99.51","","","","","","Mostly Cloudy"
"-79.63","43.68","TORONTO INTL A","6158731","2023-07-24 05:00","2023","07","24","05:00","","19.0","","16.8","","87","","","","13","","8","","24.1","","99.52","","","","","","NA"
"-79.63","43.68","TORONTO INTL A","6158731","2023-07-24 06:00","2023","07","24","06:00","","19.4","","16.7","","84","","","","15","","4","","24.1","","99.55","","","","","","NA"
"-79.63","43.68","TORONTO INTL A","6158731","2023-07-24 07:00","2023","07","24","07:00","","21.1","","17.3","","79","","","","26","","8","","24.1","","99.56","","27","","","","Mostly Cloudy"
"-79.63","43.68","TORONTO INTL A","6158731","2023-07-24 08:00","2023","07","24","08:00","","22.2","","18.3","","78","","","","27","","7","","24.1","","99.57","","28","","","","NA"
"-79.63","43.68","TORONTO INTL A","6158731","2023-07-24 09:00","2023","07","24","09:00","","22.6","","19.4","","82","","","","26","","10","","24.1","","99.58","","30","","","","NA"
"-79.63","43.68","TORONTO INTL A","6158731","2023-07-24 10:00","2023","07","24","10:00","","23.4","","18.5","","73","","","","24","","8","","24.1","","99.58","","30","","","","Mostly Cloudy"
"-79.63","43.68","TORONTO INTL A","6158731","2023-07-24 11:00","2023","07","24","11:00","","25.4","","16.2","","56","","","","23","","21","","24.1","","99.57","","30","","","","NA"
"-79.63","43.68","TORONTO INTL A","6158731","2023-07-24 12:00","2023","07","24","12:00","","25.3","","17.7","","62","","","","26","","22","","24.1","","99.53","","31","","","","NA"
"-79.63","43.68","TORONTO INTL A","6158731","2023-07-24 13:00","2023","07","24","13:00","","27.0","","16.9","","53","","","","21","","20","","24.1","","99.49","","32","","","","Mostly Cloudy"
"-79.63","43.68","TORONTO INTL A","6158731","2023-07-24 14:00","2023","07","24","14:00","","26.1","","16.7","","56","","","","24","","22","","24.1","","99.45","","31","","","","NA"
"-79.63","43.68","TORONTO INTL A","6158731","2023-07-24 15:00","2023","07","24","15:00","","27.9","","16.9","","51","","","","25","","17","","24.1","","99.44","","33","","","","NA"
"-79.63","43.68","TORONTO INTL A","6158731","2023-07-24 16:00","2023","07","24","16:00","","23.9","","17.9","","68","","","","32","","9","","24.1","","99.48","","30","","","","Mostly Cloudy"
"-79.63","43.68","TORONTO INTL A","6158731","2023-07-24 17:00","2023","07","24","17:00","","23.1","","18.3","","74","","","","9","","13","","24.1","","99.52","","29","","","","NA"
"-79.63","43.68","TORONTO INTL A","6158731","2023-07-24 18:00","2023","07","24","18:00","","23.8","","18.0","","70","","","","15","","4","","24.1","","99.49","","30","","","","NA"
"-79.63","43.68","TORONTO INTL A","6158731","2023-07-24 19:00","2023","07","24","19:00","","22.8","","17.7","","73","","","","15","","16","","24.1","","99.54","","29","","","","Mostly Cloudy"
"-79.63","43.68","TORONTO INTL A","6158731","2023-07-24 20:00","2023","07","24","20:00","","21.1","","18.2","","83","","","","15","","10","","24.1","","99.59","","27","","","","NA"
"-79.63","43.68","TORONTO INTL A","6158731","2023-07-24 21:00","2023","07","24","21:00","","20.7","","18.5","","87","","","","15","","3","","24.1","","99.60","","27","","","","NA"
"-79.63","43.68","TORONTO INTL A","6158731","2023-07-24 22:00","2023","07","24","22:00","","21.0","","17.9","","83","","","","","","0","","24.1","","99.60","","27","","","","Mostly Cloudy"
"-79.63","43.68","TORONTO INTL A","6158731","2023-07-24 23:00","2023","07","24","23:00","","20.7","","17.8","","83","","","","15","","8","","24.1","","99.63","","27","","","","NA"
"-79.63","43.68","TORONTO INTL A","6158731","2023-07-25 00:00","2023","07","25","00:00","","20.6","","17.9","","84","","","","","","0","","24.1","","99.64","","27","","","","NA"
"-79.63","43.68","TORONTO INTL A","6158731","2023-07-25 01:00","2023","07","25","01:00","","19.7","","17.1","","84","","","","29","","4","","24.1","","99.64","","","","","","Mostly Cloudy"
"-79.63","43.68","TORONTO INTL A","6158731","2023-07-25 02:00","2023","07","25","02:00","","18.9","","17.9","","94","","","","28","","8","","24.1","","99.65","","","","","","NA"
"-79.63","43.68","TORONTO INTL A","6158731","2023-07-25 03:00","2023","07","25","03:00","","19.4","","18.1","","92","","","","32","","7","","24.1","","99.65","","","","","","NA"
"-79.63","43.68","TORONTO INTL A","6158731","2023-07-25 04:00","2023","07","25","04:00","","18.3","","17.3","","94","","","","34","","9","","24.1","","99.62","","","","","","Mostly Cloudy"
"-79.63","43.68","TORONTO INTL A","6158731","2023-07-25 05:00","2023","07","25","05:00","","18.2","","16.5","","90","","","","30","","9","","24.1","","99.65","","","","","","NA"
"-79.63","43.68","TORONTO INTL A","6158731","2023-07-25 06:00","2023","07","25","06:00","","19.2","","16.4","","84","","","","1","","7","","24.1","","99.70","","","","","","NA"
"-79.63","43.68","TORONTO INTL A","6158731","2023-07-25 07:00","2023","07","25","07:00","","20.3","","17.0","","81","","","","1","","7","","24.1","","99.72","","26","","","","Rain Showers"
"-79.63","43.68","TORONTO INTL A","6158731","2023-07-25 08:00","2023","07","25","08:00","","18.8","","17.9","","95","","","","","","0","","19.3","","99.79","","","","","","Thunderstorms,Rain Showers"
"-79.63","43.68","TORONTO INTL A","6158731","2023-07-25 09:00","2023","07","25","09:00","","20.9","","17.5","","81","","","","9","","8","","24.1","","99.77","","27","","","","NA"
"-79.63","43.68","TORONTO INTL A","6158731","2023-07-25 10:00","2023","07","25","10:00","","22.5","","16.7","","69","","","","2","","7","","24.1","","99.77","","28","","","","Mostly Cloudy"
"-79.63","43.68","TORONTO INTL A","6158731","2023-07-25 11:00","2023","07","25","11:00","","24.4","","18.0","","67","","","","29","","7","","24.1","","99.77","","30","","","","NA"
"-79.63","43.68","TORONTO INTL A","6158731","2023-07-25 12:00","2023","07","25","12:00","","24.9","","17.6","","63","","","","14","","6","","24.1","","99.75","","31","","","","NA"
"-79.63","43.68","TORONTO INTL A","6158731","2023-07-25 13:00","2023","07","25","13:00","","26.1","","17.6","","59","","","","15","","15","","24.1","","99.73","","32","","","","Mainly Clear"
"-79.63","43.68","TORONTO INTL A","6158731","2023-07-25 14:00","2023","07","25","14:00","","24.5","","17.9","","66","","","","14","","18","","24.1","","99.68","","30","","","","NA"
"-79.63","43.68","TORONTO INTL A","6158731","2023-07-25 15:00","2023","07","25","15:00","","25.9","","18.1","","62","","","","18","","9","","24.1","","99.64","","32","","","","NA"
"-79.63","43.68","TORONTO INTL A","6158731","2023-07-25 16:00","2023","07","25","16:00","","26.6","","18.9","","62","","","","16","","12","","24.1","","99.56","","33","","","","Clear"
"-79.63","43.68","TORONTO INTL A","6158731","2023-07-25 17:00","2023","07","25","17:00","","26.5","","18.7","","62","","","","14","","12","","24.1","","99.57","","33","","","","NA"
"-79.63","43.68","TORONTO INTL A","6158731","2023-07-25 18:00","2023","07","25","18:00","","26.2","","17.9","","60","","","","15","","17","","19.3","","99.57","","32","","","","NA"
"-79.63","43.68","TORONTO INTL A","6158731","2023-07-25 19:00","2023","07","25","19:00","","25.4","","17.5","","61","","","","16","","11","","19.3","","99.57","","31","","","","Mainly Clear"
"-79.63","43.68","TORONTO INTL A","6158731","2023-07-25 20:00","2023","07","25","20:00","","24.1","","18.5","","71","","","","13","","9","","19.3","","99.55","","30","","","","NA"
"-79.63","43.68","TORONTO INTL A","6158731","2023-07-25 21:00","2023","07","25","21:00","","23.4","","19.1","","76","","","","13","","8","","19.3","","99.60","","30","","","","NA"
"-79.63","43.68","TORONTO INTL A","6158731","2023-07-25 22:00","2023","07","25","22:00","","22.6","","19.5","","82","","","","15","","7","","19.3","","99.62","","30","","","","Mainly Clear"
"-79.63","43.68","TORONTO INTL A","6158731","2023-07-25 23:00","2023","07","25","23:00","","21.6","","19.1","","86","","","","25","","9","","19.3","","99.63","","28","","","","NA"
"-79.63","43.68","TORONTO INTL A","6158731","2023-07-26 00:00","2023","07","26","00:00","","20.7","","18.6","","87","","","","25","","12","","19.3","","99.61","","27","","","","NA"
"-79.63","43.68","TORONTO INTL A","6158731","2023-07-26 01:00","2023","07","26","01:00","","21.6","","18.9","","85","","","","23","","12","","19.3","","99.55","","28","","","","Clear"
"-79.63","43.68","TORONTO INTL A","6158731","2023-07-26 02:00","2023","07","26","02:00","","21.1","","19.4","","90","","","","24","","13","","19.3","","99.52","","28","","","","NA"
"-79.63","43.68","TORONTO INTL A","6158731","2023-07-26 03:00","2023","07","26","03:00","","21.5","","19.3","","87","","","","26","","11","","19.3","","99.51","","29","","","","NA"
"-79.63","43.68","TORONTO INTL A","6158731","2023-07-26 04:00","2023","07","26","04:00","","22.2","","18.1","","77","","","","28","","24","","19.3","","99.52","","28","","","","Rain Showers"
"-79.63","43.68","TORONTO INTL A","6158731","2023-07-26 05:00","2023","07","26","05:00","","21.4","","18.8","","85","","","","23","","12","","16.1","","99.53","","28","","","","NA"
"-79.63","43.68","TORONTO INTL A","6158731","2023-07-26 06:00","2023","07","26","06:00","","21.7","","18.6","","82","","","","22","","10","","19.3","","99.57","","28","","","","NA"
"-79.63","43.68","TORONTO INTL A","6158731","2023-07-26 07:00","2023","07","26","07:00","","23.0","","19.1","","78","","","","20","","11","","19.3","","99.57","","30","","","","Clear"
"-79.63","43.68","TORONTO INTL A","6158731","2023-07-26 08:00","2023","07","26","08:00","","24.5","","19.5","","73","","","","22","","14","","19.3","","99.55","","32","","","","NA"
"-79.63","43.68","TORONTO INTL A","6158731","2023-07-26 09:00","2023","07","26","09:00","","26.1","","20.1","","69","","","","21","","12","","19.3","","99.54","","34","","","","NA"
"-79.63","43.68","TORONTO INTL A","6158731","2023-07-26 10:00","2023","07","26","10:00","","27.8","","19.1","","59","","","","21","","20","","19.3","","99.51","","35","","","","Clear"
"-79.63","43.68","TORONTO INTL A","6158731","2023-07-26 11:00","2023","07","26","11:00","","29.2","","19.4","","55","","","","22","","18","","19.3","","99.46","","36","","","","NA"
"-79.63","43.68","TORONTO INTL A","6158731","2023-07-26 12:00","2023","07","26","12:00","","29.8","","18.4","","50","","","","23","","20","","19.3","","99.39","","36","","","","NA"
"-79.63","43.68","TORONTO INTL A","6158731","2023-07-26 13:00","2023","07","26","13:00","","29.4","","19.3","","54","","","","20","","19","","19.3","","99.35","","36","","","","Mainly Clear"
"-79.63","43.68","TORONTO INTL A","6158731","2023-07-26 14:00","2023","07","26","14:00","","30.1","","18.3","","48","","","","23","","26","","19.3","","99.26","","36","","","","NA"
"-79.63","43.68","TORONTO INTL A","6158731","2023-07-26 15:00","2023","07","26","15:00","","29.8","","17.2","","46","","","","18","","22","","19.3","","99.17","","35","","","","NA"
"-79.63","43.68","TORONTO INTL A","6158731","2023-07-26 16:00","2023","07","26","16:00","","29.5","","16.2","","44","","","","16","","19","","19.3","","99.12","","34","","","","Mostly Cloudy"
"-79.63","43.68","TORONTO INTL A","6158731","2023-07-26 17:00","2023","07","26","17:00","","28.9","","17.1","","48","","","","19","","23","","19.3","","99.09","","34","","","","NA"
"-79.63","43.68","TORONTO INTL A","6158731","2023-07-26 18:00","2023","07","26","18:00","","28.5","","17.7","","51","","","","17","","15","","19.3","","99.01","","34","","","","NA"
"-79.63","43.68","TORONTO INTL A","6158731","2023-07-26 19:00","2023","07","26","19:00","","24.4","","20.1","","77","","","","17","","30","","16.1","","98.93","","32","","","","Rain Showers"
"-79.63","43.68","TORONTO INTL A","6158731","2023-07-26 20:00","2023","07","26","20:00","","22.1","","21.0","","93","","","","20","","16","","24.1","","98.90","","31","","","","NA"
"-79.63","43.68","TORONTO INTL A","6158731","2023-07-26 21:00","2023","07","26","21:00","","21.2","","21.2","","100","","","","19","","12","","16.1","","98.96","","30","","","","Rain"
"-79.63","43.68","TORONTO INTL A","6158731","2023-07-26 22:00","2023","07","26","22:00","","21.4","","20.9","","97","","","","19","","13","","24.1","","98.91","","30","","","","Cloudy"
"-79.63","43.68","TORONTO INTL A","6158731","2023-07-26 23:00","2023","07","26","23:00","","21.5","","21.2","","98","","","","19","","10","","19.3","","98.86","","30","","","","Rain Showers"
"-79.63","43.68","TORONTO INTL A","6158731","2023-07-27 00:00","2023","07","27","00:00","","21.5","","21.5","","100","","","","18","","7","","6.4","","98.84","","30","","","","Moderate Rain Showers,Fog"
"-79.63","43.68","TORONTO INTL A","6158731","2023-07-27 01:00","2023","07","27","01:00","","21.2","","21.2","","100","","","","13","","4","","6.4","","98.77","","30","","","","Moderate Rain Showers,Fog"
"-79.63","43.68","TORONTO INTL A","6158731","2023-07-27 02:00","2023","07","27","02:00","","20.8","","20.8","","100","","","","10","","8","","16.1","","98.63","","29","","","","Rain Showers"
"-79.63","43.68","TORONTO INTL A","6158731","2023-07-27 03:00","2023","07","27","03:00","","20.5","","20.5","","100","","","","7","","4","","16.1","","98.62","","28","","","","Rain"
"-79.63","43.68","TORONTO INTL A","6158731","2023-07-27 04:00","2023","07","27","04:00","","21.0","","21.0","","100","","","","32","","7","","24.1","","98.67","","29","","","","Cloudy"
"-79.63","43.68","TORONTO INTL A","6158731","2023-07-27 05:00","2023","07","27","05:00","","21.1","","21.1","","100","","","","27","","6","","24.1","","98.77","","30","","","","NA"
"-79.63","43.68","TORONTO INTL A","6158731","2023-07-27 06:00","2023","07","27","06:00","","21.5","","21.5","","100","","","","23","","8","","24.1","","98.83","","30","","","","NA"
"-79.63","43.68","TORONTO INTL A","6158731","2023-07-27 07:00","2023","07","27","07:00","","22.1","","21.7","","98","","","","25","","11","","16.1","","98.90","","31","","","","Cloudy"
"-79.63","43.68","TORONTO INTL A","6158731","2023-07-27 08:00","2023","07","27","08:00","","23.4","","21.6","","89","","","","26","","14","","24.1","","98.95","","32","","","","NA"
"-79.63","43.68","TORONTO INTL A","6158731","2023-07-27 09:00","2023","07","27","09:00","","24.5","","21.0","","80","","","","27","","17","","24.1","","98.98","","33","","","","NA"
"-79.63","43.68","TORONTO INTL A","6158731","2023-07-27 10:00","2023","07","27","10:00","","26.0","","21.1","","74","","","","25","","22","","24.1","","99.01","","35","","","","Mainly Clear"
"-79.63","43.68","TORONTO INTL A","6158731","2023-07-27 11:00","2023","07","27","11:00","","27.5","","21.1","","67","","","","28","","19","","24.1","","99.05","","36","","","","NA"
"-79.63","43.68","TORONTO INTL A","6158731","2023-07-27 12:00","2023","07","27","12:00","","25.7","","21.4","","77","","","","33","","23","","24.1","","99.16","","34","","","","NA"
"-79.63","43.68","TORONTO INTL A","6158731","2023-07-27 13:00","2023","07","27","13:00","","27.4","","21.2","","69","","","","32","","25","","24.1","","99.18","","36","","","","Mostly Cloudy"
"-79.63","43.68","TORONTO INTL A","6158731","2023-07-27 14:00","2023","07","27","14:00","","29.0","","19.6","","56","","","","34","","21","","24.1","","99.21","","36","","","","NA"
"-79.63","43.68","TORONTO INTL A","6158731","2023-07-27 15:00","2023","07","27","15:00","","28.6","","20.2","","60","","","","34","","18","","24.1","","99.18","","36","","","","NA"
"-79.63","43.68","TORONTO INTL A","6158731","2023-07-27 16:00","2023","07","27","16:00","","28.9","","19.7","","57","","","","34","","20","","24.1","","99.21","","36","","","","Mainly Clear"
"-79.63","43.68","TORONTO INTL A","6158731","2023-07-27 17:00","2023","07","27","17:00","","28.9","","17.9","","51","","","","35","","20","","24.1","","99.23","","35","","","","NA"
"-79.63","43.68","TORONTO INTL A","6158731","2023-07-27 18:00","2023","07","27","18:00","","28.2","","19.4","","58","","","","2","","17","","24.1","","99.24","","35","","","","NA"
"-79.63","43.68","TORONTO INTL A","6158731","2023-07-27 19:00","2023","07","27","19:00","","27.4","","18.5","","58","","","","36","","18","","24.1","","99.29","","34","","","","Clear"
"-79.63","43.68","TORONTO INTL A","6158731","2023-07-27 20:00","2023","07","27","20:00","","26.6","","18.1","","59","","","","3","","4","","24.1","","99.29","","33","","","","NA"
"-79.63","43.68","TORONTO INTL A","6158731","2023-07-27 21:00","2023","07","27","21:00","","26.1","","18.2","","61","","","","11","","5","","19.3","","99.39","","32","","","","NA"
"-79.63","43.68","TORONTO INTL A","6158731","2023-07-27 22:00","2023","07","27","22:00","","24.4","","18.3","","68","","","","28","","10","","19.3","","99.48","","31","","","","Clear"
"-79.63","43.68","TORONTO INTL A","6158731","2023-07-27 23:00","2023","07","27","23:00","","24.6","","18.5","","68","","","","31","","13","","16.1","","99.46","","31","","","","NA"
"-79.63","43.68","TORONTO INTL A","6158731","2023-07-28 00:00","2023","07","28","00:00","","22.6","","18.3","","76","","","","28","","12","","16.1","","99.49","","29","","","","NA"
"-79.63","43.68","TORONTO INTL A","6158731","2023-07-28 01:00","2023","07","28","01:00","","22.2","","17.4","","74","","","","29","","9","","16.1","","99.44","","28","","","","Clear"
"-79.63","43.68","TORONTO INTL A","6158731","2023-07-28 02:00","2023","07","28","02:00","","21.6","","17.3","","76","","","","31","","8","","24.1","","99.46","","27","","","","NA"
"-79.63","43.68","TORONTO INTL A","6158731","2023-07-28 03:00","2023","07","28","03:00","","21.4","","18.1","","81","","","","29","","5","","24.1","","99.42","","27","","","","NA"
"-79.63","43.68","TORONTO INTL A","6158731","2023-07-28 04:00","2023","07","28","04:00","","20.7","","18.7","","88","","","","22","","9","","24.1","","99.44","","27","","","","Clear"
"-79.63","43.68","TORONTO INTL A","6158731","2023-07-28 05:00","2023","07","28","05:00","","21.4","","18.5","","83","","","","18","","6","","24.1","","99.44","","28","","","","NA"
"-79.63","43.68","TORONTO INTL A","6158731","2023-07-28 06:00","2023","07","28","06:00","","21.4","","18.8","","85","","","","17","","10","","24.1","","99.42","","28","","","","NA"
"-79.63","43.68","TORONTO INTL A","6158731","2023-07-28 07:00","2023","07","28","07:00","","23.0","","19.2","","79","","","","20","","12","","24.1","","99.49","","30","","","","Mostly Cloudy"
"-79.63","43.68","TORONTO INTL A","6158731","2023-07-28 08:00","2023","07","28","08:00","","25.0","","20.1","","74","","","","23","","16","","16.1","","99.53","","33","","","","NA"
"-79.63","43.68","TORONTO INTL A","6158731","2023-07-28 09:00","2023","07","28","09:00","","25.6","","20.6","","74","","","","24","","13","","19.3","","99.50","","34","","","","NA"
"-79.63","43.68","TORONTO INTL A","6158731","2023-07-28 10:00","2023","07","28","10:00","","25.1","","20.1","","74","","","","22","","16","","16.1","","99.47","","33","","","","Cloudy"
"-79.63","43.68","TORONTO INTL A","6158731","2023-07-28 11:00","2023","07","28","11:00","","27.2","","19.6","","63","","","","22","","9","","24.1","","99.44","","34","","","","NA"
"-79.63","43.68","TORONTO INTL A","6158731","2023-07-28 12:00","2023","07","28","12:00","","28.6","","20.4","","61","","","","23","","15","","19.3","","99.42","","37","","","","NA"
"-79.63","43.68","TORONTO INTL A","6158731","2023-07-28 13:00","2023","07","28","13:00","","29.4","","20.6","","59","","","","21","","8","","24.1","","99.38","","37","","","","Mostly Cloudy"
"-79.63","43.68","TORONTO INTL A","6158731","2023-07-28 14:00","2023","07","28","14:00","","29.9","","20.7","","57","","","","23","","7","","24.1","","99.31","","38","","","","NA"
"-79.63","43.68","TORONTO INTL A","6158731","2023-07-28 15:00","2023","07","28","15:00","","29.3","","20.6","","59","","","","15","","14","","24.1","","99.26","","37","","","","NA"
"-79.63","43.68","TORONTO INTL A","6158731","2023-07-28 16:00","2023","07","28","16:00","","30.9","","19.0","","49","","","","23","","9","","24.1","","99.22","","38","","","","Mostly Cloudy"
"-79.63","43.68","TORONTO INTL A","6158731","2023-07-28 17:00","2023","07","28","17:00","","28.5","","20.0","","59","","","","15","","13","","24.1","","99.20","","36","","","","NA"
"-79.63","43.68","TORONTO INTL A","6158731","2023-07-28 18:00","2023","07","28","18:00","","28.8","","20.4","","60","","","","20","","7","","24.1","","99.21","","37","","","","NA"
"-79.63","43.68","TORONTO INTL A","6158731","2023-07-28 19:00","2023","07","28","19:00","","28.5","","20.8","","63","","","","27","","13","","24.1","","99.21","","37","","","","Mostly Cloudy"
"-79.63","43.68","TORONTO INTL A","6158731","2023-07-28 20:00","2023","07","28","20:00","","28.0","","21.0","","65","","","","28","","13","","24.1","","99.22","","36","","","","NA"
"-79.63","43.68","TORONTO INTL A","6158731","2023-07-28 21:00","2023","07","28","21:00","","27.3","","21.5","","70","","","","30","","13","","24.1","","99.25","","36","","","","NA"
"-79.63","43.68","TORONTO INTL A","6158731","2023-07-28 22:00","2023","07","28","22:00","","26.7","","22.1","","75","","","","32","","22","","24.1","","99.20","","36","","","","Clear"
"-79.63","43.68","TORONTO INTL A","6158731","2023-07-28 23:00","2023","07","28","23:00","","24.8","","21.3","","80","","","","2","","12","","24.1","","99.19","","33","","","","NA"
"-79.63","43.68","TORONTO INTL A","6158731","2023-07-29 00:00","2023","07","29","00:00","","24.8","","20.9","","79","","","","1","","13","","24.1","","99.21","","33","","","","NA"
"-79.63","43.68","TORONTO INTL A","6158731","2023-07-29 01:00","2023","07","29","01:00","","24.5","","20.3","","77","","","","4","","7","","24.1","","99.19","","32","","","","Mostly Cloudy"
"-79.63","43.68","TORONTO INTL A","6158731","2023-07-29 02:00","2023","07","29","02:00","","23.9","","19.4","","76","","","","36","","11","","24.1","","99.18","","31","","","","NA"
"-79.63","43.68","TORONTO INTL A","6158731","2023-07-29 03:00","2023","07","29","03:00","","22.9","","19.5","","81","","","","3","","12","","24.1","","99.08","","30","","","","NA"
"-79.63","43.68","TORONTO INTL A","6158731","2023-07-29 04:00","2023","07","29","04:00","","22.6","","19.4","","82","","","","36","","13","","24.1","","99.08","","30","","","","Mainly Clear"
"-79.63","43.68","TORONTO INTL A","6158731","2023-07-29 05:00","2023","07","29","05:00","","23.1","","19.2","","79","","","","35","","16","","24.1","","99.11","","30","","","","NA"
"-79.63","43.68","TORONTO INTL A","6158731","2023-07-29 06:00","2023","07","29","06:00","","22.4","","19.1","","81","","","","3","","12","","24.1","","99.03","","29","","","","NA"
"-79.63","43.68","TORONTO INTL A","6158731","2023-07-29 07:00","2023","07","29","07:00","","22.2","","20.3","","89","","","","36","","13","","16.1","","99.05","","30","","","","Rain Showers"
"-79.63","43.68","TORONTO INTL A","6158731","2023-07-29 08:00","2023","07","29","08:00","","21.4","","21.4","","100","","","","2","","13","","9.7","","99.04","","30","","","","Rain Showers,Fog"
"-79.63","43.68","TORONTO INTL A","6158731","2023-07-29 09:00","2023","07","29","09:00","","21.1","","21.1","","100","","","","3","","15","","6.4","","99.02","","30","","","","Moderate Rain Showers,Fog"
"-79.63","43.68","TORONTO INTL A","6158731","2023-07-29 10:00","2023","07","29","10:00","","20.8","","20.8","","100","","","","4","","10","","9.7","","98.94","","29","","","","Rain Showers,Fog"
"-79.63","43.68","TORONTO INTL A","6158731","2023-07-29 11:00","2023","07","29","11:00","","20.5","","20.3","","99","","","","6","","13","","16.1","","98.97","","28","","","","Rain Showers"
"-79.63","43.68","TORONTO INTL A","6158731","2023-07-29 12:00","2023","07","29","12:00","","18.3","","17.7","","96","","","","2","","28","","19.3","","99.02","","","","","","Rain Showers"
"-79.63","43.68","TORONTO INTL A","6158731","2023-07-29 13:00","2023","07","29","13:00","","18.9","","17.2","","90","","","","36","","22","","24.1","","99.11","","","","","","Cloudy"
"-79.63","43.68","TORONTO INTL A","6158731","2023-07-29 14:00","2023","07","29","14:00","","19.5","","17.1","","86","","","","36","","21","","24.1","","99.26","","","","","","Rain Showers"
"-79.63","43.68","TORONTO INTL A","6158731","2023-07-29 15:00","2023","07","29","15:00","","20.4","","16.5","","78","","","","1","","21","","24.1","","99.28","","25","","","","NA"
"-79.63","43.68","TORONTO INTL A","6158731","2023-07-29 16:00","2023","07","29","16:00","","21.5","","15.5","","68","","","","35","","26","","24.1","","99.28","","26","","","","Mostly Cloudy"
"-79.63","43.68","TORONTO INTL A","6158731","2023-07-29 17:00","2023","07","29","17:00","","22.1","","13.5","","58","","","","34","","27","","24.1","","99.32","","25","","","","NA"
"-79.63","43.68","TORONTO INTL A","6158731","2023-07-29 18:00","2023","07","29","18:00","","21.7","","12.6","","55","","","","32","","26","","24.1","","99.35","","","","","","NA"
"-79.63","43.68","TORONTO INTL A","6158731","2023-07-29 19:00","2023","07","29","19:00","","20.9","","12.1","","57","","","","33","","23","","24.1","","99.40","","","","","","Mainly Clear"
"-79.63","43.68","TORONTO INTL A","6158731","2023-07-29 20:00","2023","07","29","20:00","","19.7","","12.8","","64","","","","34","","15","","24.1","","99.41","","","","","","NA"
"-79.63","43.68","TORONTO INTL A","6158731","2023-07-29 21:00","2023","07","29","21:00","","18.7","","13.3","","70","","","","36","","10","","24.1","","99.44","","","","","","NA"
"-79.63","43.68","TORONTO INTL A","6158731","2023-07-29 22:00","2023","07","29","22:00","","18.1","","13.1","","72","","","","31","","14","","24.1","","99.46","","","","","","Clear"
"-79.63","43.68","TORONTO INTL A","6158731","2023-07-29 23:00","2023","07","29","23:00","","17.4","","11.9","","70","","","","30","","14","","24.1","","99.53","","","","","","NA"
"-79.63","43.68","TORONTO INTL A","6158731","2023-07-30 00:00","2023","07","30","00:00","","15.7","","11.7","","77","","","","25","","9","","24.1","","99.55","","","","","","NA"
"-79.63","43.68","TORONTO INTL A","6158731","2023-07-30 01:00","2023","07","30","01:00","","14.3","","11.8","","85","","","","27","","9","","24.1","","99.60","","","","","","Mainly Clear"
"-79.63","43.68","TORONTO INTL A","6158731","2023-07-30 02:00","2023","07","30","02:00","","13.8","","12.1","","90","","","","28","","10","","24.1","","99.57","","","","","","NA"
"-79.63","43.68","TORONTO INTL A","6158731","2023-07-30 03:00","2023","07","30","03:00","","13.9","","12.3","","90","","","","27","","4","","24.1","","99.54","","","","","","NA"
"-79.63","43.68","TORONTO INTL A","6158731","2023-07-30 04:00","2023","07","30","04:00","","14.1","","12.7","","91","","","","34","","5","","24.1","","99.55","","","","","","Clear"
"-79.63","43.68","TORONTO INTL A","6158731","2023-07-30 05:00","2023","07","30","05:00","","14.9","","12.9","","87","","","","35","","5","","24.1","","99.54","","","","","","NA"
"-79.63","43.68","TORONTO INTL A","6158731","2023-07-30 06:00","2023","07","30","06:00","","15.7","","13.3","","86","","","","31","","7","","24.1","","99.57","","","","","","NA"
"-79.63","43.68","TORONTO INTL A","6158731","2023-07-30 07:00","2023","07","30","07:00","","17.4","","14.2","","81","","","","31","","5","","24.1","","99.60","","","","","","Clear"
"-79.63","43.68","TORONTO INTL A","6158731","2023-07-30 08:00","2023","07","30","08:00","","19.6","","13.9","","69","","","","30","","4","","24.1","","99.61","","","","","","NA"
"-79.63","43.68","TORONTO INTL A","6158731","2023-07-30 09:00","2023","07","30","09:00","","20.9","","12.4","","58","","","","18","","7","","24.1","","99.62","","","","","","NA"
"-79.63","43.68","TORONTO INTL A","6158731","2023-07-30 10:00","2023","07","30","10:00","","22.4","","13.0","","55","","","","24","","4","","24.1","","99.61","","25","","","","Mainly Clear"
"-79.63","43.68","TORONTO INTL A","6158731","2023-07-30 11:00","2023","07","30","11:00","","21.5","","13.5","","60","","","","15","","13","","24.1","","99.58","","25","","","","NA"
"-79.63","43.68","TORONTO INTL A","6158731","2023-07-30 12:00","2023","07","30","12:00","","21.7","","13.8","","61","","","","15","","14","","24.1","","99.55","","25","","","","NA"
"-79.63","43.68","TORONTO INTL A","6158731","2023-07-30 13:00","2023","07","30","13:00","","23.2","","11.7","","48","","","","14","","13","","24.1","","99.48","","25","","","","Mostly Cloudy"
"-79.63","43.68","TORONTO INTL A","6158731","2023-07-30 14:00","2023","07","30","14:00","","23.2","","14.3","","57","","","","14","","15","","24.1","","99.45","","27","","","","NA"
"-79.63","43.68","TORONTO INTL A","6158731","2023-07-30 15:00","2023","07","30","15:00","","22.4","","13.9","","58","","","","14","","20","","24.1","","99.40","","26","","","","NA"
"-79.63","43.68","TORONTO INTL A","6158731","2023-07-30 16:00","2023","07","30","16:00","","22.7","","15.0","","61","","","","10","","9","","24.1","","99.34","","27","","","","Mostly Cloudy"
"-79.63","43.68","TORONTO INTL A","6158731","2023-07-30 17:00","2023","07","30","17:00","","23.0","","13.2","","54","","","","34","","23","","24.1","","99.39","","26","","","","NA"
"-79.63","43.68","TORONTO INTL A","6158731","2023-07-30 18:00","2023","07","30","18:00","","21.9","","13.0","","57","","","","34","","22","","24.1","","99.38","","25","","","","NA"
"-79.63","43.68","TORONTO INTL A","6158731","2023-07-30 19:00","2023","07","30","19:00","","21.5","","11.3","","52","","","","34","","18","","24.1","","99.41","","","","","","Mostly Cloudy"
"-79.63","43.68","TORONTO INTL A","6158731","2023-07-30 20:00","2023","07","30","20:00","","20.8","","12.0","","57","","","","32","","14","","24.1","","99.44","","","","","","NA"
"-79.63","43.68","TORONTO INTL A","6158731","2023-07-30 21:00","2023","07","30","21:00","","19.8","","10.6","","55","","","","31","","17","","24.1","","99.49","","","","","","NA"
"-79.63","43.68","TORONTO INTL A","6158731","2023-07-30 22:00","2023","07","30","22:00","","19.1","","10.7","","58","","","","31","","16","","24.1","","99.50","","","","","","Clear"
"-79.63","43.68","TORONTO INTL A","6158731","2023-07-30 23:00","2023","07","30","23:00","","18.6","","11.0","","61","","","","30","","20","","24.1","","99.50","","","","","","NA"
"-79.63","43.68","TORONTO INTL A","6158731","2023-07-31 00:00","2023","07","31","00:00","","16.9","","11.5","","70","","","","29","","12","","24.1","","99.50","","","","","","NA"
"-79.63","43.68","TORONTO INTL A","6158731","2023-07-31 01:00","2023","07","31","01:00","","16.4","","11.8","","74","","","","28","","13","","24.1","","99.46","","","","","","Clear"
"-79.63","43.68","TORONTO INTL A","6158731","2023-07-31 02:00","2023","07","31","02:00","","15.7","","12.3","","80","","","","28","","12","","24.1","","99.42","","","","","","NA"
"-79.63","43.68","TORONTO INTL A","6158731","2023-07-31 03:00","2023","07","31","03:00","","15.0","","12.7","","86","","","","27","","13","","24.1","","99.44","","","","","","NA"
"-79.63","43.68","TORONTO INTL A","6158731","2023-07-31 04:00","2023","07","31","04:00","","15.6","","13.0","","85","","","","29","","10","","24.1","","99.47","","","","","","Clear"
"-79.63","43.68","TORONTO INTL A","6158731","2023-07-31 05:00","2023","07","31","05:00","","14.9","","13.0","","88","","","","28","","13","","24.1","","99.51","","","","","","NA"
"-79.63","43.68","TORONTO INTL A","6158731","2023-07-31 06:00","2023","07","31","06:00","","15.8","","13.4","","86","","","","28","","11","","24.1","","99.57","","","","","","NA"
"-79.63","43.68","TORONTO INTL A","6158731","2023-07-31 07:00","2023","07","31","07:00","","18.0","","14.6","","80","","","","28","","9","","24.1","","99.64","","","","","","Clear"
"-79.63","43.68","TORONTO INTL A","6158731","2023-07-31 08:00","2023","07","31","08:00","","20.1","","14.8","","71","","","","32","","16","","24.1","","99.64","","","","","","NA"
"-79.63","43.68","TORONTO INTL A","6158731","2023-07-31 09:00","2023","07","31","09:00","","21.3","","15.0","","67","","","","36","","17","","24.1","","99.67","","25","","","","NA"
"-79.63","43.68","TORONTO INTL A","6158731","2023-07-31 10:00","2023","07","31","10:00","","21.3","","13.8","","62","","","","36","","18","","24.1","","99.69","","25","","","","Mostly Cloudy"
"-79.63","43.68","TORONTO INTL A","6158731","2023-07-31 11:00","2023","07","31","11:00","","21.4","","14.9","","66","","","","1","","23","","24.1","","99.72","","25","","","","NA"
"-79.63","43.68","TORONTO INTL A","6158731","2023-07-31 12:00","2023","07","31","12:00","","21.4","","13.1","","59","","","","1","","22","","24.1","","99.71","","","","","","NA"
"-79.63","43.68","TORONTO INTL A","6158731","2023-07-31 13:00","2023","07","31","13:00","","22.9","","13.7","","55","","","","32","","16","","24.1","","99.68","","26","","","","Mostly Cloudy"
"-79.63","43.68","TORONTO INTL A","6158731","2023-07-31 14:00","2023","07","31","14:00","","23.1","","10.9","","46","","","","1","","16","","24.1","","99.69","","25","","","","NA"
"-79.63","43.68","TORONTO INTL A","6158731","2023-07-31 15:00","2023","07","31","15:00","","23.8","","10.3","","42","","","","1","","31","","24.1","","99.69","","25","","","","NA"
"-79.63","43.68","TORONTO INTL A","6158731","2023-07-31 16:00","2023","07","31","16:00","","23.4","","9.5","","41","","","","35","","29","","24.1","","99.68","","","","","","Mainly Clear"
"-79.63","43.68","TORONTO INTL A","6158731","2023-07-31 17:00","2023","07","31","17:00","","22.8","","8.2","","39","","","","36","","26","","24.1","","99.71","","","","","","NA"
"-79.63","43.68","TORONTO INTL A","6158731","2023-07-31 18:00","2023","07","31","18:00","","21.8","","7.1","","38","","","","36","","22","","24.1","","99.75","","","","","","NA"
"-79.63","43.68","TORONTO INTL A","6158731","2023-07-31 19:00","2023","07","31","19:00","","20.8","","6.2","","38","","","","1","","22","","24.1","","99.79","","","","","","Mainly Clear"
"-79.63","43.68","TORONTO INTL A","6158731","2023-07-31 20:00","2023","07","31","20:00","","19.8","","4.8","","37","","","","35","","17","","24.1","","99.83","","","","","","NA"
"-79.63","43.68","TORONTO INTL A","6158731","2023-07-31 21:00","2023","07","31","21:00","","18.9","","6.6","","44","","","","35","","16","","24.1","","99.93","","","","","","NA"
"-79.63","43.68","TORONTO INTL A","6158731","2023-07-31 22:00","2023","07","31","22:00","","17.9","","8.3","","53","","","","35","","15","","24.1","","99.97","","","","","","Mainly Clear"
"-79.63","43.68","TORONTO INTL A","6158731","2023-07-31 23:00","2023","07","31","23:00","","16.3","","8.7","","60","","","","35","","9","","24.1","","99.98","","","","","","NA"
