"Longitude (x)","Latitude (y)","Station Name","Climate ID","Date/Time (LST)","Year","Month","Day","Time (LST)","Flag","Temp (°C)","Temp Flag","Dew Point Temp (°C)","Dew Point Temp Flag","Rel Hum (%)","Rel Hum Flag","Precip. Amount (mm)","Precip. Amount Flag","Wind Dir (10s deg)","Wind Dir Flag","Wind Spd (km/h)","Wind Spd Flag","Visibility (km)","Visibility Flag","Stn Press (kPa)","Stn Press Flag","Hmdx","Hmdx Flag","Wind Chill","Wind Chill Flag","Weather"
"-79.63","43.68","TORONTO INTL A","6158731","2025-07-01 00:00","2025","07","01","00:00","","21.7","","20.8","","95","","","","26","","14","","9.7","","98.72","","30","","","","Fog"
"-79.63","43.68","TORONTO INTL A","6158731","2025-07-01 01:00","2025","07","01","01:00","","21.3","","20.6","","96","","","","24","","8","","24.1","","98.63","","29","","","","Mainly Clear"
"-79.63","43.68","TORONTO INTL A","6158731","2025-07-01 02:00","2025","07","01","02:00","","21.1","","20.3","","95","","","","26","","13","","24.1","","98.67","","29","","","","NA"
"-79.63","43.68","TORONTO INTL A","6158731","2025-07-01 03:00","2025","07","01","03:00","","21.1","","20.1","","94","","","","25","","6","","24.1","","98.68","","29","","","","NA"
"-79.63","43.68","TORONTO INTL A","6158731","2025-07-01 04:00","2025","07","01","04:00","","21.5","","20.4","","93","","","","23","","9","","24.1","","98.69","","29","","","","Mostly Cloudy"
"-79.63","43.68","TORONTO INTL A","6158731","2025-07-01 05:00","2025","07","01","05:00","","21.2","","20.3","","95","","","","27","","7","","9.7","","98.75","","29","","","","Fog"
"-79.63","43.68","TORONTO INTL A","6158731","2025-07-01 06:00","2025","07","01","06:00","","22.2","","21.0","","93","","","","23","","7","","9.7","","98.79","","31","","","","Fog"
"-79.63","43.68","TORONTO INTL A","6158731","2025-07-01 07:00","2025","07","01","07:00","","23.9","","21.5","","86","","","","25","","16","","16.1","","98.80","","33","","","","Mostly Cloudy"
"-79.63","43.68","TORONTO INTL A","6158731","2025-07-01 08:00","2025","07","01","08:00","","25.2","","21.0","","77","","","","29","","17","","24.1","","98.82","","34","","","","NA"
"-79.63","43.68","TORONTO INTL A","6158731","2025-07-01 09:00","2025","07","01","09:00","","25.9","","20.9","","74","","","","29","","17","","24.1","","98.81","","34","","","","NA"
"-79.63","43.68","TORONTO INTL A","6158731","2025-07-01 10:00","2025","07","01","10:00","","25.5","","20.5","","74","","","","27","","14","","24.1","","98.85","","33","","","","Mostly Cloudy"
"-79.63","43.68","TORONTO INTL A","6158731","2025-07-01 11:00","2025","07","01","11:00","","26.5","","20.0","","67","","","","28","","17","","24.1","","98.85","","34","","","","NA"
"-79.63","43.68","TORONTO INTL A","6158731","2025-07-01 12:00","2025","07","01","12:00","","28.5","","20.8","","62","","","","25","","23","","24.1","","98.86","","37","","","","NA"
"-79.63","43.68","TORONTO INTL A","6158731","2025-07-01 13:00","2025","07","01","13:00","","28.3","","18.3","","54","","","","27","","24","","24.1","","98.83","","35","","","","Mostly Cloudy"
"-79.63","43.68","TORONTO INTL A","6158731","2025-07-01 14:00","2025","07","01","14:00","","29.2","","16.3","","45","","","","27","","24","","24.1","","98.76","","34","","","","NA"
"-79.63","43.68","TORONTO INTL A","6158731","2025-07-01 15:00","2025","07","01","15:00","","30.1","","17.3","","45","","","","27","","30","","24.1","","98.73","","36","","","","NA"
"-79.63","43.68","TORONTO INTL A","6158731","2025-07-01 16:00","2025","07","01","16:00","","29.6","","15.6","","42","","","","29","","33","","24.1","","98.74","","34","","","","Mostly Cloudy"
"-79.63","43.68","TORONTO INTL A","6158731","2025-07-01 17:00","2025","07","01","17:00","","27.8","","14.9","","45","","","","29","","26","","24.1","","98.77","","32","","","","NA"
"-79.63","43.68","TORONTO INTL A","6158731","2025-07-01 18:00","2025","07","01","18:00","","27.4","","15.0","","46","","","","30","","32","","24.1","","98.83","","31","","","","NA"
"-79.63","43.68","TORONTO INTL A","6158731","2025-07-01 19:00","2025","07","01","19:00","","26.0","","14.3","","48","","","","31","","26","","24.1","","98.87","","30","","","","Clear"
"-79.63","43.68","TORONTO INTL A","6158731","2025-07-01 20:00","2025","07","01","20:00","","24.4","","14.5","","53","","","","31","","24","","24.1","","98.93","","28","","","","NA"
"-79.63","43.68","TORONTO INTL A","6158731","2025-07-01 21:00","2025","07","01","21:00","","22.5","","14.9","","62","","","","29","","12","","24.1","","98.99","","26","","","","NA"
"-79.63","43.68","TORONTO INTL A","6158731","2025-07-01 22:00","2025","07","01","22:00","","21.9","","15.3","","66","","","","29","","11","","24.1","","99.02","","26","","","","Clear"
"-79.63","43.68","TORONTO INTL A","6158731","2025-07-01 23:00","2025","07","01","23:00","","20.9","","15.4","","71","","","","29","","12","","24.1","","99.05","","25","","","","NA"
"-79.63","43.68","TORONTO INTL A","6158731","2025-07-02 00:00","2025","07","02","00:00","","20.0","","15.2","","73","","","","28","","14","","24.1","","99.07","","","","","","NA"
"-79.63","43.68","TORONTO INTL A","6158731","2025-07-02 01:00","2025","07","02","01:00","","19.4","","14.9","","75","","","","27","","16","","24.1","","99.09","","","","","","Clear"
"-79.63","43.68","TORONTO INTL A","6158731","2025-07-02 02:00","2025","07","02","02:00","","18.9","","14.8","","77","","","","28","","15","","24.1","","99.10","","","","","","NA"
"-79.63","43.68","TORONTO INTL A","6158731","2025-07-02 03:00","2025","07","02","03:00","","18.1","","14.4","","79","","","","28","","14","","24.1","","99.13","","","","","","NA"
"-79.63","43.68","TORONTO INTL A","6158731","2025-07-02 04:00","2025","07","02","04:00","","17.9","","14.2","","79","","","","29","","12","","24.1","","99.14","","","","","","Mainly Clear"
"-79.63","43.68","TORONTO INTL A","6158731","2025-07-02 05:00","2025","07","02","05:00","","17.9","","14.4","","80","","","","28","","13","","24.1","","99.19","","","","","","NA"
"-79.63","43.68","TORONTO INTL A","6158731","2025-07-02 06:00","2025","07","02","06:00","","19.2","","14.9","","76","","","","27","","8","","24.1","","99.20","","","","","","NA"
"-79.63","43.68","TORONTO INTL A","6158731","2025-07-02 07:00","2025","07","02","07:00","","20.9","","15.2","","69","","","","27","","14","","24.1","","99.23","","25","","","","Clear"
"-79.63","43.68","TORONTO INTL A","6158731","2025-07-02 08:00","2025","07","02","08:00","","24.2","","16.1","","60","","","","29","","15","","24.1","","99.23","","29","","","","NA"
"-79.63","43.68","TORONTO INTL A","6158731","2025-07-02 09:00","2025","07","02","09:00","","26.5","","15.4","","50","","","","27","","20","","24.1","","99.26","","31","","","","NA"
"-79.63","43.68","TORONTO INTL A","6158731","2025-07-02 10:00","2025","07","02","10:00","","27.7","","16.0","","48","","","","26","","17","","24.1","","99.25","","32","","","","Clear"
"-79.63","43.68","TORONTO INTL A","6158731","2025-07-02 11:00","2025","07","02","11:00","","29.3","","16.1","","44","","","","26","","16","","24.1","","99.22","","34","","","","NA"
"-79.63","43.68","TORONTO INTL A","6158731","2025-07-02 12:00","2025","07","02","12:00","","30.0","","15.8","","42","","","","29","","21","","24.1","","99.17","","34","","","","NA"
"-79.63","43.68","TORONTO INTL A","6158731","2025-07-02 13:00","2025","07","02","13:00","","29.9","","15.5","","41","","","","26","","21","","24.1","","99.10","","34","","","","Mostly Cloudy"
"-79.63","43.68","TORONTO INTL A","6158731","2025-07-02 14:00","2025","07","02","14:00","","30.8","","15.4","","39","","","","26","","25","","24.1","","99.04","","35","","","","NA"
"-79.63","43.68","TORONTO INTL A","6158731","2025-07-02 15:00","2025","07","02","15:00","","30.1","","14.9","","39","","","","27","","31","","24.1","","99.01","","34","","","","NA"
"-79.63","43.68","TORONTO INTL A","6158731","2025-07-02 16:00","2025","07","02","16:00","","29.8","","14.9","","40","","","","26","","28","","24.1","","98.99","","34","","","","Mostly Cloudy"
"-79.63","43.68","TORONTO INTL A","6158731","2025-07-02 17:00","2025","07","02","17:00","","29.7","","14.9","","40","","","","27","","35","","24.1","","98.95","","34","","","","NA"
"-79.63","43.68","TORONTO INTL A","6158731","2025-07-02 18:00","2025","07","02","18:00","","29.2","","16.2","","45","","","","29","","19","","24.1","","98.94","","34","","","","NA"
"-79.63","43.68","TORONTO INTL A","6158731","2025-07-02 19:00","2025","07","02","19:00","","27.6","","15.8","","48","","","","28","","17","","24.1","","98.97","","32","","","","Mostly Cloudy"
"-79.63","43.68","TORONTO INTL A","6158731","2025-07-02 20:00","2025","07","02","20:00","","27.4","","15.4","","47","","","","31","","25","","24.1","","99.01","","32","","","","NA"
"-79.63","43.68","TORONTO INTL A","6158731","2025-07-02 21:00","2025","07","02","21:00","","24.0","","15.1","","57","","","","26","","16","","24.1","","99.05","","28","","","","NA"
"-79.63","43.68","TORONTO INTL A","6158731","2025-07-02 22:00","2025","07","02","22:00","","23.9","","15.6","","59","","","","28","","12","","24.1","","99.06","","28","","","","Mostly Cloudy"
"-79.63","43.68","TORONTO INTL A","6158731","2025-07-02 23:00","2025","07","02","23:00","","23.4","","16.7","","65","","","","24","","13","","24.1","","99.07","","28","","","","NA"
"-79.63","43.68","TORONTO INTL A","6158731","2025-07-03 00:00","2025","07","03","00:00","","23.0","","16.6","","67","","","","30","","9","","24.1","","99.03","","28","","","","NA"
"-79.63","43.68","TORONTO INTL A","6158731","2025-07-03 01:00","2025","07","03","01:00","","22.9","","15.6","","63","","","","32","","17","","24.1","","99.01","","27","","","","Mostly Cloudy"
"-79.63","43.68","TORONTO INTL A","6158731","2025-07-03 02:00","2025","07","03","02:00","","21.2","","15.8","","71","","","","25","","12","","24.1","","99.05","","26","","","","NA"
"-79.63","43.68","TORONTO INTL A","6158731","2025-07-03 03:00","2025","07","03","03:00","","20.0","","15.7","","76","","","","25","","12","","24.1","","99.02","","","","","","NA"
"-79.63","43.68","TORONTO INTL A","6158731","2025-07-03 04:00","2025","07","03","04:00","","19.7","","16.0","","79","","","","27","","7","","24.1","","99.03","","","","","","Mostly Cloudy"
"-79.63","43.68","TORONTO INTL A","6158731","2025-07-03 05:00","2025","07","03","05:00","","21.0","","15.8","","72","","","","32","","11","","24.1","","99.04","","25","","","","NA"
"-79.63","43.68","TORONTO INTL A","6158731","2025-07-03 06:00","2025","07","03","06:00","","21.0","","14.1","","64","","","","34","","32","","24.1","","99.15","","","","","","NA"
"-79.63","43.68","TORONTO INTL A","6158731","2025-07-03 07:00","2025","07","03","07:00","","20.6","","13.5","","63","","","","1","","13","","24.1","","99.17","","","","","","Mainly Clear"
"-79.63","43.68","TORONTO INTL A","6158731","2025-07-03 08:00","2025","07","03","08:00","","21.1","","13.5","","62","","","","33","","18","","24.1","","99.19","","","","","","NA"
"-79.63","43.68","TORONTO INTL A","6158731","2025-07-03 09:00","2025","07","03","09:00","","22.2","","13.8","","58","","","","31","","16","","24.1","","99.22","","25","","","","NA"
"-79.63","43.68","TORONTO INTL A","6158731","2025-07-03 10:00","2025","07","03","10:00","","25.6","","11.1","","40","","","","32","","20","","24.1","","99.20","","27","","","","Clear"
"-79.63","43.68","TORONTO INTL A","6158731","2025-07-03 11:00","2025","07","03","11:00","","27.1","","8.6","","31","","","","32","","28","","24.1","","99.21","","28","","","","NA"
"-79.63","43.68","TORONTO INTL A","6158731","2025-07-03 12:00","2025","07","03","12:00","","26.9","","9.1","","32","","","","32","","34","","24.1","","99.23","","28","","","","NA"
"-79.63","43.68","TORONTO INTL A","6158731","2025-07-03 13:00","2025","07","03","13:00","","25.3","","11.9","","43","","","","34","","25","","24.1","","99.24","","28","","","","Mainly Clear"
"-79.63","43.68","TORONTO INTL A","6158731","2025-07-03 14:00","2025","07","03","14:00","","26.7","","9.3","","33","","","","33","","35","","24.1","","99.27","","28","","","","NA"
"-79.63","43.68","TORONTO INTL A","6158731","2025-07-03 15:00","2025","07","03","15:00","","25.5","","9.8","","36","","","","33","","27","","24.1","","99.29","","27","","","","NA"
"-79.63","43.68","TORONTO INTL A","6158731","2025-07-03 16:00","2025","07","03","16:00","","24.9","","10.1","","39","","","","33","","18","","24.1","","99.32","","26","","","","Clear"
"-79.63","43.68","TORONTO INTL A","6158731","2025-07-03 17:00","2025","07","03","17:00","","24.4","","9.2","","38","","","","36","","27","","24.1","","99.36","","25","","","","NA"
"-79.63","43.68","TORONTO INTL A","6158731","2025-07-03 18:00","2025","07","03","18:00","","23.3","","6.7","","34","","","","35","","25","","24.1","","99.41","","","","","","NA"
"-79.63","43.68","TORONTO INTL A","6158731","2025-07-03 19:00","2025","07","03","19:00","","22.4","","7.3","","37","","","","35","","26","","24.1","","99.48","","","","","","Clear"
"-79.63","43.68","TORONTO INTL A","6158731","2025-07-03 20:00","2025","07","03","20:00","","20.8","","8.0","","43","","","","36","","27","","24.1","","99.56","","","","","","NA"
"-79.63","43.68","TORONTO INTL A","6158731","2025-07-03 21:00","2025","07","03","21:00","","19.9","","7.4","","44","","","","35","","22","","24.1","","99.65","","","","","","NA"
"-79.63","43.68","TORONTO INTL A","6158731","2025-07-03 22:00","2025","07","03","22:00","","19.1","","7.7","","47","","","","35","","16","","24.1","","99.70","","","","","","Mainly Clear"
"-79.63","43.68","TORONTO INTL A","6158731","2025-07-03 23:00","2025","07","03","23:00","","18.2","","8.2","","52","","","","35","","13","","24.1","","99.74","","","","","","NA"
"-79.63","43.68","TORONTO INTL A","6158731","2025-07-04 00:00","2025","07","04","00:00","","16.6","","8.7","","59","","","","36","","8","","24.1","","99.77","","","","","","NA"
"-79.63","43.68","TORONTO INTL A","6158731","2025-07-04 01:00","2025","07","04","01:00","","15.9","","8.8","","63","","","","36","","10","","24.1","","99.79","","","","","","Clear"
"-79.63","43.68","TORONTO INTL A","6158731","2025-07-04 02:00","2025","07","04","02:00","","15.8","","8.9","","63","","","","34","","8","","24.1","","99.83","","","","","","NA"
"-79.63","43.68","TORONTO INTL A","6158731","2025-07-04 03:00","2025","07","04","03:00","","15.4","","9.0","","65","","","","34","","12","","24.1","","99.87","","","","","","NA"
"-79.63","43.68","TORONTO INTL A","6158731","2025-07-04 04:00","2025","07","04","04:00","","14.7","","9.2","","69","","","","1","","8","","24.1","","99.87","","","","","","Clear"
"-79.63","43.68","TORONTO INTL A","6158731","2025-07-04 05:00","2025","07","04","05:00","","14.5","","9.4","","71","","","","33","","10","","24.1","","99.93","","","","","","NA"
"-79.63","43.68","TORONTO INTL A","6158731","2025-07-04 06:00","2025","07","04","06:00","","16.1","","9.9","","66","","","","34","","10","","24.1","","99.99","","","","","","NA"
"-79.63","43.68","TORONTO INTL A","6158731","2025-07-04 07:00","2025","07","04","07:00","","18.5","","10.1","","58","","","","30","","9","","24.1","","100.06","","","","","","Clear"
"-79.63","43.68","TORONTO INTL A","6158731","2025-07-04 08:00","2025","07","04","08:00","","21.1","","9.8","","48","","","","4","","5","","24.1","","100.05","","","","","","NA"
"-79.63","43.68","TORONTO INTL A","6158731","2025-07-04 09:00","2025","07","04","09:00","","22.4","","9.2","","42","","","","31","","7","","24.1","","100.03","","","","","","NA"
"-79.63","43.68","TORONTO INTL A","6158731","2025-07-04 10:00","2025","07","04","10:00","","23.6","","10.3","","43","","","","","","0","","24.1","","100.03","","25","","","","Mainly Clear"
"-79.63","43.68","TORONTO INTL A","6158731","2025-07-04 11:00","2025","07","04","11:00","","24.0","","10.4","","42","","","","19","","17","","24.1","","100.05","","25","","","","NA"
"-79.63","43.68","TORONTO INTL A","6158731","2025-07-04 12:00","2025","07","04","12:00","","24.6","","10.6","","41","","","","17","","12","","24.1","","100.07","","26","","","","NA"
"-79.63","43.68","TORONTO INTL A","6158731","2025-07-04 13:00","2025","07","04","13:00","","25.3","","9.1","","35","","","","15","","18","","24.1","","100.03","","26","","","","Mainly Clear"
"-79.63","43.68","TORONTO INTL A","6158731","2025-07-04 14:00","2025","07","04","14:00","","25.5","","9.3","","35","","","","17","","19","","24.1","","99.94","","26","","","","NA"
"-79.63","43.68","TORONTO INTL A","6158731","2025-07-04 15:00","2025","07","04","15:00","","26.2","","8.8","","33","","","","15","","14","","24.1","","99.92","","27","","","","NA"
"-79.63","43.68","TORONTO INTL A","6158731","2025-07-04 16:00","2025","07","04","16:00","","25.7","","7.7","","31","","","","15","","24","","24.1","","99.83","","26","","","","Mainly Clear"
"-79.63","43.68","TORONTO INTL A","6158731","2025-07-04 17:00","2025","07","04","17:00","","25.6","","10.0","","37","","","","14","","19","","24.1","","99.83","","27","","","","NA"
"-79.63","43.68","TORONTO INTL A","6158731","2025-07-04 18:00","2025","07","04","18:00","","24.2","","9.7","","39","","","","15","","16","","24.1","","99.86","","25","","","","NA"
"-79.63","43.68","TORONTO INTL A","6158731","2025-07-04 19:00","2025","07","04","19:00","","23.4","","8.9","","39","","","","15","","15","","24.1","","99.85","","","","","","Mostly Cloudy"
"-79.63","43.68","TORONTO INTL A","6158731","2025-07-04 20:00","2025","07","04","20:00","","22.5","","9.8","","44","","","","15","","9","","24.1","","99.87","","","","","","NA"
"-79.63","43.68","TORONTO INTL A","6158731","2025-07-04 21:00","2025","07","04","21:00","","21.6","","10.4","","48","","","","16","","8","","24.1","","99.87","","","","","","NA"
"-79.63","43.68","TORONTO INTL A","6158731","2025-07-04 22:00","2025","07","04","22:00","","21.3","","11.6","","53","","","","15","","7","","24.1","","99.88","","","","","","Mainly Clear"
"-79.63","43.68","TORONTO INTL A","6158731","2025-07-04 23:00","2025","07","04","23:00","","21.1","","11.9","","55","","","","13","","5","","24.1","","99.87","","","","","","NA"
"-79.63","43.68","TORONTO INTL A","6158731","2025-07-05 00:00","2025","07","05","00:00","","20.5","","12.5","","60","","","","15","","8","","24.1","","99.88","","","","","","NA"
"-79.63","43.68","TORONTO INTL A","6158731","2025-07-05 01:00","2025","07","05","01:00","","20.2","","12.9","","62","","","","16","","5","","24.1","","99.86","","","","","","Clear"
"-79.63","43.68","TORONTO INTL A","6158731","2025-07-05 02:00","2025","07","05","02:00","","20.6","","11.0","","54","","","","14","","7","","24.1","","99.86","","","","","","NA"
"-79.63","43.68","TORONTO INTL A","6158731","2025-07-05 03:00","2025","07","05","03:00","","20.1","","12.0","","59","","","","18","","4","","24.1","","99.87","","","","","","NA"
"-79.63","43.68","TORONTO INTL A","6158731","2025-07-05 04:00","2025","07","05","04:00","","20.2","","12.2","","59","","","","16","","4","","24.1","","99.84","","","","","","Mostly Cloudy"
"-79.63","43.68","TORONTO INTL A","6158731","2025-07-05 05:00","2025","07","05","05:00","","19.7","","12.4","","62","","","","16","","5","","24.1","","99.79","","","","","","NA"
"-79.63","43.68","TORONTO INTL A","6158731","2025-07-05 06:00","2025","07","05","06:00","","20.2","","13.3","","64","","","","12","","5","","24.1","","99.79","","","","","","NA"
"-79.63","43.68","TORONTO INTL A","6158731","2025-07-05 07:00","2025","07","05","07:00","","21.6","","12.6","","56","","","","15","","4","","24.1","","99.80","","","","","","Mainly Clear"
"-79.63","43.68","TORONTO INTL A","6158731","2025-07-05 08:00","2025","07","05","08:00","","23.2","","14.0","","55","","","","14","","6","","24.1","","99.80","","27","","","","NA"
"-79.63","43.68","TORONTO INTL A","6158731","2025-07-05 09:00","2025","07","05","09:00","","25.4","","15.4","","53","","","","17","","9","","24.1","","99.77","","30","","","","NA"
"-79.63","43.68","TORONTO INTL A","6158731","2025-07-05 10:00","2025","07","05","10:00","","26.6","","16.5","","53","","","","14","","11","","24.1","","99.73","","32","","","","Mainly Clear"
"-79.63","43.68","TORONTO INTL A","6158731","2025-07-05 11:00","2025","07","05","11:00","","27.6","","16.6","","51","","","","14","","14","","24.1","","99.69","","33","","","","NA"
"-79.63","43.68","TORONTO INTL A","6158731","2025-07-05 12:00","2025","07","05","12:00","","29.1","","17.8","","50","","","","17","","16","","24.1","","99.66","","35","","","","NA"
"-79.63","43.68","TORONTO INTL A","6158731","2025-07-05 13:00","2025","07","05","13:00","","29.0","","19.1","","54","","","","14","","20","","24.1","","99.63","","36","","","","Mainly Clear"
"-79.63","43.68","TORONTO INTL A","6158731","2025-07-05 14:00","2025","07","05","14:00","","29.6","","19.3","","53","","","","16","","18","","24.1","","99.58","","37","","","","NA"
"-79.63","43.68","TORONTO INTL A","6158731","2025-07-05 15:00","2025","07","05","15:00","","29.2","","19.2","","54","","","","15","","18","","24.1","","99.52","","36","","","","NA"
"-79.63","43.68","TORONTO INTL A","6158731","2025-07-05 16:00","2025","07","05","16:00","","27.8","","19.2","","59","","","","16","","14","","24.1","","99.49","","35","","","","Mostly Cloudy"
"-79.63","43.68","TORONTO INTL A","6158731","2025-07-05 17:00","2025","07","05","17:00","","29.0","","20.6","","60","","","","18","","16","","24.1","","99.43","","37","","","","NA"
"-79.63","43.68","TORONTO INTL A","6158731","2025-07-05 18:00","2025","07","05","18:00","","24.8","","22.2","","86","","","","19","","10","","19.3","","99.43","","34","","","","NA"
"-79.63","43.68","TORONTO INTL A","6158731","2025-07-05 19:00","2025","07","05","19:00","","27.2","","21.0","","69","","","","24","","22","","24.1","","99.41","","36","","","","Mostly Cloudy"
"-79.63","43.68","TORONTO INTL A","6158731","2025-07-05 20:00","2025","07","05","20:00","","27.1","","19.9","","64","","","","24","","14","","24.1","","99.41","","35","","","","NA"
"-79.63","43.68","TORONTO INTL A","6158731","2025-07-05 21:00","2025","07","05","21:00","","26.9","","19.9","","65","","","","22","","14","","24.1","","99.42","","34","","","","NA"
"-79.63","43.68","TORONTO INTL A","6158731","2025-07-05 22:00","2025","07","05","22:00","","25.9","","20.3","","71","","","","16","","8","","24.1","","99.41","","34","","","","Mainly Clear"
"-79.63","43.68","TORONTO INTL A","6158731","2025-07-05 23:00","2025","07","05","23:00","","25.5","","18.9","","67","","","","21","","9","","24.1","","99.39","","32","","","","NA"
"-79.63","43.68","TORONTO INTL A","6158731","2025-07-06 00:00","2025","07","06","00:00","","25.1","","18.6","","66","","","","21","","10","","24.1","","99.38","","32","","","","NA"
"-79.63","43.68","TORONTO INTL A","6158731","2025-07-06 01:00","2025","07","06","01:00","","24.7","","18.4","","68","","","","20","","7","","24.1","","99.35","","31","","","","Mainly Clear"
"-79.63","43.68","TORONTO INTL A","6158731","2025-07-06 02:00","2025","07","06","02:00","","23.2","","18.4","","74","","","","23","","6","","24.1","","99.29","","30","","","","NA"
"-79.63","43.68","TORONTO INTL A","6158731","2025-07-06 03:00","2025","07","06","03:00","","24.2","","18.7","","71","","","","23","","14","","24.1","","99.28","","31","","","","NA"
"-79.63","43.68","TORONTO INTL A","6158731","2025-07-06 04:00","2025","07","06","04:00","","22.6","","18.8","","79","","","","25","","10","","24.1","","99.27","","29","","","","Mostly Cloudy"
"-79.63","43.68","TORONTO INTL A","6158731","2025-07-06 05:00","2025","07","06","05:00","","23.6","","18.9","","75","","","","23","","14","","24.1","","99.26","","30","","","","NA"
"-79.63","43.68","TORONTO INTL A","6158731","2025-07-06 06:00","2025","07","06","06:00","","24.7","","19.2","","71","","","","21","","9","","24.1","","99.29","","32","","","","NA"
"-79.63","43.68","TORONTO INTL A","6158731","2025-07-06 07:00","2025","07","06","07:00","","25.6","","19.9","","70","","","","24","","21","","24.1","","99.28","","33","","","","Mainly Clear"
"-79.63","43.68","TORONTO INTL A","6158731","2025-07-06 08:00","2025","07","06","08:00","","27.8","","20.2","","63","","","","24","","18","","24.1","","99.28","","36","","","","NA"
"-79.63","43.68","TORONTO INTL A","6158731","2025-07-06 09:00","2025","07","06","09:00","","30.0","","20.5","","56","","","","23","","20","","24.1","","99.25","","38","","","","NA"
"-79.63","43.68","TORONTO INTL A","6158731","2025-07-06 10:00","2025","07","06","10:00","","31.8","","19.4","","47","","","","24","","25","","24.1","","99.21","","39","","","","Clear"
"-79.63","43.68","TORONTO INTL A","6158731","2025-07-06 11:00","2025","07","06","11:00","","32.3","","20.0","","48","","","","24","","23","","24.1","","99.21","","40","","","","NA"
"-79.63","43.68","TORONTO INTL A","6158731","2025-07-06 12:00","2025","07","06","12:00","","32.4","","18.9","","44","","","","20","","20","","24.1","","99.17","","39","","","","NA"
"-79.63","43.68","TORONTO INTL A","6158731","2025-07-06 13:00","2025","07","06","13:00","","33.4","","17.3","","38","","","","22","","26","","24.1","","99.13","","39","","","","Mainly Clear"
"-79.63","43.68","TORONTO INTL A","6158731","2025-07-06 14:00","2025","07","06","14:00","","34.0","","14.9","","31","","","","21","","31","","24.1","","99.06","","38","","","","NA"
"-79.63","43.68","TORONTO INTL A","6158731","2025-07-06 15:00","2025","07","06","15:00","","33.9","","15.1","","32","","","","22","","32","","24.1","","99.02","","38","","","","NA"
"-79.63","43.68","TORONTO INTL A","6158731","2025-07-06 16:00","2025","07","06","16:00","","34.3","","16.7","","34","","","","23","","29","","24.1","","98.99","","39","","","","Mainly Clear"
"-79.63","43.68","TORONTO INTL A","6158731","2025-07-06 17:00","2025","07","06","17:00","","33.2","","17.2","","38","","","","24","","37","","24.1","","98.96","","39","","","","NA"
"-79.63","43.68","TORONTO INTL A","6158731","2025-07-06 18:00","2025","07","06","18:00","","32.3","","17.3","","40","","","","22","","26","","24.1","","98.93","","38","","","","NA"
"-79.63","43.68","TORONTO INTL A","6158731","2025-07-06 19:00","2025","07","06","19:00","","31.6","","17.8","","43","","","","22","","22","","24.1","","98.94","","37","","","","Mainly Clear"
"-79.63","43.68","TORONTO INTL A","6158731","2025-07-06 20:00","2025","07","06","20:00","","30.4","","17.9","","46","","","","22","","13","","24.1","","98.97","","36","","","","NA"
"-79.63","43.68","TORONTO INTL A","6158731","2025-07-06 21:00","2025","07","06","21:00","","29.9","","17.5","","47","","","","21","","14","","24.1","","99.00","","36","","","","NA"
"-79.63","43.68","TORONTO INTL A","6158731","2025-07-06 22:00","2025","07","06","22:00","","29.0","","17.0","","48","","","","17","","11","","24.1","","98.99","","34","","","","Mainly Clear"
"-79.63","43.68","TORONTO INTL A","6158731","2025-07-06 23:00","2025","07","06","23:00","","28.1","","17.5","","52","","","","17","","13","","24.1","","98.96","","34","","","","NA"
"-79.63","43.68","TORONTO INTL A","6158731","2025-07-07 00:00","2025","07","07","00:00","","27.4","","17.9","","55","","","","19","","14","","24.1","","98.94","","33","","","","NA"
"-79.63","43.68","TORONTO INTL A","6158731","2025-07-07 01:00","2025","07","07","01:00","","27.2","","18.7","","59","","","","21","","13","","24.1","","98.91","","34","","","","Mostly Cloudy"
"-79.63","43.68","TORONTO INTL A","6158731","2025-07-07 02:00","2025","07","07","02:00","","27.0","","19.6","","63","","","","21","","9","","24.1","","98.86","","34","","","","NA"
"-79.63","43.68","TORONTO INTL A","6158731","2025-07-07 03:00","2025","07","07","03:00","","26.6","","20.1","","67","","","","21","","15","","24.1","","98.84","","34","","","","NA"
"-79.63","43.68","TORONTO INTL A","6158731","2025-07-07 04:00","2025","07","07","04:00","","25.6","","20.5","","73","","","","24","","17","","24.1","","98.85","","34","","","","Mainly Clear"
"-79.63","43.68","TORONTO INTL A","6158731","2025-07-07 05:00","2025","07","07","05:00","","24.8","","20.9","","79","","","","24","","14","","24.1","","98.87","","33","","","","NA"
"-79.63","43.68","TORONTO INTL A","6158731","2025-07-07 06:00","2025","07","07","06:00","","25.1","","21.4","","80","","","","24","","16","","24.1","","98.94","","34","","","","NA"
"-79.63","43.68","TORONTO INTL A","6158731","2025-07-07 07:00","2025","07","07","07:00","","26.4","","21.5","","74","","","","26","","22","","24.1","","98.98","","35","","","","Mostly Cloudy"
"-79.63","43.68","TORONTO INTL A","6158731","2025-07-07 08:00","2025","07","07","08:00","","26.5","","20.7","","70","","","","26","","30","","24.1","","99.03","","35","","","","NA"
"-79.63","43.68","TORONTO INTL A","6158731","2025-07-07 09:00","2025","07","07","09:00","","28.1","","20.7","","64","","","","28","","21","","24.1","","99.03","","36","","","","NA"
"-79.63","43.68","TORONTO INTL A","6158731","2025-07-07 10:00","2025","07","07","10:00","","28.6","","20.3","","60","","","","26","","28","","24.1","","99.07","","36","","","","Mostly Cloudy"
"-79.63","43.68","TORONTO INTL A","6158731","2025-07-07 11:00","2025","07","07","11:00","","28.5","","20.4","","61","","","","29","","26","","24.1","","99.11","","36","","","","NA"
"-79.63","43.68","TORONTO INTL A","6158731","2025-07-07 12:00","2025","07","07","12:00","","28.0","","19.5","","59","","","","30","","26","","24.1","","99.11","","35","","","","NA"
"-79.63","43.68","TORONTO INTL A","6158731","2025-07-07 13:00","2025","07","07","13:00","","28.7","","18.5","","53","","","","29","","27","","24.1","","99.11","","35","","","","Mainly Clear"
"-79.63","43.68","TORONTO INTL A","6158731","2025-07-07 14:00","2025","07","07","14:00","","28.8","","19.2","","56","","","","33","","30","","24.1","","99.10","","36","","","","NA"
"-79.63","43.68","TORONTO INTL A","6158731","2025-07-07 15:00","2025","07","07","15:00","","28.0","","19.3","","59","","","","36","","19","","24.1","","99.13","","35","","","","NA"
"-79.63","43.68","TORONTO INTL A","6158731","2025-07-07 16:00","2025","07","07","16:00","","26.1","","18.1","","61","","","","35","","26","","24.1","","99.19","","32","","","","Mostly Cloudy"
"-79.63","43.68","TORONTO INTL A","6158731","2025-07-07 17:00","2025","07","07","17:00","","25.7","","18.2","","63","","","","35","","19","","24.1","","99.26","","32","","","","NA"
"-79.63","43.68","TORONTO INTL A","6158731","2025-07-07 18:00","2025","07","07","18:00","","24.6","","17.8","","65","","","","34","","21","","24.1","","99.29","","30","","","","NA"
"-79.63","43.68","TORONTO INTL A","6158731","2025-07-07 19:00","2025","07","07","19:00","","23.3","","17.4","","69","","","","36","","15","","24.1","","99.39","","29","","","","Mainly Clear"
"-79.63","43.68","TORONTO INTL A","6158731","2025-07-07 20:00","2025","07","07","20:00","","21.9","","16.9","","72","","","","36","","17","","24.1","","99.42","","27","","","","NA"
"-79.63","43.68","TORONTO INTL A","6158731","2025-07-07 21:00","2025","07","07","21:00","","21.3","","16.5","","74","","","","35","","20","","24.1","","99.52","","26","","","","NA"
"-79.63","43.68","TORONTO INTL A","6158731","2025-07-07 22:00","2025","07","07","22:00","","20.9","","16.4","","75","","","","36","","16","","24.1","","99.60","","26","","","","Mostly Cloudy"
"-79.63","43.68","TORONTO INTL A","6158731","2025-07-07 23:00","2025","07","07","23:00","","20.7","","16.2","","75","","","","35","","11","","24.1","","99.58","","25","","","","NA"
"-79.63","43.68","TORONTO INTL A","6158731","2025-07-08 00:00","2025","07","08","00:00","","20.4","","15.9","","75","","","","34","","17","","24.1","","99.59","","25","","","","NA"
"-79.63","43.68","TORONTO INTL A","6158731","2025-07-08 01:00","2025","07","08","01:00","","20.3","","16.0","","76","","","","34","","12","","24.1","","99.58","","25","","","","Cloudy"
"-79.63","43.68","TORONTO INTL A","6158731","2025-07-08 02:00","2025","07","08","02:00","","20.3","","15.9","","76","","","","35","","13","","24.1","","99.60","","25","","","","NA"
"-79.63","43.68","TORONTO INTL A","6158731","2025-07-08 03:00","2025","07","08","03:00","","19.9","","16.0","","78","","","","36","","16","","24.1","","99.58","","","","","","NA"
"-79.63","43.68","TORONTO INTL A","6158731","2025-07-08 04:00","2025","07","08","04:00","","19.5","","16.2","","81","","","","2","","13","","24.1","","99.61","","","","","","Cloudy"
"-79.63","43.68","TORONTO INTL A","6158731","2025-07-08 05:00","2025","07","08","05:00","","19.3","","16.5","","84","","","","36","","21","","19.3","","99.61","","","","","","NA"
"-79.63","43.68","TORONTO INTL A","6158731","2025-07-08 06:00","2025","07","08","06:00","","19.9","","16.9","","83","","","","1","","10","","24.1","","99.67","","","","","","NA"
"-79.63","43.68","TORONTO INTL A","6158731","2025-07-08 07:00","2025","07","08","07:00","","20.1","","16.7","","80","","","","2","","11","","24.1","","99.72","","25","","","","Cloudy"
"-79.63","43.68","TORONTO INTL A","6158731","2025-07-08 08:00","2025","07","08","08:00","","21.0","","16.5","","76","","","","3","","6","","24.1","","99.73","","26","","","","NA"
"-79.63","43.68","TORONTO INTL A","6158731","2025-07-08 09:00","2025","07","08","09:00","","21.4","","16.6","","74","","","","4","","6","","24.1","","99.74","","26","","","","NA"
"-79.63","43.68","TORONTO INTL A","6158731","2025-07-08 10:00","2025","07","08","10:00","","22.2","","18.1","","77","","","","13","","5","","24.1","","99.76","","28","","","","Cloudy"
"-79.63","43.68","TORONTO INTL A","6158731","2025-07-08 11:00","2025","07","08","11:00","","22.6","","16.9","","70","","","","36","","4","","24.1","","99.77","","28","","","","NA"
"-79.63","43.68","TORONTO INTL A","6158731","2025-07-08 12:00","2025","07","08","12:00","","23.4","","18.1","","72","","","","17","","4","","24.1","","99.77","","29","","","","NA"
"-79.63","43.68","TORONTO INTL A","6158731","2025-07-08 13:00","2025","07","08","13:00","","23.9","","17.6","","67","","","","11","","7","","24.1","","99.72","","30","","","","Mostly Cloudy"
"-79.63","43.68","TORONTO INTL A","6158731","2025-07-08 14:00","2025","07","08","14:00","","25.1","","18.1","","65","","","","13","","14","","24.1","","99.66","","31","","","","NA"
"-79.63","43.68","TORONTO INTL A","6158731","2025-07-08 15:00","2025","07","08","15:00","","25.6","","18.5","","65","","","","16","","13","","24.1","","99.65","","32","","","","NA"
"-79.63","43.68","TORONTO INTL A","6158731","2025-07-08 16:00","2025","07","08","16:00","","25.1","","18.1","","64","","","","14","","15","","24.1","","99.60","","31","","","","Mostly Cloudy"
"-79.63","43.68","TORONTO INTL A","6158731","2025-07-08 17:00","2025","07","08","17:00","","23.8","","17.8","","69","","","","14","","18","","24.1","","99.56","","30","","","","NA"
"-79.63","43.68","TORONTO INTL A","6158731","2025-07-08 18:00","2025","07","08","18:00","","23.8","","17.8","","69","","","","14","","18","","24.1","","99.55","","30","","","","NA"
"-79.63","43.68","TORONTO INTL A","6158731","2025-07-08 19:00","2025","07","08","19:00","","22.8","","17.8","","73","","","","16","","16","","24.1","","99.56","","29","","","","Mainly Clear"
"-79.63","43.68","TORONTO INTL A","6158731","2025-07-08 20:00","2025","07","08","20:00","","22.4","","18.6","","79","","","","16","","11","","24.1","","99.59","","29","","","","NA"
"-79.63","43.68","TORONTO INTL A","6158731","2025-07-08 21:00","2025","07","08","21:00","","22.2","","18.8","","80","","","","16","","10","","24.1","","99.63","","29","","","","NA"
"-79.63","43.68","TORONTO INTL A","6158731","2025-07-08 22:00","2025","07","08","22:00","","22.1","","19.2","","84","","","","17","","8","","24.1","","99.65","","29","","","","Mostly Cloudy"
"-79.63","43.68","TORONTO INTL A","6158731","2025-07-08 23:00","2025","07","08","23:00","","21.5","","19.2","","86","","","","15","","7","","24.1","","99.63","","28","","","","NA"
"-79.63","43.68","TORONTO INTL A","6158731","2025-07-09 00:00","2025","07","09","00:00","","21.5","","19.2","","87","","","","19","","5","","24.1","","99.61","","28","","","","NA"
"-79.63","43.68","TORONTO INTL A","6158731","2025-07-09 01:00","2025","07","09","01:00","","20.6","","13.8","","65","","","","35","","14","","24.1","","99.62","","","","","","Mainly Clear"
"-79.63","43.68","TORONTO INTL A","6158731","2025-07-09 02:00","2025","07","09","02:00","","20.2","","13.4","","65","","","","35","","14","","24.1","","99.59","","","","","","NA"
"-79.63","43.68","TORONTO INTL A","6158731","2025-07-09 03:00","2025","07","09","03:00","","19.5","","13.3","","67","","","","33","","7","","24.1","","99.56","","","","","","NA"
"-79.63","43.68","TORONTO INTL A","6158731","2025-07-09 04:00","2025","07","09","04:00","","19.1","","13.5","","70","","","","32","","6","","24.1","","99.56","","","","","","Mostly Cloudy"
"-79.63","43.68","TORONTO INTL A","6158731","2025-07-09 05:00","2025","07","09","05:00","","19.0","","14.4","","74","","","","31","","14","","24.1","","99.61","","","","","","NA"
"-79.63","43.68","TORONTO INTL A","6158731","2025-07-09 06:00","2025","07","09","06:00","","19.9","","14.3","","70","","","","35","","8","","24.1","","99.62","","","","","","NA"
"-79.63","43.68","TORONTO INTL A","6158731","2025-07-09 07:00","2025","07","09","07:00","","21.5","","14.8","","65","","","","31","","7","","24.1","","99.66","","25","","","","Mostly Cloudy"
"-79.63","43.68","TORONTO INTL A","6158731","2025-07-09 08:00","2025","07","09","08:00","","23.9","","15.5","","59","","","","33","","7","","24.1","","99.66","","28","","","","NA"
"-79.63","43.68","TORONTO INTL A","6158731","2025-07-09 09:00","2025","07","09","09:00","","24.7","","14.9","","54","","","","25","","5","","24.1","","99.67","","29","","","","NA"
"-79.63","43.68","TORONTO INTL A","6158731","2025-07-09 10:00","2025","07","09","10:00","","24.8","","15.2","","54","","","","26","","11","","24.1","","99.68","","29","","","","Mostly Cloudy"
"-79.63","43.68","TORONTO INTL A","6158731","2025-07-09 11:00","2025","07","09","11:00","","25.1","","16.3","","58","","","","25","","8","","24.1","","99.66","","30","","","","NA"
"-79.63","43.68","TORONTO INTL A","6158731","2025-07-09 12:00","2025","07","09","12:00","","24.6","","17.1","","62","","","","21","","16","","24.1","","99.65","","30","","","","NA"
"-79.63","43.68","TORONTO INTL A","6158731","2025-07-09 13:00","2025","07","09","13:00","","24.6","","16.2","","59","","","","22","","10","","24.1","","99.59","","29","","","","Cloudy"
"-79.63","43.68","TORONTO INTL A","6158731","2025-07-09 14:00","2025","07","09","14:00","","25.8","","18.3","","63","","","","21","","8","","24.1","","99.53","","32","","","","NA"
"-79.63","43.68","TORONTO INTL A","6158731","2025-07-09 15:00","2025","07","09","15:00","","26.1","","18.0","","61","","","","16","","8","","24.1","","99.44","","32","","","","NA"
"-79.63","43.68","TORONTO INTL A","6158731","2025-07-09 16:00","2025","07","09","16:00","","24.9","","18.7","","68","","","","14","","19","","24.1","","99.42","","31","","","","Mostly Cloudy"
"-79.63","43.68","TORONTO INTL A","6158731","2025-07-09 17:00","2025","07","09","17:00","","25.0","","19.1","","69","","","","14","","17","","24.1","","99.38","","32","","","","NA"
"-79.63","43.68","TORONTO INTL A","6158731","2025-07-09 18:00","2025","07","09","18:00","","23.2","","16.4","","65","","","","4","","17","","24.1","","99.40","","28","","","","NA"
"-79.63","43.68","TORONTO INTL A","6158731","2025-07-09 19:00","2025","07","09","19:00","","20.2","","18.1","","88","","","","2","","19","","24.1","","99.43","","26","","","","Mostly Cloudy"
"-79.63","43.68","TORONTO INTL A","6158731","2025-07-09 20:00","2025","07","09","20:00","","20.9","","18.2","","84","","","","17","","8","","24.1","","99.34","","27","","","","NA"
"-79.63","43.68","TORONTO INTL A","6158731","2025-07-09 21:00","2025","07","09","21:00","","21.2","","18.6","","85","","","","22","","5","","19.3","","99.37","","28","","","","Rain Showers"
"-79.63","43.68","TORONTO INTL A","6158731","2025-07-09 22:00","2025","07","09","22:00","","20.1","","18.6","","91","","","","23","","12","","19.3","","99.40","","27","","","","Rain Showers"
"-79.63","43.68","TORONTO INTL A","6158731","2025-07-09 23:00","2025","07","09","23:00","","19.9","","18.5","","91","","","","29","","7","","24.1","","99.40","","","","","","NA"
"-79.63","43.68","TORONTO INTL A","6158731","2025-07-10 00:00","2025","07","10","00:00","","20.0","","18.4","","90","","","","33","","9","","24.1","","99.39","","26","","","","NA"
"-79.63","43.68","TORONTO INTL A","6158731","2025-07-10 01:00","2025","07","10","01:00","","19.4","","18.0","","92","","","","","","0","","24.1","","99.38","","","","","","Mainly Clear"
"-79.63","43.68","TORONTO INTL A","6158731","2025-07-10 02:00","2025","07","10","02:00","","19.1","","17.5","","91","","","","2","","8","","24.1","","99.36","","","","","","NA"
"-79.63","43.68","TORONTO INTL A","6158731","2025-07-10 03:00","2025","07","10","03:00","","18.3","","17.3","","94","","","","31","","6","","24.1","","99.35","","","","","","NA"
"-79.63","43.68","TORONTO INTL A","6158731","2025-07-10 04:00","2025","07","10","04:00","","18.9","","17.1","","89","","","","33","","10","","24.1","","99.35","","","","","","Mainly Clear"
"-79.63","43.68","TORONTO INTL A","6158731","2025-07-10 05:00","2025","07","10","05:00","","18.6","","17.0","","90","","","","31","","8","","24.1","","99.36","","","","","","NA"
"-79.63","43.68","TORONTO INTL A","6158731","2025-07-10 06:00","2025","07","10","06:00","","20.1","","17.3","","84","","","","1","","5","","24.1","","99.37","","26","","","","NA"
"-79.63","43.68","TORONTO INTL A","6158731","2025-07-10 07:00","2025","07","10","07:00","","21.0","","17.6","","80","","","","","","0","","24.1","","99.41","","27","","","","Mostly Cloudy"
"-79.63","43.68","TORONTO INTL A","6158731","2025-07-10 08:00","2025","07","10","08:00","","22.1","","18.1","","78","","","","","","0","","24.1","","99.42","","28","","","","NA"
"-79.63","43.68","TORONTO INTL A","6158731","2025-07-10 09:00","2025","07","10","09:00","","24.1","","18.3","","70","","","","5","","4","","24.1","","99.38","","30","","","","NA"
"-79.63","43.68","TORONTO INTL A","6158731","2025-07-10 10:00","2025","07","10","10:00","","26.0","","18.5","","63","","","","25","","7","","24.1","","99.39","","32","","","","Mainly Clear"
"-79.63","43.68","TORONTO INTL A","6158731","2025-07-10 11:00","2025","07","10","11:00","","27.0","","19.6","","63","","","","14","","13","","24.1","","99.39","","34","","","","NA"
"-79.63","43.68","TORONTO INTL A","6158731","2025-07-10 12:00","2025","07","10","12:00","","26.5","","19.1","","63","","","","15","","17","","19.3","","99.40","","33","","","","NA"
"-79.63","43.68","TORONTO INTL A","6158731","2025-07-10 13:00","2025","07","10","13:00","","27.1","","19.1","","61","","","","15","","13","","19.3","","99.33","","34","","","","Mainly Clear"
"-79.63","43.68","TORONTO INTL A","6158731","2025-07-10 14:00","2025","07","10","14:00","","22.4","","18.2","","77","","","","12","","10","","12.9","","99.30","","29","","","","Thunderstorms,Moderate Rain Showers"
"-79.63","43.68","TORONTO INTL A","6158731","2025-07-10 15:00","2025","07","10","15:00","","26.5","","21.1","","72","","","","15","","10","","24.1","","99.26","","35","","","","NA"
"-79.63","43.68","TORONTO INTL A","6158731","2025-07-10 16:00","2025","07","10","16:00","","26.9","","19.7","","64","","","","14","","14","","24.1","","99.25","","34","","","","Mainly Clear"
"-79.63","43.68","TORONTO INTL A","6158731","2025-07-10 17:00","2025","07","10","17:00","","27.8","","19.1","","59","","","","13","","15","","24.1","","99.20","","35","","","","NA"
"-79.63","43.68","TORONTO INTL A","6158731","2025-07-10 18:00","2025","07","10","18:00","","26.7","","18.6","","61","","","","12","","9","","24.1","","99.20","","33","","","","NA"
"-79.63","43.68","TORONTO INTL A","6158731","2025-07-10 19:00","2025","07","10","19:00","","27.0","","18.3","","58","","","","15","","8","","24.1","","99.19","","33","","","","Mainly Clear"
"-79.63","43.68","TORONTO INTL A","6158731","2025-07-10 20:00","2025","07","10","20:00","","25.7","","18.4","","64","","","","14","","5","","24.1","","99.21","","32","","","","NA"
"-79.63","43.68","TORONTO INTL A","6158731","2025-07-10 21:00","2025","07","10","21:00","","24.5","","17.9","","66","","","","17","","8","","24.1","","99.27","","30","","","","NA"
"-79.63","43.68","TORONTO INTL A","6158731","2025-07-10 22:00","2025","07","10","22:00","","24.3","","17.8","","66","","","","","","0","","24.1","","99.30","","30","","","","Mainly Clear"
"-79.63","43.68","TORONTO INTL A","6158731","2025-07-10 23:00","2025","07","10","23:00","","22.8","","16.6","","67","","","","1","","11","","24.1","","99.31","","28","","","","NA"
"-79.63","43.68","TORONTO INTL A","6158731","2025-07-11 00:00","2025","07","11","00:00","","22.1","","16.3","","69","","","","36","","11","","24.1","","99.32","","27","","","","NA"
"-79.63","43.68","TORONTO INTL A","6158731","2025-07-11 01:00","2025","07","11","01:00","","22.3","","16.3","","69","","","","34","","12","","24.1","","99.36","","27","","","","Mostly Cloudy"
"-79.63","43.68","TORONTO INTL A","6158731","2025-07-11 02:00","2025","07","11","02:00","","21.2","","16.3","","73","","","","35","","9","","24.1","","99.33","","26","","","","NA"
"-79.63","43.68","TORONTO INTL A","6158731","2025-07-11 03:00","2025","07","11","03:00","","20.6","","16.1","","75","","","","34","","13","","24.1","","99.33","","25","","","","NA"
"-79.63","43.68","TORONTO INTL A","6158731","2025-07-11 04:00","2025","07","11","04:00","","20.3","","16.2","","77","","","","34","","13","","24.1","","99.34","","25","","","","Mostly Cloudy"
"-79.63","43.68","TORONTO INTL A","6158731","2025-07-11 05:00","2025","07","11","05:00","","19.8","","16.3","","80","","","","35","","8","","24.1","","99.37","","","","","","NA"
"-79.63","43.68","TORONTO INTL A","6158731","2025-07-11 06:00","2025","07","11","06:00","","20.6","","16.6","","77","","","","34","","10","","19.3","","99.38","","26","","","","NA"
"-79.63","43.68","TORONTO INTL A","6158731","2025-07-11 07:00","2025","07","11","07:00","","21.5","","17.1","","76","","","","2","","7","","19.3","","99.41","","27","","","","Mostly Cloudy"
"-79.63","43.68","TORONTO INTL A","6158731","2025-07-11 08:00","2025","07","11","08:00","","23.5","","17.4","","68","","","","2","","5","","19.3","","99.42","","29","","","","NA"
"-79.63","43.68","TORONTO INTL A","6158731","2025-07-11 09:00","2025","07","11","09:00","","25.5","","18.1","","63","","","","22","","4","","19.3","","99.45","","32","","","","NA"
"-79.63","43.68","TORONTO INTL A","6158731","2025-07-11 10:00","2025","07","11","10:00","","26.6","","18.7","","61","","","","","","0","","19.3","","99.44","","33","","","","Mostly Cloudy"
"-79.63","43.68","TORONTO INTL A","6158731","2025-07-11 11:00","2025","07","11","11:00","","26.9","","20.5","","67","","","","16","","12","","19.3","","99.47","","35","","","","NA"
"-79.63","43.68","TORONTO INTL A","6158731","2025-07-11 12:00","2025","07","11","12:00","","28.0","","20.0","","61","","","","11","","11","","16.1","","99.43","","36","","","","NA"
"-79.63","43.68","TORONTO INTL A","6158731","2025-07-11 13:00","2025","07","11","13:00","","28.4","","19.1","","57","","","","15","","11","","19.3","","99.41","","35","","","","Mostly Cloudy"
"-79.63","43.68","TORONTO INTL A","6158731","2025-07-11 14:00","2025","07","11","14:00","","29.6","","20.6","","58","","","","17","","8","","24.1","","99.38","","38","","","","NA"
"-79.63","43.68","TORONTO INTL A","6158731","2025-07-11 15:00","2025","07","11","15:00","","30.4","","16.1","","41","","","","25","","16","","24.1","","99.36","","35","","","","NA"
"-79.63","43.68","TORONTO INTL A","6158731","2025-07-11 16:00","2025","07","11","16:00","","31.0","","15.3","","38","","","","28","","19","","24.1","","99.35","","35","","","","Mainly Clear"
"-79.63","43.68","TORONTO INTL A","6158731","2025-07-11 17:00","2025","07","11","17:00","","30.5","","17.3","","44","","","","24","","13","","24.1","","99.32","","36","","","","NA"
"-79.63","43.68","TORONTO INTL A","6158731","2025-07-11 18:00","2025","07","11","18:00","","28.5","","19.4","","57","","","","15","","12","","24.1","","99.29","","36","","","","NA"
"-79.63","43.68","TORONTO INTL A","6158731","2025-07-11 19:00","2025","07","11","19:00","","28.3","","19.0","","57","","","","14","","8","","24.1","","99.29","","35","","","","Mainly Clear"
"-79.63","43.68","TORONTO INTL A","6158731","2025-07-11 20:00","2025","07","11","20:00","","26.9","","19.3","","63","","","","16","","12","","24.1","","99.31","","34","","","","NA"
"-79.63","43.68","TORONTO INTL A","6158731","2025-07-11 21:00","2025","07","11","21:00","","26.3","","19.8","","67","","","","15","","9","","24.1","","99.34","","34","","","","NA"
"-79.63","43.68","TORONTO INTL A","6158731","2025-07-11 22:00","2025","07","11","22:00","","25.8","","20.5","","72","","","","14","","10","","24.1","","99.40","","34","","","","Mostly Cloudy"
"-79.63","43.68","TORONTO INTL A","6158731","2025-07-11 23:00","2025","07","11","23:00","","25.1","","20.5","","75","","","","14","","9","","24.1","","99.42","","33","","","","NA"
"-79.63","43.68","TORONTO INTL A","6158731","2025-07-12 00:00","2025","07","12","00:00","","24.8","","21.0","","79","","","","22","","12","","24.1","","99.45","","33","","","","NA"
"-79.63","43.68","TORONTO INTL A","6158731","2025-07-12 01:00","2025","07","12","01:00","","25.4","","18.8","","67","","","","22","","12","","24.1","","99.43","","32","","","","Mostly Cloudy"
"-79.63","43.68","TORONTO INTL A","6158731","2025-07-12 02:00","2025","07","12","02:00","","23.9","","19.1","","74","","","","19","","14","","24.1","","99.42","","31","","","","NA"
"-79.63","43.68","TORONTO INTL A","6158731","2025-07-12 03:00","2025","07","12","03:00","","23.9","","19.4","","76","","","","16","","7","","24.1","","99.40","","31","","","","NA"
"-79.63","43.68","TORONTO INTL A","6158731","2025-07-12 04:00","2025","07","12","04:00","","23.7","","19.4","","77","","","","19","","7","","24.1","","99.39","","31","","","","Cloudy"
"-79.63","43.68","TORONTO INTL A","6158731","2025-07-12 05:00","2025","07","12","05:00","","23.2","","19.9","","82","","","","13","","6","","24.1","","99.41","","31","","","","NA"
"-79.63","43.68","TORONTO INTL A","6158731","2025-07-12 06:00","2025","07","12","06:00","","22.7","","20.2","","86","","","","16","","6","","24.1","","99.43","","30","","","","NA"
"-79.63","43.68","TORONTO INTL A","6158731","2025-07-12 07:00","2025","07","12","07:00","","24.2","","20.4","","79","","","","17","","10","","24.1","","99.44","","32","","","","Mainly Clear"
"-79.63","43.68","TORONTO INTL A","6158731","2025-07-12 08:00","2025","07","12","08:00","","26.8","","20.7","","69","","","","18","","8","","24.1","","99.45","","35","","","","NA"
"-79.63","43.68","TORONTO INTL A","6158731","2025-07-12 09:00","2025","07","12","09:00","","27.4","","20.5","","66","","","","14","","13","","24.1","","99.41","","35","","","","NA"
"-79.63","43.68","TORONTO INTL A","6158731","2025-07-12 10:00","2025","07","12","10:00","","28.2","","20.8","","64","","","","20","","12","","24.1","","99.40","","36","","","","Clear"
"-79.63","43.68","TORONTO INTL A","6158731","2025-07-12 11:00","2025","07","12","11:00","","29.0","","21.4","","63","","","","15","","19","","24.1","","99.39","","38","","","","NA"
"-79.63","43.68","TORONTO INTL A","6158731","2025-07-12 12:00","2025","07","12","12:00","","30.1","","21.6","","60","","","","16","","23","","24.1","","99.37","","39","","","","NA"
"-79.63","43.68","TORONTO INTL A","6158731","2025-07-12 13:00","2025","07","12","13:00","","30.9","","21.4","","56","","","","16","","24","","24.1","","99.31","","40","","","","Mainly Clear"
"-79.63","43.68","TORONTO INTL A","6158731","2025-07-12 14:00","2025","07","12","14:00","","30.7","","22.1","","59","","","","15","","22","","24.1","","99.27","","40","","","","NA"
"-79.63","43.68","TORONTO INTL A","6158731","2025-07-12 15:00","2025","07","12","15:00","","31.2","","21.5","","56","","","","15","","20","","24.1","","99.25","","40","","","","NA"
"-79.63","43.68","TORONTO INTL A","6158731","2025-07-12 16:00","2025","07","12","16:00","","33.7","","18.4","","40","","","","20","","21","","24.1","","99.18","","40","","","","Mainly Clear"
"-79.63","43.68","TORONTO INTL A","6158731","2025-07-12 17:00","2025","07","12","17:00","","32.8","","20.2","","47","","","","22","","20","","24.1","","99.14","","41","","","","NA"
"-79.63","43.68","TORONTO INTL A","6158731","2025-07-12 18:00","2025","07","12","18:00","","32.4","","20.2","","48","","","","20","","17","","24.1","","99.08","","40","","","","NA"
"-79.63","43.68","TORONTO INTL A","6158731","2025-07-12 19:00","2025","07","12","19:00","","31.4","","20.0","","50","","","","20","","16","","24.1","","99.11","","39","","","","Mainly Clear"
"-79.63","43.68","TORONTO INTL A","6158731","2025-07-12 20:00","2025","07","12","20:00","","30.9","","20.2","","52","","","","19","","19","","24.1","","99.13","","39","","","","NA"
"-79.63","43.68","TORONTO INTL A","6158731","2025-07-12 21:00","2025","07","12","21:00","","30.2","","20.3","","55","","","","18","","12","","24.1","","99.18","","38","","","","NA"
"-79.63","43.68","TORONTO INTL A","6158731","2025-07-12 22:00","2025","07","12","22:00","","29.2","","20.6","","59","","","","18","","11","","24.1","","99.16","","37","","","","Mainly Clear"
"-79.63","43.68","TORONTO INTL A","6158731","2025-07-12 23:00","2025","07","12","23:00","","27.9","","21.2","","66","","","","23","","19","","24.1","","99.20","","36","","","","NA"
"-79.63","43.68","TORONTO INTL A","6158731","2025-07-13 00:00","2025","07","13","00:00","","27.1","","20.7","","68","","","","22","","18","","24.1","","99.20","","35","","","","NA"
"-79.63","43.68","TORONTO INTL A","6158731","2025-07-13 01:00","2025","07","13","01:00","","25.8","","20.3","","72","","","","24","","14","","24.1","","99.20","","34","","","","Clear"
"-79.63","43.68","TORONTO INTL A","6158731","2025-07-13 02:00","2025","07","13","02:00","","24.4","","20.4","","78","","","","25","","13","","24.1","","99.19","","32","","","","NA"
"-79.63","43.68","TORONTO INTL A","6158731","2025-07-13 03:00","2025","07","13","03:00","","24.5","","20.8","","79","","","","25","","14","","24.1","","99.23","","33","","","","NA"
"-79.63","43.68","TORONTO INTL A","6158731","2025-07-13 04:00","2025","07","13","04:00","","24.1","","20.9","","82","","","","23","","10","","24.1","","99.24","","32","","","","Mainly Clear"
"-79.63","43.68","TORONTO INTL A","6158731","2025-07-13 05:00","2025","07","13","05:00","","24.6","","21.3","","82","","","","19","","7","","24.1","","99.24","","33","","","","NA"
"-79.63","43.68","TORONTO INTL A","6158731","2025-07-13 06:00","2025","07","13","06:00","","24.4","","21.5","","84","","","","23","","9","","24.1","","99.32","","33","","","","NA"
"-79.63","43.68","TORONTO INTL A","6158731","2025-07-13 07:00","2025","07","13","07:00","","25.3","","22.0","","82","","","","22","","8","","24.1","","99.35","","35","","","","Mostly Cloudy"
"-79.63","43.68","TORONTO INTL A","6158731","2025-07-13 08:00","2025","07","13","08:00","","24.9","","22.2","","85","","","","23","","8","","24.1","","99.37","","34","","","","Rain Showers"
"-79.63","43.68","TORONTO INTL A","6158731","2025-07-13 09:00","2025","07","13","09:00","","24.5","","21.4","","83","","","","26","","18","","9.7","","99.48","","33","","","","Thunderstorms,Rain Showers"
"-79.63","43.68","TORONTO INTL A","6158731","2025-07-13 10:00","2025","07","13","10:00","","21.9","","21.4","","97","","","","5","","4","","24.1","","99.41","","31","","","","Mostly Cloudy"
"-79.63","43.68","TORONTO INTL A","6158731","2025-07-13 11:00","2025","07","13","11:00","","26.2","","22.1","","78","","","","23","","5","","24.1","","99.40","","36","","","","NA"
"-79.63","43.68","TORONTO INTL A","6158731","2025-07-13 12:00","2025","07","13","12:00","","28.6","","20.9","","63","","","","23","","9","","24.1","","99.37","","37","","","","NA"
"-79.63","43.68","TORONTO INTL A","6158731","2025-07-13 13:00","2025","07","13","13:00","","30.0","","20.7","","57","","","","23","","11","","24.1","","99.33","","38","","","","Mostly Cloudy"
"-79.63","43.68","TORONTO INTL A","6158731","2025-07-13 14:00","2025","07","13","14:00","","30.9","","20.1","","52","","","","28","","21","","24.1","","99.26","","39","","","","NA"
"-79.63","43.68","TORONTO INTL A","6158731","2025-07-13 15:00","2025","07","13","15:00","","28.9","","22.4","","67","","","","16","","14","","24.1","","99.24","","39","","","","NA"
"-79.63","43.68","TORONTO INTL A","6158731","2025-07-13 16:00","2025","07","13","16:00","","31.4","","19.9","","50","","","","27","","21","","24.1","","99.23","","39","","","","Mostly Cloudy"
"-79.63","43.68","TORONTO INTL A","6158731","2025-07-13 17:00","2025","07","13","17:00","","30.1","","18.4","","49","","","","28","","20","","24.1","","99.22","","36","","","","NA"
"-79.63","43.68","TORONTO INTL A","6158731","2025-07-13 18:00","2025","07","13","18:00","","29.8","","17.2","","46","","","","31","","26","","24.1","","99.24","","35","","","","NA"
"-79.63","43.68","TORONTO INTL A","6158731","2025-07-13 19:00","2025","07","13","19:00","","29.1","","16.5","","46","","","","32","","22","","24.1","","99.27","","34","","","","Mainly Clear"
"-79.63","43.68","TORONTO INTL A","6158731","2025-07-13 20:00","2025","07","13","20:00","","27.4","","15.6","","48","","","","32","","21","","19.3","","99.36","","32","","","","NA"
"-79.63","43.68","TORONTO INTL A","6158731","2025-07-13 21:00","2025","07","13","21:00","","26.1","","15.5","","51","","","","34","","18","","24.1","","99.43","","30","","","","NA"
"-79.63","43.68","TORONTO INTL A","6158731","2025-07-13 22:00","2025","07","13","22:00","","24.1","","15.2","","57","","","","1","","16","","24.1","","99.47","","28","","","","Mainly Clear"
"-79.63","43.68","TORONTO INTL A","6158731","2025-07-13 23:00","2025","07","13","23:00","","24.1","","15.1","","57","","","","35","","12","","24.1","","99.51","","28","","","","NA"
"-79.63","43.68","TORONTO INTL A","6158731","2025-07-14 00:00","2025","07","14","00:00","","23.5","","15.1","","59","","","","34","","8","","24.1","","99.50","","28","","","","NA"
"-79.63","43.68","TORONTO INTL A","6158731","2025-07-14 01:00","2025","07","14","01:00","","22.9","","14.1","","57","","","","36","","4","","24.1","","99.50","","26","","","","Cloudy"
"-79.63","43.68","TORONTO INTL A","6158731","2025-07-14 02:00","2025","07","14","02:00","","22.7","","14.2","","58","","","","3","","6","","24.1","","99.51","","26","","","","NA"
"-79.63","43.68","TORONTO INTL A","6158731","2025-07-14 03:00","2025","07","14","03:00","","22.2","","15.1","","64","","","","31","","9","","24.1","","99.49","","26","","","","NA"
"-79.63","43.68","TORONTO INTL A","6158731","2025-07-14 04:00","2025","07","14","04:00","","22.4","","15.3","","64","","","","31","","5","","24.1","","99.51","","27","","","","Mostly Cloudy"
"-79.63","43.68","TORONTO INTL A","6158731","2025-07-14 05:00","2025","07","14","05:00","","22.2","","14.8","","63","","","","36","","6","","16.1","","99.53","","26","","","","NA"
"-79.63","43.68","TORONTO INTL A","6158731","2025-07-14 06:00","2025","07","14","06:00","","22.0","","15.1","","64","","","","3","","8","","8.1","","99.54","","26","","","","Fog"
"-79.63","43.68","TORONTO INTL A","6158731","2025-07-14 07:00","2025","07","14","07:00","","22.6","","15.0","","62","","","","5","","3","","6.4","","99.59","","27","","","","Haze"
"-79.63","43.68","TORONTO INTL A","6158731","2025-07-14 08:00","2025","07","14","08:00","","24.4","","15.4","","57","","","","30","","5","","8.1","","99.62","","29","","","","Haze"
"-79.63","43.68","TORONTO INTL A","6158731","2025-07-14 09:00","2025","07","14","09:00","","24.8","","14.6","","52","","","","","","0","","9.7","","99.63","","29","","","","Haze"
"-79.63","43.68","TORONTO INTL A","6158731","2025-07-14 10:00","2025","07","14","10:00","","26.5","","15.8","","51","","","","13","","3","","12.9","","99.64","","31","","","","Mainly Clear"
"-79.63","43.68","TORONTO INTL A","6158731","2025-07-14 11:00","2025","07","14","11:00","","27.8","","16.3","","49","","","","21","","4","","12.9","","99.64","","33","","","","NA"
"-79.63","43.68","TORONTO INTL A","6158731","2025-07-14 12:00","2025","07","14","12:00","","28.3","","14.7","","43","","","","21","","11","","12.9","","99.64","","32","","","","NA"
"-79.63","43.68","TORONTO INTL A","6158731","2025-07-14 13:00","2025","07","14","13:00","","28.1","","16.1","","47","","","","15","","16","","9.7","","99.59","","33","","","","Smoke"
"-79.63","43.68","TORONTO INTL A","6158731","2025-07-14 14:00","2025","07","14","14:00","","28.5","","17.4","","50","","","","14","","18","","6.4","","99.56","","34","","","","Smoke"
"-79.63","43.68","TORONTO INTL A","6158731","2025-07-14 15:00","2025","07","14","15:00","","28.3","","17.6","","52","","","","15","","17","","6.4","","99.51","","34","","","","Smoke"
"-79.63","43.68","TORONTO INTL A","6158731","2025-07-14 16:00","2025","07","14","16:00","","27.5","","17.9","","55","","","","14","","17","","8.1","","99.50","","33","","","","Smoke"
"-79.63","43.68","TORONTO INTL A","6158731","2025-07-14 17:00","2025","07","14","17:00","","27.4","","18.2","","56","","","","13","","17","","8.1","","99.50","","34","","","","Haze"
"-79.63","43.68","TORONTO INTL A","6158731","2025-07-14 18:00","2025","07","14","18:00","","27.5","","18.3","","57","","","","15","","13","","9.7","","99.51","","34","","","","Haze"
"-79.63","43.68","TORONTO INTL A","6158731","2025-07-14 19:00","2025","07","14","19:00","","27.2","","18.5","","59","","","","11","","10","","12.9","","99.53","","34","","","","Clear"
"-79.63","43.68","TORONTO INTL A","6158731","2025-07-14 20:00","2025","07","14","20:00","","25.8","","17.9","","61","","","","","","0","","12.9","","99.54","","32","","","","NA"
"-79.63","43.68","TORONTO INTL A","6158731","2025-07-14 21:00","2025","07","14","21:00","","27.6","","15.4","","47","","","","31","","15","","16.1","","99.59","","32","","","","NA"
"-79.63","43.68","TORONTO INTL A","6158731","2025-07-14 22:00","2025","07","14","22:00","","25.5","","16.1","","55","","","","34","","17","","16.1","","99.65","","30","","","","Clear"
"-79.63","43.68","TORONTO INTL A","6158731","2025-07-14 23:00","2025","07","14","23:00","","23.8","","15.0","","58","","","","35","","13","","16.1","","99.68","","28","","","","NA"
"-79.63","43.68","TORONTO INTL A","6158731","2025-07-15 00:00","2025","07","15","00:00","","22.9","","15.2","","61","","","","33","","9","","19.3","","99.72","","27","","","","NA"
"-79.63","43.68","TORONTO INTL A","6158731","2025-07-15 01:00","2025","07","15","01:00","","22.3","","15.8","","66","","","","31","","10","","19.3","","99.73","","27","","","","Clear"
"-79.63","43.68","TORONTO INTL A","6158731","2025-07-15 02:00","2025","07","15","02:00","","21.5","","15.9","","70","","","","31","","10","","19.3","","99.75","","26","","","","NA"
"-79.63","43.68","TORONTO INTL A","6158731","2025-07-15 03:00","2025","07","15","03:00","","19.8","","15.4","","75","","","","27","","5","","19.3","","99.75","","","","","","NA"
"-79.63","43.68","TORONTO INTL A","6158731","2025-07-15 04:00","2025","07","15","04:00","","20.8","","15.2","","70","","","","32","","9","","19.3","","99.76","","25","","","","Clear"
"-79.63","43.68","TORONTO INTL A","6158731","2025-07-15 05:00","2025","07","15","05:00","","19.9","","14.8","","72","","","","29","","12","","16.1","","99.79","","","","","","NA"
"-79.63","43.68","TORONTO INTL A","6158731","2025-07-15 06:00","2025","07","15","06:00","","21.3","","14.8","","66","","","","31","","12","","16.1","","99.81","","25","","","","NA"
"-79.63","43.68","TORONTO INTL A","6158731","2025-07-15 07:00","2025","07","15","07:00","","23.4","","14.7","","58","","","","31","","5","","16.1","","99.80","","27","","","","Clear"
"-79.63","43.68","TORONTO INTL A","6158731","2025-07-15 08:00","2025","07","15","08:00","","24.9","","15.3","","54","","","","5","","4","","16.1","","99.81","","29","","","","NA"
"-79.63","43.68","TORONTO INTL A","6158731","2025-07-15 09:00","2025","07","15","09:00","","27.3","","13.9","","43","","","","14","","3","","16.1","","99.81","","31","","","","NA"
"-79.63","43.68","TORONTO INTL A","6158731","2025-07-15 10:00","2025","07","15","10:00","","28.5","","14.4","","42","","","","14","","3","","12.9","","99.80","","32","","","","Clear"
"-79.63","43.68","TORONTO INTL A","6158731","2025-07-15 11:00","2025","07","15","11:00","","29.3","","11.9","","34","","","","","","0","","12.9","","99.80","","32","","","","NA"
"-79.63","43.68","TORONTO INTL A","6158731","2025-07-15 12:00","2025","07","15","12:00","","28.8","","16.1","","46","","","","14","","19","","12.9","","99.76","","33","","","","NA"
"-79.63","43.68","TORONTO INTL A","6158731","2025-07-15 13:00","2025","07","15","13:00","","30.1","","17.0","","45","","","","12","","16","","12.9","","99.70","","35","","","","Clear"
"-79.63","43.68","TORONTO INTL A","6158731","2025-07-15 14:00","2025","07","15","14:00","","30.9","","15.4","","38","","","","14","","15","","16.1","","99.68","","35","","","","NA"
"-79.63","43.68","TORONTO INTL A","6158731","2025-07-15 15:00","2025","07","15","15:00","","31.3","","15.1","","37","","","","14","","17","","19.3","","99.66","","35","","","","NA"
"-79.63","43.68","TORONTO INTL A","6158731","2025-07-15 16:00","2025","07","15","16:00","","31.5","","15.6","","38","","","","15","","17","","19.3","","99.60","","36","","","","Clear"
"-79.63","43.68","TORONTO INTL A","6158731","2025-07-15 17:00","2025","07","15","17:00","","31.5","","16.2","","39","","","","15","","16","","19.3","","99.54","","36","","","","NA"
"-79.63","43.68","TORONTO INTL A","6158731","2025-07-15 18:00","2025","07","15","18:00","","30.6","","16.7","","42","","","","16","","15","","16.1","","99.47","","36","","","","NA"
"-79.63","43.68","TORONTO INTL A","6158731","2025-07-15 19:00","2025","07","15","19:00","","29.4","","15.9","","43","","","","18","","15","","16.1","","99.48","","34","","","","Clear"
"-79.63","43.68","TORONTO INTL A","6158731","2025-07-15 20:00","2025","07","15","20:00","","28.2","","16.9","","50","","","","16","","10","","16.1","","99.50","","33","","","","NA"
"-79.63","43.68","TORONTO INTL A","6158731","2025-07-15 21:00","2025","07","15","21:00","","27.1","","17.5","","55","","","","18","","10","","16.1","","99.53","","33","","","","NA"
"-79.63","43.68","TORONTO INTL A","6158731","2025-07-15 22:00","2025","07","15","22:00","","26.1","","17.7","","59","","","","23","","8","","16.1","","99.52","","32","","","","Clear"
"-79.63","43.68","TORONTO INTL A","6158731","2025-07-15 23:00","2025","07","15","23:00","","25.4","","16.1","","56","","","","20","","9","","16.1","","99.54","","30","","","","NA"
"-79.63","43.68","TORONTO INTL A","6158731","2025-07-16 00:00","2025","07","16","00:00","","24.2","","16.6","","62","","","","20","","6","","16.1","","99.56","","29","","","","NA"
"-79.63","43.68","TORONTO INTL A","6158731","2025-07-16 01:00","2025","07","16","01:00","","23.5","","17.2","","67","","","","21","","4","","16.1","","99.53","","29","","","","Clear"
"-79.63","43.68","TORONTO INTL A","6158731","2025-07-16 02:00","2025","07","16","02:00","","21.5","","17.4","","77","","","","27","","9","","16.1","","99.50","","27","","","","NA"
"-79.63","43.68","TORONTO INTL A","6158731","2025-07-16 03:00","2025","07","16","03:00","","21.9","","16.3","","70","","","","28","","8","","16.1","","99.47","","27","","","","NA"
"-79.63","43.68","TORONTO INTL A","6158731","2025-07-16 04:00","2025","07","16","04:00","","21.5","","16.8","","74","","","","30","","8","","16.1","","99.43","","27","","","","Clear"
"-79.63","43.68","TORONTO INTL A","6158731","2025-07-16 05:00","2025","07","16","05:00","","20.4","","17.3","","82","","","","29","","3","","16.1","","99.41","","26","","","","NA"
"-79.63","43.68","TORONTO INTL A","6158731","2025-07-16 06:00","2025","07","16","06:00","","22.1","","17.9","","76","","","","20","","5","","16.1","","99.39","","28","","","","NA"
"-79.63","43.68","TORONTO INTL A","6158731","2025-07-16 07:00","2025","07","16","07:00","","24.1","","18.3","","70","","","","25","","3","","9.7","","99.43","","30","","","","Haze"
"-79.63","43.68","TORONTO INTL A","6158731","2025-07-16 08:00","2025","07","16","08:00","","25.4","","18.1","","63","","","","","","0","","9.7","","99.44","","31","","","","Haze"
"-79.63","43.68","TORONTO INTL A","6158731","2025-07-16 09:00","2025","07","16","09:00","","27.9","","17.7","","53","","","","20","","8","","9.7","","99.38","","34","","","","Haze"
"-79.63","43.68","TORONTO INTL A","6158731","2025-07-16 10:00","2025","07","16","10:00","","30.2","","17.5","","46","","","","23","","10","","9.7","","99.38","","36","","","","Haze"
"-79.63","43.68","TORONTO INTL A","6158731","2025-07-16 11:00","2025","07","16","11:00","","30.0","","19.5","","53","","","","16","","10","","9.7","","99.33","","37","","","","Haze"
"-79.63","43.68","TORONTO INTL A","6158731","2025-07-16 12:00","2025","07","16","12:00","","29.6","","20.4","","57","","","","13","","16","","12.9","","99.28","","38","","","","NA"
"-79.63","43.68","TORONTO INTL A","6158731","2025-07-16 13:00","2025","07","16","13:00","","31.2","","19.8","","50","","","","14","","18","","12.9","","99.20","","39","","","","Mainly Clear"
"-79.63","43.68","TORONTO INTL A","6158731","2025-07-16 14:00","2025","07","16","14:00","","32.4","","19.2","","45","","","","15","","13","","16.1","","99.12","","39","","","","NA"
"-79.63","43.68","TORONTO INTL A","6158731","2025-07-16 15:00","2025","07","16","15:00","","30.9","","18.7","","48","","","","17","","18","","16.1","","99.08","","37","","","","NA"
"-79.63","43.68","TORONTO INTL A","6158731","2025-07-16 16:00","2025","07","16","16:00","","31.3","","20.2","","51","","","","17","","22","","16.1","","99.05","","39","","","","Mostly Cloudy"
"-79.63","43.68","TORONTO INTL A","6158731","2025-07-16 17:00","2025","07","16","17:00","","29.4","","20.3","","57","","","","16","","17","","16.1","","98.98","","37","","","","NA"
"-79.63","43.68","TORONTO INTL A","6158731","2025-07-16 18:00","2025","07","16","18:00","","28.7","","18.3","","53","","","","15","","14","","24.1","","98.95","","35","","","","NA"
"-79.63","43.68","TORONTO INTL A","6158731","2025-07-16 19:00","2025","07","16","19:00","","28.2","","19.5","","59","","","","16","","14","","24.1","","98.98","","35","","","","Cloudy"
"-79.63","43.68","TORONTO INTL A","6158731","2025-07-16 20:00","2025","07","16","20:00","","27.5","","21.5","","69","","","","15","","12","","24.1","","98.97","","36","","","","NA"
"-79.63","43.68","TORONTO INTL A","6158731","2025-07-16 21:00","2025","07","16","21:00","","27.3","","21.9","","72","","","","21","","14","","24.1","","98.97","","37","","","","NA"
"-79.63","43.68","TORONTO INTL A","6158731","2025-07-16 22:00","2025","07","16","22:00","","25.4","","19.9","","71","","","","22","","12","","24.1","","98.89","","33","","","","Mainly Clear"
"-79.63","43.68","TORONTO INTL A","6158731","2025-07-16 23:00","2025","07","16","23:00","","24.8","","20.0","","74","","","","21","","11","","24.1","","98.81","","32","","","","NA"
"-79.63","43.68","TORONTO INTL A","6158731","2025-07-17 00:00","2025","07","17","00:00","","24.9","","20.2","","75","","","","19","","10","","24.1","","98.79","","33","","","","NA"
"-79.63","43.68","TORONTO INTL A","6158731","2025-07-17 01:00","2025","07","17","01:00","","24.4","","21.5","","83","","","","17","","13","","24.1","","98.75","","33","","","","Mostly Cloudy"
"-79.63","43.68","TORONTO INTL A","6158731","2025-07-17 02:00","2025","07","17","02:00","","24.3","","21.8","","86","","","","19","","12","","24.1","","98.68","","33","","","","NA"
"-79.63","43.68","TORONTO INTL A","6158731","2025-07-17 03:00","2025","07","17","03:00","","24.3","","22.0","","87","","","","21","","17","","24.1","","98.61","","34","","","","NA"
"-79.63","43.68","TORONTO INTL A","6158731","2025-07-17 04:00","2025","07","17","04:00","","24.4","","22.1","","87","","","","17","","15","","24.1","","98.57","","34","","","","Mostly Cloudy"
"-79.63","43.68","TORONTO INTL A","6158731","2025-07-17 05:00","2025","07","17","05:00","","24.9","","22.4","","86","","","","22","","18","","24.1","","98.53","","35","","","","NA"
"-79.63","43.68","TORONTO INTL A","6158731","2025-07-17 06:00","2025","07","17","06:00","","25.3","","22.6","","85","","","","20","","21","","24.1","","98.50","","35","","","","NA"
"-79.63","43.68","TORONTO INTL A","6158731","2025-07-17 07:00","2025","07","17","07:00","","26.0","","22.9","","83","","","","21","","16","","24.1","","98.45","","36","","","","Mostly Cloudy"
"-79.63","43.68","TORONTO INTL A","6158731","2025-07-17 08:00","2025","07","17","08:00","","26.6","","21.7","","74","","","","21","","30","","24.1","","98.42","","36","","","","NA"
"-79.63","43.68","TORONTO INTL A","6158731","2025-07-17 09:00","2025","07","17","09:00","","26.4","","21.1","","72","","","","24","","36","","24.1","","98.44","","35","","","","NA"
"-79.63","43.68","TORONTO INTL A","6158731","2025-07-17 10:00","2025","07","17","10:00","","26.9","","20.2","","67","","","","25","","40","","24.1","","98.47","","35","","","","Mostly Cloudy"
"-79.63","43.68","TORONTO INTL A","6158731","2025-07-17 11:00","2025","07","17","11:00","","27.1","","19.9","","64","","","","28","","41","","24.1","","98.50","","35","","","","NA"
"-79.63","43.68","TORONTO INTL A","6158731","2025-07-17 12:00","2025","07","17","12:00","","28.5","","18.3","","53","","","","32","","41","","24.1","","98.60","","35","","","","NA"
"-79.63","43.68","TORONTO INTL A","6158731","2025-07-17 13:00","2025","07","17","13:00","","27.8","","17.0","","51","","","","30","","49","","24.1","","98.72","","33","","","","Mainly Clear"
"-79.63","43.68","TORONTO INTL A","6158731","2025-07-17 14:00","2025","07","17","14:00","","26.6","","17.2","","56","","","","29","","37","","24.1","","98.88","","32","","","","NA"
"-79.63","43.68","TORONTO INTL A","6158731","2025-07-17 15:00","2025","07","17","15:00","","25.5","","16.6","","57","","","","30","","43","","24.1","","99.00","","31","","","","NA"
"-79.63","43.68","TORONTO INTL A","6158731","2025-07-17 16:00","2025","07","17","16:00","","22.9","","15.3","","62","","","","30","","42","","24.1","","99.13","","27","","","","Mostly Cloudy"
"-79.63","43.68","TORONTO INTL A","6158731","2025-07-17 17:00","2025","07","17","17:00","","21.9","","14.4","","62","","","","31","","35","","24.1","","99.22","","26","","","","NA"
"-79.63","43.68","TORONTO INTL A","6158731","2025-07-17 18:00","2025","07","17","18:00","","21.3","","13.6","","61","","","","28","","32","","24.1","","99.27","","","","","","NA"
"-79.63","43.68","TORONTO INTL A","6158731","2025-07-17 19:00","2025","07","17","19:00","","20.3","","14.4","","68","","","","34","","28","","24.1","","99.39","","","","","","Mostly Cloudy"
"-79.63","43.68","TORONTO INTL A","6158731","2025-07-17 20:00","2025","07","17","20:00","","17.6","","14.7","","83","","","","32","","21","","24.1","","99.54","","","","","","NA"
"-79.63","43.68","TORONTO INTL A","6158731","2025-07-17 21:00","2025","07","17","21:00","","17.5","","12.9","","74","","","","33","","22","","24.1","","99.69","","","","","","NA"
"-79.63","43.68","TORONTO INTL A","6158731","2025-07-17 22:00","2025","07","17","22:00","","16.8","","12.4","","75","","","","33","","28","","24.1","","99.75","","","","","","Mainly Clear"
"-79.63","43.68","TORONTO INTL A","6158731","2025-07-17 23:00","2025","07","17","23:00","","15.9","","11.5","","75","","","","34","","24","","24.1","","99.77","","","","","","NA"
"-79.63","43.68","TORONTO INTL A","6158731","2025-07-18 00:00","2025","07","18","00:00","","15.3","","11.2","","76","","","","35","","22","","24.1","","99.80","","","","","","NA"
"-79.63","43.68","TORONTO INTL A","6158731","2025-07-18 01:00","2025","07","18","01:00","","14.6","","10.6","","76","","","","36","","17","","24.1","","99.84","","","","","","Clear"
"-79.63","43.68","TORONTO INTL A","6158731","2025-07-18 02:00","2025","07","18","02:00","","14.3","","10.2","","76","","","","1","","14","","24.1","","99.89","","","","","","NA"
"-79.63","43.68","TORONTO INTL A","6158731","2025-07-18 03:00","2025","07","18","03:00","","14.2","","10.2","","76","","","","35","","12","","24.1","","99.94","","","","","","NA"
"-79.63","43.68","TORONTO INTL A","6158731","2025-07-18 04:00","2025","07","18","04:00","","13.8","","10.0","","77","","","","32","","11","","24.1","","100.02","","","","","","Clear"
"-79.63","43.68","TORONTO INTL A","6158731","2025-07-18 05:00","2025","07","18","05:00","","13.6","","10.4","","81","","","","32","","10","","24.1","","100.05","","","","","","NA"
"-79.63","43.68","TORONTO INTL A","6158731","2025-07-18 06:00","2025","07","18","06:00","","15.0","","10.5","","74","","","","35","","14","","24.1","","100.10","","","","","","NA"
"-79.63","43.68","TORONTO INTL A","6158731","2025-07-18 07:00","2025","07","18","07:00","","16.4","","10.9","","70","","","","36","","14","","24.1","","100.11","","","","","","Mainly Clear"
"-79.63","43.68","TORONTO INTL A","6158731","2025-07-18 08:00","2025","07","18","08:00","","18.6","","9.5","","55","","","","1","","9","","24.1","","100.15","","","","","","NA"
"-79.63","43.68","TORONTO INTL A","6158731","2025-07-18 09:00","2025","07","18","09:00","","20.2","","8.8","","47","","","","3","","8","","24.1","","100.17","","","","","","NA"
"-79.63","43.68","TORONTO INTL A","6158731","2025-07-18 10:00","2025","07","18","10:00","","21.5","","8.1","","42","","","","10","","18","","24.1","","100.17","","","","","","Mainly Clear"
"-79.63","43.68","TORONTO INTL A","6158731","2025-07-18 11:00","2025","07","18","11:00","","21.7","","7.4","","39","","","","13","","15","","24.1","","100.15","","","","","","NA"
"-79.63","43.68","TORONTO INTL A","6158731","2025-07-18 12:00","2025","07","18","12:00","","22.0","","8.3","","41","","","","13","","15","","24.1","","100.15","","","","","","NA"
"-79.63","43.68","TORONTO INTL A","6158731","2025-07-18 13:00","2025","07","18","13:00","","21.8","","8.9","","43","","","","12","","17","","24.1","","100.12","","","","","","Mainly Clear"
"-79.63","43.68","TORONTO INTL A","6158731","2025-07-18 14:00","2025","07","18","14:00","","22.1","","7.9","","40","","","","13","","14","","24.1","","100.11","","","","","","NA"
"-79.63","43.68","TORONTO INTL A","6158731","2025-07-18 15:00","2025","07","18","15:00","","22.4","","8.2","","40","","","","14","","18","","24.1","","100.08","","","","","","NA"
"-79.63","43.68","TORONTO INTL A","6158731","2025-07-18 16:00","2025","07","18","16:00","","22.1","","7.2","","38","","","","16","","17","","24.1","","100.01","","","","","","Mainly Clear"
"-79.63","43.68","TORONTO INTL A","6158731","2025-07-18 17:00","2025","07","18","17:00","","22.3","","8.1","","40","","","","17","","13","","24.1","","99.98","","","","","","NA"
"-79.63","43.68","TORONTO INTL A","6158731","2025-07-18 18:00","2025","07","18","18:00","","22.1","","6.9","","37","","","","16","","13","","24.1","","99.93","","","","","","NA"
"-79.63","43.68","TORONTO INTL A","6158731","2025-07-18 19:00","2025","07","18","19:00","","21.5","","7.5","","40","","","","14","","12","","24.1","","99.92","","","","","","Clear"
"-79.63","43.68","TORONTO INTL A","6158731","2025-07-18 20:00","2025","07","18","20:00","","20.6","","7.2","","42","","","","15","","10","","24.1","","99.91","","","","","","NA"
"-79.63","43.68","TORONTO INTL A","6158731","2025-07-18 21:00","2025","07","18","21:00","","20.0","","7.7","","45","","","","12","","4","","24.1","","99.93","","","","","","NA"
"-79.63","43.68","TORONTO INTL A","6158731","2025-07-18 22:00","2025","07","18","22:00","","19.7","","8.3","","47","","","","17","","4","","24.1","","99.93","","","","","","Clear"
"-79.63","43.68","TORONTO INTL A","6158731","2025-07-18 23:00","2025","07","18","23:00","","19.3","","9.2","","52","","","","15","","5","","24.1","","99.87","","","","","","NA"
"-79.63","43.68","TORONTO INTL A","6158731","2025-07-19 00:00","2025","07","19","00:00","","17.9","","10.0","","60","","","","","","0","","24.1","","99.90","","","","","","NA"
"-79.63","43.68","TORONTO INTL A","6158731","2025-07-19 01:00","2025","07","19","01:00","","17.3","","9.7","","61","","","","","","0","","24.1","","99.85","","","","","","Clear"
"-79.63","43.68","TORONTO INTL A","6158731","2025-07-19 02:00","2025","07","19","02:00","","17.3","","8.3","","55","","","","29","","5","","24.1","","99.83","","","","","","NA"
"-79.63","43.68","TORONTO INTL A","6158731","2025-07-19 03:00","2025","07","19","03:00","","15.8","","8.7","","62","","","","1","","7","","24.1","","99.82","","","","","","NA"
"-79.63","43.68","TORONTO INTL A","6158731","2025-07-19 04:00","2025","07","19","04:00","","15.2","","7.4","","59","","","","34","","10","","24.1","","99.82","","","","","","Clear"
"-79.63","43.68","TORONTO INTL A","6158731","2025-07-19 05:00","2025","07","19","05:00","","15.2","","7.6","","61","","","","2","","10","","24.1","","99.79","","","","","","NA"
"-79.63","43.68","TORONTO INTL A","6158731","2025-07-19 06:00","2025","07","19","06:00","","16.4","","8.3","","58","","","","1","","9","","24.1","","99.79","","","","","","NA"
"-79.63","43.68","TORONTO INTL A","6158731","2025-07-19 07:00","2025","07","19","07:00","","18.6","","8.8","","53","","","","2","","7","","24.1","","99.78","","","","","","Mainly Clear"
"-79.63","43.68","TORONTO INTL A","6158731","2025-07-19 08:00","2025","07","19","08:00","","20.9","","10.1","","50","","","","13","","6","","24.1","","99.73","","","","","","NA"
"-79.63","43.68","TORONTO INTL A","6158731","2025-07-19 09:00","2025","07","19","09:00","","22.5","","9.7","","44","","","","13","","8","","24.1","","99.70","","","","","","NA"
"-79.63","43.68","TORONTO INTL A","6158731","2025-07-19 10:00","2025","07","19","10:00","","23.2","","10.4","","44","","","","17","","8","","24.1","","99.67","","25","","","","Clear"
"-79.63","43.68","TORONTO INTL A","6158731","2025-07-19 11:00","2025","07","19","11:00","","23.6","","11.4","","46","","","","14","","15","","24.1","","99.63","","26","","","","NA"
"-79.63","43.68","TORONTO INTL A","6158731","2025-07-19 12:00","2025","07","19","12:00","","23.6","","12.0","","48","","","","15","","16","","24.1","","99.56","","26","","","","NA"
"-79.63","43.68","TORONTO INTL A","6158731","2025-07-19 13:00","2025","07","19","13:00","","23.9","","12.0","","47","","","","15","","17","","24.1","","99.52","","26","","","","Mostly Cloudy"
"-79.63","43.68","TORONTO INTL A","6158731","2025-07-19 14:00","2025","07","19","14:00","","25.5","","12.4","","44","","","","14","","13","","24.1","","99.45","","28","","","","NA"
"-79.63","43.68","TORONTO INTL A","6158731","2025-07-19 15:00","2025","07","19","15:00","","26.7","","12.8","","42","","","","16","","18","","24.1","","99.34","","29","","","","NA"
"-79.63","43.68","TORONTO INTL A","6158731","2025-07-19 16:00","2025","07","19","16:00","","25.1","","12.2","","44","","","","15","","16","","24.1","","99.31","","27","","","","Mostly Cloudy"
"-79.63","43.68","TORONTO INTL A","6158731","2025-07-19 17:00","2025","07","19","17:00","","24.4","","13.6","","50","","","","15","","14","","24.1","","99.28","","28","","","","NA"
"-79.63","43.68","TORONTO INTL A","6158731","2025-07-19 18:00","2025","07","19","18:00","","24.1","","13.8","","52","","","","15","","15","","24.1","","99.24","","27","","","","NA"
"-79.63","43.68","TORONTO INTL A","6158731","2025-07-19 19:00","2025","07","19","19:00","","23.2","","14.5","","58","","","","15","","14","","24.1","","99.22","","27","","","","Cloudy"
"-79.63","43.68","TORONTO INTL A","6158731","2025-07-19 20:00","2025","07","19","20:00","","22.6","","15.8","","65","","","","14","","10","","24.1","","99.19","","27","","","","NA"
"-79.63","43.68","TORONTO INTL A","6158731","2025-07-19 21:00","2025","07","19","21:00","","22.6","","16.8","","69","","","","14","","8","","24.1","","99.18","","28","","","","NA"
"-79.63","43.68","TORONTO INTL A","6158731","2025-07-19 22:00","2025","07","19","22:00","","22.8","","17.0","","69","","","","17","","8","","24.1","","99.15","","28","","","","Mostly Cloudy"
"-79.63","43.68","TORONTO INTL A","6158731","2025-07-19 23:00","2025","07","19","23:00","","23.0","","15.8","","63","","","","23","","4","","24.1","","99.12","","27","","","","NA"
"-79.63","43.68","TORONTO INTL A","6158731","2025-07-20 00:00","2025","07","20","00:00","","22.9","","16.3","","66","","","","16","","7","","24.1","","99.06","","28","","","","NA"
"-79.63","43.68","TORONTO INTL A","6158731","2025-07-20 01:00","2025","07","20","01:00","","23.0","","14.9","","60","","","","19","","5","","24.1","","98.99","","27","","","","Cloudy"
"-79.63","43.68","TORONTO INTL A","6158731","2025-07-20 02:00","2025","07","20","02:00","","22.1","","16.1","","68","","","","17","","7","","19.3","","98.93","","27","","","","NA"
"-79.63","43.68","TORONTO INTL A","6158731","2025-07-20 03:00","2025","07","20","03:00","","19.2","","18.2","","94","","","","33","","18","","3.2","","98.92","","","","","","Thunderstorms,Heavy Rain Showers,Fog"
"-79.63","43.68","TORONTO INTL A","6158731","2025-07-20 04:00","2025","07","20","04:00","","19.2","","18.5","","96","","","","27","","21","","3.2","","98.99","","","","","","Heavy Rain Showers,Fog"
"-79.63","43.68","TORONTO INTL A","6158731","2025-07-20 05:00","2025","07","20","05:00","","19.1","","18.6","","97","","","","34","","25","","12.9","","98.89","","","","","","Rain"
"-79.63","43.68","TORONTO INTL A","6158731","2025-07-20 06:00","2025","07","20","06:00","","20.7","","18.7","","88","","","","35","","16","","24.1","","98.92","","27","","","","NA"
"-79.63","43.68","TORONTO INTL A","6158731","2025-07-20 07:00","2025","07","20","07:00","","21.9","","19.1","","84","","","","31","","11","","24.1","","98.93","","29","","","","Clear"
"-79.63","43.68","TORONTO INTL A","6158731","2025-07-20 08:00","2025","07","20","08:00","","22.7","","19.2","","80","","","","34","","19","","24.1","","98.99","","30","","","","NA"
"-79.63","43.68","TORONTO INTL A","6158731","2025-07-20 09:00","2025","07","20","09:00","","22.7","","18.8","","78","","","","33","","17","","24.1","","98.99","","29","","","","NA"
"-79.63","43.68","TORONTO INTL A","6158731","2025-07-20 10:00","2025","07","20","10:00","","24.6","","19.3","","72","","","","36","","20","","24.1","","99.04","","32","","","","Mainly Clear"
"-79.63","43.68","TORONTO INTL A","6158731","2025-07-20 11:00","2025","07","20","11:00","","25.2","","18.8","","67","","","","1","","11","","24.1","","99.08","","32","","","","NA"
"-79.63","43.68","TORONTO INTL A","6158731","2025-07-20 12:00","2025","07","20","12:00","","24.7","","17.2","","62","","","","35","","25","","24.1","","99.11","","30","","","","NA"
"-79.63","43.68","TORONTO INTL A","6158731","2025-07-20 13:00","2025","07","20","13:00","","26.2","","16.2","","53","","","","34","","27","","24.1","","99.10","","31","","","","Mainly Clear"
"-79.63","43.68","TORONTO INTL A","6158731","2025-07-20 14:00","2025","07","20","14:00","","26.7","","15.9","","51","","","","34","","21","","24.1","","99.09","","31","","","","NA"
"-79.63","43.68","TORONTO INTL A","6158731","2025-07-20 15:00","2025","07","20","15:00","","27.5","","15.1","","46","","","","34","","26","","24.1","","99.07","","32","","","","NA"
"-79.63","43.68","TORONTO INTL A","6158731","2025-07-20 16:00","2025","07","20","16:00","","26.8","","15.6","","50","","","","36","","26","","24.1","","99.07","","31","","","","Mainly Clear"
"-79.63","43.68","TORONTO INTL A","6158731","2025-07-20 17:00","2025","07","20","17:00","","26.2","","15.1","","50","","","","36","","23","","24.1","","99.08","","30","","","","NA"
"-79.63","43.68","TORONTO INTL A","6158731","2025-07-20 18:00","2025","07","20","18:00","","25.5","","10.8","","39","","","","34","","30","","24.1","","99.11","","27","","","","NA"
"-79.63","43.68","TORONTO INTL A","6158731","2025-07-20 19:00","2025","07","20","19:00","","24.0","","11.4","","45","","","","35","","26","","24.1","","99.21","","26","","","","Clear"
"-79.63","43.68","TORONTO INTL A","6158731","2025-07-20 20:00","2025","07","20","20:00","","22.3","","12.4","","53","","","","35","","23","","24.1","","99.24","","25","","","","NA"
"-79.63","43.68","TORONTO INTL A","6158731","2025-07-20 21:00","2025","07","20","21:00","","21.5","","13.9","","62","","","","34","","19","","24.1","","99.31","","25","","","","NA"
"-79.63","43.68","TORONTO INTL A","6158731","2025-07-20 22:00","2025","07","20","22:00","","20.5","","14.1","","66","","","","31","","15","","24.1","","99.35","","","","","","Mainly Clear"
"-79.63","43.68","TORONTO INTL A","6158731","2025-07-20 23:00","2025","07","20","23:00","","20.2","","13.9","","67","","","","31","","22","","24.1","","99.38","","","","","","NA"
"-79.63","43.68","TORONTO INTL A","6158731","2025-07-21 00:00","2025","07","21","00:00","","19.1","","13.3","","68","","","","32","","22","","24.1","","99.40","","","","","","NA"
"-79.63","43.68","TORONTO INTL A","6158731","2025-07-21 01:00","2025","07","21","01:00","","18.5","","13.1","","70","","","","32","","22","","24.1","","99.39","","","","","","Clear"
"-79.63","43.68","TORONTO INTL A","6158731","2025-07-21 02:00","2025","07","21","02:00","","18.1","","13.3","","73","","","","33","","26","","24.1","","99.38","","","","","","NA"
"-79.63","43.68","TORONTO INTL A","6158731","2025-07-21 03:00","2025","07","21","03:00","","17.5","","13.5","","77","","","","35","","27","","24.1","","99.41","","","","","","NA"
"-79.63","43.68","TORONTO INTL A","6158731","2025-07-21 04:00","2025","07","21","04:00","","16.8","","12.1","","73","","","","36","","26","","24.1","","99.51","","","","","","Clear"
"-79.63","43.68","TORONTO INTL A","6158731","2025-07-21 05:00","2025","07","21","05:00","","16.1","","11.8","","75","","","","36","","13","","24.1","","99.62","","","","","","NA"
"-79.63","43.68","TORONTO INTL A","6158731","2025-07-21 06:00","2025","07","21","06:00","","16.5","","10.9","","69","","","","36","","17","","24.1","","99.67","","","","","","NA"
"-79.63","43.68","TORONTO INTL A","6158731","2025-07-21 07:00","2025","07","21","07:00","","17.2","","10.7","","65","","","","1","","17","","24.1","","99.69","","","","","","Clear"
"-79.63","43.68","TORONTO INTL A","6158731","2025-07-21 08:00","2025","07","21","08:00","","18.3","","9.9","","58","","","","2","","24","","24.1","","99.74","","","","","","NA"
"-79.63","43.68","TORONTO INTL A","6158731","2025-07-21 09:00","2025","07","21","09:00","","19.5","","9.8","","53","","","","4","","21","","24.1","","99.77","","","","","","NA"
"-79.63","43.68","TORONTO INTL A","6158731","2025-07-21 10:00","2025","07","21","10:00","","20.1","","7.7","","44","","","","36","","19","","24.1","","99.80","","","","","","Clear"
"-79.63","43.68","TORONTO INTL A","6158731","2025-07-21 11:00","2025","07","21","11:00","","20.6","","7.7","","43","","","","33","","20","","24.1","","99.84","","","","","","NA"
"-79.63","43.68","TORONTO INTL A","6158731","2025-07-21 12:00","2025","07","21","12:00","","21.3","","7.5","","40","","","","36","","23","","24.1","","99.81","","","","","","NA"
"-79.63","43.68","TORONTO INTL A","6158731","2025-07-21 13:00","2025","07","21","13:00","","21.7","","6.1","","36","","","","3","","17","","24.1","","99.77","","","","","","Clear"
"-79.63","43.68","TORONTO INTL A","6158731","2025-07-21 14:00","2025","07","21","14:00","","22.9","","7.1","","36","","","","2","","16","","24.1","","99.75","","","","","","NA"
"-79.63","43.68","TORONTO INTL A","6158731","2025-07-21 15:00","2025","07","21","15:00","","23.2","","8.7","","39","","","","2","","11","","24.1","","99.72","","","","","","NA"
"-79.63","43.68","TORONTO INTL A","6158731","2025-07-21 16:00","2025","07","21","16:00","","23.1","","9.6","","42","","","","12","","3","","24.1","","99.72","","","","","","Mainly Clear"
"-79.63","43.68","TORONTO INTL A","6158731","2025-07-21 17:00","2025","07","21","17:00","","22.3","","10.2","","46","","","","16","","13","","24.1","","99.71","","","","","","NA"
"-79.63","43.68","TORONTO INTL A","6158731","2025-07-21 18:00","2025","07","21","18:00","","20.7","","9.6","","49","","","","16","","15","","24.1","","99.75","","","","","","NA"
"-79.63","43.68","TORONTO INTL A","6158731","2025-07-21 19:00","2025","07","21","19:00","","20.8","","10.1","","50","","","","13","","10","","24.1","","99.77","","","","","","Mainly Clear"
"-79.63","43.68","TORONTO INTL A","6158731","2025-07-21 20:00","2025","07","21","20:00","","20.0","","10.9","","56","","","","35","","16","","24.1","","99.81","","","","","","NA"
"-79.63","43.68","TORONTO INTL A","6158731","2025-07-21 21:00","2025","07","21","21:00","","18.7","","10.8","","59","","","","36","","18","","24.1","","99.88","","","","","","NA"
"-79.63","43.68","TORONTO INTL A","6158731","2025-07-21 22:00","2025","07","21","22:00","","17.2","","11.2","","68","","","","36","","18","","24.1","","99.91","","","","","","Mainly Clear"
"-79.63","43.68","TORONTO INTL A","6158731","2025-07-21 23:00","2025","07","21","23:00","","16.7","","11.5","","71","","","","36","","17","","24.1","","99.93","","","","","","NA"
"-79.63","43.68","TORONTO INTL A","6158731","2025-07-22 00:00","2025","07","22","00:00","","16.1","","11.6","","74","","","","36","","18","","24.1","","99.92","","","","","","NA"
"-79.63","43.68","TORONTO INTL A","6158731","2025-07-22 01:00","2025","07","22","01:00","","15.6","","11.6","","77","","","","36","","15","","24.1","","99.94","","","","","","Mainly Clear"
"-79.63","43.68","TORONTO INTL A","6158731","2025-07-22 02:00","2025","07","22","02:00","","15.3","","11.4","","77","","","","36","","16","","24.1","","99.96","","","","","","NA"
"-79.63","43.68","TORONTO INTL A","6158731","2025-07-22 03:00","2025","07","22","03:00","","14.6","","10.9","","78","","","","2","","9","","24.1","","99.97","","","","","","NA"
"-79.63","43.68","TORONTO INTL A","6158731","2025-07-22 04:00","2025","07","22","04:00","","15.5","","8.7","","63","","","","5","","9","","24.1","","100.00","","","","","","Mainly Clear"
"-79.63","43.68","TORONTO INTL A","6158731","2025-07-22 05:00","2025","07","22","05:00","","15.3","","8.4","","63","","","","5","","13","","24.1","","100.09","","","","","","NA"
"-79.63","43.68","TORONTO INTL A","6158731","2025-07-22 06:00","2025","07","22","06:00","","16.1","","9.0","","62","","","","3","","11","","24.1","","100.15","","","","","","NA"
"-79.63","43.68","TORONTO INTL A","6158731","2025-07-22 07:00","2025","07","22","07:00","","17.5","","10.6","","63","","","","3","","9","","24.1","","100.18","","","","","","Clear"
"-79.63","43.68","TORONTO INTL A","6158731","2025-07-22 08:00","2025","07","22","08:00","","19.3","","13.4","","69","","","","9","","10","","24.1","","100.15","","","","","","NA"
"-79.63","43.68","TORONTO INTL A","6158731","2025-07-22 09:00","2025","07","22","09:00","","20.7","","12.6","","59","","","","11","","12","","24.1","","100.15","","","","","","NA"
"-79.63","43.68","TORONTO INTL A","6158731","2025-07-22 10:00","2025","07","22","10:00","","21.0","","13.4","","62","","","","14","","19","","24.1","","100.16","","","","","","Mostly Cloudy"
"-79.63","43.68","TORONTO INTL A","6158731","2025-07-22 11:00","2025","07","22","11:00","","22.4","","12.9","","54","","","","16","","14","","24.1","","100.14","","25","","","","NA"
"-79.63","43.68","TORONTO INTL A","6158731","2025-07-22 12:00","2025","07","22","12:00","","22.1","","12.5","","54","","","","15","","10","","24.1","","100.14","","25","","","","NA"
"-79.63","43.68","TORONTO INTL A","6158731","2025-07-22 13:00","2025","07","22","13:00","","23.3","","12.2","","49","","","","16","","14","","24.1","","100.12","","26","","","","Mainly Clear"
"-79.63","43.68","TORONTO INTL A","6158731","2025-07-22 14:00","2025","07","22","14:00","","23.1","","11.7","","48","","","","7","","8","","24.1","","100.12","","25","","","","NA"
"-79.63","43.68","TORONTO INTL A","6158731","2025-07-22 15:00","2025","07","22","15:00","","23.7","","11.4","","45","","","","15","","19","","24.1","","100.12","","26","","","","NA"
"-79.63","43.68","TORONTO INTL A","6158731","2025-07-22 16:00","2025","07","22","16:00","","23.2","","10.7","","45","","","","14","","19","","24.1","","100.02","","25","","","","Mainly Clear"
"-79.63","43.68","TORONTO INTL A","6158731","2025-07-22 17:00","2025","07","22","17:00","","22.9","","12.1","","50","","","","15","","13","","24.1","","100.01","","25","","","","NA"
"-79.63","43.68","TORONTO INTL A","6158731","2025-07-22 18:00","2025","07","22","18:00","","22.2","","12.1","","52","","","","14","","15","","24.1","","100.05","","25","","","","NA"
"-79.63","43.68","TORONTO INTL A","6158731","2025-07-22 19:00","2025","07","22","19:00","","21.3","","12.8","","58","","","","12","","12","","24.1","","100.05","","","","","","Mainly Clear"
"-79.63","43.68","TORONTO INTL A","6158731","2025-07-22 20:00","2025","07","22","20:00","","20.1","","12.7","","62","","","","13","","11","","24.1","","100.06","","","","","","NA"
"-79.63","43.68","TORONTO INTL A","6158731","2025-07-22 21:00","2025","07","22","21:00","","19.6","","13.4","","67","","","","12","","9","","24.1","","100.08","","","","","","NA"
"-79.63","43.68","TORONTO INTL A","6158731","2025-07-22 22:00","2025","07","22","22:00","","19.8","","13.3","","66","","","","12","","8","","24.1","","100.11","","","","","","Mainly Clear"
"-79.63","43.68","TORONTO INTL A","6158731","2025-07-22 23:00","2025","07","22","23:00","","19.7","","12.6","","63","","","","13","","7","","24.1","","100.11","","","","","","NA"
"-79.63","43.68","TORONTO INTL A","6158731","2025-07-23 00:00","2025","07","23","00:00","","19.2","","13.3","","68","","","","11","","7","","24.1","","100.10","","","","","","NA"
"-79.63","43.68","TORONTO INTL A","6158731","2025-07-23 01:00","2025","07","23","01:00","","19.1","","14.4","","74","","","","13","","6","","24.1","","100.09","","","","","","Clear"
"-79.63","43.68","TORONTO INTL A","6158731","2025-07-23 02:00","2025","07","23","02:00","","18.4","","14.7","","78","","","","6","","5","","24.1","","100.15","","","","","","NA"
"-79.63","43.68","TORONTO INTL A","6158731","2025-07-23 03:00","2025","07","23","03:00","","17.5","","13.7","","78","","","","34","","5","","24.1","","100.15","","","","","","NA"
"-79.63","43.68","TORONTO INTL A","6158731","2025-07-23 04:00","2025","07","23","04:00","","15.9","","13.1","","83","","","","4","","3","","24.1","","100.16","","","","","","Clear"
"-79.63","43.68","TORONTO INTL A","6158731","2025-07-23 05:00","2025","07","23","05:00","","17.1","","13.4","","79","","","","5","","5","","24.1","","100.15","","","","","","NA"
"-79.63","43.68","TORONTO INTL A","6158731","2025-07-23 06:00","2025","07","23","06:00","","18.0","","14.7","","81","","","","9","","5","","24.1","","100.13","","","","","","NA"
"-79.63","43.68","TORONTO INTL A","6158731","2025-07-23 07:00","2025","07","23","07:00","","20.0","","15.9","","77","","","","7","","7","","24.1","","100.13","","25","","","","Clear"
"-79.63","43.68","TORONTO INTL A","6158731","2025-07-23 08:00","2025","07","23","08:00","","21.6","","14.7","","64","","","","11","","11","","24.1","","100.12","","25","","","","NA"
"-79.63","43.68","TORONTO INTL A","6158731","2025-07-23 09:00","2025","07","23","09:00","","23.2","","13.6","","54","","","","16","","14","","24.1","","100.11","","26","","","","NA"
"-79.63","43.68","TORONTO INTL A","6158731","2025-07-23 10:00","2025","07","23","10:00","","23.4","","15.1","","59","","","","15","","12","","24.1","","100.11","","27","","","","Clear"
"-79.63","43.68","TORONTO INTL A","6158731","2025-07-23 11:00","2025","07","23","11:00","","24.2","","14.5","","54","","","","10","","13","","24.1","","100.12","","28","","","","NA"
"-79.63","43.68","TORONTO INTL A","6158731","2025-07-23 12:00","2025","07","23","12:00","","25.5","","12.6","","44","","","","13","","14","","24.1","","100.09","","28","","","","NA"
"-79.63","43.68","TORONTO INTL A","6158731","2025-07-23 13:00","2025","07","23","13:00","","26.2","","13.9","","46","","","","15","","7","","24.1","","100.04","","30","","","","Mainly Clear"
"-79.63","43.68","TORONTO INTL A","6158731","2025-07-23 14:00","2025","07","23","14:00","","27.0","","12.7","","41","","","","14","","12","","24.1","","99.99","","30","","","","NA"
"-79.63","43.68","TORONTO INTL A","6158731","2025-07-23 15:00","2025","07","23","15:00","","27.4","","13.8","","43","","","","14","","14","","24.1","","99.93","","31","","","","NA"
"-79.63","43.68","TORONTO INTL A","6158731","2025-07-23 16:00","2025","07","23","16:00","","26.6","","14.9","","48","","","","13","","13","","24.1","","99.89","","31","","","","Mainly Clear"
"-79.63","43.68","TORONTO INTL A","6158731","2025-07-23 17:00","2025","07","23","17:00","","25.6","","14.2","","49","","","","14","","14","","24.1","","99.84","","29","","","","NA"
"-79.63","43.68","TORONTO INTL A","6158731","2025-07-23 18:00","2025","07","23","18:00","","24.4","","15.0","","55","","","","14","","16","","24.1","","99.85","","28","","","","NA"
"-79.63","43.68","TORONTO INTL A","6158731","2025-07-23 19:00","2025","07","23","19:00","","23.6","","15.3","","59","","","","14","","16","","24.1","","99.84","","28","","","","Mainly Clear"
"-79.63","43.68","TORONTO INTL A","6158731","2025-07-23 20:00","2025","07","23","20:00","","22.3","","16.7","","70","","","","14","","10","","24.1","","99.82","","27","","","","NA"
"-79.63","43.68","TORONTO INTL A","6158731","2025-07-23 21:00","2025","07","23","21:00","","22.0","","17.4","","75","","","","14","","12","","24.1","","99.78","","28","","","","NA"
"-79.63","43.68","TORONTO INTL A","6158731","2025-07-23 22:00","2025","07","23","22:00","","21.6","","17.6","","77","","","","14","","9","","24.1","","99.76","","27","","","","Clear"
"-79.63","43.68","TORONTO INTL A","6158731","2025-07-23 23:00","2025","07","23","23:00","","20.8","","17.7","","82","","","","25","","5","","24.1","","99.78","","27","","","","NA"
"-79.63","43.68","TORONTO INTL A","6158731","2025-07-24 00:00","2025","07","24","00:00","","21.0","","17.5","","80","","","","24","","6","","24.1","","99.77","","27","","","","NA"
"-79.63","43.68","TORONTO INTL A","6158731","2025-07-24 01:00","2025","07","24","01:00","","20.8","","16.0","","74","","","","20","","7","","24.1","","99.67","","25","","","","Clear"
"-79.63","43.68","TORONTO INTL A","6158731","2025-07-24 02:00","2025","07","24","02:00","","20.5","","15.8","","74","","","","21","","11","","24.1","","99.66","","25","","","","NA"
"-79.63","43.68","TORONTO INTL A","6158731","2025-07-24 03:00","2025","07","24","03:00","","20.6","","14.9","","69","","","","20","","8","","24.1","","99.57","","25","","","","NA"
"-79.63","43.68","TORONTO INTL A","6158731","2025-07-24 04:00","2025","07","24","04:00","","20.2","","15.0","","72","","","","19","","7","","24.1","","99.53","","","","","","Mainly Clear"
"-79.63","43.68","TORONTO INTL A","6158731","2025-07-24 05:00","2025","07","24","05:00","","19.2","","15.2","","77","","","","28","","8","","24.1","","99.65","","","","","","NA"
"-79.63","43.68","TORONTO INTL A","6158731","2025-07-24 06:00","2025","07","24","06:00","","22.2","","15.5","","65","","","","23","","7","","24.1","","99.65","","26","","","","NA"
"-79.63","43.68","TORONTO INTL A","6158731","2025-07-24 07:00","2025","07","24","07:00","","24.1","","16.6","","62","","","","20","","11","","24.1","","99.64","","29","","","","Mostly Cloudy"
"-79.63","43.68","TORONTO INTL A","6158731","2025-07-24 08:00","2025","07","24","08:00","","25.8","","17.9","","61","","","","21","","11","","24.1","","99.64","","32","","","","NA"
"-79.63","43.68","TORONTO INTL A","6158731","2025-07-24 09:00","2025","07","24","09:00","","28.4","","20.8","","63","","","","25","","17","","24.1","","99.61","","37","","","","NA"
"-79.63","43.68","TORONTO INTL A","6158731","2025-07-24 10:00","2025","07","24","10:00","","29.2","","21.8","","64","","","","22","","21","","24.1","","99.59","","38","","","","Mostly Cloudy"
"-79.63","43.68","TORONTO INTL A","6158731","2025-07-24 11:00","2025","07","24","11:00","","30.9","","24.0","","66","","","","24","","17","","24.1","","99.56","","42","","","","NA"
"-79.63","43.68","TORONTO INTL A","6158731","2025-07-24 12:00","2025","07","24","12:00","","31.6","","23.7","","62","","","","23","","20","","24.1","","99.46","","43","","","","NA"
"-79.63","43.68","TORONTO INTL A","6158731","2025-07-24 13:00","2025","07","24","13:00","","31.7","","23.4","","61","","","","21","","29","","24.1","","99.37","","42","","","","Mostly Cloudy"
"-79.63","43.68","TORONTO INTL A","6158731","2025-07-24 14:00","2025","07","24","14:00","","32.0","","23.3","","60","","","","21","","22","","24.1","","99.34","","43","","","","NA"
"-79.63","43.68","TORONTO INTL A","6158731","2025-07-24 15:00","2025","07","24","15:00","","32.3","","22.9","","57","","","","23","","27","","24.1","","99.30","","42","","","","NA"
"-79.63","43.68","TORONTO INTL A","6158731","2025-07-24 16:00","2025","07","24","16:00","","33.2","","22.9","","54","","","","24","","33","","24.1","","99.26","","43","","","","Mostly Cloudy"
"-79.63","43.68","TORONTO INTL A","6158731","2025-07-24 17:00","2025","07","24","17:00","","32.7","","22.2","","53","","","","24","","36","","24.1","","99.26","","42","","","","NA"
"-79.63","43.68","TORONTO INTL A","6158731","2025-07-24 18:00","2025","07","24","18:00","","31.5","","21.7","","56","","","","23","","30","","24.1","","99.27","","41","","","","NA"
"-79.63","43.68","TORONTO INTL A","6158731","2025-07-24 19:00","2025","07","24","19:00","","30.6","","22.3","","61","","","","26","","25","","19.3","","99.32","","40","","","","Mostly Cloudy"
"-79.63","43.68","TORONTO INTL A","6158731","2025-07-24 20:00","2025","07","24","20:00","","24.2","","21.3","","84","","","","24","","14","","11.3","","99.37","","33","","","","Thunderstorms,Rain Showers"
"-79.63","43.68","TORONTO INTL A","6158731","2025-07-24 21:00","2025","07","24","21:00","","23.3","","21.3","","88","","","","24","","12","","16.1","","99.33","","32","","","","Thunderstorms"
"-79.63","43.68","TORONTO INTL A","6158731","2025-07-24 22:00","2025","07","24","22:00","","23.0","","21.1","","89","","","","26","","14","","16.1","","99.32","","32","","","","Rain Showers"
"-79.63","43.68","TORONTO INTL A","6158731","2025-07-24 23:00","2025","07","24","23:00","","22.9","","21.1","","89","","","","25","","20","","24.1","","99.35","","31","","","","NA"
"-79.63","43.68","TORONTO INTL A","6158731","2025-07-25 00:00","2025","07","25","00:00","","22.8","","21.1","","90","","","","26","","20","","24.1","","99.35","","31","","","","NA"
"-79.63","43.68","TORONTO INTL A","6158731","2025-07-25 01:00","2025","07","25","01:00","","23.5","","21.3","","88","","","","30","","19","","24.1","","99.27","","32","","","","Mostly Cloudy"
"-79.63","43.68","TORONTO INTL A","6158731","2025-07-25 02:00","2025","07","25","02:00","","23.0","","21.2","","90","","","","27","","11","","24.1","","99.28","","32","","","","NA"
"-79.63","43.68","TORONTO INTL A","6158731","2025-07-25 03:00","2025","07","25","03:00","","22.8","","21.1","","90","","","","26","","12","","24.1","","99.30","","31","","","","NA"
"-79.63","43.68","TORONTO INTL A","6158731","2025-07-25 04:00","2025","07","25","04:00","","22.8","","20.9","","89","","","","28","","13","","24.1","","99.32","","31","","","","Mostly Cloudy"
"-79.63","43.68","TORONTO INTL A","6158731","2025-07-25 05:00","2025","07","25","05:00","","22.8","","20.8","","88","","","","28","","12","","24.1","","99.35","","31","","","","NA"
"-79.63","43.68","TORONTO INTL A","6158731","2025-07-25 06:00","2025","07","25","06:00","","23.2","","20.9","","87","","","","28","","13","","19.3","","99.41","","32","","","","NA"
"-79.63","43.68","TORONTO INTL A","6158731","2025-07-25 07:00","2025","07","25","07:00","","23.3","","20.6","","84","","","","27","","14","","19.3","","99.46","","31","","","","Rain Showers"
"-79.63","43.68","TORONTO INTL A","6158731","2025-07-25 08:00","2025","07","25","08:00","","23.9","","20.2","","80","","","","29","","12","","24.1","","99.50","","32","","","","NA"
"-79.63","43.68","TORONTO INTL A","6158731","2025-07-25 09:00","2025","07","25","09:00","","25.1","","19.9","","72","","","","30","","15","","24.1","","99.52","","33","","","","NA"
"-79.63","43.68","TORONTO INTL A","6158731","2025-07-25 10:00","2025","07","25","10:00","","26.1","","20.6","","71","","","","33","","11","","24.1","","99.55","","34","","","","Mostly Cloudy"
"-79.63","43.68","TORONTO INTL A","6158731","2025-07-25 11:00","2025","07","25","11:00","","26.7","","21.1","","71","","","","30","","7","","24.1","","99.54","","35","","","","NA"
"-79.63","43.68","TORONTO INTL A","6158731","2025-07-25 12:00","2025","07","25","12:00","","27.6","","19.5","","61","","","","31","","16","","24.1","","99.56","","35","","","","NA"
"-79.63","43.68","TORONTO INTL A","6158731","2025-07-25 13:00","2025","07","25","13:00","","28.2","","19.3","","58","","","","35","","14","","24.1","","99.54","","35","","","","Mostly Cloudy"
"-79.63","43.68","TORONTO INTL A","6158731","2025-07-25 14:00","2025","07","25","14:00","","28.8","","18.4","","53","","","","35","","16","","24.1","","99.53","","35","","","","NA"
"-79.63","43.68","TORONTO INTL A","6158731","2025-07-25 15:00","2025","07","25","15:00","","29.2","","18.2","","51","","","","35","","12","","24.1","","99.47","","35","","","","NA"
"-79.63","43.68","TORONTO INTL A","6158731","2025-07-25 16:00","2025","07","25","16:00","","29.4","","18.9","","53","","","","33","","18","","24.1","","99.48","","36","","","","Mainly Clear"
"-79.63","43.68","TORONTO INTL A","6158731","2025-07-25 17:00","2025","07","25","17:00","","29.2","","17.5","","49","","","","34","","18","","24.1","","99.50","","35","","","","NA"
"-79.63","43.68","TORONTO INTL A","6158731","2025-07-25 18:00","2025","07","25","18:00","","28.1","","16.4","","48","","","","35","","20","","20.9","","99.53","","33","","","","NA"
"-79.63","43.68","TORONTO INTL A","6158731","2025-07-25 19:00","2025","07","25","19:00","","26.7","","15.0","","48","","","","36","","19","","20.9","","99.58","","31","","","","Mostly Cloudy"
"-79.63","43.68","TORONTO INTL A","6158731","2025-07-25 20:00","2025","07","25","20:00","","25.3","","16.1","","56","","","","36","","11","","16.1","","99.63","","30","","","","NA"
"-79.63","43.68","TORONTO INTL A","6158731","2025-07-25 21:00","2025","07","25","21:00","","24.8","","16.5","","59","","","","34","","20","","24.1","","99.68","","30","","","","NA"
"-79.63","43.68","TORONTO INTL A","6158731","2025-07-25 22:00","2025","07","25","22:00","","22.9","","16.2","","65","","","","1","","16","","24.1","","99.69","","28","","","","Clear"
"-79.63","43.68","TORONTO INTL A","6158731","2025-07-25 23:00","2025","07","25","23:00","","22.0","","15.7","","67","","","","36","","13","","24.1","","99.73","","26","","","","NA"
"-79.63","43.68","TORONTO INTL A","6158731","2025-07-26 00:00","2025","07","26","00:00","","21.6","","15.7","","69","","","","34","","11","","24.1","","99.77","","26","","","","NA"
"-79.63","43.68","TORONTO INTL A","6158731","2025-07-26 01:00","2025","07","26","01:00","","20.8","","15.7","","72","","","","32","","12","","24.1","","99.74","","25","","","","Clear"
"-79.63","43.68","TORONTO INTL A","6158731","2025-07-26 02:00","2025","07","26","02:00","","20.6","","16.1","","75","","","","33","","13","","24.1","","99.72","","25","","","","NA"
"-79.63","43.68","TORONTO INTL A","6158731","2025-07-26 03:00","2025","07","26","03:00","","20.2","","16.0","","77","","","","33","","13","","24.1","","99.71","","25","","","","NA"
"-79.63","43.68","TORONTO INTL A","6158731","2025-07-26 04:00","2025","07","26","04:00","","19.8","","15.9","","78","","","","34","","8","","24.1","","99.73","","","","","","Clear"
"-79.63","43.68","TORONTO INTL A","6158731","2025-07-26 05:00","2025","07","26","05:00","","19.6","","15.9","","79","","","","35","","6","","16.1","","99.77","","","","","","NA"
"-79.63","43.68","TORONTO INTL A","6158731","2025-07-26 06:00","2025","07","26","06:00","","19.7","","16.2","","80","","","","36","","8","","19.3","","99.79","","","","","","NA"
"-79.63","43.68","TORONTO INTL A","6158731","2025-07-26 07:00","2025","07","26","07:00","","21.8","","17.1","","74","","","","4","","7","","24.1","","99.76","","27","","","","Mostly Cloudy"
"-79.63","43.68","TORONTO INTL A","6158731","2025-07-26 08:00","2025","07","26","08:00","","23.6","","18.0","","71","","","","13","","7","","24.1","","99.80","","30","","","","NA"
"-79.63","43.68","TORONTO INTL A","6158731","2025-07-26 09:00","2025","07","26","09:00","","25.4","","19.7","","70","","","","15","","10","","24.1","","99.76","","33","","","","NA"
"-79.63","43.68","TORONTO INTL A","6158731","2025-07-26 10:00","2025","07","26","10:00","","25.9","","20.8","","73","","","","15","","11","","24.1","","99.75","","34","","","","Mostly Cloudy"
"-79.63","43.68","TORONTO INTL A","6158731","2025-07-26 11:00","2025","07","26","11:00","","26.3","","20.5","","70","","","","14","","10","","24.1","","99.72","","34","","","","NA"
"-79.63","43.68","TORONTO INTL A","6158731","2025-07-26 12:00","2025","07","26","12:00","","27.6","","22.1","","71","","","","16","","11","","24.1","","99.67","","37","","","","NA"
"-79.63","43.68","TORONTO INTL A","6158731","2025-07-26 13:00","2025","07","26","13:00","","28.5","","21.3","","64","","","","14","","16","","24.1","","99.58","","37","","","","Mostly Cloudy"
"-79.63","43.68","TORONTO INTL A","6158731","2025-07-26 14:00","2025","07","26","14:00","","28.2","","20.9","","64","","","","15","","22","","24.1","","99.54","","37","","","","NA"
"-79.63","43.68","TORONTO INTL A","6158731","2025-07-26 15:00","2025","07","26","15:00","","27.8","","21.2","","67","","","","14","","14","","24.1","","99.51","","36","","","","NA"
"-79.63","43.68","TORONTO INTL A","6158731","2025-07-26 16:00","2025","07","26","16:00","","26.1","","20.6","","71","","","","15","","19","","24.1","","99.47","","34","","","","Cloudy"
"-79.63","43.68","TORONTO INTL A","6158731","2025-07-26 17:00","2025","07","26","17:00","","24.6","","21.0","","80","","","","16","","12","","19.3","","99.46","","33","","","","Rain Showers"
"-79.63","43.68","TORONTO INTL A","6158731","2025-07-26 18:00","2025","07","26","18:00","","23.4","","22.2","","93","","","","16","","7","","19.3","","99.47","","33","","","","Moderate Rain Showers"
"-79.63","43.68","TORONTO INTL A","6158731","2025-07-26 19:00","2025","07","26","19:00","","23.2","","22.1","","93","","","","13","","9","","20.9","","99.40","","33","","","","Rain Showers"
"-79.63","43.68","TORONTO INTL A","6158731","2025-07-26 20:00","2025","07","26","20:00","","23.1","","22.0","","93","","","","13","","7","","24.1","","99.40","","32","","","","Rain Showers"
"-79.63","43.68","TORONTO INTL A","6158731","2025-07-26 21:00","2025","07","26","21:00","","23.1","","22.2","","95","","","","13","","8","","19.3","","99.34","","33","","","","NA"
"-79.63","43.68","TORONTO INTL A","6158731","2025-07-26 22:00","2025","07","26","22:00","","23.1","","22.4","","96","","","","14","","8","","19.3","","99.34","","33","","","","Mostly Cloudy"
"-79.63","43.68","TORONTO INTL A","6158731","2025-07-26 23:00","2025","07","26","23:00","","23.5","","22.7","","95","","","","21","","10","","16.1","","99.34","","33","","","","NA"
"-79.63","43.68","TORONTO INTL A","6158731","2025-07-27 00:00","2025","07","27","00:00","","23.7","","22.6","","93","","","","24","","9","","19.3","","99.35","","34","","","","NA"
"-79.63","43.68","TORONTO INTL A","6158731","2025-07-27 01:00","2025","07","27","01:00","","23.7","","22.4","","93","","","","23","","6","","19.3","","99.30","","33","","","","Mostly Cloudy"
"-79.63","43.68","TORONTO INTL A","6158731","2025-07-27 02:00","2025","07","27","02:00","","23.7","","22.3","","92","","","","23","","9","","24.1","","99.26","","33","","","","NA"
"-79.63","43.68","TORONTO INTL A","6158731","2025-07-27 03:00","2025","07","27","03:00","","23.6","","22.3","","93","","","","23","","11","","24.1","","99.25","","33","","","","NA"
"-79.63","43.68","TORONTO INTL A","6158731","2025-07-27 04:00","2025","07","27","04:00","","23.3","","22.0","","92","","","","25","","11","","24.1","","99.22","","33","","","","Mostly Cloudy"
"-79.63","43.68","TORONTO INTL A","6158731","2025-07-27 05:00","2025","07","27","05:00","","22.8","","21.6","","93","","","","24","","13","","17.7","","99.24","","32","","","","NA"
"-79.63","43.68","TORONTO INTL A","6158731","2025-07-27 06:00","2025","07","27","06:00","","23.6","","21.9","","90","","","","23","","17","","24.1","","99.26","","33","","","","NA"
"-79.63","43.68","TORONTO INTL A","6158731","2025-07-27 07:00","2025","07","27","07:00","","24.5","","22.4","","88","","","","28","","10","","24.1","","99.34","","34","","","","Mostly Cloudy"
"-79.63","43.68","TORONTO INTL A","6158731","2025-07-27 08:00","2025","07","27","08:00","","25.6","","21.5","","78","","","","32","","19","","24.1","","99.37","","34","","","","NA"
"-79.63","43.68","TORONTO INTL A","6158731","2025-07-27 09:00","2025","07","27","09:00","","26.4","","20.6","","70","","","","29","","22","","24.1","","99.36","","34","","","","NA"
"-79.63","43.68","TORONTO INTL A","6158731","2025-07-27 10:00","2025","07","27","10:00","","28.1","","20.9","","65","","","","27","","22","","24.1","","99.40","","36","","","","Mainly Clear"
"-79.63","43.68","TORONTO INTL A","6158731","2025-07-27 11:00","2025","07","27","11:00","","29.1","","20.5","","59","","","","30","","17","","24.1","","99.39","","37","","","","NA"
"-79.63","43.68","TORONTO INTL A","6158731","2025-07-27 12:00","2025","07","27","12:00","","29.8","","20.7","","58","","","","29","","18","","24.1","","99.38","","38","","","","NA"
"-79.63","43.68","TORONTO INTL A","6158731","2025-07-27 13:00","2025","07","27","13:00","","30.5","","20.4","","54","","","","29","","31","","24.1","","99.38","","38","","","","Mainly Clear"
"-79.63","43.68","TORONTO INTL A","6158731","2025-07-27 14:00","2025","07","27","14:00","","31.3","","19.6","","49","","","","30","","26","","24.1","","99.34","","39","","","","NA"
"-79.63","43.68","TORONTO INTL A","6158731","2025-07-27 15:00","2025","07","27","15:00","","31.9","","20.2","","49","","","","29","","26","","24.1","","99.34","","40","","","","NA"
"-79.63","43.68","TORONTO INTL A","6158731","2025-07-27 16:00","2025","07","27","16:00","","32.0","","18.4","","44","","","","29","","29","","24.1","","99.33","","38","","","","Clear"
"-79.63","43.68","TORONTO INTL A","6158731","2025-07-27 17:00","2025","07","27","17:00","","31.6","","19.1","","47","","","","30","","27","","24.1","","99.34","","38","","","","NA"
"-79.63","43.68","TORONTO INTL A","6158731","2025-07-27 18:00","2025","07","27","18:00","","30.9","","18.4","","47","","","","29","","24","","24.1","","99.40","","37","","","","NA"
"-79.63","43.68","TORONTO INTL A","6158731","2025-07-27 19:00","2025","07","27","19:00","","28.4","","20.3","","61","","","","36","","26","","24.1","","99.47","","36","","","","Clear"
"-79.63","43.68","TORONTO INTL A","6158731","2025-07-27 20:00","2025","07","27","20:00","","26.5","","19.0","","63","","","","34","","17","","24.1","","99.58","","33","","","","NA"
"-79.63","43.68","TORONTO INTL A","6158731","2025-07-27 21:00","2025","07","27","21:00","","25.1","","18.6","","67","","","","1","","16","","24.1","","99.61","","32","","","","NA"
"-79.63","43.68","TORONTO INTL A","6158731","2025-07-27 22:00","2025","07","27","22:00","","24.3","","18.5","","70","","","","34","","11","","24.1","","99.63","","31","","","","Clear"
"-79.63","43.68","TORONTO INTL A","6158731","2025-07-27 23:00","2025","07","27","23:00","","23.6","","19.1","","75","","","","29","","9","","24.1","","99.65","","30","","","","NA"
"-79.63","43.68","TORONTO INTL A","6158731","2025-07-28 00:00","2025","07","28","00:00","","23.7","","18.9","","74","","","","31","","13","","24.1","","99.66","","30","","","","NA"
"-79.63","43.68","TORONTO INTL A","6158731","2025-07-28 01:00","2025","07","28","01:00","","22.6","","18.6","","78","","","","31","","13","","24.1","","99.67","","29","","","","Clear"
"-79.63","43.68","TORONTO INTL A","6158731","2025-07-28 02:00","2025","07","28","02:00","","21.9","","18.2","","79","","","","28","","3","","24.1","","99.69","","28","","","","NA"
"-79.63","43.68","TORONTO INTL A","6158731","2025-07-28 03:00","2025","07","28","03:00","","20.9","","17.9","","83","","","","29","","7","","24.1","","99.66","","27","","","","NA"
"-79.63","43.68","TORONTO INTL A","6158731","2025-07-28 04:00","2025","07","28","04:00","","21.3","","18.0","","81","","","","1","","4","","24.1","","99.68","","27","","","","Clear"
"-79.63","43.68","TORONTO INTL A","6158731","2025-07-28 05:00","2025","07","28","05:00","","20.6","","17.7","","83","","","","26","","5","","24.1","","99.71","","26","","","","NA"
"-79.63","43.68","TORONTO INTL A","6158731","2025-07-28 06:00","2025","07","28","06:00","","22.5","","17.7","","74","","","","23","","5","","24.1","","99.75","","28","","","","NA"
"-79.63","43.68","TORONTO INTL A","6158731","2025-07-28 07:00","2025","07","28","07:00","","24.5","","18.5","","69","","","","","","0","","24.1","","99.75","","31","","","","Mainly Clear"
"-79.63","43.68","TORONTO INTL A","6158731","2025-07-28 08:00","2025","07","28","08:00","","26.6","","18.3","","60","","","","19","","10","","24.1","","99.73","","33","","","","NA"
"-79.63","43.68","TORONTO INTL A","6158731","2025-07-28 09:00","2025","07","28","09:00","","28.4","","19.1","","57","","","","24","","12","","24.1","","99.75","","35","","","","NA"
"-79.63","43.68","TORONTO INTL A","6158731","2025-07-28 10:00","2025","07","28","10:00","","29.2","","19.3","","54","","","","20","","9","","24.1","","99.71","","36","","","","Mainly Clear"
"-79.63","43.68","TORONTO INTL A","6158731","2025-07-28 11:00","2025","07","28","11:00","","30.4","","18.4","","48","","","","23","","14","","24.1","","99.70","","37","","","","NA"
"-79.63","43.68","TORONTO INTL A","6158731","2025-07-28 12:00","2025","07","28","12:00","","31.2","","18.9","","47","","","","23","","15","","24.1","","99.67","","38","","","","NA"
"-79.63","43.68","TORONTO INTL A","6158731","2025-07-28 13:00","2025","07","28","13:00","","32.5","","18.8","","44","","","","22","","9","","24.1","","99.65","","39","","","","Mainly Clear"
"-79.63","43.68","TORONTO INTL A","6158731","2025-07-28 14:00","2025","07","28","14:00","","31.7","","19.7","","48","","","","11","","5","","24.1","","99.57","","39","","","","NA"
"-79.63","43.68","TORONTO INTL A","6158731","2025-07-28 15:00","2025","07","28","15:00","","32.9","","18.7","","42","","","","22","","17","","24.1","","99.53","","39","","","","NA"
"-79.63","43.68","TORONTO INTL A","6158731","2025-07-28 16:00","2025","07","28","16:00","","32.8","","19.0","","44","","","","20","","16","","24.1","","99.43","","40","","","","Mainly Clear"
"-79.63","43.68","TORONTO INTL A","6158731","2025-07-28 17:00","2025","07","28","17:00","","32.1","","19.6","","47","","","","15","","18","","24.1","","99.42","","39","","","","NA"
"-79.63","43.68","TORONTO INTL A","6158731","2025-07-28 18:00","2025","07","28","18:00","","32.0","","19.1","","46","","","","23","","22","","24.1","","99.47","","39","","","","NA"
"-79.63","43.68","TORONTO INTL A","6158731","2025-07-28 19:00","2025","07","28","19:00","","30.8","","20.2","","53","","","","25","","21","","24.1","","99.49","","39","","","","Mostly Cloudy"
"-79.63","43.68","TORONTO INTL A","6158731","2025-07-28 20:00","2025","07","28","20:00","","29.3","","21.0","","60","","","","25","","21","","24.1","","99.53","","38","","","","NA"
"-79.63","43.68","TORONTO INTL A","6158731","2025-07-28 21:00","2025","07","28","21:00","","28.3","","21.7","","67","","","","26","","15","","24.1","","99.59","","37","","","","NA"
"-79.63","43.68","TORONTO INTL A","6158731","2025-07-28 22:00","2025","07","28","22:00","","26.8","","22.3","","76","","","","25","","15","","24.1","","99.60","","36","","","","Mainly Clear"
"-79.63","43.68","TORONTO INTL A","6158731","2025-07-28 23:00","2025","07","28","23:00","","25.2","","22.1","","82","","","","27","","10","","24.1","","99.56","","35","","","","NA"
"-79.63","43.68","TORONTO INTL A","6158731","2025-07-29 00:00","2025","07","29","00:00","","25.4","","20.9","","76","","","","28","","14","","24.1","","99.57","","34","","","","NA"
"-79.63","43.68","TORONTO INTL A","6158731","2025-07-29 01:00","2025","07","29","01:00","","25.3","","20.7","","75","","","","31","","13","","24.1","","99.55","","33","","","","Clear"
"-79.63","43.68","TORONTO INTL A","6158731","2025-07-29 02:00","2025","07","29","02:00","","24.3","","20.0","","77","","","","32","","12","","24.1","","99.55","","32","","","","NA"
"-79.63","43.68","TORONTO INTL A","6158731","2025-07-29 03:00","2025","07","29","03:00","","24.1","","17.4","","65","","","","34","","22","","24.1","","99.57","","30","","","","NA"
"-79.63","43.68","TORONTO INTL A","6158731","2025-07-29 04:00","2025","07","29","04:00","","23.1","","17.8","","72","","","","33","","15","","24.1","","99.60","","29","","","","Clear"
"-79.63","43.68","TORONTO INTL A","6158731","2025-07-29 05:00","2025","07","29","05:00","","22.1","","17.6","","75","","","","36","","13","","24.1","","99.70","","28","","","","NA"
"-79.63","43.68","TORONTO INTL A","6158731","2025-07-29 06:00","2025","07","29","06:00","","22.1","","18.0","","77","","","","34","","16","","24.1","","99.77","","28","","","","NA"
"-79.63","43.68","TORONTO INTL A","6158731","2025-07-29 07:00","2025","07","29","07:00","","22.9","","18.5","","76","","","","34","","18","","24.1","","99.80","","29","","","","Mainly Clear"
"-79.63","43.68","TORONTO INTL A","6158731","2025-07-29 08:00","2025","07","29","08:00","","24.6","","19.0","","71","","","","34","","10","","24.1","","99.83","","31","","","","NA"
"-79.63","43.68","TORONTO INTL A","6158731","2025-07-29 09:00","2025","07","29","09:00","","26.7","","18.4","","60","","","","2","","13","","24.1","","99.81","","33","","","","NA"
"-79.63","43.68","TORONTO INTL A","6158731","2025-07-29 10:00","2025","07","29","10:00","","28.2","","18.1","","54","","","","4","","8","","24.1","","99.81","","34","","","","Mainly Clear"
"-79.63","43.68","TORONTO INTL A","6158731","2025-07-29 11:00","2025","07","29","11:00","","29.2","","17.9","","50","","","","27","","6","","24.1","","99.79","","35","","","","NA"
"-79.63","43.68","TORONTO INTL A","6158731","2025-07-29 12:00","2025","07","29","12:00","","30.4","","16.4","","42","","","","27","","3","","24.1","","99.74","","35","","","","NA"
"-79.63","43.68","TORONTO INTL A","6158731","2025-07-29 13:00","2025","07","29","13:00","","30.7","","19.1","","49","","","","15","","15","","24.1","","99.67","","38","","","","Mainly Clear"
"-79.63","43.68","TORONTO INTL A","6158731","2025-07-29 14:00","2025","07","29","14:00","","30.5","","18.7","","49","","","","16","","15","","24.1","","99.66","","37","","","","NA"
"-79.63","43.68","TORONTO INTL A","6158731","2025-07-29 15:00","2025","07","29","15:00","","30.7","","17.9","","46","","","","14","","13","","24.1","","99.64","","37","","","","NA"
"-79.63","43.68","TORONTO INTL A","6158731","2025-07-29 16:00","2025","07","29","16:00","","31.7","","17.8","","43","","","","17","","5","","24.1","","99.62","","38","","","","Mainly Clear"
"-79.63","43.68","TORONTO INTL A","6158731","2025-07-29 17:00","2025","07","29","17:00","","32.5","","13.6","","31","","","","24","","5","","24.1","","99.59","","36","","","","NA"
"-79.63","43.68","TORONTO INTL A","6158731","2025-07-29 18:00","2025","07","29","18:00","","30.0","","17.7","","47","","","","34","","29","","24.1","","99.60","","36","","","","NA"
"-79.63","43.68","TORONTO INTL A","6158731","2025-07-29 19:00","2025","07","29","19:00","","27.9","","17.4","","52","","","","36","","17","","24.1","","99.65","","33","","","","Mostly Cloudy"
"-79.63","43.68","TORONTO INTL A","6158731","2025-07-29 20:00","2025","07","29","20:00","","26.0","","16.9","","57","","","","1","","18","","24.1","","99.67","","31","","","","NA"
"-79.63","43.68","TORONTO INTL A","6158731","2025-07-29 21:00","2025","07","29","21:00","","25.2","","17.1","","60","","","","36","","18","","24.1","","99.71","","31","","","","NA"
"-79.63","43.68","TORONTO INTL A","6158731","2025-07-29 22:00","2025","07","29","22:00","","24.4","","17.2","","64","","","","36","","14","","24.1","","99.69","","30","","","","Mainly Clear"
"-79.63","43.68","TORONTO INTL A","6158731","2025-07-29 23:00","2025","07","29","23:00","","23.7","","17.1","","66","","","","35","","10","","24.1","","99.69","","29","","","","NA"
"-79.63","43.68","TORONTO INTL A","6158731","2025-07-30 00:00","2025","07","30","00:00","","23.2","","17.1","","68","","","","34","","9","","24.1","","99.67","","29","","","","NA"
"-79.63","43.68","TORONTO INTL A","6158731","2025-07-30 01:00","2025","07","30","01:00","","22.5","","17.1","","71","","","","32","","13","","24.1","","99.67","","28","","","","Clear"
"-79.63","43.68","TORONTO INTL A","6158731","2025-07-30 02:00","2025","07","30","02:00","","21.9","","17.1","","74","","","","31","","10","","24.1","","99.63","","27","","","","NA"
"-79.63","43.68","TORONTO INTL A","6158731","2025-07-30 03:00","2025","07","30","03:00","","21.0","","17.0","","77","","","","36","","7","","24.1","","99.57","","26","","","","NA"
"-79.63","43.68","TORONTO INTL A","6158731","2025-07-30 04:00","2025","07","30","04:00","","21.5","","17.1","","75","","","","32","","10","","24.1","","99.67","","27","","","","Mainly Clear"
"-79.63","43.68","TORONTO INTL A","6158731","2025-07-30 05:00","2025","07","30","05:00","","21.4","","16.8","","75","","","","31","","8","","24.1","","99.70","","27","","","","NA"
"-79.63","43.68","TORONTO INTL A","6158731","2025-07-30 06:00","2025","07","30","06:00","","22.3","","17.1","","72","","","","36","","8","","24.1","","99.74","","28","","","","NA"
"-79.63","43.68","TORONTO INTL A","6158731","2025-07-30 07:00","2025","07","30","07:00","","22.9","","16.4","","66","","","","33","","13","","24.1","","99.73","","28","","","","Mostly Cloudy"
"-79.63","43.68","TORONTO INTL A","6158731","2025-07-30 08:00","2025","07","30","08:00","","24.4","","17.3","","64","","","","2","","5","","24.1","","99.72","","30","","","","NA"
"-79.63","43.68","TORONTO INTL A","6158731","2025-07-30 09:00","2025","07","30","09:00","","25.6","","18.1","","63","","","","36","","11","","24.1","","99.73","","32","","","","NA"
"-79.63","43.68","TORONTO INTL A","6158731","2025-07-30 10:00","2025","07","30","10:00","","26.0","","16.6","","56","","","","31","","9","","24.1","","99.74","","31","","","","Mainly Clear"
"-79.63","43.68","TORONTO INTL A","6158731","2025-07-30 11:00","2025","07","30","11:00","","27.7","","16.1","","49","","","","20","","3","","24.1","","99.73","","32","","","","NA"
"-79.63","43.68","TORONTO INTL A","6158731","2025-07-30 12:00","2025","07","30","12:00","","29.3","","16.5","","45","","","","28","","8","","24.1","","99.70","","34","","","","NA"
"-79.63","43.68","TORONTO INTL A","6158731","2025-07-30 13:00","2025","07","30","13:00","","28.7","","18.1","","52","","","","25","","8","","24.1","","99.64","","35","","","","Mostly Cloudy"
"-79.63","43.68","TORONTO INTL A","6158731","2025-07-30 14:00","2025","07","30","14:00","","28.8","","17.5","","50","","","","14","","16","","24.1","","99.60","","34","","","","NA"
"-79.63","43.68","TORONTO INTL A","6158731","2025-07-30 15:00","2025","07","30","15:00","","29.6","","18.7","","51","","","","2","","13","","24.1","","99.60","","36","","","","NA"
"-79.63","43.68","TORONTO INTL A","6158731","2025-07-30 16:00","2025","07","30","16:00","","29.6","","18.3","","50","","","","1","","22","","24.1","","99.57","","36","","","","Mostly Cloudy"
"-79.63","43.68","TORONTO INTL A","6158731","2025-07-30 17:00","2025","07","30","17:00","","27.8","","16.9","","51","","","","34","","24","","24.1","","99.61","","33","","","","NA"
"-79.63","43.68","TORONTO INTL A","6158731","2025-07-30 18:00","2025","07","30","18:00","","26.5","","14.7","","48","","","","35","","22","","19.3","","99.62","","30","","","","NA"
"-79.63","43.68","TORONTO INTL A","6158731","2025-07-30 19:00","2025","07","30","19:00","","24.1","","12.3","","47","","","","35","","36","","16.1","","99.71","","27","","","","Mostly Cloudy"
"-79.63","43.68","TORONTO INTL A","6158731","2025-07-30 20:00","2025","07","30","20:00","","23.2","","11.9","","48","","","","35","","30","","16.1","","99.75","","25","","","","NA"
"-79.63","43.68","TORONTO INTL A","6158731","2025-07-30 21:00","2025","07","30","21:00","","22.9","","11.9","","49","","","","36","","24","","19.3","","99.79","","25","","","","NA"
"-79.63","43.68","TORONTO INTL A","6158731","2025-07-30 22:00","2025","07","30","22:00","","22.4","","11.4","","49","","","","36","","13","","19.3","","99.87","","","","","","Mostly Cloudy"
"-79.63","43.68","TORONTO INTL A","6158731","2025-07-30 23:00","2025","07","30","23:00","","21.8","","11.1","","50","","","","36","","20","","19.3","","99.87","","","","","","Rain"
"-79.63","43.68","TORONTO INTL A","6158731","2025-07-31 00:00","2025","07","31","00:00","","20.8","","10.7","","52","","","","3","","23","","19.3","","99.92","","","","","","Rain"
"-79.63","43.68","TORONTO INTL A","6158731","2025-07-31 01:00","2025","07","31","01:00","","18.7","","13.0","","69","","","","3","","12","","19.3","","99.95","","","","","","Rain"
"-79.63","43.68","TORONTO INTL A","6158731","2025-07-31 02:00","2025","07","31","02:00","","17.5","","13.5","","77","","","","11","","7","","16.1","","99.96","","","","","","Moderate Rain"
"-79.63","43.68","TORONTO INTL A","6158731","2025-07-31 03:00","2025","07","31","03:00","","17.1","","13.6","","80","","","","12","","5","","19.3","","99.97","","","","","","Rain"
"-79.63","43.68","TORONTO INTL A","6158731","2025-07-31 04:00","2025","07","31","04:00","","17.3","","14.0","","80","","","","10","","8","","24.1","","99.93","","","","","","Cloudy"
"-79.63","43.68","TORONTO INTL A","6158731","2025-07-31 05:00","2025","07","31","05:00","","17.7","","14.0","","78","","","","5","","5","","16.1","","99.94","","","","","","NA"
"-79.63","43.68","TORONTO INTL A","6158731","2025-07-31 06:00","2025","07","31","06:00","","18.4","","13.5","","73","","","","6","","6","","16.1","","99.96","","","","","","NA"
"-79.63","43.68","TORONTO INTL A","6158731","2025-07-31 07:00","2025","07","31","07:00","","19.5","","13.1","","66","","","","6","","7","","16.1","","100.04","","","","","","Mostly Cloudy"
"-79.63","43.68","TORONTO INTL A","6158731","2025-07-31 08:00","2025","07","31","08:00","","19.5","","10.7","","56","","","","8","","16","","16.1","","100.05","","","","","","NA"
"-79.63","43.68","TORONTO INTL A","6158731","2025-07-31 09:00","2025","07","31","09:00","","19.6","","11.1","","58","","","","7","","12","","16.1","","100.05","","","","","","NA"
"-79.63","43.68","TORONTO INTL A","6158731","2025-07-31 10:00","2025","07","31","10:00","","19.7","","10.9","","56","","","","6","","16","","16.1","","100.11","","","","","","Cloudy"
"-79.63","43.68","TORONTO INTL A","6158731","2025-07-31 11:00","2025","07","31","11:00","","20.5","","11.2","","55","","","","6","","17","","19.3","","100.09","","","","","","NA"
"-79.63","43.68","TORONTO INTL A","6158731","2025-07-31 12:00","2025","07","31","12:00","","21.5","","8.9","","44","","","","8","","19","","24.1","","100.11","","","","","","NA"
"-79.63","43.68","TORONTO INTL A","6158731","2025-07-31 13:00","2025","07","31","13:00","","21.8","","8.7","","43","","","","9","","18","","24.1","","100.13","","","","","","Mostly Cloudy"
"-79.63","43.68","TORONTO INTL A","6158731","2025-07-31 14:00","2025","07","31","14:00","","22.5","","9.4","","43","","","","10","","13","","24.1","","100.11","","","","","","NA"
"-79.63","43.68","TORONTO INTL A","6158731","2025-07-31 15:00","2025","07","31","15:00","","23.6","","8.9","","39","","","","5","","14","","24.1","","100.08","","","","","","NA"
"-79.63","43.68","TORONTO INTL A","6158731","2025-07-31 16:00","2025","07","31","16:00","","23.5","","5.3","","30","","","","5","","14","","24.1","","100.07","","","","","","Mostly Cloudy"
"-79.63","43.68","TORONTO INTL A","6158731","2025-07-31 17:00","2025","07","31","17:00","","22.9","","9.8","","43","","","","15","","13","","24.1","","100.04","","","","","","NA"
"-79.63","43.68","TORONTO INTL A","6158731","2025-07-31 18:00","2025","07","31","18:00","","21.9","","7.5","","39","","","","14","","17","","24.1","","100.10","","","","","","NA"
"-79.63","43.68","TORONTO INTL A","6158731","2025-07-31 19:00","2025","07","31","19:00","","21.3","","9.9","","48","","","","15","","9","","24.1","","100.15","","","","","","Mainly Clear"
"-79.63","43.68","TORONTO INTL A","6158731","2025-07-31 20:00","2025","07","31","20:00","","20.1","","10.2","","53","","","","17","","5","","24.1","","100.18","","","","","","NA"
"-79.63","43.68","TORONTO INTL A","6158731","2025-07-31 21:00","2025","07","31","21:00","","19.9","","10.2","","53","","","","26","","5","","24.1","","100.23","","","","","","NA"
"-79.63","43.68","TORONTO INTL A","6158731","2025-07-31 22:00","2025","07","31","22:00","","19.4","","10.0","","54","","","","26","","4","","24.1","","100.25","","","","","","Mainly Clear"
"-79.63","43.68","TORONTO INTL A","6158731","2025-07-31 23:00","2025","07","31","23:00","","18.6","","11.7","","64","","","","3","","10","","24.1","","100.27","","","","","","NA"
