"Longitude (x)","Latitude (y)","Station Name","Climate ID","Date/Time (LST)","Year","Month","Day","Time (LST)","Flag","Temp (°C)","Temp Flag","Dew Point Temp (°C)","Dew Point Temp Flag","Rel Hum (%)","Rel Hum Flag","Precip. Amount (mm)","Precip. Amount Flag","Wind Dir (10s deg)","Wind Dir Flag","Wind Spd (km/h)","Wind Spd Flag","Visibility (km)","Visibility Flag","Stn Press (kPa)","Stn Press Flag","Hmdx","Hmdx Flag","Wind Chill","Wind Chill Flag","Weather"
"-79.63","43.68","TORONTO INTL A","6158731","2025-12-01 00:00","2025","12","01","00:00","","-0.9","","-5.6","","71","","","","30","","39","","24.1","","100.16","","","","-9","","NA"
"-79.63","43.68","TORONTO INTL A","6158731","2025-12-01 01:00","2025","12","01","01:00","","-2.0","","-6.1","","74","","","","31","","33","","24.1","","100.28","","","","-9","","Mainly Clear"
"-79.63","43.68","TORONTO INTL A","6158731","2025-12-01 02:00","2025","12","01","02:00","","-3.0","","-8.4","","66","","","","32","","34","","24.1","","100.41","","","","-11","","NA"
"-79.63","43.68","TORONTO INTL A","6158731","2025-12-01 03:00","2025","12","01","03:00","","-3.8","","-10.4","","60","","","","30","","35","","24.1","","100.56","","","","-12","","NA"
"-79.63","43.68","TORONTO INTL A","6158731","2025-12-01 04:00","2025","12","01","04:00","","-4.9","","-11.4","","61","","","","30","","33","","24.1","","100.63","","","","-13","","Clear"
"-79.63","43.68","TORONTO INTL A","6158731","2025-12-01 05:00","2025","12","01","05:00","","-5.2","","-12.3","","58","","","","32","","23","","24.1","","100.71","","","","-12","","NA"
"-79.63","43.68","TORONTO INTL A","6158731","2025-12-01 06:00","2025","12","01","06:00","","-5.8","","-11.6","","64","","","","34","","17","","24.1","","100.80","","","","-12","","NA"
"-79.63","43.68","TORONTO INTL A","6158731","2025-12-01 07:00","2025","12","01","07:00","","-6.1","","-10.9","","69","","","","36","","16","","24.1","","100.86","","","","-12","","Mainly Clear"
"-79.63","43.68","TORONTO INTL A","6158731","2025-12-01 08:00","2025","12","01","08:00","","-6.8","","-9.8","","79","","","","2","","12","","24.1","","100.87","","","","-12","","NA"
"-79.63","43.68","TORONTO INTL A","6158731","2025-12-01 09:00","2025","12","01","09:00","","-5.7","","-9.9","","72","","","","3","","7","","24.1","","100.96","","","","-9","","NA"
"-79.63","43.68","TORONTO INTL A","6158731","2025-12-01 10:00","2025","12","01","10:00","","-5.1","","-10.2","","68","","","","1","","6","","24.1","","101.00","","","","-8","","Mainly Clear"
"-79.63","43.68","TORONTO INTL A","6158731","2025-12-01 11:00","2025","12","01","11:00","","-4.3","","-10.7","","61","","","","1","","6","","24.1","","100.94","","","","-7","","NA"
"-79.63","43.68","TORONTO INTL A","6158731","2025-12-01 12:00","2025","12","01","12:00","","-3.3","","-10.2","","59","","","","26","","8","","24.1","","100.84","","","","-7","","NA"
"-79.63","43.68","TORONTO INTL A","6158731","2025-12-01 13:00","2025","12","01","13:00","","-3.1","","-10.2","","59","","","","22","","4","","24.1","","100.77","","","","-5","","Mostly Cloudy"
"-79.63","43.68","TORONTO INTL A","6158731","2025-12-01 14:00","2025","12","01","14:00","","-3.1","","-8.4","","67","","","","17","","14","","24.1","","100.69","","","","-8","","Snow"
"-79.63","43.68","TORONTO INTL A","6158731","2025-12-01 15:00","2025","12","01","15:00","","-3.1","","-7.7","","71","","","","12","","9","","24.1","","100.60","","","","-7","","NA"
"-79.63","43.68","TORONTO INTL A","6158731","2025-12-01 16:00","2025","12","01","16:00","","-3.2","","-7.5","","73","","","","15","","13","","24.1","","100.56","","","","-8","","Snow"
"-79.63","43.68","TORONTO INTL A","6158731","2025-12-01 17:00","2025","12","01","17:00","","-3.0","","-6.8","","75","","","","15","","8","","24.1","","100.50","","","","-6","","Snow"
"-79.63","43.68","TORONTO INTL A","6158731","2025-12-01 18:00","2025","12","01","18:00","","-2.7","","-6.4","","76","","","","14","","11","","24.1","","100.47","","","","-7","","Snow"
"-79.63","43.68","TORONTO INTL A","6158731","2025-12-01 19:00","2025","12","01","19:00","","-2.6","","-6.5","","75","","","","11","","10","","24.1","","100.41","","","","-6","","Cloudy"
"-79.63","43.68","TORONTO INTL A","6158731","2025-12-01 20:00","2025","12","01","20:00","","-2.6","","-6.4","","75","","","","10","","12","","24.1","","100.28","","","","-7","","Snow"
"-79.63","43.68","TORONTO INTL A","6158731","2025-12-01 21:00","2025","12","01","21:00","","-2.5","","-5.9","","78","","","","10","","8","","24.1","","100.16","","","","-6","","Snow"
"-79.63","43.68","TORONTO INTL A","6158731","2025-12-01 22:00","2025","12","01","22:00","","-2.2","","-5.9","","76","","","","15","","5","","24.1","","100.09","","","","-4","","Snow"
"-79.63","43.68","TORONTO INTL A","6158731","2025-12-01 23:00","2025","12","01","23:00","","-2.5","","-5.5","","80","","","","15","","11","","4.0","","100.00","","","","-7","","Snow"
"-79.63","43.68","TORONTO INTL A","6158731","2025-12-02 00:00","2025","12","02","00:00","","-3.1","","-4.2","","92","","","","13","","13","","3.2","","99.88","","","","-8","","Snow"
"-79.63","43.68","TORONTO INTL A","6158731","2025-12-02 01:00","2025","12","02","01:00","","-3.1","","-4.3","","91","","","","13","","11","","4.0","","99.76","","","","-7","","Snow"
"-79.63","43.68","TORONTO INTL A","6158731","2025-12-02 02:00","2025","12","02","02:00","","-2.9","","-4.2","","91","","","","12","","10","","6.4","","99.66","","","","-7","","Snow"
"-79.63","43.68","TORONTO INTL A","6158731","2025-12-02 03:00","2025","12","02","03:00","","-2.5","","-4.7","","85","","","","13","","14","","6.4","","99.56","","","","-7","","Snow"
"-79.63","43.68","TORONTO INTL A","6158731","2025-12-02 04:00","2025","12","02","04:00","","-2.7","","-4.4","","88","","","","12","","6","","6.4","","99.47","","","","-5","","Snow"
"-79.63","43.68","TORONTO INTL A","6158731","2025-12-02 05:00","2025","12","02","05:00","","-2.4","","-3.5","","93","","","","10","","4","","2.4","","99.42","","","","-4","","Snow"
"-79.63","43.68","TORONTO INTL A","6158731","2025-12-02 06:00","2025","12","02","06:00","","-2.5","","-3.4","","94","","","","5","","5","","3.2","","99.36","","","","-4","","Snow"
"-79.63","43.68","TORONTO INTL A","6158731","2025-12-02 07:00","2025","12","02","07:00","","-2.2","","-3.2","","93","","","","8","","4","","6.4","","99.36","","","","-4","","Snow"
"-79.63","43.68","TORONTO INTL A","6158731","2025-12-02 08:00","2025","12","02","08:00","","-2.2","","-3.7","","89","","","","5","","7","","6.4","","99.36","","","","-5","","Snow"
"-79.63","43.68","TORONTO INTL A","6158731","2025-12-02 09:00","2025","12","02","09:00","","-2.0","","-3.7","","89","","","","5","","7","","19.3","","99.34","","","","-5","","NA"
"-79.63","43.68","TORONTO INTL A","6158731","2025-12-02 10:00","2025","12","02","10:00","","-1.5","","-3.8","","84","","","","2","","9","","24.1","","99.30","","","","-5","","Mostly Cloudy"
"-79.63","43.68","TORONTO INTL A","6158731","2025-12-02 11:00","2025","12","02","11:00","","-1.2","","-3.6","","84","","","","35","","12","","24.1","","99.28","","","","-5","","NA"
"-79.63","43.68","TORONTO INTL A","6158731","2025-12-02 12:00","2025","12","02","12:00","","-0.4","","-3.5","","80","","","","32","","13","","24.1","","99.24","","","","-5","","NA"
"-79.63","43.68","TORONTO INTL A","6158731","2025-12-02 13:00","2025","12","02","13:00","","-1.2","","-4.0","","82","","","","31","","16","","24.1","","99.21","","","","-6","","Mostly Cloudy"
"-79.63","43.68","TORONTO INTL A","6158731","2025-12-02 14:00","2025","12","02","14:00","","-0.3","","-4.2","","75","","","","35","","16","","24.1","","99.17","","","","-5","","NA"
"-79.63","43.68","TORONTO INTL A","6158731","2025-12-02 15:00","2025","12","02","15:00","","-0.5","","-4.6","","74","","","","35","","14","","24.1","","99.15","","","","-5","","NA"
"-79.63","43.68","TORONTO INTL A","6158731","2025-12-02 16:00","2025","12","02","16:00","","-0.9","","-4.8","","75","","","","35","","9","","24.1","","99.18","","","","-4","","Mainly Clear"
"-79.63","43.68","TORONTO INTL A","6158731","2025-12-02 17:00","2025","12","02","17:00","","-1.8","","-4.9","","80","","","","35","","10","","24.1","","99.26","","","","-5","","NA"
"-79.63","43.68","TORONTO INTL A","6158731","2025-12-02 18:00","2025","12","02","18:00","","-3.2","","-5.9","","82","","","","2","","9","","24.1","","99.27","","","","-7","","NA"
"-79.63","43.68","TORONTO INTL A","6158731","2025-12-02 19:00","2025","12","02","19:00","","-2.6","","-5.6","","79","","","","1","","4","","24.1","","99.28","","","","-4","","Clear"
"-79.63","43.68","TORONTO INTL A","6158731","2025-12-02 20:00","2025","12","02","20:00","","-3.4","","-5.7","","84","","","","31","","9","","24.1","","99.32","","","","-7","","NA"
"-79.63","43.68","TORONTO INTL A","6158731","2025-12-02 21:00","2025","12","02","21:00","","-5.0","","-6.4","","90","","","","25","","5","","24.1","","99.35","","","","-7","","NA"
"-79.63","43.68","TORONTO INTL A","6158731","2025-12-02 22:00","2025","12","02","22:00","","-5.1","","-6.7","","88","","","","27","","8","","24.1","","99.40","","","","-9","","Clear"
"-79.63","43.68","TORONTO INTL A","6158731","2025-12-02 23:00","2025","12","02","23:00","","-5.0","","-6.8","","87","","","","23","","7","","24.1","","99.39","","","","-8","","NA"
"-79.63","43.68","TORONTO INTL A","6158731","2025-12-03 00:00","2025","12","03","00:00","","-6.1","","-8.3","","85","","","","26","","8","","24.1","","99.41","","","","-10","","NA"
"-79.63","43.68","TORONTO INTL A","6158731","2025-12-03 01:00","2025","12","03","01:00","","-6.5","","-8.6","","85","","","","25","","8","","24.1","","99.39","","","","-10","","Clear"
"-79.63","43.68","TORONTO INTL A","6158731","2025-12-03 02:00","2025","12","03","02:00","","-5.9","","-8.2","","84","","","","22","","7","","24.1","","99.39","","","","-9","","NA"
"-79.63","43.68","TORONTO INTL A","6158731","2025-12-03 03:00","2025","12","03","03:00","","-6.0","","-8.5","","82","","","","24","","11","","24.1","","99.39","","","","-11","","NA"
"-79.63","43.68","TORONTO INTL A","6158731","2025-12-03 04:00","2025","12","03","04:00","","-6.4","","-8.5","","85","","","","25","","7","","24.1","","99.35","","","","-10","","Mostly Cloudy"
"-79.63","43.68","TORONTO INTL A","6158731","2025-12-03 05:00","2025","12","03","05:00","","-6.0","","-8.3","","84","","","","25","","7","","24.1","","99.32","","","","-9","","NA"
"-79.63","43.68","TORONTO INTL A","6158731","2025-12-03 06:00","2025","12","03","06:00","","-5.0","","-7.1","","85","","","","26","","12","","24.1","","99.33","","","","-10","","NA"
"-79.63","43.68","TORONTO INTL A","6158731","2025-12-03 07:00","2025","12","03","07:00","","-3.3","","-5.9","","82","","","","24","","14","","24.1","","99.32","","","","-8","","Cloudy"
"-79.63","43.68","TORONTO INTL A","6158731","2025-12-03 08:00","2025","12","03","08:00","","-3.0","","-6.2","","79","","","","20","","12","","16.1","","99.29","","","","-7","","NA"
"-79.63","43.68","TORONTO INTL A","6158731","2025-12-03 09:00","2025","12","03","09:00","","-2.7","","-6.1","","78","","","","22","","16","","12.9","","99.32","","","","-8","","NA"
"-79.63","43.68","TORONTO INTL A","6158731","2025-12-03 10:00","2025","12","03","10:00","","-1.6","","-5.1","","77","","","","22","","17","","9.7","","99.35","","","","-7","","Fog"
"-79.63","43.68","TORONTO INTL A","6158731","2025-12-03 11:00","2025","12","03","11:00","","-0.7","","-4.0","","78","","","","21","","23","","9.7","","99.27","","","","-7","","Fog"
"-79.63","43.68","TORONTO INTL A","6158731","2025-12-03 12:00","2025","12","03","12:00","","0.4","","-3.5","","75","","","","21","","23","","16.1","","99.17","","","","","","NA"
"-79.63","43.68","TORONTO INTL A","6158731","2025-12-03 13:00","2025","12","03","13:00","","1.8","","-4.0","","65","","","","22","","23","","24.1","","99.09","","","","","","Mostly Cloudy"
"-79.63","43.68","TORONTO INTL A","6158731","2025-12-03 14:00","2025","12","03","14:00","","0.9","","-4.5","","67","","","","24","","29","","24.1","","99.11","","","","","","NA"
"-79.63","43.68","TORONTO INTL A","6158731","2025-12-03 15:00","2025","12","03","15:00","","0.1","","-4.4","","72","","","","25","","26","","16.1","","99.13","","","","","","NA"
"-79.63","43.68","TORONTO INTL A","6158731","2025-12-03 16:00","2025","12","03","16:00","","-0.2","","-4.0","","76","","","","25","","29","","16.1","","99.17","","","","-7","","Cloudy"
"-79.63","43.68","TORONTO INTL A","6158731","2025-12-03 17:00","2025","12","03","17:00","","-0.5","","-4.1","","77","","","","24","","30","","9.7","","99.19","","","","-7","","Snow"
"-79.63","43.68","TORONTO INTL A","6158731","2025-12-03 18:00","2025","12","03","18:00","","-1.0","","-3.9","","81","","","","25","","29","","9.7","","99.22","","","","-8","","Snow"
"-79.63","43.68","TORONTO INTL A","6158731","2025-12-03 19:00","2025","12","03","19:00","","-1.2","","-4.3","","80","","","","25","","27","","9.7","","99.24","","","","-8","","Snow"
"-79.63","43.68","TORONTO INTL A","6158731","2025-12-03 20:00","2025","12","03","20:00","","-1.4","","-4.2","","82","","","","23","","23","","6.4","","99.28","","","","-7","","Snow"
"-79.63","43.68","TORONTO INTL A","6158731","2025-12-03 21:00","2025","12","03","21:00","","-1.9","","-3.9","","86","","","","24","","21","","3.2","","99.28","","","","-8","","Snow"
"-79.63","43.68","TORONTO INTL A","6158731","2025-12-03 22:00","2025","12","03","22:00","","-2.0","","-4.2","","86","","","","22","","21","","6.4","","99.26","","","","-8","","Snow"
"-79.63","43.68","TORONTO INTL A","6158731","2025-12-03 23:00","2025","12","03","23:00","","-2.2","","-4.6","","84","","","","25","","27","","9.7","","99.26","","","","-9","","Snow"
"-79.63","43.68","TORONTO INTL A","6158731","2025-12-04 00:00","2025","12","04","00:00","","-2.2","","-4.7","","83","","","","25","","18","","16.1","","99.26","","","","-8","","Snow"
"-79.63","43.68","TORONTO INTL A","6158731","2025-12-04 01:00","2025","12","04","01:00","","-1.9","","-4.6","","82","","","","25","","23","","24.1","","99.25","","","","-8","","Cloudy"
"-79.63","43.68","TORONTO INTL A","6158731","2025-12-04 02:00","2025","12","04","02:00","","-1.5","","-4.2","","81","","","","29","","16","","24.1","","99.28","","","","-6","","NA"
"-79.63","43.68","TORONTO INTL A","6158731","2025-12-04 03:00","2025","12","04","03:00","","-2.4","","-6.7","","72","","","","31","","22","","24.1","","99.33","","","","-9","","Snow"
"-79.63","43.68","TORONTO INTL A","6158731","2025-12-04 04:00","2025","12","04","04:00","","-2.5","","-6.6","","73","","","","29","","16","","24.1","","99.36","","","","-8","","Cloudy"
"-79.63","43.68","TORONTO INTL A","6158731","2025-12-04 05:00","2025","12","04","05:00","","-2.6","","-5.9","","78","","","","29","","22","","24.1","","99.43","","","","-9","","Snow"
"-79.63","43.68","TORONTO INTL A","6158731","2025-12-04 06:00","2025","12","04","06:00","","-3.5","","-8.2","","70","","","","31","","32","","24.1","","99.51","","","","-11","","Snow"
"-79.63","43.68","TORONTO INTL A","6158731","2025-12-04 07:00","2025","12","04","07:00","","-4.7","","-10.6","","63","","","","28","","28","","24.1","","99.56","","","","-12","","Mainly Clear"
"-79.63","43.68","TORONTO INTL A","6158731","2025-12-04 08:00","2025","12","04","08:00","","-5.3","","-11.0","","64","","","","29","","28","","24.1","","99.70","","","","-13","","NA"
"-79.63","43.68","TORONTO INTL A","6158731","2025-12-04 09:00","2025","12","04","09:00","","-5.5","","-12.8","","56","","","","29","","32","","24.1","","99.82","","","","-14","","NA"
"-79.63","43.68","TORONTO INTL A","6158731","2025-12-04 10:00","2025","12","04","10:00","","-5.0","","-14.2","","49","","","","29","","39","","24.1","","99.91","","","","-14","","Mainly Clear"
"-79.63","43.68","TORONTO INTL A","6158731","2025-12-04 11:00","2025","12","04","11:00","","-4.8","","-14.9","","45","","","","30","","42","","24.1","","99.99","","","","-14","","NA"
"-79.63","43.68","TORONTO INTL A","6158731","2025-12-04 12:00","2025","12","04","12:00","","-5.3","","-14.1","","50","","","","29","","39","","24.1","","100.06","","","","-14","","NA"
"-79.63","43.68","TORONTO INTL A","6158731","2025-12-04 13:00","2025","12","04","13:00","","-7.9","","-10.5","","82","","","","35","","22","","4.0","","100.20","","","","-16","","Snow Showers"
"-79.63","43.68","TORONTO INTL A","6158731","2025-12-04 14:00","2025","12","04","14:00","","-7.6","","-12.8","","67","","","","35","","18","","24.1","","100.28","","","","-14","","NA"
"-79.63","43.68","TORONTO INTL A","6158731","2025-12-04 15:00","2025","12","04","15:00","","-7.0","","-13.4","","61","","","","34","","22","","24.1","","100.35","","","","-14","","NA"
"-79.63","43.68","TORONTO INTL A","6158731","2025-12-04 16:00","2025","12","04","16:00","","-7.9","","-16.1","","52","","","","31","","36","","24.1","","100.44","","","","-18","","Mainly Clear"
"-79.63","43.68","TORONTO INTL A","6158731","2025-12-04 17:00","2025","12","04","17:00","","-8.9","","-17.4","","51","","","","32","","28","","24.1","","100.53","","","","-18","","NA"
"-79.63","43.68","TORONTO INTL A","6158731","2025-12-04 18:00","2025","12","04","18:00","","-9.4","","-17.3","","53","","","","32","","16","","24.1","","100.57","","","","-16","","NA"
"-79.63","43.68","TORONTO INTL A","6158731","2025-12-04 19:00","2025","12","04","19:00","","-10.2","","-17.1","","58","","","","28","","13","","24.1","","100.52","","","","-16","","Clear"
"-79.63","43.68","TORONTO INTL A","6158731","2025-12-04 20:00","2025","12","04","20:00","","-10.8","","-16.7","","62","","","","27","","13","","24.1","","100.56","","","","-17","","NA"
"-79.63","43.68","TORONTO INTL A","6158731","2025-12-04 21:00","2025","12","04","21:00","","-10.0","","-16.5","","60","","","","27","","5","","24.1","","100.55","","","","-13","","NA"
"-79.63","43.68","TORONTO INTL A","6158731","2025-12-04 22:00","2025","12","04","22:00","","-10.3","","-16.6","","60","","","","33","","4","","24.1","","100.47","","","","-13","","Clear"
"-79.63","43.68","TORONTO INTL A","6158731","2025-12-04 23:00","2025","12","04","23:00","","-11.0","","-16.9","","62","","","","24","","8","","24.1","","100.43","","","","-16","","NA"
"-79.63","43.68","TORONTO INTL A","6158731","2025-12-05 00:00","2025","12","05","00:00","","-10.8","","-15.7","","68","","","","19","","7","","24.1","","100.42","","","","-15","","NA"
"-79.63","43.68","TORONTO INTL A","6158731","2025-12-05 01:00","2025","12","05","01:00","","-10.7","","-15.7","","67","","","","23","","6","","24.1","","100.32","","","","-14","","Mainly Clear"
"-79.63","43.68","TORONTO INTL A","6158731","2025-12-05 02:00","2025","12","05","02:00","","-11.0","","-15.6","","69","","","","27","","5","","24.1","","100.28","","","","-14","","NA"
"-79.63","43.68","TORONTO INTL A","6158731","2025-12-05 03:00","2025","12","05","03:00","","-10.8","","-15.9","","66","","","","27","","6","","24.1","","100.24","","","","-14","","NA"
"-79.63","43.68","TORONTO INTL A","6158731","2025-12-05 04:00","2025","12","05","04:00","","-10.3","","-15.5","","66","","","","","","0","","24.1","","100.16","","","","","","Mainly Clear"
"-79.63","43.68","TORONTO INTL A","6158731","2025-12-05 05:00","2025","12","05","05:00","","-9.7","","-14.8","","67","","","","","","0","","72.4","","100.06","","","","","","NA"
"-79.63","43.68","TORONTO INTL A","6158731","2025-12-05 06:00","2025","12","05","06:00","","-8.9","","-13.7","","69","","","","14","","5","","24.1","","99.93","","","","-12","","NA"
"-79.63","43.68","TORONTO INTL A","6158731","2025-12-05 07:00","2025","12","05","07:00","","-7.1","","-10.7","","76","","","","16","","9","","24.1","","99.90","","","","-11","","Mostly Cloudy"
"-79.63","43.68","TORONTO INTL A","6158731","2025-12-05 08:00","2025","12","05","08:00","","-5.1","","-9.1","","74","","","","17","","10","","24.1","","99.80","","","","-9","","NA"
"-79.63","43.68","TORONTO INTL A","6158731","2025-12-05 09:00","2025","12","05","09:00","","-4.4","","-9.3","","68","","","","19","","12","","24.1","","99.75","","","","-9","","NA"
"-79.63","43.68","TORONTO INTL A","6158731","2025-12-05 10:00","2025","12","05","10:00","","-3.0","","-8.6","","65","","","","20","","16","","24.1","","99.70","","","","-8","","Mostly Cloudy"
"-79.63","43.68","TORONTO INTL A","6158731","2025-12-05 11:00","2025","12","05","11:00","","-3.0","","-9.9","","59","","","","21","","26","","24.1","","99.59","","","","-10","","NA"
"-79.63","43.68","TORONTO INTL A","6158731","2025-12-05 12:00","2025","12","05","12:00","","-2.4","","-9.6","","58","","","","22","","30","","24.1","","99.46","","","","-10","","NA"
"-79.63","43.68","TORONTO INTL A","6158731","2025-12-05 13:00","2025","12","05","13:00","","-1.5","","-8.8","","58","","","","22","","30","","24.1","","99.35","","","","-8","","Mostly Cloudy"
"-79.63","43.68","TORONTO INTL A","6158731","2025-12-05 14:00","2025","12","05","14:00","","-0.8","","-8.0","","58","","","","24","","26","","24.1","","99.30","","","","-7","","NA"
"-79.63","43.68","TORONTO INTL A","6158731","2025-12-05 15:00","2025","12","05","15:00","","-1.0","","-8.4","","57","","","","20","","19","","24.1","","99.22","","","","-6","","NA"
"-79.63","43.68","TORONTO INTL A","6158731","2025-12-05 16:00","2025","12","05","16:00","","-0.9","","-7.9","","59","","","","22","","15","","24.1","","99.15","","","","-6","","Mostly Cloudy"
"-79.63","43.68","TORONTO INTL A","6158731","2025-12-05 17:00","2025","12","05","17:00","","-1.5","","-7.6","","64","","","","22","","19","","24.1","","99.11","","","","-7","","NA"
"-79.63","43.68","TORONTO INTL A","6158731","2025-12-05 18:00","2025","12","05","18:00","","-2.0","","-7.3","","67","","","","22","","14","","24.1","","99.10","","","","-7","","NA"
"-79.63","43.68","TORONTO INTL A","6158731","2025-12-05 19:00","2025","12","05","19:00","","-1.8","","-7.0","","68","","","","22","","19","","24.1","","99.07","","","","-7","","Cloudy"
"-79.63","43.68","TORONTO INTL A","6158731","2025-12-05 20:00","2025","12","05","20:00","","-1.9","","-6.7","","70","","","","22","","19","","24.1","","99.04","","","","-7","","NA"
"-79.63","43.68","TORONTO INTL A","6158731","2025-12-05 21:00","2025","12","05","21:00","","-1.8","","-6.4","","71","","","","22","","16","","24.1","","98.98","","","","-7","","NA"
"-79.63","43.68","TORONTO INTL A","6158731","2025-12-05 22:00","2025","12","05","22:00","","-1.5","","-6.0","","72","","","","22","","19","","24.1","","98.94","","","","-7","","Cloudy"
"-79.63","43.68","TORONTO INTL A","6158731","2025-12-05 23:00","2025","12","05","23:00","","-1.0","","-5.5","","71","","","","20","","17","","24.1","","98.82","","","","-6","","NA"
"-79.63","43.68","TORONTO INTL A","6158731","2025-12-06 00:00","2025","12","06","00:00","","-0.8","","-5.2","","72","","","","21","","15","","24.1","","98.79","","","","-5","","NA"
"-79.63","43.68","TORONTO INTL A","6158731","2025-12-06 01:00","2025","12","06","01:00","","-0.6","","-5.2","","71","","","","20","","19","","24.1","","98.74","","","","-6","","Cloudy"
"-79.63","43.68","TORONTO INTL A","6158731","2025-12-06 02:00","2025","12","06","02:00","","-0.4","","-4.8","","72","","","","22","","23","","24.1","","98.72","","","","-6","","NA"
"-79.63","43.68","TORONTO INTL A","6158731","2025-12-06 03:00","2025","12","06","03:00","","-0.4","","-4.8","","73","","","","22","","22","","24.1","","98.68","","","","-6","","NA"
"-79.63","43.68","TORONTO INTL A","6158731","2025-12-06 04:00","2025","12","06","04:00","","-1.3","","-4.6","","79","","","","22","","18","","24.1","","98.63","","","","-7","","Mostly Cloudy"
"-79.63","43.68","TORONTO INTL A","6158731","2025-12-06 05:00","2025","12","06","05:00","","-1.1","","-4.2","","79","","","","17","","14","","24.1","","98.50","","","","-6","","NA"
"-79.63","43.68","TORONTO INTL A","6158731","2025-12-06 06:00","2025","12","06","06:00","","-0.5","","-4.3","","76","","","","21","","13","","24.1","","98.51","","","","-5","","NA"
"-79.63","43.68","TORONTO INTL A","6158731","2025-12-06 07:00","2025","12","06","07:00","","-0.1","","-4.6","","72","","","","21","","13","","24.1","","98.51","","","","-4","","Cloudy"
"-79.63","43.68","TORONTO INTL A","6158731","2025-12-06 08:00","2025","12","06","08:00","","-0.1","","-5.2","","69","","","","24","","31","","19.3","","98.58","","","","-7","","Snow"
"-79.63","43.68","TORONTO INTL A","6158731","2025-12-06 09:00","2025","12","06","09:00","","-0.6","","-4.4","","76","","","","24","","22","","9.7","","98.64","","","","-6","","Snow"
"-79.63","43.68","TORONTO INTL A","6158731","2025-12-06 10:00","2025","12","06","10:00","","-0.5","","-4.1","","76","","","","24","","23","","12.9","","98.71","","","","-6","","Snow"
"-79.63","43.68","TORONTO INTL A","6158731","2025-12-06 11:00","2025","12","06","11:00","","-0.1","","-4.2","","74","","","","25","","27","","12.9","","98.76","","","","-6","","NA"
"-79.63","43.68","TORONTO INTL A","6158731","2025-12-06 12:00","2025","12","06","12:00","","0.4","","-4.0","","73","","","","25","","22","","12.9","","98.74","","","","","","NA"
"-79.63","43.68","TORONTO INTL A","6158731","2025-12-06 13:00","2025","12","06","13:00","","0.9","","-4.0","","70","","","","26","","21","","12.9","","98.76","","","","","","Cloudy"
"-79.63","43.68","TORONTO INTL A","6158731","2025-12-06 14:00","2025","12","06","14:00","","0.7","","-4.3","","69","","","","25","","22","","16.1","","98.78","","","","","","NA"
"-79.63","43.68","TORONTO INTL A","6158731","2025-12-06 15:00","2025","12","06","15:00","","0.8","","-5.2","","64","","","","28","","25","","24.1","","98.82","","","","","","NA"
"-79.63","43.68","TORONTO INTL A","6158731","2025-12-06 16:00","2025","12","06","16:00","","0.7","","-5.3","","64","","","","27","","19","","24.1","","98.92","","","","","","Cloudy"
"-79.63","43.68","TORONTO INTL A","6158731","2025-12-06 17:00","2025","12","06","17:00","","0.4","","-5.0","","67","","","","25","","15","","24.1","","99.02","","","","","","NA"
"-79.63","43.68","TORONTO INTL A","6158731","2025-12-06 18:00","2025","12","06","18:00","","0.1","","-5.3","","67","","","","26","","18","","24.1","","99.11","","","","","","NA"
"-79.63","43.68","TORONTO INTL A","6158731","2025-12-06 19:00","2025","12","06","19:00","","0.0","","-5.4","","67","","","","26","","16","","24.1","","99.18","","","","-5","","Mostly Cloudy"
"-79.63","43.68","TORONTO INTL A","6158731","2025-12-06 20:00","2025","12","06","20:00","","0.0","","-6.0","","64","","","","26","","20","","24.1","","99.26","","","","-5","","NA"
"-79.63","43.68","TORONTO INTL A","6158731","2025-12-06 21:00","2025","12","06","21:00","","-0.2","","-6.1","","65","","","","27","","18","","24.1","","99.32","","","","-5","","NA"
"-79.63","43.68","TORONTO INTL A","6158731","2025-12-06 22:00","2025","12","06","22:00","","-1.0","","-4.6","","77","","","","34","","8","","19.3","","99.39","","","","-4","","Snow"
"-79.63","43.68","TORONTO INTL A","6158731","2025-12-06 23:00","2025","12","06","23:00","","-1.6","","-4.7","","79","","","","27","","9","","12.9","","99.45","","","","-5","","Snow"
"-79.63","43.68","TORONTO INTL A","6158731","2025-12-07 00:00","2025","12","07","00:00","","-1.5","","-4.7","","79","","","","28","","8","","24.1","","99.48","","","","-5","","NA"
"-79.63","43.68","TORONTO INTL A","6158731","2025-12-07 01:00","2025","12","07","01:00","","-1.5","","-5.6","","74","","","","25","","7","","24.1","","99.51","","","","-4","","Cloudy"
"-79.63","43.68","TORONTO INTL A","6158731","2025-12-07 02:00","2025","12","07","02:00","","-1.2","","-5.6","","73","","","","27","","4","","24.1","","99.49","","","","-3","","NA"
"-79.63","43.68","TORONTO INTL A","6158731","2025-12-07 03:00","2025","12","07","03:00","","-1.2","","-5.4","","73","","","","28","","5","","24.1","","99.53","","","","-3","","NA"
"-79.63","43.68","TORONTO INTL A","6158731","2025-12-07 04:00","2025","12","07","04:00","","-1.7","","-5.4","","76","","","","26","","8","","24.1","","99.50","","","","-5","","Cloudy"
"-79.63","43.68","TORONTO INTL A","6158731","2025-12-07 05:00","2025","12","07","05:00","","-1.6","","-6.0","","72","","","","26","","10","","24.1","","99.46","","","","-5","","NA"
"-79.63","43.68","TORONTO INTL A","6158731","2025-12-07 06:00","2025","12","07","06:00","","-1.8","","-5.8","","74","","","","25","","5","","24.1","","99.48","","","","-4","","NA"
"-79.63","43.68","TORONTO INTL A","6158731","2025-12-07 07:00","2025","12","07","07:00","","-1.4","","-6.6","","68","","","","30","","12","","24.1","","99.47","","","","-5","","Cloudy"
"-79.63","43.68","TORONTO INTL A","6158731","2025-12-07 08:00","2025","12","07","08:00","","-2.5","","-4.6","","86","","","","23","","6","","3.2","","99.51","","","","-5","","Snow"
"-79.63","43.68","TORONTO INTL A","6158731","2025-12-07 09:00","2025","12","07","09:00","","-2.5","","-3.9","","91","","","","20","","10","","4.8","","99.51","","","","-6","","Snow"
"-79.63","43.68","TORONTO INTL A","6158731","2025-12-07 10:00","2025","12","07","10:00","","-2.3","","-3.7","","90","","","","20","","8","","4.8","","99.47","","","","-5","","Snow"
"-79.63","43.68","TORONTO INTL A","6158731","2025-12-07 11:00","2025","12","07","11:00","","-1.4","","-3.4","","86","","","","21","","10","","8.1","","99.43","","","","-5","","Snow"
"-79.63","43.68","TORONTO INTL A","6158731","2025-12-07 12:00","2025","12","07","12:00","","-1.1","","-3.7","","82","","","","26","","14","","9.7","","99.39","","","","-6","","Snow"
"-79.63","43.68","TORONTO INTL A","6158731","2025-12-07 13:00","2025","12","07","13:00","","-0.6","","-5.7","","69","","","","30","","23","","24.1","","99.37","","","","-6","","Snow"
"-79.63","43.68","TORONTO INTL A","6158731","2025-12-07 14:00","2025","12","07","14:00","","-1.0","","-6.3","","67","","","","29","","27","","24.1","","99.38","","","","-7","","NA"
"-79.63","43.68","TORONTO INTL A","6158731","2025-12-07 15:00","2025","12","07","15:00","","-1.1","","-6.9","","65","","","","29","","23","","24.1","","99.45","","","","-7","","NA"
"-79.63","43.68","TORONTO INTL A","6158731","2025-12-07 16:00","2025","12","07","16:00","","-1.9","","-8.1","","63","","","","28","","21","","24.1","","99.52","","","","-8","","Mainly Clear"
"-79.63","43.68","TORONTO INTL A","6158731","2025-12-07 17:00","2025","12","07","17:00","","-2.3","","-7.2","","69","","","","32","","27","","24.1","","99.62","","","","-9","","Snow"
"-79.63","43.68","TORONTO INTL A","6158731","2025-12-07 18:00","2025","12","07","18:00","","-3.4","","-6.5","","79","","","","31","","11","","24.1","","99.72","","","","-8","","Snow"
"-79.63","43.68","TORONTO INTL A","6158731","2025-12-07 19:00","2025","12","07","19:00","","-3.3","","-7.8","","71","","","","30","","16","","24.1","","99.83","","","","-9","","Mostly Cloudy"
"-79.63","43.68","TORONTO INTL A","6158731","2025-12-07 20:00","2025","12","07","20:00","","-4.4","","-9.8","","66","","","","31","","23","","24.1","","99.95","","","","-11","","NA"
"-79.63","43.68","TORONTO INTL A","6158731","2025-12-07 21:00","2025","12","07","21:00","","-5.1","","-12.3","","57","","","","30","","24","","24.1","","100.04","","","","-12","","NA"
"-79.63","43.68","TORONTO INTL A","6158731","2025-12-07 22:00","2025","12","07","22:00","","-6.0","","-14.1","","53","","","","30","","23","","24.1","","100.14","","","","-13","","Clear"
"-79.63","43.68","TORONTO INTL A","6158731","2025-12-07 23:00","2025","12","07","23:00","","-7.1","","-14.8","","55","","","","29","","19","","24.1","","100.25","","","","-14","","NA"
"-79.63","43.68","TORONTO INTL A","6158731","2025-12-08 00:00","2025","12","08","00:00","","-7.1","","-15.1","","53","","","","30","","22","","24.1","","100.33","","","","-15","","NA"
"-79.63","43.68","TORONTO INTL A","6158731","2025-12-08 01:00","2025","12","08","01:00","","-8.1","","-12.4","","71","","","","36","","26","","24.1","","100.41","","","","-16","","Mainly Clear"
"-79.63","43.68","TORONTO INTL A","6158731","2025-12-08 02:00","2025","12","08","02:00","","-9.1","","-17.0","","53","","","","35","","23","","24.1","","100.49","","","","-17","","NA"
"-79.63","43.68","TORONTO INTL A","6158731","2025-12-08 03:00","2025","12","08","03:00","","-10.5","","-17.7","","56","","","","36","","18","","24.1","","100.54","","","","-18","","NA"
"-79.63","43.68","TORONTO INTL A","6158731","2025-12-08 04:00","2025","12","08","04:00","","-11.3","","-18.9","","54","","","","36","","14","","24.1","","100.55","","","","-18","","Clear"
"-79.63","43.68","TORONTO INTL A","6158731","2025-12-08 05:00","2025","12","08","05:00","","-12.0","","-18.4","","59","","","","34","","16","","24.1","","100.62","","","","-19","","NA"
"-79.63","43.68","TORONTO INTL A","6158731","2025-12-08 06:00","2025","12","08","06:00","","-12.3","","-18.4","","61","","","","35","","16","","24.1","","100.69","","","","-20","","NA"
"-79.63","43.68","TORONTO INTL A","6158731","2025-12-08 07:00","2025","12","08","07:00","","-12.2","","-17.1","","67","","","","36","","12","","24.1","","100.74","","","","-19","","Clear"
"-79.63","43.68","TORONTO INTL A","6158731","2025-12-08 08:00","2025","12","08","08:00","","-12.7","","-17.2","","69","","","","31","","12","","24.1","","100.79","","","","-19","","NA"
"-79.63","43.68","TORONTO INTL A","6158731","2025-12-08 09:00","2025","12","08","09:00","","-10.9","","-15.8","","67","","","","30","","10","","24.1","","100.81","","","","-16","","NA"
"-79.63","43.68","TORONTO INTL A","6158731","2025-12-08 10:00","2025","12","08","10:00","","-8.9","","-14.2","","66","","","","26","","6","","24.1","","100.80","","","","-12","","Mostly Cloudy"
"-79.63","43.68","TORONTO INTL A","6158731","2025-12-08 11:00","2025","12","08","11:00","","-6.8","","-13.2","","60","","","","24","","8","","24.1","","100.78","","","","-11","","NA"
"-79.63","43.68","TORONTO INTL A","6158731","2025-12-08 12:00","2025","12","08","12:00","","-4.6","","-13.4","","50","","","","23","","11","","24.1","","100.68","","","","-9","","NA"
"-79.63","43.68","TORONTO INTL A","6158731","2025-12-08 13:00","2025","12","08","13:00","","-3.8","","-14.2","","45","","","","25","","12","","24.1","","100.59","","","","-8","","Mostly Cloudy"
"-79.63","43.68","TORONTO INTL A","6158731","2025-12-08 14:00","2025","12","08","14:00","","-4.0","","-14.0","","46","","","","28","","9","","24.1","","100.57","","","","-8","","NA"
"-79.63","43.68","TORONTO INTL A","6158731","2025-12-08 15:00","2025","12","08","15:00","","-4.0","","-13.6","","48","","","","26","","11","","24.1","","100.54","","","","-8","","NA"
"-79.63","43.68","TORONTO INTL A","6158731","2025-12-08 16:00","2025","12","08","16:00","","-4.3","","-13.1","","50","","","","25","","10","","24.1","","100.53","","","","-8","","Cloudy"
"-79.63","43.68","TORONTO INTL A","6158731","2025-12-08 17:00","2025","12","08","17:00","","-4.5","","-12.7","","53","","","","24","","12","","24.1","","100.54","","","","-9","","NA"
"-79.63","43.68","TORONTO INTL A","6158731","2025-12-08 18:00","2025","12","08","18:00","","-4.9","","-12.8","","54","","","","24","","11","","24.1","","100.55","","","","-9","","NA"
"-79.63","43.68","TORONTO INTL A","6158731","2025-12-08 19:00","2025","12","08","19:00","","-6.0","","-13.5","","56","","","","23","","14","","24.1","","100.57","","","","-12","","Mainly Clear"
"-79.63","43.68","TORONTO INTL A","6158731","2025-12-08 20:00","2025","12","08","20:00","","-6.5","","-14.0","","56","","","","23","","13","","24.1","","100.51","","","","-12","","NA"
"-79.63","43.68","TORONTO INTL A","6158731","2025-12-08 21:00","2025","12","08","21:00","","-7.2","","-14.5","","56","","","","24","","17","","24.1","","100.48","","","","-14","","NA"
"-79.63","43.68","TORONTO INTL A","6158731","2025-12-08 22:00","2025","12","08","22:00","","-8.1","","-16.0","","53","","","","24","","12","","24.1","","100.42","","","","-14","","Mainly Clear"
"-79.63","43.68","TORONTO INTL A","6158731","2025-12-08 23:00","2025","12","08","23:00","","-8.1","","-16.3","","52","","","","24","","8","","24.1","","100.37","","","","-12","","NA"
"-79.63","43.68","TORONTO INTL A","6158731","2025-12-09 00:00","2025","12","09","00:00","","-8.4","","-16.6","","52","","","","24","","10","","24.1","","100.29","","","","-13","","NA"
"-79.63","43.68","TORONTO INTL A","6158731","2025-12-09 01:00","2025","12","09","01:00","","-8.6","","-16.6","","53","","","","24","","6","","24.1","","100.22","","","","-12","","Clear"
"-79.63","43.68","TORONTO INTL A","6158731","2025-12-09 02:00","2025","12","09","02:00","","-8.1","","-16.2","","53","","","","27","","6","","24.1","","100.19","","","","-11","","NA"
"-79.63","43.68","TORONTO INTL A","6158731","2025-12-09 03:00","2025","12","09","03:00","","-8.6","","-16.0","","56","","","","27","","5","","24.1","","100.14","","","","-11","","NA"
"-79.63","43.68","TORONTO INTL A","6158731","2025-12-09 04:00","2025","12","09","04:00","","-8.3","","-15.5","","57","","","","21","","3","","24.1","","100.02","","","","-10","","Clear"
"-79.63","43.68","TORONTO INTL A","6158731","2025-12-09 05:00","2025","12","09","05:00","","-8.4","","-14.9","","60","","","","19","","3","","24.1","","99.93","","","","-10","","NA"
"-79.63","43.68","TORONTO INTL A","6158731","2025-12-09 06:00","2025","12","09","06:00","","-7.3","","-13.6","","61","","","","17","","3","","24.1","","99.85","","","","-9","","NA"
"-79.63","43.68","TORONTO INTL A","6158731","2025-12-09 07:00","2025","12","09","07:00","","-6.5","","-11.8","","66","","","","18","","7","","24.1","","99.76","","","","-10","","Mostly Cloudy"
"-79.63","43.68","TORONTO INTL A","6158731","2025-12-09 08:00","2025","12","09","08:00","","-4.7","","-11.5","","59","","","","17","","11","","24.1","","99.63","","","","-9","","NA"
"-79.63","43.68","TORONTO INTL A","6158731","2025-12-09 09:00","2025","12","09","09:00","","-4.3","","-12.0","","55","","","","19","","13","","24.1","","99.50","","","","-9","","NA"
"-79.63","43.68","TORONTO INTL A","6158731","2025-12-09 10:00","2025","12","09","10:00","","-3.8","","-10.9","","58","","","","18","","12","","24.1","","99.40","","","","-8","","Mostly Cloudy"
"-79.63","43.68","TORONTO INTL A","6158731","2025-12-09 11:00","2025","12","09","11:00","","-3.0","","-9.8","","60","","","","18","","17","","24.1","","99.23","","","","-9","","NA"
"-79.63","43.68","TORONTO INTL A","6158731","2025-12-09 12:00","2025","12","09","12:00","","-2.7","","-9.1","","62","","","","20","","14","","24.1","","99.06","","","","-8","","NA"
"-79.63","43.68","TORONTO INTL A","6158731","2025-12-09 13:00","2025","12","09","13:00","","-3.0","","-9.6","","61","","","","21","","26","","9.7","","98.85","","","","-10","","Snow"
"-79.63","43.68","TORONTO INTL A","6158731","2025-12-09 14:00","2025","12","09","14:00","","-3.5","","-6.8","","78","","","","17","","14","","19.3","","98.60","","","","-9","","Snow"
"-79.63","43.68","TORONTO INTL A","6158731","2025-12-09 15:00","2025","12","09","15:00","","-3.1","","-4.8","","89","","","","19","","18","","4.8","","98.49","","","","-9","","Snow"
"-79.63","43.68","TORONTO INTL A","6158731","2025-12-09 16:00","2025","12","09","16:00","","-2.3","","-4.9","","83","","","","19","","26","","19.3","","98.36","","","","-9","","Snow"
"-79.63","43.68","TORONTO INTL A","6158731","2025-12-09 17:00","2025","12","09","17:00","","-2.2","","-4.0","","88","","","","20","","21","","9.7","","98.29","","","","-8","","Snow"
"-79.63","43.68","TORONTO INTL A","6158731","2025-12-09 18:00","2025","12","09","18:00","","-1.8","","-2.9","","92","","","","22","","14","","6.4","","98.26","","","","-6","","Snow"
"-79.63","43.68","TORONTO INTL A","6158731","2025-12-09 19:00","2025","12","09","19:00","","-1.1","","-2.2","","92","","","","20","","16","","6.4","","98.27","","","","-6","","Fog"
"-79.63","43.68","TORONTO INTL A","6158731","2025-12-09 20:00","2025","12","09","20:00","","-0.1","","-2.2","","86","","","","23","","16","","9.7","","98.24","","","","-5","","Fog"
"-79.63","43.68","TORONTO INTL A","6158731","2025-12-09 21:00","2025","12","09","21:00","","0.2","","-2.4","","83","","","","24","","21","","16.1","","98.18","","","","","","NA"
"-79.63","43.68","TORONTO INTL A","6158731","2025-12-09 22:00","2025","12","09","22:00","","0.3","","-2.4","","82","","","","24","","20","","16.1","","98.13","","","","","","Cloudy"
"-79.63","43.68","TORONTO INTL A","6158731","2025-12-09 23:00","2025","12","09","23:00","","0.4","","-2.2","","83","","","","24","","18","","16.1","","98.15","","","","","","NA"
"-79.63","43.68","TORONTO INTL A","6158731","2025-12-10 00:00","2025","12","10","00:00","","0.4","","-1.4","","88","","","","22","","13","","9.7","","98.09","","","","","","Fog"
"-79.63","43.68","TORONTO INTL A","6158731","2025-12-10 01:00","2025","12","10","01:00","","0.5","","-1.4","","87","","","","21","","11","","9.7","","98.04","","","","","","Fog"
"-79.63","43.68","TORONTO INTL A","6158731","2025-12-10 02:00","2025","12","10","02:00","","0.6","","-0.9","","90","","","","22","","12","","9.7","","98.01","","","","","","Fog"
"-79.63","43.68","TORONTO INTL A","6158731","2025-12-10 03:00","2025","12","10","03:00","","0.4","","-0.9","","91","","","","18","","5","","4.0","","97.92","","","","","","Snow"
"-79.63","43.68","TORONTO INTL A","6158731","2025-12-10 04:00","2025","12","10","04:00","","0.1","","-0.7","","94","","","","14","","9","","3.2","","97.77","","","","","","Snow"
"-79.63","43.68","TORONTO INTL A","6158731","2025-12-10 05:00","2025","12","10","05:00","","0.1","","-0.5","","96","","","","13","","7","","1.2","","97.59","","","","","","Snow"
"-79.63","43.68","TORONTO INTL A","6158731","2025-12-10 06:00","2025","12","10","06:00","","0.1","","-0.4","","97","","","","13","","9","","0.8","","97.50","","","","","","Moderate Snow"
"-79.63","43.68","TORONTO INTL A","6158731","2025-12-10 07:00","2025","12","10","07:00","","0.0","","-0.4","","97","","","","13","","11","","1.2","","97.38","","","","-4","","Snow"
"-79.63","43.68","TORONTO INTL A","6158731","2025-12-10 08:00","2025","12","10","08:00","","0.1","","-0.3","","97","","","","13","","13","","2.4","","97.25","","","","","","Snow"
"-79.63","43.68","TORONTO INTL A","6158731","2025-12-10 09:00","2025","12","10","09:00","","0.3","","-0.1","","97","","","","12","","11","","1.2","","97.13","","","","","","Snow"
"-79.63","43.68","TORONTO INTL A","6158731","2025-12-10 10:00","2025","12","10","10:00","","0.3","","-0.1","","97","","","","13","","11","","1.2","","97.06","","","","","","Snow"
"-79.63","43.68","TORONTO INTL A","6158731","2025-12-10 11:00","2025","12","10","11:00","","0.5","","0.1","","97","","","","12","","8","","2.0","","96.95","","","","","","Snow"
"-79.63","43.68","TORONTO INTL A","6158731","2025-12-10 12:00","2025","12","10","12:00","","0.7","","0.2","","97","","","","16","","6","","3.2","","96.84","","","","","","Snow"
"-79.63","43.68","TORONTO INTL A","6158731","2025-12-10 13:00","2025","12","10","13:00","","1.0","","0.3","","96","","","","24","","8","","4.8","","96.78","","","","","","Rain,Snow"
"-79.63","43.68","TORONTO INTL A","6158731","2025-12-10 14:00","2025","12","10","14:00","","1.1","","0.1","","93","","","","28","","15","","4.8","","96.75","","","","","","Rain,Snow"
"-79.63","43.68","TORONTO INTL A","6158731","2025-12-10 15:00","2025","12","10","15:00","","0.6","","-0.5","","92","","","","32","","26","","4.8","","96.83","","","","","","Snow"
"-79.63","43.68","TORONTO INTL A","6158731","2025-12-10 16:00","2025","12","10","16:00","","0.1","","-1.5","","89","","","","33","","25","","3.2","","96.97","","","","","","Snow"
"-79.63","43.68","TORONTO INTL A","6158731","2025-12-10 17:00","2025","12","10","17:00","","-0.3","","-2.2","","87","","","","33","","32","","6.4","","97.12","","","","-7","","Snow"
"-79.63","43.68","TORONTO INTL A","6158731","2025-12-10 18:00","2025","12","10","18:00","","-0.7","","-3.3","","83","","","","33","","39","","24.1","","97.29","","","","-8","","NA"
"-79.63","43.68","TORONTO INTL A","6158731","2025-12-10 19:00","2025","12","10","19:00","","-1.7","","-5.1","","78","","","","32","","51","","24.1","","97.48","","","","-11","","Cloudy"
"-79.63","43.68","TORONTO INTL A","6158731","2025-12-10 20:00","2025","12","10","20:00","","-2.8","","-6.5","","76","","","","32","","48","","24.1","","97.63","","","","-12","","NA"
"-79.63","43.68","TORONTO INTL A","6158731","2025-12-10 21:00","2025","12","10","21:00","","-3.2","","-5.5","","85","","","","31","","23","","1.6","","97.76","","","","-10","","Snow Showers"
"-79.63","43.68","TORONTO INTL A","6158731","2025-12-10 22:00","2025","12","10","22:00","","-4.1","","-8.4","","72","","","","31","","30","","24.1","","97.86","","","","-12","","Mostly Cloudy"
"-79.63","43.68","TORONTO INTL A","6158731","2025-12-10 23:00","2025","12","10","23:00","","-4.9","","-9.7","","70","","","","30","","34","","24.1","","97.99","","","","-13","","NA"
"-79.63","43.68","TORONTO INTL A","6158731","2025-12-11 00:00","2025","12","11","00:00","","-5.8","","-10.4","","70","","","","30","","27","","24.1","","98.09","","","","-14","","NA"
"-79.63","43.68","TORONTO INTL A","6158731","2025-12-11 01:00","2025","12","11","01:00","","-7.2","","-11.4","","72","","","","29","","32","","24.1","","98.19","","","","-16","","Mainly Clear"
"-79.63","43.68","TORONTO INTL A","6158731","2025-12-11 02:00","2025","12","11","02:00","","-7.9","","-12.4","","70","","","","28","","30","","24.1","","98.30","","","","-17","","NA"
"-79.63","43.68","TORONTO INTL A","6158731","2025-12-11 03:00","2025","12","11","03:00","","-9.0","","-13.9","","68","","","","28","","19","","24.1","","98.34","","","","-16","","NA"
"-79.63","43.68","TORONTO INTL A","6158731","2025-12-11 04:00","2025","12","11","04:00","","-9.7","","-14.3","","70","","","","27","","25","","24.1","","98.38","","","","-18","","Clear"
"-79.63","43.68","TORONTO INTL A","6158731","2025-12-11 05:00","2025","12","11","05:00","","-9.4","","-13.9","","70","","","","27","","27","","24.1","","98.42","","","","-18","","NA"
"-79.63","43.68","TORONTO INTL A","6158731","2025-12-11 06:00","2025","12","11","06:00","","-8.8","","-13.3","","70","","","","28","","26","","24.1","","98.46","","","","-17","","NA"
"-79.63","43.68","TORONTO INTL A","6158731","2025-12-11 07:00","2025","12","11","07:00","","-9.1","","-13.5","","71","","","","29","","16","","24.1","","98.53","","","","-16","","Mainly Clear"
"-79.63","43.68","TORONTO INTL A","6158731","2025-12-11 08:00","2025","12","11","08:00","","-10.3","","-13.7","","77","","","","1","","13","","24.1","","98.59","","","","-17","","NA"
"-79.63","43.68","TORONTO INTL A","6158731","2025-12-11 09:00","2025","12","11","09:00","","-9.9","","-13.1","","78","","","","2","","5","","24.1","","98.62","","","","-13","","NA"
"-79.63","43.68","TORONTO INTL A","6158731","2025-12-11 10:00","2025","12","11","10:00","","-7.8","","-12.7","","68","","","","28","","18","","24.1","","98.65","","","","-15","","Mainly Clear"
"-79.63","43.68","TORONTO INTL A","6158731","2025-12-11 11:00","2025","12","11","11:00","","-6.8","","-12.7","","63","","","","29","","25","","24.1","","98.66","","","","-15","","NA"
"-79.63","43.68","TORONTO INTL A","6158731","2025-12-11 12:00","2025","12","11","12:00","","-6.4","","-11.9","","65","","","","32","","28","","24.1","","98.64","","","","-15","","NA"
"-79.63","43.68","TORONTO INTL A","6158731","2025-12-11 13:00","2025","12","11","13:00","","-6.1","","-11.9","","64","","","","29","","34","","24.1","","98.61","","","","-15","","Mainly Clear"
"-79.63","43.68","TORONTO INTL A","6158731","2025-12-11 14:00","2025","12","11","14:00","","-6.2","","-12.5","","61","","","","30","","33","","24.1","","98.67","","","","-15","","NA"
"-79.63","43.68","TORONTO INTL A","6158731","2025-12-11 15:00","2025","12","11","15:00","","-6.2","","-13.1","","59","","","","30","","34","","24.1","","98.73","","","","-15","","NA"
"-79.63","43.68","TORONTO INTL A","6158731","2025-12-11 16:00","2025","12","11","16:00","","-6.5","","-13.0","","60","","","","30","","24","","24.1","","98.82","","","","-14","","Mainly Clear"
"-79.63","43.68","TORONTO INTL A","6158731","2025-12-11 17:00","2025","12","11","17:00","","-6.8","","-13.3","","60","","","","30","","32","","24.1","","98.87","","","","-16","","NA"
"-79.63","43.68","TORONTO INTL A","6158731","2025-12-11 18:00","2025","12","11","18:00","","-7.5","","-13.3","","63","","","","31","","25","","24.1","","98.92","","","","-16","","NA"
"-79.63","43.68","TORONTO INTL A","6158731","2025-12-11 19:00","2025","12","11","19:00","","-8.2","","-13.3","","67","","","","29","","23","","24.1","","98.99","","","","-16","","Clear"
"-79.63","43.68","TORONTO INTL A","6158731","2025-12-11 20:00","2025","12","11","20:00","","-8.8","","-13.8","","67","","","","29","","22","","24.1","","99.08","","","","-17","","NA"
"-79.63","43.68","TORONTO INTL A","6158731","2025-12-11 21:00","2025","12","11","21:00","","-10.7","","-14.8","","72","","","","25","","10","","24.1","","99.17","","","","-16","","NA"
"-79.63","43.68","TORONTO INTL A","6158731","2025-12-11 22:00","2025","12","11","22:00","","-10.2","","-14.3","","73","","","","23","","6","","24.1","","99.23","","","","-14","","Clear"
"-79.63","43.68","TORONTO INTL A","6158731","2025-12-11 23:00","2025","12","11","23:00","","-11.6","","-15.7","","72","","","","25","","9","","24.1","","99.29","","","","-17","","NA"
"-79.63","43.68","TORONTO INTL A","6158731","2025-12-12 00:00","2025","12","12","00:00","","-10.2","","-15.7","","64","","","","35","","13","","24.1","","99.33","","","","-16","","NA"
"-79.63","43.68","TORONTO INTL A","6158731","2025-12-12 01:00","2025","12","12","01:00","","-11.6","","-15.9","","71","","","","26","","7","","24.1","","99.36","","","","-16","","Clear"
"-79.63","43.68","TORONTO INTL A","6158731","2025-12-12 02:00","2025","12","12","02:00","","-12.1","","-16.3","","71","","","","27","","13","","24.1","","99.39","","","","-19","","NA"
"-79.63","43.68","TORONTO INTL A","6158731","2025-12-12 03:00","2025","12","12","03:00","","-10.6","","-15.0","","70","","","","27","","21","","24.1","","99.45","","","","-19","","NA"
"-79.63","43.68","TORONTO INTL A","6158731","2025-12-12 04:00","2025","12","12","04:00","","-10.7","","-14.4","","74","","","","26","","18","","24.1","","99.43","","","","-18","","Mainly Clear"
"-79.63","43.68","TORONTO INTL A","6158731","2025-12-12 05:00","2025","12","12","05:00","","-10.4","","-13.3","","79","","","","26","","21","","24.1","","99.41","","","","-19","","NA"
"-79.63","43.68","TORONTO INTL A","6158731","2025-12-12 06:00","2025","12","12","06:00","","-9.3","","-12.8","","76","","","","25","","23","","24.1","","99.46","","","","-18","","NA"
"-79.63","43.68","TORONTO INTL A","6158731","2025-12-12 07:00","2025","12","12","07:00","","-9.1","","-12.8","","75","","","","27","","13","","24.1","","99.49","","","","-15","","Mainly Clear"
"-79.63","43.68","TORONTO INTL A","6158731","2025-12-12 08:00","2025","12","12","08:00","","-9.1","","-12.2","","78","","","","26","","10","","24.1","","99.50","","","","-14","","NA"
"-79.63","43.68","TORONTO INTL A","6158731","2025-12-12 09:00","2025","12","12","09:00","","-5.7","","-9.5","","75","","","","26","","21","","24.1","","99.51","","","","-13","","NA"
"-79.63","43.68","TORONTO INTL A","6158731","2025-12-12 10:00","2025","12","12","10:00","","-3.5","","-8.2","","70","","","","25","","23","","24.1","","99.52","","","","-10","","Clear"
"-79.63","43.68","TORONTO INTL A","6158731","2025-12-12 11:00","2025","12","12","11:00","","-2.3","","-7.2","","69","","","","26","","28","","24.1","","99.54","","","","-9","","NA"
"-79.63","43.68","TORONTO INTL A","6158731","2025-12-12 12:00","2025","12","12","12:00","","-1.4","","-6.7","","68","","","","26","","29","","24.1","","99.50","","","","-8","","NA"
"-79.63","43.68","TORONTO INTL A","6158731","2025-12-12 13:00","2025","12","12","13:00","","-1.1","","-6.8","","66","","","","27","","30","","24.1","","99.52","","","","-8","","Mostly Cloudy"
"-79.63","43.68","TORONTO INTL A","6158731","2025-12-12 14:00","2025","12","12","14:00","","-1.1","","-6.7","","66","","","","26","","31","","24.1","","99.51","","","","-8","","NA"
"-79.63","43.68","TORONTO INTL A","6158731","2025-12-12 15:00","2025","12","12","15:00","","-1.4","","-6.7","","67","","","","24","","24","","24.1","","99.51","","","","-8","","NA"
"-79.63","43.68","TORONTO INTL A","6158731","2025-12-12 16:00","2025","12","12","16:00","","-1.4","","-6.3","","69","","","","25","","26","","24.1","","99.55","","","","-8","","Mostly Cloudy"
"-79.63","43.68","TORONTO INTL A","6158731","2025-12-12 17:00","2025","12","12","17:00","","-1.9","","-6.9","","69","","","","24","","27","","24.1","","99.58","","","","-9","","NA"
"-79.63","43.68","TORONTO INTL A","6158731","2025-12-12 18:00","2025","12","12","18:00","","-2.4","","-7.6","","67","","","","24","","28","","24.1","","99.61","","","","-9","","NA"
"-79.63","43.68","TORONTO INTL A","6158731","2025-12-12 19:00","2025","12","12","19:00","","-2.4","","-8.1","","65","","","","24","","25","","24.1","","99.62","","","","-9","","Mostly Cloudy"
"-79.63","43.68","TORONTO INTL A","6158731","2025-12-12 20:00","2025","12","12","20:00","","-2.2","","-7.8","","65","","","","22","","14","","24.1","","99.60","","","","-7","","NA"
"-79.63","43.68","TORONTO INTL A","6158731","2025-12-12 21:00","2025","12","12","21:00","","-2.8","","-8.1","","67","","","","23","","19","","24.1","","99.59","","","","-9","","NA"
"-79.63","43.68","TORONTO INTL A","6158731","2025-12-12 22:00","2025","12","12","22:00","","-3.5","","-9.1","","66","","","","23","","21","","24.1","","99.57","","","","-10","","Mostly Cloudy"
"-79.63","43.68","TORONTO INTL A","6158731","2025-12-12 23:00","2025","12","12","23:00","","-3.5","","-9.2","","65","","","","25","","13","","24.1","","99.51","","","","-8","","NA"
"-79.63","43.68","TORONTO INTL A","6158731","2025-12-13 00:00","2025","12","13","00:00","","-3.1","","-9.3","","63","","","","20","","8","","24.1","","99.42","","","","-6","","NA"
"-79.63","43.68","TORONTO INTL A","6158731","2025-12-13 01:00","2025","12","13","01:00","","-3.5","","-8.7","","67","","","","23","","11","","19.3","","99.36","","","","-8","","Snow"
"-79.63","43.68","TORONTO INTL A","6158731","2025-12-13 02:00","2025","12","13","02:00","","-3.5","","-8.5","","69","","","","20","","8","","24.1","","99.29","","","","-7","","Snow"
"-79.63","43.68","TORONTO INTL A","6158731","2025-12-13 03:00","2025","12","13","03:00","","-3.6","","-7.7","","73","","","","20","","11","","6.4","","99.27","","","","-8","","Snow"
"-79.63","43.68","TORONTO INTL A","6158731","2025-12-13 04:00","2025","12","13","04:00","","-3.4","","-6.9","","77","","","","18","","8","","16.1","","99.14","","","","-7","","Cloudy"
"-79.63","43.68","TORONTO INTL A","6158731","2025-12-13 05:00","2025","12","13","05:00","","-3.5","","-6.2","","81","","","","20","","13","","3.2","","99.07","","","","-8","","Snow"
"-79.63","43.68","TORONTO INTL A","6158731","2025-12-13 06:00","2025","12","13","06:00","","-3.2","","-5.0","","88","","","","22","","16","","3.2","","99.01","","","","-9","","Snow"
"-79.63","43.68","TORONTO INTL A","6158731","2025-12-13 07:00","2025","12","13","07:00","","-2.2","","-4.6","","83","","","","23","","22","","9.7","","98.95","","","","-8","","Snow"
"-79.63","43.68","TORONTO INTL A","6158731","2025-12-13 08:00","2025","12","13","08:00","","-1.8","","-4.8","","80","","","","25","","23","","16.1","","98.95","","","","-8","","Snow"
"-79.63","43.68","TORONTO INTL A","6158731","2025-12-13 09:00","2025","12","13","09:00","","-2.1","","-6.3","","73","","","","28","","32","","24.1","","99.08","","","","-9","","Snow"
"-79.63","43.68","TORONTO INTL A","6158731","2025-12-13 10:00","2025","12","13","10:00","","-3.2","","-10.1","","59","","","","28","","35","","24.1","","99.15","","","","-11","","Mostly Cloudy"
"-79.63","43.68","TORONTO INTL A","6158731","2025-12-13 11:00","2025","12","13","11:00","","-3.1","","-10.7","","56","","","","28","","35","","24.1","","99.18","","","","-11","","NA"
"-79.63","43.68","TORONTO INTL A","6158731","2025-12-13 12:00","2025","12","13","12:00","","-3.1","","-10.9","","55","","","","27","","39","","24.1","","99.18","","","","-11","","NA"
"-79.63","43.68","TORONTO INTL A","6158731","2025-12-13 13:00","2025","12","13","13:00","","-3.0","","-12.0","","50","","","","27","","35","","24.1","","99.15","","","","-11","","Mostly Cloudy"
"-79.63","43.68","TORONTO INTL A","6158731","2025-12-13 14:00","2025","12","13","14:00","","-2.8","","-12.1","","49","","","","27","","32","","24.1","","99.16","","","","-10","","NA"
"-79.63","43.68","TORONTO INTL A","6158731","2025-12-13 15:00","2025","12","13","15:00","","-4.5","","-12.4","","54","","","","27","","30","","24.1","","99.27","","","","-12","","NA"
"-79.63","43.68","TORONTO INTL A","6158731","2025-12-13 16:00","2025","12","13","16:00","","-5.3","","-12.2","","59","","","","28","","27","","24.1","","99.30","","","","-13","","Mostly Cloudy"
"-79.63","43.68","TORONTO INTL A","6158731","2025-12-13 17:00","2025","12","13","17:00","","-5.8","","-12.7","","58","","","","27","","26","","24.1","","99.31","","","","-14","","NA"
"-79.63","43.68","TORONTO INTL A","6158731","2025-12-13 18:00","2025","12","13","18:00","","-6.3","","-12.8","","61","","","","27","","23","","24.1","","99.41","","","","-14","","NA"
"-79.63","43.68","TORONTO INTL A","6158731","2025-12-13 19:00","2025","12","13","19:00","","-6.7","","-13.0","","61","","","","27","","26","","24.1","","99.51","","","","-15","","Mostly Cloudy"
"-79.63","43.68","TORONTO INTL A","6158731","2025-12-13 20:00","2025","12","13","20:00","","-7.1","","-12.5","","66","","","","25","","25","","24.1","","99.53","","","","-15","","NA"
"-79.63","43.68","TORONTO INTL A","6158731","2025-12-13 21:00","2025","12","13","21:00","","-7.5","","-13.1","","64","","","","26","","21","","24.1","","99.52","","","","-15","","NA"
"-79.63","43.68","TORONTO INTL A","6158731","2025-12-13 22:00","2025","12","13","22:00","","-7.8","","-12.8","","68","","","","27","","23","","24.1","","99.55","","","","-16","","Mostly Cloudy"
"-79.63","43.68","TORONTO INTL A","6158731","2025-12-13 23:00","2025","12","13","23:00","","-8.1","","-13.3","","66","","","","27","","22","","24.1","","99.58","","","","-16","","NA"
"-79.63","43.68","TORONTO INTL A","6158731","2025-12-14 00:00","2025","12","14","00:00","","-8.6","","-13.8","","67","","","","27","","25","","24.1","","99.57","","","","-17","","NA"
"-79.63","43.68","TORONTO INTL A","6158731","2025-12-14 01:00","2025","12","14","01:00","","-9.7","","-14.2","","70","","","","26","","25","","24.1","","99.58","","","","-18","","Mainly Clear"
"-79.63","43.68","TORONTO INTL A","6158731","2025-12-14 02:00","2025","12","14","02:00","","-10.5","","-14.6","","73","","","","26","","23","","24.1","","99.61","","","","-19","","NA"
"-79.63","43.68","TORONTO INTL A","6158731","2025-12-14 03:00","2025","12","14","03:00","","-11.1","","-15.0","","73","","","","26","","27","","24.1","","99.62","","","","-21","","NA"
"-79.63","43.68","TORONTO INTL A","6158731","2025-12-14 04:00","2025","12","14","04:00","","-11.6","","-15.6","","73","","","","27","","27","","24.1","","99.64","","","","-21","","Clear"
"-79.63","43.68","TORONTO INTL A","6158731","2025-12-14 05:00","2025","12","14","05:00","","-11.9","","-15.7","","74","","","","27","","26","","24.1","","99.65","","","","-21","","NA"
"-79.63","43.68","TORONTO INTL A","6158731","2025-12-14 06:00","2025","12","14","06:00","","-12.3","","-16.0","","74","","","","28","","20","","24.1","","99.74","","","","-21","","NA"
"-79.63","43.68","TORONTO INTL A","6158731","2025-12-14 07:00","2025","12","14","07:00","","-11.9","","-15.8","","73","","","","28","","16","","24.1","","99.83","","","","-19","","Mostly Cloudy"
"-79.63","43.68","TORONTO INTL A","6158731","2025-12-14 08:00","2025","12","14","08:00","","-11.5","","-15.4","","73","","","","32","","18","","24.1","","99.91","","","","-19","","NA"
"-79.63","43.68","TORONTO INTL A","6158731","2025-12-14 09:00","2025","12","14","09:00","","-11.2","","-14.8","","75","","","","32","","15","","24.1","","99.96","","","","-18","","NA"
"-79.63","43.68","TORONTO INTL A","6158731","2025-12-14 10:00","2025","12","14","10:00","","-10.2","","-14.7","","70","","","","32","","16","","24.1","","100.01","","","","-17","","Clear"
"-79.63","43.68","TORONTO INTL A","6158731","2025-12-14 11:00","2025","12","14","11:00","","-8.8","","-14.7","","63","","","","34","","8","","24.1","","100.05","","","","-13","","NA"
"-79.63","43.68","TORONTO INTL A","6158731","2025-12-14 12:00","2025","12","14","12:00","","-7.8","","-16.1","","52","","","","34","","19","","24.1","","100.08","","","","-15","","NA"
"-79.63","43.68","TORONTO INTL A","6158731","2025-12-14 13:00","2025","12","14","13:00","","-7.8","","-17.0","","48","","","","36","","11","","24.1","","100.12","","","","-13","","Clear"
"-79.63","43.68","TORONTO INTL A","6158731","2025-12-14 14:00","2025","12","14","14:00","","-7.5","","-16.9","","47","","","","36","","17","","24.1","","100.16","","","","-14","","NA"
"-79.63","43.68","TORONTO INTL A","6158731","2025-12-14 15:00","2025","12","14","15:00","","-7.8","","-14.3","","60","","","","33","","26","","24.1","","100.27","","","","-16","","NA"
"-79.63","43.68","TORONTO INTL A","6158731","2025-12-14 16:00","2025","12","14","16:00","","-8.8","","-15.8","","57","","","","32","","21","","24.1","","100.39","","","","-17","","Mainly Clear"
"-79.63","43.68","TORONTO INTL A","6158731","2025-12-14 17:00","2025","12","14","17:00","","-9.4","","-14.8","","65","","","","34","","21","","24.1","","100.50","","","","-17","","NA"
"-79.63","43.68","TORONTO INTL A","6158731","2025-12-14 18:00","2025","12","14","18:00","","-9.7","","-16.4","","59","","","","30","","28","","24.1","","100.57","","","","-19","","NA"
"-79.63","43.68","TORONTO INTL A","6158731","2025-12-14 19:00","2025","12","14","19:00","","-10.3","","-16.1","","63","","","","30","","25","","24.1","","100.63","","","","-19","","Clear"
"-79.63","43.68","TORONTO INTL A","6158731","2025-12-14 20:00","2025","12","14","20:00","","-10.4","","-15.9","","64","","","","30","","19","","24.1","","100.69","","","","-18","","NA"
"-79.63","43.68","TORONTO INTL A","6158731","2025-12-14 21:00","2025","12","14","21:00","","-10.2","","-15.4","","66","","","","29","","15","","24.1","","100.64","","","","-17","","NA"
"-79.63","43.68","TORONTO INTL A","6158731","2025-12-14 22:00","2025","12","14","22:00","","-10.3","","-15.3","","67","","","","29","","12","","24.1","","100.64","","","","-16","","Clear"
"-79.63","43.68","TORONTO INTL A","6158731","2025-12-14 23:00","2025","12","14","23:00","","-9.9","","-14.5","","69","","","","31","","12","","24.1","","100.64","","","","-16","","NA"
"-79.63","43.68","TORONTO INTL A","6158731","2025-12-15 00:00","2025","12","15","00:00","","-9.7","","-13.9","","71","","","","30","","18","","24.1","","100.62","","","","-17","","NA"
"-79.63","43.68","TORONTO INTL A","6158731","2025-12-15 01:00","2025","12","15","01:00","","-11.1","","-14.4","","77","","","","29","","12","","24.1","","100.55","","","","-17","","Clear"
"-79.63","43.68","TORONTO INTL A","6158731","2025-12-15 02:00","2025","12","15","02:00","","-12.9","","-15.5","","81","","","","27","","11","","24.1","","100.60","","","","-19","","NA"
"-79.63","43.68","TORONTO INTL A","6158731","2025-12-15 03:00","2025","12","15","03:00","","-10.2","","-13.1","","80","","","","27","","13","","24.1","","100.55","","","","-16","","NA"
"-79.63","43.68","TORONTO INTL A","6158731","2025-12-15 04:00","2025","12","15","04:00","","-8.4","","-11.3","","80","","","","26","","17","","24.1","","100.53","","","","-15","","Mostly Cloudy"
"-79.63","43.68","TORONTO INTL A","6158731","2025-12-15 05:00","2025","12","15","05:00","","-8.3","","-11.1","","81","","","","26","","15","","6.4","","100.50","","","","-15","","Snow"
"-79.63","43.68","TORONTO INTL A","6158731","2025-12-15 06:00","2025","12","15","06:00","","-8.3","","-11.0","","81","","","","26","","11","","24.1","","100.46","","","","-14","","NA"
"-79.63","43.68","TORONTO INTL A","6158731","2025-12-15 07:00","2025","12","15","07:00","","-7.7","","-10.5","","81","","","","27","","13","","24.1","","100.41","","","","-13","","Mostly Cloudy"
"-79.63","43.68","TORONTO INTL A","6158731","2025-12-15 08:00","2025","12","15","08:00","","-6.8","","-9.3","","82","","","","25","","24","","19.3","","100.39","","","","-14","","Snow"
"-79.63","43.68","TORONTO INTL A","6158731","2025-12-15 09:00","2025","12","15","09:00","","-5.8","","-8.3","","82","","","","24","","26","","19.3","","100.39","","","","-14","","Snow"
"-79.63","43.68","TORONTO INTL A","6158731","2025-12-15 10:00","2025","12","15","10:00","","-5.1","","-8.3","","78","","","","23","","21","","24.1","","100.36","","","","-12","","Cloudy"
"-79.63","43.68","TORONTO INTL A","6158731","2025-12-15 11:00","2025","12","15","11:00","","-4.6","","-8.3","","75","","","","24","","23","","24.1","","100.26","","","","-12","","NA"
"-79.63","43.68","TORONTO INTL A","6158731","2025-12-15 12:00","2025","12","15","12:00","","-4.9","","-9.9","","68","","","","25","","33","","8.1","","100.17","","","","-13","","Snow"
"-79.63","43.68","TORONTO INTL A","6158731","2025-12-15 13:00","2025","12","15","13:00","","-5.7","","-9.0","","78","","","","24","","35","","4.8","","100.07","","","","-14","","Snow"
"-79.63","43.68","TORONTO INTL A","6158731","2025-12-15 14:00","2025","12","15","14:00","","-5.7","","-9.5","","75","","","","24","","28","","4.8","","99.98","","","","-14","","Snow"
"-79.63","43.68","TORONTO INTL A","6158731","2025-12-15 15:00","2025","12","15","15:00","","-5.6","","-8.8","","78","","","","22","","19","","9.7","","99.83","","","","-12","","Snow"
"-79.63","43.68","TORONTO INTL A","6158731","2025-12-15 16:00","2025","12","15","16:00","","-5.4","","-10.0","","70","","","","22","","29","","24.1","","99.69","","","","-13","","Cloudy"
"-79.63","43.68","TORONTO INTL A","6158731","2025-12-15 17:00","2025","12","15","17:00","","-5.4","","-9.5","","73","","","","23","","22","","24.1","","99.65","","","","-12","","NA"
"-79.63","43.68","TORONTO INTL A","6158731","2025-12-15 18:00","2025","12","15","18:00","","-5.1","","-10.0","","69","","","","24","","29","","24.1","","99.68","","","","-13","","NA"
"-79.63","43.68","TORONTO INTL A","6158731","2025-12-15 19:00","2025","12","15","19:00","","-5.7","","-12.7","","58","","","","26","","32","","24.1","","99.69","","","","-14","","Cloudy"
"-79.63","43.68","TORONTO INTL A","6158731","2025-12-15 20:00","2025","12","15","20:00","","-6.4","","-13.2","","59","","","","26","","21","","24.1","","99.76","","","","-13","","NA"
"-79.63","43.68","TORONTO INTL A","6158731","2025-12-15 21:00","2025","12","15","21:00","","-6.8","","-13.3","","60","","","","26","","19","","24.1","","99.75","","","","-14","","NA"
"-79.63","43.68","TORONTO INTL A","6158731","2025-12-15 22:00","2025","12","15","22:00","","-6.9","","-13.2","","61","","","","25","","22","","24.1","","99.74","","","","-14","","Cloudy"
"-79.63","43.68","TORONTO INTL A","6158731","2025-12-15 23:00","2025","12","15","23:00","","-7.0","","-12.8","","64","","","","24","","18","","24.1","","99.74","","","","-14","","NA"
"-79.63","43.68","TORONTO INTL A","6158731","2025-12-16 00:00","2025","12","16","00:00","","-7.0","","-12.5","","66","","","","25","","17","","24.1","","99.72","","","","-13","","NA"
"-79.63","43.68","TORONTO INTL A","6158731","2025-12-16 01:00","2025","12","16","01:00","","-7.1","","-12.3","","67","","","","25","","16","","24.1","","99.67","","","","-13","","Cloudy"
"-79.63","43.68","TORONTO INTL A","6158731","2025-12-16 02:00","2025","12","16","02:00","","-7.0","","-12.2","","67","","","","25","","18","","24.1","","99.71","","","","-14","","NA"
"-79.63","43.68","TORONTO INTL A","6158731","2025-12-16 03:00","2025","12","16","03:00","","-6.8","","-11.7","","68","","","","26","","17","","24.1","","99.72","","","","-13","","NA"
"-79.63","43.68","TORONTO INTL A","6158731","2025-12-16 04:00","2025","12","16","04:00","","-6.7","","-11.0","","71","","","","25","","13","","24.1","","99.75","","","","-12","","Cloudy"
"-79.63","43.68","TORONTO INTL A","6158731","2025-12-16 05:00","2025","12","16","05:00","","-6.5","","-10.8","","72","","","","24","","12","","24.1","","99.76","","","","-12","","NA"
"-79.63","43.68","TORONTO INTL A","6158731","2025-12-16 06:00","2025","12","16","06:00","","-6.4","","-10.8","","71","","","","24","","13","","24.1","","99.77","","","","-12","","NA"
"-79.63","43.68","TORONTO INTL A","6158731","2025-12-16 07:00","2025","12","16","07:00","","-6.0","","-10.3","","72","","","","24","","13","","24.1","","99.84","","","","-11","","Cloudy"
"-79.63","43.68","TORONTO INTL A","6158731","2025-12-16 08:00","2025","12","16","08:00","","-5.7","","-9.9","","72","","","","24","","16","","24.1","","99.86","","","","-12","","NA"
"-79.63","43.68","TORONTO INTL A","6158731","2025-12-16 09:00","2025","12","16","09:00","","-5.2","","-9.7","","70","","","","23","","13","","16.1","","99.88","","","","-10","","NA"
"-79.63","43.68","TORONTO INTL A","6158731","2025-12-16 10:00","2025","12","16","10:00","","-4.8","","-10.0","","67","","","","23","","16","","19.3","","99.84","","","","-11","","Mostly Cloudy"
"-79.63","43.68","TORONTO INTL A","6158731","2025-12-16 11:00","2025","12","16","11:00","","-4.6","","-9.3","","70","","","","21","","16","","19.3","","99.75","","","","-10","","NA"
"-79.63","43.68","TORONTO INTL A","6158731","2025-12-16 12:00","2025","12","16","12:00","","-4.8","","-9.2","","71","","","","22","","17","","19.3","","99.68","","","","-11","","NA"
"-79.63","43.68","TORONTO INTL A","6158731","2025-12-16 13:00","2025","12","16","13:00","","-4.5","","-8.7","","73","","","","20","","15","","19.3","","99.57","","","","-10","","Cloudy"
"-79.63","43.68","TORONTO INTL A","6158731","2025-12-16 14:00","2025","12","16","14:00","","-4.0","","-8.0","","74","","","","18","","16","","19.3","","99.44","","","","-10","","NA"
"-79.63","43.68","TORONTO INTL A","6158731","2025-12-16 15:00","2025","12","16","15:00","","-3.3","","-6.8","","76","","","","21","","16","","19.3","","99.38","","","","-9","","NA"
"-79.63","43.68","TORONTO INTL A","6158731","2025-12-16 16:00","2025","12","16","16:00","","-2.8","","-6.6","","75","","","","18","","17","","19.3","","99.30","","","","-8","","Mostly Cloudy"
"-79.63","43.68","TORONTO INTL A","6158731","2025-12-16 17:00","2025","12","16","17:00","","-2.6","","-7.5","","69","","","","19","","14","","19.3","","99.23","","","","-7","","NA"
"-79.63","43.68","TORONTO INTL A","6158731","2025-12-16 18:00","2025","12","16","18:00","","-2.1","","-7.1","","69","","","","20","","14","","24.1","","99.19","","","","-7","","NA"
"-79.63","43.68","TORONTO INTL A","6158731","2025-12-16 19:00","2025","12","16","19:00","","-1.2","","-7.1","","64","","","","20","","18","","24.1","","99.13","","","","-6","","Mostly Cloudy"
"-79.63","43.68","TORONTO INTL A","6158731","2025-12-16 20:00","2025","12","16","20:00","","-0.3","","-6.6","","63","","","","20","","21","","24.1","","99.00","","","","-6","","NA"
"-79.63","43.68","TORONTO INTL A","6158731","2025-12-16 21:00","2025","12","16","21:00","","0.2","","-5.4","","66","","","","22","","19","","24.1","","98.92","","","","","","NA"
"-79.63","43.68","TORONTO INTL A","6158731","2025-12-16 22:00","2025","12","16","22:00","","1.0","","-4.0","","69","","","","22","","29","","24.1","","98.81","","","","","","Mostly Cloudy"
"-79.63","43.68","TORONTO INTL A","6158731","2025-12-16 23:00","2025","12","16","23:00","","1.3","","-3.0","","73","","","","20","","26","","24.1","","98.72","","","","","","NA"
"-79.63","43.68","TORONTO INTL A","6158731","2025-12-17 00:00","2025","12","17","00:00","","1.6","","-2.2","","75","","","","22","","27","","24.1","","98.66","","","","","","NA"
"-79.63","43.68","TORONTO INTL A","6158731","2025-12-17 01:00","2025","12","17","01:00","","2.2","","-1.4","","77","","","","22","","29","","24.1","","98.59","","","","","","Cloudy"
"-79.63","43.68","TORONTO INTL A","6158731","2025-12-17 02:00","2025","12","17","02:00","","2.7","","-0.7","","78","","","","22","","28","","24.1","","98.49","","","","","","NA"
"-79.63","43.68","TORONTO INTL A","6158731","2025-12-17 03:00","2025","12","17","03:00","","2.7","","-0.8","","78","","","","20","","24","","24.1","","98.44","","","","","","NA"
"-79.63","43.68","TORONTO INTL A","6158731","2025-12-17 04:00","2025","12","17","04:00","","2.7","","-0.8","","77","","","","21","","18","","24.1","","98.36","","","","","","Cloudy"
"-79.63","43.68","TORONTO INTL A","6158731","2025-12-17 05:00","2025","12","17","05:00","","3.0","","-1.0","","75","","","","20","","22","","24.1","","98.31","","","","","","NA"
"-79.63","43.68","TORONTO INTL A","6158731","2025-12-17 06:00","2025","12","17","06:00","","3.1","","-1.1","","74","","","","22","","24","","24.1","","98.30","","","","","","NA"
"-79.63","43.68","TORONTO INTL A","6158731","2025-12-17 07:00","2025","12","17","07:00","","3.3","","-1.5","","71","","","","22","","18","","24.1","","98.32","","","","","","Mostly Cloudy"
"-79.63","43.68","TORONTO INTL A","6158731","2025-12-17 08:00","2025","12","17","08:00","","2.8","","-1.5","","73","","","","25","","22","","24.1","","98.38","","","","","","NA"
"-79.63","43.68","TORONTO INTL A","6158731","2025-12-17 09:00","2025","12","17","09:00","","2.8","","-1.2","","75","","","","25","","23","","24.1","","98.48","","","","","","NA"
"-79.63","43.68","TORONTO INTL A","6158731","2025-12-17 10:00","2025","12","17","10:00","","3.1","","-0.7","","76","","","","26","","27","","24.1","","98.58","","","","","","Cloudy"
"-79.63","43.68","TORONTO INTL A","6158731","2025-12-17 11:00","2025","12","17","11:00","","3.6","","-0.1","","76","","","","25","","35","","24.1","","98.65","","","","","","NA"
"-79.63","43.68","TORONTO INTL A","6158731","2025-12-17 12:00","2025","12","17","12:00","","3.5","","0.0","","78","","","","26","","28","","24.1","","98.69","","","","","","NA"
"-79.63","43.68","TORONTO INTL A","6158731","2025-12-17 13:00","2025","12","17","13:00","","3.8","","0.6","","80","","","","25","","30","","24.1","","98.78","","","","","","Cloudy"
"-79.63","43.68","TORONTO INTL A","6158731","2025-12-17 14:00","2025","12","17","14:00","","4.2","","-0.2","","73","","","","29","","36","","24.1","","98.98","","","","","","NA"
"-79.63","43.68","TORONTO INTL A","6158731","2025-12-17 15:00","2025","12","17","15:00","","3.7","","-1.2","","70","","","","30","","31","","24.1","","99.19","","","","","","NA"
"-79.63","43.68","TORONTO INTL A","6158731","2025-12-17 16:00","2025","12","17","16:00","","3.2","","-2.5","","66","","","","28","","38","","24.1","","99.34","","","","","","Mostly Cloudy"
"-79.63","43.68","TORONTO INTL A","6158731","2025-12-17 17:00","2025","12","17","17:00","","2.9","","-2.6","","67","","","","29","","30","","24.1","","99.44","","","","","","NA"
"-79.63","43.68","TORONTO INTL A","6158731","2025-12-17 18:00","2025","12","17","18:00","","2.5","","-2.8","","68","","","","29","","19","","24.1","","99.60","","","","","","NA"
"-79.63","43.68","TORONTO INTL A","6158731","2025-12-17 19:00","2025","12","17","19:00","","2.8","","-3.0","","66","","","","30","","25","","24.1","","99.73","","","","","","Mostly Cloudy"
"-79.63","43.68","TORONTO INTL A","6158731","2025-12-17 20:00","2025","12","17","20:00","","2.0","","-2.6","","72","","","","25","","12","","24.1","","99.79","","","","","","NA"
"-79.63","43.68","TORONTO INTL A","6158731","2025-12-17 21:00","2025","12","17","21:00","","1.3","","-3.0","","73","","","","25","","11","","24.1","","99.83","","","","","","NA"
"-79.63","43.68","TORONTO INTL A","6158731","2025-12-17 22:00","2025","12","17","22:00","","1.0","","-2.9","","75","","","","25","","7","","24.1","","99.86","","","","","","Mostly Cloudy"
"-79.63","43.68","TORONTO INTL A","6158731","2025-12-17 23:00","2025","12","17","23:00","","1.7","","-2.9","","71","","","","15","","4","","24.1","","99.82","","","","","","NA"
"-79.63","43.68","TORONTO INTL A","6158731","2025-12-18 00:00","2025","12","18","00:00","","1.0","","-2.7","","76","","","","16","","7","","24.1","","99.77","","","","","","NA"
"-79.63","43.68","TORONTO INTL A","6158731","2025-12-18 01:00","2025","12","18","01:00","","0.2","","-2.8","","80","","","","16","","9","","24.1","","99.70","","","","","","Clear"
"-79.63","43.68","TORONTO INTL A","6158731","2025-12-18 02:00","2025","12","18","02:00","","1.0","","-0.8","","87","","","","17","","11","","24.1","","99.70","","","","","","NA"
"-79.63","43.68","TORONTO INTL A","6158731","2025-12-18 03:00","2025","12","18","03:00","","0.3","","-0.7","","93","","","","11","","9","","6.4","","99.63","","","","","","Fog"
"-79.63","43.68","TORONTO INTL A","6158731","2025-12-18 04:00","2025","12","18","04:00","","1.4","","0.8","","96","","","","16","","13","","2.4","","99.60","","","","","","Fog"
"-79.63","43.68","TORONTO INTL A","6158731","2025-12-18 05:00","2025","12","18","05:00","","1.0","","0.4","","96","","","","13","","9","","6.4","","99.55","","","","","","Fog"
"-79.63","43.68","TORONTO INTL A","6158731","2025-12-18 06:00","2025","12","18","06:00","","1.1","","-0.2","","91","","","","14","","10","","9.7","","99.52","","","","","","Fog"
"-79.63","43.68","TORONTO INTL A","6158731","2025-12-18 07:00","2025","12","18","07:00","","1.2","","-0.3","","90","","","","14","","10","","16.1","","99.48","","","","","","Mostly Cloudy"
"-79.63","43.68","TORONTO INTL A","6158731","2025-12-18 08:00","2025","12","18","08:00","","1.6","","-0.1","","88","","","","14","","14","","12.9","","99.37","","","","","","NA"
"-79.63","43.68","TORONTO INTL A","6158731","2025-12-18 09:00","2025","12","18","09:00","","2.2","","0.2","","86","","","","13","","16","","24.1","","99.21","","","","","","NA"
"-79.63","43.68","TORONTO INTL A","6158731","2025-12-18 10:00","2025","12","18","10:00","","3.1","","0.0","","80","","","","14","","16","","19.3","","99.18","","","","","","Mostly Cloudy"
"-79.63","43.68","TORONTO INTL A","6158731","2025-12-18 11:00","2025","12","18","11:00","","4.5","","0.2","","74","","","","14","","16","","24.1","","99.06","","","","","","NA"
"-79.63","43.68","TORONTO INTL A","6158731","2025-12-18 12:00","2025","12","18","12:00","","5.8","","0.1","","67","","","","14","","12","","24.1","","98.95","","","","","","NA"
"-79.63","43.68","TORONTO INTL A","6158731","2025-12-18 13:00","2025","12","18","13:00","","5.6","","-0.6","","64","","","","14","","10","","24.1","","98.85","","","","","","Mostly Cloudy"
"-79.63","43.68","TORONTO INTL A","6158731","2025-12-18 14:00","2025","12","18","14:00","","6.0","","-0.5","","63","","","","13","","10","","24.1","","98.77","","","","","","NA"
"-79.63","43.68","TORONTO INTL A","6158731","2025-12-18 15:00","2025","12","18","15:00","","6.6","","-0.1","","62","","","","13","","13","","24.1","","98.68","","","","","","NA"
"-79.63","43.68","TORONTO INTL A","6158731","2025-12-18 16:00","2025","12","18","16:00","","6.4","","0.6","","66","","","","15","","16","","24.1","","98.62","","","","","","Mostly Cloudy"
"-79.63","43.68","TORONTO INTL A","6158731","2025-12-18 17:00","2025","12","18","17:00","","6.5","","2.1","","73","","","","14","","14","","24.1","","98.52","","","","","","NA"
"-79.63","43.68","TORONTO INTL A","6158731","2025-12-18 18:00","2025","12","18","18:00","","7.7","","1.0","","62","","","","15","","15","","24.1","","98.41","","","","","","NA"
"-79.63","43.68","TORONTO INTL A","6158731","2025-12-18 19:00","2025","12","18","19:00","","7.6","","0.4","","60","","","","15","","17","","24.1","","98.28","","","","","","Mostly Cloudy"
"-79.63","43.68","TORONTO INTL A","6158731","2025-12-18 20:00","2025","12","18","20:00","","7.7","","0.5","","60","","","","15","","17","","24.1","","98.16","","","","","","Rain"
"-79.63","43.68","TORONTO INTL A","6158731","2025-12-18 21:00","2025","12","18","21:00","","7.4","","0.8","","63","","","","15","","14","","24.1","","98.00","","","","","","Rain"
"-79.63","43.68","TORONTO INTL A","6158731","2025-12-18 22:00","2025","12","18","22:00","","8.0","","1.8","","65","","","","15","","20","","24.1","","97.80","","","","","","Cloudy"
"-79.63","43.68","TORONTO INTL A","6158731","2025-12-18 23:00","2025","12","18","23:00","","8.1","","3.6","","73","","","","15","","20","","24.1","","97.60","","","","","","NA"
"-79.63","43.68","TORONTO INTL A","6158731","2025-12-19 00:00","2025","12","19","00:00","","8.8","","5.1","","77","","","","16","","16","","24.1","","97.43","","","","","","NA"
"-79.63","43.68","TORONTO INTL A","6158731","2025-12-19 01:00","2025","12","19","01:00","","9.0","","5.8","","80","","","","17","","16","","24.1","","97.27","","","","","","Rain"
"-79.63","43.68","TORONTO INTL A","6158731","2025-12-19 02:00","2025","12","19","02:00","","8.7","","6.3","","85","","","","16","","19","","24.1","","97.08","","","","","","NA"
"-79.63","43.68","TORONTO INTL A","6158731","2025-12-19 03:00","2025","12","19","03:00","","9.0","","6.3","","83","","","","16","","21","","24.1","","96.89","","","","","","NA"
"-79.63","43.68","TORONTO INTL A","6158731","2025-12-19 04:00","2025","12","19","04:00","","8.2","","7.1","","92","","","","17","","17","","9.7","","96.73","","","","","","Rain,Fog"
"-79.63","43.68","TORONTO INTL A","6158731","2025-12-19 05:00","2025","12","19","05:00","","3.8","","2.5","","91","","","","29","","30","","16.1","","96.78","","","","","","Rain"
"-79.63","43.68","TORONTO INTL A","6158731","2025-12-19 06:00","2025","12","19","06:00","","2.8","","1.2","","89","","","","27","","34","","16.1","","96.98","","","","","","Rain"
"-79.63","43.68","TORONTO INTL A","6158731","2025-12-19 07:00","2025","12","19","07:00","","1.6","","0.5","","92","","","","24","","17","","16.1","","97.07","","","","","","Rain"
"-79.63","43.68","TORONTO INTL A","6158731","2025-12-19 08:00","2025","12","19","08:00","","2.1","","0.8","","91","","","","21","","21","","24.1","","97.19","","","","","","NA"
"-79.63","43.68","TORONTO INTL A","6158731","2025-12-19 09:00","2025","12","19","09:00","","1.9","","0.6","","91","","","","23","","20","","12.9","","97.16","","","","","","Rain,Drizzle"
"-79.63","43.68","TORONTO INTL A","6158731","2025-12-19 10:00","2025","12","19","10:00","","1.3","","-0.4","","88","","","","26","","21","","9.7","","97.20","","","","","","Snow"
"-79.63","43.68","TORONTO INTL A","6158731","2025-12-19 11:00","2025","12","19","11:00","","-1.0","","-5.0","","74","","","","27","","54","","24.1","","97.31","","","","-10","","NA"
"-79.63","43.68","TORONTO INTL A","6158731","2025-12-19 12:00","2025","12","19","12:00","","-1.6","","-6.3","","71","","","","26","","50","","24.1","","97.45","","","","-10","","NA"
"-79.63","43.68","TORONTO INTL A","6158731","2025-12-19 13:00","2025","12","19","13:00","","-1.5","","-6.0","","71","","","","25","","37","","24.1","","97.52","","","","-9","","Cloudy"
"-79.63","43.68","TORONTO INTL A","6158731","2025-12-19 14:00","2025","12","19","14:00","","-1.7","","-6.0","","73","","","","25","","37","","19.3","","97.64","","","","-9","","NA"
"-79.63","43.68","TORONTO INTL A","6158731","2025-12-19 15:00","2025","12","19","15:00","","-2.0","","-7.7","","65","","","","27","","36","","19.3","","97.81","","","","-10","","Snow Showers"
"-79.63","43.68","TORONTO INTL A","6158731","2025-12-19 16:00","2025","12","19","16:00","","-3.3","","-10.8","","57","","","","26","","54","","24.1","","98.00","","","","-13","","Mostly Cloudy"
"-79.63","43.68","TORONTO INTL A","6158731","2025-12-19 17:00","2025","12","19","17:00","","-4.0","","-10.3","","62","","","","26","","45","","24.1","","98.18","","","","-13","","NA"
"-79.63","43.68","TORONTO INTL A","6158731","2025-12-19 18:00","2025","12","19","18:00","","-4.3","","-8.8","","71","","","","27","","32","","4.8","","98.32","","","","-12","","Snow Showers"
"-79.63","43.68","TORONTO INTL A","6158731","2025-12-19 19:00","2025","12","19","19:00","","-4.3","","-10.5","","62","","","","27","","43","","24.1","","98.47","","","","-13","","Mostly Cloudy"
"-79.63","43.68","TORONTO INTL A","6158731","2025-12-19 20:00","2025","12","19","20:00","","-4.2","","-9.7","","66","","","","28","","41","","19.3","","98.65","","","","-13","","NA"
"-79.63","43.68","TORONTO INTL A","6158731","2025-12-19 21:00","2025","12","19","21:00","","-4.2","","-10.0","","64","","","","29","","45","","24.1","","98.87","","","","-13","","NA"
"-79.63","43.68","TORONTO INTL A","6158731","2025-12-19 22:00","2025","12","19","22:00","","-4.0","","-9.9","","64","","","","29","","36","","24.1","","99.14","","","","-12","","Cloudy"
"-79.63","43.68","TORONTO INTL A","6158731","2025-12-19 23:00","2025","12","19","23:00","","-3.6","","-9.3","","65","","","","30","","30","","24.1","","99.31","","","","-11","","NA"
"-79.63","43.68","TORONTO INTL A","6158731","2025-12-20 00:00","2025","12","20","00:00","","-4.3","","-9.6","","67","","","","29","","18","","24.1","","99.46","","","","-10","","NA"
"-79.63","43.68","TORONTO INTL A","6158731","2025-12-20 01:00","2025","12","20","01:00","","-4.4","","-9.2","","69","","","","28","","20","","24.1","","99.59","","","","-11","","Mostly Cloudy"
"-79.63","43.68","TORONTO INTL A","6158731","2025-12-20 02:00","2025","12","20","02:00","","-3.6","","-8.1","","71","","","","27","","17","","24.1","","99.70","","","","-9","","NA"
"-79.63","43.68","TORONTO INTL A","6158731","2025-12-20 03:00","2025","12","20","03:00","","-3.7","","-9.1","","66","","","","28","","20","","24.1","","99.72","","","","-10","","NA"
"-79.63","43.68","TORONTO INTL A","6158731","2025-12-20 04:00","2025","12","20","04:00","","-3.6","","-9.2","","65","","","","26","","18","","24.1","","99.76","","","","-9","","Cloudy"
"-79.63","43.68","TORONTO INTL A","6158731","2025-12-20 05:00","2025","12","20","05:00","","-3.8","","-8.1","","72","","","","21","","17","","24.1","","99.76","","","","-10","","NA"
"-79.63","43.68","TORONTO INTL A","6158731","2025-12-20 06:00","2025","12","20","06:00","","-4.3","","-9.0","","70","","","","21","","18","","24.1","","99.73","","","","-10","","NA"
"-79.63","43.68","TORONTO INTL A","6158731","2025-12-20 07:00","2025","12","20","07:00","","-4.3","","-9.4","","68","","","","22","","14","","24.1","","99.69","","","","-9","","Mostly Cloudy"
"-79.63","43.68","TORONTO INTL A","6158731","2025-12-20 08:00","2025","12","20","08:00","","-4.2","","-9.5","","67","","","","16","","5","","24.1","","99.60","","","","-6","","NA"
"-79.63","43.68","TORONTO INTL A","6158731","2025-12-20 09:00","2025","12","20","09:00","","-3.4","","-8.2","","70","","","","19","","12","","24.1","","99.58","","","","-8","","NA"
"-79.63","43.68","TORONTO INTL A","6158731","2025-12-20 10:00","2025","12","20","10:00","","-2.5","","-6.4","","75","","","","18","","23","","24.1","","99.44","","","","-9","","Cloudy"
"-79.63","43.68","TORONTO INTL A","6158731","2025-12-20 11:00","2025","12","20","11:00","","-2.3","","-6.7","","72","","","","17","","24","","24.1","","99.27","","","","-9","","NA"
"-79.63","43.68","TORONTO INTL A","6158731","2025-12-20 12:00","2025","12","20","12:00","","-2.0","","-7.3","","67","","","","20","","21","","24.1","","99.22","","","","-8","","NA"
"-79.63","43.68","TORONTO INTL A","6158731","2025-12-20 13:00","2025","12","20","13:00","","-1.0","","-6.5","","66","","","","18","","21","","24.1","","99.00","","","","-7","","Cloudy"
"-79.63","43.68","TORONTO INTL A","6158731","2025-12-20 14:00","2025","12","20","14:00","","-0.1","","-5.8","","66","","","","16","","21","","24.1","","98.76","","","","-6","","NA"
"-79.63","43.68","TORONTO INTL A","6158731","2025-12-20 15:00","2025","12","20","15:00","","1.0","","-5.6","","62","","","","17","","16","","24.1","","98.62","","","","","","NA"
"-79.63","43.68","TORONTO INTL A","6158731","2025-12-20 16:00","2025","12","20","16:00","","1.8","","-6.1","","56","","","","18","","17","","24.1","","98.45","","","","","","Cloudy"
"-79.63","43.68","TORONTO INTL A","6158731","2025-12-20 17:00","2025","12","20","17:00","","2.8","","-6.2","","52","","","","20","","21","","24.1","","98.40","","","","","","NA"
"-79.63","43.68","TORONTO INTL A","6158731","2025-12-20 18:00","2025","12","20","18:00","","3.7","","-6.0","","49","","","","22","","30","","24.1","","98.39","","","","","","NA"
"-79.63","43.68","TORONTO INTL A","6158731","2025-12-20 19:00","2025","12","20","19:00","","4.1","","-4.4","","54","","","","23","","30","","24.1","","98.34","","","","","","Cloudy"
"-79.63","43.68","TORONTO INTL A","6158731","2025-12-20 20:00","2025","12","20","20:00","","4.2","","-3.6","","57","","","","24","","36","","24.1","","98.38","","","","","","NA"
"-79.63","43.68","TORONTO INTL A","6158731","2025-12-20 21:00","2025","12","20","21:00","","3.6","","-3.4","","60","","","","24","","28","","24.1","","98.35","","","","","","NA"
"-79.63","43.68","TORONTO INTL A","6158731","2025-12-20 22:00","2025","12","20","22:00","","3.1","","-3.1","","64","","","","23","","24","","24.1","","98.36","","","","","","Mostly Cloudy"
"-79.63","43.68","TORONTO INTL A","6158731","2025-12-20 23:00","2025","12","20","23:00","","2.7","","-3.4","","64","","","","23","","30","","24.1","","98.42","","","","","","NA"
"-79.63","43.68","TORONTO INTL A","6158731","2025-12-21 00:00","2025","12","21","00:00","","2.7","","-4.7","","58","","","","24","","35","","24.1","","98.48","","","","","","NA"
"-79.63","43.68","TORONTO INTL A","6158731","2025-12-21 01:00","2025","12","21","01:00","","2.6","","-5.6","","55","","","","25","","47","","24.1","","98.52","","","","","","Mainly Clear"
"-79.63","43.68","TORONTO INTL A","6158731","2025-12-21 02:00","2025","12","21","02:00","","0.0","","-7.9","","55","","","","28","","46","","24.1","","98.75","","","","-8","","NA"
"-79.63","43.68","TORONTO INTL A","6158731","2025-12-21 03:00","2025","12","21","03:00","","-2.2","","-8.9","","60","","","","30","","44","","24.1","","99.06","","","","-11","","NA"
"-79.63","43.68","TORONTO INTL A","6158731","2025-12-21 04:00","2025","12","21","04:00","","-4.0","","-11.8","","55","","","","30","","43","","24.1","","99.30","","","","-13","","Mostly Cloudy"
"-79.63","43.68","TORONTO INTL A","6158731","2025-12-21 05:00","2025","12","21","05:00","","-4.9","","-13.6","","51","","","","28","","32","","24.1","","99.46","","","","-13","","NA"
"-79.63","43.68","TORONTO INTL A","6158731","2025-12-21 06:00","2025","12","21","06:00","","-4.9","","-12.6","","55","","","","27","","35","","24.1","","99.56","","","","-13","","NA"
"-79.63","43.68","TORONTO INTL A","6158731","2025-12-21 07:00","2025","12","21","07:00","","-5.1","","-11.8","","60","","","","27","","35","","24.1","","99.69","","","","-14","","Mostly Cloudy"
"-79.63","43.68","TORONTO INTL A","6158731","2025-12-21 08:00","2025","12","21","08:00","","-4.7","","-10.5","","64","","","","26","","30","","24.1","","99.82","","","","-13","","Snow Showers"
"-79.63","43.68","TORONTO INTL A","6158731","2025-12-21 09:00","2025","12","21","09:00","","-4.3","","-9.8","","66","","","","26","","38","","24.1","","99.92","","","","-13","","NA"
"-79.63","43.68","TORONTO INTL A","6158731","2025-12-21 10:00","2025","12","21","10:00","","-3.8","","-10.8","","58","","","","28","","36","","24.1","","100.09","","","","-12","","Snow Showers"
"-79.63","43.68","TORONTO INTL A","6158731","2025-12-21 11:00","2025","12","21","11:00","","-3.8","","-9.7","","64","","","","25","","36","","24.1","","100.21","","","","-12","","Snow Showers"
"-79.63","43.68","TORONTO INTL A","6158731","2025-12-21 12:00","2025","12","21","12:00","","-4.2","","-9.1","","69","","","","25","","30","","16.1","","100.28","","","","-12","","Snow Showers"
"-79.63","43.68","TORONTO INTL A","6158731","2025-12-21 13:00","2025","12","21","13:00","","-4.3","","-9.0","","70","","","","25","","31","","16.1","","100.31","","","","-12","","Snow Showers"
"-79.63","43.68","TORONTO INTL A","6158731","2025-12-21 14:00","2025","12","21","14:00","","-3.3","","-10.3","","58","","","","27","","31","","24.1","","100.33","","","","-11","","NA"
"-79.63","43.68","TORONTO INTL A","6158731","2025-12-21 15:00","2025","12","21","15:00","","-2.2","","-10.7","","52","","","","28","","35","","24.1","","100.42","","","","-10","","NA"
"-79.63","43.68","TORONTO INTL A","6158731","2025-12-21 16:00","2025","12","21","16:00","","-3.1","","-10.0","","59","","","","27","","29","","24.1","","100.53","","","","-10","","Mostly Cloudy"
"-79.63","43.68","TORONTO INTL A","6158731","2025-12-21 17:00","2025","12","21","17:00","","-3.6","","-10.0","","61","","","","27","","30","","24.1","","100.61","","","","-11","","NA"
"-79.63","43.68","TORONTO INTL A","6158731","2025-12-21 18:00","2025","12","21","18:00","","-3.9","","-9.8","","63","","","","27","","26","","24.1","","100.71","","","","-11","","NA"
"-79.63","43.68","TORONTO INTL A","6158731","2025-12-21 19:00","2025","12","21","19:00","","-3.5","","-9.9","","61","","","","28","","30","","24.1","","100.79","","","","-11","","Mostly Cloudy"
"-79.63","43.68","TORONTO INTL A","6158731","2025-12-21 20:00","2025","12","21","20:00","","-3.9","","-10.1","","62","","","","28","","23","","24.1","","100.84","","","","-11","","NA"
"-79.63","43.68","TORONTO INTL A","6158731","2025-12-21 21:00","2025","12","21","21:00","","-4.0","","-8.6","","71","","","","26","","24","","24.1","","100.90","","","","-11","","NA"
"-79.63","43.68","TORONTO INTL A","6158731","2025-12-21 22:00","2025","12","21","22:00","","-3.9","","-9.1","","68","","","","26","","23","","24.1","","100.90","","","","-11","","Mostly Cloudy"
"-79.63","43.68","TORONTO INTL A","6158731","2025-12-21 23:00","2025","12","21","23:00","","-4.1","","-9.3","","67","","","","25","","17","","24.1","","100.93","","","","-10","","NA"
"-79.63","43.68","TORONTO INTL A","6158731","2025-12-22 00:00","2025","12","22","00:00","","-4.2","","-9.8","","65","","","","27","","16","","24.1","","100.94","","","","-10","","NA"
"-79.63","43.68","TORONTO INTL A","6158731","2025-12-22 01:00","2025","12","22","01:00","","-5.2","","-10.2","","68","","","","28","","14","","24.1","","101.01","","","","-11","","Mostly Cloudy"
"-79.63","43.68","TORONTO INTL A","6158731","2025-12-22 02:00","2025","12","22","02:00","","-6.3","","-11.3","","68","","","","24","","8","","24.1","","101.01","","","","-10","","NA"
"-79.63","43.68","TORONTO INTL A","6158731","2025-12-22 03:00","2025","12","22","03:00","","-5.8","","-10.5","","70","","","","22","","14","","24.1","","101.05","","","","-11","","NA"
"-79.63","43.68","TORONTO INTL A","6158731","2025-12-22 04:00","2025","12","22","04:00","","-6.3","","-11.2","","69","","","","21","","15","","24.1","","100.96","","","","-12","","Mostly Cloudy"
"-79.63","43.68","TORONTO INTL A","6158731","2025-12-22 05:00","2025","12","22","05:00","","-6.8","","-11.6","","69","","","","19","","5","","24.1","","100.94","","","","-9","","NA"
"-79.63","43.68","TORONTO INTL A","6158731","2025-12-22 06:00","2025","12","22","06:00","","-6.4","","-11.6","","67","","","","20","","7","","24.1","","100.93","","","","-10","","NA"
"-79.63","43.68","TORONTO INTL A","6158731","2025-12-22 07:00","2025","12","22","07:00","","-6.6","","-11.7","","67","","","","16","","6","","24.1","","100.90","","","","-10","","Clear"
"-79.63","43.68","TORONTO INTL A","6158731","2025-12-22 08:00","2025","12","22","08:00","","-6.3","","-11.3","","68","","","","17","","7","","24.1","","100.91","","","","-10","","NA"
"-79.63","43.68","TORONTO INTL A","6158731","2025-12-22 09:00","2025","12","22","09:00","","-4.9","","-9.9","","68","","","","20","","10","","24.1","","100.87","","","","-9","","NA"
"-79.63","43.68","TORONTO INTL A","6158731","2025-12-22 10:00","2025","12","22","10:00","","-3.1","","-8.5","","67","","","","22","","10","","24.1","","100.85","","","","-7","","Mostly Cloudy"
"-79.63","43.68","TORONTO INTL A","6158731","2025-12-22 11:00","2025","12","22","11:00","","-0.2","","-8.2","","55","","","","22","","15","","24.1","","100.79","","","","-5","","NA"
"-79.63","43.68","TORONTO INTL A","6158731","2025-12-22 12:00","2025","12","22","12:00","","0.4","","-8.6","","51","","","","21","","14","","24.1","","100.65","","","","","","NA"
"-79.63","43.68","TORONTO INTL A","6158731","2025-12-22 13:00","2025","12","22","13:00","","2.0","","-7.7","","49","","","","24","","17","","24.1","","100.56","","","","","","Mostly Cloudy"
"-79.63","43.68","TORONTO INTL A","6158731","2025-12-22 14:00","2025","12","22","14:00","","3.0","","-6.9","","48","","","","25","","22","","24.1","","100.56","","","","","","NA"
"-79.63","43.68","TORONTO INTL A","6158731","2025-12-22 15:00","2025","12","22","15:00","","3.4","","-5.6","","52","","","","25","","29","","24.1","","100.56","","","","","","NA"
"-79.63","43.68","TORONTO INTL A","6158731","2025-12-22 16:00","2025","12","22","16:00","","3.4","","-3.8","","60","","","","26","","23","","24.1","","100.53","","","","","","Mostly Cloudy"
"-79.63","43.68","TORONTO INTL A","6158731","2025-12-22 17:00","2025","12","22","17:00","","3.0","","-2.2","","69","","","","26","","19","","24.1","","100.55","","","","","","NA"
"-79.63","43.68","TORONTO INTL A","6158731","2025-12-22 18:00","2025","12","22","18:00","","3.3","","-1.3","","72","","","","23","","17","","24.1","","100.50","","","","","","NA"
"-79.63","43.68","TORONTO INTL A","6158731","2025-12-22 19:00","2025","12","22","19:00","","2.7","","-0.4","","80","","","","24","","22","","24.1","","100.47","","","","","","Cloudy"
"-79.63","43.68","TORONTO INTL A","6158731","2025-12-22 20:00","2025","12","22","20:00","","2.2","","-0.3","","84","","","","22","","11","","24.1","","100.41","","","","","","NA"
"-79.63","43.68","TORONTO INTL A","6158731","2025-12-22 21:00","2025","12","22","21:00","","1.9","","-0.3","","85","","","","22","","13","","19.3","","100.38","","","","","","Drizzle"
"-79.63","43.68","TORONTO INTL A","6158731","2025-12-22 22:00","2025","12","22","22:00","","1.6","","0.2","","91","","","","23","","11","","19.3","","100.34","","","","","","Rain"
"-79.63","43.68","TORONTO INTL A","6158731","2025-12-22 23:00","2025","12","22","23:00","","1.4","","0.3","","92","","","","20","","5","","9.7","","100.28","","","","","","Rain,Fog"
"-79.63","43.68","TORONTO INTL A","6158731","2025-12-23 00:00","2025","12","23","00:00","","1.2","","0.4","","94","","","","21","","7","","8.1","","100.22","","","","","","Rain,Snow,Fog"
"-79.63","43.68","TORONTO INTL A","6158731","2025-12-23 01:00","2025","12","23","01:00","","0.5","","-0.2","","95","","","","20","","7","","3.2","","100.13","","","","","","Snow"
"-79.63","43.68","TORONTO INTL A","6158731","2025-12-23 02:00","2025","12","23","02:00","","0.2","","-0.4","","96","","","","19","","5","","1.2","","100.09","","","","","","Snow"
"-79.63","43.68","TORONTO INTL A","6158731","2025-12-23 03:00","2025","12","23","03:00","","0.1","","-0.4","","96","","","","14","","7","","1.0","","100.05","","","","","","Snow"
"-79.63","43.68","TORONTO INTL A","6158731","2025-12-23 04:00","2025","12","23","04:00","","0.0","","-0.5","","97","","","","14","","9","","1.0","","99.94","","","","-3","","Snow"
"-79.63","43.68","TORONTO INTL A","6158731","2025-12-23 05:00","2025","12","23","05:00","","0.1","","-0.4","","97","","","","13","","13","","1.6","","99.81","","","","","","Snow"
"-79.63","43.68","TORONTO INTL A","6158731","2025-12-23 06:00","2025","12","23","06:00","","0.2","","-0.2","","97","","","","13","","12","","1.6","","99.65","","","","","","Snow"
"-79.63","43.68","TORONTO INTL A","6158731","2025-12-23 07:00","2025","12","23","07:00","","0.6","","0.2","","97","","","","13","","9","","1.6","","99.56","","","","","","Rain,Snow,Fog"
"-79.63","43.68","TORONTO INTL A","6158731","2025-12-23 08:00","2025","12","23","08:00","","1.3","","0.9","","97","","","","14","","10","","4.8","","99.55","","","","","","Drizzle,Fog"
"-79.63","43.68","TORONTO INTL A","6158731","2025-12-23 09:00","2025","12","23","09:00","","1.2","","0.8","","97","","","","15","","8","","4.8","","99.49","","","","","","Fog"
"-79.63","43.68","TORONTO INTL A","6158731","2025-12-23 10:00","2025","12","23","10:00","","1.3","","0.9","","97","","","","14","","9","","8.1","","99.45","","","","","","Fog"
"-79.63","43.68","TORONTO INTL A","6158731","2025-12-23 11:00","2025","12","23","11:00","","1.4","","0.8","","96","","","","18","","9","","4.8","","99.40","","","","","","Fog"
"-79.63","43.68","TORONTO INTL A","6158731","2025-12-23 12:00","2025","12","23","12:00","","1.5","","1.0","","96","","","","17","","7","","1.6","","99.25","","","","","","Fog"
"-79.63","43.68","TORONTO INTL A","6158731","2025-12-23 13:00","2025","12","23","13:00","","1.6","","1.1","","97","","","","20","","10","","0.8","","99.11","","","","","","Fog"
"-79.63","43.68","TORONTO INTL A","6158731","2025-12-23 14:00","2025","12","23","14:00","","1.5","","1.0","","96","","","","21","","12","","2.8","","99.04","","","","","","Fog"
"-79.63","43.68","TORONTO INTL A","6158731","2025-12-23 15:00","2025","12","23","15:00","","1.9","","1.2","","95","","","","24","","12","","8.1","","99.06","","","","","","Fog"
"-79.63","43.68","TORONTO INTL A","6158731","2025-12-23 16:00","2025","12","23","16:00","","2.5","","0.7","","88","","","","26","","23","","9.7","","99.04","","","","","","Fog"
"-79.63","43.68","TORONTO INTL A","6158731","2025-12-23 17:00","2025","12","23","17:00","","2.7","","1.0","","88","","","","27","","14","","9.7","","99.15","","","","","","Fog"
"-79.63","43.68","TORONTO INTL A","6158731","2025-12-23 18:00","2025","12","23","18:00","","3.0","","1.2","","88","","","","28","","21","","16.1","","99.21","","","","","","NA"
"-79.63","43.68","TORONTO INTL A","6158731","2025-12-23 19:00","2025","12","23","19:00","","3.5","","1.3","","85","","","","28","","23","","24.1","","99.25","","","","","","Cloudy"
"-79.63","43.68","TORONTO INTL A","6158731","2025-12-23 20:00","2025","12","23","20:00","","3.9","","0.3","","78","","","","30","","24","","24.1","","99.31","","","","","","NA"
"-79.63","43.68","TORONTO INTL A","6158731","2025-12-23 21:00","2025","12","23","21:00","","3.4","","0.5","","81","","","","28","","16","","24.1","","99.31","","","","","","NA"
"-79.63","43.68","TORONTO INTL A","6158731","2025-12-23 22:00","2025","12","23","22:00","","3.3","","-0.9","","74","","","","30","","25","","24.1","","99.35","","","","","","Mostly Cloudy"
"-79.63","43.68","TORONTO INTL A","6158731","2025-12-23 23:00","2025","12","23","23:00","","3.4","","-1.6","","70","","","","30","","34","","24.1","","99.42","","","","","","NA"
"-79.63","43.68","TORONTO INTL A","6158731","2025-12-24 00:00","2025","12","24","00:00","","3.2","","-1.9","","70","","","","30","","31","","24.1","","99.45","","","","","","NA"
"-79.63","43.68","TORONTO INTL A","6158731","2025-12-24 01:00","2025","12","24","01:00","","3.0","","-2.7","","66","","","","31","","33","","24.1","","99.51","","","","","","Mostly Cloudy"
"-79.63","43.68","TORONTO INTL A","6158731","2025-12-24 02:00","2025","12","24","02:00","","2.7","","-3.2","","65","","","","33","","39","","24.1","","99.69","","","","","","NA"
"-79.63","43.68","TORONTO INTL A","6158731","2025-12-24 03:00","2025","12","24","03:00","","2.0","","-4.1","","64","","","","31","","52","","24.1","","99.82","","","","","","NA"
"-79.63","43.68","TORONTO INTL A","6158731","2025-12-24 04:00","2025","12","24","04:00","","1.7","","-4.5","","63","","","","30","","36","","24.1","","99.90","","","","","","Mostly Cloudy"
"-79.63","43.68","TORONTO INTL A","6158731","2025-12-24 05:00","2025","12","24","05:00","","1.0","","-3.9","","70","","","","32","","26","","24.1","","100.06","","","","","","NA"
"-79.63","43.68","TORONTO INTL A","6158731","2025-12-24 06:00","2025","12","24","06:00","","0.2","","-5.2","","67","","","","30","","25","","24.1","","100.20","","","","","","NA"
"-79.63","43.68","TORONTO INTL A","6158731","2025-12-24 07:00","2025","12","24","07:00","","-0.6","","-5.7","","68","","","","33","","36","","24.1","","100.32","","","","-8","","Clear"
"-79.63","43.68","TORONTO INTL A","6158731","2025-12-24 08:00","2025","12","24","08:00","","-1.6","","-6.6","","69","","","","33","","31","","24.1","","100.46","","","","-9","","NA"
"-79.63","43.68","TORONTO INTL A","6158731","2025-12-24 09:00","2025","12","24","09:00","","-1.8","","-7.2","","67","","","","33","","21","","24.1","","100.61","","","","-8","","NA"
"-79.63","43.68","TORONTO INTL A","6158731","2025-12-24 10:00","2025","12","24","10:00","","-1.8","","-7.5","","65","","","","34","","27","","24.1","","100.69","","","","-8","","Mainly Clear"
"-79.63","43.68","TORONTO INTL A","6158731","2025-12-24 11:00","2025","12","24","11:00","","-1.5","","-7.4","","64","","","","32","","19","","24.1","","100.72","","","","-7","","NA"
"-79.63","43.68","TORONTO INTL A","6158731","2025-12-24 12:00","2025","12","24","12:00","","-0.8","","-7.5","","61","","","","30","","13","","24.1","","100.64","","","","-5","","NA"
"-79.63","43.68","TORONTO INTL A","6158731","2025-12-24 13:00","2025","12","24","13:00","","0.2","","-7.2","","58","","","","32","","5","","24.1","","100.53","","","","","","Mainly Clear"
"-79.63","43.68","TORONTO INTL A","6158731","2025-12-24 14:00","2025","12","24","14:00","","0.8","","-7.3","","55","","","","26","","7","","24.1","","100.47","","","","","","NA"
"-79.63","43.68","TORONTO INTL A","6158731","2025-12-24 15:00","2025","12","24","15:00","","1.1","","-7.1","","54","","","","28","","7","","24.1","","100.49","","","","","","NA"
"-79.63","43.68","TORONTO INTL A","6158731","2025-12-24 16:00","2025","12","24","16:00","","0.4","","-6.4","","61","","","","25","","8","","24.1","","100.46","","","","","","Mostly Cloudy"
"-79.63","43.68","TORONTO INTL A","6158731","2025-12-24 17:00","2025","12","24","17:00","","0.2","","-6.0","","63","","","","22","","4","","24.1","","100.45","","","","","","NA"
"-79.63","43.68","TORONTO INTL A","6158731","2025-12-24 18:00","2025","12","24","18:00","","0.0","","-6.9","","60","","","","26","","6","","24.1","","100.40","","","","-2","","NA"
"-79.63","43.68","TORONTO INTL A","6158731","2025-12-24 19:00","2025","12","24","19:00","","-0.6","","-6.5","","64","","","","26","","10","","24.1","","100.39","","","","-4","","Mostly Cloudy"
"-79.63","43.68","TORONTO INTL A","6158731","2025-12-24 20:00","2025","12","24","20:00","","-0.6","","-6.4","","65","","","","27","","7","","24.1","","100.34","","","","-3","","NA"
"-79.63","43.68","TORONTO INTL A","6158731","2025-12-24 21:00","2025","12","24","21:00","","-0.4","","-6.4","","64","","","","22","","4","","24.1","","100.21","","","","-2","","NA"
"-79.63","43.68","TORONTO INTL A","6158731","2025-12-24 22:00","2025","12","24","22:00","","-0.1","","-6.5","","62","","","","19","","4","","24.1","","100.11","","","","-1","","Cloudy"
"-79.63","43.68","TORONTO INTL A","6158731","2025-12-24 23:00","2025","12","24","23:00","","0.0","","-6.3","","63","","","","17","","5","","24.1","","99.99","","","","-2","","NA"
"-79.63","43.68","TORONTO INTL A","6158731","2025-12-25 00:00","2025","12","25","00:00","","0.1","","-5.5","","66","","","","20","","13","","24.1","","99.84","","","","","","NA"
"-79.63","43.68","TORONTO INTL A","6158731","2025-12-25 01:00","2025","12","25","01:00","","0.3","","-4.2","","71","","","","23","","5","","24.1","","99.74","","","","","","Mostly Cloudy"
"-79.63","43.68","TORONTO INTL A","6158731","2025-12-25 02:00","2025","12","25","02:00","","0.0","","-3.9","","75","","","","27","","5","","24.1","","99.73","","","","-2","","NA"
"-79.63","43.68","TORONTO INTL A","6158731","2025-12-25 03:00","2025","12","25","03:00","","-0.1","","-3.8","","76","","","","22","","8","","24.1","","99.64","","","","-3","","NA"
"-79.63","43.68","TORONTO INTL A","6158731","2025-12-25 04:00","2025","12","25","04:00","","0.1","","-3.3","","78","","","","30","","5","","24.1","","99.52","","","","","","Cloudy"
"-79.63","43.68","TORONTO INTL A","6158731","2025-12-25 05:00","2025","12","25","05:00","","-1.1","","-3.6","","83","","","","27","","12","","24.1","","99.34","","","","-5","","NA"
"-79.63","43.68","TORONTO INTL A","6158731","2025-12-25 06:00","2025","12","25","06:00","","0.0","","-3.2","","80","","","","34","","12","","24.1","","99.47","","","","-4","","NA"
"-79.63","43.68","TORONTO INTL A","6158731","2025-12-25 07:00","2025","12","25","07:00","","0.5","","-2.5","","80","","","","31","","14","","24.1","","99.50","","","","","","Mostly Cloudy"
"-79.63","43.68","TORONTO INTL A","6158731","2025-12-25 08:00","2025","12","25","08:00","","1.7","","-1.7","","78","","","","33","","26","","24.1","","99.60","","","","","","NA"
"-79.63","43.68","TORONTO INTL A","6158731","2025-12-25 09:00","2025","12","25","09:00","","2.1","","-2.5","","72","","","","35","","31","","24.1","","99.78","","","","","","NA"
"-79.63","43.68","TORONTO INTL A","6158731","2025-12-25 10:00","2025","12","25","10:00","","1.1","","-3.7","","70","","","","35","","34","","24.1","","99.83","","","","","","Mostly Cloudy"
"-79.63","43.68","TORONTO INTL A","6158731","2025-12-25 11:00","2025","12","25","11:00","","-0.6","","-6.3","","65","","","","35","","34","","24.1","","99.95","","","","-8","","NA"
"-79.63","43.68","TORONTO INTL A","6158731","2025-12-25 12:00","2025","12","25","12:00","","-0.8","","-7.5","","60","","","","34","","29","","24.1","","100.03","","","","-7","","NA"
"-79.63","43.68","TORONTO INTL A","6158731","2025-12-25 13:00","2025","12","25","13:00","","-1.1","","-9.2","","55","","","","35","","26","","24.1","","100.04","","","","-7","","Mostly Cloudy"
"-79.63","43.68","TORONTO INTL A","6158731","2025-12-25 14:00","2025","12","25","14:00","","-1.6","","-9.6","","54","","","","34","","22","","24.1","","100.13","","","","-8","","NA"
"-79.63","43.68","TORONTO INTL A","6158731","2025-12-25 15:00","2025","12","25","15:00","","-1.6","","-9.8","","54","","","","33","","19","","24.1","","100.26","","","","-7","","NA"
"-79.63","43.68","TORONTO INTL A","6158731","2025-12-25 16:00","2025","12","25","16:00","","-2.7","","-10.7","","54","","","","34","","18","","24.1","","100.41","","","","-8","","Mostly Cloudy"
"-79.63","43.68","TORONTO INTL A","6158731","2025-12-25 17:00","2025","12","25","17:00","","-3.8","","-11.7","","55","","","","35","","25","","24.1","","100.43","","","","-11","","NA"
"-79.63","43.68","TORONTO INTL A","6158731","2025-12-25 18:00","2025","12","25","18:00","","-4.7","","-13.1","","52","","","","2","","22","","24.1","","100.51","","","","-12","","NA"
"-79.63","43.68","TORONTO INTL A","6158731","2025-12-25 19:00","2025","12","25","19:00","","-5.2","","-12.6","","56","","","","3","","15","","24.1","","100.51","","","","-11","","Mostly Cloudy"
"-79.63","43.68","TORONTO INTL A","6158731","2025-12-25 20:00","2025","12","25","20:00","","-5.8","","-12.8","","58","","","","1","","14","","24.1","","100.52","","","","-11","","NA"
"-79.63","43.68","TORONTO INTL A","6158731","2025-12-25 21:00","2025","12","25","21:00","","-6.8","","-13.2","","60","","","","3","","16","","24.1","","100.52","","","","-13","","NA"
"-79.63","43.68","TORONTO INTL A","6158731","2025-12-25 22:00","2025","12","25","22:00","","-7.3","","-14.7","","56","","","","3","","18","","24.1","","100.53","","","","-14","","Mainly Clear"
"-79.63","43.68","TORONTO INTL A","6158731","2025-12-25 23:00","2025","12","25","23:00","","-7.3","","-14.7","","56","","","","5","","13","","24.1","","100.55","","","","-13","","NA"
"-79.63","43.68","TORONTO INTL A","6158731","2025-12-26 00:00","2025","12","26","00:00","","-7.6","","-14.6","","58","","","","3","","11","","24.1","","100.50","","","","-13","","NA"
"-79.63","43.68","TORONTO INTL A","6158731","2025-12-26 01:00","2025","12","26","01:00","","-7.5","","-15.0","","55","","","","6","","12","","24.1","","100.45","","","","-13","","Mostly Cloudy"
"-79.63","43.68","TORONTO INTL A","6158731","2025-12-26 02:00","2025","12","26","02:00","","-7.7","","-14.2","","60","","","","7","","15","","24.1","","100.43","","","","-14","","NA"
"-79.63","43.68","TORONTO INTL A","6158731","2025-12-26 03:00","2025","12","26","03:00","","-7.6","","-12.7","","67","","","","7","","17","","24.1","","100.36","","","","-14","","NA"
"-79.63","43.68","TORONTO INTL A","6158731","2025-12-26 04:00","2025","12","26","04:00","","-7.3","","-11.0","","75","","","","8","","12","","24.1","","100.24","","","","-13","","Mostly Cloudy"
"-79.63","43.68","TORONTO INTL A","6158731","2025-12-26 05:00","2025","12","26","05:00","","-6.1","","-9.2","","79","","","","10","","19","","24.1","","100.24","","","","-13","","NA"
"-79.63","43.68","TORONTO INTL A","6158731","2025-12-26 06:00","2025","12","26","06:00","","-5.6","","-8.4","","80","","","","9","","20","","24.1","","100.16","","","","-12","","NA"
"-79.63","43.68","TORONTO INTL A","6158731","2025-12-26 07:00","2025","12","26","07:00","","-5.3","","-7.7","","84","","","","11","","23","","24.1","","100.14","","","","-12","","Cloudy"
"-79.63","43.68","TORONTO INTL A","6158731","2025-12-26 08:00","2025","12","26","08:00","","-5.0","","-6.9","","87","","","","10","","24","","3.2","","100.00","","","","-12","","Snow"
"-79.63","43.68","TORONTO INTL A","6158731","2025-12-26 09:00","2025","12","26","09:00","","-4.9","","-6.4","","89","","","","11","","28","","2.4","","99.75","","","","-13","","Snow"
"-79.63","43.68","TORONTO INTL A","6158731","2025-12-26 10:00","2025","12","26","10:00","","-4.5","","-6.4","","87","","","","12","","32","","3.2","","99.64","","","","-13","","Snow"
"-79.63","43.68","TORONTO INTL A","6158731","2025-12-26 11:00","2025","12","26","11:00","","-4.7","","-6.5","","87","","","","11","","32","","1.2","","99.43","","","","-13","","Snow"
"-79.63","43.68","TORONTO INTL A","6158731","2025-12-26 12:00","2025","12","26","12:00","","-4.9","","-6.9","","86","","","","10","","23","","4.0","","99.19","","","","-12","","Snow"
"-79.63","43.68","TORONTO INTL A","6158731","2025-12-26 13:00","2025","12","26","13:00","","-4.5","","-6.4","","87","","","","9","","30","","2.4","","98.84","","","","-12","","Snow,Ice Pellets"
"-79.63","43.68","TORONTO INTL A","6158731","2025-12-26 14:00","2025","12","26","14:00","","-4.0","","-5.9","","87","","","","10","","34","","3.2","","98.70","","","","-12","","Snow,Ice Pellets"
"-79.63","43.68","TORONTO INTL A","6158731","2025-12-26 15:00","2025","12","26","15:00","","-3.4","","-5.0","","89","","","","11","","43","","1.6","","98.45","","","","-12","","Snow,Ice Pellets"
"-79.63","43.68","TORONTO INTL A","6158731","2025-12-26 16:00","2025","12","26","16:00","","-2.8","","-4.3","","90","","","","11","","32","","2.4","","98.39","","","","-10","","Snow,Fog"
"-79.63","43.68","TORONTO INTL A","6158731","2025-12-26 17:00","2025","12","26","17:00","","-2.6","","-3.9","","91","","","","9","","14","","1.2","","98.48","","","","-7","","Snow,Fog"
"-79.63","43.68","TORONTO INTL A","6158731","2025-12-26 18:00","2025","12","26","18:00","","-4.0","","-5.4","","90","","","","36","","19","","4.0","","98.50","","","","-10","","Snow,Fog"
"-79.63","43.68","TORONTO INTL A","6158731","2025-12-26 19:00","2025","12","26","19:00","","-5.3","","-6.4","","92","","","","1","","20","","4.0","","98.58","","","","-12","","Snow,Fog"
"-79.63","43.68","TORONTO INTL A","6158731","2025-12-26 20:00","2025","12","26","20:00","","-5.3","","-6.6","","90","","","","1","","24","","9.7","","98.69","","","","-13","","Snow"
"-79.63","43.68","TORONTO INTL A","6158731","2025-12-26 21:00","2025","12","26","21:00","","-8.0","","-9.6","","88","","","","34","","26","","16.1","","98.81","","","","-16","","NA"
"-79.63","43.68","TORONTO INTL A","6158731","2025-12-26 22:00","2025","12","26","22:00","","-8.1","","-9.9","","87","","","","35","","20","","19.3","","98.91","","","","-15","","Cloudy"
"-79.63","43.68","TORONTO INTL A","6158731","2025-12-26 23:00","2025","12","26","23:00","","-8.3","","-10.2","","86","","","","2","","18","","9.7","","99.02","","","","-15","","Snow"
"-79.63","43.68","TORONTO INTL A","6158731","2025-12-27 00:00","2025","12","27","00:00","","-8.7","","-10.7","","86","","","","35","","18","","9.7","","99.15","","","","-16","","Snow"
"-79.63","43.68","TORONTO INTL A","6158731","2025-12-27 01:00","2025","12","27","01:00","","-9.0","","-10.9","","86","","","","34","","17","","3.6","","99.26","","","","-16","","Snow"
"-79.63","43.68","TORONTO INTL A","6158731","2025-12-27 02:00","2025","12","27","02:00","","-9.2","","-11.0","","87","","","","35","","16","","16.1","","99.39","","","","-16","","NA"
"-79.63","43.68","TORONTO INTL A","6158731","2025-12-27 03:00","2025","12","27","03:00","","-9.2","","-11.3","","85","","","","1","","16","","24.1","","99.53","","","","-16","","NA"
"-79.63","43.68","TORONTO INTL A","6158731","2025-12-27 04:00","2025","12","27","04:00","","-9.0","","-11.3","","84","","","","36","","17","","24.1","","99.58","","","","-16","","Cloudy"
"-79.63","43.68","TORONTO INTL A","6158731","2025-12-27 05:00","2025","12","27","05:00","","-9.0","","-11.3","","83","","","","35","","13","","24.1","","99.65","","","","-15","","NA"
"-79.63","43.68","TORONTO INTL A","6158731","2025-12-27 06:00","2025","12","27","06:00","","-8.7","","-11.1","","83","","","","34","","12","","24.1","","99.76","","","","-14","","NA"
"-79.63","43.68","TORONTO INTL A","6158731","2025-12-27 07:00","2025","12","27","07:00","","-8.6","","-10.9","","83","","","","1","","14","","24.1","","99.84","","","","-15","","Cloudy"
"-79.63","43.68","TORONTO INTL A","6158731","2025-12-27 08:00","2025","12","27","08:00","","-8.4","","-10.7","","84","","","","2","","10","","24.1","","99.92","","","","-13","","NA"
"-79.63","43.68","TORONTO INTL A","6158731","2025-12-27 09:00","2025","12","27","09:00","","-8.1","","-10.5","","83","","","","4","","8","","24.1","","100.03","","","","-12","","NA"
"-79.63","43.68","TORONTO INTL A","6158731","2025-12-27 10:00","2025","12","27","10:00","","-7.7","","-10.5","","81","","","","5","","9","","24.1","","100.08","","","","-12","","Cloudy"
"-79.63","43.68","TORONTO INTL A","6158731","2025-12-27 11:00","2025","12","27","11:00","","-7.7","","-10.8","","78","","","","5","","6","","24.1","","100.10","","","","-11","","NA"
"-79.63","43.68","TORONTO INTL A","6158731","2025-12-27 12:00","2025","12","27","12:00","","-7.1","","-10.5","","77","","","","3","","3","","24.1","","100.08","","","","-9","","NA"
"-79.63","43.68","TORONTO INTL A","6158731","2025-12-27 13:00","2025","12","27","13:00","","-6.6","","-10.0","","77","","","","9","","5","","24.1","","100.06","","","","-9","","Cloudy"
"-79.63","43.68","TORONTO INTL A","6158731","2025-12-27 14:00","2025","12","27","14:00","","-5.9","","-8.5","","82","","","","14","","8","","24.1","","100.06","","","","-10","","NA"
"-79.63","43.68","TORONTO INTL A","6158731","2025-12-27 15:00","2025","12","27","15:00","","-6.2","","-8.4","","85","","","","10","","9","","19.3","","100.14","","","","-10","","NA"
"-79.63","43.68","TORONTO INTL A","6158731","2025-12-27 16:00","2025","12","27","16:00","","-6.2","","-8.3","","85","","","","9","","9","","19.3","","100.18","","","","-10","","Cloudy"
"-79.63","43.68","TORONTO INTL A","6158731","2025-12-27 17:00","2025","12","27","17:00","","-5.9","","-8.2","","84","","","","6","","10","","24.1","","100.17","","","","-10","","NA"
"-79.63","43.68","TORONTO INTL A","6158731","2025-12-27 18:00","2025","12","27","18:00","","-5.8","","-7.8","","86","","","","6","","16","","19.3","","100.15","","","","-12","","NA"
"-79.63","43.68","TORONTO INTL A","6158731","2025-12-27 19:00","2025","12","27","19:00","","-5.7","","-7.6","","87","","","","8","","16","","24.1","","100.14","","","","-12","","Cloudy"
"-79.63","43.68","TORONTO INTL A","6158731","2025-12-27 20:00","2025","12","27","20:00","","-5.5","","-7.4","","86","","","","7","","8","","24.1","","100.14","","","","-9","","NA"
"-79.63","43.68","TORONTO INTL A","6158731","2025-12-27 21:00","2025","12","27","21:00","","-4.5","","-6.4","","87","","","","11","","9","","24.1","","100.10","","","","-8","","NA"
"-79.63","43.68","TORONTO INTL A","6158731","2025-12-27 22:00","2025","12","27","22:00","","-3.7","","-5.9","","85","","","","15","","10","","24.1","","100.06","","","","-8","","Cloudy"
"-79.63","43.68","TORONTO INTL A","6158731","2025-12-27 23:00","2025","12","27","23:00","","-3.4","","-5.5","","86","","","","14","","11","","24.1","","100.01","","","","-8","","NA"
"-79.63","43.68","TORONTO INTL A","6158731","2025-12-28 00:00","2025","12","28","00:00","","-3.1","","-5.1","","86","","","","12","","11","","24.1","","99.94","","","","-7","","NA"
"-79.63","43.68","TORONTO INTL A","6158731","2025-12-28 01:00","2025","12","28","01:00","","-3.0","","-4.8","","87","","","","13","","10","","24.1","","99.90","","","","-7","","Cloudy"
"-79.63","43.68","TORONTO INTL A","6158731","2025-12-28 02:00","2025","12","28","02:00","","-2.9","","-4.7","","87","","","","12","","9","","24.1","","99.84","","","","-6","","NA"
"-79.63","43.68","TORONTO INTL A","6158731","2025-12-28 03:00","2025","12","28","03:00","","-2.5","","-4.3","","88","","","","13","","7","","24.1","","99.82","","","","-5","","NA"
"-79.63","43.68","TORONTO INTL A","6158731","2025-12-28 04:00","2025","12","28","04:00","","-2.4","","-4.1","","88","","","","14","","9","","24.1","","99.75","","","","-6","","Cloudy"
"-79.63","43.68","TORONTO INTL A","6158731","2025-12-28 05:00","2025","12","28","05:00","","-2.3","","-3.8","","89","","","","12","","10","","24.1","","99.66","","","","-6","","NA"
"-79.63","43.68","TORONTO INTL A","6158731","2025-12-28 06:00","2025","12","28","06:00","","-2.2","","-3.6","","90","","","","9","","10","","9.7","","99.60","","","","-6","","Fog"
"-79.63","43.68","TORONTO INTL A","6158731","2025-12-28 07:00","2025","12","28","07:00","","-2.1","","-3.4","","91","","","","11","","8","","9.7","","99.53","","","","-5","","Fog"
"-79.63","43.68","TORONTO INTL A","6158731","2025-12-28 08:00","2025","12","28","08:00","","-1.9","","-3.3","","90","","","","8","","8","","9.7","","99.43","","","","-5","","Fog"
"-79.63","43.68","TORONTO INTL A","6158731","2025-12-28 09:00","2025","12","28","09:00","","-2.0","","-3.2","","91","","","","13","","9","","9.7","","99.40","","","","-5","","Fog"
"-79.63","43.68","TORONTO INTL A","6158731","2025-12-28 10:00","2025","12","28","10:00","","-1.9","","-3.3","","90","","","","10","","12","","8.1","","99.26","","","","-6","","Fog"
"-79.63","43.68","TORONTO INTL A","6158731","2025-12-28 11:00","2025","12","28","11:00","","-1.4","","-3.0","","89","","","","13","","5","","8.1","","99.22","","","","-3","","Fog"
"-79.63","43.68","TORONTO INTL A","6158731","2025-12-28 12:00","2025","12","28","12:00","","-1.1","","-2.7","","89","","","","10","","11","","8.1","","99.04","","","","-5","","Fog"
"-79.63","43.68","TORONTO INTL A","6158731","2025-12-28 13:00","2025","12","28","13:00","","-0.7","","-1.9","","92","","","","9","","9","","4.8","","98.84","","","","-4","","Freezing Rain,Fog"
"-79.63","43.68","TORONTO INTL A","6158731","2025-12-28 14:00","2025","12","28","14:00","","-0.4","","-1.2","","94","","","","10","","7","","6.4","","98.70","","","","-3","","Freezing Rain,Fog"
"-79.63","43.68","TORONTO INTL A","6158731","2025-12-28 15:00","2025","12","28","15:00","","0.0","","-0.8","","94","","","","12","","8","","4.8","","98.62","","","","-3","","Rain,Fog"
"-79.63","43.68","TORONTO INTL A","6158731","2025-12-28 16:00","2025","12","28","16:00","","0.3","","-0.4","","95","","","","8","","13","","4.8","","98.48","","","","","","Rain,Fog"
"-79.63","43.68","TORONTO INTL A","6158731","2025-12-28 17:00","2025","12","28","17:00","","0.5","","-0.1","","95","","","","11","","17","","8.1","","98.33","","","","","","Rain,Fog"
"-79.63","43.68","TORONTO INTL A","6158731","2025-12-28 18:00","2025","12","28","18:00","","0.6","","-0.1","","95","","","","9","","16","","6.4","","98.20","","","","","","Rain,Fog"
"-79.63","43.68","TORONTO INTL A","6158731","2025-12-28 19:00","2025","12","28","19:00","","0.4","","-0.2","","95","","","","7","","20","","6.4","","97.94","","","","","","Rain,Fog"
"-79.63","43.68","TORONTO INTL A","6158731","2025-12-28 20:00","2025","12","28","20:00","","0.4","","-0.3","","95","","","","4","","16","","6.4","","97.85","","","","","","Rain,Fog"
"-79.63","43.68","TORONTO INTL A","6158731","2025-12-28 21:00","2025","12","28","21:00","","0.6","","0.0","","96","","","","8","","18","","4.0","","97.60","","","","","","Moderate Rain,Fog"
"-79.63","43.68","TORONTO INTL A","6158731","2025-12-28 22:00","2025","12","28","22:00","","1.4","","0.8","","96","","","","8","","12","","6.4","","97.42","","","","","","Rain,Fog"
"-79.63","43.68","TORONTO INTL A","6158731","2025-12-28 23:00","2025","12","28","23:00","","1.3","","0.7","","96","","","","1","","5","","6.4","","97.31","","","","","","Rain,Fog"
"-79.63","43.68","TORONTO INTL A","6158731","2025-12-29 00:00","2025","12","29","00:00","","2.1","","1.6","","96","","","","12","","13","","9.7","","97.09","","","","","","Rain,Fog"
"-79.63","43.68","TORONTO INTL A","6158731","2025-12-29 01:00","2025","12","29","01:00","","2.3","","1.8","","97","","","","11","","8","","0.8","","96.90","","","","","","Rain,Fog"
"-79.63","43.68","TORONTO INTL A","6158731","2025-12-29 02:00","2025","12","29","02:00","","1.6","","1.2","","97","","","","6","","5","","0.4","","96.81","","","","","","Rain,Fog"
"-79.63","43.68","TORONTO INTL A","6158731","2025-12-29 03:00","2025","12","29","03:00","","2.0","","1.6","","97","","","","19","","4","","0.4","","96.65","","","","","","Fog"
"-79.63","43.68","TORONTO INTL A","6158731","2025-12-29 04:00","2025","12","29","04:00","","4.4","","4.0","","98","","","","17","","10","","0.4","","96.54","","","","","","Fog"
"-79.63","43.68","TORONTO INTL A","6158731","2025-12-29 05:00","2025","12","29","05:00","","4.6","","4.1","","96","","","","26","","37","","16.1","","96.63","","","","","","NA"
"-79.63","43.68","TORONTO INTL A","6158731","2025-12-29 06:00","2025","12","29","06:00","","5.1","","1.8","","79","","","","25","","38","","24.1","","96.68","","","","","","NA"
"-79.63","43.68","TORONTO INTL A","6158731","2025-12-29 07:00","2025","12","29","07:00","","3.6","","-1.0","","72","","","","25","","35","","24.1","","96.71","","","","","","Mostly Cloudy"
"-79.63","43.68","TORONTO INTL A","6158731","2025-12-29 08:00","2025","12","29","08:00","","3.2","","-0.2","","78","","","","23","","41","","24.1","","96.75","","","","","","NA"
"-79.63","43.68","TORONTO INTL A","6158731","2025-12-29 09:00","2025","12","29","09:00","","1.7","","0.1","","89","","","","24","","32","","16.1","","96.82","","","","","","Rain,Snow"
"-79.63","43.68","TORONTO INTL A","6158731","2025-12-29 10:00","2025","12","29","10:00","","-0.2","","-1.2","","94","","","","23","","39","","2.4","","96.90","","","","-8","","Snow"
"-79.63","43.68","TORONTO INTL A","6158731","2025-12-29 11:00","2025","12","29","11:00","","-1.4","","-3.7","","84","","","","24","","49","","4.0","","96.99","","","","-10","","Snow"
"-79.63","43.68","TORONTO INTL A","6158731","2025-12-29 12:00","2025","12","29","12:00","","-1.7","","-6.0","","73","","","","25","","58","","24.1","","96.95","","","","-11","","NA"
"-79.63","43.68","TORONTO INTL A","6158731","2025-12-29 13:00","2025","12","29","13:00","","-2.4","","-6.6","","73","","","","24","","57","","24.1","","96.99","","","","-12","","Cloudy"
"-79.63","43.68","TORONTO INTL A","6158731","2025-12-29 14:00","2025","12","29","14:00","","-3.1","","-5.4","","84","","","","25","","43","","0.8","","97.09","","","","-12","","Moderate Snow"
"-79.63","43.68","TORONTO INTL A","6158731","2025-12-29 15:00","2025","12","29","15:00","","-3.2","","-8.5","","67","","","","28","","48","","6.4","","97.21","","","","-12","","Snow,Blowing Snow"
"-79.63","43.68","TORONTO INTL A","6158731","2025-12-29 16:00","2025","12","29","16:00","","-4.4","","-10.0","","65","","","","29","","44","","24.1","","97.41","","","","-14","","Cloudy"
"-79.63","43.68","TORONTO INTL A","6158731","2025-12-29 17:00","2025","12","29","17:00","","-5.6","","-11.5","","63","","","","29","","43","","24.1","","97.62","","","","-15","","NA"
"-79.63","43.68","TORONTO INTL A","6158731","2025-12-29 18:00","2025","12","29","18:00","","-6.8","","-13.4","","60","","","","30","","47","","24.1","","97.80","","","","-17","","NA"
"-79.63","43.68","TORONTO INTL A","6158731","2025-12-29 19:00","2025","12","29","19:00","","-7.0","","-13.6","","60","","","","29","","44","","24.1","","97.97","","","","-17","","Mostly Cloudy"
"-79.63","43.68","TORONTO INTL A","6158731","2025-12-29 20:00","2025","12","29","20:00","","-7.6","","-14.2","","59","","","","29","","40","","24.1","","98.13","","","","-18","","NA"
"-79.63","43.68","TORONTO INTL A","6158731","2025-12-29 21:00","2025","12","29","21:00","","-8.1","","-14.5","","60","","","","29","","40","","24.1","","98.21","","","","-18","","NA"
"-79.63","43.68","TORONTO INTL A","6158731","2025-12-29 22:00","2025","12","29","22:00","","-7.9","","-14.1","","62","","","","29","","36","","24.1","","98.25","","","","-18","","Mostly Cloudy"
"-79.63","43.68","TORONTO INTL A","6158731","2025-12-29 23:00","2025","12","29","23:00","","-7.9","","-13.7","","64","","","","30","","35","","24.1","","98.29","","","","-17","","NA"
"-79.63","43.68","TORONTO INTL A","6158731","2025-12-30 00:00","2025","12","30","00:00","","-8.0","","-13.4","","65","","","","30","","31","","24.1","","98.34","","","","-17","","NA"
"-79.63","43.68","TORONTO INTL A","6158731","2025-12-30 01:00","2025","12","30","01:00","","-8.1","","-13.3","","67","","","","30","","25","","24.1","","98.39","","","","-16","","Cloudy"
"-79.63","43.68","TORONTO INTL A","6158731","2025-12-30 02:00","2025","12","30","02:00","","-8.0","","-13.1","","67","","","","31","","23","","24.1","","98.44","","","","-16","","NA"
"-79.63","43.68","TORONTO INTL A","6158731","2025-12-30 03:00","2025","12","30","03:00","","-7.5","","-12.5","","68","","","","30","","28","","16.1","","98.51","","","","-16","","Snow"
"-79.63","43.68","TORONTO INTL A","6158731","2025-12-30 04:00","2025","12","30","04:00","","-7.6","","-11.7","","73","","","","31","","29","","4.8","","98.57","","","","-16","","Snow"
"-79.63","43.68","TORONTO INTL A","6158731","2025-12-30 05:00","2025","12","30","05:00","","-7.4","","-12.3","","68","","","","30","","32","","16.1","","98.58","","","","-16","","Snow"
"-79.63","43.68","TORONTO INTL A","6158731","2025-12-30 06:00","2025","12","30","06:00","","-7.6","","-12.3","","69","","","","32","","20","","24.1","","98.60","","","","-15","","Snow"
"-79.63","43.68","TORONTO INTL A","6158731","2025-12-30 07:00","2025","12","30","07:00","","-7.3","","-12.9","","65","","","","31","","40","","24.1","","98.63","","","","-17","","Mainly Clear"
"-79.63","43.68","TORONTO INTL A","6158731","2025-12-30 08:00","2025","12","30","08:00","","-7.4","","-13.2","","63","","","","29","","34","","24.1","","98.63","","","","-17","","NA"
"-79.63","43.68","TORONTO INTL A","6158731","2025-12-30 09:00","2025","12","30","09:00","","-7.1","","-12.4","","66","","","","30","","31","","24.1","","98.65","","","","-16","","NA"
"-79.63","43.68","TORONTO INTL A","6158731","2025-12-30 10:00","2025","12","30","10:00","","-6.0","","-11.5","","66","","","","30","","29","","24.1","","98.66","","","","-14","","Mostly Cloudy"
"-79.63","43.68","TORONTO INTL A","6158731","2025-12-30 11:00","2025","12","30","11:00","","-5.3","","-11.0","","64","","","","31","","29","","16.1","","98.64","","","","-13","","Snow Showers"
"-79.63","43.68","TORONTO INTL A","6158731","2025-12-30 12:00","2025","12","30","12:00","","-5.1","","-11.5","","61","","","","31","","52","","24.1","","98.60","","","","-15","","Snow Showers"
"-79.63","43.68","TORONTO INTL A","6158731","2025-12-30 13:00","2025","12","30","13:00","","-4.5","","-10.5","","63","","","","27","","40","","24.1","","98.53","","","","-13","","Mostly Cloudy"
"-79.63","43.68","TORONTO INTL A","6158731","2025-12-30 14:00","2025","12","30","14:00","","-3.9","","-9.2","","67","","","","28","","39","","24.1","","98.50","","","","-13","","NA"
"-79.63","43.68","TORONTO INTL A","6158731","2025-12-30 15:00","2025","12","30","15:00","","-4.4","","-9.3","","69","","","","28","","36","","12.9","","98.55","","","","-13","","Snow Showers"
"-79.63","43.68","TORONTO INTL A","6158731","2025-12-30 16:00","2025","12","30","16:00","","-4.7","","-10.0","","66","","","","28","","35","","12.9","","98.57","","","","-13","","Snow Showers"
"-79.63","43.68","TORONTO INTL A","6158731","2025-12-30 17:00","2025","12","30","17:00","","-5.2","","-10.0","","69","","","","28","","35","","16.1","","98.61","","","","-14","","NA"
"-79.63","43.68","TORONTO INTL A","6158731","2025-12-30 18:00","2025","12","30","18:00","","-5.7","","-9.4","","76","","","","26","","29","","12.9","","98.65","","","","-14","","Snow Showers"
"-79.63","43.68","TORONTO INTL A","6158731","2025-12-30 19:00","2025","12","30","19:00","","-5.1","","-9.7","","70","","","","28","","32","","24.1","","98.69","","","","-13","","Mostly Cloudy"
"-79.63","43.68","TORONTO INTL A","6158731","2025-12-30 20:00","2025","12","30","20:00","","-4.8","","-10.2","","66","","","","27","","32","","24.1","","98.69","","","","-13","","NA"
"-79.63","43.68","TORONTO INTL A","6158731","2025-12-30 21:00","2025","12","30","21:00","","-4.8","","-10.9","","63","","","","27","","35","","24.1","","98.66","","","","-13","","NA"
"-79.63","43.68","TORONTO INTL A","6158731","2025-12-30 22:00","2025","12","30","22:00","","-5.0","","-10.9","","63","","","","26","","29","","24.1","","98.65","","","","-13","","Mostly Cloudy"
"-79.63","43.68","TORONTO INTL A","6158731","2025-12-30 23:00","2025","12","30","23:00","","-5.2","","-11.2","","63","","","","26","","26","","24.1","","98.65","","","","-13","","NA"
"-79.63","43.68","TORONTO INTL A","6158731","2025-12-31 00:00","2025","12","31","00:00","","-5.5","","-11.0","","65","","","","26","","31","","24.1","","98.58","","","","-14","","NA"
"-79.63","43.68","TORONTO INTL A","6158731","2025-12-31 01:00","2025","12","31","01:00","","-6.2","","-10.7","","70","","","","26","","21","","24.1","","98.53","","","","-13","","Mainly Clear"
"-79.63","43.68","TORONTO INTL A","6158731","2025-12-31 02:00","2025","12","31","02:00","","-5.5","","-10.8","","67","","","","26","","26","","24.1","","98.54","","","","-13","","NA"
"-79.63","43.68","TORONTO INTL A","6158731","2025-12-31 03:00","2025","12","31","03:00","","-5.3","","-9.9","","70","","","","25","","32","","24.1","","98.49","","","","-14","","NA"
"-79.63","43.68","TORONTO INTL A","6158731","2025-12-31 04:00","2025","12","31","04:00","","-5.2","","-9.3","","73","","","","25","","26","","24.1","","98.48","","","","-13","","Mostly Cloudy"
"-79.63","43.68","TORONTO INTL A","6158731","2025-12-31 05:00","2025","12","31","05:00","","-5.3","","-9.1","","75","","","","25","","32","","24.1","","98.45","","","","-14","","NA"
"-79.63","43.68","TORONTO INTL A","6158731","2025-12-31 06:00","2025","12","31","06:00","","-5.8","","-9.3","","76","","","","25","","29","","24.1","","98.46","","","","-14","","NA"
"-79.63","43.68","TORONTO INTL A","6158731","2025-12-31 07:00","2025","12","31","07:00","","-6.0","","-9.4","","77","","","","24","","23","","24.1","","98.49","","","","-13","","Mostly Cloudy"
"-79.63","43.68","TORONTO INTL A","6158731","2025-12-31 08:00","2025","12","31","08:00","","-6.0","","-9.2","","79","","","","24","","25","","24.1","","98.48","","","","-14","","NA"
"-79.63","43.68","TORONTO INTL A","6158731","2025-12-31 09:00","2025","12","31","09:00","","-5.7","","-9.1","","77","","","","24","","28","","24.1","","98.46","","","","-14","","NA"
"-79.63","43.68","TORONTO INTL A","6158731","2025-12-31 10:00","2025","12","31","10:00","","-5.5","","-9.2","","76","","","","24","","39","","24.1","","98.47","","","","-15","","Mostly Cloudy"
"-79.63","43.68","TORONTO INTL A","6158731","2025-12-31 11:00","2025","12","31","11:00","","-5.1","","-9.1","","74","","","","24","","28","","24.1","","98.43","","","","-13","","NA"
"-79.63","43.68","TORONTO INTL A","6158731","2025-12-31 12:00","2025","12","31","12:00","","-4.6","","-8.8","","72","","","","24","","32","","12.9","","98.31","","","","-13","","Snow Showers"
"-79.63","43.68","TORONTO INTL A","6158731","2025-12-31 13:00","2025","12","31","13:00","","-4.6","","-8.5","","74","","","","23","","30","","12.9","","98.15","","","","-12","","Snow Showers"
"-79.63","43.68","TORONTO INTL A","6158731","2025-12-31 14:00","2025","12","31","14:00","","-4.2","","-8.6","","71","","","","23","","28","","24.1","","98.10","","","","-12","","NA"
"-79.63","43.68","TORONTO INTL A","6158731","2025-12-31 15:00","2025","12","31","15:00","","-4.6","","-8.4","","74","","","","24","","33","","12.9","","98.02","","","","-13","","Snow Showers"
"-79.63","43.68","TORONTO INTL A","6158731","2025-12-31 16:00","2025","12","31","16:00","","-5.2","","-7.2","","86","","","","21","","19","","2.0","","97.95","","","","-12","","Snow Showers"
"-79.63","43.68","TORONTO INTL A","6158731","2025-12-31 17:00","2025","12","31","17:00","","-5.5","","-7.4","","87","","","","22","","15","","3.2","","97.91","","","","-11","","Snow Showers"
"-79.63","43.68","TORONTO INTL A","6158731","2025-12-31 18:00","2025","12","31","18:00","","-5.3","","-7.0","","88","","","","23","","17","","3.6","","97.82","","","","-11","","Snow"
"-79.63","43.68","TORONTO INTL A","6158731","2025-12-31 19:00","2025","12","31","19:00","","-5.1","","-7.1","","86","","","","23","","19","","6.4","","97.75","","","","-12","","Snow"
"-79.63","43.68","TORONTO INTL A","6158731","2025-12-31 20:00","2025","12","31","20:00","","-5.5","","-8.4","","80","","","","32","","47","","2.0","","97.81","","","","-15","","Snow"
"-79.63","43.68","TORONTO INTL A","6158731","2025-12-31 21:00","2025","12","31","21:00","","-7.0","","-11.7","","69","","","","32","","41","","9.7","","97.90","","","","-17","","Snow"
"-79.63","43.68","TORONTO INTL A","6158731","2025-12-31 22:00","2025","12","31","22:00","","-7.8","","-14.1","","61","","","","31","","40","","24.1","","98.00","","","","-18","","Mainly Clear"
"-79.63","43.68","TORONTO INTL A","6158731","2025-12-31 23:00","2025","12","31","23:00","","-9.0","","-15.9","","58","","","","31","","34","","24.1","","98.10","","","","-19","","NA"
