"Longitude (x)","Latitude (y)","Station Name","Climate ID","Date/Time (LST)","Year","Month","Day","Time (LST)","Flag","Temp (°C)","Temp Flag","Dew Point Temp (°C)","Dew Point Temp Flag","Rel Hum (%)","Rel Hum Flag","Precip. Amount (mm)","Precip. Amount Flag","Wind Dir (10s deg)","Wind Dir Flag","Wind Spd (km/h)","Wind Spd Flag","Visibility (km)","Visibility Flag","Stn Press (kPa)","Stn Press Flag","Hmdx","Hmdx Flag","Wind Chill","Wind Chill Flag","Weather"
"-79.63","43.68","TORONTO INTL A","6158731","2023-03-01 00:00","2023","03","01","00:00","","-0.9","","-3.9","","80","","","","21","","8","","24.1","","99.59","","","","-4","","NA"
"-79.63","43.68","TORONTO INTL A","6158731","2023-03-01 01:00","2023","03","01","01:00","","-1.2","","-3.5","","84","","","","22","","9","","24.1","","99.63","","","","-4","","Mostly Cloudy"
"-79.63","43.68","TORONTO INTL A","6158731","2023-03-01 02:00","2023","03","01","02:00","","-0.8","","-2.9","","86","","","","","","0","","24.1","","99.64","","","","","","NA"
"-79.63","43.68","TORONTO INTL A","6158731","2023-03-01 03:00","2023","03","01","03:00","","-1.1","","-2.5","","90","","","","22","","5","","24.1","","99.68","","","","-3","","NA"
"-79.63","43.68","TORONTO INTL A","6158731","2023-03-01 04:00","2023","03","01","04:00","","-1.9","","-2.6","","95","","","","7","","7","","24.1","","99.57","","","","-5","","Cloudy"
"-79.63","43.68","TORONTO INTL A","6158731","2023-03-01 05:00","2023","03","01","05:00","","-0.9","","-1.9","","93","","","","11","","9","","24.1","","99.47","","","","-4","","NA"
"-79.63","43.68","TORONTO INTL A","6158731","2023-03-01 06:00","2023","03","01","06:00","","0.0","","0.0","","100","","","","13","","7","","24.1","","99.48","","","","-2","","NA"
"-79.63","43.68","TORONTO INTL A","6158731","2023-03-01 07:00","2023","03","01","07:00","","0.5","","0.5","","100","","","","13","","7","","24.1","","99.49","","","","","","Mostly Cloudy"
"-79.63","43.68","TORONTO INTL A","6158731","2023-03-01 08:00","2023","03","01","08:00","","0.8","","0.8","","100","","","","12","","12","","24.1","","99.47","","","","","","NA"
"-79.63","43.68","TORONTO INTL A","6158731","2023-03-01 09:00","2023","03","01","09:00","","1.3","","-1.8","","80","","","","11","","19","","24.1","","99.33","","","","","","NA"
"-79.63","43.68","TORONTO INTL A","6158731","2023-03-01 10:00","2023","03","01","10:00","","1.5","","-1.7","","79","","","","9","","17","","24.1","","99.31","","","","","","Cloudy"
"-79.63","43.68","TORONTO INTL A","6158731","2023-03-01 11:00","2023","03","01","11:00","","1.6","","-2.5","","74","","","","7","","19","","24.1","","99.12","","","","","","NA"
"-79.63","43.68","TORONTO INTL A","6158731","2023-03-01 12:00","2023","03","01","12:00","","1.5","","-2.4","","76","","","","8","","24","","24.1","","99.03","","","","","","NA"
"-79.63","43.68","TORONTO INTL A","6158731","2023-03-01 13:00","2023","03","01","13:00","","1.6","","-1.7","","79","","","","8","","22","","24.1","","99.01","","","","","","Mostly Cloudy"
"-79.63","43.68","TORONTO INTL A","6158731","2023-03-01 14:00","2023","03","01","14:00","","2.0","","-1.4","","78","","","","9","","24","","24.1","","98.90","","","","","","NA"
"-79.63","43.68","TORONTO INTL A","6158731","2023-03-01 15:00","2023","03","01","15:00","","2.9","","-1.8","","71","","","","8","","23","","24.1","","98.90","","","","","","NA"
"-79.63","43.68","TORONTO INTL A","6158731","2023-03-01 16:00","2023","03","01","16:00","","2.4","","-1.0","","79","","","","7","","19","","24.1","","98.91","","","","","","Mostly Cloudy"
"-79.63","43.68","TORONTO INTL A","6158731","2023-03-01 17:00","2023","03","01","17:00","","1.5","","-0.3","","88","","","","8","","16","","24.1","","98.85","","","","","","NA"
"-79.63","43.68","TORONTO INTL A","6158731","2023-03-01 18:00","2023","03","01","18:00","","1.1","","-0.4","","90","","","","8","","14","","24.1","","98.87","","","","","","NA"
"-79.63","43.68","TORONTO INTL A","6158731","2023-03-01 19:00","2023","03","01","19:00","","0.8","","-0.7","","90","","","","6","","16","","24.1","","98.86","","","","","","Mostly Cloudy"
"-79.63","43.68","TORONTO INTL A","6158731","2023-03-01 20:00","2023","03","01","20:00","","0.6","","-0.8","","90","","","","7","","16","","24.1","","98.80","","","","","","NA"
"-79.63","43.68","TORONTO INTL A","6158731","2023-03-01 21:00","2023","03","01","21:00","","0.8","","-0.6","","91","","","","6","","10","","24.1","","98.78","","","","","","NA"
"-79.63","43.68","TORONTO INTL A","6158731","2023-03-01 22:00","2023","03","01","22:00","","0.5","","-2.1","","82","","","","33","","14","","24.1","","98.73","","","","","","Mostly Cloudy"
"-79.63","43.68","TORONTO INTL A","6158731","2023-03-01 23:00","2023","03","01","23:00","","0.2","","-2.3","","84","","","","33","","17","","24.1","","98.66","","","","","","NA"
"-79.63","43.68","TORONTO INTL A","6158731","2023-03-02 00:00","2023","03","02","00:00","","0.1","","-2.3","","84","","","","35","","14","","24.1","","98.60","","","","","","NA"
"-79.63","43.68","TORONTO INTL A","6158731","2023-03-02 01:00","2023","03","02","01:00","","-0.4","","-2.2","","88","","","","36","","21","","24.1","","98.55","","","","-6","","Cloudy"
"-79.63","43.68","TORONTO INTL A","6158731","2023-03-02 02:00","2023","03","02","02:00","","-0.4","","-2.2","","88","","","","35","","13","","24.1","","98.54","","","","-5","","NA"
"-79.63","43.68","TORONTO INTL A","6158731","2023-03-02 03:00","2023","03","02","03:00","","-0.6","","-1.7","","92","","","","32","","18","","24.1","","98.53","","","","-6","","NA"
"-79.63","43.68","TORONTO INTL A","6158731","2023-03-02 04:00","2023","03","02","04:00","","-0.4","","-1.6","","92","","","","31","","15","","24.1","","98.51","","","","-5","","Cloudy"
"-79.63","43.68","TORONTO INTL A","6158731","2023-03-02 05:00","2023","03","02","05:00","","-0.3","","-1.8","","90","","","","31","","14","","24.1","","98.60","","","","-5","","NA"
"-79.63","43.68","TORONTO INTL A","6158731","2023-03-02 06:00","2023","03","02","06:00","","-0.3","","-1.9","","89","","","","31","","14","","24.1","","98.66","","","","-5","","NA"
"-79.63","43.68","TORONTO INTL A","6158731","2023-03-02 07:00","2023","03","02","07:00","","-0.1","","-2.8","","82","","","","33","","22","","24.1","","98.72","","","","-6","","Cloudy"
"-79.63","43.68","TORONTO INTL A","6158731","2023-03-02 08:00","2023","03","02","08:00","","0.0","","-2.6","","83","","","","30","","13","","24.1","","98.75","","","","-4","","NA"
"-79.63","43.68","TORONTO INTL A","6158731","2023-03-02 09:00","2023","03","02","09:00","","0.7","","-2.2","","81","","","","28","","16","","24.1","","98.78","","","","","","NA"
"-79.63","43.68","TORONTO INTL A","6158731","2023-03-02 10:00","2023","03","02","10:00","","1.6","","-2.3","","75","","","","31","","13","","24.1","","98.80","","","","","","Mostly Cloudy"
"-79.63","43.68","TORONTO INTL A","6158731","2023-03-02 11:00","2023","03","02","11:00","","2.5","","-3.1","","66","","","","32","","26","","24.1","","98.80","","","","","","NA"
"-79.63","43.68","TORONTO INTL A","6158731","2023-03-02 12:00","2023","03","02","12:00","","3.2","","-3.2","","63","","","","32","","20","","24.1","","98.87","","","","","","NA"
"-79.63","43.68","TORONTO INTL A","6158731","2023-03-02 13:00","2023","03","02","13:00","","3.3","","-2.8","","64","","","","36","","14","","24.1","","98.88","","","","","","Mostly Cloudy"
"-79.63","43.68","TORONTO INTL A","6158731","2023-03-02 14:00","2023","03","02","14:00","","3.2","","-3.1","","63","","","","33","","25","","24.1","","98.92","","","","","","NA"
"-79.63","43.68","TORONTO INTL A","6158731","2023-03-02 15:00","2023","03","02","15:00","","3.7","","-3.4","","60","","","","31","","25","","24.1","","99.01","","","","","","NA"
"-79.63","43.68","TORONTO INTL A","6158731","2023-03-02 16:00","2023","03","02","16:00","","2.8","","-3.3","","64","","","","31","","22","","24.1","","99.11","","","","","","Mostly Cloudy"
"-79.63","43.68","TORONTO INTL A","6158731","2023-03-02 17:00","2023","03","02","17:00","","2.1","","-3.2","","68","","","","36","","23","","24.1","","99.18","","","","","","NA"
"-79.63","43.68","TORONTO INTL A","6158731","2023-03-02 18:00","2023","03","02","18:00","","2.0","","-4.0","","64","","","","34","","21","","24.1","","99.28","","","","","","NA"
"-79.63","43.68","TORONTO INTL A","6158731","2023-03-02 19:00","2023","03","02","19:00","","0.8","","-3.4","","74","","","","36","","18","","24.1","","99.33","","","","","","Mainly Clear"
"-79.63","43.68","TORONTO INTL A","6158731","2023-03-02 20:00","2023","03","02","20:00","","-0.1","","-3.1","","80","","","","35","","14","","24.1","","99.41","","","","-4","","NA"
"-79.63","43.68","TORONTO INTL A","6158731","2023-03-02 21:00","2023","03","02","21:00","","-0.6","","-3.1","","83","","","","34","","16","","24.1","","99.46","","","","-5","","NA"
"-79.63","43.68","TORONTO INTL A","6158731","2023-03-02 22:00","2023","03","02","22:00","","-0.8","","-3.2","","84","","","","34","","22","","24.1","","99.50","","","","-7","","Mostly Cloudy"
"-79.63","43.68","TORONTO INTL A","6158731","2023-03-02 23:00","2023","03","02","23:00","","-1.5","","-3.5","","86","","","","36","","20","","24.1","","99.52","","","","-7","","NA"
"-79.63","43.68","TORONTO INTL A","6158731","2023-03-03 00:00","2023","03","03","00:00","","-2.2","","-3.9","","88","","","","36","","16","","24.1","","99.50","","","","-7","","NA"
"-79.63","43.68","TORONTO INTL A","6158731","2023-03-03 01:00","2023","03","03","01:00","","-2.4","","-4.1","","88","","","","36","","16","","24.1","","99.54","","","","-8","","Mainly Clear"
"-79.63","43.68","TORONTO INTL A","6158731","2023-03-03 02:00","2023","03","03","02:00","","-3.1","","-4.4","","91","","","","36","","14","","24.1","","99.54","","","","-8","","NA"
"-79.63","43.68","TORONTO INTL A","6158731","2023-03-03 03:00","2023","03","03","03:00","","-3.6","","-4.5","","94","","","","36","","10","","24.1","","99.51","","","","-8","","NA"
"-79.63","43.68","TORONTO INTL A","6158731","2023-03-03 04:00","2023","03","03","04:00","","-4.3","","-4.8","","96","","","","36","","6","","24.1","","99.58","","","","-7","","Mainly Clear"
"-79.63","43.68","TORONTO INTL A","6158731","2023-03-03 05:00","2023","03","03","05:00","","-5.4","","-6.0","","96","","","","35","","5","","24.1","","99.61","","","","-8","","NA"
"-79.63","43.68","TORONTO INTL A","6158731","2023-03-03 06:00","2023","03","03","06:00","","-5.0","","-5.4","","97","","","","2","","9","","24.1","","99.57","","","","-9","","NA"
"-79.63","43.68","TORONTO INTL A","6158731","2023-03-03 07:00","2023","03","03","07:00","","-2.7","","-4.1","","90","","","","6","","10","","24.1","","99.53","","","","-7","","Cloudy"
"-79.63","43.68","TORONTO INTL A","6158731","2023-03-03 08:00","2023","03","03","08:00","","-1.2","","-2.6","","90","","","","9","","12","","24.1","","99.59","","","","-5","","NA"
"-79.63","43.68","TORONTO INTL A","6158731","2023-03-03 09:00","2023","03","03","09:00","","-0.4","","-2.1","","89","","","","9","","20","","24.1","","99.64","","","","-6","","NA"
"-79.63","43.68","TORONTO INTL A","6158731","2023-03-03 10:00","2023","03","03","10:00","","-0.1","","-1.3","","92","","","","9","","17","","24.1","","99.55","","","","-5","","Cloudy"
"-79.63","43.68","TORONTO INTL A","6158731","2023-03-03 11:00","2023","03","03","11:00","","-0.4","","-2.5","","86","","","","8","","21","","24.1","","99.48","","","","-6","","NA"
"-79.63","43.68","TORONTO INTL A","6158731","2023-03-03 12:00","2023","03","03","12:00","","-0.4","","-1.4","","93","","","","9","","19","","24.1","","99.42","","","","-6","","NA"
"-79.63","43.68","TORONTO INTL A","6158731","2023-03-03 13:00","2023","03","03","13:00","","-0.4","","-1.0","","96","","","","8","","24","","24.1","","99.20","","","","-6","","Cloudy"
"-79.63","43.68","TORONTO INTL A","6158731","2023-03-03 14:00","2023","03","03","14:00","","-0.5","","-1.6","","93","","","","7","","20","","24.1","","99.07","","","","-6","","NA"
"-79.63","43.68","TORONTO INTL A","6158731","2023-03-03 15:00","2023","03","03","15:00","","-0.5","","-3.1","","82","","","","7","","22","","24.1","","98.79","","","","-6","","NA"
"-79.63","43.68","TORONTO INTL A","6158731","2023-03-03 16:00","2023","03","03","16:00","","0.2","","-3.8","","75","","","","8","","25","","24.1","","98.65","","","","","","Cloudy"
"-79.63","43.68","TORONTO INTL A","6158731","2023-03-03 17:00","2023","03","03","17:00","","0.4","","-3.6","","75","","","","9","","28","","24.1","","98.51","","","","","","NA"
"-79.63","43.68","TORONTO INTL A","6158731","2023-03-03 18:00","2023","03","03","18:00","","0.4","","-4.0","","72","","","","9","","32","","24.1","","98.42","","","","","","NA"
"-79.63","43.68","TORONTO INTL A","6158731","2023-03-03 19:00","2023","03","03","19:00","","-0.6","","-1.4","","94","","","","8","","35","","2.0","","98.24","","","","-8","","Snow"
"-79.63","43.68","TORONTO INTL A","6158731","2023-03-03 20:00","2023","03","03","20:00","","-1.2","","-1.2","","100","","","","8","","29","","1.2","","97.91","","","","-8","","Snow,Blowing Snow"
"-79.63","43.68","TORONTO INTL A","6158731","2023-03-03 21:00","2023","03","03","21:00","","-0.3","","-0.3","","100","","","","8","","31","","1.0","","97.79","","","","-7","","Snow"
"-79.63","43.68","TORONTO INTL A","6158731","2023-03-03 22:00","2023","03","03","22:00","","0.0","","0.0","","100","","","","8","","32","","1.0","","97.57","","","","-7","","Snow,Blowing Snow"
"-79.63","43.68","TORONTO INTL A","6158731","2023-03-03 23:00","2023","03","03","23:00","","0.3","","0.3","","100","","","","8","","36","","1.2","","97.47","","","","","","Snow"
"-79.63","43.68","TORONTO INTL A","6158731","2023-03-04 00:00","2023","03","04","00:00","","0.0","","0.0","","100","","","","8","","36","","1.2","","97.35","","","","-7","","Snow"
"-79.63","43.68","TORONTO INTL A","6158731","2023-03-04 01:00","2023","03","04","01:00","","0.1","","0.1","","100","","","","8","","36","","1.2","","97.22","","","","","","Snow,Blowing Snow"
"-79.63","43.68","TORONTO INTL A","6158731","2023-03-04 02:00","2023","03","04","02:00","","0.2","","0.2","","100","","","","8","","35","","2.4","","97.24","","","","","","Snow,Blowing Snow"
"-79.63","43.68","TORONTO INTL A","6158731","2023-03-04 03:00","2023","03","04","03:00","","0.0","","0.0","","100","","","","7","","31","","2.0","","97.28","","","","-7","","Snow,Blowing Snow"
"-79.63","43.68","TORONTO INTL A","6158731","2023-03-04 04:00","2023","03","04","04:00","","-0.1","","-0.1","","100","","","","4","","17","","3.2","","97.39","","","","-5","","Snow"
"-79.63","43.68","TORONTO INTL A","6158731","2023-03-04 05:00","2023","03","04","05:00","","-0.5","","-0.5","","100","","","","36","","27","","4.8","","97.60","","","","-7","","Snow"
"-79.63","43.68","TORONTO INTL A","6158731","2023-03-04 06:00","2023","03","04","06:00","","-1.2","","-1.2","","100","","","","35","","33","","1.2","","97.82","","","","-8","","Snow,Blowing Snow"
"-79.63","43.68","TORONTO INTL A","6158731","2023-03-04 07:00","2023","03","04","07:00","","-1.4","","-1.4","","100","","","","35","","31","","1.2","","98.06","","","","-8","","Snow,Blowing Snow"
"-79.63","43.68","TORONTO INTL A","6158731","2023-03-04 08:00","2023","03","04","08:00","","-1.4","","-1.9","","96","","","","35","","32","","6.4","","98.30","","","","-9","","Snow,Blowing Snow"
"-79.63","43.68","TORONTO INTL A","6158731","2023-03-04 09:00","2023","03","04","09:00","","-0.9","","-2.8","","87","","","","35","","32","","19.3","","98.48","","","","-8","","Blowing Snow"
"-79.63","43.68","TORONTO INTL A","6158731","2023-03-04 10:00","2023","03","04","10:00","","-0.6","","-2.7","","86","","","","33","","27","","24.1","","98.65","","","","-7","","Cloudy"
"-79.63","43.68","TORONTO INTL A","6158731","2023-03-04 11:00","2023","03","04","11:00","","0.0","","-2.1","","86","","","","34","","22","","24.1","","98.75","","","","-6","","NA"
"-79.63","43.68","TORONTO INTL A","6158731","2023-03-04 12:00","2023","03","04","12:00","","1.1","","-2.7","","76","","","","31","","34","","24.1","","98.83","","","","","","NA"
"-79.63","43.68","TORONTO INTL A","6158731","2023-03-04 13:00","2023","03","04","13:00","","3.0","","-2.2","","69","","","","30","","21","","24.1","","98.93","","","","","","Mainly Clear"
"-79.63","43.68","TORONTO INTL A","6158731","2023-03-04 14:00","2023","03","04","14:00","","3.8","","-1.8","","67","","","","30","","20","","24.1","","98.97","","","","","","NA"
"-79.63","43.68","TORONTO INTL A","6158731","2023-03-04 15:00","2023","03","04","15:00","","4.5","","-1.6","","65","","","","30","","19","","24.1","","99.06","","","","","","NA"
"-79.63","43.68","TORONTO INTL A","6158731","2023-03-04 16:00","2023","03","04","16:00","","4.9","","-1.0","","65","","","","28","","15","","24.1","","99.10","","","","","","Clear"
"-79.63","43.68","TORONTO INTL A","6158731","2023-03-04 17:00","2023","03","04","17:00","","4.9","","-0.7","","67","","","","29","","17","","24.1","","99.16","","","","","","NA"
"-79.63","43.68","TORONTO INTL A","6158731","2023-03-04 18:00","2023","03","04","18:00","","3.5","","-0.8","","73","","","","27","","19","","24.1","","99.26","","","","","","NA"
"-79.63","43.68","TORONTO INTL A","6158731","2023-03-04 19:00","2023","03","04","19:00","","2.8","","-0.2","","81","","","","28","","16","","24.1","","99.35","","","","","","Mainly Clear"
"-79.63","43.68","TORONTO INTL A","6158731","2023-03-04 20:00","2023","03","04","20:00","","1.6","","0.0","","89","","","","26","","10","","24.1","","99.44","","","","","","NA"
"-79.63","43.68","TORONTO INTL A","6158731","2023-03-04 21:00","2023","03","04","21:00","","0.8","","0.1","","95","","","","25","","12","","24.1","","99.51","","","","","","NA"
"-79.63","43.68","TORONTO INTL A","6158731","2023-03-04 22:00","2023","03","04","22:00","","0.9","","-0.5","","90","","","","25","","8","","24.1","","99.49","","","","","","Mostly Cloudy"
"-79.63","43.68","TORONTO INTL A","6158731","2023-03-04 23:00","2023","03","04","23:00","","0.7","","-2.1","","82","","","","22","","8","","24.1","","99.50","","","","","","NA"
"-79.63","43.68","TORONTO INTL A","6158731","2023-03-05 00:00","2023","03","05","00:00","","1.6","","-2.8","","72","","","","22","","3","","24.1","","99.49","","","","","","NA"
"-79.63","43.68","TORONTO INTL A","6158731","2023-03-05 01:00","2023","03","05","01:00","","0.8","","-0.3","","92","","","","15","","8","","24.1","","99.53","","","","","","Cloudy"
"-79.63","43.68","TORONTO INTL A","6158731","2023-03-05 02:00","2023","03","05","02:00","","1.0","","-0.4","","91","","","","18","","7","","24.1","","99.53","","","","","","NA"
"-79.63","43.68","TORONTO INTL A","6158731","2023-03-05 03:00","2023","03","05","03:00","","0.9","","-0.4","","91","","","","15","","3","","24.1","","99.50","","","","","","NA"
"-79.63","43.68","TORONTO INTL A","6158731","2023-03-05 04:00","2023","03","05","04:00","","1.1","","-0.4","","90","","","","20","","6","","9.7","","99.57","","","","","","Snow"
"-79.63","43.68","TORONTO INTL A","6158731","2023-03-05 05:00","2023","03","05","05:00","","0.7","","0.7","","100","","","","18","","3","","16.1","","99.60","","","","","","Rain,Snow"
"-79.63","43.68","TORONTO INTL A","6158731","2023-03-05 06:00","2023","03","05","06:00","","0.8","","0.8","","100","","","","22","","6","","19.3","","99.67","","","","","","NA"
"-79.63","43.68","TORONTO INTL A","6158731","2023-03-05 07:00","2023","03","05","07:00","","1.1","","1.1","","100","","","","22","","12","","9.7","","99.70","","","","","","Fog"
"-79.63","43.68","TORONTO INTL A","6158731","2023-03-05 08:00","2023","03","05","08:00","","1.7","","1.7","","100","","","","26","","12","","9.7","","99.77","","","","","","Fog"
"-79.63","43.68","TORONTO INTL A","6158731","2023-03-05 09:00","2023","03","05","09:00","","3.1","","1.0","","86","","","","29","","21","","19.3","","99.87","","","","","","NA"
"-79.63","43.68","TORONTO INTL A","6158731","2023-03-05 10:00","2023","03","05","10:00","","3.4","","1.1","","85","","","","27","","14","","24.1","","99.95","","","","","","Mostly Cloudy"
"-79.63","43.68","TORONTO INTL A","6158731","2023-03-05 11:00","2023","03","05","11:00","","3.9","","0.3","","77","","","","31","","26","","24.1","","100.03","","","","","","NA"
"-79.63","43.68","TORONTO INTL A","6158731","2023-03-05 12:00","2023","03","05","12:00","","4.2","","0.1","","75","","","","32","","23","","24.1","","100.06","","","","","","NA"
"-79.63","43.68","TORONTO INTL A","6158731","2023-03-05 13:00","2023","03","05","13:00","","4.6","","-0.6","","69","","","","30","","21","","24.1","","100.14","","","","","","Mostly Cloudy"
"-79.63","43.68","TORONTO INTL A","6158731","2023-03-05 14:00","2023","03","05","14:00","","4.4","","-0.8","","69","","","","30","","26","","24.1","","100.19","","","","","","NA"
"-79.63","43.68","TORONTO INTL A","6158731","2023-03-05 15:00","2023","03","05","15:00","","4.7","","-0.7","","68","","","","30","","25","","24.1","","100.21","","","","","","NA"
"-79.63","43.68","TORONTO INTL A","6158731","2023-03-05 16:00","2023","03","05","16:00","","4.6","","-1.5","","65","","","","30","","23","","24.1","","100.28","","","","","","Mainly Clear"
"-79.63","43.68","TORONTO INTL A","6158731","2023-03-05 17:00","2023","03","05","17:00","","4.0","","-2.1","","64","","","","28","","23","","24.1","","100.32","","","","","","NA"
"-79.63","43.68","TORONTO INTL A","6158731","2023-03-05 18:00","2023","03","05","18:00","","3.6","","-2.6","","64","","","","30","","22","","24.1","","100.35","","","","","","NA"
"-79.63","43.68","TORONTO INTL A","6158731","2023-03-05 19:00","2023","03","05","19:00","","2.4","","-2.6","","70","","","","30","","19","","24.1","","100.41","","","","","","Clear"
"-79.63","43.68","TORONTO INTL A","6158731","2023-03-05 20:00","2023","03","05","20:00","","1.4","","-2.5","","75","","","","29","","13","","24.1","","100.47","","","","","","NA"
"-79.63","43.68","TORONTO INTL A","6158731","2023-03-05 21:00","2023","03","05","21:00","","0.3","","-2.7","","81","","","","27","","10","","24.1","","100.46","","","","","","NA"
"-79.63","43.68","TORONTO INTL A","6158731","2023-03-05 22:00","2023","03","05","22:00","","-0.4","","-2.0","","89","","","","26","","6","","24.1","","100.49","","","","-2","","Clear"
"-79.63","43.68","TORONTO INTL A","6158731","2023-03-05 23:00","2023","03","05","23:00","","-0.4","","-2.2","","88","","","","29","","9","","24.1","","100.49","","","","-4","","NA"
"-79.63","43.68","TORONTO INTL A","6158731","2023-03-06 00:00","2023","03","06","00:00","","-0.9","","-2.1","","92","","","","33","","8","","24.1","","100.48","","","","-4","","NA"
"-79.63","43.68","TORONTO INTL A","6158731","2023-03-06 01:00","2023","03","06","01:00","","-1.9","","-2.2","","98","","","","35","","5","","24.1","","100.45","","","","-4","","Mainly Clear"
"-79.63","43.68","TORONTO INTL A","6158731","2023-03-06 02:00","2023","03","06","02:00","","-2.7","","-2.7","","100","","","","27","","4","","24.1","","100.49","","","","-4","","NA"
"-79.63","43.68","TORONTO INTL A","6158731","2023-03-06 03:00","2023","03","06","03:00","","-3.1","","-3.1","","100","","","","27","","12","","24.1","","100.57","","","","-8","","NA"
"-79.63","43.68","TORONTO INTL A","6158731","2023-03-06 04:00","2023","03","06","04:00","","-1.5","","-2.1","","96","","","","31","","9","","24.1","","100.52","","","","-5","","Mostly Cloudy"
"-79.63","43.68","TORONTO INTL A","6158731","2023-03-06 05:00","2023","03","06","05:00","","-2.0","","-2.5","","96","","","","31","","7","","24.1","","100.46","","","","-5","","NA"
"-79.63","43.68","TORONTO INTL A","6158731","2023-03-06 06:00","2023","03","06","06:00","","-2.5","","-2.7","","98","","","","31","","8","","24.1","","100.43","","","","-6","","NA"
"-79.63","43.68","TORONTO INTL A","6158731","2023-03-06 07:00","2023","03","06","07:00","","-1.4","","-2.4","","93","","","","28","","5","","24.1","","100.45","","","","-3","","Cloudy"
"-79.63","43.68","TORONTO INTL A","6158731","2023-03-06 08:00","2023","03","06","08:00","","-0.9","","-1.4","","96","","","","2","","8","","24.1","","100.45","","","","-4","","NA"
"-79.63","43.68","TORONTO INTL A","6158731","2023-03-06 09:00","2023","03","06","09:00","","-0.1","","-1.5","","90","","","","35","","5","","24.1","","100.45","","","","-2","","NA"
"-79.63","43.68","TORONTO INTL A","6158731","2023-03-06 10:00","2023","03","06","10:00","","1.0","","-2.9","","75","","","","6","","9","","24.1","","100.40","","","","","","Cloudy"
"-79.63","43.68","TORONTO INTL A","6158731","2023-03-06 11:00","2023","03","06","11:00","","2.0","","-2.9","","70","","","","13","","5","","24.1","","100.36","","","","","","NA"
"-79.63","43.68","TORONTO INTL A","6158731","2023-03-06 12:00","2023","03","06","12:00","","2.6","","-4.1","","61","","","","10","","8","","24.1","","100.30","","","","","","NA"
"-79.63","43.68","TORONTO INTL A","6158731","2023-03-06 13:00","2023","03","06","13:00","","2.7","","-5.6","","55","","","","7","","12","","24.1","","100.20","","","","","","Cloudy"
"-79.63","43.68","TORONTO INTL A","6158731","2023-03-06 14:00","2023","03","06","14:00","","2.5","","-6.5","","52","","","","10","","15","","24.1","","100.02","","","","","","NA"
"-79.63","43.68","TORONTO INTL A","6158731","2023-03-06 15:00","2023","03","06","15:00","","2.7","","-6.7","","50","","","","8","","13","","24.1","","99.98","","","","","","NA"
"-79.63","43.68","TORONTO INTL A","6158731","2023-03-06 16:00","2023","03","06","16:00","","2.3","","-5.5","","56","","","","9","","13","","24.1","","99.76","","","","","","Cloudy"
"-79.63","43.68","TORONTO INTL A","6158731","2023-03-06 17:00","2023","03","06","17:00","","1.8","","-7.2","","51","","","","8","","9","","24.1","","99.72","","","","","","NA"
"-79.63","43.68","TORONTO INTL A","6158731","2023-03-06 18:00","2023","03","06","18:00","","1.6","","-7.3","","52","","","","11","","10","","24.1","","99.73","","","","","","NA"
"-79.63","43.68","TORONTO INTL A","6158731","2023-03-06 19:00","2023","03","06","19:00","","1.1","","-4.5","","67","","","","16","","6","","24.1","","99.77","","","","","","Cloudy"
"-79.63","43.68","TORONTO INTL A","6158731","2023-03-06 20:00","2023","03","06","20:00","","1.1","","-4.0","","69","","","","8","","4","","24.1","","99.74","","","","","","NA"
"-79.63","43.68","TORONTO INTL A","6158731","2023-03-06 21:00","2023","03","06","21:00","","1.4","","-5.0","","62","","","","1","","5","","24.1","","99.76","","","","","","NA"
"-79.63","43.68","TORONTO INTL A","6158731","2023-03-06 22:00","2023","03","06","22:00","","0.5","","-5.1","","66","","","","1","","11","","24.1","","99.64","","","","","","Mainly Clear"
"-79.63","43.68","TORONTO INTL A","6158731","2023-03-06 23:00","2023","03","06","23:00","","0.5","","-5.2","","66","","","","36","","12","","24.1","","99.58","","","","","","NA"
"-79.63","43.68","TORONTO INTL A","6158731","2023-03-07 00:00","2023","03","07","00:00","","0.0","","-6.3","","63","","","","2","","19","","24.1","","99.55","","","","-5","","NA"
"-79.63","43.68","TORONTO INTL A","6158731","2023-03-07 01:00","2023","03","07","01:00","","0.5","","-8.4","","52","","","","2","","21","","24.1","","99.57","","","","","","Cloudy"
"-79.63","43.68","TORONTO INTL A","6158731","2023-03-07 02:00","2023","03","07","02:00","","0.2","","-10.5","","45","","","","2","","30","","24.1","","99.62","","","","","","NA"
"-79.63","43.68","TORONTO INTL A","6158731","2023-03-07 03:00","2023","03","07","03:00","","-0.5","","-10.1","","49","","","","36","","27","","24.1","","99.64","","","","-7","","NA"
"-79.63","43.68","TORONTO INTL A","6158731","2023-03-07 04:00","2023","03","07","04:00","","-1.1","","-9.8","","52","","","","36","","22","","24.1","","99.69","","","","-7","","Mostly Cloudy"
"-79.63","43.68","TORONTO INTL A","6158731","2023-03-07 05:00","2023","03","07","05:00","","-1.9","","-10.0","","54","","","","35","","18","","24.1","","99.76","","","","-7","","NA"
"-79.63","43.68","TORONTO INTL A","6158731","2023-03-07 06:00","2023","03","07","06:00","","-2.0","","-10.5","","52","","","","34","","31","","24.1","","99.82","","","","-9","","NA"
"-79.63","43.68","TORONTO INTL A","6158731","2023-03-07 07:00","2023","03","07","07:00","","-2.6","","-11.2","","52","","","","34","","33","","24.1","","99.93","","","","-10","","Mainly Clear"
"-79.63","43.68","TORONTO INTL A","6158731","2023-03-07 08:00","2023","03","07","08:00","","-2.6","","-11.5","","51","","","","35","","41","","24.1","","100.04","","","","-11","","NA"
"-79.63","43.68","TORONTO INTL A","6158731","2023-03-07 09:00","2023","03","07","09:00","","-2.4","","-11.8","","49","","","","35","","44","","24.1","","100.12","","","","-11","","NA"
"-79.63","43.68","TORONTO INTL A","6158731","2023-03-07 10:00","2023","03","07","10:00","","-1.8","","-11.3","","48","","","","35","","40","","24.1","","100.18","","","","-10","","Clear"
"-79.63","43.68","TORONTO INTL A","6158731","2023-03-07 11:00","2023","03","07","11:00","","-1.0","","-11.0","","47","","","","35","","43","","24.1","","100.23","","","","-9","","NA"
"-79.63","43.68","TORONTO INTL A","6158731","2023-03-07 12:00","2023","03","07","12:00","","-0.2","","-9.5","","50","","","","33","","41","","24.1","","100.27","","","","-8","","NA"
"-79.63","43.68","TORONTO INTL A","6158731","2023-03-07 13:00","2023","03","07","13:00","","-0.3","","-10.9","","45","","","","34","","43","","24.1","","100.27","","","","-8","","Clear"
"-79.63","43.68","TORONTO INTL A","6158731","2023-03-07 14:00","2023","03","07","14:00","","0.4","","-11.5","","41","","","","33","","43","","24.1","","100.31","","","","","","NA"
"-79.63","43.68","TORONTO INTL A","6158731","2023-03-07 15:00","2023","03","07","15:00","","1.0","","-12.7","","35","","","","33","","44","","24.1","","100.32","","","","","","NA"
"-79.63","43.68","TORONTO INTL A","6158731","2023-03-07 16:00","2023","03","07","16:00","","1.3","","-13.1","","34","","","","33","","49","","24.1","","100.35","","","","","","Clear"
"-79.63","43.68","TORONTO INTL A","6158731","2023-03-07 17:00","2023","03","07","17:00","","1.4","","-12.3","","36","","","","33","","32","","24.1","","100.39","","","","","","NA"
"-79.63","43.68","TORONTO INTL A","6158731","2023-03-07 18:00","2023","03","07","18:00","","0.9","","-11.5","","39","","","","33","","35","","24.1","","100.46","","","","","","NA"
"-79.63","43.68","TORONTO INTL A","6158731","2023-03-07 19:00","2023","03","07","19:00","","1.0","","-10.7","","42","","","","33","","36","","24.1","","100.52","","","","","","Clear"
"-79.63","43.68","TORONTO INTL A","6158731","2023-03-07 20:00","2023","03","07","20:00","","0.8","","-8.9","","48","","","","34","","27","","24.1","","100.54","","","","","","NA"
"-79.63","43.68","TORONTO INTL A","6158731","2023-03-07 21:00","2023","03","07","21:00","","0.7","","-8.8","","49","","","","35","","27","","24.1","","100.58","","","","","","NA"
"-79.63","43.68","TORONTO INTL A","6158731","2023-03-07 22:00","2023","03","07","22:00","","0.6","","-10.8","","42","","","","36","","40","","24.1","","100.63","","","","","","Clear"
"-79.63","43.68","TORONTO INTL A","6158731","2023-03-07 23:00","2023","03","07","23:00","","0.0","","-11.4","","42","","","","35","","27","","24.1","","100.69","","","","-6","","NA"
"-79.63","43.68","TORONTO INTL A","6158731","2023-03-08 00:00","2023","03","08","00:00","","-0.3","","-11.0","","45","","","","34","","27","","24.1","","100.72","","","","-7","","NA"
"-79.63","43.68","TORONTO INTL A","6158731","2023-03-08 01:00","2023","03","08","01:00","","-0.9","","-10.6","","48","","","","35","","28","","24.1","","100.75","","","","-7","","Clear"
"-79.63","43.68","TORONTO INTL A","6158731","2023-03-08 02:00","2023","03","08","02:00","","-1.2","","-10.3","","50","","","","34","","27","","24.1","","100.78","","","","-8","","NA"
"-79.63","43.68","TORONTO INTL A","6158731","2023-03-08 03:00","2023","03","08","03:00","","-1.4","","-10.3","","51","","","","35","","27","","24.1","","100.78","","","","-8","","NA"
"-79.63","43.68","TORONTO INTL A","6158731","2023-03-08 04:00","2023","03","08","04:00","","-2.1","","-10.1","","55","","","","35","","18","","24.1","","100.81","","","","-8","","Clear"
"-79.63","43.68","TORONTO INTL A","6158731","2023-03-08 05:00","2023","03","08","05:00","","-2.7","","-10.4","","56","","","","35","","24","","24.1","","100.85","","","","-9","","NA"
"-79.63","43.68","TORONTO INTL A","6158731","2023-03-08 06:00","2023","03","08","06:00","","-2.9","","-10.2","","57","","","","35","","26","","24.1","","100.85","","","","-10","","NA"
"-79.63","43.68","TORONTO INTL A","6158731","2023-03-08 07:00","2023","03","08","07:00","","-3.0","","-10.2","","58","","","","36","","31","","24.1","","100.86","","","","-11","","Clear"
"-79.63","43.68","TORONTO INTL A","6158731","2023-03-08 08:00","2023","03","08","08:00","","-2.5","","-10.1","","56","","","","35","","37","","24.1","","100.91","","","","-10","","NA"
"-79.63","43.68","TORONTO INTL A","6158731","2023-03-08 09:00","2023","03","08","09:00","","-2.3","","-10.3","","54","","","","35","","34","","24.1","","101.00","","","","-10","","NA"
"-79.63","43.68","TORONTO INTL A","6158731","2023-03-08 10:00","2023","03","08","10:00","","-1.7","","-9.7","","55","","","","36","","29","","24.1","","101.04","","","","-9","","Clear"
"-79.63","43.68","TORONTO INTL A","6158731","2023-03-08 11:00","2023","03","08","11:00","","-1.1","","-8.9","","56","","","","35","","30","","24.1","","100.99","","","","-8","","NA"
"-79.63","43.68","TORONTO INTL A","6158731","2023-03-08 12:00","2023","03","08","12:00","","-0.3","","-8.4","","54","","","","34","","27","","24.1","","100.97","","","","-7","","NA"
"-79.63","43.68","TORONTO INTL A","6158731","2023-03-08 13:00","2023","03","08","13:00","","0.2","","-8.1","","54","","","","33","","28","","24.1","","100.98","","","","","","Mainly Clear"
"-79.63","43.68","TORONTO INTL A","6158731","2023-03-08 14:00","2023","03","08","14:00","","0.8","","-6.9","","56","","","","36","","21","","24.1","","100.94","","","","","","NA"
"-79.63","43.68","TORONTO INTL A","6158731","2023-03-08 15:00","2023","03","08","15:00","","0.7","","-6.7","","58","","","","32","","21","","24.1","","100.92","","","","","","NA"
"-79.63","43.68","TORONTO INTL A","6158731","2023-03-08 16:00","2023","03","08","16:00","","0.8","","-6.7","","57","","","","32","","28","","24.1","","100.92","","","","","","Clear"
"-79.63","43.68","TORONTO INTL A","6158731","2023-03-08 17:00","2023","03","08","17:00","","0.3","","-6.8","","59","","","","34","","27","","24.1","","100.92","","","","","","NA"
"-79.63","43.68","TORONTO INTL A","6158731","2023-03-08 18:00","2023","03","08","18:00","","0.1","","-6.5","","62","","","","33","","29","","24.1","","100.91","","","","","","NA"
"-79.63","43.68","TORONTO INTL A","6158731","2023-03-08 19:00","2023","03","08","19:00","","-0.6","","-6.7","","63","","","","33","","26","","24.1","","100.95","","","","-7","","Clear"
"-79.63","43.68","TORONTO INTL A","6158731","2023-03-08 20:00","2023","03","08","20:00","","-0.6","","-7.0","","62","","","","34","","29","","24.1","","100.92","","","","-7","","NA"
"-79.63","43.68","TORONTO INTL A","6158731","2023-03-08 21:00","2023","03","08","21:00","","-0.6","","-7.0","","62","","","","33","","21","","24.1","","100.91","","","","-6","","NA"
"-79.63","43.68","TORONTO INTL A","6158731","2023-03-08 22:00","2023","03","08","22:00","","-0.8","","-6.5","","65","","","","34","","17","","24.1","","100.89","","","","-6","","Clear"
"-79.63","43.68","TORONTO INTL A","6158731","2023-03-08 23:00","2023","03","08","23:00","","-1.2","","-6.1","","70","","","","34","","18","","24.1","","100.86","","","","-6","","NA"
"-79.63","43.68","TORONTO INTL A","6158731","2023-03-09 00:00","2023","03","09","00:00","","-1.1","","-6.7","","66","","","","35","","28","","24.1","","100.83","","","","-8","","NA"
"-79.63","43.68","TORONTO INTL A","6158731","2023-03-09 01:00","2023","03","09","01:00","","-1.8","","-7.5","","65","","","","36","","26","","24.1","","100.81","","","","-8","","Clear"
"-79.63","43.68","TORONTO INTL A","6158731","2023-03-09 02:00","2023","03","09","02:00","","-2.2","","-8.1","","64","","","","35","","18","","24.1","","100.83","","","","-8","","NA"
"-79.63","43.68","TORONTO INTL A","6158731","2023-03-09 03:00","2023","03","09","03:00","","-2.7","","-8.4","","65","","","","35","","24","","24.1","","100.82","","","","-9","","NA"
"-79.63","43.68","TORONTO INTL A","6158731","2023-03-09 04:00","2023","03","09","04:00","","-2.8","","-8.5","","65","","","","35","","26","","24.1","","100.81","","","","-10","","Clear"
"-79.63","43.68","TORONTO INTL A","6158731","2023-03-09 05:00","2023","03","09","05:00","","-3.0","","-8.4","","66","","","","35","","23","","24.1","","100.77","","","","-9","","NA"
"-79.63","43.68","TORONTO INTL A","6158731","2023-03-09 06:00","2023","03","09","06:00","","-3.6","","-8.6","","69","","","","36","","19","","24.1","","100.77","","","","-10","","NA"
"-79.63","43.68","TORONTO INTL A","6158731","2023-03-09 07:00","2023","03","09","07:00","","-3.5","","-8.7","","68","","","","36","","19","","24.1","","100.80","","","","-9","","Clear"
"-79.63","43.68","TORONTO INTL A","6158731","2023-03-09 08:00","2023","03","09","08:00","","-3.1","","-8.6","","66","","","","1","","23","","24.1","","100.79","","","","-10","","NA"
"-79.63","43.68","TORONTO INTL A","6158731","2023-03-09 09:00","2023","03","09","09:00","","-2.1","","-8.3","","63","","","","34","","17","","24.1","","100.78","","","","-7","","NA"
"-79.63","43.68","TORONTO INTL A","6158731","2023-03-09 10:00","2023","03","09","10:00","","-1.3","","-7.8","","61","","","","35","","22","","24.1","","100.76","","","","-7","","Mainly Clear"
"-79.63","43.68","TORONTO INTL A","6158731","2023-03-09 11:00","2023","03","09","11:00","","-0.6","","-7.6","","59","","","","36","","21","","24.1","","100.77","","","","-6","","NA"
"-79.63","43.68","TORONTO INTL A","6158731","2023-03-09 12:00","2023","03","09","12:00","","0.5","","-6.5","","59","","","","1","","18","","24.1","","100.75","","","","","","NA"
"-79.63","43.68","TORONTO INTL A","6158731","2023-03-09 13:00","2023","03","09","13:00","","1.3","","-5.7","","60","","","","36","","20","","24.1","","100.68","","","","","","Mainly Clear"
"-79.63","43.68","TORONTO INTL A","6158731","2023-03-09 14:00","2023","03","09","14:00","","1.9","","-5.6","","58","","","","4","","17","","24.1","","100.63","","","","","","NA"
"-79.63","43.68","TORONTO INTL A","6158731","2023-03-09 15:00","2023","03","09","15:00","","2.3","","-5.8","","55","","","","4","","8","","24.1","","100.56","","","","","","NA"
"-79.63","43.68","TORONTO INTL A","6158731","2023-03-09 16:00","2023","03","09","16:00","","2.4","","-4.7","","59","","","","32","","22","","24.1","","100.60","","","","","","Clear"
"-79.63","43.68","TORONTO INTL A","6158731","2023-03-09 17:00","2023","03","09","17:00","","1.9","","-4.7","","62","","","","32","","21","","24.1","","100.60","","","","","","NA"
"-79.63","43.68","TORONTO INTL A","6158731","2023-03-09 18:00","2023","03","09","18:00","","1.2","","-5.2","","62","","","","35","","19","","24.1","","100.55","","","","","","NA"
"-79.63","43.68","TORONTO INTL A","6158731","2023-03-09 19:00","2023","03","09","19:00","","0.3","","-5.2","","66","","","","36","","23","","24.1","","100.52","","","","","","Mainly Clear"
"-79.63","43.68","TORONTO INTL A","6158731","2023-03-09 20:00","2023","03","09","20:00","","-0.7","","-5.4","","70","","","","35","","20","","24.1","","100.48","","","","-6","","NA"
"-79.63","43.68","TORONTO INTL A","6158731","2023-03-09 21:00","2023","03","09","21:00","","-1.3","","-5.3","","75","","","","35","","17","","24.1","","100.40","","","","-6","","NA"
"-79.63","43.68","TORONTO INTL A","6158731","2023-03-09 22:00","2023","03","09","22:00","","-1.8","","-5.0","","79","","","","35","","12","","24.1","","100.32","","","","-6","","Cloudy"
"-79.63","43.68","TORONTO INTL A","6158731","2023-03-09 23:00","2023","03","09","23:00","","-2.1","","-4.3","","85","","","","35","","8","","24.1","","100.24","","","","-5","","NA"
"-79.63","43.68","TORONTO INTL A","6158731","2023-03-10 00:00","2023","03","10","00:00","","-2.4","","-4.1","","88","","","","32","","11","","24.1","","100.19","","","","-6","","NA"
"-79.63","43.68","TORONTO INTL A","6158731","2023-03-10 01:00","2023","03","10","01:00","","-1.9","","-4.3","","84","","","","35","","9","","24.1","","100.16","","","","-5","","Cloudy"
"-79.63","43.68","TORONTO INTL A","6158731","2023-03-10 02:00","2023","03","10","02:00","","-1.9","","-3.2","","91","","","","3","","10","","24.1","","100.08","","","","-6","","NA"
"-79.63","43.68","TORONTO INTL A","6158731","2023-03-10 03:00","2023","03","10","03:00","","-1.2","","-4.5","","78","","","","4","","7","","24.1","","100.03","","","","-4","","NA"
"-79.63","43.68","TORONTO INTL A","6158731","2023-03-10 04:00","2023","03","10","04:00","","-0.5","","-4.7","","73","","","","5","","12","","24.1","","99.94","","","","-4","","Cloudy"
"-79.63","43.68","TORONTO INTL A","6158731","2023-03-10 05:00","2023","03","10","05:00","","-0.4","","-3.6","","79","","","","5","","12","","24.1","","99.86","","","","-4","","NA"
"-79.63","43.68","TORONTO INTL A","6158731","2023-03-10 06:00","2023","03","10","06:00","","-0.3","","-1.7","","91","","","","6","","11","","24.1","","99.83","","","","-4","","NA"
"-79.63","43.68","TORONTO INTL A","6158731","2023-03-10 07:00","2023","03","10","07:00","","-0.4","","-1.6","","91","","","","6","","16","","24.1","","99.74","","","","-5","","Cloudy"
"-79.63","43.68","TORONTO INTL A","6158731","2023-03-10 08:00","2023","03","10","08:00","","-0.1","","-4.2","","74","","","","8","","17","","24.1","","99.62","","","","-5","","NA"
"-79.63","43.68","TORONTO INTL A","6158731","2023-03-10 09:00","2023","03","10","09:00","","-0.2","","-5.1","","70","","","","8","","26","","24.1","","99.53","","","","-6","","NA"
"-79.63","43.68","TORONTO INTL A","6158731","2023-03-10 10:00","2023","03","10","10:00","","-0.7","","-4.4","","76","","","","8","","24","","3.2","","99.46","","","","-7","","Snow"
"-79.63","43.68","TORONTO INTL A","6158731","2023-03-10 11:00","2023","03","10","11:00","","-1.8","","-1.8","","100","","","","7","","17","","0.6","","99.36","","","","-7","","Moderate Snow"
"-79.63","43.68","TORONTO INTL A","6158731","2023-03-10 12:00","2023","03","10","12:00","","-1.8","","-1.8","","100","","","","6","","23","","0.8","","99.22","","","","-8","","Moderate Snow"
"-79.63","43.68","TORONTO INTL A","6158731","2023-03-10 13:00","2023","03","10","13:00","","-1.8","","-1.9","","99","","","","5","","27","","2.4","","99.07","","","","-8","","Snow"
"-79.63","43.68","TORONTO INTL A","6158731","2023-03-10 14:00","2023","03","10","14:00","","-1.6","","-1.6","","100","","","","5","","19","","1.6","","98.99","","","","-7","","Snow"
"-79.63","43.68","TORONTO INTL A","6158731","2023-03-10 15:00","2023","03","10","15:00","","-1.5","","-1.5","","100","","","","4","","22","","0.8","","98.93","","","","-7","","Moderate Snow"
"-79.63","43.68","TORONTO INTL A","6158731","2023-03-10 16:00","2023","03","10","16:00","","-1.8","","-1.8","","100","","","","2","","29","","1.2","","98.91","","","","-9","","Snow"
"-79.63","43.68","TORONTO INTL A","6158731","2023-03-10 17:00","2023","03","10","17:00","","-2.0","","-2.0","","100","","","","2","","36","","1.2","","98.91","","","","-10","","Snow,Blowing Snow"
"-79.63","43.68","TORONTO INTL A","6158731","2023-03-10 18:00","2023","03","10","18:00","","-2.4","","-2.4","","100","","","","1","","37","","1.2","","98.98","","","","-10","","Snow,Blowing Snow"
"-79.63","43.68","TORONTO INTL A","6158731","2023-03-10 19:00","2023","03","10","19:00","","-2.5","","-2.5","","100","","","","1","","30","","2.0","","99.03","","","","-10","","Snow,Blowing Snow"
"-79.63","43.68","TORONTO INTL A","6158731","2023-03-10 20:00","2023","03","10","20:00","","-2.2","","-3.7","","90","","","","1","","36","","4.8","","99.05","","","","-10","","Snow"
"-79.63","43.68","TORONTO INTL A","6158731","2023-03-10 21:00","2023","03","10","21:00","","-2.2","","-4.1","","87","","","","1","","26","","16.1","","99.09","","","","-9","","NA"
"-79.63","43.68","TORONTO INTL A","6158731","2023-03-10 22:00","2023","03","10","22:00","","-2.2","","-3.6","","90","","","","35","","27","","24.1","","99.12","","","","-9","","Mostly Cloudy"
"-79.63","43.68","TORONTO INTL A","6158731","2023-03-10 23:00","2023","03","10","23:00","","-2.2","","-2.5","","98","","","","35","","19","","24.1","","99.15","","","","-8","","NA"
"-79.63","43.68","TORONTO INTL A","6158731","2023-03-11 00:00","2023","03","11","00:00","","-2.0","","-3.0","","93","","","","34","","20","","24.1","","99.19","","","","-8","","NA"
"-79.63","43.68","TORONTO INTL A","6158731","2023-03-11 01:00","2023","03","11","01:00","","-2.0","","-4.5","","83","","","","35","","19","","24.1","","99.22","","","","-8","","Mostly Cloudy"
"-79.63","43.68","TORONTO INTL A","6158731","2023-03-11 02:00","2023","03","11","02:00","","-2.4","","-3.4","","93","","","","34","","23","","6.4","","99.26","","","","-9","","Snow"
"-79.63","43.68","TORONTO INTL A","6158731","2023-03-11 03:00","2023","03","11","03:00","","-2.3","","-6.7","","72","","","","35","","25","","24.1","","99.27","","","","-9","","NA"
"-79.63","43.68","TORONTO INTL A","6158731","2023-03-11 04:00","2023","03","11","04:00","","-2.9","","-7.5","","71","","","","35","","25","","24.1","","99.31","","","","-10","","Mostly Cloudy"
"-79.63","43.68","TORONTO INTL A","6158731","2023-03-11 05:00","2023","03","11","05:00","","-3.0","","-7.2","","73","","","","35","","19","","24.1","","99.38","","","","-9","","NA"
"-79.63","43.68","TORONTO INTL A","6158731","2023-03-11 06:00","2023","03","11","06:00","","-3.3","","-7.5","","73","","","","35","","22","","24.1","","99.43","","","","-10","","NA"
"-79.63","43.68","TORONTO INTL A","6158731","2023-03-11 07:00","2023","03","11","07:00","","-3.5","","-8.0","","71","","","","34","","25","","24.1","","99.50","","","","-10","","Mostly Cloudy"
"-79.63","43.68","TORONTO INTL A","6158731","2023-03-11 08:00","2023","03","11","08:00","","-3.5","","-8.1","","71","","","","36","","23","","24.1","","99.55","","","","-10","","NA"
"-79.63","43.68","TORONTO INTL A","6158731","2023-03-11 09:00","2023","03","11","09:00","","-2.8","","-7.7","","69","","","","35","","19","","24.1","","99.63","","","","-9","","NA"
"-79.63","43.68","TORONTO INTL A","6158731","2023-03-11 10:00","2023","03","11","10:00","","-1.9","","-7.2","","67","","","","33","","19","","24.1","","99.67","","","","-7","","Mostly Cloudy"
"-79.63","43.68","TORONTO INTL A","6158731","2023-03-11 11:00","2023","03","11","11:00","","-1.7","","-7.0","","67","","","","33","","20","","24.1","","99.69","","","","-7","","NA"
"-79.63","43.68","TORONTO INTL A","6158731","2023-03-11 12:00","2023","03","11","12:00","","-1.3","","-7.0","","65","","","","1","","15","","24.1","","99.69","","","","-6","","NA"
"-79.63","43.68","TORONTO INTL A","6158731","2023-03-11 13:00","2023","03","11","13:00","","-1.1","","-6.9","","65","","","","33","","17","","24.1","","99.67","","","","-6","","Cloudy"
"-79.63","43.68","TORONTO INTL A","6158731","2023-03-11 14:00","2023","03","11","14:00","","-0.9","","-7.8","","60","","","","32","","10","","24.1","","99.62","","","","-4","","NA"
"-79.63","43.68","TORONTO INTL A","6158731","2023-03-11 15:00","2023","03","11","15:00","","-1.1","","-7.9","","60","","","","31","","10","","24.1","","99.62","","","","-5","","NA"
"-79.63","43.68","TORONTO INTL A","6158731","2023-03-11 16:00","2023","03","11","16:00","","-1.2","","-8.5","","58","","","","1","","5","","24.1","","99.64","","","","-3","","Mostly Cloudy"
"-79.63","43.68","TORONTO INTL A","6158731","2023-03-11 17:00","2023","03","11","17:00","","-1.2","","-8.0","","60","","","","35","","13","","24.1","","99.63","","","","-5","","NA"
"-79.63","43.68","TORONTO INTL A","6158731","2023-03-11 18:00","2023","03","11","18:00","","-1.7","","-8.8","","59","","","","35","","10","","24.1","","99.71","","","","-5","","NA"
"-79.63","43.68","TORONTO INTL A","6158731","2023-03-11 19:00","2023","03","11","19:00","","-2.2","","-8.4","","62","","","","36","","16","","24.1","","99.76","","","","-7","","Mostly Cloudy"
"-79.63","43.68","TORONTO INTL A","6158731","2023-03-11 20:00","2023","03","11","20:00","","-2.8","","-8.5","","65","","","","1","","15","","24.1","","99.84","","","","-8","","NA"
"-79.63","43.68","TORONTO INTL A","6158731","2023-03-11 21:00","2023","03","11","21:00","","-4.1","","-8.8","","70","","","","3","","13","","24.1","","99.82","","","","-9","","NA"
"-79.63","43.68","TORONTO INTL A","6158731","2023-03-11 22:00","2023","03","11","22:00","","-4.2","","-9.0","","69","","","","36","","12","","24.1","","99.80","","","","-9","","Mostly Cloudy"
"-79.63","43.68","TORONTO INTL A","6158731","2023-03-11 23:00","2023","03","11","23:00","","-4.5","","-8.7","","73","","","","35","","13","","24.1","","99.84","","","","-10","","NA"
"-79.63","43.68","TORONTO INTL A","6158731","2023-03-12 00:00","2023","03","12","00:00","","-5.0","","-8.7","","75","","","","36","","12","","24.1","","99.81","","","","-10","","NA"
"-79.63","43.68","TORONTO INTL A","6158731","2023-03-12 01:00","2023","03","12","01:00","","-5.5","","-8.7","","78","","","","1","","13","","24.1","","99.75","","","","-11","","Cloudy"
"-79.63","43.68","TORONTO INTL A","6158731","2023-03-12 02:00","2023","03","12","02:00","","-5.2","","-8.7","","77","","","","1","","11","","24.1","","99.71","","","","-10","","NA"
"-79.63","43.68","TORONTO INTL A","6158731","2023-03-12 03:00","2023","03","12","03:00","","-5.2","","-8.8","","76","","","","34","","13","","24.1","","99.69","","","","-10","","NA"
"-79.63","43.68","TORONTO INTL A","6158731","2023-03-12 04:00","2023","03","12","04:00","","-5.3","","-8.6","","78","","","","36","","4","","24.1","","99.70","","","","-7","","Cloudy"
"-79.63","43.68","TORONTO INTL A","6158731","2023-03-12 05:00","2023","03","12","05:00","","-5.0","","-8.1","","79","","","","35","","9","","24.1","","99.66","","","","-9","","NA"
"-79.63","43.68","TORONTO INTL A","6158731","2023-03-12 06:00","2023","03","12","06:00","","-4.8","","-8.2","","77","","","","36","","6","","24.1","","99.65","","","","-8","","NA"
"-79.63","43.68","TORONTO INTL A","6158731","2023-03-12 07:00","2023","03","12","07:00","","-4.5","","-8.2","","76","","","","1","","7","","24.1","","99.67","","","","-8","","Cloudy"
"-79.63","43.68","TORONTO INTL A","6158731","2023-03-12 08:00","2023","03","12","08:00","","-4.3","","-7.8","","76","","","","3","","5","","24.1","","99.67","","","","-6","","NA"
"-79.63","43.68","TORONTO INTL A","6158731","2023-03-12 09:00","2023","03","12","09:00","","-3.2","","-7.6","","72","","","","2","","5","","24.1","","99.68","","","","-5","","NA"
"-79.63","43.68","TORONTO INTL A","6158731","2023-03-12 10:00","2023","03","12","10:00","","-2.6","","-7.3","","70","","","","34","","4","","19.3","","99.62","","","","-4","","Cloudy"
"-79.63","43.68","TORONTO INTL A","6158731","2023-03-12 11:00","2023","03","12","11:00","","-1.7","","-5.4","","76","","","","7","","12","","24.1","","99.53","","","","-6","","NA"
"-79.63","43.68","TORONTO INTL A","6158731","2023-03-12 12:00","2023","03","12","12:00","","-1.2","","-4.7","","77","","","","8","","13","","24.1","","99.45","","","","-5","","NA"
"-79.63","43.68","TORONTO INTL A","6158731","2023-03-12 13:00","2023","03","12","13:00","","-0.6","","-5.5","","70","","","","10","","13","","24.1","","99.42","","","","-5","","Cloudy"
"-79.63","43.68","TORONTO INTL A","6158731","2023-03-12 14:00","2023","03","12","14:00","","-0.6","","-5.7","","68","","","","11","","15","","24.1","","99.36","","","","-5","","NA"
"-79.63","43.68","TORONTO INTL A","6158731","2023-03-12 15:00","2023","03","12","15:00","","-0.4","","-5.6","","68","","","","11","","12","","24.1","","99.32","","","","-4","","NA"
"-79.63","43.68","TORONTO INTL A","6158731","2023-03-12 16:00","2023","03","12","16:00","","-0.2","","-5.7","","66","","","","9","","13","","24.1","","99.28","","","","-4","","Cloudy"
"-79.63","43.68","TORONTO INTL A","6158731","2023-03-12 17:00","2023","03","12","17:00","","-0.8","","-2.5","","88","","","","12","","9","","3.2","","99.27","","","","-4","","Snow"
"-79.63","43.68","TORONTO INTL A","6158731","2023-03-12 18:00","2023","03","12","18:00","","-1.1","","-1.1","","100","","","","9","","9","","4.8","","99.29","","","","-4","","Snow"
"-79.63","43.68","TORONTO INTL A","6158731","2023-03-12 19:00","2023","03","12","19:00","","-1.3","","-1.3","","100","","","","8","","9","","4.8","","99.31","","","","-5","","Snow"
"-79.63","43.68","TORONTO INTL A","6158731","2023-03-12 20:00","2023","03","12","20:00","","-1.3","","-1.3","","100","","","","7","","8","","4.0","","99.27","","","","-4","","Snow"
"-79.63","43.68","TORONTO INTL A","6158731","2023-03-12 21:00","2023","03","12","21:00","","-1.5","","-1.5","","100","","","","3","","9","","4.8","","99.24","","","","-5","","Snow"
"-79.63","43.68","TORONTO INTL A","6158731","2023-03-12 22:00","2023","03","12","22:00","","-1.5","","-1.5","","100","","","","36","","12","","4.0","","99.22","","","","-6","","Snow"
"-79.63","43.68","TORONTO INTL A","6158731","2023-03-12 23:00","2023","03","12","23:00","","-1.8","","-1.8","","100","","","","36","","12","","4.0","","99.18","","","","-6","","Snow"
"-79.63","43.68","TORONTO INTL A","6158731","2023-03-13 00:00","2023","03","13","00:00","","-2.0","","-2.0","","100","","","","35","","12","","4.0","","99.15","","","","-6","","Snow"
"-79.63","43.68","TORONTO INTL A","6158731","2023-03-13 01:00","2023","03","13","01:00","","-2.0","","-2.0","","100","","","","35","","16","","4.8","","99.10","","","","-7","","Snow"
"-79.63","43.68","TORONTO INTL A","6158731","2023-03-13 02:00","2023","03","13","02:00","","-2.1","","-2.1","","100","","","","35","","15","","6.4","","99.08","","","","-7","","Snow"
"-79.63","43.68","TORONTO INTL A","6158731","2023-03-13 03:00","2023","03","13","03:00","","-2.2","","-2.2","","100","","","","34","","16","","9.7","","99.04","","","","-7","","Snow"
"-79.63","43.68","TORONTO INTL A","6158731","2023-03-13 04:00","2023","03","13","04:00","","-2.5","","-2.5","","100","","","","34","","15","","16.1","","99.05","","","","-7","","Snow"
"-79.63","43.68","TORONTO INTL A","6158731","2023-03-13 05:00","2023","03","13","05:00","","-2.5","","-2.5","","100","","","","34","","13","","16.1","","99.05","","","","-7","","NA"
"-79.63","43.68","TORONTO INTL A","6158731","2023-03-13 06:00","2023","03","13","06:00","","-2.6","","-2.7","","100","","","","34","","16","","9.7","","99.06","","","","-8","","Snow"
"-79.63","43.68","TORONTO INTL A","6158731","2023-03-13 07:00","2023","03","13","07:00","","-2.5","","-2.6","","99","","","","34","","11","","16.1","","99.09","","","","-7","","Snow"
"-79.63","43.68","TORONTO INTL A","6158731","2023-03-13 08:00","2023","03","13","08:00","","-2.2","","-2.7","","96","","","","32","","13","","24.1","","99.12","","","","-7","","NA"
"-79.63","43.68","TORONTO INTL A","6158731","2023-03-13 09:00","2023","03","13","09:00","","-1.6","","-2.8","","92","","","","31","","14","","24.1","","99.12","","","","-6","","NA"
"-79.63","43.68","TORONTO INTL A","6158731","2023-03-13 10:00","2023","03","13","10:00","","-0.9","","-3.6","","82","","","","30","","12","","24.1","","99.12","","","","-5","","Cloudy"
"-79.63","43.68","TORONTO INTL A","6158731","2023-03-13 11:00","2023","03","13","11:00","","-0.4","","-3.6","","79","","","","33","","12","","16.1","","99.11","","","","-4","","Snow"
"-79.63","43.68","TORONTO INTL A","6158731","2023-03-13 12:00","2023","03","13","12:00","","0.2","","-2.9","","80","","","","31","","10","","16.1","","99.10","","","","","","Snow"
"-79.63","43.68","TORONTO INTL A","6158731","2023-03-13 13:00","2023","03","13","13:00","","0.4","","-4.2","","71","","","","31","","8","","19.3","","99.07","","","","","","Mostly Cloudy"
"-79.63","43.68","TORONTO INTL A","6158731","2023-03-13 14:00","2023","03","13","14:00","","0.7","","-2.9","","77","","","","30","","8","","12.9","","99.04","","","","","","Snow"
"-79.63","43.68","TORONTO INTL A","6158731","2023-03-13 15:00","2023","03","13","15:00","","0.3","","0.0","","98","","","","24","","7","","4.0","","99.03","","","","","","Snow"
"-79.63","43.68","TORONTO INTL A","6158731","2023-03-13 16:00","2023","03","13","16:00","","0.2","","-0.6","","95","","","","30","","10","","4.8","","99.05","","","","","","Snow"
"-79.63","43.68","TORONTO INTL A","6158731","2023-03-13 17:00","2023","03","13","17:00","","-0.4","","-1.4","","93","","","","35","","19","","6.4","","99.10","","","","-6","","Snow"
"-79.63","43.68","TORONTO INTL A","6158731","2023-03-13 18:00","2023","03","13","18:00","","-1.1","","-2.2","","93","","","","36","","18","","8.1","","99.14","","","","-6","","Snow"
"-79.63","43.68","TORONTO INTL A","6158731","2023-03-13 19:00","2023","03","13","19:00","","-1.5","","-1.8","","98","","","","35","","14","","4.8","","99.18","","","","-6","","Snow"
"-79.63","43.68","TORONTO INTL A","6158731","2023-03-13 20:00","2023","03","13","20:00","","-2.0","","-4.6","","82","","","","34","","21","","16.1","","99.20","","","","-8","","Snow"
"-79.63","43.68","TORONTO INTL A","6158731","2023-03-13 21:00","2023","03","13","21:00","","-2.3","","-5.0","","82","","","","33","","22","","24.1","","99.23","","","","-8","","Snow"
"-79.63","43.68","TORONTO INTL A","6158731","2023-03-13 22:00","2023","03","13","22:00","","-2.7","","-5.3","","82","","","","33","","25","","24.1","","99.20","","","","-9","","Snow,Blowing Snow"
"-79.63","43.68","TORONTO INTL A","6158731","2023-03-13 23:00","2023","03","13","23:00","","-3.2","","-5.0","","88","","","","31","","25","","24.1","","99.21","","","","-10","","Snow,Blowing Snow"
"-79.63","43.68","TORONTO INTL A","6158731","2023-03-14 00:00","2023","03","14","00:00","","-3.2","","-4.8","","89","","","","33","","25","","24.1","","99.18","","","","-10","","NA"
"-79.63","43.68","TORONTO INTL A","6158731","2023-03-14 01:00","2023","03","14","01:00","","-3.4","","-4.8","","90","","","","33","","20","","24.1","","99.17","","","","-10","","Mostly Cloudy"
"-79.63","43.68","TORONTO INTL A","6158731","2023-03-14 02:00","2023","03","14","02:00","","-3.5","","-6.9","","77","","","","33","","33","","24.1","","99.17","","","","-11","","NA"
"-79.63","43.68","TORONTO INTL A","6158731","2023-03-14 03:00","2023","03","14","03:00","","-4.2","","-7.1","","80","","","","34","","42","","24.1","","99.15","","","","-13","","Blowing Snow"
"-79.63","43.68","TORONTO INTL A","6158731","2023-03-14 04:00","2023","03","14","04:00","","-4.2","","-7.0","","81","","","","33","","36","","24.1","","99.17","","","","-13","","Blowing Snow"
"-79.63","43.68","TORONTO INTL A","6158731","2023-03-14 05:00","2023","03","14","05:00","","-4.6","","-7.7","","79","","","","34","","31","","24.1","","99.21","","","","-13","","Blowing Snow"
"-79.63","43.68","TORONTO INTL A","6158731","2023-03-14 06:00","2023","03","14","06:00","","-4.9","","-7.5","","82","","","","34","","28","","24.1","","99.28","","","","-13","","Blowing Snow"
"-79.63","43.68","TORONTO INTL A","6158731","2023-03-14 07:00","2023","03","14","07:00","","-5.1","","-7.1","","86","","","","33","","40","","24.1","","99.33","","","","-14","","Blowing Snow"
"-79.63","43.68","TORONTO INTL A","6158731","2023-03-14 08:00","2023","03","14","08:00","","-5.4","","-8.1","","81","","","","33","","39","","16.1","","99.34","","","","-15","","Snow,Blowing Snow"
"-79.63","43.68","TORONTO INTL A","6158731","2023-03-14 09:00","2023","03","14","09:00","","-4.9","","-9.0","","73","","","","34","","38","","24.1","","99.38","","","","-14","","Blowing Snow"
"-79.63","43.68","TORONTO INTL A","6158731","2023-03-14 10:00","2023","03","14","10:00","","-4.4","","-8.9","","71","","","","34","","34","","24.1","","99.42","","","","-13","","Mostly Cloudy"
"-79.63","43.68","TORONTO INTL A","6158731","2023-03-14 11:00","2023","03","14","11:00","","-3.2","","-8.7","","66","","","","33","","34","","24.1","","99.44","","","","-11","","NA"
"-79.63","43.68","TORONTO INTL A","6158731","2023-03-14 12:00","2023","03","14","12:00","","-2.5","","-8.4","","64","","","","34","","34","","24.1","","99.46","","","","-10","","NA"
"-79.63","43.68","TORONTO INTL A","6158731","2023-03-14 13:00","2023","03","14","13:00","","-1.6","","-7.8","","63","","","","33","","34","","24.1","","99.43","","","","-9","","Mostly Cloudy"
"-79.63","43.68","TORONTO INTL A","6158731","2023-03-14 14:00","2023","03","14","14:00","","-1.3","","-7.4","","63","","","","34","","35","","24.1","","99.42","","","","-9","","NA"
"-79.63","43.68","TORONTO INTL A","6158731","2023-03-14 15:00","2023","03","14","15:00","","-2.2","","-7.1","","69","","","","34","","34","","24.1","","99.47","","","","-10","","NA"
"-79.63","43.68","TORONTO INTL A","6158731","2023-03-14 16:00","2023","03","14","16:00","","-2.5","","-7.7","","67","","","","33","","46","","24.1","","99.51","","","","-11","","Mostly Cloudy"
"-79.63","43.68","TORONTO INTL A","6158731","2023-03-14 17:00","2023","03","14","17:00","","-2.5","","-7.5","","69","","","","32","","48","","24.1","","99.58","","","","-11","","NA"
"-79.63","43.68","TORONTO INTL A","6158731","2023-03-14 18:00","2023","03","14","18:00","","-2.1","","-7.7","","66","","","","33","","44","","24.1","","99.66","","","","-11","","NA"
"-79.63","43.68","TORONTO INTL A","6158731","2023-03-14 19:00","2023","03","14","19:00","","-2.6","","-8.0","","67","","","","32","","41","","24.1","","99.72","","","","-11","","Clear"
"-79.63","43.68","TORONTO INTL A","6158731","2023-03-14 20:00","2023","03","14","20:00","","-2.9","","-8.1","","68","","","","32","","38","","24.1","","99.77","","","","-11","","NA"
"-79.63","43.68","TORONTO INTL A","6158731","2023-03-14 21:00","2023","03","14","21:00","","-2.8","","-8.3","","66","","","","32","","34","","24.1","","99.83","","","","-11","","NA"
"-79.63","43.68","TORONTO INTL A","6158731","2023-03-14 22:00","2023","03","14","22:00","","-3.1","","-8.7","","65","","","","32","","27","","24.1","","99.82","","","","-10","","Clear"
"-79.63","43.68","TORONTO INTL A","6158731","2023-03-14 23:00","2023","03","14","23:00","","-3.5","","-9.1","","65","","","","32","","25","","24.1","","99.81","","","","-10","","NA"
"-79.63","43.68","TORONTO INTL A","6158731","2023-03-15 00:00","2023","03","15","00:00","","-3.5","","-9.8","","62","","","","33","","28","","24.1","","99.82","","","","-11","","NA"
"-79.63","43.68","TORONTO INTL A","6158731","2023-03-15 01:00","2023","03","15","01:00","","-3.4","","-12.4","","50","","","","34","","34","","24.1","","99.85","","","","-11","","Clear"
"-79.63","43.68","TORONTO INTL A","6158731","2023-03-15 02:00","2023","03","15","02:00","","-3.9","","-12.8","","51","","","","34","","35","","24.1","","99.87","","","","-12","","NA"
"-79.63","43.68","TORONTO INTL A","6158731","2023-03-15 03:00","2023","03","15","03:00","","-4.7","","-12.4","","55","","","","33","","26","","24.1","","99.89","","","","-12","","NA"
"-79.63","43.68","TORONTO INTL A","6158731","2023-03-15 04:00","2023","03","15","04:00","","-5.1","","-12.6","","56","","","","34","","22","","24.1","","99.91","","","","-12","","Clear"
"-79.63","43.68","TORONTO INTL A","6158731","2023-03-15 05:00","2023","03","15","05:00","","-5.3","","-12.6","","57","","","","33","","27","","24.1","","99.96","","","","-13","","NA"
"-79.63","43.68","TORONTO INTL A","6158731","2023-03-15 06:00","2023","03","15","06:00","","-5.3","","-12.8","","56","","","","33","","30","","24.1","","100.02","","","","-13","","NA"
"-79.63","43.68","TORONTO INTL A","6158731","2023-03-15 07:00","2023","03","15","07:00","","-5.4","","-12.0","","60","","","","33","","32","","24.1","","100.12","","","","-14","","Clear"
"-79.63","43.68","TORONTO INTL A","6158731","2023-03-15 08:00","2023","03","15","08:00","","-4.8","","-11.4","","60","","","","33","","30","","24.1","","100.16","","","","-13","","NA"
"-79.63","43.68","TORONTO INTL A","6158731","2023-03-15 09:00","2023","03","15","09:00","","-3.3","","-10.9","","56","","","","34","","27","","24.1","","100.23","","","","-10","","NA"
"-79.63","43.68","TORONTO INTL A","6158731","2023-03-15 10:00","2023","03","15","10:00","","-1.5","","-10.0","","53","","","","35","","20","","24.1","","100.23","","","","-7","","Clear"
"-79.63","43.68","TORONTO INTL A","6158731","2023-03-15 11:00","2023","03","15","11:00","","0.3","","-9.9","","46","","","","32","","17","","24.1","","100.20","","","","","","NA"
"-79.63","43.68","TORONTO INTL A","6158731","2023-03-15 12:00","2023","03","15","12:00","","1.6","","-11.2","","38","","","","31","","15","","24.1","","100.16","","","","","","NA"
"-79.63","43.68","TORONTO INTL A","6158731","2023-03-15 13:00","2023","03","15","13:00","","3.0","","-11.0","","35","","","","33","","18","","24.1","","100.07","","","","","","Clear"
"-79.63","43.68","TORONTO INTL A","6158731","2023-03-15 14:00","2023","03","15","14:00","","3.7","","-12.1","","31","","","","31","","17","","24.1","","100.02","","","","","","NA"
"-79.63","43.68","TORONTO INTL A","6158731","2023-03-15 15:00","2023","03","15","15:00","","4.3","","-12.0","","30","","","","32","","24","","24.1","","100.01","","","","","","NA"
"-79.63","43.68","TORONTO INTL A","6158731","2023-03-15 16:00","2023","03","15","16:00","","4.4","","-12.3","","29","","","","28","","16","","24.1","","99.97","","","","","","Clear"
"-79.63","43.68","TORONTO INTL A","6158731","2023-03-15 17:00","2023","03","15","17:00","","3.9","","-11.1","","33","","","","29","","20","","24.1","","99.93","","","","","","NA"
"-79.63","43.68","TORONTO INTL A","6158731","2023-03-15 18:00","2023","03","15","18:00","","2.5","","-8.1","","45","","","","26","","16","","24.1","","99.92","","","","","","NA"
"-79.63","43.68","TORONTO INTL A","6158731","2023-03-15 19:00","2023","03","15","19:00","","1.6","","-6.3","","56","","","","26","","18","","24.1","","99.92","","","","","","Mostly Cloudy"
"-79.63","43.68","TORONTO INTL A","6158731","2023-03-15 20:00","2023","03","15","20:00","","0.9","","-6.8","","57","","","","29","","12","","24.1","","99.95","","","","","","NA"
"-79.63","43.68","TORONTO INTL A","6158731","2023-03-15 21:00","2023","03","15","21:00","","0.8","","-5.9","","61","","","","26","","15","","24.1","","99.89","","","","","","NA"
"-79.63","43.68","TORONTO INTL A","6158731","2023-03-15 22:00","2023","03","15","22:00","","1.6","","-6.5","","55","","","","21","","14","","24.1","","99.86","","","","","","Mostly Cloudy"
"-79.63","43.68","TORONTO INTL A","6158731","2023-03-15 23:00","2023","03","15","23:00","","1.4","","-5.2","","62","","","","19","","10","","24.1","","99.82","","","","","","NA"
"-79.63","43.68","TORONTO INTL A","6158731","2023-03-16 00:00","2023","03","16","00:00","","1.4","","-4.6","","64","","","","20","","12","","24.1","","99.74","","","","","","NA"
"-79.63","43.68","TORONTO INTL A","6158731","2023-03-16 01:00","2023","03","16","01:00","","0.8","","-5.2","","64","","","","23","","11","","24.1","","99.70","","","","","","Mostly Cloudy"
"-79.63","43.68","TORONTO INTL A","6158731","2023-03-16 02:00","2023","03","16","02:00","","0.6","","-5.6","","63","","","","22","","5","","24.1","","99.68","","","","","","NA"
"-79.63","43.68","TORONTO INTL A","6158731","2023-03-16 03:00","2023","03","16","03:00","","1.3","","-4.7","","65","","","","26","","12","","24.1","","99.64","","","","","","NA"
"-79.63","43.68","TORONTO INTL A","6158731","2023-03-16 04:00","2023","03","16","04:00","","1.5","","-5.4","","60","","","","24","","11","","24.1","","99.58","","","","","","Mostly Cloudy"
"-79.63","43.68","TORONTO INTL A","6158731","2023-03-16 05:00","2023","03","16","05:00","","1.8","","-6.1","","56","","","","23","","9","","24.1","","99.54","","","","","","NA"
"-79.63","43.68","TORONTO INTL A","6158731","2023-03-16 06:00","2023","03","16","06:00","","2.2","","-5.8","","55","","","","21","","4","","24.1","","99.55","","","","","","NA"
"-79.63","43.68","TORONTO INTL A","6158731","2023-03-16 07:00","2023","03","16","07:00","","2.3","","-4.9","","59","","","","23","","10","","24.1","","99.56","","","","","","Mostly Cloudy"
"-79.63","43.68","TORONTO INTL A","6158731","2023-03-16 08:00","2023","03","16","08:00","","2.8","","-4.5","","59","","","","24","","12","","24.1","","99.51","","","","","","NA"
"-79.63","43.68","TORONTO INTL A","6158731","2023-03-16 09:00","2023","03","16","09:00","","3.5","","-4.3","","57","","","","24","","15","","24.1","","99.46","","","","","","NA"
"-79.63","43.68","TORONTO INTL A","6158731","2023-03-16 10:00","2023","03","16","10:00","","4.7","","-4.7","","51","","","","23","","13","","24.1","","99.44","","","","","","Cloudy"
"-79.63","43.68","TORONTO INTL A","6158731","2023-03-16 11:00","2023","03","16","11:00","","6.7","","-5.0","","43","","","","21","","11","","24.1","","99.37","","","","","","NA"
"-79.63","43.68","TORONTO INTL A","6158731","2023-03-16 12:00","2023","03","16","12:00","","7.3","","-4.3","","43","","","","22","","17","","24.1","","99.32","","","","","","NA"
"-79.63","43.68","TORONTO INTL A","6158731","2023-03-16 13:00","2023","03","16","13:00","","8.8","","-4.8","","38","","","","24","","18","","24.1","","99.25","","","","","","Mostly Cloudy"
"-79.63","43.68","TORONTO INTL A","6158731","2023-03-16 14:00","2023","03","16","14:00","","9.2","","-4.3","","38","","","","21","","13","","24.1","","99.15","","","","","","NA"
"-79.63","43.68","TORONTO INTL A","6158731","2023-03-16 15:00","2023","03","16","15:00","","9.2","","-5.3","","35","","","","19","","21","","24.1","","99.09","","","","","","NA"
"-79.63","43.68","TORONTO INTL A","6158731","2023-03-16 16:00","2023","03","16","16:00","","9.3","","-5.3","","35","","","","21","","14","","24.1","","99.02","","","","","","Mostly Cloudy"
"-79.63","43.68","TORONTO INTL A","6158731","2023-03-16 17:00","2023","03","16","17:00","","8.9","","-6.4","","33","","","","20","","18","","24.1","","98.94","","","","","","NA"
"-79.63","43.68","TORONTO INTL A","6158731","2023-03-16 18:00","2023","03","16","18:00","","8.3","","-4.9","","39","","","","16","","10","","24.1","","98.91","","","","","","NA"
"-79.63","43.68","TORONTO INTL A","6158731","2023-03-16 19:00","2023","03","16","19:00","","7.6","","-4.0","","44","","","","15","","7","","24.1","","98.84","","","","","","Cloudy"
"-79.63","43.68","TORONTO INTL A","6158731","2023-03-16 20:00","2023","03","16","20:00","","6.7","","-3.0","","50","","","","15","","8","","24.1","","98.76","","","","","","NA"
"-79.63","43.68","TORONTO INTL A","6158731","2023-03-16 21:00","2023","03","16","21:00","","5.8","","-2.2","","56","","","","16","","10","","24.1","","98.73","","","","","","NA"
"-79.63","43.68","TORONTO INTL A","6158731","2023-03-16 22:00","2023","03","16","22:00","","4.8","","-0.4","","69","","","","13","","7","","16.1","","98.75","","","","","","Rain"
"-79.63","43.68","TORONTO INTL A","6158731","2023-03-16 23:00","2023","03","16","23:00","","3.9","","2.7","","92","","","","11","","7","","9.7","","98.70","","","","","","Rain,Fog"
"-79.63","43.68","TORONTO INTL A","6158731","2023-03-17 00:00","2023","03","17","00:00","","3.5","","3.5","","100","","","","11","","10","","16.1","","98.57","","","","","","Rain"
"-79.63","43.68","TORONTO INTL A","6158731","2023-03-17 01:00","2023","03","17","01:00","","3.3","","3.3","","100","","","","13","","13","","9.7","","98.44","","","","","","Rain,Fog"
"-79.63","43.68","TORONTO INTL A","6158731","2023-03-17 02:00","2023","03","17","02:00","","3.6","","3.6","","100","","","","14","","19","","9.7","","98.36","","","","","","Rain,Fog"
"-79.63","43.68","TORONTO INTL A","6158731","2023-03-17 03:00","2023","03","17","03:00","","3.8","","3.8","","100","","","","14","","19","","9.7","","98.20","","","","","","Rain,Fog"
"-79.63","43.68","TORONTO INTL A","6158731","2023-03-17 04:00","2023","03","17","04:00","","3.7","","3.7","","100","","","","13","","15","","4.8","","98.03","","","","","","Rain,Fog"
"-79.63","43.68","TORONTO INTL A","6158731","2023-03-17 05:00","2023","03","17","05:00","","4.0","","4.0","","100","","","","14","","14","","19.3","","97.90","","","","","","NA"
"-79.63","43.68","TORONTO INTL A","6158731","2023-03-17 06:00","2023","03","17","06:00","","4.3","","4.3","","100","","","","14","","12","","24.1","","97.81","","","","","","NA"
"-79.63","43.68","TORONTO INTL A","6158731","2023-03-17 07:00","2023","03","17","07:00","","4.5","","4.5","","100","","","","14","","12","","19.3","","97.70","","","","","","Rain"
"-79.63","43.68","TORONTO INTL A","6158731","2023-03-17 08:00","2023","03","17","08:00","","4.5","","4.5","","100","","","","16","","12","","12.9","","97.60","","","","","","Rain"
"-79.63","43.68","TORONTO INTL A","6158731","2023-03-17 09:00","2023","03","17","09:00","","5.4","","5.4","","100","","","","18","","16","","9.7","","97.50","","","","","","Rain,Fog"
"-79.63","43.68","TORONTO INTL A","6158731","2023-03-17 10:00","2023","03","17","10:00","","6.2","","6.2","","100","","","","19","","15","","9.7","","97.41","","","","","","Rain,Fog"
"-79.63","43.68","TORONTO INTL A","6158731","2023-03-17 11:00","2023","03","17","11:00","","7.5","","7.5","","100","","","","19","","21","","19.3","","97.35","","","","","","Rain"
"-79.63","43.68","TORONTO INTL A","6158731","2023-03-17 12:00","2023","03","17","12:00","","7.7","","7.7","","100","","","","19","","19","","9.7","","97.30","","","","","","Rain,Fog"
"-79.63","43.68","TORONTO INTL A","6158731","2023-03-17 13:00","2023","03","17","13:00","","8.1","","8.1","","100","","","","22","","26","","9.7","","97.33","","","","","","Rain,Fog"
"-79.63","43.68","TORONTO INTL A","6158731","2023-03-17 14:00","2023","03","17","14:00","","7.2","","6.5","","95","","","","27","","25","","16.1","","97.37","","","","","","NA"
"-79.63","43.68","TORONTO INTL A","6158731","2023-03-17 15:00","2023","03","17","15:00","","5.6","","3.6","","87","","","","28","","44","","24.1","","97.50","","","","","","NA"
"-79.63","43.68","TORONTO INTL A","6158731","2023-03-17 16:00","2023","03","17","16:00","","4.9","","0.8","","75","","","","28","","48","","24.1","","97.61","","","","","","Cloudy"
"-79.63","43.68","TORONTO INTL A","6158731","2023-03-17 17:00","2023","03","17","17:00","","4.1","","-0.1","","74","","","","28","","32","","24.1","","97.80","","","","","","NA"
"-79.63","43.68","TORONTO INTL A","6158731","2023-03-17 18:00","2023","03","17","18:00","","2.5","","-3.4","","65","","","","29","","49","","24.1","","98.00","","","","","","NA"
"-79.63","43.68","TORONTO INTL A","6158731","2023-03-17 19:00","2023","03","17","19:00","","2.1","","-3.6","","66","","","","28","","36","","24.1","","98.14","","","","","","Mostly Cloudy"
"-79.63","43.68","TORONTO INTL A","6158731","2023-03-17 20:00","2023","03","17","20:00","","1.7","","-3.6","","68","","","","27","","25","","24.1","","98.26","","","","","","NA"
"-79.63","43.68","TORONTO INTL A","6158731","2023-03-17 21:00","2023","03","17","21:00","","1.6","","-4.8","","62","","","","27","","34","","24.1","","98.35","","","","","","NA"
"-79.63","43.68","TORONTO INTL A","6158731","2023-03-17 22:00","2023","03","17","22:00","","1.2","","-5.9","","59","","","","28","","38","","24.1","","98.44","","","","","","Mostly Cloudy"
"-79.63","43.68","TORONTO INTL A","6158731","2023-03-17 23:00","2023","03","17","23:00","","0.7","","-5.9","","61","","","","27","","29","","24.1","","98.53","","","","","","NA"
"-79.63","43.68","TORONTO INTL A","6158731","2023-03-18 00:00","2023","03","18","00:00","","0.3","","-6.1","","62","","","","25","","33","","24.1","","98.53","","","","","","NA"
"-79.63","43.68","TORONTO INTL A","6158731","2023-03-18 01:00","2023","03","18","01:00","","0.2","","-6.1","","63","","","","25","","24","","24.1","","98.55","","","","","","Cloudy"
"-79.63","43.68","TORONTO INTL A","6158731","2023-03-18 02:00","2023","03","18","02:00","","0.1","","-6.6","","61","","","","26","","23","","24.1","","98.55","","","","","","NA"
"-79.63","43.68","TORONTO INTL A","6158731","2023-03-18 03:00","2023","03","18","03:00","","-0.4","","-8.1","","56","","","","26","","22","","24.1","","98.54","","","","-6","","NA"
"-79.63","43.68","TORONTO INTL A","6158731","2023-03-18 04:00","2023","03","18","04:00","","-1.4","","-7.0","","66","","","","26","","15","","24.1","","98.51","","","","-6","","Mostly Cloudy"
"-79.63","43.68","TORONTO INTL A","6158731","2023-03-18 05:00","2023","03","18","05:00","","-1.0","","-5.5","","72","","","","25","","21","","19.3","","98.54","","","","-7","","Snow"
"-79.63","43.68","TORONTO INTL A","6158731","2023-03-18 06:00","2023","03","18","06:00","","-1.6","","-3.5","","87","","","","25","","11","","24.1","","98.56","","","","-5","","Snow"
"-79.63","43.68","TORONTO INTL A","6158731","2023-03-18 07:00","2023","03","18","07:00","","-0.9","","-5.5","","71","","","","20","","12","","24.1","","98.51","","","","-5","","Mostly Cloudy"
"-79.63","43.68","TORONTO INTL A","6158731","2023-03-18 08:00","2023","03","18","08:00","","-0.5","","-6.6","","64","","","","23","","29","","24.1","","98.50","","","","-7","","Snow"
"-79.63","43.68","TORONTO INTL A","6158731","2023-03-18 09:00","2023","03","18","09:00","","0.3","","-7.7","","55","","","","25","","30","","24.1","","98.49","","","","","","NA"
"-79.63","43.68","TORONTO INTL A","6158731","2023-03-18 10:00","2023","03","18","10:00","","-1.5","","-5.7","","73","","","","24","","29","","19.3","","98.49","","","","-8","","Snow"
"-79.63","43.68","TORONTO INTL A","6158731","2023-03-18 11:00","2023","03","18","11:00","","0.6","","-7.1","","57","","","","26","","31","","24.1","","98.50","","","","","","Snow"
"-79.63","43.68","TORONTO INTL A","6158731","2023-03-18 12:00","2023","03","18","12:00","","0.1","","-6.2","","62","","","","25","","34","","24.1","","98.52","","","","","","Snow"
"-79.63","43.68","TORONTO INTL A","6158731","2023-03-18 13:00","2023","03","18","13:00","","-0.6","","-5.5","","70","","","","25","","32","","24.1","","98.52","","","","-7","","Snow"
"-79.63","43.68","TORONTO INTL A","6158731","2023-03-18 14:00","2023","03","18","14:00","","-2.2","","-7.4","","68","","","","26","","36","","4.8","","98.51","","","","-10","","Snow"
"-79.63","43.68","TORONTO INTL A","6158731","2023-03-18 15:00","2023","03","18","15:00","","-3.3","","-7.3","","74","","","","27","","41","","9.7","","98.54","","","","-12","","Snow"
"-79.63","43.68","TORONTO INTL A","6158731","2023-03-18 16:00","2023","03","18","16:00","","-3.9","","-9.0","","68","","","","28","","34","","16.1","","98.59","","","","-12","","Snow"
"-79.63","43.68","TORONTO INTL A","6158731","2023-03-18 17:00","2023","03","18","17:00","","-4.8","","-14.6","","47","","","","26","","47","","24.1","","98.71","","","","-14","","Snow"
"-79.63","43.68","TORONTO INTL A","6158731","2023-03-18 18:00","2023","03","18","18:00","","-4.9","","-15.6","","43","","","","26","","35","","24.1","","98.81","","","","-13","","NA"
"-79.63","43.68","TORONTO INTL A","6158731","2023-03-18 19:00","2023","03","18","19:00","","-5.7","","-14.3","","51","","","","26","","28","","24.1","","98.88","","","","-14","","Mainly Clear"
"-79.63","43.68","TORONTO INTL A","6158731","2023-03-18 20:00","2023","03","18","20:00","","-5.7","","-13.1","","56","","","","24","","22","","24.1","","98.92","","","","-13","","NA"
"-79.63","43.68","TORONTO INTL A","6158731","2023-03-18 21:00","2023","03","18","21:00","","-5.8","","-10.0","","72","","","","23","","30","","9.7","","98.96","","","","-14","","Snow Showers"
"-79.63","43.68","TORONTO INTL A","6158731","2023-03-18 22:00","2023","03","18","22:00","","-6.0","","-7.4","","90","","","","24","","24","","2.0","","98.95","","","","-13","","Snow Showers"
"-79.63","43.68","TORONTO INTL A","6158731","2023-03-18 23:00","2023","03","18","23:00","","-6.0","","-8.8","","81","","","","23","","28","","16.1","","98.93","","","","-14","","Snow Showers"
"-79.63","43.68","TORONTO INTL A","6158731","2023-03-19 00:00","2023","03","19","00:00","","-6.1","","-7.0","","93","","","","24","","30","","1.2","","98.91","","","","-14","","Snow"
"-79.63","43.68","TORONTO INTL A","6158731","2023-03-19 01:00","2023","03","19","01:00","","-6.5","","-11.2","","69","","","","26","","32","","16.1","","98.99","","","","-15","","Snow"
"-79.63","43.68","TORONTO INTL A","6158731","2023-03-19 02:00","2023","03","19","02:00","","-7.1","","-12.5","","66","","","","27","","30","","24.1","","99.04","","","","-16","","NA"
"-79.63","43.68","TORONTO INTL A","6158731","2023-03-19 03:00","2023","03","19","03:00","","-7.1","","-11.8","","69","","","","27","","28","","24.1","","99.09","","","","-15","","NA"
"-79.63","43.68","TORONTO INTL A","6158731","2023-03-19 04:00","2023","03","19","04:00","","-7.4","","-13.1","","64","","","","27","","28","","24.1","","99.15","","","","-16","","Mostly Cloudy"
"-79.63","43.68","TORONTO INTL A","6158731","2023-03-19 05:00","2023","03","19","05:00","","-7.9","","-12.6","","69","","","","27","","18","","24.1","","99.23","","","","-15","","NA"
"-79.63","43.68","TORONTO INTL A","6158731","2023-03-19 06:00","2023","03","19","06:00","","-7.8","","-12.7","","68","","","","28","","20","","24.1","","99.30","","","","-15","","NA"
"-79.63","43.68","TORONTO INTL A","6158731","2023-03-19 07:00","2023","03","19","07:00","","-7.5","","-12.5","","68","","","","28","","21","","24.1","","99.35","","","","-15","","Clear"
"-79.63","43.68","TORONTO INTL A","6158731","2023-03-19 08:00","2023","03","19","08:00","","-6.8","","-11.6","","69","","","","26","","21","","24.1","","99.41","","","","-14","","NA"
"-79.63","43.68","TORONTO INTL A","6158731","2023-03-19 09:00","2023","03","19","09:00","","-4.3","","-9.6","","67","","","","27","","34","","24.1","","99.46","","","","-13","","NA"
"-79.63","43.68","TORONTO INTL A","6158731","2023-03-19 10:00","2023","03","19","10:00","","-3.8","","-6.6","","81","","","","28","","26","","4.8","","99.50","","","","-11","","Snow"
"-79.63","43.68","TORONTO INTL A","6158731","2023-03-19 11:00","2023","03","19","11:00","","-2.0","","-10.4","","53","","","","28","","43","","24.1","","99.52","","","","-10","","NA"
"-79.63","43.68","TORONTO INTL A","6158731","2023-03-19 12:00","2023","03","19","12:00","","-1.1","","-9.0","","55","","","","26","","44","","24.1","","99.56","","","","-9","","NA"
"-79.63","43.68","TORONTO INTL A","6158731","2023-03-19 13:00","2023","03","19","13:00","","-0.7","","-9.6","","51","","","","29","","45","","24.1","","99.60","","","","-9","","Mostly Cloudy"
"-79.63","43.68","TORONTO INTL A","6158731","2023-03-19 14:00","2023","03","19","14:00","","-0.5","","-8.1","","57","","","","27","","41","","24.1","","99.61","","","","-8","","NA"
"-79.63","43.68","TORONTO INTL A","6158731","2023-03-19 15:00","2023","03","19","15:00","","-0.8","","-6.3","","66","","","","27","","28","","24.1","","99.66","","","","-7","","Snow"
"-79.63","43.68","TORONTO INTL A","6158731","2023-03-19 16:00","2023","03","19","16:00","","0.0","","-8.9","","52","","","","27","","37","","24.1","","99.69","","","","-7","","Mostly Cloudy"
"-79.63","43.68","TORONTO INTL A","6158731","2023-03-19 17:00","2023","03","19","17:00","","-0.1","","-9.2","","50","","","","25","","38","","24.1","","99.69","","","","-7","","NA"
"-79.63","43.68","TORONTO INTL A","6158731","2023-03-19 18:00","2023","03","19","18:00","","-0.1","","-9.6","","49","","","","25","","22","","24.1","","99.67","","","","-6","","NA"
"-79.63","43.68","TORONTO INTL A","6158731","2023-03-19 19:00","2023","03","19","19:00","","-0.4","","-9.8","","49","","","","24","","23","","24.1","","99.68","","","","-6","","Mainly Clear"
"-79.63","43.68","TORONTO INTL A","6158731","2023-03-19 20:00","2023","03","19","20:00","","-0.5","","-9.6","","50","","","","21","","19","","24.1","","99.68","","","","-6","","NA"
"-79.63","43.68","TORONTO INTL A","6158731","2023-03-19 21:00","2023","03","19","21:00","","-0.7","","-6.1","","67","","","","23","","32","","24.1","","99.63","","","","-8","","NA"
"-79.63","43.68","TORONTO INTL A","6158731","2023-03-19 22:00","2023","03","19","22:00","","-0.8","","-6.1","","67","","","","24","","33","","24.1","","99.64","","","","-8","","Clear"
"-79.63","43.68","TORONTO INTL A","6158731","2023-03-19 23:00","2023","03","19","23:00","","-0.8","","-6.2","","67","","","","24","","27","","24.1","","99.67","","","","-7","","NA"
"-79.63","43.68","TORONTO INTL A","6158731","2023-03-20 00:00","2023","03","20","00:00","","-0.8","","-7.3","","62","","","","25","","31","","24.1","","99.70","","","","-8","","NA"
"-79.63","43.68","TORONTO INTL A","6158731","2023-03-20 01:00","2023","03","20","01:00","","-1.5","","-8.0","","62","","","","25","","22","","24.1","","99.74","","","","-7","","Clear"
"-79.63","43.68","TORONTO INTL A","6158731","2023-03-20 02:00","2023","03","20","02:00","","-1.9","","-8.2","","62","","","","25","","18","","24.1","","99.76","","","","-7","","NA"
"-79.63","43.68","TORONTO INTL A","6158731","2023-03-20 03:00","2023","03","20","03:00","","-2.1","","-9.2","","58","","","","24","","21","","24.1","","99.74","","","","-8","","NA"
"-79.63","43.68","TORONTO INTL A","6158731","2023-03-20 04:00","2023","03","20","04:00","","-1.9","","-9.2","","58","","","","24","","25","","24.1","","99.75","","","","-8","","Clear"
"-79.63","43.68","TORONTO INTL A","6158731","2023-03-20 05:00","2023","03","20","05:00","","-2.2","","-8.8","","61","","","","24","","18","","24.1","","99.78","","","","-8","","NA"
"-79.63","43.68","TORONTO INTL A","6158731","2023-03-20 06:00","2023","03","20","06:00","","-2.5","","-8.3","","65","","","","25","","26","","24.1","","99.78","","","","-9","","NA"
"-79.63","43.68","TORONTO INTL A","6158731","2023-03-20 07:00","2023","03","20","07:00","","-2.1","","-7.8","","65","","","","24","","25","","24.1","","99.84","","","","-9","","Clear"
"-79.63","43.68","TORONTO INTL A","6158731","2023-03-20 08:00","2023","03","20","08:00","","-0.7","","-6.8","","63","","","","24","","22","","24.1","","99.87","","","","-6","","NA"
"-79.63","43.68","TORONTO INTL A","6158731","2023-03-20 09:00","2023","03","20","09:00","","0.8","","-6.8","","57","","","","25","","32","","24.1","","99.92","","","","","","NA"
"-79.63","43.68","TORONTO INTL A","6158731","2023-03-20 10:00","2023","03","20","10:00","","2.5","","-5.8","","54","","","","25","","25","","24.1","","99.94","","","","","","Clear"
"-79.63","43.68","TORONTO INTL A","6158731","2023-03-20 11:00","2023","03","20","11:00","","3.4","","-6.8","","47","","","","23","","28","","24.1","","99.89","","","","","","NA"
"-79.63","43.68","TORONTO INTL A","6158731","2023-03-20 12:00","2023","03","20","12:00","","4.9","","-5.6","","47","","","","24","","25","","24.1","","99.89","","","","","","NA"
"-79.63","43.68","TORONTO INTL A","6158731","2023-03-20 13:00","2023","03","20","13:00","","5.5","","-4.8","","47","","","","23","","25","","24.1","","99.85","","","","","","Mainly Clear"
"-79.63","43.68","TORONTO INTL A","6158731","2023-03-20 14:00","2023","03","20","14:00","","6.3","","-5.5","","43","","","","25","","36","","24.1","","99.78","","","","","","NA"
"-79.63","43.68","TORONTO INTL A","6158731","2023-03-20 15:00","2023","03","20","15:00","","6.1","","-4.4","","47","","","","24","","40","","24.1","","99.76","","","","","","NA"
"-79.63","43.68","TORONTO INTL A","6158731","2023-03-20 16:00","2023","03","20","16:00","","7.2","","-3.0","","48","","","","24","","24","","24.1","","99.76","","","","","","Mostly Cloudy"
"-79.63","43.68","TORONTO INTL A","6158731","2023-03-20 17:00","2023","03","20","17:00","","5.1","","-4.6","","50","","","","24","","33","","24.1","","99.83","","","","","","NA"
"-79.63","43.68","TORONTO INTL A","6158731","2023-03-20 18:00","2023","03","20","18:00","","4.4","","-6.1","","46","","","","23","","27","","24.1","","99.83","","","","","","NA"
"-79.63","43.68","TORONTO INTL A","6158731","2023-03-20 19:00","2023","03","20","19:00","","4.0","","-6.8","","45","","","","24","","21","","24.1","","99.88","","","","","","Mostly Cloudy"
"-79.63","43.68","TORONTO INTL A","6158731","2023-03-20 20:00","2023","03","20","20:00","","4.6","","-7.5","","41","","","","22","","17","","24.1","","99.88","","","","","","NA"
"-79.63","43.68","TORONTO INTL A","6158731","2023-03-20 21:00","2023","03","20","21:00","","4.6","","-7.0","","43","","","","21","","16","","24.1","","99.90","","","","","","NA"
"-79.63","43.68","TORONTO INTL A","6158731","2023-03-20 22:00","2023","03","20","22:00","","4.6","","-6.2","","46","","","","22","","16","","24.1","","99.91","","","","","","Cloudy"
"-79.63","43.68","TORONTO INTL A","6158731","2023-03-20 23:00","2023","03","20","23:00","","5.1","","-6.1","","44","","","","23","","19","","24.1","","99.91","","","","","","NA"
"-79.63","43.68","TORONTO INTL A","6158731","2023-03-21 00:00","2023","03","21","00:00","","4.6","","-4.5","","51","","","","23","","17","","24.1","","99.92","","","","","","NA"
"-79.63","43.68","TORONTO INTL A","6158731","2023-03-21 01:00","2023","03","21","01:00","","4.2","","-2.9","","60","","","","22","","18","","24.1","","99.99","","","","","","Cloudy"
"-79.63","43.68","TORONTO INTL A","6158731","2023-03-21 02:00","2023","03","21","02:00","","4.1","","-2.9","","60","","","","22","","19","","24.1","","100.03","","","","","","NA"
"-79.63","43.68","TORONTO INTL A","6158731","2023-03-21 03:00","2023","03","21","03:00","","3.9","","-3.1","","60","","","","21","","17","","24.1","","100.01","","","","","","NA"
"-79.63","43.68","TORONTO INTL A","6158731","2023-03-21 04:00","2023","03","21","04:00","","3.9","","-3.3","","59","","","","22","","18","","24.1","","100.03","","","","","","Cloudy"
"-79.63","43.68","TORONTO INTL A","6158731","2023-03-21 05:00","2023","03","21","05:00","","4.0","","-3.5","","58","","","","22","","15","","24.1","","100.08","","","","","","NA"
"-79.63","43.68","TORONTO INTL A","6158731","2023-03-21 06:00","2023","03","21","06:00","","3.5","","-3.4","","60","","","","24","","12","","24.1","","100.12","","","","","","NA"
"-79.63","43.68","TORONTO INTL A","6158731","2023-03-21 07:00","2023","03","21","07:00","","2.9","","-3.5","","63","","","","25","","15","","24.1","","100.19","","","","","","Mainly Clear"
"-79.63","43.68","TORONTO INTL A","6158731","2023-03-21 08:00","2023","03","21","08:00","","5.2","","-2.5","","58","","","","25","","13","","24.1","","100.27","","","","","","NA"
"-79.63","43.68","TORONTO INTL A","6158731","2023-03-21 09:00","2023","03","21","09:00","","6.2","","-3.1","","52","","","","25","","16","","24.1","","100.34","","","","","","NA"
"-79.63","43.68","TORONTO INTL A","6158731","2023-03-21 10:00","2023","03","21","10:00","","7.1","","-2.4","","51","","","","26","","14","","24.1","","100.39","","","","","","Mainly Clear"
"-79.63","43.68","TORONTO INTL A","6158731","2023-03-21 11:00","2023","03","21","11:00","","7.3","","-2.9","","48","","","","27","","7","","24.1","","100.45","","","","","","NA"
"-79.63","43.68","TORONTO INTL A","6158731","2023-03-21 12:00","2023","03","21","12:00","","7.8","","-1.7","","51","","","","28","","10","","24.1","","100.49","","","","","","NA"
"-79.63","43.68","TORONTO INTL A","6158731","2023-03-21 13:00","2023","03","21","13:00","","8.0","","-2.4","","48","","","","28","","17","","24.1","","100.49","","","","","","Cloudy"
"-79.63","43.68","TORONTO INTL A","6158731","2023-03-21 14:00","2023","03","21","14:00","","8.7","","-1.6","","48","","","","25","","14","","24.1","","100.46","","","","","","NA"
"-79.63","43.68","TORONTO INTL A","6158731","2023-03-21 15:00","2023","03","21","15:00","","9.3","","-1.7","","46","","","","21","","7","","24.1","","100.46","","","","","","NA"
"-79.63","43.68","TORONTO INTL A","6158731","2023-03-21 16:00","2023","03","21","16:00","","9.2","","-3.0","","42","","","","28","","9","","24.1","","100.45","","","","","","Cloudy"
"-79.63","43.68","TORONTO INTL A","6158731","2023-03-21 17:00","2023","03","21","17:00","","8.9","","-3.1","","43","","","","25","","3","","24.1","","100.43","","","","","","NA"
"-79.63","43.68","TORONTO INTL A","6158731","2023-03-21 18:00","2023","03","21","18:00","","7.9","","-1.3","","52","","","","7","","13","","24.1","","100.45","","","","","","NA"
"-79.63","43.68","TORONTO INTL A","6158731","2023-03-21 19:00","2023","03","21","19:00","","6.7","","-2.2","","53","","","","11","","8","","24.1","","100.49","","","","","","Cloudy"
"-79.63","43.68","TORONTO INTL A","6158731","2023-03-21 20:00","2023","03","21","20:00","","6.0","","-1.7","","58","","","","9","","8","","24.1","","100.50","","","","","","NA"
"-79.63","43.68","TORONTO INTL A","6158731","2023-03-21 21:00","2023","03","21","21:00","","5.4","","-1.9","","59","","","","8","","6","","24.1","","100.55","","","","","","NA"
"-79.63","43.68","TORONTO INTL A","6158731","2023-03-21 22:00","2023","03","21","22:00","","4.5","","-2.1","","62","","","","9","","8","","24.1","","100.57","","","","","","Mostly Cloudy"
"-79.63","43.68","TORONTO INTL A","6158731","2023-03-21 23:00","2023","03","21","23:00","","3.7","","-2.6","","64","","","","6","","8","","24.1","","100.57","","","","","","NA"
"-79.63","43.68","TORONTO INTL A","6158731","2023-03-22 00:00","2023","03","22","00:00","","3.5","","-2.8","","64","","","","8","","8","","24.1","","100.56","","","","","","NA"
"-79.63","43.68","TORONTO INTL A","6158731","2023-03-22 01:00","2023","03","22","01:00","","3.5","","-3.1","","62","","","","8","","9","","24.1","","100.50","","","","","","Mostly Cloudy"
"-79.63","43.68","TORONTO INTL A","6158731","2023-03-22 02:00","2023","03","22","02:00","","3.4","","-2.9","","64","","","","8","","12","","24.1","","100.47","","","","","","NA"
"-79.63","43.68","TORONTO INTL A","6158731","2023-03-22 03:00","2023","03","22","03:00","","2.6","","-2.7","","68","","","","9","","9","","24.1","","100.44","","","","","","NA"
"-79.63","43.68","TORONTO INTL A","6158731","2023-03-22 04:00","2023","03","22","04:00","","2.1","","0.5","","89","","","","7","","13","","24.1","","100.42","","","","","","Mostly Cloudy"
"-79.63","43.68","TORONTO INTL A","6158731","2023-03-22 05:00","2023","03","22","05:00","","1.3","","0.1","","91","","","","9","","10","","24.1","","100.39","","","","","","NA"
"-79.63","43.68","TORONTO INTL A","6158731","2023-03-22 06:00","2023","03","22","06:00","","1.0","","-0.6","","89","","","","8","","15","","24.1","","100.40","","","","","","NA"
"-79.63","43.68","TORONTO INTL A","6158731","2023-03-22 07:00","2023","03","22","07:00","","1.4","","-0.6","","86","","","","9","","10","","24.1","","100.38","","","","","","Mostly Cloudy"
"-79.63","43.68","TORONTO INTL A","6158731","2023-03-22 08:00","2023","03","22","08:00","","1.9","","-0.4","","84","","","","9","","12","","24.1","","100.35","","","","","","NA"
"-79.63","43.68","TORONTO INTL A","6158731","2023-03-22 09:00","2023","03","22","09:00","","2.2","","-0.6","","81","","","","8","","12","","24.1","","100.29","","","","","","NA"
"-79.63","43.68","TORONTO INTL A","6158731","2023-03-22 10:00","2023","03","22","10:00","","3.6","","0.3","","79","","","","9","","10","","24.1","","100.26","","","","","","Cloudy"
"-79.63","43.68","TORONTO INTL A","6158731","2023-03-22 11:00","2023","03","22","11:00","","4.6","","-0.2","","71","","","","13","","8","","24.1","","100.19","","","","","","NA"
"-79.63","43.68","TORONTO INTL A","6158731","2023-03-22 12:00","2023","03","22","12:00","","5.1","","0.5","","72","","","","15","","9","","24.1","","100.12","","","","","","NA"
"-79.63","43.68","TORONTO INTL A","6158731","2023-03-22 13:00","2023","03","22","13:00","","5.5","","-0.3","","66","","","","12","","12","","24.1","","100.01","","","","","","Cloudy"
"-79.63","43.68","TORONTO INTL A","6158731","2023-03-22 14:00","2023","03","22","14:00","","5.9","","-0.1","","65","","","","14","","13","","24.1","","99.91","","","","","","NA"
"-79.63","43.68","TORONTO INTL A","6158731","2023-03-22 15:00","2023","03","22","15:00","","5.1","","0.0","","70","","","","12","","12","","24.1","","99.81","","","","","","NA"
"-79.63","43.68","TORONTO INTL A","6158731","2023-03-22 16:00","2023","03","22","16:00","","4.9","","1.2","","77","","","","9","","10","","19.3","","99.75","","","","","","Cloudy"
"-79.63","43.68","TORONTO INTL A","6158731","2023-03-22 17:00","2023","03","22","17:00","","5.2","","1.3","","76","","","","12","","9","","24.1","","99.70","","","","","","NA"
"-79.63","43.68","TORONTO INTL A","6158731","2023-03-22 18:00","2023","03","22","18:00","","5.2","","1.3","","76","","","","14","","9","","24.1","","99.69","","","","","","NA"
"-79.63","43.68","TORONTO INTL A","6158731","2023-03-22 19:00","2023","03","22","19:00","","5.4","","1.9","","78","","","","14","","8","","24.1","","99.63","","","","","","Cloudy"
"-79.63","43.68","TORONTO INTL A","6158731","2023-03-22 20:00","2023","03","22","20:00","","5.5","","2.2","","79","","","","13","","8","","24.1","","99.60","","","","","","NA"
"-79.63","43.68","TORONTO INTL A","6158731","2023-03-22 21:00","2023","03","22","21:00","","5.8","","2.7","","80","","","","13","","6","","24.1","","99.54","","","","","","NA"
"-79.63","43.68","TORONTO INTL A","6158731","2023-03-22 22:00","2023","03","22","22:00","","5.8","","3.1","","83","","","","15","","9","","24.1","","99.48","","","","","","Cloudy"
"-79.63","43.68","TORONTO INTL A","6158731","2023-03-22 23:00","2023","03","22","23:00","","5.2","","3.9","","92","","","","15","","9","","24.1","","99.43","","","","","","NA"
"-79.63","43.68","TORONTO INTL A","6158731","2023-03-23 00:00","2023","03","23","00:00","","4.8","","4.7","","99","","","","14","","8","","24.1","","99.38","","","","","","NA"
"-79.63","43.68","TORONTO INTL A","6158731","2023-03-23 01:00","2023","03","23","01:00","","4.8","","4.8","","100","","","","13","","5","","16.1","","99.32","","","","","","Rain"
"-79.63","43.68","TORONTO INTL A","6158731","2023-03-23 02:00","2023","03","23","02:00","","4.7","","4.7","","100","","","","14","","7","","12.9","","99.19","","","","","","Rain"
"-79.63","43.68","TORONTO INTL A","6158731","2023-03-23 03:00","2023","03","23","03:00","","4.6","","4.6","","100","","","","14","","7","","4.8","","99.06","","","","","","Rain,Fog"
"-79.63","43.68","TORONTO INTL A","6158731","2023-03-23 04:00","2023","03","23","04:00","","4.8","","4.8","","100","","","","15","","9","","1.2","","98.94","","","","","","Drizzle,Fog"
"-79.63","43.68","TORONTO INTL A","6158731","2023-03-23 05:00","2023","03","23","05:00","","5.2","","5.2","","100","","","","36","","3","","1.6","","98.97","","","","","","Drizzle,Fog"
"-79.63","43.68","TORONTO INTL A","6158731","2023-03-23 06:00","2023","03","23","06:00","","6.0","","6.0","","100","","","","15","","4","","3.2","","98.85","","","","","","Drizzle,Fog"
"-79.63","43.68","TORONTO INTL A","6158731","2023-03-23 07:00","2023","03","23","07:00","","6.8","","6.8","","100","","","","","","0","","2.4","","98.81","","","","","","Fog"
"-79.63","43.68","TORONTO INTL A","6158731","2023-03-23 08:00","2023","03","23","08:00","","7.4","","7.4","","100","","","","28","","3","","2.4","","98.75","","","","","","Fog"
"-79.63","43.68","TORONTO INTL A","6158731","2023-03-23 09:00","2023","03","23","09:00","","7.3","","7.3","","100","","","","30","","13","","3.2","","98.79","","","","","","Rain,Fog"
"-79.63","43.68","TORONTO INTL A","6158731","2023-03-23 10:00","2023","03","23","10:00","","7.2","","7.2","","100","","","","27","","12","","9.7","","98.81","","","","","","Rain,Fog"
"-79.63","43.68","TORONTO INTL A","6158731","2023-03-23 11:00","2023","03","23","11:00","","7.8","","7.8","","100","","","","30","","13","","24.1","","98.75","","","","","","NA"
"-79.63","43.68","TORONTO INTL A","6158731","2023-03-23 12:00","2023","03","23","12:00","","8.4","","6.5","","87","","","","30","","23","","24.1","","98.78","","","","","","NA"
"-79.63","43.68","TORONTO INTL A","6158731","2023-03-23 13:00","2023","03","23","13:00","","4.6","","4.6","","100","","","","36","","28","","12.9","","98.94","","","","","","Rain"
"-79.63","43.68","TORONTO INTL A","6158731","2023-03-23 14:00","2023","03","23","14:00","","5.1","","5.1","","100","","","","31","","16","","19.3","","98.88","","","","","","NA"
"-79.63","43.68","TORONTO INTL A","6158731","2023-03-23 15:00","2023","03","23","15:00","","5.6","","2.5","","81","","","","29","","28","","24.1","","98.94","","","","","","NA"
"-79.63","43.68","TORONTO INTL A","6158731","2023-03-23 16:00","2023","03","23","16:00","","5.4","","0.1","","69","","","","32","","28","","24.1","","98.97","","","","","","Mostly Cloudy"
"-79.63","43.68","TORONTO INTL A","6158731","2023-03-23 17:00","2023","03","23","17:00","","4.5","","-1.7","","64","","","","30","","29","","24.1","","99.05","","","","","","NA"
"-79.63","43.68","TORONTO INTL A","6158731","2023-03-23 18:00","2023","03","23","18:00","","3.7","","-2.7","","63","","","","29","","28","","24.1","","99.15","","","","","","NA"
"-79.63","43.68","TORONTO INTL A","6158731","2023-03-23 19:00","2023","03","23","19:00","","2.1","","-3.3","","67","","","","30","","26","","24.1","","99.24","","","","","","Mainly Clear"
"-79.63","43.68","TORONTO INTL A","6158731","2023-03-23 20:00","2023","03","23","20:00","","1.2","","-3.7","","70","","","","31","","21","","24.1","","99.37","","","","","","NA"
"-79.63","43.68","TORONTO INTL A","6158731","2023-03-23 21:00","2023","03","23","21:00","","0.3","","-3.5","","76","","","","29","","13","","24.1","","99.44","","","","","","NA"
"-79.63","43.68","TORONTO INTL A","6158731","2023-03-23 22:00","2023","03","23","22:00","","-0.6","","-4.0","","78","","","","29","","13","","24.1","","99.50","","","","-5","","Mainly Clear"
"-79.63","43.68","TORONTO INTL A","6158731","2023-03-23 23:00","2023","03","23","23:00","","-0.8","","-4.1","","79","","","","29","","13","","24.1","","99.50","","","","-5","","NA"
"-79.63","43.68","TORONTO INTL A","6158731","2023-03-24 00:00","2023","03","24","00:00","","-2.0","","-3.9","","87","","","","27","","10","","24.1","","99.55","","","","-6","","NA"
"-79.63","43.68","TORONTO INTL A","6158731","2023-03-24 01:00","2023","03","24","01:00","","-1.0","","-4.3","","78","","","","28","","8","","24.1","","99.54","","","","-4","","Mainly Clear"
"-79.63","43.68","TORONTO INTL A","6158731","2023-03-24 02:00","2023","03","24","02:00","","-1.0","","-4.1","","80","","","","32","","13","","24.1","","99.58","","","","-5","","NA"
"-79.63","43.68","TORONTO INTL A","6158731","2023-03-24 03:00","2023","03","24","03:00","","-0.8","","-4.3","","77","","","","31","","14","","24.1","","99.60","","","","-5","","NA"
"-79.63","43.68","TORONTO INTL A","6158731","2023-03-24 04:00","2023","03","24","04:00","","-0.6","","-3.7","","80","","","","31","","15","","24.1","","99.62","","","","-5","","Mostly Cloudy"
"-79.63","43.68","TORONTO INTL A","6158731","2023-03-24 05:00","2023","03","24","05:00","","-0.8","","-3.4","","82","","","","33","","18","","24.1","","99.63","","","","-6","","NA"
"-79.63","43.68","TORONTO INTL A","6158731","2023-03-24 06:00","2023","03","24","06:00","","-0.6","","-3.6","","80","","","","34","","17","","24.1","","99.65","","","","-6","","NA"
"-79.63","43.68","TORONTO INTL A","6158731","2023-03-24 07:00","2023","03","24","07:00","","-0.6","","-4.9","","72","","","","36","","11","","24.1","","99.70","","","","-4","","Mostly Cloudy"
"-79.63","43.68","TORONTO INTL A","6158731","2023-03-24 08:00","2023","03","24","08:00","","-0.1","","-5.7","","66","","","","35","","13","","24.1","","99.82","","","","-4","","NA"
"-79.63","43.68","TORONTO INTL A","6158731","2023-03-24 09:00","2023","03","24","09:00","","0.6","","-5.8","","63","","","","34","","17","","24.1","","99.81","","","","","","NA"
"-79.63","43.68","TORONTO INTL A","6158731","2023-03-24 10:00","2023","03","24","10:00","","1.6","","-5.5","","59","","","","34","","10","","24.1","","99.82","","","","","","Mostly Cloudy"
"-79.63","43.68","TORONTO INTL A","6158731","2023-03-24 11:00","2023","03","24","11:00","","2.4","","-4.8","","59","","","","32","","12","","24.1","","99.83","","","","","","NA"
"-79.63","43.68","TORONTO INTL A","6158731","2023-03-24 12:00","2023","03","24","12:00","","3.3","","-5.7","","52","","","","2","","12","","24.1","","99.80","","","","","","NA"
"-79.63","43.68","TORONTO INTL A","6158731","2023-03-24 13:00","2023","03","24","13:00","","3.8","","-5.5","","50","","","","3","","16","","24.1","","99.78","","","","","","Mostly Cloudy"
"-79.63","43.68","TORONTO INTL A","6158731","2023-03-24 14:00","2023","03","24","14:00","","4.5","","-6.0","","47","","","","31","","13","","24.1","","99.79","","","","","","NA"
"-79.63","43.68","TORONTO INTL A","6158731","2023-03-24 15:00","2023","03","24","15:00","","5.2","","-5.9","","45","","","","33","","10","","24.1","","99.71","","","","","","NA"
"-79.63","43.68","TORONTO INTL A","6158731","2023-03-24 16:00","2023","03","24","16:00","","5.5","","-6.1","","43","","","","1","","7","","24.1","","99.70","","","","","","Mostly Cloudy"
"-79.63","43.68","TORONTO INTL A","6158731","2023-03-24 17:00","2023","03","24","17:00","","5.0","","-6.6","","43","","","","1","","10","","24.1","","99.75","","","","","","NA"
"-79.63","43.68","TORONTO INTL A","6158731","2023-03-24 18:00","2023","03","24","18:00","","2.2","","-3.8","","65","","","","15","","12","","24.1","","99.77","","","","","","NA"
"-79.63","43.68","TORONTO INTL A","6158731","2023-03-24 19:00","2023","03","24","19:00","","1.9","","-5.3","","59","","","","14","","7","","24.1","","99.75","","","","","","Cloudy"
"-79.63","43.68","TORONTO INTL A","6158731","2023-03-24 20:00","2023","03","24","20:00","","1.7","","-4.8","","62","","","","13","","6","","24.1","","99.76","","","","","","NA"
"-79.63","43.68","TORONTO INTL A","6158731","2023-03-24 21:00","2023","03","24","21:00","","1.5","","-5.0","","62","","","","8","","5","","24.1","","99.76","","","","","","NA"
"-79.63","43.68","TORONTO INTL A","6158731","2023-03-24 22:00","2023","03","24","22:00","","1.5","","-4.8","","63","","","","6","","7","","24.1","","99.67","","","","","","Cloudy"
"-79.63","43.68","TORONTO INTL A","6158731","2023-03-24 23:00","2023","03","24","23:00","","1.3","","-4.7","","65","","","","6","","8","","24.1","","99.58","","","","","","NA"
"-79.63","43.68","TORONTO INTL A","6158731","2023-03-25 00:00","2023","03","25","00:00","","0.7","","-4.4","","69","","","","4","","9","","24.1","","99.58","","","","","","NA"
"-79.63","43.68","TORONTO INTL A","6158731","2023-03-25 01:00","2023","03","25","01:00","","1.3","","-4.5","","65","","","","8","","10","","24.1","","99.51","","","","","","Cloudy"
"-79.63","43.68","TORONTO INTL A","6158731","2023-03-25 02:00","2023","03","25","02:00","","1.3","","-2.3","","77","","","","8","","12","","24.1","","99.42","","","","","","NA"
"-79.63","43.68","TORONTO INTL A","6158731","2023-03-25 03:00","2023","03","25","03:00","","1.8","","-1.0","","82","","","","9","","23","","24.1","","99.28","","","","","","NA"
"-79.63","43.68","TORONTO INTL A","6158731","2023-03-25 04:00","2023","03","25","04:00","","1.7","","-0.4","","86","","","","10","","21","","24.1","","99.11","","","","","","Cloudy"
"-79.63","43.68","TORONTO INTL A","6158731","2023-03-25 05:00","2023","03","25","05:00","","1.6","","0.2","","91","","","","8","","31","","24.1","","98.92","","","","","","NA"
"-79.63","43.68","TORONTO INTL A","6158731","2023-03-25 06:00","2023","03","25","06:00","","1.9","","0.0","","87","","","","9","","31","","24.1","","98.74","","","","","","Rain"
"-79.63","43.68","TORONTO INTL A","6158731","2023-03-25 07:00","2023","03","25","07:00","","1.6","","1.5","","99","","","","10","","29","","9.7","","98.56","","","","","","Rain,Fog"
"-79.63","43.68","TORONTO INTL A","6158731","2023-03-25 08:00","2023","03","25","08:00","","1.4","","1.4","","100","","","","8","","35","","4.8","","98.39","","","","","","Rain,Fog"
"-79.63","43.68","TORONTO INTL A","6158731","2023-03-25 09:00","2023","03","25","09:00","","1.6","","1.6","","100","","","","9","","26","","8.1","","98.20","","","","","","Rain,Fog"
"-79.63","43.68","TORONTO INTL A","6158731","2023-03-25 10:00","2023","03","25","10:00","","2.0","","2.0","","100","","","","10","","37","","4.0","","97.98","","","","","","Moderate Rain,Fog"
"-79.63","43.68","TORONTO INTL A","6158731","2023-03-25 11:00","2023","03","25","11:00","","2.7","","2.7","","100","","","","10","","39","","4.8","","97.80","","","","","","Rain,Fog"
"-79.63","43.68","TORONTO INTL A","6158731","2023-03-25 12:00","2023","03","25","12:00","","3.0","","3.0","","100","","","","10","","27","","4.0","","97.64","","","","","","Rain,Fog"
"-79.63","43.68","TORONTO INTL A","6158731","2023-03-25 13:00","2023","03","25","13:00","","3.2","","3.2","","100","","","","10","","28","","4.8","","97.49","","","","","","Rain,Fog"
"-79.63","43.68","TORONTO INTL A","6158731","2023-03-25 14:00","2023","03","25","14:00","","3.9","","3.9","","100","","","","10","","18","","6.4","","97.46","","","","","","Moderate Rain,Fog"
"-79.63","43.68","TORONTO INTL A","6158731","2023-03-25 15:00","2023","03","25","15:00","","4.9","","4.9","","100","","","","8","","19","","9.7","","97.35","","","","","","Fog"
"-79.63","43.68","TORONTO INTL A","6158731","2023-03-25 16:00","2023","03","25","16:00","","6.1","","6.1","","100","","","","14","","10","","9.7","","97.28","","","","","","Fog"
"-79.63","43.68","TORONTO INTL A","6158731","2023-03-25 17:00","2023","03","25","17:00","","7.4","","7.4","","100","","","","17","","18","","24.1","","97.28","","","","","","NA"
"-79.63","43.68","TORONTO INTL A","6158731","2023-03-25 18:00","2023","03","25","18:00","","7.9","","0.8","","61","","","","22","","62","","24.1","","97.32","","","","","","NA"
"-79.63","43.68","TORONTO INTL A","6158731","2023-03-25 19:00","2023","03","25","19:00","","6.0","","0.6","","68","","","","22","","38","","24.1","","97.47","","","","","","Cloudy"
"-79.63","43.68","TORONTO INTL A","6158731","2023-03-25 20:00","2023","03","25","20:00","","5.2","","-0.6","","66","","","","23","","37","","24.1","","97.58","","","","","","Rain"
"-79.63","43.68","TORONTO INTL A","6158731","2023-03-25 21:00","2023","03","25","21:00","","3.7","","0.1","","77","","","","23","","34","","24.1","","97.69","","","","","","Rain"
"-79.63","43.68","TORONTO INTL A","6158731","2023-03-25 22:00","2023","03","25","22:00","","3.4","","0.6","","82","","","","23","","37","","24.1","","97.78","","","","","","Rain"
"-79.63","43.68","TORONTO INTL A","6158731","2023-03-25 23:00","2023","03","25","23:00","","2.6","","0.8","","88","","","","25","","35","","24.1","","97.93","","","","","","NA"
"-79.63","43.68","TORONTO INTL A","6158731","2023-03-26 00:00","2023","03","26","00:00","","2.2","","-1.8","","75","","","","26","","46","","24.1","","98.09","","","","","","NA"
"-79.63","43.68","TORONTO INTL A","6158731","2023-03-26 01:00","2023","03","26","01:00","","2.0","","-1.3","","79","","","","25","","44","","9.7","","98.23","","","","","","Snow"
"-79.63","43.68","TORONTO INTL A","6158731","2023-03-26 02:00","2023","03","26","02:00","","2.1","","-1.3","","78","","","","25","","45","","24.1","","98.33","","","","","","NA"
"-79.63","43.68","TORONTO INTL A","6158731","2023-03-26 03:00","2023","03","26","03:00","","2.2","","-2.1","","73","","","","26","","48","","24.1","","98.41","","","","","","NA"
"-79.63","43.68","TORONTO INTL A","6158731","2023-03-26 04:00","2023","03","26","04:00","","2.3","","-1.9","","74","","","","27","","35","","24.1","","98.55","","","","","","Cloudy"
"-79.63","43.68","TORONTO INTL A","6158731","2023-03-26 05:00","2023","03","26","05:00","","2.2","","-2.1","","73","","","","27","","34","","24.1","","98.67","","","","","","NA"
"-79.63","43.68","TORONTO INTL A","6158731","2023-03-26 06:00","2023","03","26","06:00","","1.9","","-2.6","","72","","","","27","","32","","24.1","","98.81","","","","","","NA"
"-79.63","43.68","TORONTO INTL A","6158731","2023-03-26 07:00","2023","03","26","07:00","","1.7","","-2.6","","73","","","","26","","30","","24.1","","98.93","","","","","","Mostly Cloudy"
"-79.63","43.68","TORONTO INTL A","6158731","2023-03-26 08:00","2023","03","26","08:00","","2.7","","-1.8","","72","","","","27","","32","","24.1","","99.03","","","","","","NA"
"-79.63","43.68","TORONTO INTL A","6158731","2023-03-26 09:00","2023","03","26","09:00","","4.1","","-2.5","","62","","","","27","","32","","24.1","","99.10","","","","","","NA"
"-79.63","43.68","TORONTO INTL A","6158731","2023-03-26 10:00","2023","03","26","10:00","","5.7","","-1.5","","60","","","","26","","31","","24.1","","99.19","","","","","","Clear"
"-79.63","43.68","TORONTO INTL A","6158731","2023-03-26 11:00","2023","03","26","11:00","","6.4","","-2.5","","53","","","","29","","32","","24.1","","99.24","","","","","","NA"
"-79.63","43.68","TORONTO INTL A","6158731","2023-03-26 12:00","2023","03","26","12:00","","7.4","","-2.1","","51","","","","28","","32","","24.1","","99.25","","","","","","NA"
"-79.63","43.68","TORONTO INTL A","6158731","2023-03-26 13:00","2023","03","26","13:00","","8.2","","-2.1","","48","","","","28","","36","","24.1","","99.26","","","","","","Clear"
"-79.63","43.68","TORONTO INTL A","6158731","2023-03-26 14:00","2023","03","26","14:00","","9.1","","-1.9","","46","","","","27","","30","","24.1","","99.28","","","","","","NA"
"-79.63","43.68","TORONTO INTL A","6158731","2023-03-26 15:00","2023","03","26","15:00","","9.6","","-1.7","","45","","","","25","","26","","24.1","","99.32","","","","","","NA"
"-79.63","43.68","TORONTO INTL A","6158731","2023-03-26 16:00","2023","03","26","16:00","","9.4","","-2.5","","43","","","","26","","30","","24.1","","99.36","","","","","","Mainly Clear"
"-79.63","43.68","TORONTO INTL A","6158731","2023-03-26 17:00","2023","03","26","17:00","","9.1","","-3.4","","41","","","","30","","28","","24.1","","99.41","","","","","","NA"
"-79.63","43.68","TORONTO INTL A","6158731","2023-03-26 18:00","2023","03","26","18:00","","8.2","","-3.0","","45","","","","26","","26","","24.1","","99.45","","","","","","NA"
"-79.63","43.68","TORONTO INTL A","6158731","2023-03-26 19:00","2023","03","26","19:00","","6.2","","-3.2","","51","","","","27","","16","","24.1","","99.52","","","","","","Mainly Clear"
"-79.63","43.68","TORONTO INTL A","6158731","2023-03-26 20:00","2023","03","26","20:00","","5.9","","-3.5","","51","","","","28","","9","","24.1","","99.53","","","","","","NA"
"-79.63","43.68","TORONTO INTL A","6158731","2023-03-26 21:00","2023","03","26","21:00","","5.7","","-3.9","","50","","","","31","","8","","24.1","","99.54","","","","","","NA"
"-79.63","43.68","TORONTO INTL A","6158731","2023-03-26 22:00","2023","03","26","22:00","","4.8","","-3.7","","54","","","","23","","8","","24.1","","99.58","","","","","","Mainly Clear"
"-79.63","43.68","TORONTO INTL A","6158731","2023-03-26 23:00","2023","03","26","23:00","","5.1","","-3.7","","53","","","","29","","5","","24.1","","99.58","","","","","","NA"
"-79.63","43.68","TORONTO INTL A","6158731","2023-03-27 00:00","2023","03","27","00:00","","4.1","","-3.2","","59","","","","3","","9","","24.1","","99.54","","","","","","NA"
"-79.63","43.68","TORONTO INTL A","6158731","2023-03-27 01:00","2023","03","27","01:00","","2.4","","-2.7","","69","","","","3","","12","","24.1","","99.47","","","","","","Cloudy"
"-79.63","43.68","TORONTO INTL A","6158731","2023-03-27 02:00","2023","03","27","02:00","","2.4","","-1.9","","73","","","","36","","3","","24.1","","99.49","","","","","","NA"
"-79.63","43.68","TORONTO INTL A","6158731","2023-03-27 03:00","2023","03","27","03:00","","3.9","","-2.1","","65","","","","34","","5","","24.1","","99.46","","","","","","NA"
"-79.63","43.68","TORONTO INTL A","6158731","2023-03-27 04:00","2023","03","27","04:00","","4.0","","0.0","","75","","","","5","","6","","9.7","","99.59","","","","","","Rain,Fog"
"-79.63","43.68","TORONTO INTL A","6158731","2023-03-27 05:00","2023","03","27","05:00","","3.0","","2.1","","94","","","","9","","4","","6.4","","99.62","","","","","","Rain,Fog"
"-79.63","43.68","TORONTO INTL A","6158731","2023-03-27 06:00","2023","03","27","06:00","","2.4","","2.4","","100","","","","10","","12","","9.7","","99.64","","","","","","Rain,Fog"
"-79.63","43.68","TORONTO INTL A","6158731","2023-03-27 07:00","2023","03","27","07:00","","2.5","","2.5","","100","","","","8","","12","","16.1","","99.65","","","","","","Rain"
"-79.63","43.68","TORONTO INTL A","6158731","2023-03-27 08:00","2023","03","27","08:00","","2.7","","2.7","","100","","","","7","","7","","24.1","","99.61","","","","","","NA"
"-79.63","43.68","TORONTO INTL A","6158731","2023-03-27 09:00","2023","03","27","09:00","","2.5","","2.5","","100","","","","3","","17","","19.3","","99.56","","","","","","Rain"
"-79.63","43.68","TORONTO INTL A","6158731","2023-03-27 10:00","2023","03","27","10:00","","2.5","","2.5","","100","","","","4","","15","","24.1","","99.59","","","","","","Cloudy"
"-79.63","43.68","TORONTO INTL A","6158731","2023-03-27 11:00","2023","03","27","11:00","","2.3","","2.3","","100","","","","3","","19","","24.1","","99.63","","","","","","Rain"
"-79.63","43.68","TORONTO INTL A","6158731","2023-03-27 12:00","2023","03","27","12:00","","2.4","","2.4","","100","","","","6","","13","","24.1","","99.61","","","","","","NA"
"-79.63","43.68","TORONTO INTL A","6158731","2023-03-27 13:00","2023","03","27","13:00","","3.1","","2.3","","94","","","","7","","13","","24.1","","99.62","","","","","","Cloudy"
"-79.63","43.68","TORONTO INTL A","6158731","2023-03-27 14:00","2023","03","27","14:00","","3.3","","1.6","","89","","","","6","","13","","24.1","","99.64","","","","","","NA"
"-79.63","43.68","TORONTO INTL A","6158731","2023-03-27 15:00","2023","03","27","15:00","","3.3","","2.0","","91","","","","7","","16","","24.1","","99.63","","","","","","NA"
"-79.63","43.68","TORONTO INTL A","6158731","2023-03-27 16:00","2023","03","27","16:00","","3.4","","2.0","","90","","","","8","","8","","24.1","","99.69","","","","","","Cloudy"
"-79.63","43.68","TORONTO INTL A","6158731","2023-03-27 17:00","2023","03","27","17:00","","4.0","","0.7","","79","","","","12","","7","","24.1","","99.73","","","","","","NA"
"-79.63","43.68","TORONTO INTL A","6158731","2023-03-27 18:00","2023","03","27","18:00","","4.3","","0.2","","74","","","","12","","7","","24.1","","99.82","","","","","","NA"
"-79.63","43.68","TORONTO INTL A","6158731","2023-03-27 19:00","2023","03","27","19:00","","2.6","","2.6","","100","","","","17","","8","","24.1","","99.86","","","","","","Mostly Cloudy"
"-79.63","43.68","TORONTO INTL A","6158731","2023-03-27 20:00","2023","03","27","20:00","","2.0","","2.0","","100","","","","21","","6","","24.1","","99.94","","","","","","NA"
"-79.63","43.68","TORONTO INTL A","6158731","2023-03-27 21:00","2023","03","27","21:00","","1.9","","1.9","","100","","","","23","","5","","24.1","","100.00","","","","","","NA"
"-79.63","43.68","TORONTO INTL A","6158731","2023-03-27 22:00","2023","03","27","22:00","","2.0","","2.0","","100","","","","24","","7","","24.1","","100.02","","","","","","Mostly Cloudy"
"-79.63","43.68","TORONTO INTL A","6158731","2023-03-27 23:00","2023","03","27","23:00","","2.0","","2.0","","100","","","","22","","10","","24.1","","100.00","","","","","","NA"
"-79.63","43.68","TORONTO INTL A","6158731","2023-03-28 00:00","2023","03","28","00:00","","1.9","","1.9","","100","","","","23","","8","","24.1","","100.01","","","","","","NA"
"-79.63","43.68","TORONTO INTL A","6158731","2023-03-28 01:00","2023","03","28","01:00","","1.7","","1.7","","100","","","","25","","9","","24.1","","100.00","","","","","","Mostly Cloudy"
"-79.63","43.68","TORONTO INTL A","6158731","2023-03-28 02:00","2023","03","28","02:00","","1.6","","1.6","","100","","","","28","","10","","24.1","","99.97","","","","","","NA"
"-79.63","43.68","TORONTO INTL A","6158731","2023-03-28 03:00","2023","03","28","03:00","","2.0","","2.0","","100","","","","31","","12","","24.1","","99.97","","","","","","NA"
"-79.63","43.68","TORONTO INTL A","6158731","2023-03-28 04:00","2023","03","28","04:00","","1.5","","1.1","","97","","","","29","","7","","24.1","","100.00","","","","","","Mostly Cloudy"
"-79.63","43.68","TORONTO INTL A","6158731","2023-03-28 05:00","2023","03","28","05:00","","1.4","","0.1","","91","","","","31","","10","","24.1","","100.02","","","","","","NA"
"-79.63","43.68","TORONTO INTL A","6158731","2023-03-28 06:00","2023","03","28","06:00","","1.1","","-1.6","","83","","","","30","","12","","24.1","","100.07","","","","","","NA"
"-79.63","43.68","TORONTO INTL A","6158731","2023-03-28 07:00","2023","03","28","07:00","","2.0","","-2.4","","73","","","","35","","18","","24.1","","100.12","","","","","","Mostly Cloudy"
"-79.63","43.68","TORONTO INTL A","6158731","2023-03-28 08:00","2023","03","28","08:00","","1.9","","-1.4","","79","","","","36","","17","","24.1","","100.15","","","","","","NA"
"-79.63","43.68","TORONTO INTL A","6158731","2023-03-28 09:00","2023","03","28","09:00","","3.5","","-0.1","","77","","","","36","","12","","24.1","","100.15","","","","","","NA"
"-79.63","43.68","TORONTO INTL A","6158731","2023-03-28 10:00","2023","03","28","10:00","","5.2","","-1.0","","64","","","","2","","14","","24.1","","100.15","","","","","","Mainly Clear"
"-79.63","43.68","TORONTO INTL A","6158731","2023-03-28 11:00","2023","03","28","11:00","","5.0","","-1.0","","65","","","","22","","3","","24.1","","100.14","","","","","","NA"
"-79.63","43.68","TORONTO INTL A","6158731","2023-03-28 12:00","2023","03","28","12:00","","5.0","","0.8","","75","","","","16","","15","","24.1","","100.14","","","","","","NA"
"-79.63","43.68","TORONTO INTL A","6158731","2023-03-28 13:00","2023","03","28","13:00","","5.9","","0.6","","69","","","","13","","13","","24.1","","100.11","","","","","","Mostly Cloudy"
"-79.63","43.68","TORONTO INTL A","6158731","2023-03-28 14:00","2023","03","28","14:00","","5.8","","1.4","","74","","","","17","","10","","24.1","","100.07","","","","","","NA"
"-79.63","43.68","TORONTO INTL A","6158731","2023-03-28 15:00","2023","03","28","15:00","","4.9","","1.1","","76","","","","15","","17","","24.1","","100.05","","","","","","NA"
"-79.63","43.68","TORONTO INTL A","6158731","2023-03-28 16:00","2023","03","28","16:00","","5.1","","0.8","","73","","","","14","","11","","24.1","","100.01","","","","","","Mostly Cloudy"
"-79.63","43.68","TORONTO INTL A","6158731","2023-03-28 17:00","2023","03","28","17:00","","5.0","","0.0","","70","","","","15","","15","","24.1","","100.00","","","","","","NA"
"-79.63","43.68","TORONTO INTL A","6158731","2023-03-28 18:00","2023","03","28","18:00","","5.1","","-1.5","","62","","","","17","","12","","24.1","","100.01","","","","","","NA"
"-79.63","43.68","TORONTO INTL A","6158731","2023-03-28 19:00","2023","03","28","19:00","","4.7","","-1.8","","62","","","","17","","8","","24.1","","100.00","","","","","","Mainly Clear"
"-79.63","43.68","TORONTO INTL A","6158731","2023-03-28 20:00","2023","03","28","20:00","","3.9","","0.4","","78","","","","17","","5","","24.1","","100.01","","","","","","NA"
"-79.63","43.68","TORONTO INTL A","6158731","2023-03-28 21:00","2023","03","28","21:00","","4.1","","1.9","","86","","","","23","","5","","24.1","","100.03","","","","","","NA"
"-79.63","43.68","TORONTO INTL A","6158731","2023-03-28 22:00","2023","03","28","22:00","","2.4","","-0.3","","83","","","","24","","12","","24.1","","100.01","","","","","","Mainly Clear"
"-79.63","43.68","TORONTO INTL A","6158731","2023-03-28 23:00","2023","03","28","23:00","","1.8","","-3.2","","69","","","","23","","8","","24.1","","99.95","","","","","","NA"
"-79.63","43.68","TORONTO INTL A","6158731","2023-03-29 00:00","2023","03","29","00:00","","1.7","","-4.0","","66","","","","25","","7","","24.1","","99.90","","","","","","NA"
"-79.63","43.68","TORONTO INTL A","6158731","2023-03-29 01:00","2023","03","29","01:00","","1.4","","-4.7","","64","","","","23","","11","","24.1","","99.86","","","","","","Clear"
"-79.63","43.68","TORONTO INTL A","6158731","2023-03-29 02:00","2023","03","29","02:00","","1.2","","-4.9","","64","","","","22","","10","","24.1","","99.82","","","","","","NA"
"-79.63","43.68","TORONTO INTL A","6158731","2023-03-29 03:00","2023","03","29","03:00","","1.0","","-3.6","","71","","","","22","","12","","24.1","","99.79","","","","","","NA"
"-79.63","43.68","TORONTO INTL A","6158731","2023-03-29 04:00","2023","03","29","04:00","","1.0","","-3.2","","74","","","","22","","11","","24.1","","99.75","","","","","","Clear"
"-79.63","43.68","TORONTO INTL A","6158731","2023-03-29 05:00","2023","03","29","05:00","","1.1","","-3.0","","74","","","","22","","9","","24.1","","99.76","","","","","","NA"
"-79.63","43.68","TORONTO INTL A","6158731","2023-03-29 06:00","2023","03","29","06:00","","1.3","","-2.7","","74","","","","20","","10","","24.1","","99.74","","","","","","NA"
"-79.63","43.68","TORONTO INTL A","6158731","2023-03-29 07:00","2023","03","29","07:00","","1.5","","-2.5","","74","","","","18","","10","","24.1","","99.73","","","","","","Mainly Clear"
"-79.63","43.68","TORONTO INTL A","6158731","2023-03-29 08:00","2023","03","29","08:00","","3.0","","-2.9","","65","","","","18","","13","","24.1","","99.65","","","","","","NA"
"-79.63","43.68","TORONTO INTL A","6158731","2023-03-29 09:00","2023","03","29","09:00","","5.1","","-2.0","","60","","","","18","","9","","24.1","","99.54","","","","","","NA"
"-79.63","43.68","TORONTO INTL A","6158731","2023-03-29 10:00","2023","03","29","10:00","","7.2","","-1.8","","53","","","","22","","28","","24.1","","99.45","","","","","","Mostly Cloudy"
"-79.63","43.68","TORONTO INTL A","6158731","2023-03-29 11:00","2023","03","29","11:00","","8.3","","-3.9","","42","","","","27","","45","","24.1","","99.36","","","","","","NA"
"-79.63","43.68","TORONTO INTL A","6158731","2023-03-29 12:00","2023","03","29","12:00","","7.5","","-3.0","","47","","","","28","","46","","24.1","","99.27","","","","","","NA"
"-79.63","43.68","TORONTO INTL A","6158731","2023-03-29 13:00","2023","03","29","13:00","","5.8","","0.2","","67","","","","24","","29","","19.3","","99.22","","","","","","Rain"
"-79.63","43.68","TORONTO INTL A","6158731","2023-03-29 14:00","2023","03","29","14:00","","3.5","","3.5","","100","","","","25","","27","","9.7","","99.19","","","","","","Rain,Fog"
"-79.63","43.68","TORONTO INTL A","6158731","2023-03-29 15:00","2023","03","29","15:00","","0.1","","-0.3","","97","","","","30","","35","","4.8","","99.40","","","","","","Snow,Fog"
"-79.63","43.68","TORONTO INTL A","6158731","2023-03-29 16:00","2023","03","29","16:00","","0.0","","-5.5","","67","","","","30","","46","","24.1","","99.50","","","","-8","","Mostly Cloudy"
"-79.63","43.68","TORONTO INTL A","6158731","2023-03-29 17:00","2023","03","29","17:00","","-0.7","","-9.3","","52","","","","30","","49","","24.1","","99.66","","","","-9","","NA"
"-79.63","43.68","TORONTO INTL A","6158731","2023-03-29 18:00","2023","03","29","18:00","","-1.8","","-8.9","","59","","","","30","","45","","24.1","","99.81","","","","-10","","NA"
"-79.63","43.68","TORONTO INTL A","6158731","2023-03-29 19:00","2023","03","29","19:00","","-2.9","","-9.2","","62","","","","30","","38","","24.1","","99.92","","","","-11","","Mainly Clear"
"-79.63","43.68","TORONTO INTL A","6158731","2023-03-29 20:00","2023","03","29","20:00","","-3.3","","-9.4","","63","","","","29","","32","","24.1","","100.06","","","","-11","","NA"
"-79.63","43.68","TORONTO INTL A","6158731","2023-03-29 21:00","2023","03","29","21:00","","-3.5","","-9.3","","64","","","","30","","29","","24.1","","100.18","","","","-11","","NA"
"-79.63","43.68","TORONTO INTL A","6158731","2023-03-29 22:00","2023","03","29","22:00","","-3.9","","-9.4","","66","","","","28","","23","","24.1","","100.25","","","","-11","","Clear"
"-79.63","43.68","TORONTO INTL A","6158731","2023-03-29 23:00","2023","03","29","23:00","","-4.1","","-9.9","","64","","","","30","","20","","24.1","","100.30","","","","-10","","NA"
"-79.63","43.68","TORONTO INTL A","6158731","2023-03-30 00:00","2023","03","30","00:00","","-5.1","","-9.8","","70","","","","28","","17","","24.1","","100.38","","","","-11","","NA"
"-79.63","43.68","TORONTO INTL A","6158731","2023-03-30 01:00","2023","03","30","01:00","","-6.3","","-9.8","","76","","","","27","","13","","24.1","","100.45","","","","-12","","Clear"
"-79.63","43.68","TORONTO INTL A","6158731","2023-03-30 02:00","2023","03","30","02:00","","-5.6","","-9.1","","77","","","","28","","9","","24.1","","100.48","","","","-10","","NA"
"-79.63","43.68","TORONTO INTL A","6158731","2023-03-30 03:00","2023","03","30","03:00","","-5.9","","-9.3","","77","","","","28","","14","","24.1","","100.51","","","","-11","","NA"
"-79.63","43.68","TORONTO INTL A","6158731","2023-03-30 04:00","2023","03","30","04:00","","-6.5","","-10.2","","75","","","","27","","14","","24.1","","100.52","","","","-12","","Clear"
"-79.63","43.68","TORONTO INTL A","6158731","2023-03-30 05:00","2023","03","30","05:00","","-6.4","","-10.4","","73","","","","28","","13","","24.1","","100.56","","","","-12","","NA"
"-79.63","43.68","TORONTO INTL A","6158731","2023-03-30 06:00","2023","03","30","06:00","","-6.0","","-10.0","","73","","","","27","","14","","24.1","","100.60","","","","-12","","NA"
"-79.63","43.68","TORONTO INTL A","6158731","2023-03-30 07:00","2023","03","30","07:00","","-4.2","","-8.7","","71","","","","27","","11","","24.1","","100.68","","","","-9","","Clear"
"-79.63","43.68","TORONTO INTL A","6158731","2023-03-30 08:00","2023","03","30","08:00","","-2.8","","-8.3","","66","","","","25","","15","","24.1","","100.73","","","","-8","","NA"
"-79.63","43.68","TORONTO INTL A","6158731","2023-03-30 09:00","2023","03","30","09:00","","-1.4","","-7.6","","63","","","","24","","11","","24.1","","100.71","","","","-5","","NA"
"-79.63","43.68","TORONTO INTL A","6158731","2023-03-30 10:00","2023","03","30","10:00","","-1.2","","-9.8","","52","","","","32","","9","","24.1","","100.73","","","","-4","","Mostly Cloudy"
"-79.63","43.68","TORONTO INTL A","6158731","2023-03-30 11:00","2023","03","30","11:00","","0.1","","-10.2","","46","","","","29","","18","","24.1","","100.71","","","","","","NA"
"-79.63","43.68","TORONTO INTL A","6158731","2023-03-30 12:00","2023","03","30","12:00","","0.7","","-9.9","","45","","","","27","","17","","24.1","","100.67","","","","","","NA"
"-79.63","43.68","TORONTO INTL A","6158731","2023-03-30 13:00","2023","03","30","13:00","","1.6","","-8.9","","46","","","","27","","14","","24.1","","100.64","","","","","","Mainly Clear"
"-79.63","43.68","TORONTO INTL A","6158731","2023-03-30 14:00","2023","03","30","14:00","","1.7","","-9.8","","42","","","","24","","9","","24.1","","100.57","","","","","","NA"
"-79.63","43.68","TORONTO INTL A","6158731","2023-03-30 15:00","2023","03","30","15:00","","3.6","","-9.7","","37","","","","25","","17","","24.1","","100.49","","","","","","NA"
"-79.63","43.68","TORONTO INTL A","6158731","2023-03-30 16:00","2023","03","30","16:00","","4.0","","-8.9","","38","","","","23","","13","","24.1","","100.41","","","","","","Clear"
"-79.63","43.68","TORONTO INTL A","6158731","2023-03-30 17:00","2023","03","30","17:00","","3.5","","-8.8","","40","","","","20","","18","","24.1","","100.35","","","","","","NA"
"-79.63","43.68","TORONTO INTL A","6158731","2023-03-30 18:00","2023","03","30","18:00","","2.7","","-5.5","","55","","","","18","","13","","24.1","","100.32","","","","","","NA"
"-79.63","43.68","TORONTO INTL A","6158731","2023-03-30 19:00","2023","03","30","19:00","","1.4","","-5.2","","61","","","","19","","16","","24.1","","100.38","","","","","","Mostly Cloudy"
"-79.63","43.68","TORONTO INTL A","6158731","2023-03-30 20:00","2023","03","30","20:00","","1.1","","-5.6","","61","","","","20","","13","","24.1","","100.36","","","","","","NA"
"-79.63","43.68","TORONTO INTL A","6158731","2023-03-30 21:00","2023","03","30","21:00","","0.9","","-5.9","","60","","","","23","","11","","24.1","","100.36","","","","","","NA"
"-79.63","43.68","TORONTO INTL A","6158731","2023-03-30 22:00","2023","03","30","22:00","","0.6","","-6.5","","59","","","","19","","6","","24.1","","100.29","","","","","","Mainly Clear"
"-79.63","43.68","TORONTO INTL A","6158731","2023-03-30 23:00","2023","03","30","23:00","","0.1","","-6.5","","61","","","","17","","5","","24.1","","100.24","","","","","","NA"
"-79.63","43.68","TORONTO INTL A","6158731","2023-03-31 00:00","2023","03","31","00:00","","0.0","","-6.7","","61","","","","16","","6","","24.1","","100.21","","","","-2","","NA"
"-79.63","43.68","TORONTO INTL A","6158731","2023-03-31 01:00","2023","03","31","01:00","","0.2","","-5.7","","64","","","","15","","6","","24.1","","100.16","","","","","","Cloudy"
"-79.63","43.68","TORONTO INTL A","6158731","2023-03-31 02:00","2023","03","31","02:00","","0.4","","-5.3","","65","","","","15","","7","","24.1","","100.13","","","","","","NA"
"-79.63","43.68","TORONTO INTL A","6158731","2023-03-31 03:00","2023","03","31","03:00","","0.7","","-4.5","","68","","","","16","","4","","24.1","","100.11","","","","","","NA"
"-79.63","43.68","TORONTO INTL A","6158731","2023-03-31 04:00","2023","03","31","04:00","","0.9","","-4.2","","69","","","","26","","4","","24.1","","100.14","","","","","","Cloudy"
"-79.63","43.68","TORONTO INTL A","6158731","2023-03-31 05:00","2023","03","31","05:00","","0.7","","-3.2","","75","","","","9","","7","","12.9","","100.00","","","","","","Rain"
"-79.63","43.68","TORONTO INTL A","6158731","2023-03-31 06:00","2023","03","31","06:00","","1.2","","-4.2","","67","","","","15","","8","","24.1","","99.97","","","","","","NA"
"-79.63","43.68","TORONTO INTL A","6158731","2023-03-31 07:00","2023","03","31","07:00","","1.5","","-3.0","","72","","","","11","","10","","19.3","","99.79","","","","","","Rain"
"-79.63","43.68","TORONTO INTL A","6158731","2023-03-31 08:00","2023","03","31","08:00","","2.4","","-3.5","","65","","","","11","","17","","24.1","","99.74","","","","","","NA"
"-79.63","43.68","TORONTO INTL A","6158731","2023-03-31 09:00","2023","03","31","09:00","","1.9","","1.0","","93","","","","11","","15","","9.7","","99.61","","","","","","Rain,Fog"
"-79.63","43.68","TORONTO INTL A","6158731","2023-03-31 10:00","2023","03","31","10:00","","1.9","","1.9","","100","","","","8","","15","","9.7","","99.49","","","","","","Rain,Fog"
"-79.63","43.68","TORONTO INTL A","6158731","2023-03-31 11:00","2023","03","31","11:00","","2.2","","2.2","","100","","","","10","","10","","9.7","","99.37","","","","","","Rain,Fog"
"-79.63","43.68","TORONTO INTL A","6158731","2023-03-31 12:00","2023","03","31","12:00","","4.0","","4.0","","100","","","","10","","11","","9.7","","99.16","","","","","","Rain,Fog"
"-79.63","43.68","TORONTO INTL A","6158731","2023-03-31 13:00","2023","03","31","13:00","","4.4","","3.1","","91","","","","13","","16","","19.3","","99.03","","","","","","Cloudy"
"-79.63","43.68","TORONTO INTL A","6158731","2023-03-31 14:00","2023","03","31","14:00","","4.4","","4.4","","100","","","","12","","8","","16.1","","98.88","","","","","","NA"
"-79.63","43.68","TORONTO INTL A","6158731","2023-03-31 15:00","2023","03","31","15:00","","3.8","","3.8","","100","","","","13","","9","","4.8","","98.79","","","","","","Drizzle,Fog"
"-79.63","43.68","TORONTO INTL A","6158731","2023-03-31 16:00","2023","03","31","16:00","","4.1","","4.1","","100","","","","10","","12","","2.4","","98.69","","","","","","Drizzle,Fog"
"-79.63","43.68","TORONTO INTL A","6158731","2023-03-31 17:00","2023","03","31","17:00","","4.2","","4.2","","100","","","","8","","12","","2.0","","98.64","","","","","","Drizzle,Fog"
"-79.63","43.68","TORONTO INTL A","6158731","2023-03-31 18:00","2023","03","31","18:00","","4.1","","4.1","","100","","","","10","","12","","1.6","","98.66","","","","","","Drizzle,Fog"
"-79.63","43.68","TORONTO INTL A","6158731","2023-03-31 19:00","2023","03","31","19:00","","4.0","","4.0","","100","","","","9","","7","","3.2","","98.60","","","","","","Drizzle,Fog"
"-79.63","43.68","TORONTO INTL A","6158731","2023-03-31 20:00","2023","03","31","20:00","","4.0","","4.0","","100","","","","9","","10","","4.8","","98.55","","","","","","Drizzle,Fog"
"-79.63","43.68","TORONTO INTL A","6158731","2023-03-31 21:00","2023","03","31","21:00","","4.0","","4.0","","100","","","","8","","10","","3.2","","98.42","","","","","","Drizzle,Fog"
"-79.63","43.68","TORONTO INTL A","6158731","2023-03-31 22:00","2023","03","31","22:00","","3.9","","3.9","","100","","","","5","","8","","2.0","","98.35","","","","","","Drizzle,Fog"
"-79.63","43.68","TORONTO INTL A","6158731","2023-03-31 23:00","2023","03","31","23:00","","3.9","","3.9","","100","","","","5","","11","","3.2","","98.19","","","","","","Drizzle,Fog"
