"Longitude (x)","Latitude (y)","Station Name","Climate ID","Date/Time (LST)","Year","Month","Day","Time (LST)","Flag","Temp (°C)","Temp Flag","Dew Point Temp (°C)","Dew Point Temp Flag","Rel Hum (%)","Rel Hum Flag","Precip. Amount (mm)","Precip. Amount Flag","Wind Dir (10s deg)","Wind Dir Flag","Wind Spd (km/h)","Wind Spd Flag","Visibility (km)","Visibility Flag","Stn Press (kPa)","Stn Press Flag","Hmdx","Hmdx Flag","Wind Chill","Wind Chill Flag","Weather"
"-79.63","43.68","TORONTO INTL A","6158731","2023-08-01 00:00","2023","08","01","00:00","","15.6","","8.8","","63","","","","35","","13","","24.1","","99.99","","","","","","NA"
"-79.63","43.68","TORONTO INTL A","6158731","2023-08-01 01:00","2023","08","01","01:00","","15.1","","9.2","","68","","","","35","","12","","24.1","","99.99","","","","","","Clear"
"-79.63","43.68","TORONTO INTL A","6158731","2023-08-01 02:00","2023","08","01","02:00","","14.8","","9.3","","69","","","","34","","10","","24.1","","100.00","","","","","","NA"
"-79.63","43.68","TORONTO INTL A","6158731","2023-08-01 03:00","2023","08","01","03:00","","14.7","","9.0","","69","","","","34","","11","","24.1","","100.03","","","","","","NA"
"-79.63","43.68","TORONTO INTL A","6158731","2023-08-01 04:00","2023","08","01","04:00","","14.5","","9.1","","70","","","","35","","9","","24.1","","100.07","","","","","","Mainly Clear"
"-79.63","43.68","TORONTO INTL A","6158731","2023-08-01 05:00","2023","08","01","05:00","","14.5","","9.2","","70","","","","33","","8","","24.1","","100.12","","","","","","NA"
"-79.63","43.68","TORONTO INTL A","6158731","2023-08-01 06:00","2023","08","01","06:00","","14.1","","9.7","","75","","","","30","","9","","24.1","","100.18","","","","","","NA"
"-79.63","43.68","TORONTO INTL A","6158731","2023-08-01 07:00","2023","08","01","07:00","","16.4","","10.4","","67","","","","34","","10","","24.1","","100.23","","","","","","Mainly Clear"
"-79.63","43.68","TORONTO INTL A","6158731","2023-08-01 08:00","2023","08","01","08:00","","18.8","","10.5","","58","","","","2","","8","","24.1","","100.26","","","","","","NA"
"-79.63","43.68","TORONTO INTL A","6158731","2023-08-01 09:00","2023","08","01","09:00","","20.4","","11.0","","54","","","","1","","7","","24.1","","100.25","","","","","","NA"
"-79.63","43.68","TORONTO INTL A","6158731","2023-08-01 10:00","2023","08","01","10:00","","21.3","","9.4","","46","","","","33","","5","","24.1","","100.28","","","","","","Mainly Clear"
"-79.63","43.68","TORONTO INTL A","6158731","2023-08-01 11:00","2023","08","01","11:00","","22.9","","9.4","","42","","","","2","","15","","24.1","","100.27","","","","","","NA"
"-79.63","43.68","TORONTO INTL A","6158731","2023-08-01 12:00","2023","08","01","12:00","","23.2","","9.7","","42","","","","2","","10","","24.1","","100.19","","","","","","NA"
"-79.63","43.68","TORONTO INTL A","6158731","2023-08-01 13:00","2023","08","01","13:00","","22.8","","7.8","","38","","","","7","","9","","24.1","","100.17","","","","","","Mostly Cloudy"
"-79.63","43.68","TORONTO INTL A","6158731","2023-08-01 14:00","2023","08","01","14:00","","23.1","","10.7","","45","","","","16","","17","","24.1","","100.15","","25","","","","NA"
"-79.63","43.68","TORONTO INTL A","6158731","2023-08-01 15:00","2023","08","01","15:00","","22.2","","10.2","","46","","","","14","","15","","24.1","","100.17","","","","","","NA"
"-79.63","43.68","TORONTO INTL A","6158731","2023-08-01 16:00","2023","08","01","16:00","","23.0","","11.0","","46","","","","17","","13","","24.1","","100.12","","25","","","","Mostly Cloudy"
"-79.63","43.68","TORONTO INTL A","6158731","2023-08-01 17:00","2023","08","01","17:00","","22.3","","11.7","","50","","","","14","","16","","24.1","","100.10","","","","","","NA"
"-79.63","43.68","TORONTO INTL A","6158731","2023-08-01 18:00","2023","08","01","18:00","","21.3","","8.4","","43","","","","2","","16","","24.1","","100.14","","","","","","Rain Showers"
"-79.63","43.68","TORONTO INTL A","6158731","2023-08-01 19:00","2023","08","01","19:00","","21.0","","8.4","","44","","","","5","","5","","24.1","","100.12","","","","","","Mostly Cloudy"
"-79.63","43.68","TORONTO INTL A","6158731","2023-08-01 20:00","2023","08","01","20:00","","21.1","","8.0","","43","","","","13","","5","","24.1","","100.15","","","","","","NA"
"-79.63","43.68","TORONTO INTL A","6158731","2023-08-01 21:00","2023","08","01","21:00","","20.8","","7.6","","42","","","","15","","4","","24.1","","100.20","","","","","","NA"
"-79.63","43.68","TORONTO INTL A","6158731","2023-08-01 22:00","2023","08","01","22:00","","20.0","","9.9","","52","","","","17","","4","","24.1","","100.19","","","","","","Mostly Cloudy"
"-79.63","43.68","TORONTO INTL A","6158731","2023-08-01 23:00","2023","08","01","23:00","","19.9","","10.8","","56","","","","22","","4","","24.1","","100.18","","","","","","NA"
"-79.63","43.68","TORONTO INTL A","6158731","2023-08-02 00:00","2023","08","02","00:00","","18.8","","11.0","","60","","","","31","","4","","24.1","","100.18","","","","","","NA"
"-79.63","43.68","TORONTO INTL A","6158731","2023-08-02 01:00","2023","08","02","01:00","","17.3","","11.9","","70","","","","31","","8","","24.1","","100.18","","","","","","Mainly Clear"
"-79.63","43.68","TORONTO INTL A","6158731","2023-08-02 02:00","2023","08","02","02:00","","16.5","","11.5","","72","","","","1","","7","","24.1","","100.17","","","","","","NA"
"-79.63","43.68","TORONTO INTL A","6158731","2023-08-02 03:00","2023","08","02","03:00","","15.8","","11.3","","74","","","","21","","4","","24.1","","100.14","","","","","","NA"
"-79.63","43.68","TORONTO INTL A","6158731","2023-08-02 04:00","2023","08","02","04:00","","15.9","","12.0","","77","","","","31","","6","","24.1","","100.17","","","","","","Mainly Clear"
"-79.63","43.68","TORONTO INTL A","6158731","2023-08-02 05:00","2023","08","02","05:00","","15.8","","12.5","","81","","","","34","","6","","24.1","","100.20","","","","","","NA"
"-79.63","43.68","TORONTO INTL A","6158731","2023-08-02 06:00","2023","08","02","06:00","","17.1","","12.7","","75","","","","","","0","","24.1","","100.20","","","","","","NA"
"-79.63","43.68","TORONTO INTL A","6158731","2023-08-02 07:00","2023","08","02","07:00","","17.8","","12.9","","73","","","","","","0","","24.1","","100.17","","","","","","Cloudy"
"-79.63","43.68","TORONTO INTL A","6158731","2023-08-02 08:00","2023","08","02","08:00","","20.2","","12.1","","59","","","","23","","3","","24.1","","100.17","","","","","","NA"
"-79.63","43.68","TORONTO INTL A","6158731","2023-08-02 09:00","2023","08","02","09:00","","19.9","","13.1","","64","","","","18","","8","","24.1","","100.16","","","","","","NA"
"-79.63","43.68","TORONTO INTL A","6158731","2023-08-02 10:00","2023","08","02","10:00","","20.9","","13.5","","62","","","","19","","10","","24.1","","100.17","","","","","","Cloudy"
"-79.63","43.68","TORONTO INTL A","6158731","2023-08-02 11:00","2023","08","02","11:00","","21.8","","13.7","","60","","","","19","","8","","24.1","","100.14","","25","","","","NA"
"-79.63","43.68","TORONTO INTL A","6158731","2023-08-02 12:00","2023","08","02","12:00","","22.6","","15.7","","64","","","","15","","12","","24.1","","100.11","","27","","","","NA"
"-79.63","43.68","TORONTO INTL A","6158731","2023-08-02 13:00","2023","08","02","13:00","","23.6","","15.3","","59","","","","14","","18","","24.1","","100.04","","28","","","","Cloudy"
"-79.63","43.68","TORONTO INTL A","6158731","2023-08-02 14:00","2023","08","02","14:00","","23.2","","14.8","","59","","","","14","","17","","24.1","","99.96","","27","","","","NA"
"-79.63","43.68","TORONTO INTL A","6158731","2023-08-02 15:00","2023","08","02","15:00","","23.7","","14.8","","57","","","","15","","19","","24.1","","99.90","","28","","","","NA"
"-79.63","43.68","TORONTO INTL A","6158731","2023-08-02 16:00","2023","08","02","16:00","","24.1","","15.4","","58","","","","15","","15","","24.1","","99.84","","28","","","","Cloudy"
"-79.63","43.68","TORONTO INTL A","6158731","2023-08-02 17:00","2023","08","02","17:00","","24.2","","16.5","","61","","","","17","","13","","24.1","","99.76","","29","","","","NA"
"-79.63","43.68","TORONTO INTL A","6158731","2023-08-02 18:00","2023","08","02","18:00","","24.5","","16.2","","59","","","","18","","19","","24.1","","99.74","","29","","","","NA"
"-79.63","43.68","TORONTO INTL A","6158731","2023-08-02 19:00","2023","08","02","19:00","","23.4","","16.2","","64","","","","19","","10","","24.1","","99.71","","28","","","","Cloudy"
"-79.63","43.68","TORONTO INTL A","6158731","2023-08-02 20:00","2023","08","02","20:00","","22.7","","16.5","","68","","","","19","","8","","24.1","","99.67","","28","","","","NA"
"-79.63","43.68","TORONTO INTL A","6158731","2023-08-02 21:00","2023","08","02","21:00","","22.5","","16.6","","69","","","","21","","12","","24.1","","99.69","","28","","","","NA"
"-79.63","43.68","TORONTO INTL A","6158731","2023-08-02 22:00","2023","08","02","22:00","","22.2","","16.4","","69","","","","21","","16","","24.1","","99.66","","27","","","","Mostly Cloudy"
"-79.63","43.68","TORONTO INTL A","6158731","2023-08-02 23:00","2023","08","02","23:00","","21.9","","16.3","","70","","","","22","","18","","24.1","","99.62","","27","","","","NA"
"-79.63","43.68","TORONTO INTL A","6158731","2023-08-03 00:00","2023","08","03","00:00","","21.2","","16.6","","75","","","","23","","10","","24.1","","99.60","","26","","","","NA"
"-79.63","43.68","TORONTO INTL A","6158731","2023-08-03 01:00","2023","08","03","01:00","","20.2","","14.7","","70","","","","23","","17","","24.1","","99.55","","","","","","Cloudy"
"-79.63","43.68","TORONTO INTL A","6158731","2023-08-03 02:00","2023","08","03","02:00","","19.8","","14.7","","72","","","","21","","14","","24.1","","99.48","","","","","","NA"
"-79.63","43.68","TORONTO INTL A","6158731","2023-08-03 03:00","2023","08","03","03:00","","19.4","","16.0","","81","","","","21","","9","","24.1","","99.47","","","","","","Rain"
"-79.63","43.68","TORONTO INTL A","6158731","2023-08-03 04:00","2023","08","03","04:00","","18.9","","18.1","","95","","","","20","","9","","24.1","","99.47","","","","","","Rain"
"-79.63","43.68","TORONTO INTL A","6158731","2023-08-03 05:00","2023","08","03","05:00","","19.8","","18.5","","92","","","","21","","10","","19.3","","99.44","","","","","","NA"
"-79.63","43.68","TORONTO INTL A","6158731","2023-08-03 06:00","2023","08","03","06:00","","19.9","","18.5","","92","","","","20","","8","","19.3","","99.47","","","","","","NA"
"-79.63","43.68","TORONTO INTL A","6158731","2023-08-03 07:00","2023","08","03","07:00","","20.2","","18.8","","92","","","","18","","8","","24.1","","99.46","","27","","","","Mainly Clear"
"-79.63","43.68","TORONTO INTL A","6158731","2023-08-03 08:00","2023","08","03","08:00","","22.5","","18.9","","80","","","","24","","16","","16.1","","99.41","","29","","","","NA"
"-79.63","43.68","TORONTO INTL A","6158731","2023-08-03 09:00","2023","08","03","09:00","","24.4","","19.9","","76","","","","25","","16","","19.3","","99.36","","32","","","","NA"
"-79.63","43.68","TORONTO INTL A","6158731","2023-08-03 10:00","2023","08","03","10:00","","25.9","","19.4","","67","","","","25","","15","","19.3","","99.31","","33","","","","Clear"
"-79.63","43.68","TORONTO INTL A","6158731","2023-08-03 11:00","2023","08","03","11:00","","27.1","","18.8","","60","","","","24","","19","","19.3","","99.28","","34","","","","NA"
"-79.63","43.68","TORONTO INTL A","6158731","2023-08-03 12:00","2023","08","03","12:00","","27.9","","18.0","","54","","","","23","","23","","24.1","","99.23","","34","","","","NA"
"-79.63","43.68","TORONTO INTL A","6158731","2023-08-03 13:00","2023","08","03","13:00","","27.8","","17.7","","53","","","","22","","22","","24.1","","99.18","","34","","","","Mainly Clear"
"-79.63","43.68","TORONTO INTL A","6158731","2023-08-03 14:00","2023","08","03","14:00","","28.5","","17.9","","52","","","","21","","17","","24.1","","99.16","","34","","","","NA"
"-79.63","43.68","TORONTO INTL A","6158731","2023-08-03 15:00","2023","08","03","15:00","","29.1","","18.4","","52","","","","25","","24","","24.1","","99.11","","35","","","","NA"
"-79.63","43.68","TORONTO INTL A","6158731","2023-08-03 16:00","2023","08","03","16:00","","28.1","","17.1","","51","","","","23","","30","","24.1","","99.02","","33","","","","Mainly Clear"
"-79.63","43.68","TORONTO INTL A","6158731","2023-08-03 17:00","2023","08","03","17:00","","28.2","","17.6","","52","","","","25","","24","","24.1","","98.99","","34","","","","NA"
"-79.63","43.68","TORONTO INTL A","6158731","2023-08-03 18:00","2023","08","03","18:00","","27.5","","17.9","","55","","","","22","","25","","24.1","","98.94","","33","","","","NA"
"-79.63","43.68","TORONTO INTL A","6158731","2023-08-03 19:00","2023","08","03","19:00","","26.2","","18.2","","61","","","","22","","20","","24.1","","98.95","","32","","","","Mostly Cloudy"
"-79.63","43.68","TORONTO INTL A","6158731","2023-08-03 20:00","2023","08","03","20:00","","25.5","","18.0","","63","","","","22","","22","","19.3","","98.99","","32","","","","NA"
"-79.63","43.68","TORONTO INTL A","6158731","2023-08-03 21:00","2023","08","03","21:00","","19.2","","17.0","","87","","","","6","","17","","16.1","","99.13","","","","","","Rain Showers"
"-79.63","43.68","TORONTO INTL A","6158731","2023-08-03 22:00","2023","08","03","22:00","","19.2","","17.4","","89","","","","21","","9","","12.9","","99.11","","","","","","Thunderstorms,Rain Showers"
"-79.63","43.68","TORONTO INTL A","6158731","2023-08-03 23:00","2023","08","03","23:00","","19.2","","18.1","","93","","","","23","","10","","16.1","","99.08","","","","","","Thunderstorms,Rain Showers"
"-79.63","43.68","TORONTO INTL A","6158731","2023-08-04 00:00","2023","08","04","00:00","","18.7","","18.6","","99","","","","15","","10","","24.1","","99.03","","","","","","NA"
"-79.63","43.68","TORONTO INTL A","6158731","2023-08-04 01:00","2023","08","04","01:00","","18.4","","17.9","","97","","","","21","","11","","24.1","","99.03","","","","","","Mainly Clear"
"-79.63","43.68","TORONTO INTL A","6158731","2023-08-04 02:00","2023","08","04","02:00","","17.9","","17.3","","96","","","","24","","5","","24.1","","98.94","","","","","","NA"
"-79.63","43.68","TORONTO INTL A","6158731","2023-08-04 03:00","2023","08","04","03:00","","17.4","","17.3","","99","","","","26","","11","","24.1","","98.95","","","","","","NA"
"-79.63","43.68","TORONTO INTL A","6158731","2023-08-04 04:00","2023","08","04","04:00","","17.5","","17.1","","98","","","","26","","11","","24.1","","98.92","","","","","","Mainly Clear"
"-79.63","43.68","TORONTO INTL A","6158731","2023-08-04 05:00","2023","08","04","05:00","","17.0","","16.6","","98","","","","28","","8","","24.1","","98.97","","","","","","NA"
"-79.63","43.68","TORONTO INTL A","6158731","2023-08-04 06:00","2023","08","04","06:00","","18.1","","16.1","","88","","","","31","","7","","24.1","","98.99","","","","","","NA"
"-79.63","43.68","TORONTO INTL A","6158731","2023-08-04 07:00","2023","08","04","07:00","","19.4","","16.4","","83","","","","33","","15","","24.1","","99.04","","","","","","Clear"
"-79.63","43.68","TORONTO INTL A","6158731","2023-08-04 08:00","2023","08","04","08:00","","20.0","","17.1","","83","","","","33","","22","","24.1","","99.09","","25","","","","NA"
"-79.63","43.68","TORONTO INTL A","6158731","2023-08-04 09:00","2023","08","04","09:00","","21.4","","16.9","","75","","","","32","","23","","24.1","","99.11","","27","","","","NA"
"-79.63","43.68","TORONTO INTL A","6158731","2023-08-04 10:00","2023","08","04","10:00","","22.6","","17.3","","71","","","","35","","20","","24.1","","99.19","","28","","","","Mostly Cloudy"
"-79.63","43.68","TORONTO INTL A","6158731","2023-08-04 11:00","2023","08","04","11:00","","23.9","","17.3","","66","","","","31","","18","","24.1","","99.19","","29","","","","NA"
"-79.63","43.68","TORONTO INTL A","6158731","2023-08-04 12:00","2023","08","04","12:00","","25.2","","17.3","","61","","","","30","","11","","24.1","","99.20","","31","","","","NA"
"-79.63","43.68","TORONTO INTL A","6158731","2023-08-04 13:00","2023","08","04","13:00","","25.6","","15.4","","53","","","","34","","15","","24.1","","99.20","","30","","","","Mostly Cloudy"
"-79.63","43.68","TORONTO INTL A","6158731","2023-08-04 14:00","2023","08","04","14:00","","26.6","","16.8","","54","","","","31","","19","","24.1","","99.20","","32","","","","NA"
"-79.63","43.68","TORONTO INTL A","6158731","2023-08-04 15:00","2023","08","04","15:00","","26.7","","15.4","","49","","","","34","","23","","24.1","","99.18","","31","","","","NA"
"-79.63","43.68","TORONTO INTL A","6158731","2023-08-04 16:00","2023","08","04","16:00","","26.5","","15.9","","52","","","","36","","25","","24.1","","99.18","","31","","","","Mainly Clear"
"-79.63","43.68","TORONTO INTL A","6158731","2023-08-04 17:00","2023","08","04","17:00","","25.8","","17.0","","58","","","","36","","21","","24.1","","99.25","","31","","","","NA"
"-79.63","43.68","TORONTO INTL A","6158731","2023-08-04 18:00","2023","08","04","18:00","","24.3","","15.3","","57","","","","35","","32","","24.1","","99.30","","28","","","","NA"
"-79.63","43.68","TORONTO INTL A","6158731","2023-08-04 19:00","2023","08","04","19:00","","22.8","","16.0","","65","","","","35","","23","","24.1","","99.37","","27","","","","Clear"
"-79.63","43.68","TORONTO INTL A","6158731","2023-08-04 20:00","2023","08","04","20:00","","21.7","","16.2","","70","","","","35","","23","","24.1","","99.40","","26","","","","NA"
"-79.63","43.68","TORONTO INTL A","6158731","2023-08-04 21:00","2023","08","04","21:00","","21.0","","16.3","","74","","","","33","","22","","24.1","","99.48","","26","","","","NA"
"-79.63","43.68","TORONTO INTL A","6158731","2023-08-04 22:00","2023","08","04","22:00","","20.4","","16.3","","77","","","","34","","23","","24.1","","99.49","","25","","","","Clear"
"-79.63","43.68","TORONTO INTL A","6158731","2023-08-04 23:00","2023","08","04","23:00","","19.8","","16.3","","80","","","","35","","22","","24.1","","99.49","","","","","","NA"
"-79.63","43.68","TORONTO INTL A","6158731","2023-08-05 00:00","2023","08","05","00:00","","19.2","","16.4","","84","","","","35","","18","","24.1","","99.53","","","","","","NA"
"-79.63","43.68","TORONTO INTL A","6158731","2023-08-05 01:00","2023","08","05","01:00","","18.8","","16.5","","86","","","","35","","18","","19.3","","99.55","","","","","","Clear"
"-79.63","43.68","TORONTO INTL A","6158731","2023-08-05 02:00","2023","08","05","02:00","","18.2","","16.0","","86","","","","36","","14","","19.3","","99.57","","","","","","NA"
"-79.63","43.68","TORONTO INTL A","6158731","2023-08-05 03:00","2023","08","05","03:00","","18.4","","14.7","","79","","","","35","","12","","24.1","","99.65","","","","","","NA"
"-79.63","43.68","TORONTO INTL A","6158731","2023-08-05 04:00","2023","08","05","04:00","","17.5","","14.5","","82","","","","36","","10","","24.1","","99.64","","","","","","Mainly Clear"
"-79.63","43.68","TORONTO INTL A","6158731","2023-08-05 05:00","2023","08","05","05:00","","17.9","","14.6","","81","","","","33","","11","","24.1","","99.70","","","","","","NA"
"-79.63","43.68","TORONTO INTL A","6158731","2023-08-05 06:00","2023","08","05","06:00","","17.5","","14.7","","83","","","","36","","16","","20.9","","99.75","","","","","","NA"
"-79.63","43.68","TORONTO INTL A","6158731","2023-08-05 07:00","2023","08","05","07:00","","18.1","","14.2","","78","","","","1","","18","","24.1","","99.77","","","","","","Mainly Clear"
"-79.63","43.68","TORONTO INTL A","6158731","2023-08-05 08:00","2023","08","05","08:00","","19.7","","14.2","","70","","","","1","","16","","24.1","","99.81","","","","","","NA"
"-79.63","43.68","TORONTO INTL A","6158731","2023-08-05 09:00","2023","08","05","09:00","","20.2","","14.1","","67","","","","1","","13","","24.1","","99.83","","","","","","NA"
"-79.63","43.68","TORONTO INTL A","6158731","2023-08-05 10:00","2023","08","05","10:00","","21.8","","13.1","","57","","","","3","","17","","24.1","","99.80","","25","","","","Mostly Cloudy"
"-79.63","43.68","TORONTO INTL A","6158731","2023-08-05 11:00","2023","08","05","11:00","","22.8","","12.3","","51","","","","1","","14","","24.1","","99.80","","25","","","","NA"
"-79.63","43.68","TORONTO INTL A","6158731","2023-08-05 12:00","2023","08","05","12:00","","23.1","","12.3","","50","","","","35","","11","","24.1","","99.79","","26","","","","NA"
"-79.63","43.68","TORONTO INTL A","6158731","2023-08-05 13:00","2023","08","05","13:00","","24.4","","12.7","","47","","","","36","","14","","24.1","","99.74","","27","","","","Mostly Cloudy"
"-79.63","43.68","TORONTO INTL A","6158731","2023-08-05 14:00","2023","08","05","14:00","","23.8","","9.3","","39","","","","36","","15","","24.1","","99.76","","25","","","","NA"
"-79.63","43.68","TORONTO INTL A","6158731","2023-08-05 15:00","2023","08","05","15:00","","24.0","","9.5","","39","","","","36","","9","","24.1","","99.73","","25","","","","NA"
"-79.63","43.68","TORONTO INTL A","6158731","2023-08-05 16:00","2023","08","05","16:00","","23.2","","14.5","","57","","","","16","","13","","24.1","","99.70","","27","","","","Mainly Clear"
"-79.63","43.68","TORONTO INTL A","6158731","2023-08-05 17:00","2023","08","05","17:00","","22.8","","12.5","","52","","","","16","","15","","24.1","","99.71","","25","","","","NA"
"-79.63","43.68","TORONTO INTL A","6158731","2023-08-05 18:00","2023","08","05","18:00","","22.5","","11.8","","50","","","","15","","15","","24.1","","99.70","","25","","","","NA"
"-79.63","43.68","TORONTO INTL A","6158731","2023-08-05 19:00","2023","08","05","19:00","","21.8","","11.3","","51","","","","16","","8","","24.1","","99.71","","","","","","Mainly Clear"
"-79.63","43.68","TORONTO INTL A","6158731","2023-08-05 20:00","2023","08","05","20:00","","21.1","","11.4","","53","","","","15","","5","","24.1","","99.70","","","","","","NA"
"-79.63","43.68","TORONTO INTL A","6158731","2023-08-05 21:00","2023","08","05","21:00","","20.6","","10.7","","53","","","","","","0","","24.1","","99.71","","","","","","NA"
"-79.63","43.68","TORONTO INTL A","6158731","2023-08-05 22:00","2023","08","05","22:00","","20.1","","11.1","","56","","","","7","","3","","24.1","","99.70","","","","","","Mainly Clear"
"-79.63","43.68","TORONTO INTL A","6158731","2023-08-05 23:00","2023","08","05","23:00","","18.4","","12.6","","68","","","","1","","10","","24.1","","99.69","","","","","","NA"
"-79.63","43.68","TORONTO INTL A","6158731","2023-08-06 00:00","2023","08","06","00:00","","17.7","","12.8","","73","","","","1","","8","","24.1","","99.68","","","","","","NA"
"-79.63","43.68","TORONTO INTL A","6158731","2023-08-06 01:00","2023","08","06","01:00","","17.1","","13.0","","77","","","","","","0","","24.1","","99.71","","","","","","Mainly Clear"
"-79.63","43.68","TORONTO INTL A","6158731","2023-08-06 02:00","2023","08","06","02:00","","16.1","","12.7","","80","","","","35","","5","","24.1","","99.71","","","","","","NA"
"-79.63","43.68","TORONTO INTL A","6158731","2023-08-06 03:00","2023","08","06","03:00","","15.7","","12.9","","83","","","","33","","7","","24.1","","99.70","","","","","","NA"
"-79.63","43.68","TORONTO INTL A","6158731","2023-08-06 04:00","2023","08","06","04:00","","15.5","","12.8","","84","","","","33","","8","","24.1","","99.67","","","","","","Clear"
"-79.63","43.68","TORONTO INTL A","6158731","2023-08-06 05:00","2023","08","06","05:00","","15.4","","12.9","","85","","","","","","0","","24.1","","99.66","","","","","","NA"
"-79.63","43.68","TORONTO INTL A","6158731","2023-08-06 06:00","2023","08","06","06:00","","16.0","","12.8","","81","","","","3","","6","","24.1","","99.64","","","","","","NA"
"-79.63","43.68","TORONTO INTL A","6158731","2023-08-06 07:00","2023","08","06","07:00","","17.7","","13.9","","78","","","","5","","6","","24.1","","99.61","","","","","","Mainly Clear"
"-79.63","43.68","TORONTO INTL A","6158731","2023-08-06 08:00","2023","08","06","08:00","","20.7","","16.0","","74","","","","9","","11","","24.1","","99.59","","25","","","","NA"
"-79.63","43.68","TORONTO INTL A","6158731","2023-08-06 09:00","2023","08","06","09:00","","22.4","","15.5","","64","","","","11","","16","","24.1","","99.54","","27","","","","NA"
"-79.63","43.68","TORONTO INTL A","6158731","2023-08-06 10:00","2023","08","06","10:00","","22.9","","12.8","","52","","","","11","","22","","24.1","","99.51","","26","","","","Clear"
"-79.63","43.68","TORONTO INTL A","6158731","2023-08-06 11:00","2023","08","06","11:00","","23.5","","14.3","","56","","","","9","","25","","24.1","","99.44","","27","","","","NA"
"-79.63","43.68","TORONTO INTL A","6158731","2023-08-06 12:00","2023","08","06","12:00","","25.0","","14.3","","51","","","","8","","18","","24.1","","99.42","","29","","","","NA"
"-79.63","43.68","TORONTO INTL A","6158731","2023-08-06 13:00","2023","08","06","13:00","","24.1","","13.7","","52","","","","7","","16","","24.1","","99.39","","27","","","","Mostly Cloudy"
"-79.63","43.68","TORONTO INTL A","6158731","2023-08-06 14:00","2023","08","06","14:00","","23.2","","13.6","","54","","","","10","","23","","24.1","","99.35","","26","","","","NA"
"-79.63","43.68","TORONTO INTL A","6158731","2023-08-06 15:00","2023","08","06","15:00","","22.9","","14.1","","57","","","","8","","19","","24.1","","99.31","","26","","","","NA"
"-79.63","43.68","TORONTO INTL A","6158731","2023-08-06 16:00","2023","08","06","16:00","","22.6","","12.3","","52","","","","8","","22","","24.1","","99.24","","25","","","","Cloudy"
"-79.63","43.68","TORONTO INTL A","6158731","2023-08-06 17:00","2023","08","06","17:00","","21.6","","14.2","","62","","","","6","","14","","24.1","","99.16","","25","","","","Rain"
"-79.63","43.68","TORONTO INTL A","6158731","2023-08-06 18:00","2023","08","06","18:00","","22.3","","11.7","","51","","","","9","","19","","24.1","","99.10","","","","","","NA"
"-79.63","43.68","TORONTO INTL A","6158731","2023-08-06 19:00","2023","08","06","19:00","","22.7","","9.1","","41","","","","8","","20","","24.1","","99.03","","","","","","Cloudy"
"-79.63","43.68","TORONTO INTL A","6158731","2023-08-06 20:00","2023","08","06","20:00","","20.3","","14.3","","68","","","","7","","14","","19.3","","99.01","","","","","","Rain Showers"
"-79.63","43.68","TORONTO INTL A","6158731","2023-08-06 21:00","2023","08","06","21:00","","20.5","","13.6","","64","","","","6","","17","","24.1","","98.97","","","","","","NA"
"-79.63","43.68","TORONTO INTL A","6158731","2023-08-06 22:00","2023","08","06","22:00","","18.6","","14.6","","77","","","","4","","16","","9.7","","98.98","","","","","","Moderate Rain Showers,Fog"
"-79.63","43.68","TORONTO INTL A","6158731","2023-08-06 23:00","2023","08","06","23:00","","18.7","","16.3","","85","","","","6","","14","","19.3","","98.88","","","","","","Rain Showers"
"-79.63","43.68","TORONTO INTL A","6158731","2023-08-07 00:00","2023","08","07","00:00","","19.8","","17.4","","86","","","","8","","20","","12.9","","98.79","","","","","","Rain Showers"
"-79.63","43.68","TORONTO INTL A","6158731","2023-08-07 01:00","2023","08","07","01:00","","19.9","","19.9","","100","","","","8","","18","","24.1","","98.69","","","","","","Cloudy"
"-79.63","43.68","TORONTO INTL A","6158731","2023-08-07 02:00","2023","08","07","02:00","","20.2","","20.2","","100","","","","8","","10","","19.3","","98.65","","28","","","","NA"
"-79.63","43.68","TORONTO INTL A","6158731","2023-08-07 03:00","2023","08","07","03:00","","20.0","","20.0","","100","","","","8","","20","","19.3","","98.59","","28","","","","NA"
"-79.63","43.68","TORONTO INTL A","6158731","2023-08-07 04:00","2023","08","07","04:00","","20.3","","20.3","","100","","","","11","","18","","19.3","","98.55","","28","","","","Cloudy"
"-79.63","43.68","TORONTO INTL A","6158731","2023-08-07 05:00","2023","08","07","05:00","","20.7","","20.7","","100","","","","16","","9","","9.7","","98.54","","29","","","","Rain,Fog"
"-79.63","43.68","TORONTO INTL A","6158731","2023-08-07 06:00","2023","08","07","06:00","","20.5","","20.5","","100","","","","14","","8","","9.7","","98.50","","28","","","","Fog"
"-79.63","43.68","TORONTO INTL A","6158731","2023-08-07 07:00","2023","08","07","07:00","","20.9","","20.9","","100","","","","15","","10","","9.7","","98.51","","29","","","","Fog"
"-79.63","43.68","TORONTO INTL A","6158731","2023-08-07 08:00","2023","08","07","08:00","","20.9","","20.9","","100","","","","17","","13","","4.0","","98.49","","29","","","","Rain,Fog"
"-79.63","43.68","TORONTO INTL A","6158731","2023-08-07 09:00","2023","08","07","09:00","","21.1","","21.1","","100","","","","15","","13","","9.7","","98.44","","30","","","","Rain,Fog"
"-79.63","43.68","TORONTO INTL A","6158731","2023-08-07 10:00","2023","08","07","10:00","","22.4","","22.0","","98","","","","21","","10","","16.1","","98.42","","32","","","","Rain"
"-79.63","43.68","TORONTO INTL A","6158731","2023-08-07 11:00","2023","08","07","11:00","","22.9","","21.1","","90","","","","16","","10","","24.1","","98.36","","31","","","","Rain Showers"
"-79.63","43.68","TORONTO INTL A","6158731","2023-08-07 12:00","2023","08","07","12:00","","23.6","","21.2","","86","","","","16","","10","","24.1","","98.30","","32","","","","NA"
"-79.63","43.68","TORONTO INTL A","6158731","2023-08-07 13:00","2023","08","07","13:00","","24.3","","20.3","","78","","","","19","","16","","24.1","","98.25","","32","","","","Cloudy"
"-79.63","43.68","TORONTO INTL A","6158731","2023-08-07 14:00","2023","08","07","14:00","","24.7","","20.1","","75","","","","19","","19","","24.1","","98.17","","32","","","","NA"
"-79.63","43.68","TORONTO INTL A","6158731","2023-08-07 15:00","2023","08","07","15:00","","24.8","","18.8","","69","","","","22","","19","","24.1","","98.15","","31","","","","NA"
"-79.63","43.68","TORONTO INTL A","6158731","2023-08-07 16:00","2023","08","07","16:00","","24.8","","18.8","","69","","","","22","","18","","24.1","","98.13","","31","","","","Cloudy"
"-79.63","43.68","TORONTO INTL A","6158731","2023-08-07 17:00","2023","08","07","17:00","","24.0","","18.3","","70","","","","26","","26","","24.1","","98.12","","30","","","","NA"
"-79.63","43.68","TORONTO INTL A","6158731","2023-08-07 18:00","2023","08","07","18:00","","22.4","","18.1","","76","","","","23","","14","","24.1","","98.12","","28","","","","Rain"
"-79.63","43.68","TORONTO INTL A","6158731","2023-08-07 19:00","2023","08","07","19:00","","22.3","","17.6","","74","","","","22","","16","","24.1","","98.09","","28","","","","Cloudy"
"-79.63","43.68","TORONTO INTL A","6158731","2023-08-07 20:00","2023","08","07","20:00","","21.2","","18.2","","83","","","","21","","11","","24.1","","98.10","","27","","","","Rain"
"-79.63","43.68","TORONTO INTL A","6158731","2023-08-07 21:00","2023","08","07","21:00","","20.2","","18.0","","87","","","","24","","13","","24.1","","98.09","","26","","","","NA"
"-79.63","43.68","TORONTO INTL A","6158731","2023-08-07 22:00","2023","08","07","22:00","","19.3","","18.2","","94","","","","25","","8","","24.1","","98.10","","","","","","Mostly Cloudy"
"-79.63","43.68","TORONTO INTL A","6158731","2023-08-07 23:00","2023","08","07","23:00","","19.9","","18.7","","93","","","","25","","7","","24.1","","98.14","","","","","","NA"
"-79.63","43.68","TORONTO INTL A","6158731","2023-08-08 00:00","2023","08","08","00:00","","18.9","","18.9","","100","","","","34","","25","","8.1","","98.14","","","","","","Rain,Fog"
"-79.63","43.68","TORONTO INTL A","6158731","2023-08-08 01:00","2023","08","08","01:00","","18.4","","17.5","","95","","","","33","","28","","24.1","","98.17","","","","","","Cloudy"
"-79.63","43.68","TORONTO INTL A","6158731","2023-08-08 02:00","2023","08","08","02:00","","18.1","","16.5","","91","","","","32","","27","","24.1","","98.19","","","","","","NA"
"-79.63","43.68","TORONTO INTL A","6158731","2023-08-08 03:00","2023","08","08","03:00","","17.6","","15.8","","89","","","","32","","31","","24.1","","98.20","","","","","","NA"
"-79.63","43.68","TORONTO INTL A","6158731","2023-08-08 04:00","2023","08","08","04:00","","17.9","","15.4","","86","","","","31","","26","","24.1","","98.24","","","","","","Cloudy"
"-79.63","43.68","TORONTO INTL A","6158731","2023-08-08 05:00","2023","08","08","05:00","","17.8","","15.3","","85","","","","29","","25","","24.1","","98.26","","","","","","NA"
"-79.63","43.68","TORONTO INTL A","6158731","2023-08-08 06:00","2023","08","08","06:00","","18.1","","15.1","","83","","","","30","","28","","24.1","","98.33","","","","","","NA"
"-79.63","43.68","TORONTO INTL A","6158731","2023-08-08 07:00","2023","08","08","07:00","","18.1","","15.3","","84","","","","29","","23","","24.1","","98.39","","","","","","Cloudy"
"-79.63","43.68","TORONTO INTL A","6158731","2023-08-08 08:00","2023","08","08","08:00","","17.9","","15.4","","85","","","","30","","28","","16.1","","98.48","","","","","","NA"
"-79.63","43.68","TORONTO INTL A","6158731","2023-08-08 09:00","2023","08","08","09:00","","19.2","","15.2","","78","","","","30","","37","","24.1","","98.50","","","","","","NA"
"-79.63","43.68","TORONTO INTL A","6158731","2023-08-08 10:00","2023","08","08","10:00","","21.0","","15.6","","71","","","","32","","37","","24.1","","98.52","","25","","","","Mostly Cloudy"
"-79.63","43.68","TORONTO INTL A","6158731","2023-08-08 11:00","2023","08","08","11:00","","21.4","","15.3","","67","","","","32","","39","","24.1","","98.54","","26","","","","NA"
"-79.63","43.68","TORONTO INTL A","6158731","2023-08-08 12:00","2023","08","08","12:00","","22.8","","15.4","","63","","","","34","","39","","24.1","","98.55","","27","","","","NA"
"-79.63","43.68","TORONTO INTL A","6158731","2023-08-08 13:00","2023","08","08","13:00","","24.3","","16.3","","60","","","","35","","30","","24.1","","98.58","","29","","","","Mostly Cloudy"
"-79.63","43.68","TORONTO INTL A","6158731","2023-08-08 14:00","2023","08","08","14:00","","25.8","","16.5","","56","","","","32","","27","","24.1","","98.63","","31","","","","NA"
"-79.63","43.68","TORONTO INTL A","6158731","2023-08-08 15:00","2023","08","08","15:00","","25.2","","13.2","","47","","","","31","","33","","24.1","","98.67","","28","","","","NA"
"-79.63","43.68","TORONTO INTL A","6158731","2023-08-08 16:00","2023","08","08","16:00","","25.3","","12.1","","43","","","","33","","40","","24.1","","98.70","","28","","","","Mostly Cloudy"
"-79.63","43.68","TORONTO INTL A","6158731","2023-08-08 17:00","2023","08","08","17:00","","24.0","","11.8","","46","","","","34","","30","","24.1","","98.73","","26","","","","NA"
"-79.63","43.68","TORONTO INTL A","6158731","2023-08-08 18:00","2023","08","08","18:00","","23.8","","12.5","","49","","","","34","","27","","24.1","","98.77","","26","","","","NA"
"-79.63","43.68","TORONTO INTL A","6158731","2023-08-08 19:00","2023","08","08","19:00","","23.2","","12.1","","49","","","","33","","22","","24.1","","98.82","","26","","","","Mostly Cloudy"
"-79.63","43.68","TORONTO INTL A","6158731","2023-08-08 20:00","2023","08","08","20:00","","22.2","","13.7","","58","","","","30","","16","","24.1","","98.81","","25","","","","NA"
"-79.63","43.68","TORONTO INTL A","6158731","2023-08-08 21:00","2023","08","08","21:00","","20.5","","13.2","","62","","","","29","","13","","24.1","","98.84","","","","","","NA"
"-79.63","43.68","TORONTO INTL A","6158731","2023-08-08 22:00","2023","08","08","22:00","","19.3","","13.6","","69","","","","29","","11","","24.1","","98.85","","","","","","Mainly Clear"
"-79.63","43.68","TORONTO INTL A","6158731","2023-08-08 23:00","2023","08","08","23:00","","18.6","","13.3","","71","","","","28","","12","","24.1","","98.83","","","","","","NA"
"-79.63","43.68","TORONTO INTL A","6158731","2023-08-09 00:00","2023","08","09","00:00","","17.0","","12.8","","76","","","","27","","12","","24.1","","98.83","","","","","","NA"
"-79.63","43.68","TORONTO INTL A","6158731","2023-08-09 01:00","2023","08","09","01:00","","16.5","","12.4","","76","","","","28","","8","","24.1","","98.82","","","","","","Mainly Clear"
"-79.63","43.68","TORONTO INTL A","6158731","2023-08-09 02:00","2023","08","09","02:00","","16.9","","12.9","","77","","","","28","","13","","24.1","","98.83","","","","","","NA"
"-79.63","43.68","TORONTO INTL A","6158731","2023-08-09 03:00","2023","08","09","03:00","","17.5","","13.1","","75","","","","28","","7","","24.1","","98.80","","","","","","NA"
"-79.63","43.68","TORONTO INTL A","6158731","2023-08-09 04:00","2023","08","09","04:00","","16.3","","13.5","","83","","","","26","","8","","24.1","","98.81","","","","","","Mostly Cloudy"
"-79.63","43.68","TORONTO INTL A","6158731","2023-08-09 05:00","2023","08","09","05:00","","17.6","","13.8","","78","","","","28","","8","","24.1","","98.84","","","","","","NA"
"-79.63","43.68","TORONTO INTL A","6158731","2023-08-09 06:00","2023","08","09","06:00","","18.3","","14.8","","80","","","","26","","8","","24.1","","98.83","","","","","","NA"
"-79.63","43.68","TORONTO INTL A","6158731","2023-08-09 07:00","2023","08","09","07:00","","19.7","","15.6","","77","","","","28","","7","","24.1","","98.84","","","","","","Mainly Clear"
"-79.63","43.68","TORONTO INTL A","6158731","2023-08-09 08:00","2023","08","09","08:00","","21.8","","15.8","","68","","","","28","","11","","24.1","","98.81","","26","","","","NA"
"-79.63","43.68","TORONTO INTL A","6158731","2023-08-09 09:00","2023","08","09","09:00","","23.8","","16.6","","64","","","","27","","10","","24.1","","98.81","","29","","","","NA"
"-79.63","43.68","TORONTO INTL A","6158731","2023-08-09 10:00","2023","08","09","10:00","","25.2","","15.4","","54","","","","30","","9","","24.1","","98.79","","29","","","","Clear"
"-79.63","43.68","TORONTO INTL A","6158731","2023-08-09 11:00","2023","08","09","11:00","","26.2","","14.8","","49","","","","32","","7","","24.1","","98.75","","30","","","","NA"
"-79.63","43.68","TORONTO INTL A","6158731","2023-08-09 12:00","2023","08","09","12:00","","27.7","","15.8","","48","","","","25","","11","","24.1","","98.73","","32","","","","NA"
"-79.63","43.68","TORONTO INTL A","6158731","2023-08-09 13:00","2023","08","09","13:00","","28.2","","14.9","","44","","","","31","","14","","24.1","","98.73","","32","","","","Mostly Cloudy"
"-79.63","43.68","TORONTO INTL A","6158731","2023-08-09 14:00","2023","08","09","14:00","","27.0","","14.1","","44","","","","29","","17","","24.1","","98.72","","30","","","","NA"
"-79.63","43.68","TORONTO INTL A","6158731","2023-08-09 15:00","2023","08","09","15:00","","28.2","","14.5","","42","","","","27","","20","","24.1","","98.64","","32","","","","NA"
"-79.63","43.68","TORONTO INTL A","6158731","2023-08-09 16:00","2023","08","09","16:00","","28.4","","14.2","","41","","","","29","","22","","24.1","","98.59","","32","","","","Mainly Clear"
"-79.63","43.68","TORONTO INTL A","6158731","2023-08-09 17:00","2023","08","09","17:00","","28.0","","15.0","","45","","","","26","","17","","24.1","","98.59","","32","","","","NA"
"-79.63","43.68","TORONTO INTL A","6158731","2023-08-09 18:00","2023","08","09","18:00","","26.4","","13.6","","45","","","","29","","22","","24.1","","98.57","","30","","","","NA"
"-79.63","43.68","TORONTO INTL A","6158731","2023-08-09 19:00","2023","08","09","19:00","","25.0","","13.0","","47","","","","27","","18","","24.1","","98.61","","28","","","","Mostly Cloudy"
"-79.63","43.68","TORONTO INTL A","6158731","2023-08-09 20:00","2023","08","09","20:00","","23.4","","13.0","","51","","","","27","","12","","24.1","","98.63","","26","","","","NA"
"-79.63","43.68","TORONTO INTL A","6158731","2023-08-09 21:00","2023","08","09","21:00","","22.5","","15.2","","63","","","","24","","15","","24.1","","98.65","","27","","","","NA"
"-79.63","43.68","TORONTO INTL A","6158731","2023-08-09 22:00","2023","08","09","22:00","","21.9","","16.9","","73","","","","25","","16","","24.1","","98.63","","27","","","","Mostly Cloudy"
"-79.63","43.68","TORONTO INTL A","6158731","2023-08-09 23:00","2023","08","09","23:00","","21.1","","16.8","","76","","","","24","","9","","24.1","","98.56","","26","","","","NA"
"-79.63","43.68","TORONTO INTL A","6158731","2023-08-10 00:00","2023","08","10","00:00","","20.7","","16.8","","78","","","","25","","9","","24.1","","98.51","","26","","","","NA"
"-79.63","43.68","TORONTO INTL A","6158731","2023-08-10 01:00","2023","08","10","01:00","","21.0","","17.5","","80","","","","24","","8","","24.1","","98.48","","27","","","","Mostly Cloudy"
"-79.63","43.68","TORONTO INTL A","6158731","2023-08-10 02:00","2023","08","10","02:00","","20.5","","17.4","","82","","","","24","","6","","24.1","","98.41","","26","","","","NA"
"-79.63","43.68","TORONTO INTL A","6158731","2023-08-10 03:00","2023","08","10","03:00","","20.1","","17.1","","83","","","","28","","8","","24.1","","98.37","","25","","","","NA"
"-79.63","43.68","TORONTO INTL A","6158731","2023-08-10 04:00","2023","08","10","04:00","","20.2","","17.1","","83","","","","30","","7","","24.1","","98.32","","26","","","","Mostly Cloudy"
"-79.63","43.68","TORONTO INTL A","6158731","2023-08-10 05:00","2023","08","10","05:00","","20.0","","16.9","","82","","","","17","","4","","24.1","","98.30","","25","","","","NA"
"-79.63","43.68","TORONTO INTL A","6158731","2023-08-10 06:00","2023","08","10","06:00","","19.8","","17.7","","88","","","","28","","10","","24.1","","98.36","","","","","","NA"
"-79.63","43.68","TORONTO INTL A","6158731","2023-08-10 07:00","2023","08","10","07:00","","20.7","","18.0","","84","","","","20","","13","","24.1","","98.35","","27","","","","Mainly Clear"
"-79.63","43.68","TORONTO INTL A","6158731","2023-08-10 08:00","2023","08","10","08:00","","22.6","","18.5","","77","","","","24","","18","","24.1","","98.34","","29","","","","NA"
"-79.63","43.68","TORONTO INTL A","6158731","2023-08-10 09:00","2023","08","10","09:00","","23.9","","17.6","","68","","","","23","","15","","24.1","","98.32","","30","","","","NA"
"-79.63","43.68","TORONTO INTL A","6158731","2023-08-10 10:00","2023","08","10","10:00","","24.8","","18.1","","66","","","","26","","17","","24.1","","98.28","","31","","","","Mostly Cloudy"
"-79.63","43.68","TORONTO INTL A","6158731","2023-08-10 11:00","2023","08","10","11:00","","24.1","","17.6","","67","","","","28","","23","","24.1","","98.26","","30","","","","NA"
"-79.63","43.68","TORONTO INTL A","6158731","2023-08-10 12:00","2023","08","10","12:00","","20.8","","14.1","","65","","","","32","","36","","24.1","","98.30","","","","","","Rain Showers"
"-79.63","43.68","TORONTO INTL A","6158731","2023-08-10 13:00","2023","08","10","13:00","","20.0","","16.0","","78","","","","26","","16","","24.1","","98.28","","25","","","","Rain Showers"
"-79.63","43.68","TORONTO INTL A","6158731","2023-08-10 14:00","2023","08","10","14:00","","22.6","","16.8","","69","","","","27","","13","","24.1","","98.26","","28","","","","NA"
"-79.63","43.68","TORONTO INTL A","6158731","2023-08-10 15:00","2023","08","10","15:00","","24.3","","15.7","","58","","","","29","","24","","24.1","","98.24","","29","","","","NA"
"-79.63","43.68","TORONTO INTL A","6158731","2023-08-10 16:00","2023","08","10","16:00","","25.1","","15.4","","54","","","","34","","17","","24.1","","98.26","","29","","","","Mainly Clear"
"-79.63","43.68","TORONTO INTL A","6158731","2023-08-10 17:00","2023","08","10","17:00","","25.3","","14.8","","52","","","","32","","12","","24.1","","98.30","","29","","","","NA"
"-79.63","43.68","TORONTO INTL A","6158731","2023-08-10 18:00","2023","08","10","18:00","","24.6","","12.8","","47","","","","31","","23","","24.1","","98.33","","27","","","","NA"
"-79.63","43.68","TORONTO INTL A","6158731","2023-08-10 19:00","2023","08","10","19:00","","23.7","","13.1","","51","","","","35","","19","","24.1","","98.39","","27","","","","Mainly Clear"
"-79.63","43.68","TORONTO INTL A","6158731","2023-08-10 20:00","2023","08","10","20:00","","22.0","","15.4","","66","","","","2","","15","","24.1","","98.43","","26","","","","NA"
"-79.63","43.68","TORONTO INTL A","6158731","2023-08-10 21:00","2023","08","10","21:00","","20.9","","15.3","","70","","","","36","","17","","24.1","","98.50","","25","","","","NA"
"-79.63","43.68","TORONTO INTL A","6158731","2023-08-10 22:00","2023","08","10","22:00","","20.6","","14.7","","69","","","","36","","14","","24.1","","98.54","","","","","","Mostly Cloudy"
"-79.63","43.68","TORONTO INTL A","6158731","2023-08-10 23:00","2023","08","10","23:00","","20.6","","12.9","","61","","","","30","","17","","24.1","","98.57","","","","","","NA"
"-79.63","43.68","TORONTO INTL A","6158731","2023-08-11 00:00","2023","08","11","00:00","","19.6","","11.4","","59","","","","31","","18","","24.1","","98.56","","","","","","NA"
"-79.63","43.68","TORONTO INTL A","6158731","2023-08-11 01:00","2023","08","11","01:00","","19.4","","12.0","","62","","","","31","","25","","24.1","","98.59","","","","","","Mostly Cloudy"
"-79.63","43.68","TORONTO INTL A","6158731","2023-08-11 02:00","2023","08","11","02:00","","18.0","","12.8","","71","","","","30","","22","","24.1","","98.61","","","","","","NA"
"-79.63","43.68","TORONTO INTL A","6158731","2023-08-11 03:00","2023","08","11","03:00","","16.4","","12.9","","80","","","","29","","18","","24.1","","98.64","","","","","","NA"
"-79.63","43.68","TORONTO INTL A","6158731","2023-08-11 04:00","2023","08","11","04:00","","15.9","","13.0","","83","","","","29","","16","","24.1","","98.69","","","","","","Clear"
"-79.63","43.68","TORONTO INTL A","6158731","2023-08-11 05:00","2023","08","11","05:00","","15.2","","13.0","","86","","","","29","","13","","24.1","","98.74","","","","","","NA"
"-79.63","43.68","TORONTO INTL A","6158731","2023-08-11 06:00","2023","08","11","06:00","","16.1","","12.9","","81","","","","31","","12","","24.1","","98.81","","","","","","NA"
"-79.63","43.68","TORONTO INTL A","6158731","2023-08-11 07:00","2023","08","11","07:00","","17.7","","13.5","","76","","","","29","","14","","24.1","","98.89","","","","","","Clear"
"-79.63","43.68","TORONTO INTL A","6158731","2023-08-11 08:00","2023","08","11","08:00","","19.3","","12.8","","66","","","","30","","17","","24.1","","98.94","","","","","","NA"
"-79.63","43.68","TORONTO INTL A","6158731","2023-08-11 09:00","2023","08","11","09:00","","20.5","","12.9","","61","","","","29","","14","","24.1","","98.97","","","","","","NA"
"-79.63","43.68","TORONTO INTL A","6158731","2023-08-11 10:00","2023","08","11","10:00","","21.2","","13.0","","59","","","","32","","11","","24.1","","98.98","","","","","","Mainly Clear"
"-79.63","43.68","TORONTO INTL A","6158731","2023-08-11 11:00","2023","08","11","11:00","","22.9","","12.8","","52","","","","28","","9","","24.1","","98.97","","26","","","","NA"
"-79.63","43.68","TORONTO INTL A","6158731","2023-08-11 12:00","2023","08","11","12:00","","23.4","","14.2","","56","","","","26","","14","","24.1","","98.99","","27","","","","NA"
"-79.63","43.68","TORONTO INTL A","6158731","2023-08-11 13:00","2023","08","11","13:00","","24.1","","11.4","","44","","","","27","","3","","24.1","","98.98","","26","","","","Mostly Cloudy"
"-79.63","43.68","TORONTO INTL A","6158731","2023-08-11 14:00","2023","08","11","14:00","","24.2","","12.4","","47","","","","29","","10","","24.1","","98.97","","27","","","","NA"
"-79.63","43.68","TORONTO INTL A","6158731","2023-08-11 15:00","2023","08","11","15:00","","25.5","","12.3","","43","","","","26","","19","","24.1","","98.93","","28","","","","NA"
"-79.63","43.68","TORONTO INTL A","6158731","2023-08-11 16:00","2023","08","11","16:00","","24.6","","13.1","","48","","","","23","","14","","24.1","","98.88","","27","","","","Mostly Cloudy"
"-79.63","43.68","TORONTO INTL A","6158731","2023-08-11 17:00","2023","08","11","17:00","","24.4","","11.9","","45","","","","27","","16","","24.1","","98.91","","27","","","","NA"
"-79.63","43.68","TORONTO INTL A","6158731","2023-08-11 18:00","2023","08","11","18:00","","23.1","","12.6","","51","","","","27","","14","","24.1","","98.89","","26","","","","NA"
"-79.63","43.68","TORONTO INTL A","6158731","2023-08-11 19:00","2023","08","11","19:00","","22.9","","12.8","","52","","","","28","","10","","24.1","","98.95","","26","","","","Mostly Cloudy"
"-79.63","43.68","TORONTO INTL A","6158731","2023-08-11 20:00","2023","08","11","20:00","","22.3","","14.0","","59","","","","17","","10","","24.1","","99.00","","26","","","","NA"
"-79.63","43.68","TORONTO INTL A","6158731","2023-08-11 21:00","2023","08","11","21:00","","21.8","","15.7","","68","","","","18","","7","","24.1","","98.99","","26","","","","NA"
"-79.63","43.68","TORONTO INTL A","6158731","2023-08-11 22:00","2023","08","11","22:00","","21.3","","16.3","","73","","","","16","","10","","24.1","","98.90","","26","","","","Cloudy"
"-79.63","43.68","TORONTO INTL A","6158731","2023-08-11 23:00","2023","08","11","23:00","","20.9","","16.2","","75","","","","16","","10","","24.1","","98.92","","26","","","","NA"
"-79.63","43.68","TORONTO INTL A","6158731","2023-08-12 00:00","2023","08","12","00:00","","20.9","","14.4","","66","","","","16","","8","","24.1","","98.93","","25","","","","NA"
"-79.63","43.68","TORONTO INTL A","6158731","2023-08-12 01:00","2023","08","12","01:00","","20.6","","14.1","","66","","","","15","","8","","24.1","","98.87","","","","","","Mostly Cloudy"
"-79.63","43.68","TORONTO INTL A","6158731","2023-08-12 02:00","2023","08","12","02:00","","20.3","","15.5","","74","","","","16","","8","","24.1","","98.83","","25","","","","NA"
"-79.63","43.68","TORONTO INTL A","6158731","2023-08-12 03:00","2023","08","12","03:00","","19.3","","15.8","","80","","","","15","","6","","24.1","","98.78","","","","","","NA"
"-79.63","43.68","TORONTO INTL A","6158731","2023-08-12 04:00","2023","08","12","04:00","","19.4","","16.6","","84","","","","12","","7","","24.1","","98.77","","","","","","Mostly Cloudy"
"-79.63","43.68","TORONTO INTL A","6158731","2023-08-12 05:00","2023","08","12","05:00","","19.7","","17.1","","85","","","","12","","10","","24.1","","98.73","","","","","","NA"
"-79.63","43.68","TORONTO INTL A","6158731","2023-08-12 06:00","2023","08","12","06:00","","20.0","","16.5","","80","","","","15","","12","","24.1","","98.73","","25","","","","NA"
"-79.63","43.68","TORONTO INTL A","6158731","2023-08-12 07:00","2023","08","12","07:00","","20.6","","17.9","","84","","","","14","","16","","24.1","","98.62","","27","","","","Mostly Cloudy"
"-79.63","43.68","TORONTO INTL A","6158731","2023-08-12 08:00","2023","08","12","08:00","","20.8","","19.7","","94","","","","17","","9","","16.1","","98.63","","28","","","","NA"
"-79.63","43.68","TORONTO INTL A","6158731","2023-08-12 09:00","2023","08","12","09:00","","20.9","","20.1","","96","","","","20","","7","","19.3","","98.64","","29","","","","Rain Showers"
"-79.63","43.68","TORONTO INTL A","6158731","2023-08-12 10:00","2023","08","12","10:00","","20.8","","19.4","","92","","","","20","","15","","24.1","","98.61","","28","","","","Mostly Cloudy"
"-79.63","43.68","TORONTO INTL A","6158731","2023-08-12 11:00","2023","08","12","11:00","","22.9","","17.4","","71","","","","22","","10","","24.1","","98.60","","28","","","","NA"
"-79.63","43.68","TORONTO INTL A","6158731","2023-08-12 12:00","2023","08","12","12:00","","26.5","","20.6","","70","","","","25","","16","","24.1","","98.55","","35","","","","NA"
"-79.63","43.68","TORONTO INTL A","6158731","2023-08-12 13:00","2023","08","12","13:00","","28.3","","19.9","","60","","","","24","","32","","24.1","","98.47","","36","","","","Mostly Cloudy"
"-79.63","43.68","TORONTO INTL A","6158731","2023-08-12 14:00","2023","08","12","14:00","","28.3","","16.9","","49","","","","26","","33","","24.1","","98.43","","34","","","","NA"
"-79.63","43.68","TORONTO INTL A","6158731","2023-08-12 15:00","2023","08","12","15:00","","28.2","","17.6","","52","","","","27","","29","","24.1","","98.40","","34","","","","NA"
"-79.63","43.68","TORONTO INTL A","6158731","2023-08-12 16:00","2023","08","12","16:00","","28.3","","17.6","","52","","","","25","","32","","24.1","","98.46","","34","","","","Mostly Cloudy"
"-79.63","43.68","TORONTO INTL A","6158731","2023-08-12 17:00","2023","08","12","17:00","","27.3","","17.7","","55","","","","26","","23","","24.1","","98.49","","33","","","","NA"
"-79.63","43.68","TORONTO INTL A","6158731","2023-08-12 18:00","2023","08","12","18:00","","26.5","","16.7","","54","","","","27","","27","","24.1","","98.54","","32","","","","NA"
"-79.63","43.68","TORONTO INTL A","6158731","2023-08-12 19:00","2023","08","12","19:00","","25.3","","16.6","","58","","","","29","","18","","24.1","","98.62","","30","","","","Mainly Clear"
"-79.63","43.68","TORONTO INTL A","6158731","2023-08-12 20:00","2023","08","12","20:00","","23.5","","16.5","","64","","","","28","","13","","24.1","","98.67","","28","","","","NA"
"-79.63","43.68","TORONTO INTL A","6158731","2023-08-12 21:00","2023","08","12","21:00","","23.6","","16.2","","63","","","","31","","15","","24.1","","98.75","","28","","","","NA"
"-79.63","43.68","TORONTO INTL A","6158731","2023-08-12 22:00","2023","08","12","22:00","","22.6","","16.8","","69","","","","33","","12","","24.1","","98.78","","28","","","","Mostly Cloudy"
"-79.63","43.68","TORONTO INTL A","6158731","2023-08-12 23:00","2023","08","12","23:00","","20.5","","17.1","","81","","","","36","","17","","24.1","","98.83","","26","","","","NA"
"-79.63","43.68","TORONTO INTL A","6158731","2023-08-13 00:00","2023","08","13","00:00","","20.1","","16.9","","82","","","","34","","15","","24.1","","98.84","","25","","","","NA"
"-79.63","43.68","TORONTO INTL A","6158731","2023-08-13 01:00","2023","08","13","01:00","","19.4","","14.3","","72","","","","30","","17","","24.1","","98.84","","","","","","Clear"
"-79.63","43.68","TORONTO INTL A","6158731","2023-08-13 02:00","2023","08","13","02:00","","16.9","","14.4","","85","","","","27","","9","","24.1","","98.87","","","","","","NA"
"-79.63","43.68","TORONTO INTL A","6158731","2023-08-13 03:00","2023","08","13","03:00","","16.7","","14.3","","86","","","","25","","8","","24.1","","98.90","","","","","","NA"
"-79.63","43.68","TORONTO INTL A","6158731","2023-08-13 04:00","2023","08","13","04:00","","16.1","","14.4","","90","","","","28","","11","","24.1","","98.97","","","","","","Mainly Clear"
"-79.63","43.68","TORONTO INTL A","6158731","2023-08-13 05:00","2023","08","13","05:00","","16.1","","14.6","","91","","","","23","","9","","24.1","","99.03","","","","","","NA"
"-79.63","43.68","TORONTO INTL A","6158731","2023-08-13 06:00","2023","08","13","06:00","","17.0","","15.7","","92","","","","25","","10","","24.1","","99.09","","","","","","NA"
"-79.63","43.68","TORONTO INTL A","6158731","2023-08-13 07:00","2023","08","13","07:00","","18.0","","15.1","","83","","","","27","","16","","24.1","","99.14","","","","","","Mostly Cloudy"
"-79.63","43.68","TORONTO INTL A","6158731","2023-08-13 08:00","2023","08","13","08:00","","20.0","","14.9","","72","","","","26","","17","","24.1","","99.16","","","","","","NA"
"-79.63","43.68","TORONTO INTL A","6158731","2023-08-13 09:00","2023","08","13","09:00","","21.4","","13.8","","61","","","","29","","28","","24.1","","99.12","","25","","","","NA"
"-79.63","43.68","TORONTO INTL A","6158731","2023-08-13 10:00","2023","08","13","10:00","","22.1","","14.5","","62","","","","28","","24","","24.1","","99.19","","26","","","","Mostly Cloudy"
"-79.63","43.68","TORONTO INTL A","6158731","2023-08-13 11:00","2023","08","13","11:00","","22.5","","14.1","","59","","","","30","","27","","24.1","","99.23","","26","","","","NA"
"-79.63","43.68","TORONTO INTL A","6158731","2023-08-13 12:00","2023","08","13","12:00","","23.0","","14.6","","59","","","","28","","24","","24.1","","99.26","","27","","","","NA"
"-79.63","43.68","TORONTO INTL A","6158731","2023-08-13 13:00","2023","08","13","13:00","","24.3","","14.8","","55","","","","26","","24","","24.1","","99.27","","28","","","","Mainly Clear"
"-79.63","43.68","TORONTO INTL A","6158731","2023-08-13 14:00","2023","08","13","14:00","","24.9","","15.8","","56","","","","26","","18","","24.1","","99.29","","29","","","","NA"
"-79.63","43.68","TORONTO INTL A","6158731","2023-08-13 15:00","2023","08","13","15:00","","24.6","","14.1","","52","","","","26","","23","","24.1","","99.29","","28","","","","NA"
"-79.63","43.68","TORONTO INTL A","6158731","2023-08-13 16:00","2023","08","13","16:00","","24.8","","14.9","","54","","","","31","","25","","24.1","","99.30","","29","","","","Mostly Cloudy"
"-79.63","43.68","TORONTO INTL A","6158731","2023-08-13 17:00","2023","08","13","17:00","","23.7","","16.3","","63","","","","36","","11","","24.1","","99.32","","29","","","","NA"
"-79.63","43.68","TORONTO INTL A","6158731","2023-08-13 18:00","2023","08","13","18:00","","21.9","","16.3","","70","","","","36","","23","","24.1","","99.40","","27","","","","NA"
"-79.63","43.68","TORONTO INTL A","6158731","2023-08-13 19:00","2023","08","13","19:00","","20.9","","15.9","","73","","","","36","","22","","24.1","","99.45","","25","","","","Mostly Cloudy"
"-79.63","43.68","TORONTO INTL A","6158731","2023-08-13 20:00","2023","08","13","20:00","","20.5","","15.7","","73","","","","34","","19","","24.1","","99.50","","25","","","","NA"
"-79.63","43.68","TORONTO INTL A","6158731","2023-08-13 21:00","2023","08","13","21:00","","19.8","","15.3","","75","","","","34","","21","","24.1","","99.51","","","","","","NA"
"-79.63","43.68","TORONTO INTL A","6158731","2023-08-13 22:00","2023","08","13","22:00","","19.4","","15.4","","77","","","","35","","14","","24.1","","99.51","","","","","","Mostly Cloudy"
"-79.63","43.68","TORONTO INTL A","6158731","2023-08-13 23:00","2023","08","13","23:00","","19.4","","15.4","","77","","","","34","","16","","24.1","","99.52","","","","","","NA"
"-79.63","43.68","TORONTO INTL A","6158731","2023-08-14 00:00","2023","08","14","00:00","","18.9","","14.3","","75","","","","34","","17","","24.1","","99.54","","","","","","NA"
"-79.63","43.68","TORONTO INTL A","6158731","2023-08-14 01:00","2023","08","14","01:00","","17.9","","14.2","","79","","","","31","","8","","24.1","","99.51","","","","","","Mainly Clear"
"-79.63","43.68","TORONTO INTL A","6158731","2023-08-14 02:00","2023","08","14","02:00","","16.5","","14.0","","85","","","","25","","7","","24.1","","99.51","","","","","","NA"
"-79.63","43.68","TORONTO INTL A","6158731","2023-08-14 03:00","2023","08","14","03:00","","15.4","","14.1","","92","","","","28","","10","","24.1","","99.50","","","","","","NA"
"-79.63","43.68","TORONTO INTL A","6158731","2023-08-14 04:00","2023","08","14","04:00","","15.1","","13.7","","91","","","","28","","8","","24.1","","99.49","","","","","","Clear"
"-79.63","43.68","TORONTO INTL A","6158731","2023-08-14 05:00","2023","08","14","05:00","","15.9","","13.7","","87","","","","32","","10","","24.1","","99.50","","","","","","NA"
"-79.63","43.68","TORONTO INTL A","6158731","2023-08-14 06:00","2023","08","14","06:00","","16.3","","13.7","","84","","","","32","","7","","24.1","","99.57","","","","","","NA"
"-79.63","43.68","TORONTO INTL A","6158731","2023-08-14 07:00","2023","08","14","07:00","","17.9","","14.6","","80","","","","34","","12","","24.1","","99.61","","","","","","Mainly Clear"
"-79.63","43.68","TORONTO INTL A","6158731","2023-08-14 08:00","2023","08","14","08:00","","19.6","","15.4","","77","","","","2","","8","","24.1","","99.58","","","","","","NA"
"-79.63","43.68","TORONTO INTL A","6158731","2023-08-14 09:00","2023","08","14","09:00","","20.6","","15.2","","71","","","","6","","5","","24.1","","99.59","","25","","","","NA"
"-79.63","43.68","TORONTO INTL A","6158731","2023-08-14 10:00","2023","08","14","10:00","","22.1","","14.7","","63","","","","4","","9","","24.1","","99.59","","26","","","","Mostly Cloudy"
"-79.63","43.68","TORONTO INTL A","6158731","2023-08-14 11:00","2023","08","14","11:00","","22.1","","13.3","","57","","","","4","","4","","24.1","","99.54","","25","","","","NA"
"-79.63","43.68","TORONTO INTL A","6158731","2023-08-14 12:00","2023","08","14","12:00","","22.9","","15.6","","63","","","","14","","14","","24.1","","99.48","","27","","","","NA"
"-79.63","43.68","TORONTO INTL A","6158731","2023-08-14 13:00","2023","08","14","13:00","","23.0","","15.5","","62","","","","13","","13","","24.1","","99.42","","27","","","","Mostly Cloudy"
"-79.63","43.68","TORONTO INTL A","6158731","2023-08-14 14:00","2023","08","14","14:00","","23.4","","14.9","","59","","","","13","","14","","24.1","","99.38","","27","","","","NA"
"-79.63","43.68","TORONTO INTL A","6158731","2023-08-14 15:00","2023","08","14","15:00","","23.3","","14.9","","58","","","","16","","16","","24.1","","99.34","","27","","","","NA"
"-79.63","43.68","TORONTO INTL A","6158731","2023-08-14 16:00","2023","08","14","16:00","","23.0","","14.7","","59","","","","14","","19","","24.1","","99.28","","27","","","","Mostly Cloudy"
"-79.63","43.68","TORONTO INTL A","6158731","2023-08-14 17:00","2023","08","14","17:00","","21.8","","14.4","","63","","","","13","","11","","24.1","","99.25","","25","","","","NA"
"-79.63","43.68","TORONTO INTL A","6158731","2023-08-14 18:00","2023","08","14","18:00","","21.2","","13.9","","63","","","","12","","14","","24.1","","99.20","","25","","","","NA"
"-79.63","43.68","TORONTO INTL A","6158731","2023-08-14 19:00","2023","08","14","19:00","","21.0","","13.5","","62","","","","11","","11","","24.1","","99.18","","","","","","Mostly Cloudy"
"-79.63","43.68","TORONTO INTL A","6158731","2023-08-14 20:00","2023","08","14","20:00","","20.7","","13.6","","64","","","","10","","5","","24.1","","99.21","","","","","","NA"
"-79.63","43.68","TORONTO INTL A","6158731","2023-08-14 21:00","2023","08","14","21:00","","20.7","","13.2","","62","","","","9","","9","","24.1","","99.21","","","","","","NA"
"-79.63","43.68","TORONTO INTL A","6158731","2023-08-14 22:00","2023","08","14","22:00","","20.6","","12.8","","61","","","","5","","10","","24.1","","99.19","","","","","","Mostly Cloudy"
"-79.63","43.68","TORONTO INTL A","6158731","2023-08-14 23:00","2023","08","14","23:00","","20.4","","13.1","","63","","","","6","","7","","24.1","","99.16","","","","","","NA"
"-79.63","43.68","TORONTO INTL A","6158731","2023-08-15 00:00","2023","08","15","00:00","","20.3","","13.4","","64","","","","8","","4","","24.1","","99.16","","","","","","NA"
"-79.63","43.68","TORONTO INTL A","6158731","2023-08-15 01:00","2023","08","15","01:00","","19.2","","13.6","","70","","","","5","","8","","24.1","","99.08","","","","","","Mostly Cloudy"
"-79.63","43.68","TORONTO INTL A","6158731","2023-08-15 02:00","2023","08","15","02:00","","19.6","","13.3","","66","","","","6","","13","","24.1","","98.95","","","","","","NA"
"-79.63","43.68","TORONTO INTL A","6158731","2023-08-15 03:00","2023","08","15","03:00","","19.5","","12.9","","66","","","","7","","11","","24.1","","98.91","","","","","","NA"
"-79.63","43.68","TORONTO INTL A","6158731","2023-08-15 04:00","2023","08","15","04:00","","19.3","","13.6","","69","","","","9","","9","","24.1","","98.95","","","","","","Rain"
"-79.63","43.68","TORONTO INTL A","6158731","2023-08-15 05:00","2023","08","15","05:00","","18.2","","15.2","","82","","","","4","","10","","24.1","","98.99","","","","","","NA"
"-79.63","43.68","TORONTO INTL A","6158731","2023-08-15 06:00","2023","08","15","06:00","","18.5","","15.1","","80","","","","6","","14","","24.1","","99.01","","","","","","NA"
"-79.63","43.68","TORONTO INTL A","6158731","2023-08-15 07:00","2023","08","15","07:00","","19.2","","15.1","","77","","","","6","","11","","24.1","","99.04","","","","","","Mostly Cloudy"
"-79.63","43.68","TORONTO INTL A","6158731","2023-08-15 08:00","2023","08","15","08:00","","19.7","","14.8","","73","","","","8","","13","","24.1","","99.05","","","","","","NA"
"-79.63","43.68","TORONTO INTL A","6158731","2023-08-15 09:00","2023","08","15","09:00","","20.2","","14.8","","71","","","","7","","13","","24.1","","99.05","","","","","","NA"
"-79.63","43.68","TORONTO INTL A","6158731","2023-08-15 10:00","2023","08","15","10:00","","20.6","","14.9","","69","","","","9","","17","","24.1","","99.01","","25","","","","Rain"
"-79.63","43.68","TORONTO INTL A","6158731","2023-08-15 11:00","2023","08","15","11:00","","21.3","","14.5","","65","","","","9","","13","","24.1","","99.02","","25","","","","NA"
"-79.63","43.68","TORONTO INTL A","6158731","2023-08-15 12:00","2023","08","15","12:00","","22.0","","14.7","","63","","","","8","","13","","24.1","","98.96","","26","","","","NA"
"-79.63","43.68","TORONTO INTL A","6158731","2023-08-15 13:00","2023","08","15","13:00","","22.1","","14.5","","62","","","","10","","14","","24.1","","98.94","","26","","","","Mostly Cloudy"
"-79.63","43.68","TORONTO INTL A","6158731","2023-08-15 14:00","2023","08","15","14:00","","22.4","","15.7","","66","","","","13","","11","","24.1","","98.93","","27","","","","NA"
"-79.63","43.68","TORONTO INTL A","6158731","2023-08-15 15:00","2023","08","15","15:00","","21.4","","15.7","","69","","","","13","","10","","24.1","","98.92","","26","","","","NA"
"-79.63","43.68","TORONTO INTL A","6158731","2023-08-15 16:00","2023","08","15","16:00","","21.5","","15.2","","67","","","","10","","4","","24.1","","98.92","","26","","","","Cloudy"
"-79.63","43.68","TORONTO INTL A","6158731","2023-08-15 17:00","2023","08","15","17:00","","21.3","","16.0","","72","","","","23","","5","","24.1","","98.95","","26","","","","NA"
"-79.63","43.68","TORONTO INTL A","6158731","2023-08-15 18:00","2023","08","15","18:00","","19.0","","18.1","","95","","","","25","","14","","16.1","","98.99","","","","","","Rain Showers"
"-79.63","43.68","TORONTO INTL A","6158731","2023-08-15 19:00","2023","08","15","19:00","","18.1","","18.0","","100","","","","26","","8","","9.7","","99.01","","","","","","Rain Showers,Fog"
"-79.63","43.68","TORONTO INTL A","6158731","2023-08-15 20:00","2023","08","15","20:00","","18.4","","17.9","","97","","","","28","","10","","19.3","","98.99","","","","","","NA"
"-79.63","43.68","TORONTO INTL A","6158731","2023-08-15 21:00","2023","08","15","21:00","","19.2","","18.2","","93","","","","34","","9","","19.3","","99.03","","","","","","NA"
"-79.63","43.68","TORONTO INTL A","6158731","2023-08-15 22:00","2023","08","15","22:00","","19.4","","18.3","","93","","","","1","","13","","19.3","","99.06","","","","","","Mostly Cloudy"
"-79.63","43.68","TORONTO INTL A","6158731","2023-08-15 23:00","2023","08","15","23:00","","19.1","","18.1","","94","","","","1","","5","","19.3","","99.09","","","","","","Rain Showers"
"-79.63","43.68","TORONTO INTL A","6158731","2023-08-16 00:00","2023","08","16","00:00","","19.1","","18.0","","93","","","","30","","12","","19.3","","99.12","","","","","","NA"
"-79.63","43.68","TORONTO INTL A","6158731","2023-08-16 01:00","2023","08","16","01:00","","19.2","","17.0","","87","","","","34","","12","","24.1","","99.09","","","","","","Mostly Cloudy"
"-79.63","43.68","TORONTO INTL A","6158731","2023-08-16 02:00","2023","08","16","02:00","","18.6","","17.2","","91","","","","31","","12","","24.1","","99.11","","","","","","NA"
"-79.63","43.68","TORONTO INTL A","6158731","2023-08-16 03:00","2023","08","16","03:00","","18.4","","16.5","","89","","","","31","","9","","24.1","","99.11","","","","","","NA"
"-79.63","43.68","TORONTO INTL A","6158731","2023-08-16 04:00","2023","08","16","04:00","","18.3","","16.4","","89","","","","34","","10","","24.1","","99.13","","","","","","Mainly Clear"
"-79.63","43.68","TORONTO INTL A","6158731","2023-08-16 05:00","2023","08","16","05:00","","18.4","","16.6","","90","","","","35","","17","","24.1","","99.19","","","","","","NA"
"-79.63","43.68","TORONTO INTL A","6158731","2023-08-16 06:00","2023","08","16","06:00","","18.5","","16.6","","89","","","","34","","17","","16.1","","99.25","","","","","","NA"
"-79.63","43.68","TORONTO INTL A","6158731","2023-08-16 07:00","2023","08","16","07:00","","19.4","","16.5","","83","","","","35","","18","","16.1","","99.28","","","","","","Mainly Clear"
"-79.63","43.68","TORONTO INTL A","6158731","2023-08-16 08:00","2023","08","16","08:00","","20.8","","16.5","","76","","","","35","","10","","12.9","","99.34","","26","","","","NA"
"-79.63","43.68","TORONTO INTL A","6158731","2023-08-16 09:00","2023","08","16","09:00","","22.7","","16.1","","66","","","","36","","16","","12.9","","99.35","","27","","","","NA"
"-79.63","43.68","TORONTO INTL A","6158731","2023-08-16 10:00","2023","08","16","10:00","","24.2","","17.0","","64","","","","35","","13","","12.9","","99.40","","29","","","","Mainly Clear"
"-79.63","43.68","TORONTO INTL A","6158731","2023-08-16 11:00","2023","08","16","11:00","","24.9","","15.5","","55","","","","32","","11","","16.1","","99.38","","29","","","","NA"
"-79.63","43.68","TORONTO INTL A","6158731","2023-08-16 12:00","2023","08","16","12:00","","25.6","","14.0","","48","","","","","","0","","16.1","","99.34","","29","","","","NA"
"-79.63","43.68","TORONTO INTL A","6158731","2023-08-16 13:00","2023","08","16","13:00","","26.3","","16.8","","55","","","","36","","3","","16.1","","99.31","","31","","","","Mostly Cloudy"
"-79.63","43.68","TORONTO INTL A","6158731","2023-08-16 14:00","2023","08","16","14:00","","26.1","","17.4","","58","","","","14","","15","","16.1","","99.29","","32","","","","NA"
"-79.63","43.68","TORONTO INTL A","6158731","2023-08-16 15:00","2023","08","16","15:00","","25.7","","15.9","","54","","","","14","","15","","16.1","","99.25","","30","","","","NA"
"-79.63","43.68","TORONTO INTL A","6158731","2023-08-16 16:00","2023","08","16","16:00","","26.5","","15.9","","52","","","","16","","14","","19.3","","99.23","","31","","","","Mainly Clear"
"-79.63","43.68","TORONTO INTL A","6158731","2023-08-16 17:00","2023","08","16","17:00","","26.7","","14.4","","46","","","","24","","18","","24.1","","99.21","","30","","","","NA"
"-79.63","43.68","TORONTO INTL A","6158731","2023-08-16 18:00","2023","08","16","18:00","","25.8","","14.0","","48","","","","25","","13","","24.1","","99.21","","29","","","","NA"
"-79.63","43.68","TORONTO INTL A","6158731","2023-08-16 19:00","2023","08","16","19:00","","25.1","","14.4","","51","","","","22","","21","","24.1","","99.23","","29","","","","Mainly Clear"
"-79.63","43.68","TORONTO INTL A","6158731","2023-08-16 20:00","2023","08","16","20:00","","22.8","","14.8","","60","","","","23","","12","","24.1","","99.24","","27","","","","NA"
"-79.63","43.68","TORONTO INTL A","6158731","2023-08-16 21:00","2023","08","16","21:00","","22.6","","16.6","","68","","","","22","","20","","24.1","","99.28","","28","","","","NA"
"-79.63","43.68","TORONTO INTL A","6158731","2023-08-16 22:00","2023","08","16","22:00","","20.9","","16.5","","75","","","","23","","12","","24.1","","99.26","","26","","","","Clear"
"-79.63","43.68","TORONTO INTL A","6158731","2023-08-16 23:00","2023","08","16","23:00","","20.4","","16.0","","76","","","","23","","8","","24.1","","99.21","","25","","","","NA"
"-79.63","43.68","TORONTO INTL A","6158731","2023-08-17 00:00","2023","08","17","00:00","","20.4","","16.1","","76","","","","18","","9","","16.1","","99.18","","25","","","","NA"
"-79.63","43.68","TORONTO INTL A","6158731","2023-08-17 01:00","2023","08","17","01:00","","19.1","","15.9","","81","","","","21","","12","","19.3","","99.16","","","","","","Clear"
"-79.63","43.68","TORONTO INTL A","6158731","2023-08-17 02:00","2023","08","17","02:00","","18.1","","15.7","","85","","","","23","","10","","16.1","","99.12","","","","","","NA"
"-79.63","43.68","TORONTO INTL A","6158731","2023-08-17 03:00","2023","08","17","03:00","","18.2","","17.0","","92","","","","20","","12","","16.1","","99.11","","","","","","NA"
"-79.63","43.68","TORONTO INTL A","6158731","2023-08-17 04:00","2023","08","17","04:00","","18.3","","16.7","","90","","","","20","","10","","16.1","","99.07","","","","","","Clear"
"-79.63","43.68","TORONTO INTL A","6158731","2023-08-17 05:00","2023","08","17","05:00","","18.3","","16.5","","89","","","","17","","9","","19.3","","99.02","","","","","","NA"
"-79.63","43.68","TORONTO INTL A","6158731","2023-08-17 06:00","2023","08","17","06:00","","18.4","","16.6","","89","","","","16","","8","","24.1","","99.00","","","","","","NA"
"-79.63","43.68","TORONTO INTL A","6158731","2023-08-17 07:00","2023","08","17","07:00","","19.9","","16.5","","81","","","","17","","10","","24.1","","99.00","","","","","","Mainly Clear"
"-79.63","43.68","TORONTO INTL A","6158731","2023-08-17 08:00","2023","08","17","08:00","","21.0","","17.6","","81","","","","17","","11","","16.1","","98.97","","27","","","","NA"
"-79.63","43.68","TORONTO INTL A","6158731","2023-08-17 09:00","2023","08","17","09:00","","23.3","","18.2","","72","","","","18","","18","","16.1","","98.92","","29","","","","NA"
"-79.63","43.68","TORONTO INTL A","6158731","2023-08-17 10:00","2023","08","17","10:00","","23.5","","17.9","","70","","","","17","","18","","16.1","","98.83","","29","","","","Mostly Cloudy"
"-79.63","43.68","TORONTO INTL A","6158731","2023-08-17 11:00","2023","08","17","11:00","","23.8","","17.7","","68","","","","17","","20","","24.1","","98.78","","30","","","","NA"
"-79.63","43.68","TORONTO INTL A","6158731","2023-08-17 12:00","2023","08","17","12:00","","24.5","","15.6","","57","","","","20","","32","","24.1","","98.73","","29","","","","NA"
"-79.63","43.68","TORONTO INTL A","6158731","2023-08-17 13:00","2023","08","17","13:00","","25.6","","15.7","","54","","","","19","","27","","24.1","","98.67","","30","","","","Mostly Cloudy"
"-79.63","43.68","TORONTO INTL A","6158731","2023-08-17 14:00","2023","08","17","14:00","","25.8","","15.5","","52","","","","22","","28","","24.1","","98.63","","30","","","","NA"
"-79.63","43.68","TORONTO INTL A","6158731","2023-08-17 15:00","2023","08","17","15:00","","25.8","","15.8","","53","","","","20","","34","","24.1","","98.56","","30","","","","NA"
"-79.63","43.68","TORONTO INTL A","6158731","2023-08-17 16:00","2023","08","17","16:00","","25.8","","15.1","","51","","","","22","","28","","24.1","","98.50","","30","","","","Mostly Cloudy"
"-79.63","43.68","TORONTO INTL A","6158731","2023-08-17 17:00","2023","08","17","17:00","","24.8","","14.9","","54","","","","21","","27","","24.1","","98.45","","29","","","","NA"
"-79.63","43.68","TORONTO INTL A","6158731","2023-08-17 18:00","2023","08","17","18:00","","24.0","","16.5","","62","","","","17","","22","","24.1","","98.31","","29","","","","NA"
"-79.63","43.68","TORONTO INTL A","6158731","2023-08-17 19:00","2023","08","17","19:00","","23.2","","16.9","","67","","","","19","","22","","24.1","","98.30","","28","","","","Mostly Cloudy"
"-79.63","43.68","TORONTO INTL A","6158731","2023-08-17 20:00","2023","08","17","20:00","","22.7","","17.3","","71","","","","17","","16","","24.1","","98.27","","28","","","","NA"
"-79.63","43.68","TORONTO INTL A","6158731","2023-08-17 21:00","2023","08","17","21:00","","18.7","","17.6","","93","","","","22","","30","","8.1","","98.33","","","","","","Thunderstorms,Moderate Rain Showers"
"-79.63","43.68","TORONTO INTL A","6158731","2023-08-17 22:00","2023","08","17","22:00","","18.4","","18.4","","100","","","","22","","18","","16.1","","98.35","","","","","","Thunderstorms,Rain Showers"
"-79.63","43.68","TORONTO INTL A","6158731","2023-08-17 23:00","2023","08","17","23:00","","18.3","","18.1","","99","","","","20","","11","","24.1","","98.34","","","","","","NA"
"-79.63","43.68","TORONTO INTL A","6158731","2023-08-18 00:00","2023","08","18","00:00","","18.0","","18.0","","100","","","","24","","12","","24.1","","98.37","","","","","","NA"
"-79.63","43.68","TORONTO INTL A","6158731","2023-08-18 01:00","2023","08","18","01:00","","17.2","","13.5","","79","","","","31","","25","","24.1","","98.36","","","","","","Mostly Cloudy"
"-79.63","43.68","TORONTO INTL A","6158731","2023-08-18 02:00","2023","08","18","02:00","","16.4","","13.5","","82","","","","29","","21","","24.1","","98.35","","","","","","NA"
"-79.63","43.68","TORONTO INTL A","6158731","2023-08-18 03:00","2023","08","18","03:00","","15.1","","13.6","","91","","","","27","","15","","24.1","","98.39","","","","","","NA"
"-79.63","43.68","TORONTO INTL A","6158731","2023-08-18 04:00","2023","08","18","04:00","","14.7","","12.2","","85","","","","28","","15","","24.1","","98.45","","","","","","Clear"
"-79.63","43.68","TORONTO INTL A","6158731","2023-08-18 05:00","2023","08","18","05:00","","14.1","","11.8","","86","","","","28","","21","","24.1","","98.48","","","","","","NA"
"-79.63","43.68","TORONTO INTL A","6158731","2023-08-18 06:00","2023","08","18","06:00","","14.4","","11.7","","84","","","","26","","20","","24.1","","98.53","","","","","","NA"
"-79.63","43.68","TORONTO INTL A","6158731","2023-08-18 07:00","2023","08","18","07:00","","16.0","","12.0","","77","","","","27","","26","","24.1","","98.58","","","","","","Mainly Clear"
"-79.63","43.68","TORONTO INTL A","6158731","2023-08-18 08:00","2023","08","18","08:00","","16.1","","11.6","","74","","","","27","","35","","24.1","","98.58","","","","","","NA"
"-79.63","43.68","TORONTO INTL A","6158731","2023-08-18 09:00","2023","08","18","09:00","","17.0","","11.7","","71","","","","27","","40","","24.1","","98.61","","","","","","NA"
"-79.63","43.68","TORONTO INTL A","6158731","2023-08-18 10:00","2023","08","18","10:00","","17.0","","11.4","","69","","","","27","","41","","24.1","","98.66","","","","","","Rain"
"-79.63","43.68","TORONTO INTL A","6158731","2023-08-18 11:00","2023","08","18","11:00","","18.5","","11.5","","63","","","","28","","40","","24.1","","98.70","","","","","","NA"
"-79.63","43.68","TORONTO INTL A","6158731","2023-08-18 12:00","2023","08","18","12:00","","18.4","","12.1","","66","","","","28","","33","","24.1","","98.74","","","","","","NA"
"-79.63","43.68","TORONTO INTL A","6158731","2023-08-18 13:00","2023","08","18","13:00","","19.2","","11.3","","60","","","","30","","37","","24.1","","98.78","","","","","","Mostly Cloudy"
"-79.63","43.68","TORONTO INTL A","6158731","2023-08-18 14:00","2023","08","18","14:00","","17.5","","11.7","","68","","","","29","","37","","24.1","","98.88","","","","","","Rain"
"-79.63","43.68","TORONTO INTL A","6158731","2023-08-18 15:00","2023","08","18","15:00","","17.7","","12.0","","69","","","","29","","34","","24.1","","98.93","","","","","","NA"
"-79.63","43.68","TORONTO INTL A","6158731","2023-08-18 16:00","2023","08","18","16:00","","17.2","","11.4","","68","","","","30","","37","","24.1","","98.99","","","","","","Mostly Cloudy"
"-79.63","43.68","TORONTO INTL A","6158731","2023-08-18 17:00","2023","08","18","17:00","","17.4","","11.0","","66","","","","31","","40","","24.1","","99.04","","","","","","NA"
"-79.63","43.68","TORONTO INTL A","6158731","2023-08-18 18:00","2023","08","18","18:00","","17.3","","10.8","","66","","","","30","","35","","24.1","","99.08","","","","","","NA"
"-79.63","43.68","TORONTO INTL A","6158731","2023-08-18 19:00","2023","08","18","19:00","","16.4","","11.1","","71","","","","28","","26","","24.1","","99.13","","","","","","Mostly Cloudy"
"-79.63","43.68","TORONTO INTL A","6158731","2023-08-18 20:00","2023","08","18","20:00","","16.2","","11.2","","72","","","","30","","25","","24.1","","99.20","","","","","","NA"
"-79.63","43.68","TORONTO INTL A","6158731","2023-08-18 21:00","2023","08","18","21:00","","16.1","","11.3","","73","","","","30","","22","","24.1","","99.26","","","","","","NA"
"-79.63","43.68","TORONTO INTL A","6158731","2023-08-18 22:00","2023","08","18","22:00","","14.8","","11.2","","78","","","","28","","14","","24.1","","99.30","","","","","","Clear"
"-79.63","43.68","TORONTO INTL A","6158731","2023-08-18 23:00","2023","08","18","23:00","","14.1","","11.0","","81","","","","26","","14","","24.1","","99.32","","","","","","NA"
"-79.63","43.68","TORONTO INTL A","6158731","2023-08-19 00:00","2023","08","19","00:00","","12.8","","10.4","","85","","","","26","","13","","24.1","","99.32","","","","","","NA"
"-79.63","43.68","TORONTO INTL A","6158731","2023-08-19 01:00","2023","08","19","01:00","","14.1","","10.0","","76","","","","29","","18","","24.1","","99.33","","","","","","Clear"
"-79.63","43.68","TORONTO INTL A","6158731","2023-08-19 02:00","2023","08","19","02:00","","13.7","","9.8","","77","","","","28","","24","","24.1","","99.35","","","","","","NA"
"-79.63","43.68","TORONTO INTL A","6158731","2023-08-19 03:00","2023","08","19","03:00","","13.4","","10.0","","80","","","","28","","23","","24.1","","99.37","","","","","","NA"
"-79.63","43.68","TORONTO INTL A","6158731","2023-08-19 04:00","2023","08","19","04:00","","13.6","","10.3","","80","","","","29","","23","","24.1","","99.42","","","","","","Clear"
"-79.63","43.68","TORONTO INTL A","6158731","2023-08-19 05:00","2023","08","19","05:00","","13.7","","10.8","","82","","","","30","","19","","24.1","","99.47","","","","","","NA"
"-79.63","43.68","TORONTO INTL A","6158731","2023-08-19 06:00","2023","08","19","06:00","","14.8","","11.0","","78","","","","30","","17","","24.1","","99.53","","","","","","NA"
"-79.63","43.68","TORONTO INTL A","6158731","2023-08-19 07:00","2023","08","19","07:00","","16.2","","11.8","","75","","","","29","","17","","24.1","","99.57","","","","","","Mainly Clear"
"-79.63","43.68","TORONTO INTL A","6158731","2023-08-19 08:00","2023","08","19","08:00","","18.1","","12.0","","67","","","","29","","25","","24.1","","99.60","","","","","","NA"
"-79.63","43.68","TORONTO INTL A","6158731","2023-08-19 09:00","2023","08","19","09:00","","20.4","","11.5","","56","","","","30","","28","","24.1","","99.61","","","","","","NA"
"-79.63","43.68","TORONTO INTL A","6158731","2023-08-19 10:00","2023","08","19","10:00","","22.0","","10.7","","48","","","","31","","24","","24.1","","99.60","","","","","","Mainly Clear"
"-79.63","43.68","TORONTO INTL A","6158731","2023-08-19 11:00","2023","08","19","11:00","","22.9","","10.2","","44","","","","32","","28","","24.1","","99.62","","","","","","NA"
"-79.63","43.68","TORONTO INTL A","6158731","2023-08-19 12:00","2023","08","19","12:00","","23.8","","10.0","","41","","","","32","","26","","24.1","","99.61","","25","","","","NA"
"-79.63","43.68","TORONTO INTL A","6158731","2023-08-19 13:00","2023","08","19","13:00","","23.7","","11.1","","44","","","","25","","7","","24.1","","99.59","","26","","","","Mainly Clear"
"-79.63","43.68","TORONTO INTL A","6158731","2023-08-19 14:00","2023","08","19","14:00","","24.6","","11.7","","44","","","","28","","25","","24.1","","99.56","","27","","","","NA"
"-79.63","43.68","TORONTO INTL A","6158731","2023-08-19 15:00","2023","08","19","15:00","","24.8","","11.7","","44","","","","30","","18","","24.1","","99.53","","27","","","","NA"
"-79.63","43.68","TORONTO INTL A","6158731","2023-08-19 16:00","2023","08","19","16:00","","24.5","","11.2","","43","","","","26","","21","","24.1","","99.51","","26","","","","Mostly Cloudy"
"-79.63","43.68","TORONTO INTL A","6158731","2023-08-19 17:00","2023","08","19","17:00","","24.1","","12.6","","48","","","","26","","23","","24.1","","99.50","","27","","","","NA"
"-79.63","43.68","TORONTO INTL A","6158731","2023-08-19 18:00","2023","08","19","18:00","","23.5","","12.4","","49","","","","27","","17","","24.1","","99.49","","26","","","","NA"
"-79.63","43.68","TORONTO INTL A","6158731","2023-08-19 19:00","2023","08","19","19:00","","22.2","","12.2","","53","","","","27","","15","","24.1","","99.49","","25","","","","Mainly Clear"
"-79.63","43.68","TORONTO INTL A","6158731","2023-08-19 20:00","2023","08","19","20:00","","21.0","","12.1","","56","","","","27","","13","","24.1","","99.52","","","","","","NA"
"-79.63","43.68","TORONTO INTL A","6158731","2023-08-19 21:00","2023","08","19","21:00","","19.8","","12.5","","63","","","","28","","10","","24.1","","99.53","","","","","","NA"
"-79.63","43.68","TORONTO INTL A","6158731","2023-08-19 22:00","2023","08","19","22:00","","18.2","","12.6","","69","","","","25","","14","","24.1","","99.56","","","","","","Clear"
"-79.63","43.68","TORONTO INTL A","6158731","2023-08-19 23:00","2023","08","19","23:00","","17.4","","13.2","","76","","","","24","","11","","24.1","","99.58","","","","","","NA"
"-79.63","43.68","TORONTO INTL A","6158731","2023-08-20 00:00","2023","08","20","00:00","","17.1","","13.3","","78","","","","24","","12","","24.1","","99.60","","","","","","NA"
"-79.63","43.68","TORONTO INTL A","6158731","2023-08-20 01:00","2023","08","20","01:00","","17.3","","13.2","","77","","","","21","","9","","24.1","","99.60","","","","","","Clear"
"-79.63","43.68","TORONTO INTL A","6158731","2023-08-20 02:00","2023","08","20","02:00","","15.7","","13.2","","85","","","","25","","12","","24.1","","99.59","","","","","","NA"
"-79.63","43.68","TORONTO INTL A","6158731","2023-08-20 03:00","2023","08","20","03:00","","16.5","","13.1","","80","","","","23","","6","","24.1","","99.62","","","","","","NA"
"-79.63","43.68","TORONTO INTL A","6158731","2023-08-20 04:00","2023","08","20","04:00","","15.7","","13.5","","87","","","","25","","10","","24.1","","99.65","","","","","","Mainly Clear"
"-79.63","43.68","TORONTO INTL A","6158731","2023-08-20 05:00","2023","08","20","05:00","","15.8","","13.3","","85","","","","25","","5","","24.1","","99.69","","","","","","NA"
"-79.63","43.68","TORONTO INTL A","6158731","2023-08-20 06:00","2023","08","20","06:00","","16.2","","13.9","","86","","","","16","","4","","24.1","","99.69","","","","","","NA"
"-79.63","43.68","TORONTO INTL A","6158731","2023-08-20 07:00","2023","08","20","07:00","","17.8","","15.0","","84","","","","16","","7","","24.1","","99.67","","","","","","Mainly Clear"
"-79.63","43.68","TORONTO INTL A","6158731","2023-08-20 08:00","2023","08","20","08:00","","19.7","","16.1","","79","","","","20","","12","","24.1","","99.70","","","","","","NA"
"-79.63","43.68","TORONTO INTL A","6158731","2023-08-20 09:00","2023","08","20","09:00","","22.3","","16.4","","69","","","","24","","12","","24.1","","99.68","","27","","","","NA"
"-79.63","43.68","TORONTO INTL A","6158731","2023-08-20 10:00","2023","08","20","10:00","","25.1","","17.2","","61","","","","24","","21","","24.1","","99.62","","31","","","","Mostly Cloudy"
"-79.63","43.68","TORONTO INTL A","6158731","2023-08-20 11:00","2023","08","20","11:00","","25.6","","17.3","","60","","","","22","","22","","24.1","","99.59","","31","","","","NA"
"-79.63","43.68","TORONTO INTL A","6158731","2023-08-20 12:00","2023","08","20","12:00","","26.8","","18.8","","61","","","","22","","18","","24.1","","99.56","","33","","","","NA"
"-79.63","43.68","TORONTO INTL A","6158731","2023-08-20 13:00","2023","08","20","13:00","","28.6","","19.6","","58","","","","26","","21","","24.1","","99.56","","36","","","","Mainly Clear"
"-79.63","43.68","TORONTO INTL A","6158731","2023-08-20 14:00","2023","08","20","14:00","","27.9","","19.1","","58","","","","24","","18","","24.1","","99.57","","35","","","","NA"
"-79.63","43.68","TORONTO INTL A","6158731","2023-08-20 15:00","2023","08","20","15:00","","26.6","","18.6","","61","","","","26","","18","","24.1","","99.54","","33","","","","NA"
"-79.63","43.68","TORONTO INTL A","6158731","2023-08-20 16:00","2023","08","20","16:00","","26.9","","19.4","","63","","","","26","","23","","24.1","","99.55","","34","","","","Mostly Cloudy"
"-79.63","43.68","TORONTO INTL A","6158731","2023-08-20 17:00","2023","08","20","17:00","","27.8","","20.8","","65","","","","25","","14","","24.1","","99.56","","36","","","","NA"
"-79.63","43.68","TORONTO INTL A","6158731","2023-08-20 18:00","2023","08","20","18:00","","26.9","","20.1","","66","","","","26","","14","","24.1","","99.57","","35","","","","NA"
"-79.63","43.68","TORONTO INTL A","6158731","2023-08-20 19:00","2023","08","20","19:00","","26.5","","20.5","","69","","","","25","","14","","24.1","","99.61","","34","","","","Mostly Cloudy"
"-79.63","43.68","TORONTO INTL A","6158731","2023-08-20 20:00","2023","08","20","20:00","","26.1","","20.4","","70","","","","27","","12","","24.1","","99.66","","34","","","","NA"
"-79.63","43.68","TORONTO INTL A","6158731","2023-08-20 21:00","2023","08","20","21:00","","25.1","","19.9","","73","","","","29","","16","","24.1","","99.71","","33","","","","NA"
"-79.63","43.68","TORONTO INTL A","6158731","2023-08-20 22:00","2023","08","20","22:00","","24.3","","19.8","","76","","","","30","","15","","24.1","","99.74","","32","","","","Clear"
"-79.63","43.68","TORONTO INTL A","6158731","2023-08-20 23:00","2023","08","20","23:00","","23.7","","19.9","","79","","","","30","","12","","24.1","","99.76","","31","","","","NA"
"-79.63","43.68","TORONTO INTL A","6158731","2023-08-21 00:00","2023","08","21","00:00","","22.6","","20.2","","86","","","","29","","10","","24.1","","99.77","","30","","","","NA"
"-79.63","43.68","TORONTO INTL A","6158731","2023-08-21 01:00","2023","08","21","01:00","","22.3","","19.7","","85","","","","31","","16","","24.1","","99.78","","30","","","","Mainly Clear"
"-79.63","43.68","TORONTO INTL A","6158731","2023-08-21 02:00","2023","08","21","02:00","","21.2","","19.2","","88","","","","32","","14","","24.1","","99.78","","28","","","","NA"
"-79.63","43.68","TORONTO INTL A","6158731","2023-08-21 03:00","2023","08","21","03:00","","21.1","","19.0","","87","","","","31","","13","","24.1","","99.82","","28","","","","NA"
"-79.63","43.68","TORONTO INTL A","6158731","2023-08-21 04:00","2023","08","21","04:00","","20.8","","18.7","","87","","","","34","","21","","24.1","","99.88","","27","","","","Mostly Cloudy"
"-79.63","43.68","TORONTO INTL A","6158731","2023-08-21 05:00","2023","08","21","05:00","","20.4","","19.0","","92","","","","33","","14","","24.1","","99.90","","27","","","","NA"
"-79.63","43.68","TORONTO INTL A","6158731","2023-08-21 06:00","2023","08","21","06:00","","20.9","","19.4","","91","","","","1","","14","","9.7","","99.99","","28","","","","Fog"
"-79.63","43.68","TORONTO INTL A","6158731","2023-08-21 07:00","2023","08","21","07:00","","20.9","","19.4","","91","","","","36","","19","","9.7","","100.07","","28","","","","Fog"
"-79.63","43.68","TORONTO INTL A","6158731","2023-08-21 08:00","2023","08","21","08:00","","20.1","","17.8","","86","","","","1","","20","","16.1","","100.12","","26","","","","NA"
"-79.63","43.68","TORONTO INTL A","6158731","2023-08-21 09:00","2023","08","21","09:00","","20.7","","17.0","","79","","","","35","","21","","24.1","","100.16","","26","","","","NA"
"-79.63","43.68","TORONTO INTL A","6158731","2023-08-21 10:00","2023","08","21","10:00","","22.0","","15.6","","67","","","","34","","19","","24.1","","100.17","","26","","","","Mostly Cloudy"
"-79.63","43.68","TORONTO INTL A","6158731","2023-08-21 11:00","2023","08","21","11:00","","22.5","","13.9","","58","","","","1","","16","","24.1","","100.15","","26","","","","NA"
"-79.63","43.68","TORONTO INTL A","6158731","2023-08-21 12:00","2023","08","21","12:00","","23.9","","12.8","","49","","","","36","","18","","24.1","","100.16","","27","","","","NA"
"-79.63","43.68","TORONTO INTL A","6158731","2023-08-21 13:00","2023","08","21","13:00","","23.9","","12.2","","48","","","","3","","14","","24.1","","100.12","","26","","","","Cloudy"
"-79.63","43.68","TORONTO INTL A","6158731","2023-08-21 14:00","2023","08","21","14:00","","24.0","","11.6","","45","","","","2","","12","","24.1","","100.13","","26","","","","NA"
"-79.63","43.68","TORONTO INTL A","6158731","2023-08-21 15:00","2023","08","21","15:00","","23.7","","11.7","","46","","","","2","","14","","24.1","","100.08","","26","","","","NA"
"-79.63","43.68","TORONTO INTL A","6158731","2023-08-21 16:00","2023","08","21","16:00","","23.5","","10.5","","43","","","","1","","14","","24.1","","100.09","","25","","","","Cloudy"
"-79.63","43.68","TORONTO INTL A","6158731","2023-08-21 17:00","2023","08","21","17:00","","22.6","","12.0","","51","","","","2","","18","","24.1","","100.10","","25","","","","NA"
"-79.63","43.68","TORONTO INTL A","6158731","2023-08-21 18:00","2023","08","21","18:00","","21.0","","11.4","","54","","","","2","","23","","24.1","","100.16","","","","","","NA"
"-79.63","43.68","TORONTO INTL A","6158731","2023-08-21 19:00","2023","08","21","19:00","","20.4","","11.2","","55","","","","35","","22","","24.1","","100.17","","","","","","Mostly Cloudy"
"-79.63","43.68","TORONTO INTL A","6158731","2023-08-21 20:00","2023","08","21","20:00","","19.6","","10.6","","56","","","","1","","21","","24.1","","100.20","","","","","","NA"
"-79.63","43.68","TORONTO INTL A","6158731","2023-08-21 21:00","2023","08","21","21:00","","19.0","","11.0","","59","","","","36","","21","","24.1","","100.24","","","","","","NA"
"-79.63","43.68","TORONTO INTL A","6158731","2023-08-21 22:00","2023","08","21","22:00","","18.7","","10.9","","60","","","","36","","20","","24.1","","100.24","","","","","","Mostly Cloudy"
"-79.63","43.68","TORONTO INTL A","6158731","2023-08-21 23:00","2023","08","21","23:00","","17.8","","11.3","","65","","","","1","","18","","24.1","","100.24","","","","","","NA"
"-79.63","43.68","TORONTO INTL A","6158731","2023-08-22 00:00","2023","08","22","00:00","","16.8","","11.4","","70","","","","1","","15","","24.1","","100.26","","","","","","NA"
"-79.63","43.68","TORONTO INTL A","6158731","2023-08-22 01:00","2023","08","22","01:00","","16.4","","11.5","","72","","","","36","","13","","24.1","","100.28","","","","","","Mainly Clear"
"-79.63","43.68","TORONTO INTL A","6158731","2023-08-22 02:00","2023","08","22","02:00","","15.7","","11.5","","76","","","","34","","14","","24.1","","100.28","","","","","","NA"
"-79.63","43.68","TORONTO INTL A","6158731","2023-08-22 03:00","2023","08","22","03:00","","14.9","","11.4","","79","","","","36","","17","","24.1","","100.31","","","","","","NA"
"-79.63","43.68","TORONTO INTL A","6158731","2023-08-22 04:00","2023","08","22","04:00","","14.4","","11.5","","82","","","","36","","13","","24.1","","100.30","","","","","","Mainly Clear"
"-79.63","43.68","TORONTO INTL A","6158731","2023-08-22 05:00","2023","08","22","05:00","","14.2","","11.0","","81","","","","34","","11","","24.1","","100.36","","","","","","NA"
"-79.63","43.68","TORONTO INTL A","6158731","2023-08-22 06:00","2023","08","22","06:00","","14.2","","10.9","","81","","","","1","","13","","24.1","","100.41","","","","","","NA"
"-79.63","43.68","TORONTO INTL A","6158731","2023-08-22 07:00","2023","08","22","07:00","","15.9","","12.0","","77","","","","1","","12","","24.1","","100.40","","","","","","Mostly Cloudy"
"-79.63","43.68","TORONTO INTL A","6158731","2023-08-22 08:00","2023","08","22","08:00","","18.2","","12.9","","71","","","","36","","13","","24.1","","100.43","","","","","","NA"
"-79.63","43.68","TORONTO INTL A","6158731","2023-08-22 09:00","2023","08","22","09:00","","19.9","","12.1","","60","","","","35","","14","","24.1","","100.44","","","","","","NA"
"-79.63","43.68","TORONTO INTL A","6158731","2023-08-22 10:00","2023","08","22","10:00","","21.4","","11.3","","52","","","","2","","7","","24.1","","100.43","","","","","","Mostly Cloudy"
"-79.63","43.68","TORONTO INTL A","6158731","2023-08-22 11:00","2023","08","22","11:00","","22.3","","11.2","","49","","","","8","","13","","24.1","","100.40","","","","","","NA"
"-79.63","43.68","TORONTO INTL A","6158731","2023-08-22 12:00","2023","08","22","12:00","","23.2","","10.8","","45","","","","9","","12","","24.1","","100.34","","25","","","","NA"
"-79.63","43.68","TORONTO INTL A","6158731","2023-08-22 13:00","2023","08","22","13:00","","23.5","","12.4","","49","","","","16","","13","","24.1","","100.33","","26","","","","Mainly Clear"
"-79.63","43.68","TORONTO INTL A","6158731","2023-08-22 14:00","2023","08","22","14:00","","23.6","","10.7","","44","","","","14","","15","","24.1","","100.28","","25","","","","NA"
"-79.63","43.68","TORONTO INTL A","6158731","2023-08-22 15:00","2023","08","22","15:00","","23.8","","11.5","","45","","","","13","","14","","24.1","","100.18","","26","","","","NA"
"-79.63","43.68","TORONTO INTL A","6158731","2023-08-22 16:00","2023","08","22","16:00","","22.9","","10.1","","44","","","","15","","15","","24.1","","100.16","","","","","","Mainly Clear"
"-79.63","43.68","TORONTO INTL A","6158731","2023-08-22 17:00","2023","08","22","17:00","","22.5","","10.0","","45","","","","14","","16","","24.1","","100.14","","","","","","NA"
"-79.63","43.68","TORONTO INTL A","6158731","2023-08-22 18:00","2023","08","22","18:00","","21.9","","9.7","","45","","","","15","","9","","24.1","","100.14","","","","","","NA"
"-79.63","43.68","TORONTO INTL A","6158731","2023-08-22 19:00","2023","08","22","19:00","","21.0","","9.4","","47","","","","18","","8","","24.1","","100.15","","","","","","Mostly Cloudy"
"-79.63","43.68","TORONTO INTL A","6158731","2023-08-22 20:00","2023","08","22","20:00","","20.9","","9.8","","49","","","","17","","5","","24.1","","100.13","","","","","","NA"
"-79.63","43.68","TORONTO INTL A","6158731","2023-08-22 21:00","2023","08","22","21:00","","20.7","","10.5","","51","","","","19","","6","","24.1","","100.14","","","","","","NA"
"-79.63","43.68","TORONTO INTL A","6158731","2023-08-22 22:00","2023","08","22","22:00","","20.7","","10.6","","52","","","","18","","4","","24.1","","100.11","","","","","","Mostly Cloudy"
"-79.63","43.68","TORONTO INTL A","6158731","2023-08-22 23:00","2023","08","22","23:00","","20.0","","11.0","","56","","","","26","","6","","24.1","","100.09","","","","","","NA"
"-79.63","43.68","TORONTO INTL A","6158731","2023-08-23 00:00","2023","08","23","00:00","","20.0","","11.6","","58","","","","3","","10","","24.1","","100.06","","","","","","NA"
"-79.63","43.68","TORONTO INTL A","6158731","2023-08-23 01:00","2023","08","23","01:00","","20.0","","11.7","","59","","","","4","","5","","24.1","","100.03","","","","","","Cloudy"
"-79.63","43.68","TORONTO INTL A","6158731","2023-08-23 02:00","2023","08","23","02:00","","19.9","","11.4","","58","","","","4","","8","","24.1","","100.09","","","","","","NA"
"-79.63","43.68","TORONTO INTL A","6158731","2023-08-23 03:00","2023","08","23","03:00","","19.9","","11.4","","58","","","","13","","5","","24.1","","100.00","","","","","","NA"
"-79.63","43.68","TORONTO INTL A","6158731","2023-08-23 04:00","2023","08","23","04:00","","18.2","","13.4","","73","","","","26","","7","","24.1","","100.08","","","","","","Mostly Cloudy"
"-79.63","43.68","TORONTO INTL A","6158731","2023-08-23 05:00","2023","08","23","05:00","","18.4","","14.2","","76","","","","24","","10","","24.1","","100.03","","","","","","Rain"
"-79.63","43.68","TORONTO INTL A","6158731","2023-08-23 06:00","2023","08","23","06:00","","16.5","","14.9","","90","","","","27","","16","","16.1","","100.13","","","","","","Rain Showers"
"-79.63","43.68","TORONTO INTL A","6158731","2023-08-23 07:00","2023","08","23","07:00","","16.8","","11.7","","72","","","","3","","7","","16.1","","100.14","","","","","","Rain Showers"
"-79.63","43.68","TORONTO INTL A","6158731","2023-08-23 08:00","2023","08","23","08:00","","16.2","","11.6","","74","","","","19","","9","","16.1","","99.96","","","","","","Rain Showers"
"-79.63","43.68","TORONTO INTL A","6158731","2023-08-23 09:00","2023","08","23","09:00","","16.4","","12.1","","75","","","","16","","4","","16.1","","99.91","","","","","","Rain Showers"
"-79.63","43.68","TORONTO INTL A","6158731","2023-08-23 10:00","2023","08","23","10:00","","16.8","","13.1","","79","","","","21","","12","","24.1","","99.95","","","","","","Mostly Cloudy"
"-79.63","43.68","TORONTO INTL A","6158731","2023-08-23 11:00","2023","08","23","11:00","","15.8","","13.3","","85","","","","23","","12","","12.9","","100.05","","","","","","Rain Showers"
"-79.63","43.68","TORONTO INTL A","6158731","2023-08-23 12:00","2023","08","23","12:00","","16.5","","13.6","","83","","","","16","","16","","24.1","","99.80","","","","","","NA"
"-79.63","43.68","TORONTO INTL A","6158731","2023-08-23 13:00","2023","08","23","13:00","","17.2","","13.6","","80","","","","14","","11","","24.1","","99.75","","","","","","Mostly Cloudy"
"-79.63","43.68","TORONTO INTL A","6158731","2023-08-23 14:00","2023","08","23","14:00","","17.8","","13.8","","77","","","","14","","13","","24.1","","99.75","","","","","","NA"
"-79.63","43.68","TORONTO INTL A","6158731","2023-08-23 15:00","2023","08","23","15:00","","17.8","","14.5","","81","","","","12","","10","","24.1","","99.63","","","","","","NA"
"-79.63","43.68","TORONTO INTL A","6158731","2023-08-23 16:00","2023","08","23","16:00","","17.7","","15.5","","87","","","","13","","8","","24.1","","99.57","","","","","","Cloudy"
"-79.63","43.68","TORONTO INTL A","6158731","2023-08-23 17:00","2023","08","23","17:00","","17.7","","15.6","","87","","","","15","","10","","24.1","","99.49","","","","","","NA"
"-79.63","43.68","TORONTO INTL A","6158731","2023-08-23 18:00","2023","08","23","18:00","","17.4","","15.6","","89","","","","13","","7","","24.1","","99.48","","","","","","NA"
"-79.63","43.68","TORONTO INTL A","6158731","2023-08-23 19:00","2023","08","23","19:00","","17.6","","15.8","","89","","","","8","","10","","24.1","","99.43","","","","","","Cloudy"
"-79.63","43.68","TORONTO INTL A","6158731","2023-08-23 20:00","2023","08","23","20:00","","17.9","","15.7","","87","","","","9","","9","","24.1","","99.45","","","","","","NA"
"-79.63","43.68","TORONTO INTL A","6158731","2023-08-23 21:00","2023","08","23","21:00","","18.3","","15.4","","83","","","","10","","9","","24.1","","99.39","","","","","","NA"
"-79.63","43.68","TORONTO INTL A","6158731","2023-08-23 22:00","2023","08","23","22:00","","18.5","","15.3","","81","","","","9","","8","","24.1","","99.37","","","","","","Cloudy"
"-79.63","43.68","TORONTO INTL A","6158731","2023-08-23 23:00","2023","08","23","23:00","","18.8","","14.8","","78","","","","11","","12","","24.1","","99.28","","","","","","NA"
"-79.63","43.68","TORONTO INTL A","6158731","2023-08-24 00:00","2023","08","24","00:00","","18.8","","14.7","","77","","","","10","","9","","24.1","","99.25","","","","","","NA"
"-79.63","43.68","TORONTO INTL A","6158731","2023-08-24 01:00","2023","08","24","01:00","","18.5","","15.1","","80","","","","11","","8","","24.1","","99.22","","","","","","Cloudy"
"-79.63","43.68","TORONTO INTL A","6158731","2023-08-24 02:00","2023","08","24","02:00","","18.4","","15.4","","82","","","","10","","5","","24.1","","99.16","","","","","","NA"
"-79.63","43.68","TORONTO INTL A","6158731","2023-08-24 03:00","2023","08","24","03:00","","18.3","","15.5","","84","","","","11","","6","","24.1","","99.07","","","","","","NA"
"-79.63","43.68","TORONTO INTL A","6158731","2023-08-24 04:00","2023","08","24","04:00","","18.5","","15.4","","82","","","","9","","10","","24.1","","99.06","","","","","","Cloudy"
"-79.63","43.68","TORONTO INTL A","6158731","2023-08-24 05:00","2023","08","24","05:00","","18.6","","15.6","","83","","","","9","","5","","24.1","","99.10","","","","","","Rain"
"-79.63","43.68","TORONTO INTL A","6158731","2023-08-24 06:00","2023","08","24","06:00","","18.4","","16.1","","87","","","","8","","9","","24.1","","99.10","","","","","","NA"
"-79.63","43.68","TORONTO INTL A","6158731","2023-08-24 07:00","2023","08","24","07:00","","19.0","","16.5","","85","","","","9","","8","","24.1","","99.06","","","","","","Cloudy"
"-79.63","43.68","TORONTO INTL A","6158731","2023-08-24 08:00","2023","08","24","08:00","","19.6","","17.0","","84","","","","8","","9","","24.1","","99.04","","","","","","NA"
"-79.63","43.68","TORONTO INTL A","6158731","2023-08-24 09:00","2023","08","24","09:00","","20.1","","16.8","","81","","","","10","","11","","24.1","","99.06","","25","","","","NA"
"-79.63","43.68","TORONTO INTL A","6158731","2023-08-24 10:00","2023","08","24","10:00","","20.1","","17.7","","86","","","","12","","8","","24.1","","99.11","","26","","","","Cloudy"
"-79.63","43.68","TORONTO INTL A","6158731","2023-08-24 11:00","2023","08","24","11:00","","21.0","","17.8","","82","","","","3","","9","","24.1","","99.07","","27","","","","NA"
"-79.63","43.68","TORONTO INTL A","6158731","2023-08-24 12:00","2023","08","24","12:00","","21.5","","17.8","","79","","","","1","","5","","24.1","","99.10","","27","","","","NA"
"-79.63","43.68","TORONTO INTL A","6158731","2023-08-24 13:00","2023","08","24","13:00","","21.0","","18.6","","86","","","","18","","12","","19.3","","99.08","","27","","","","Rain"
"-79.63","43.68","TORONTO INTL A","6158731","2023-08-24 14:00","2023","08","24","14:00","","21.5","","18.0","","80","","","","14","","8","","24.1","","99.08","","28","","","","NA"
"-79.63","43.68","TORONTO INTL A","6158731","2023-08-24 15:00","2023","08","24","15:00","","22.1","","19.0","","82","","","","12","","7","","19.3","","99.02","","29","","","","NA"
"-79.63","43.68","TORONTO INTL A","6158731","2023-08-24 16:00","2023","08","24","16:00","","20.9","","18.4","","85","","","","14","","14","","19.3","","99.00","","27","","","","Cloudy"
"-79.63","43.68","TORONTO INTL A","6158731","2023-08-24 17:00","2023","08","24","17:00","","20.6","","18.2","","86","","","","13","","13","","19.3","","98.97","","27","","","","NA"
"-79.63","43.68","TORONTO INTL A","6158731","2023-08-24 18:00","2023","08","24","18:00","","20.4","","18.4","","88","","","","14","","7","","24.1","","98.97","","27","","","","NA"
"-79.63","43.68","TORONTO INTL A","6158731","2023-08-24 19:00","2023","08","24","19:00","","20.3","","19.7","","96","","","","15","","8","","16.1","","98.95","","28","","","","Rain"
"-79.63","43.68","TORONTO INTL A","6158731","2023-08-24 20:00","2023","08","24","20:00","","19.7","","19.7","","100","","","","12","","9","","16.1","","98.90","","","","","","Rain"
"-79.63","43.68","TORONTO INTL A","6158731","2023-08-24 21:00","2023","08","24","21:00","","19.7","","19.7","","100","","","","16","","6","","16.1","","98.88","","","","","","Moderate Rain"
"-79.63","43.68","TORONTO INTL A","6158731","2023-08-24 22:00","2023","08","24","22:00","","19.7","","19.7","","100","","","","21","","7","","8.1","","98.87","","","","","","Rain,Fog"
"-79.63","43.68","TORONTO INTL A","6158731","2023-08-24 23:00","2023","08","24","23:00","","19.6","","19.6","","100","","","","8","","8","","9.7","","98.81","","","","","","Fog"
"-79.63","43.68","TORONTO INTL A","6158731","2023-08-25 00:00","2023","08","25","00:00","","19.6","","19.6","","100","","","","14","","5","","9.7","","98.85","","","","","","Fog"
"-79.63","43.68","TORONTO INTL A","6158731","2023-08-25 01:00","2023","08","25","01:00","","19.8","","19.8","","100","","","","","","0","","9.7","","98.80","","","","","","Fog"
"-79.63","43.68","TORONTO INTL A","6158731","2023-08-25 02:00","2023","08","25","02:00","","20.0","","20.0","","100","","","","","","0","","9.7","","98.75","","28","","","","Fog"
"-79.63","43.68","TORONTO INTL A","6158731","2023-08-25 03:00","2023","08","25","03:00","","19.9","","19.9","","100","","","","2","","13","","6.4","","98.71","","","","","","Fog"
"-79.63","43.68","TORONTO INTL A","6158731","2023-08-25 04:00","2023","08","25","04:00","","19.6","","19.6","","100","","","","1","","13","","6.4","","98.77","","","","","","Fog"
"-79.63","43.68","TORONTO INTL A","6158731","2023-08-25 05:00","2023","08","25","05:00","","19.8","","19.8","","100","","","","36","","14","","16.1","","98.82","","","","","","NA"
"-79.63","43.68","TORONTO INTL A","6158731","2023-08-25 06:00","2023","08","25","06:00","","19.9","","19.9","","100","","","","35","","15","","12.9","","98.91","","","","","","NA"
"-79.63","43.68","TORONTO INTL A","6158731","2023-08-25 07:00","2023","08","25","07:00","","20.2","","20.2","","100","","","","35","","12","","12.9","","98.95","","28","","","","Cloudy"
"-79.63","43.68","TORONTO INTL A","6158731","2023-08-25 08:00","2023","08","25","08:00","","20.7","","20.1","","96","","","","35","","12","","19.3","","98.98","","28","","","","NA"
"-79.63","43.68","TORONTO INTL A","6158731","2023-08-25 09:00","2023","08","25","09:00","","21.6","","19.3","","87","","","","35","","20","","24.1","","98.99","","29","","","","NA"
"-79.63","43.68","TORONTO INTL A","6158731","2023-08-25 10:00","2023","08","25","10:00","","22.6","","18.5","","78","","","","35","","19","","24.1","","99.07","","29","","","","Cloudy"
"-79.63","43.68","TORONTO INTL A","6158731","2023-08-25 11:00","2023","08","25","11:00","","23.4","","18.6","","74","","","","33","","18","","24.1","","99.10","","30","","","","NA"
"-79.63","43.68","TORONTO INTL A","6158731","2023-08-25 12:00","2023","08","25","12:00","","23.3","","17.6","","70","","","","34","","17","","24.1","","99.12","","29","","","","NA"
"-79.63","43.68","TORONTO INTL A","6158731","2023-08-25 13:00","2023","08","25","13:00","","23.3","","17.3","","69","","","","35","","20","","24.1","","99.10","","29","","","","Cloudy"
"-79.63","43.68","TORONTO INTL A","6158731","2023-08-25 14:00","2023","08","25","14:00","","23.6","","16.7","","65","","","","34","","22","","24.1","","99.07","","29","","","","NA"
"-79.63","43.68","TORONTO INTL A","6158731","2023-08-25 15:00","2023","08","25","15:00","","24.0","","16.1","","61","","","","33","","19","","24.1","","99.09","","29","","","","NA"
"-79.63","43.68","TORONTO INTL A","6158731","2023-08-25 16:00","2023","08","25","16:00","","24.1","","16.6","","62","","","","33","","20","","24.1","","99.08","","29","","","","Mostly Cloudy"
"-79.63","43.68","TORONTO INTL A","6158731","2023-08-25 17:00","2023","08","25","17:00","","23.8","","15.9","","61","","","","1","","18","","24.1","","99.09","","28","","","","NA"
"-79.63","43.68","TORONTO INTL A","6158731","2023-08-25 18:00","2023","08","25","18:00","","22.9","","16.0","","64","","","","1","","16","","24.1","","99.09","","28","","","","NA"
"-79.63","43.68","TORONTO INTL A","6158731","2023-08-25 19:00","2023","08","25","19:00","","21.5","","15.2","","67","","","","36","","16","","24.1","","99.13","","26","","","","Mostly Cloudy"
"-79.63","43.68","TORONTO INTL A","6158731","2023-08-25 20:00","2023","08","25","20:00","","21.3","","14.8","","66","","","","36","","12","","24.1","","99.20","","25","","","","NA"
"-79.63","43.68","TORONTO INTL A","6158731","2023-08-25 21:00","2023","08","25","21:00","","20.6","","14.2","","66","","","","36","","12","","24.1","","99.22","","","","","","NA"
"-79.63","43.68","TORONTO INTL A","6158731","2023-08-25 22:00","2023","08","25","22:00","","20.6","","14.8","","69","","","","31","","12","","24.1","","99.27","","","","","","Mostly Cloudy"
"-79.63","43.68","TORONTO INTL A","6158731","2023-08-25 23:00","2023","08","25","23:00","","20.8","","14.9","","68","","","","31","","12","","24.1","","99.24","","25","","","","NA"
"-79.63","43.68","TORONTO INTL A","6158731","2023-08-26 00:00","2023","08","26","00:00","","19.5","","15.4","","77","","","","32","","10","","24.1","","99.19","","","","","","NA"
"-79.63","43.68","TORONTO INTL A","6158731","2023-08-26 01:00","2023","08","26","01:00","","18.7","","15.4","","81","","","","31","","14","","24.1","","99.17","","","","","","Mainly Clear"
"-79.63","43.68","TORONTO INTL A","6158731","2023-08-26 02:00","2023","08","26","02:00","","18.0","","15.1","","83","","","","33","","10","","24.1","","99.15","","","","","","NA"
"-79.63","43.68","TORONTO INTL A","6158731","2023-08-26 03:00","2023","08","26","03:00","","16.9","","15.5","","92","","","","27","","7","","24.1","","99.16","","","","","","NA"
"-79.63","43.68","TORONTO INTL A","6158731","2023-08-26 04:00","2023","08","26","04:00","","16.6","","15.8","","95","","","","29","","7","","24.1","","99.20","","","","","","Mostly Cloudy"
"-79.63","43.68","TORONTO INTL A","6158731","2023-08-26 05:00","2023","08","26","05:00","","16.4","","15.5","","94","","","","26","","7","","24.1","","99.23","","","","","","NA"
"-79.63","43.68","TORONTO INTL A","6158731","2023-08-26 06:00","2023","08","26","06:00","","17.2","","15.5","","89","","","","29","","10","","24.1","","99.29","","","","","","NA"
"-79.63","43.68","TORONTO INTL A","6158731","2023-08-26 07:00","2023","08","26","07:00","","18.8","","15.6","","81","","","","30","","9","","24.1","","99.32","","","","","","Mainly Clear"
"-79.63","43.68","TORONTO INTL A","6158731","2023-08-26 08:00","2023","08","26","08:00","","20.8","","15.7","","72","","","","32","","5","","24.1","","99.35","","25","","","","NA"
"-79.63","43.68","TORONTO INTL A","6158731","2023-08-26 09:00","2023","08","26","09:00","","21.6","","16.6","","73","","","","2","","12","","24.1","","99.35","","27","","","","NA"
"-79.63","43.68","TORONTO INTL A","6158731","2023-08-26 10:00","2023","08","26","10:00","","22.0","","16.7","","72","","","","3","","12","","24.1","","99.38","","27","","","","Mostly Cloudy"
"-79.63","43.68","TORONTO INTL A","6158731","2023-08-26 11:00","2023","08","26","11:00","","22.9","","17.9","","73","","","","","","0","","24.1","","99.36","","29","","","","NA"
"-79.63","43.68","TORONTO INTL A","6158731","2023-08-26 12:00","2023","08","26","12:00","","23.6","","19.0","","75","","","","20","","19","","24.1","","99.33","","30","","","","NA"
"-79.63","43.68","TORONTO INTL A","6158731","2023-08-26 13:00","2023","08","26","13:00","","19.2","","18.1","","93","","","","36","","29","","4.8","","99.32","","","","","","Moderate Rain Showers"
"-79.63","43.68","TORONTO INTL A","6158731","2023-08-26 14:00","2023","08","26","14:00","","21.9","","16.9","","73","","","","2","","16","","16.1","","99.33","","27","","","","NA"
"-79.63","43.68","TORONTO INTL A","6158731","2023-08-26 15:00","2023","08","26","15:00","","21.4","","16.3","","72","","","","36","","24","","24.1","","99.30","","26","","","","NA"
"-79.63","43.68","TORONTO INTL A","6158731","2023-08-26 16:00","2023","08","26","16:00","","22.5","","16.9","","70","","","","1","","28","","24.1","","99.34","","28","","","","Mostly Cloudy"
"-79.63","43.68","TORONTO INTL A","6158731","2023-08-26 17:00","2023","08","26","17:00","","21.1","","16.9","","77","","","","34","","22","","24.1","","99.38","","26","","","","NA"
"-79.63","43.68","TORONTO INTL A","6158731","2023-08-26 18:00","2023","08","26","18:00","","21.1","","15.5","","70","","","","35","","30","","24.1","","99.41","","25","","","","NA"
"-79.63","43.68","TORONTO INTL A","6158731","2023-08-26 19:00","2023","08","26","19:00","","19.6","","13.8","","69","","","","35","","19","","24.1","","99.43","","","","","","Mostly Cloudy"
"-79.63","43.68","TORONTO INTL A","6158731","2023-08-26 20:00","2023","08","26","20:00","","18.1","","12.5","","69","","","","35","","20","","24.1","","99.50","","","","","","NA"
"-79.63","43.68","TORONTO INTL A","6158731","2023-08-26 21:00","2023","08","26","21:00","","17.3","","12.1","","71","","","","36","","20","","22.5","","99.56","","","","","","NA"
"-79.63","43.68","TORONTO INTL A","6158731","2023-08-26 22:00","2023","08","26","22:00","","16.2","","11.1","","72","","","","36","","16","","24.1","","99.61","","","","","","Mainly Clear"
"-79.63","43.68","TORONTO INTL A","6158731","2023-08-26 23:00","2023","08","26","23:00","","15.2","","10.9","","75","","","","36","","14","","24.1","","99.68","","","","","","NA"
"-79.63","43.68","TORONTO INTL A","6158731","2023-08-27 00:00","2023","08","27","00:00","","14.4","","10.3","","76","","","","36","","14","","24.1","","99.71","","","","","","NA"
"-79.63","43.68","TORONTO INTL A","6158731","2023-08-27 01:00","2023","08","27","01:00","","13.7","","9.9","","78","","","","36","","16","","24.1","","99.73","","","","","","Mainly Clear"
"-79.63","43.68","TORONTO INTL A","6158731","2023-08-27 02:00","2023","08","27","02:00","","12.9","","9.5","","80","","","","36","","13","","24.1","","99.71","","","","","","NA"
"-79.63","43.68","TORONTO INTL A","6158731","2023-08-27 03:00","2023","08","27","03:00","","12.4","","9.5","","82","","","","36","","15","","24.1","","99.68","","","","","","NA"
"-79.63","43.68","TORONTO INTL A","6158731","2023-08-27 04:00","2023","08","27","04:00","","12.1","","9.4","","84","","","","36","","14","","24.1","","99.70","","","","","","Clear"
"-79.63","43.68","TORONTO INTL A","6158731","2023-08-27 05:00","2023","08","27","05:00","","11.8","","9.5","","86","","","","36","","16","","24.1","","99.71","","","","","","NA"
"-79.63","43.68","TORONTO INTL A","6158731","2023-08-27 06:00","2023","08","27","06:00","","11.7","","9.4","","86","","","","36","","18","","24.1","","99.75","","","","","","NA"
"-79.63","43.68","TORONTO INTL A","6158731","2023-08-27 07:00","2023","08","27","07:00","","13.3","","10.0","","80","","","","36","","18","","24.1","","99.80","","","","","","Clear"
"-79.63","43.68","TORONTO INTL A","6158731","2023-08-27 08:00","2023","08","27","08:00","","15.4","","11.8","","79","","","","1","","9","","24.1","","99.81","","","","","","NA"
"-79.63","43.68","TORONTO INTL A","6158731","2023-08-27 09:00","2023","08","27","09:00","","17.6","","11.2","","66","","","","7","","13","","24.1","","99.81","","","","","","NA"
"-79.63","43.68","TORONTO INTL A","6158731","2023-08-27 10:00","2023","08","27","10:00","","18.8","","11.8","","64","","","","3","","12","","24.1","","99.79","","","","","","Mainly Clear"
"-79.63","43.68","TORONTO INTL A","6158731","2023-08-27 11:00","2023","08","27","11:00","","20.0","","11.3","","57","","","","4","","11","","24.1","","99.78","","","","","","NA"
"-79.63","43.68","TORONTO INTL A","6158731","2023-08-27 12:00","2023","08","27","12:00","","19.7","","10.5","","55","","","","5","","16","","24.1","","99.74","","","","","","NA"
"-79.63","43.68","TORONTO INTL A","6158731","2023-08-27 13:00","2023","08","27","13:00","","21.3","","10.1","","48","","","","5","","12","","24.1","","99.70","","","","","","Mostly Cloudy"
"-79.63","43.68","TORONTO INTL A","6158731","2023-08-27 14:00","2023","08","27","14:00","","22.1","","9.6","","45","","","","1","","8","","24.1","","99.64","","","","","","NA"
"-79.63","43.68","TORONTO INTL A","6158731","2023-08-27 15:00","2023","08","27","15:00","","21.6","","12.5","","56","","","","13","","18","","24.1","","99.61","","","","","","NA"
"-79.63","43.68","TORONTO INTL A","6158731","2023-08-27 16:00","2023","08","27","16:00","","19.8","","12.7","","63","","","","16","","12","","24.1","","99.63","","","","","","Mostly Cloudy"
"-79.63","43.68","TORONTO INTL A","6158731","2023-08-27 17:00","2023","08","27","17:00","","20.2","","12.0","","59","","","","14","","14","","24.1","","99.63","","","","","","NA"
"-79.63","43.68","TORONTO INTL A","6158731","2023-08-27 18:00","2023","08","27","18:00","","19.4","","12.2","","63","","","","15","","9","","24.1","","99.60","","","","","","NA"
"-79.63","43.68","TORONTO INTL A","6158731","2023-08-27 19:00","2023","08","27","19:00","","18.3","","12.3","","68","","","","15","","8","","24.1","","99.60","","","","","","Clear"
"-79.63","43.68","TORONTO INTL A","6158731","2023-08-27 20:00","2023","08","27","20:00","","17.6","","11.9","","69","","","","17","","4","","24.1","","99.63","","","","","","NA"
"-79.63","43.68","TORONTO INTL A","6158731","2023-08-27 21:00","2023","08","27","21:00","","17.6","","11.2","","66","","","","36","","3","","24.1","","99.65","","","","","","NA"
"-79.63","43.68","TORONTO INTL A","6158731","2023-08-27 22:00","2023","08","27","22:00","","16.9","","11.3","","69","","","","","","0","","24.1","","99.66","","","","","","Clear"
"-79.63","43.68","TORONTO INTL A","6158731","2023-08-27 23:00","2023","08","27","23:00","","16.0","","12.2","","78","","","","1","","13","","24.1","","99.68","","","","","","NA"
"-79.63","43.68","TORONTO INTL A","6158731","2023-08-28 00:00","2023","08","28","00:00","","15.4","","12.0","","80","","","","","","0","","24.1","","99.67","","","","","","NA"
"-79.63","43.68","TORONTO INTL A","6158731","2023-08-28 01:00","2023","08","28","01:00","","15.0","","12.3","","84","","","","35","","10","","24.1","","99.63","","","","","","Mainly Clear"
"-79.63","43.68","TORONTO INTL A","6158731","2023-08-28 02:00","2023","08","28","02:00","","14.9","","12.1","","83","","","","33","","10","","24.1","","99.63","","","","","","NA"
"-79.63","43.68","TORONTO INTL A","6158731","2023-08-28 03:00","2023","08","28","03:00","","14.7","","11.9","","83","","","","10","","3","","24.1","","99.62","","","","","","NA"
"-79.63","43.68","TORONTO INTL A","6158731","2023-08-28 04:00","2023","08","28","04:00","","14.6","","12.0","","84","","","","34","","12","","24.1","","99.62","","","","","","Mainly Clear"
"-79.63","43.68","TORONTO INTL A","6158731","2023-08-28 05:00","2023","08","28","05:00","","13.8","","11.9","","89","","","","5","","5","","24.1","","99.62","","","","","","NA"
"-79.63","43.68","TORONTO INTL A","6158731","2023-08-28 06:00","2023","08","28","06:00","","13.9","","11.9","","88","","","","35","","7","","24.1","","99.62","","","","","","NA"
"-79.63","43.68","TORONTO INTL A","6158731","2023-08-28 07:00","2023","08","28","07:00","","15.9","","12.5","","80","","","","2","","5","","24.1","","99.64","","","","","","Clear"
"-79.63","43.68","TORONTO INTL A","6158731","2023-08-28 08:00","2023","08","28","08:00","","17.6","","13.4","","76","","","","4","","5","","24.1","","99.66","","","","","","NA"
"-79.63","43.68","TORONTO INTL A","6158731","2023-08-28 09:00","2023","08","28","09:00","","19.6","","13.5","","68","","","","1","","3","","24.1","","99.63","","","","","","NA"
"-79.63","43.68","TORONTO INTL A","6158731","2023-08-28 10:00","2023","08","28","10:00","","21.0","","12.4","","58","","","","2","","10","","24.1","","99.63","","","","","","Mainly Clear"
"-79.63","43.68","TORONTO INTL A","6158731","2023-08-28 11:00","2023","08","28","11:00","","21.8","","14.0","","61","","","","16","","8","","24.1","","99.61","","25","","","","NA"
"-79.63","43.68","TORONTO INTL A","6158731","2023-08-28 12:00","2023","08","28","12:00","","21.6","","14.3","","63","","","","14","","11","","24.1","","99.59","","25","","","","NA"
"-79.63","43.68","TORONTO INTL A","6158731","2023-08-28 13:00","2023","08","28","13:00","","21.6","","13.7","","60","","","","15","","12","","24.1","","99.55","","25","","","","Mainly Clear"
"-79.63","43.68","TORONTO INTL A","6158731","2023-08-28 14:00","2023","08","28","14:00","","21.9","","13.9","","60","","","","17","","10","","24.1","","99.51","","25","","","","NA"
"-79.63","43.68","TORONTO INTL A","6158731","2023-08-28 15:00","2023","08","28","15:00","","22.5","","14.1","","58","","","","16","","11","","24.1","","99.46","","26","","","","NA"
"-79.63","43.68","TORONTO INTL A","6158731","2023-08-28 16:00","2023","08","28","16:00","","21.7","","12.8","","56","","","","16","","16","","24.1","","99.46","","","","","","Mainly Clear"
"-79.63","43.68","TORONTO INTL A","6158731","2023-08-28 17:00","2023","08","28","17:00","","21.8","","11.1","","50","","","","14","","14","","24.1","","99.47","","","","","","NA"
"-79.63","43.68","TORONTO INTL A","6158731","2023-08-28 18:00","2023","08","28","18:00","","21.3","","11.1","","52","","","","15","","10","","24.1","","99.44","","","","","","NA"
"-79.63","43.68","TORONTO INTL A","6158731","2023-08-28 19:00","2023","08","28","19:00","","20.2","","10.3","","53","","","","15","","8","","24.1","","99.42","","","","","","Clear"
"-79.63","43.68","TORONTO INTL A","6158731","2023-08-28 20:00","2023","08","28","20:00","","19.8","","9.0","","49","","","","19","","5","","24.1","","99.46","","","","","","NA"
"-79.63","43.68","TORONTO INTL A","6158731","2023-08-28 21:00","2023","08","28","21:00","","19.0","","8.5","","50","","","","27","","5","","24.1","","99.49","","","","","","NA"
"-79.63","43.68","TORONTO INTL A","6158731","2023-08-28 22:00","2023","08","28","22:00","","19.4","","7.8","","47","","","","","","0","","24.1","","99.50","","","","","","Clear"
"-79.63","43.68","TORONTO INTL A","6158731","2023-08-28 23:00","2023","08","28","23:00","","18.4","","11.5","","64","","","","2","","4","","24.1","","99.47","","","","","","NA"
"-79.63","43.68","TORONTO INTL A","6158731","2023-08-29 00:00","2023","08","29","00:00","","16.1","","12.1","","77","","","","36","","7","","24.1","","99.48","","","","","","NA"
"-79.63","43.68","TORONTO INTL A","6158731","2023-08-29 01:00","2023","08","29","01:00","","16.1","","12.0","","77","","","","33","","15","","24.1","","99.45","","","","","","Clear"
"-79.63","43.68","TORONTO INTL A","6158731","2023-08-29 02:00","2023","08","29","02:00","","14.8","","11.8","","82","","","","36","","5","","24.1","","99.39","","","","","","NA"
"-79.63","43.68","TORONTO INTL A","6158731","2023-08-29 03:00","2023","08","29","03:00","","14.4","","11.6","","83","","","","36","","8","","24.1","","99.34","","","","","","NA"
"-79.63","43.68","TORONTO INTL A","6158731","2023-08-29 04:00","2023","08","29","04:00","","13.2","","11.4","","89","","","","32","","6","","24.1","","99.33","","","","","","Mainly Clear"
"-79.63","43.68","TORONTO INTL A","6158731","2023-08-29 05:00","2023","08","29","05:00","","13.6","","11.2","","85","","","","36","","3","","24.1","","99.31","","","","","","NA"
"-79.63","43.68","TORONTO INTL A","6158731","2023-08-29 06:00","2023","08","29","06:00","","14.3","","11.3","","82","","","","2","","3","","24.1","","99.33","","","","","","NA"
"-79.63","43.68","TORONTO INTL A","6158731","2023-08-29 07:00","2023","08","29","07:00","","16.5","","12.2","","76","","","","","","0","","24.1","","99.32","","","","","","Mainly Clear"
"-79.63","43.68","TORONTO INTL A","6158731","2023-08-29 08:00","2023","08","29","08:00","","19.1","","13.9","","72","","","","36","","3","","24.1","","99.31","","","","","","NA"
"-79.63","43.68","TORONTO INTL A","6158731","2023-08-29 09:00","2023","08","29","09:00","","20.4","","14.1","","67","","","","16","","7","","24.1","","99.29","","","","","","NA"
"-79.63","43.68","TORONTO INTL A","6158731","2023-08-29 10:00","2023","08","29","10:00","","21.4","","14.1","","63","","","","14","","10","","24.1","","99.24","","25","","","","Mainly Clear"
"-79.63","43.68","TORONTO INTL A","6158731","2023-08-29 11:00","2023","08","29","11:00","","21.9","","13.2","","57","","","","16","","13","","24.1","","99.20","","25","","","","NA"
"-79.63","43.68","TORONTO INTL A","6158731","2023-08-29 12:00","2023","08","29","12:00","","22.5","","13.6","","57","","","","14","","12","","24.1","","99.16","","26","","","","NA"
"-79.63","43.68","TORONTO INTL A","6158731","2023-08-29 13:00","2023","08","29","13:00","","23.0","","12.8","","52","","","","12","","19","","24.1","","99.11","","26","","","","Clear"
"-79.63","43.68","TORONTO INTL A","6158731","2023-08-29 14:00","2023","08","29","14:00","","23.4","","13.7","","54","","","","16","","20","","24.1","","99.04","","27","","","","NA"
"-79.63","43.68","TORONTO INTL A","6158731","2023-08-29 15:00","2023","08","29","15:00","","23.6","","13.1","","51","","","","15","","17","","24.1","","98.94","","26","","","","NA"
"-79.63","43.68","TORONTO INTL A","6158731","2023-08-29 16:00","2023","08","29","16:00","","23.4","","14.1","","56","","","","15","","21","","24.1","","98.86","","27","","","","Mainly Clear"
"-79.63","43.68","TORONTO INTL A","6158731","2023-08-29 17:00","2023","08","29","17:00","","22.9","","15.1","","61","","","","16","","15","","24.1","","98.80","","27","","","","NA"
"-79.63","43.68","TORONTO INTL A","6158731","2023-08-29 18:00","2023","08","29","18:00","","21.7","","15.2","","66","","","","15","","14","","24.1","","98.75","","26","","","","NA"
"-79.63","43.68","TORONTO INTL A","6158731","2023-08-29 19:00","2023","08","29","19:00","","20.6","","15.9","","74","","","","16","","13","","24.1","","98.72","","25","","","","Mostly Cloudy"
"-79.63","43.68","TORONTO INTL A","6158731","2023-08-29 20:00","2023","08","29","20:00","","20.5","","16.8","","79","","","","15","","12","","24.1","","98.72","","26","","","","NA"
"-79.63","43.68","TORONTO INTL A","6158731","2023-08-29 21:00","2023","08","29","21:00","","20.9","","13.8","","64","","","","23","","13","","24.1","","98.72","","","","","","NA"
"-79.63","43.68","TORONTO INTL A","6158731","2023-08-29 22:00","2023","08","29","22:00","","17.6","","16.4","","93","","","","27","","22","","16.1","","98.73","","","","","","Rain"
"-79.63","43.68","TORONTO INTL A","6158731","2023-08-29 23:00","2023","08","29","23:00","","16.9","","16.4","","97","","","","25","","18","","19.3","","98.72","","","","","","Rain"
"-79.63","43.68","TORONTO INTL A","6158731","2023-08-30 00:00","2023","08","30","00:00","","16.3","","15.9","","97","","","","24","","11","","24.1","","98.71","","","","","","Rain"
"-79.63","43.68","TORONTO INTL A","6158731","2023-08-30 01:00","2023","08","30","01:00","","15.3","","14.9","","97","","","","25","","12","","24.1","","98.67","","","","","","Mainly Clear"
"-79.63","43.68","TORONTO INTL A","6158731","2023-08-30 02:00","2023","08","30","02:00","","15.4","","15.4","","100","","","","26","","11","","24.1","","98.60","","","","","","NA"
"-79.63","43.68","TORONTO INTL A","6158731","2023-08-30 03:00","2023","08","30","03:00","","15.1","","15.1","","100","","","","26","","17","","24.1","","98.57","","","","","","NA"
"-79.63","43.68","TORONTO INTL A","6158731","2023-08-30 04:00","2023","08","30","04:00","","15.1","","14.9","","99","","","","27","","16","","24.1","","98.57","","","","","","Clear"
"-79.63","43.68","TORONTO INTL A","6158731","2023-08-30 05:00","2023","08","30","05:00","","16.0","","15.1","","94","","","","28","","18","","24.1","","98.59","","","","","","NA"
"-79.63","43.68","TORONTO INTL A","6158731","2023-08-30 06:00","2023","08","30","06:00","","16.1","","13.0","","82","","","","30","","28","","24.1","","98.68","","","","","","NA"
"-79.63","43.68","TORONTO INTL A","6158731","2023-08-30 07:00","2023","08","30","07:00","","15.8","","12.4","","80","","","","29","","29","","24.1","","98.78","","","","","","Mainly Clear"
"-79.63","43.68","TORONTO INTL A","6158731","2023-08-30 08:00","2023","08","30","08:00","","16.4","","12.1","","76","","","","31","","27","","24.1","","98.83","","","","","","NA"
"-79.63","43.68","TORONTO INTL A","6158731","2023-08-30 09:00","2023","08","30","09:00","","17.5","","13.0","","75","","","","30","","22","","24.1","","98.87","","","","","","NA"
"-79.63","43.68","TORONTO INTL A","6158731","2023-08-30 10:00","2023","08","30","10:00","","17.4","","13.2","","77","","","","32","","30","","24.1","","98.94","","","","","","Cloudy"
"-79.63","43.68","TORONTO INTL A","6158731","2023-08-30 11:00","2023","08","30","11:00","","18.0","","14.0","","77","","","","33","","27","","24.1","","99.01","","","","","","NA"
"-79.63","43.68","TORONTO INTL A","6158731","2023-08-30 12:00","2023","08","30","12:00","","17.1","","14.0","","82","","","","33","","25","","24.1","","99.09","","","","","","NA"
"-79.63","43.68","TORONTO INTL A","6158731","2023-08-30 13:00","2023","08","30","13:00","","18.9","","13.9","","72","","","","34","","30","","24.1","","99.10","","","","","","Mostly Cloudy"
"-79.63","43.68","TORONTO INTL A","6158731","2023-08-30 14:00","2023","08","30","14:00","","19.3","","13.7","","70","","","","36","","30","","24.1","","99.12","","","","","","NA"
"-79.63","43.68","TORONTO INTL A","6158731","2023-08-30 15:00","2023","08","30","15:00","","19.2","","13.1","","67","","","","34","","30","","24.1","","99.17","","","","","","NA"
"-79.63","43.68","TORONTO INTL A","6158731","2023-08-30 16:00","2023","08","30","16:00","","17.9","","12.2","","69","","","","34","","34","","24.1","","99.23","","","","","","Mostly Cloudy"
"-79.63","43.68","TORONTO INTL A","6158731","2023-08-30 17:00","2023","08","30","17:00","","16.3","","11.4","","73","","","","35","","29","","24.1","","99.25","","","","","","NA"
"-79.63","43.68","TORONTO INTL A","6158731","2023-08-30 18:00","2023","08","30","18:00","","15.8","","11.0","","73","","","","34","","34","","24.1","","99.33","","","","","","NA"
"-79.63","43.68","TORONTO INTL A","6158731","2023-08-30 19:00","2023","08","30","19:00","","15.4","","10.2","","70","","","","32","","32","","24.1","","99.39","","","","","","Cloudy"
"-79.63","43.68","TORONTO INTL A","6158731","2023-08-30 20:00","2023","08","30","20:00","","15.6","","10.1","","70","","","","32","","24","","24.1","","99.48","","","","","","NA"
"-79.63","43.68","TORONTO INTL A","6158731","2023-08-30 21:00","2023","08","30","21:00","","14.9","","9.6","","70","","","","32","","19","","24.1","","99.53","","","","","","NA"
"-79.63","43.68","TORONTO INTL A","6158731","2023-08-30 22:00","2023","08","30","22:00","","14.0","","9.2","","73","","","","31","","15","","24.1","","99.56","","","","","","Clear"
"-79.63","43.68","TORONTO INTL A","6158731","2023-08-30 23:00","2023","08","30","23:00","","13.2","","8.9","","75","","","","31","","11","","24.1","","99.59","","","","","","NA"
"-79.63","43.68","TORONTO INTL A","6158731","2023-08-31 00:00","2023","08","31","00:00","","12.5","","8.5","","77","","","","33","","19","","24.1","","99.60","","","","","","NA"
"-79.63","43.68","TORONTO INTL A","6158731","2023-08-31 01:00","2023","08","31","01:00","","11.9","","8.3","","78","","","","34","","17","","24.1","","99.60","","","","","","Clear"
"-79.63","43.68","TORONTO INTL A","6158731","2023-08-31 02:00","2023","08","31","02:00","","11.2","","8.0","","81","","","","32","","11","","24.1","","99.64","","","","","","NA"
"-79.63","43.68","TORONTO INTL A","6158731","2023-08-31 03:00","2023","08","31","03:00","","10.6","","7.8","","83","","","","33","","6","","24.1","","99.66","","","","","","NA"
"-79.63","43.68","TORONTO INTL A","6158731","2023-08-31 04:00","2023","08","31","04:00","","10.3","","8.0","","85","","","","1","","12","","24.1","","99.68","","","","","","Clear"
"-79.63","43.68","TORONTO INTL A","6158731","2023-08-31 05:00","2023","08","31","05:00","","10.1","","7.9","","86","","","","34","","9","","24.1","","99.73","","","","","","NA"
"-79.63","43.68","TORONTO INTL A","6158731","2023-08-31 06:00","2023","08","31","06:00","","10.8","","7.7","","81","","","","36","","10","","24.1","","99.78","","","","","","NA"
"-79.63","43.68","TORONTO INTL A","6158731","2023-08-31 07:00","2023","08","31","07:00","","12.5","","8.0","","74","","","","1","","14","","24.1","","99.84","","","","","","Clear"
"-79.63","43.68","TORONTO INTL A","6158731","2023-08-31 08:00","2023","08","31","08:00","","14.8","","7.9","","63","","","","4","","9","","24.1","","99.88","","","","","","NA"
"-79.63","43.68","TORONTO INTL A","6158731","2023-08-31 09:00","2023","08","31","09:00","","17.0","","6.7","","50","","","","1","","9","","24.1","","99.96","","","","","","NA"
"-79.63","43.68","TORONTO INTL A","6158731","2023-08-31 10:00","2023","08","31","10:00","","18.1","","5.3","","43","","","","9","","11","","24.1","","99.98","","","","","","Clear"
"-79.63","43.68","TORONTO INTL A","6158731","2023-08-31 11:00","2023","08","31","11:00","","18.9","","6.1","","43","","","","8","","4","","24.1","","100.01","","","","","","NA"
"-79.63","43.68","TORONTO INTL A","6158731","2023-08-31 12:00","2023","08","31","12:00","","20.0","","7.3","","43","","","","","","0","","24.1","","99.99","","","","","","NA"
"-79.63","43.68","TORONTO INTL A","6158731","2023-08-31 13:00","2023","08","31","13:00","","21.3","","7.6","","41","","","","23","","13","","24.1","","100.01","","","","","","Clear"
"-79.63","43.68","TORONTO INTL A","6158731","2023-08-31 14:00","2023","08","31","14:00","","21.3","","8.8","","44","","","","16","","15","","24.1","","100.00","","","","","","NA"
"-79.63","43.68","TORONTO INTL A","6158731","2023-08-31 15:00","2023","08","31","15:00","","21.6","","9.4","","45","","","","15","","17","","24.1","","99.97","","","","","","NA"
"-79.63","43.68","TORONTO INTL A","6158731","2023-08-31 16:00","2023","08","31","16:00","","21.3","","9.2","","45","","","","12","","15","","24.1","","99.94","","","","","","Mainly Clear"
"-79.63","43.68","TORONTO INTL A","6158731","2023-08-31 17:00","2023","08","31","17:00","","21.2","","9.1","","45","","","","16","","10","","24.1","","99.92","","","","","","NA"
"-79.63","43.68","TORONTO INTL A","6158731","2023-08-31 18:00","2023","08","31","18:00","","20.0","","8.9","","49","","","","14","","14","","24.1","","99.96","","","","","","NA"
"-79.63","43.68","TORONTO INTL A","6158731","2023-08-31 19:00","2023","08","31","19:00","","18.7","","9.0","","53","","","","13","","7","","24.1","","100.00","","","","","","Mainly Clear"
"-79.63","43.68","TORONTO INTL A","6158731","2023-08-31 20:00","2023","08","31","20:00","","18.3","","9.2","","55","","","","8","","4","","24.1","","100.08","","","","","","NA"
"-79.63","43.68","TORONTO INTL A","6158731","2023-08-31 21:00","2023","08","31","21:00","","18.3","","9.0","","54","","","","36","","3","","24.1","","100.15","","","","","","NA"
"-79.63","43.68","TORONTO INTL A","6158731","2023-08-31 22:00","2023","08","31","22:00","","17.1","","10.1","","63","","","","36","","11","","24.1","","100.22","","","","","","Mainly Clear"
"-79.63","43.68","TORONTO INTL A","6158731","2023-08-31 23:00","2023","08","31","23:00","","16.8","","10.2","","65","","","","36","","13","","24.1","","100.25","","","","","","NA"
