"Longitude (x)","Latitude (y)","Station Name","Climate ID","Date/Time (LST)","Year","Month","Day","Time (LST)","Flag","Temp (°C)","Temp Flag","Dew Point Temp (°C)","Dew Point Temp Flag","Rel Hum (%)","Rel Hum Flag","Precip. Amount (mm)","Precip. Amount Flag","Wind Dir (10s deg)","Wind Dir Flag","Wind Spd (km/h)","Wind Spd Flag","Visibility (km)","Visibility Flag","Stn Press (kPa)","Stn Press Flag","Hmdx","Hmdx Flag","Wind Chill","Wind Chill Flag","Weather"
"-79.63","43.68","TORONTO INTL A","6158731","2025-10-01 00:00","2025","10","01","00:00","","14.6","","2.2","","43","","","","6","","14","","24.1","","100.43","","","","","","NA"
"-79.63","43.68","TORONTO INTL A","6158731","2025-10-01 01:00","2025","10","01","01:00","","13.6","","2.1","","46","","","","6","","10","","24.1","","100.45","","","","","","Clear"
"-79.63","43.68","TORONTO INTL A","6158731","2025-10-01 02:00","2025","10","01","02:00","","12.9","","1.6","","46","","","","6","","13","","24.1","","100.48","","","","","","NA"
"-79.63","43.68","TORONTO INTL A","6158731","2025-10-01 03:00","2025","10","01","03:00","","10.9","","2.3","","55","","","","3","","10","","24.1","","100.51","","","","","","NA"
"-79.63","43.68","TORONTO INTL A","6158731","2025-10-01 04:00","2025","10","01","04:00","","10.1","","2.4","","58","","","","4","","14","","24.1","","100.53","","","","","","Clear"
"-79.63","43.68","TORONTO INTL A","6158731","2025-10-01 05:00","2025","10","01","05:00","","9.6","","2.4","","61","","","","3","","11","","24.1","","100.56","","","","","","NA"
"-79.63","43.68","TORONTO INTL A","6158731","2025-10-01 06:00","2025","10","01","06:00","","8.8","","2.8","","66","","","","3","","10","","24.1","","100.60","","","","","","NA"
"-79.63","43.68","TORONTO INTL A","6158731","2025-10-01 07:00","2025","10","01","07:00","","9.5","","3.7","","67","","","","3","","11","","24.1","","100.63","","","","","","Clear"
"-79.63","43.68","TORONTO INTL A","6158731","2025-10-01 08:00","2025","10","01","08:00","","11.7","","4.3","","60","","","","4","","11","","24.1","","100.67","","","","","","NA"
"-79.63","43.68","TORONTO INTL A","6158731","2025-10-01 09:00","2025","10","01","09:00","","13.4","","5.2","","57","","","","6","","15","","24.1","","100.71","","","","","","NA"
"-79.63","43.68","TORONTO INTL A","6158731","2025-10-01 10:00","2025","10","01","10:00","","14.6","","6.4","","57","","","","7","","10","","24.1","","100.74","","","","","","Mainly Clear"
"-79.63","43.68","TORONTO INTL A","6158731","2025-10-01 11:00","2025","10","01","11:00","","15.6","","6.5","","54","","","","11","","14","","24.1","","100.73","","","","","","NA"
"-79.63","43.68","TORONTO INTL A","6158731","2025-10-01 12:00","2025","10","01","12:00","","16.7","","6.3","","50","","","","10","","12","","24.1","","100.71","","","","","","NA"
"-79.63","43.68","TORONTO INTL A","6158731","2025-10-01 13:00","2025","10","01","13:00","","17.1","","8.7","","57","","","","8","","7","","24.1","","100.66","","","","","","Mainly Clear"
"-79.63","43.68","TORONTO INTL A","6158731","2025-10-01 14:00","2025","10","01","14:00","","16.8","","8.5","","58","","","","13","","8","","24.1","","100.63","","","","","","NA"
"-79.63","43.68","TORONTO INTL A","6158731","2025-10-01 15:00","2025","10","01","15:00","","16.9","","8.9","","59","","","","11","","12","","24.1","","100.58","","","","","","NA"
"-79.63","43.68","TORONTO INTL A","6158731","2025-10-01 16:00","2025","10","01","16:00","","16.3","","8.3","","59","","","","14","","14","","24.1","","100.57","","","","","","Mostly Cloudy"
"-79.63","43.68","TORONTO INTL A","6158731","2025-10-01 17:00","2025","10","01","17:00","","15.5","","8.0","","61","","","","15","","14","","24.1","","100.59","","","","","","NA"
"-79.63","43.68","TORONTO INTL A","6158731","2025-10-01 18:00","2025","10","01","18:00","","14.5","","8.2","","65","","","","14","","8","","24.1","","100.61","","","","","","NA"
"-79.63","43.68","TORONTO INTL A","6158731","2025-10-01 19:00","2025","10","01","19:00","","14.2","","7.8","","65","","","","12","","6","","24.1","","100.66","","","","","","Clear"
"-79.63","43.68","TORONTO INTL A","6158731","2025-10-01 20:00","2025","10","01","20:00","","13.9","","7.8","","66","","","","11","","4","","24.1","","100.70","","","","","","NA"
"-79.63","43.68","TORONTO INTL A","6158731","2025-10-01 21:00","2025","10","01","21:00","","13.6","","7.7","","67","","","","7","","4","","24.1","","100.72","","","","","","NA"
"-79.63","43.68","TORONTO INTL A","6158731","2025-10-01 22:00","2025","10","01","22:00","","13.2","","7.8","","70","","","","7","","5","","24.1","","100.76","","","","","","Clear"
"-79.63","43.68","TORONTO INTL A","6158731","2025-10-01 23:00","2025","10","01","23:00","","12.7","","8.0","","73","","","","7","","8","","24.1","","100.75","","","","","","NA"
"-79.63","43.68","TORONTO INTL A","6158731","2025-10-02 00:00","2025","10","02","00:00","","12.4","","8.1","","75","","","","7","","5","","24.1","","100.75","","","","","","NA"
"-79.63","43.68","TORONTO INTL A","6158731","2025-10-02 01:00","2025","10","02","01:00","","12.0","","8.0","","76","","","","4","","7","","24.1","","100.77","","","","","","Clear"
"-79.63","43.68","TORONTO INTL A","6158731","2025-10-02 02:00","2025","10","02","02:00","","10.8","","7.5","","80","","","","2","","9","","24.1","","100.78","","","","","","NA"
"-79.63","43.68","TORONTO INTL A","6158731","2025-10-02 03:00","2025","10","02","03:00","","10.1","","7.2","","82","","","","4","","9","","24.1","","100.76","","","","","","NA"
"-79.63","43.68","TORONTO INTL A","6158731","2025-10-02 04:00","2025","10","02","04:00","","10.2","","6.3","","76","","","","5","","7","","24.1","","100.78","","","","","","Clear"
"-79.63","43.68","TORONTO INTL A","6158731","2025-10-02 05:00","2025","10","02","05:00","","9.8","","5.8","","76","","","","2","","7","","24.1","","100.83","","","","","","NA"
"-79.63","43.68","TORONTO INTL A","6158731","2025-10-02 06:00","2025","10","02","06:00","","10.0","","5.4","","73","","","","1","","5","","24.1","","100.85","","","","","","NA"
"-79.63","43.68","TORONTO INTL A","6158731","2025-10-02 07:00","2025","10","02","07:00","","10.3","","5.7","","73","","","","3","","7","","24.1","","100.87","","","","","","Mainly Clear"
"-79.63","43.68","TORONTO INTL A","6158731","2025-10-02 08:00","2025","10","02","08:00","","13.1","","7.1","","67","","","","3","","9","","24.1","","100.88","","","","","","NA"
"-79.63","43.68","TORONTO INTL A","6158731","2025-10-02 09:00","2025","10","02","09:00","","15.0","","9.0","","67","","","","10","","7","","24.1","","100.90","","","","","","NA"
"-79.63","43.68","TORONTO INTL A","6158731","2025-10-02 10:00","2025","10","02","10:00","","16.5","","8.2","","58","","","","11","","10","","24.1","","100.90","","","","","","Mostly Cloudy"
"-79.63","43.68","TORONTO INTL A","6158731","2025-10-02 11:00","2025","10","02","11:00","","17.4","","8.1","","54","","","","7","","8","","24.1","","100.84","","","","","","NA"
"-79.63","43.68","TORONTO INTL A","6158731","2025-10-02 12:00","2025","10","02","12:00","","17.9","","6.7","","47","","","","13","","16","","24.1","","100.81","","","","","","NA"
"-79.63","43.68","TORONTO INTL A","6158731","2025-10-02 13:00","2025","10","02","13:00","","17.9","","7.8","","51","","","","11","","13","","24.1","","100.76","","","","","","Mostly Cloudy"
"-79.63","43.68","TORONTO INTL A","6158731","2025-10-02 14:00","2025","10","02","14:00","","18.5","","8.3","","51","","","","12","","9","","24.1","","100.71","","","","","","NA"
"-79.63","43.68","TORONTO INTL A","6158731","2025-10-02 15:00","2025","10","02","15:00","","17.9","","8.6","","54","","","","11","","13","","24.1","","100.64","","","","","","NA"
"-79.63","43.68","TORONTO INTL A","6158731","2025-10-02 16:00","2025","10","02","16:00","","18.0","","5.9","","45","","","","13","","16","","24.1","","100.65","","","","","","Mostly Cloudy"
"-79.63","43.68","TORONTO INTL A","6158731","2025-10-02 17:00","2025","10","02","17:00","","17.1","","6.6","","50","","","","13","","12","","24.1","","100.65","","","","","","NA"
"-79.63","43.68","TORONTO INTL A","6158731","2025-10-02 18:00","2025","10","02","18:00","","15.7","","8.3","","61","","","","10","","10","","24.1","","100.63","","","","","","NA"
"-79.63","43.68","TORONTO INTL A","6158731","2025-10-02 19:00","2025","10","02","19:00","","14.7","","9.2","","69","","","","9","","9","","24.1","","100.63","","","","","","Mainly Clear"
"-79.63","43.68","TORONTO INTL A","6158731","2025-10-02 20:00","2025","10","02","20:00","","14.6","","9.5","","71","","","","10","","5","","24.1","","100.61","","","","","","NA"
"-79.63","43.68","TORONTO INTL A","6158731","2025-10-02 21:00","2025","10","02","21:00","","14.4","","9.8","","74","","","","9","","3","","24.1","","100.59","","","","","","NA"
"-79.63","43.68","TORONTO INTL A","6158731","2025-10-02 22:00","2025","10","02","22:00","","13.9","","10.3","","79","","","","9","","4","","24.1","","100.56","","","","","","Mainly Clear"
"-79.63","43.68","TORONTO INTL A","6158731","2025-10-02 23:00","2025","10","02","23:00","","13.6","","9.5","","76","","","","2","","5","","24.1","","100.55","","","","","","NA"
"-79.63","43.68","TORONTO INTL A","6158731","2025-10-03 00:00","2025","10","03","00:00","","12.0","","9.0","","82","","","","3","","5","","24.1","","100.51","","","","","","NA"
"-79.63","43.68","TORONTO INTL A","6158731","2025-10-03 01:00","2025","10","03","01:00","","11.2","","8.4","","83","","","","1","","8","","24.1","","100.51","","","","","","Mainly Clear"
"-79.63","43.68","TORONTO INTL A","6158731","2025-10-03 02:00","2025","10","03","02:00","","10.8","","8.2","","84","","","","35","","4","","24.1","","100.47","","","","","","NA"
"-79.63","43.68","TORONTO INTL A","6158731","2025-10-03 03:00","2025","10","03","03:00","","10.9","","8.4","","84","","","","2","","6","","24.1","","100.43","","","","","","NA"
"-79.63","43.68","TORONTO INTL A","6158731","2025-10-03 04:00","2025","10","03","04:00","","9.7","","7.9","","89","","","","32","","8","","24.1","","100.42","","","","","","Clear"
"-79.63","43.68","TORONTO INTL A","6158731","2025-10-03 05:00","2025","10","03","05:00","","9.7","","8.2","","91","","","","","","0","","24.1","","100.40","","","","","","NA"
"-79.63","43.68","TORONTO INTL A","6158731","2025-10-03 06:00","2025","10","03","06:00","","10.2","","8.6","","90","","","","2","","4","","24.1","","100.41","","","","","","NA"
"-79.63","43.68","TORONTO INTL A","6158731","2025-10-03 07:00","2025","10","03","07:00","","11.0","","8.8","","86","","","","","","0","","19.3","","100.44","","","","","","Clear"
"-79.63","43.68","TORONTO INTL A","6158731","2025-10-03 08:00","2025","10","03","08:00","","13.8","","10.7","","81","","","","31","","5","","19.3","","100.44","","","","","","NA"
"-79.63","43.68","TORONTO INTL A","6158731","2025-10-03 09:00","2025","10","03","09:00","","16.6","","12.6","","77","","","","24","","4","","19.3","","100.43","","","","","","NA"
"-79.63","43.68","TORONTO INTL A","6158731","2025-10-03 10:00","2025","10","03","10:00","","19.2","","12.9","","66","","","","21","","7","","24.1","","100.39","","","","","","Clear"
"-79.63","43.68","TORONTO INTL A","6158731","2025-10-03 11:00","2025","10","03","11:00","","21.4","","12.5","","57","","","","19","","11","","24.1","","100.36","","","","","","NA"
"-79.63","43.68","TORONTO INTL A","6158731","2025-10-03 12:00","2025","10","03","12:00","","22.4","","13.1","","55","","","","11","","6","","24.1","","100.32","","25","","","","NA"
"-79.63","43.68","TORONTO INTL A","6158731","2025-10-03 13:00","2025","10","03","13:00","","23.4","","14.3","","56","","","","17","","13","","24.1","","100.24","","27","","","","Clear"
"-79.63","43.68","TORONTO INTL A","6158731","2025-10-03 14:00","2025","10","03","14:00","","23.8","","12.7","","49","","","","15","","13","","24.1","","100.18","","26","","","","NA"
"-79.63","43.68","TORONTO INTL A","6158731","2025-10-03 15:00","2025","10","03","15:00","","23.8","","12.5","","48","","","","13","","15","","24.1","","100.12","","26","","","","NA"
"-79.63","43.68","TORONTO INTL A","6158731","2025-10-03 16:00","2025","10","03","16:00","","23.4","","13.4","","53","","","","14","","13","","24.1","","100.08","","26","","","","Clear"
"-79.63","43.68","TORONTO INTL A","6158731","2025-10-03 17:00","2025","10","03","17:00","","22.4","","13.8","","58","","","","15","","14","","24.1","","100.08","","26","","","","NA"
"-79.63","43.68","TORONTO INTL A","6158731","2025-10-03 18:00","2025","10","03","18:00","","21.0","","13.6","","62","","","","16","","10","","24.1","","100.09","","","","","","NA"
"-79.63","43.68","TORONTO INTL A","6158731","2025-10-03 19:00","2025","10","03","19:00","","20.7","","13.2","","62","","","","17","","8","","24.1","","100.10","","","","","","Clear"
"-79.63","43.68","TORONTO INTL A","6158731","2025-10-03 20:00","2025","10","03","20:00","","20.1","","13.7","","66","","","","17","","4","","24.1","","100.13","","","","","","NA"
"-79.63","43.68","TORONTO INTL A","6158731","2025-10-03 21:00","2025","10","03","21:00","","19.1","","14.2","","73","","","","19","","5","","24.1","","100.13","","","","","","NA"
"-79.63","43.68","TORONTO INTL A","6158731","2025-10-03 22:00","2025","10","03","22:00","","18.0","","12.6","","70","","","","24","","10","","24.1","","100.12","","","","","","Clear"
"-79.63","43.68","TORONTO INTL A","6158731","2025-10-03 23:00","2025","10","03","23:00","","16.9","","12.2","","73","","","","27","","9","","24.1","","100.13","","","","","","NA"
"-79.63","43.68","TORONTO INTL A","6158731","2025-10-04 00:00","2025","10","04","00:00","","16.7","","11.4","","71","","","","26","","5","","24.1","","100.09","","","","","","NA"
"-79.63","43.68","TORONTO INTL A","6158731","2025-10-04 01:00","2025","10","04","01:00","","17.5","","11.0","","65","","","","24","","8","","24.1","","100.09","","","","","","Clear"
"-79.63","43.68","TORONTO INTL A","6158731","2025-10-04 02:00","2025","10","04","02:00","","16.4","","10.6","","68","","","","29","","3","","24.1","","100.09","","","","","","NA"
"-79.63","43.68","TORONTO INTL A","6158731","2025-10-04 03:00","2025","10","04","03:00","","16.8","","10.8","","67","","","","19","","5","","24.1","","100.09","","","","","","NA"
"-79.63","43.68","TORONTO INTL A","6158731","2025-10-04 04:00","2025","10","04","04:00","","16.7","","10.4","","66","","","","","","0","","24.1","","100.09","","","","","","Clear"
"-79.63","43.68","TORONTO INTL A","6158731","2025-10-04 05:00","2025","10","04","05:00","","15.1","","10.2","","72","","","","22","","3","","24.1","","100.10","","","","","","NA"
"-79.63","43.68","TORONTO INTL A","6158731","2025-10-04 06:00","2025","10","04","06:00","","16.3","","10.0","","66","","","","17","","4","","24.1","","100.11","","","","","","NA"
"-79.63","43.68","TORONTO INTL A","6158731","2025-10-04 07:00","2025","10","04","07:00","","16.8","","10.2","","65","","","","17","","5","","24.1","","100.17","","","","","","Mainly Clear"
"-79.63","43.68","TORONTO INTL A","6158731","2025-10-04 08:00","2025","10","04","08:00","","19.0","","11.0","","59","","","","16","","5","","19.3","","100.18","","","","","","NA"
"-79.63","43.68","TORONTO INTL A","6158731","2025-10-04 09:00","2025","10","04","09:00","","20.7","","12.4","","59","","","","14","","4","","19.3","","100.21","","","","","","NA"
"-79.63","43.68","TORONTO INTL A","6158731","2025-10-04 10:00","2025","10","04","10:00","","22.8","","13.4","","55","","","","14","","8","","24.1","","100.19","","26","","","","Clear"
"-79.63","43.68","TORONTO INTL A","6158731","2025-10-04 11:00","2025","10","04","11:00","","25.8","","11.8","","41","","","","23","","9","","24.1","","100.16","","28","","","","NA"
"-79.63","43.68","TORONTO INTL A","6158731","2025-10-04 12:00","2025","10","04","12:00","","25.2","","13.7","","48","","","","14","","11","","24.1","","100.12","","28","","","","NA"
"-79.63","43.68","TORONTO INTL A","6158731","2025-10-04 13:00","2025","10","04","13:00","","26.3","","14.6","","48","","","","15","","14","","24.1","","100.06","","30","","","","Clear"
"-79.63","43.68","TORONTO INTL A","6158731","2025-10-04 14:00","2025","10","04","14:00","","26.4","","13.7","","45","","","","14","","16","","24.1","","100.04","","30","","","","NA"
"-79.63","43.68","TORONTO INTL A","6158731","2025-10-04 15:00","2025","10","04","15:00","","26.4","","14.5","","48","","","","15","","18","","24.1","","100.02","","30","","","","NA"
"-79.63","43.68","TORONTO INTL A","6158731","2025-10-04 16:00","2025","10","04","16:00","","25.9","","14.0","","47","","","","15","","16","","24.1","","100.00","","29","","","","Clear"
"-79.63","43.68","TORONTO INTL A","6158731","2025-10-04 17:00","2025","10","04","17:00","","25.1","","13.2","","47","","","","15","","15","","24.1","","99.98","","28","","","","NA"
"-79.63","43.68","TORONTO INTL A","6158731","2025-10-04 18:00","2025","10","04","18:00","","24.2","","12.9","","49","","","","17","","10","","24.1","","99.98","","27","","","","NA"
"-79.63","43.68","TORONTO INTL A","6158731","2025-10-04 19:00","2025","10","04","19:00","","23.4","","12.2","","49","","","","18","","10","","24.1","","100.00","","26","","","","Clear"
"-79.63","43.68","TORONTO INTL A","6158731","2025-10-04 20:00","2025","10","04","20:00","","22.5","","12.2","","52","","","","17","","8","","24.1","","100.02","","25","","","","NA"
"-79.63","43.68","TORONTO INTL A","6158731","2025-10-04 21:00","2025","10","04","21:00","","21.7","","11.5","","52","","","","22","","8","","24.1","","100.06","","","","","","NA"
"-79.63","43.68","TORONTO INTL A","6158731","2025-10-04 22:00","2025","10","04","22:00","","21.4","","11.1","","51","","","","24","","4","","24.1","","100.08","","","","","","Clear"
"-79.63","43.68","TORONTO INTL A","6158731","2025-10-04 23:00","2025","10","04","23:00","","20.2","","11.1","","55","","","","12","","3","","24.1","","100.09","","","","","","NA"
"-79.63","43.68","TORONTO INTL A","6158731","2025-10-05 00:00","2025","10","05","00:00","","19.3","","13.4","","69","","","","14","","7","","24.1","","100.08","","","","","","NA"
"-79.63","43.68","TORONTO INTL A","6158731","2025-10-05 01:00","2025","10","05","01:00","","18.1","","15.4","","84","","","","","","0","","24.1","","100.10","","","","","","Clear"
"-79.63","43.68","TORONTO INTL A","6158731","2025-10-05 02:00","2025","10","05","02:00","","16.8","","15.1","","89","","","","","","0","","24.1","","100.10","","","","","","NA"
"-79.63","43.68","TORONTO INTL A","6158731","2025-10-05 03:00","2025","10","05","03:00","","16.6","","15.3","","92","","","","","","0","","24.1","","100.11","","","","","","NA"
"-79.63","43.68","TORONTO INTL A","6158731","2025-10-05 04:00","2025","10","05","04:00","","16.3","","15.3","","94","","","","13","","3","","24.1","","100.14","","","","","","Clear"
"-79.63","43.68","TORONTO INTL A","6158731","2025-10-05 05:00","2025","10","05","05:00","","15.5","","14.3","","93","","","","","","0","","24.1","","100.17","","","","","","NA"
"-79.63","43.68","TORONTO INTL A","6158731","2025-10-05 06:00","2025","10","05","06:00","","16.6","","15.3","","92","","","","18","","3","","19.3","","100.22","","","","","","NA"
"-79.63","43.68","TORONTO INTL A","6158731","2025-10-05 07:00","2025","10","05","07:00","","16.7","","15.4","","92","","","","","","0","","19.3","","100.24","","","","","","Clear"
"-79.63","43.68","TORONTO INTL A","6158731","2025-10-05 08:00","2025","10","05","08:00","","19.0","","16.4","","85","","","","17","","5","","24.1","","100.28","","","","","","NA"
"-79.63","43.68","TORONTO INTL A","6158731","2025-10-05 09:00","2025","10","05","09:00","","21.1","","15.1","","68","","","","19","","5","","24.1","","100.29","","25","","","","NA"
"-79.63","43.68","TORONTO INTL A","6158731","2025-10-05 10:00","2025","10","05","10:00","","23.3","","15.2","","60","","","","19","","10","","24.1","","100.28","","27","","","","Clear"
"-79.63","43.68","TORONTO INTL A","6158731","2025-10-05 11:00","2025","10","05","11:00","","24.6","","17.1","","63","","","","14","","7","","24.1","","100.26","","30","","","","NA"
"-79.63","43.68","TORONTO INTL A","6158731","2025-10-05 12:00","2025","10","05","12:00","","25.4","","16.8","","58","","","","14","","17","","24.1","","100.21","","31","","","","NA"
"-79.63","43.68","TORONTO INTL A","6158731","2025-10-05 13:00","2025","10","05","13:00","","26.4","","16.0","","52","","","","14","","18","","24.1","","100.15","","31","","","","Clear"
"-79.63","43.68","TORONTO INTL A","6158731","2025-10-05 14:00","2025","10","05","14:00","","26.8","","15.9","","51","","","","15","","17","","24.1","","100.11","","31","","","","NA"
"-79.63","43.68","TORONTO INTL A","6158731","2025-10-05 15:00","2025","10","05","15:00","","26.7","","15.0","","48","","","","15","","17","","24.1","","100.05","","31","","","","NA"
"-79.63","43.68","TORONTO INTL A","6158731","2025-10-05 16:00","2025","10","05","16:00","","26.8","","14.1","","45","","","","17","","17","","24.1","","100.01","","30","","","","Clear"
"-79.63","43.68","TORONTO INTL A","6158731","2025-10-05 17:00","2025","10","05","17:00","","26.1","","12.8","","43","","","","16","","13","","24.1","","100.00","","29","","","","NA"
"-79.63","43.68","TORONTO INTL A","6158731","2025-10-05 18:00","2025","10","05","18:00","","24.5","","12.2","","46","","","","18","","13","","24.1","","99.98","","27","","","","NA"
"-79.63","43.68","TORONTO INTL A","6158731","2025-10-05 19:00","2025","10","05","19:00","","24.0","","11.7","","46","","","","20","","13","","24.1","","99.99","","26","","","","Clear"
"-79.63","43.68","TORONTO INTL A","6158731","2025-10-05 20:00","2025","10","05","20:00","","22.3","","12.0","","52","","","","23","","9","","24.1","","100.01","","25","","","","NA"
"-79.63","43.68","TORONTO INTL A","6158731","2025-10-05 21:00","2025","10","05","21:00","","21.9","","12.3","","54","","","","16","","8","","24.1","","100.01","","","","","","NA"
"-79.63","43.68","TORONTO INTL A","6158731","2025-10-05 22:00","2025","10","05","22:00","","19.9","","12.3","","61","","","","15","","9","","24.1","","100.01","","","","","","Clear"
"-79.63","43.68","TORONTO INTL A","6158731","2025-10-05 23:00","2025","10","05","23:00","","19.4","","12.7","","65","","","","17","","4","","24.1","","100.00","","","","","","NA"
"-79.63","43.68","TORONTO INTL A","6158731","2025-10-06 00:00","2025","10","06","00:00","","18.9","","12.8","","68","","","","18","","5","","24.1","","99.98","","","","","","NA"
"-79.63","43.68","TORONTO INTL A","6158731","2025-10-06 01:00","2025","10","06","01:00","","18.4","","12.9","","70","","","","16","","6","","24.1","","99.98","","","","","","Clear"
"-79.63","43.68","TORONTO INTL A","6158731","2025-10-06 02:00","2025","10","06","02:00","","16.6","","12.8","","78","","","","17","","7","","24.1","","99.95","","","","","","NA"
"-79.63","43.68","TORONTO INTL A","6158731","2025-10-06 03:00","2025","10","06","03:00","","15.9","","12.3","","79","","","","20","","4","","24.1","","99.97","","","","","","NA"
"-79.63","43.68","TORONTO INTL A","6158731","2025-10-06 04:00","2025","10","06","04:00","","16.6","","12.1","","74","","","","","","0","","24.1","","99.99","","","","","","Clear"
"-79.63","43.68","TORONTO INTL A","6158731","2025-10-06 05:00","2025","10","06","05:00","","16.4","","12.4","","77","","","","","","0","","24.1","","100.03","","","","","","NA"
"-79.63","43.68","TORONTO INTL A","6158731","2025-10-06 06:00","2025","10","06","06:00","","16.6","","12.6","","77","","","","","","0","","24.1","","100.04","","","","","","NA"
"-79.63","43.68","TORONTO INTL A","6158731","2025-10-06 07:00","2025","10","06","07:00","","16.7","","13.5","","81","","","","26","","4","","24.1","","100.07","","","","","","Mainly Clear"
"-79.63","43.68","TORONTO INTL A","6158731","2025-10-06 08:00","2025","10","06","08:00","","19.1","","14.8","","76","","","","26","","12","","24.1","","100.08","","","","","","NA"
"-79.63","43.68","TORONTO INTL A","6158731","2025-10-06 09:00","2025","10","06","09:00","","22.2","","14.7","","62","","","","22","","12","","24.1","","100.09","","26","","","","NA"
"-79.63","43.68","TORONTO INTL A","6158731","2025-10-06 10:00","2025","10","06","10:00","","22.9","","16.5","","67","","","","14","","9","","24.1","","100.06","","28","","","","Mainly Clear"
"-79.63","43.68","TORONTO INTL A","6158731","2025-10-06 11:00","2025","10","06","11:00","","25.7","","15.5","","53","","","","22","","14","","24.1","","100.02","","30","","","","NA"
"-79.63","43.68","TORONTO INTL A","6158731","2025-10-06 12:00","2025","10","06","12:00","","27.1","","14.9","","46","","","","22","","23","","24.1","","99.98","","31","","","","NA"
"-79.63","43.68","TORONTO INTL A","6158731","2025-10-06 13:00","2025","10","06","13:00","","26.2","","15.4","","51","","","","25","","23","","24.1","","99.91","","30","","","","Mostly Cloudy"
"-79.63","43.68","TORONTO INTL A","6158731","2025-10-06 14:00","2025","10","06","14:00","","27.9","","15.2","","46","","","","22","","26","","24.1","","99.85","","32","","","","NA"
"-79.63","43.68","TORONTO INTL A","6158731","2025-10-06 15:00","2025","10","06","15:00","","27.2","","15.2","","47","","","","20","","23","","24.1","","99.81","","31","","","","NA"
"-79.63","43.68","TORONTO INTL A","6158731","2025-10-06 16:00","2025","10","06","16:00","","27.0","","15.3","","48","","","","24","","20","","24.1","","99.78","","31","","","","Mainly Clear"
"-79.63","43.68","TORONTO INTL A","6158731","2025-10-06 17:00","2025","10","06","17:00","","26.4","","13.2","","43","","","","21","","19","","24.1","","99.77","","29","","","","NA"
"-79.63","43.68","TORONTO INTL A","6158731","2025-10-06 18:00","2025","10","06","18:00","","25.5","","13.2","","46","","","","22","","18","","24.1","","99.77","","28","","","","NA"
"-79.63","43.68","TORONTO INTL A","6158731","2025-10-06 19:00","2025","10","06","19:00","","24.2","","13.2","","50","","","","20","","14","","24.1","","99.78","","27","","","","Mainly Clear"
"-79.63","43.68","TORONTO INTL A","6158731","2025-10-06 20:00","2025","10","06","20:00","","23.5","","13.3","","52","","","","20","","15","","24.1","","99.76","","26","","","","NA"
"-79.63","43.68","TORONTO INTL A","6158731","2025-10-06 21:00","2025","10","06","21:00","","22.9","","13.5","","55","","","","21","","19","","24.1","","99.74","","26","","","","NA"
"-79.63","43.68","TORONTO INTL A","6158731","2025-10-06 22:00","2025","10","06","22:00","","21.6","","13.6","","60","","","","21","","12","","24.1","","99.71","","25","","","","Clear"
"-79.63","43.68","TORONTO INTL A","6158731","2025-10-06 23:00","2025","10","06","23:00","","20.2","","13.7","","66","","","","22","","9","","24.1","","99.67","","","","","","NA"
"-79.63","43.68","TORONTO INTL A","6158731","2025-10-07 00:00","2025","10","07","00:00","","19.6","","13.8","","69","","","","23","","9","","24.1","","99.60","","","","","","NA"
"-79.63","43.68","TORONTO INTL A","6158731","2025-10-07 01:00","2025","10","07","01:00","","18.9","","13.8","","72","","","","23","","8","","24.1","","99.54","","","","","","Mainly Clear"
"-79.63","43.68","TORONTO INTL A","6158731","2025-10-07 02:00","2025","10","07","02:00","","19.4","","14.6","","73","","","","22","","14","","24.1","","99.50","","","","","","NA"
"-79.63","43.68","TORONTO INTL A","6158731","2025-10-07 03:00","2025","10","07","03:00","","19.8","","15.4","","75","","","","21","","10","","24.1","","99.43","","","","","","NA"
"-79.63","43.68","TORONTO INTL A","6158731","2025-10-07 04:00","2025","10","07","04:00","","19.8","","16.0","","78","","","","21","","13","","24.1","","99.40","","","","","","Mostly Cloudy"
"-79.63","43.68","TORONTO INTL A","6158731","2025-10-07 05:00","2025","10","07","05:00","","20.0","","16.9","","82","","","","20","","14","","24.1","","99.37","","25","","","","Rain Showers"
"-79.63","43.68","TORONTO INTL A","6158731","2025-10-07 06:00","2025","10","07","06:00","","19.4","","17.8","","90","","","","22","","18","","24.1","","99.36","","","","","","NA"
"-79.63","43.68","TORONTO INTL A","6158731","2025-10-07 07:00","2025","10","07","07:00","","19.8","","17.6","","87","","","","21","","19","","24.1","","99.34","","","","","","Mostly Cloudy"
"-79.63","43.68","TORONTO INTL A","6158731","2025-10-07 08:00","2025","10","07","08:00","","19.9","","17.9","","88","","","","23","","14","","24.1","","99.33","","","","","","NA"
"-79.63","43.68","TORONTO INTL A","6158731","2025-10-07 09:00","2025","10","07","09:00","","20.3","","17.8","","85","","","","22","","16","","24.1","","99.39","","26","","","","NA"
"-79.63","43.68","TORONTO INTL A","6158731","2025-10-07 10:00","2025","10","07","10:00","","20.5","","17.2","","81","","","","26","","16","","24.1","","99.39","","26","","","","Mostly Cloudy"
"-79.63","43.68","TORONTO INTL A","6158731","2025-10-07 11:00","2025","10","07","11:00","","20.8","","16.6","","77","","","","26","","14","","24.1","","99.36","","26","","","","NA"
"-79.63","43.68","TORONTO INTL A","6158731","2025-10-07 12:00","2025","10","07","12:00","","21.1","","16.3","","74","","","","29","","13","","24.1","","99.33","","26","","","","NA"
"-79.63","43.68","TORONTO INTL A","6158731","2025-10-07 13:00","2025","10","07","13:00","","19.2","","15.3","","78","","","","35","","22","","24.1","","99.28","","","","","","Cloudy"
"-79.63","43.68","TORONTO INTL A","6158731","2025-10-07 14:00","2025","10","07","14:00","","18.2","","14.8","","80","","","","35","","22","","24.1","","99.27","","","","","","NA"
"-79.63","43.68","TORONTO INTL A","6158731","2025-10-07 15:00","2025","10","07","15:00","","17.6","","14.3","","81","","","","1","","22","","24.1","","99.26","","","","","","NA"
"-79.63","43.68","TORONTO INTL A","6158731","2025-10-07 16:00","2025","10","07","16:00","","16.2","","13.0","","81","","","","34","","29","","24.1","","99.34","","","","","","Cloudy"
"-79.63","43.68","TORONTO INTL A","6158731","2025-10-07 17:00","2025","10","07","17:00","","14.9","","12.4","","85","","","","33","","23","","19.3","","99.37","","","","","","Rain Showers"
"-79.63","43.68","TORONTO INTL A","6158731","2025-10-07 18:00","2025","10","07","18:00","","15.0","","12.5","","85","","","","32","","23","","24.1","","99.41","","","","","","Rain Showers"
"-79.63","43.68","TORONTO INTL A","6158731","2025-10-07 19:00","2025","10","07","19:00","","15.2","","12.3","","83","","","","34","","23","","24.1","","99.46","","","","","","Cloudy"
"-79.63","43.68","TORONTO INTL A","6158731","2025-10-07 20:00","2025","10","07","20:00","","15.2","","11.1","","76","","","","33","","28","","24.1","","99.52","","","","","","NA"
"-79.63","43.68","TORONTO INTL A","6158731","2025-10-07 21:00","2025","10","07","21:00","","14.9","","10.8","","76","","","","34","","23","","24.1","","99.55","","","","","","NA"
"-79.63","43.68","TORONTO INTL A","6158731","2025-10-07 22:00","2025","10","07","22:00","","14.7","","9.5","","71","","","","35","","20","","24.1","","99.63","","","","","","Cloudy"
"-79.63","43.68","TORONTO INTL A","6158731","2025-10-07 23:00","2025","10","07","23:00","","14.0","","8.8","","70","","","","34","","24","","24.1","","99.67","","","","","","Rain"
"-79.63","43.68","TORONTO INTL A","6158731","2025-10-08 00:00","2025","10","08","00:00","","13.6","","8.7","","72","","","","34","","17","","24.1","","99.70","","","","","","NA"
"-79.63","43.68","TORONTO INTL A","6158731","2025-10-08 01:00","2025","10","08","01:00","","12.8","","8.5","","75","","","","32","","17","","24.1","","99.75","","","","","","Mostly Cloudy"
"-79.63","43.68","TORONTO INTL A","6158731","2025-10-08 02:00","2025","10","08","02:00","","11.8","","7.9","","77","","","","33","","14","","24.1","","99.80","","","","","","NA"
"-79.63","43.68","TORONTO INTL A","6158731","2025-10-08 03:00","2025","10","08","03:00","","11.6","","7.3","","75","","","","34","","16","","24.1","","99.84","","","","","","NA"
"-79.63","43.68","TORONTO INTL A","6158731","2025-10-08 04:00","2025","10","08","04:00","","10.2","","6.4","","77","","","","31","","16","","24.1","","99.88","","","","","","Clear"
"-79.63","43.68","TORONTO INTL A","6158731","2025-10-08 05:00","2025","10","08","05:00","","9.8","","5.9","","76","","","","31","","15","","24.1","","99.95","","","","","","NA"
"-79.63","43.68","TORONTO INTL A","6158731","2025-10-08 06:00","2025","10","08","06:00","","10.1","","5.4","","73","","","","30","","16","","24.1","","100.00","","","","","","NA"
"-79.63","43.68","TORONTO INTL A","6158731","2025-10-08 07:00","2025","10","08","07:00","","10.2","","5.1","","71","","","","32","","21","","24.1","","100.07","","","","","","Clear"
"-79.63","43.68","TORONTO INTL A","6158731","2025-10-08 08:00","2025","10","08","08:00","","11.1","","5.2","","67","","","","34","","21","","24.1","","100.18","","","","","","NA"
"-79.63","43.68","TORONTO INTL A","6158731","2025-10-08 09:00","2025","10","08","09:00","","12.0","","4.7","","61","","","","34","","30","","24.1","","100.25","","","","","","NA"
"-79.63","43.68","TORONTO INTL A","6158731","2025-10-08 10:00","2025","10","08","10:00","","13.2","","4.9","","57","","","","33","","30","","24.1","","100.31","","","","","","Mainly Clear"
"-79.63","43.68","TORONTO INTL A","6158731","2025-10-08 11:00","2025","10","08","11:00","","14.0","","4.8","","54","","","","35","","29","","24.1","","100.36","","","","","","NA"
"-79.63","43.68","TORONTO INTL A","6158731","2025-10-08 12:00","2025","10","08","12:00","","14.4","","3.3","","47","","","","33","","35","","24.1","","100.41","","","","","","NA"
"-79.63","43.68","TORONTO INTL A","6158731","2025-10-08 13:00","2025","10","08","13:00","","14.1","","2.0","","44","","","","34","","34","","24.1","","100.41","","","","","","Mainly Clear"
"-79.63","43.68","TORONTO INTL A","6158731","2025-10-08 14:00","2025","10","08","14:00","","14.1","","2.8","","46","","","","34","","32","","24.1","","100.43","","","","","","NA"
"-79.63","43.68","TORONTO INTL A","6158731","2025-10-08 15:00","2025","10","08","15:00","","13.6","","1.2","","43","","","","35","","32","","24.1","","100.48","","","","","","NA"
"-79.63","43.68","TORONTO INTL A","6158731","2025-10-08 16:00","2025","10","08","16:00","","13.4","","1.4","","44","","","","33","","31","","24.1","","100.54","","","","","","Clear"
"-79.63","43.68","TORONTO INTL A","6158731","2025-10-08 17:00","2025","10","08","17:00","","12.3","","1.3","","47","","","","33","","22","","24.1","","100.59","","","","","","NA"
"-79.63","43.68","TORONTO INTL A","6158731","2025-10-08 18:00","2025","10","08","18:00","","11.2","","1.0","","49","","","","34","","22","","24.1","","100.67","","","","","","NA"
"-79.63","43.68","TORONTO INTL A","6158731","2025-10-08 19:00","2025","10","08","19:00","","10.5","","1.2","","52","","","","33","","28","","24.1","","100.74","","","","","","Clear"
"-79.63","43.68","TORONTO INTL A","6158731","2025-10-08 20:00","2025","10","08","20:00","","9.8","","1.7","","57","","","","34","","24","","24.1","","100.78","","","","","","NA"
"-79.63","43.68","TORONTO INTL A","6158731","2025-10-08 21:00","2025","10","08","21:00","","8.6","","2.0","","63","","","","31","","19","","24.1","","100.85","","","","","","NA"
"-79.63","43.68","TORONTO INTL A","6158731","2025-10-08 22:00","2025","10","08","22:00","","8.1","","1.9","","64","","","","31","","18","","24.1","","100.93","","","","","","Clear"
"-79.63","43.68","TORONTO INTL A","6158731","2025-10-08 23:00","2025","10","08","23:00","","7.7","","1.8","","66","","","","35","","14","","24.1","","100.97","","","","","","NA"
"-79.63","43.68","TORONTO INTL A","6158731","2025-10-09 00:00","2025","10","09","00:00","","6.8","","1.8","","70","","","","34","","16","","24.1","","100.99","","","","","","NA"
"-79.63","43.68","TORONTO INTL A","6158731","2025-10-09 01:00","2025","10","09","01:00","","5.5","","1.7","","76","","","","1","","13","","24.1","","101.01","","","","","","Clear"
"-79.63","43.68","TORONTO INTL A","6158731","2025-10-09 02:00","2025","10","09","02:00","","5.4","","1.2","","74","","","","36","","12","","24.1","","101.03","","","","","","NA"
"-79.63","43.68","TORONTO INTL A","6158731","2025-10-09 03:00","2025","10","09","03:00","","4.9","","0.6","","74","","","","36","","9","","24.1","","101.08","","","","","","NA"
"-79.63","43.68","TORONTO INTL A","6158731","2025-10-09 04:00","2025","10","09","04:00","","4.5","","0.4","","75","","","","36","","11","","24.1","","101.12","","","","","","Clear"
"-79.63","43.68","TORONTO INTL A","6158731","2025-10-09 05:00","2025","10","09","05:00","","4.7","","0.0","","72","","","","36","","12","","24.1","","101.20","","","","","","NA"
"-79.63","43.68","TORONTO INTL A","6158731","2025-10-09 06:00","2025","10","09","06:00","","4.5","","-0.2","","72","","","","36","","8","","24.1","","101.25","","","","","","NA"
"-79.63","43.68","TORONTO INTL A","6158731","2025-10-09 07:00","2025","10","09","07:00","","4.4","","0.3","","75","","","","34","","12","","24.1","","101.32","","","","","","Clear"
"-79.63","43.68","TORONTO INTL A","6158731","2025-10-09 08:00","2025","10","09","08:00","","6.7","","0.8","","66","","","","2","","9","","24.1","","101.38","","","","","","NA"
"-79.63","43.68","TORONTO INTL A","6158731","2025-10-09 09:00","2025","10","09","09:00","","9.2","","-0.3","","51","","","","4","","12","","24.1","","101.42","","","","","","NA"
"-79.63","43.68","TORONTO INTL A","6158731","2025-10-09 10:00","2025","10","09","10:00","","10.4","","-2.8","","39","","","","5","","9","","24.1","","101.43","","","","","","Clear"
"-79.63","43.68","TORONTO INTL A","6158731","2025-10-09 11:00","2025","10","09","11:00","","12.0","","-1.7","","38","","","","2","","12","","24.1","","101.44","","","","","","NA"
"-79.63","43.68","TORONTO INTL A","6158731","2025-10-09 12:00","2025","10","09","12:00","","12.0","","-2.3","","37","","","","11","","8","","24.1","","101.38","","","","","","NA"
"-79.63","43.68","TORONTO INTL A","6158731","2025-10-09 13:00","2025","10","09","13:00","","12.4","","-1.7","","37","","","","10","","17","","24.1","","101.30","","","","","","Mainly Clear"
"-79.63","43.68","TORONTO INTL A","6158731","2025-10-09 14:00","2025","10","09","14:00","","11.6","","-1.0","","41","","","","10","","13","","24.1","","101.26","","","","","","NA"
"-79.63","43.68","TORONTO INTL A","6158731","2025-10-09 15:00","2025","10","09","15:00","","11.6","","-0.1","","44","","","","12","","14","","24.1","","101.21","","","","","","NA"
"-79.63","43.68","TORONTO INTL A","6158731","2025-10-09 16:00","2025","10","09","16:00","","11.4","","-0.5","","44","","","","14","","13","","24.1","","101.18","","","","","","Clear"
"-79.63","43.68","TORONTO INTL A","6158731","2025-10-09 17:00","2025","10","09","17:00","","10.3","","-0.7","","46","","","","12","","11","","24.1","","101.14","","","","","","NA"
"-79.63","43.68","TORONTO INTL A","6158731","2025-10-09 18:00","2025","10","09","18:00","","9.5","","-0.1","","51","","","","14","","8","","24.1","","101.13","","","","","","NA"
"-79.63","43.68","TORONTO INTL A","6158731","2025-10-09 19:00","2025","10","09","19:00","","8.9","","0.0","","53","","","","12","","7","","24.1","","101.12","","","","","","Clear"
"-79.63","43.68","TORONTO INTL A","6158731","2025-10-09 20:00","2025","10","09","20:00","","8.6","","0.4","","56","","","","10","","8","","24.1","","101.10","","","","","","NA"
"-79.63","43.68","TORONTO INTL A","6158731","2025-10-09 21:00","2025","10","09","21:00","","8.2","","0.2","","57","","","","8","","5","","24.1","","101.08","","","","","","NA"
"-79.63","43.68","TORONTO INTL A","6158731","2025-10-09 22:00","2025","10","09","22:00","","8.1","","0.5","","59","","","","7","","6","","24.1","","101.04","","","","","","Clear"
"-79.63","43.68","TORONTO INTL A","6158731","2025-10-09 23:00","2025","10","09","23:00","","7.6","","0.6","","61","","","","6","","7","","24.1","","100.99","","","","","","NA"
"-79.63","43.68","TORONTO INTL A","6158731","2025-10-10 00:00","2025","10","10","00:00","","7.0","","0.6","","64","","","","8","","7","","24.1","","100.98","","","","","","NA"
"-79.63","43.68","TORONTO INTL A","6158731","2025-10-10 01:00","2025","10","10","01:00","","6.7","","1.1","","67","","","","11","","4","","24.1","","100.96","","","","","","Clear"
"-79.63","43.68","TORONTO INTL A","6158731","2025-10-10 02:00","2025","10","10","02:00","","7.1","","1.4","","67","","","","7","","4","","24.1","","100.92","","","","","","NA"
"-79.63","43.68","TORONTO INTL A","6158731","2025-10-10 03:00","2025","10","10","03:00","","5.2","","0.2","","71","","","","36","","7","","24.1","","100.86","","","","","","NA"
"-79.63","43.68","TORONTO INTL A","6158731","2025-10-10 04:00","2025","10","10","04:00","","3.9","","0.6","","79","","","","32","","3","","24.1","","100.84","","","","","","Clear"
"-79.63","43.68","TORONTO INTL A","6158731","2025-10-10 05:00","2025","10","10","05:00","","4.8","","0.6","","74","","","","36","","5","","24.1","","100.81","","","","","","NA"
"-79.63","43.68","TORONTO INTL A","6158731","2025-10-10 06:00","2025","10","10","06:00","","4.3","","0.6","","77","","","","2","","8","","24.1","","100.77","","","","","","NA"
"-79.63","43.68","TORONTO INTL A","6158731","2025-10-10 07:00","2025","10","10","07:00","","5.0","","1.2","","77","","","","35","","5","","24.1","","100.73","","","","","","Mainly Clear"
"-79.63","43.68","TORONTO INTL A","6158731","2025-10-10 08:00","2025","10","10","08:00","","7.8","","2.9","","71","","","","3","","4","","24.1","","100.67","","","","","","NA"
"-79.63","43.68","TORONTO INTL A","6158731","2025-10-10 09:00","2025","10","10","09:00","","11.4","","5.3","","66","","","","14","","8","","24.1","","100.59","","","","","","NA"
"-79.63","43.68","TORONTO INTL A","6158731","2025-10-10 10:00","2025","10","10","10:00","","14.0","","6.5","","60","","","","19","","19","","24.1","","100.50","","","","","","Mostly Cloudy"
"-79.63","43.68","TORONTO INTL A","6158731","2025-10-10 11:00","2025","10","10","11:00","","15.2","","7.0","","58","","","","19","","13","","24.1","","100.41","","","","","","NA"
"-79.63","43.68","TORONTO INTL A","6158731","2025-10-10 12:00","2025","10","10","12:00","","15.7","","6.6","","55","","","","16","","16","","24.1","","100.33","","","","","","NA"
"-79.63","43.68","TORONTO INTL A","6158731","2025-10-10 13:00","2025","10","10","13:00","","16.3","","6.7","","53","","","","15","","20","","24.1","","100.21","","","","","","Mostly Cloudy"
"-79.63","43.68","TORONTO INTL A","6158731","2025-10-10 14:00","2025","10","10","14:00","","16.6","","5.8","","49","","","","16","","18","","24.1","","100.09","","","","","","NA"
"-79.63","43.68","TORONTO INTL A","6158731","2025-10-10 15:00","2025","10","10","15:00","","17.2","","6.0","","47","","","","17","","16","","24.1","","100.03","","","","","","NA"
"-79.63","43.68","TORONTO INTL A","6158731","2025-10-10 16:00","2025","10","10","16:00","","16.4","","4.8","","46","","","","17","","23","","24.1","","99.99","","","","","","Mostly Cloudy"
"-79.63","43.68","TORONTO INTL A","6158731","2025-10-10 17:00","2025","10","10","17:00","","16.1","","5.7","","50","","","","17","","26","","24.1","","99.89","","","","","","NA"
"-79.63","43.68","TORONTO INTL A","6158731","2025-10-10 18:00","2025","10","10","18:00","","15.6","","4.2","","46","","","","21","","20","","24.1","","99.88","","","","","","NA"
"-79.63","43.68","TORONTO INTL A","6158731","2025-10-10 19:00","2025","10","10","19:00","","15.6","","4.5","","48","","","","19","","10","","24.1","","99.88","","","","","","Mostly Cloudy"
"-79.63","43.68","TORONTO INTL A","6158731","2025-10-10 20:00","2025","10","10","20:00","","14.9","","5.9","","55","","","","17","","9","","24.1","","99.87","","","","","","NA"
"-79.63","43.68","TORONTO INTL A","6158731","2025-10-10 21:00","2025","10","10","21:00","","12.4","","9.0","","80","","","","27","","9","","16.1","","99.95","","","","","","Rain Showers"
"-79.63","43.68","TORONTO INTL A","6158731","2025-10-10 22:00","2025","10","10","22:00","","12.1","","10.0","","87","","","","19","","6","","16.1","","99.92","","","","","","Rain"
"-79.63","43.68","TORONTO INTL A","6158731","2025-10-10 23:00","2025","10","10","23:00","","12.3","","10.2","","87","","","","20","","9","","19.3","","99.86","","","","","","Rain"
"-79.63","43.68","TORONTO INTL A","6158731","2025-10-11 00:00","2025","10","11","00:00","","12.0","","10.4","","90","","","","15","","11","","24.1","","99.72","","","","","","NA"
"-79.63","43.68","TORONTO INTL A","6158731","2025-10-11 01:00","2025","10","11","01:00","","12.6","","11.0","","90","","","","15","","11","","24.1","","99.67","","","","","","Cloudy"
"-79.63","43.68","TORONTO INTL A","6158731","2025-10-11 02:00","2025","10","11","02:00","","13.1","","11.2","","89","","","","17","","16","","24.1","","99.61","","","","","","Rain"
"-79.63","43.68","TORONTO INTL A","6158731","2025-10-11 03:00","2025","10","11","03:00","","13.0","","11.7","","91","","","","25","","5","","24.1","","99.57","","","","","","NA"
"-79.63","43.68","TORONTO INTL A","6158731","2025-10-11 04:00","2025","10","11","04:00","","12.9","","11.8","","93","","","","27","","7","","24.1","","99.61","","","","","","Cloudy"
"-79.63","43.68","TORONTO INTL A","6158731","2025-10-11 05:00","2025","10","11","05:00","","12.6","","10.5","","87","","","","23","","10","","24.1","","99.61","","","","","","NA"
"-79.63","43.68","TORONTO INTL A","6158731","2025-10-11 06:00","2025","10","11","06:00","","11.2","","9.8","","91","","","","27","","6","","24.1","","99.63","","","","","","NA"
"-79.63","43.68","TORONTO INTL A","6158731","2025-10-11 07:00","2025","10","11","07:00","","12.2","","10.3","","88","","","","","","0","","24.1","","99.64","","","","","","Mostly Cloudy"
"-79.63","43.68","TORONTO INTL A","6158731","2025-10-11 08:00","2025","10","11","08:00","","12.6","","10.7","","88","","","","23","","4","","24.1","","99.68","","","","","","NA"
"-79.63","43.68","TORONTO INTL A","6158731","2025-10-11 09:00","2025","10","11","09:00","","14.1","","9.5","","73","","","","22","","3","","24.1","","99.72","","","","","","NA"
"-79.63","43.68","TORONTO INTL A","6158731","2025-10-11 10:00","2025","10","11","10:00","","15.4","","8.3","","62","","","","28","","7","","24.1","","99.75","","","","","","Mostly Cloudy"
"-79.63","43.68","TORONTO INTL A","6158731","2025-10-11 11:00","2025","10","11","11:00","","15.6","","8.2","","61","","","","36","","5","","24.1","","99.77","","","","","","NA"
"-79.63","43.68","TORONTO INTL A","6158731","2025-10-11 12:00","2025","10","11","12:00","","15.6","","7.6","","58","","","","7","","4","","24.1","","99.81","","","","","","NA"
"-79.63","43.68","TORONTO INTL A","6158731","2025-10-11 13:00","2025","10","11","13:00","","16.6","","7.2","","53","","","","","","0","","24.1","","99.79","","","","","","Mostly Cloudy"
"-79.63","43.68","TORONTO INTL A","6158731","2025-10-11 14:00","2025","10","11","14:00","","17.7","","6.6","","48","","","","14","","13","","24.1","","99.76","","","","","","NA"
"-79.63","43.68","TORONTO INTL A","6158731","2025-10-11 15:00","2025","10","11","15:00","","16.9","","10.6","","66","","","","13","","17","","24.1","","99.81","","","","","","NA"
"-79.63","43.68","TORONTO INTL A","6158731","2025-10-11 16:00","2025","10","11","16:00","","15.5","","10.5","","72","","","","10","","19","","24.1","","99.87","","","","","","Mostly Cloudy"
"-79.63","43.68","TORONTO INTL A","6158731","2025-10-11 17:00","2025","10","11","17:00","","14.3","","10.4","","77","","","","8","","18","","19.3","","99.94","","","","","","NA"
"-79.63","43.68","TORONTO INTL A","6158731","2025-10-11 18:00","2025","10","11","18:00","","13.9","","10.6","","80","","","","8","","19","","24.1","","99.99","","","","","","NA"
"-79.63","43.68","TORONTO INTL A","6158731","2025-10-11 19:00","2025","10","11","19:00","","13.3","","10.2","","81","","","","9","","11","","24.1","","99.99","","","","","","Mainly Clear"
"-79.63","43.68","TORONTO INTL A","6158731","2025-10-11 20:00","2025","10","11","20:00","","13.2","","10.4","","83","","","","8","","8","","24.1","","100.05","","","","","","NA"
"-79.63","43.68","TORONTO INTL A","6158731","2025-10-11 21:00","2025","10","11","21:00","","13.7","","10.7","","82","","","","10","","14","","24.1","","100.07","","","","","","NA"
"-79.63","43.68","TORONTO INTL A","6158731","2025-10-11 22:00","2025","10","11","22:00","","13.3","","10.3","","81","","","","8","","8","","24.1","","100.03","","","","","","Mainly Clear"
"-79.63","43.68","TORONTO INTL A","6158731","2025-10-11 23:00","2025","10","11","23:00","","12.6","","9.6","","81","","","","5","","10","","24.1","","100.00","","","","","","NA"
"-79.63","43.68","TORONTO INTL A","6158731","2025-10-12 00:00","2025","10","12","00:00","","12.3","","10.4","","88","","","","5","","13","","24.1","","100.01","","","","","","NA"
"-79.63","43.68","TORONTO INTL A","6158731","2025-10-12 01:00","2025","10","12","01:00","","11.5","","10.0","","90","","","","5","","7","","24.1","","100.03","","","","","","Mainly Clear"
"-79.63","43.68","TORONTO INTL A","6158731","2025-10-12 02:00","2025","10","12","02:00","","11.0","","9.3","","89","","","","35","","11","","24.1","","100.00","","","","","","NA"
"-79.63","43.68","TORONTO INTL A","6158731","2025-10-12 03:00","2025","10","12","03:00","","10.6","","8.3","","86","","","","2","","9","","24.1","","99.99","","","","","","NA"
"-79.63","43.68","TORONTO INTL A","6158731","2025-10-12 04:00","2025","10","12","04:00","","9.7","","8.0","","89","","","","4","","9","","24.1","","99.95","","","","","","Clear"
"-79.63","43.68","TORONTO INTL A","6158731","2025-10-12 05:00","2025","10","12","05:00","","9.8","","7.8","","87","","","","36","","15","","24.1","","99.94","","","","","","NA"
"-79.63","43.68","TORONTO INTL A","6158731","2025-10-12 06:00","2025","10","12","06:00","","10.1","","7.9","","86","","","","36","","12","","24.1","","99.97","","","","","","NA"
"-79.63","43.68","TORONTO INTL A","6158731","2025-10-12 07:00","2025","10","12","07:00","","10.7","","8.9","","88","","","","36","","8","","24.1","","99.99","","","","","","Mostly Cloudy"
"-79.63","43.68","TORONTO INTL A","6158731","2025-10-12 08:00","2025","10","12","08:00","","11.3","","9.5","","88","","","","1","","10","","19.3","","100.03","","","","","","Rain"
"-79.63","43.68","TORONTO INTL A","6158731","2025-10-12 09:00","2025","10","12","09:00","","13.6","","11.8","","89","","","","7","","18","","24.1","","100.05","","","","","","NA"
"-79.63","43.68","TORONTO INTL A","6158731","2025-10-12 10:00","2025","10","12","10:00","","14.0","","12.1","","88","","","","6","","17","","24.1","","100.06","","","","","","Mostly Cloudy"
"-79.63","43.68","TORONTO INTL A","6158731","2025-10-12 11:00","2025","10","12","11:00","","16.3","","12.3","","77","","","","11","","23","","24.1","","100.04","","","","","","NA"
"-79.63","43.68","TORONTO INTL A","6158731","2025-10-12 12:00","2025","10","12","12:00","","18.0","","13.2","","74","","","","12","","18","","24.1","","100.01","","","","","","NA"
"-79.63","43.68","TORONTO INTL A","6158731","2025-10-12 13:00","2025","10","12","13:00","","16.6","","12.5","","76","","","","9","","16","","24.1","","100.00","","","","","","Mostly Cloudy"
"-79.63","43.68","TORONTO INTL A","6158731","2025-10-12 14:00","2025","10","12","14:00","","17.5","","12.5","","72","","","","10","","17","","24.1","","99.99","","","","","","NA"
"-79.63","43.68","TORONTO INTL A","6158731","2025-10-12 15:00","2025","10","12","15:00","","17.5","","11.5","","68","","","","8","","22","","24.1","","99.95","","","","","","NA"
"-79.63","43.68","TORONTO INTL A","6158731","2025-10-12 16:00","2025","10","12","16:00","","17.7","","11.8","","68","","","","9","","13","","24.1","","99.95","","","","","","Mainly Clear"
"-79.63","43.68","TORONTO INTL A","6158731","2025-10-12 17:00","2025","10","12","17:00","","16.7","","10.7","","67","","","","9","","20","","24.1","","99.94","","","","","","NA"
"-79.63","43.68","TORONTO INTL A","6158731","2025-10-12 18:00","2025","10","12","18:00","","15.7","","10.5","","71","","","","9","","14","","24.1","","99.95","","","","","","NA"
"-79.63","43.68","TORONTO INTL A","6158731","2025-10-12 19:00","2025","10","12","19:00","","15.5","","9.9","","69","","","","8","","10","","24.1","","99.94","","","","","","Clear"
"-79.63","43.68","TORONTO INTL A","6158731","2025-10-12 20:00","2025","10","12","20:00","","14.9","","9.5","","70","","","","6","","7","","24.1","","99.93","","","","","","NA"
"-79.63","43.68","TORONTO INTL A","6158731","2025-10-12 21:00","2025","10","12","21:00","","13.5","","9.7","","77","","","","4","","9","","24.1","","99.92","","","","","","NA"
"-79.63","43.68","TORONTO INTL A","6158731","2025-10-12 22:00","2025","10","12","22:00","","12.6","","9.3","","80","","","","4","","13","","24.1","","99.92","","","","","","Clear"
"-79.63","43.68","TORONTO INTL A","6158731","2025-10-12 23:00","2025","10","12","23:00","","14.0","","8.1","","67","","","","10","","16","","24.1","","99.94","","","","","","NA"
"-79.63","43.68","TORONTO INTL A","6158731","2025-10-13 00:00","2025","10","13","00:00","","13.1","","7.2","","67","","","","8","","7","","24.1","","99.92","","","","","","NA"
"-79.63","43.68","TORONTO INTL A","6158731","2025-10-13 01:00","2025","10","13","01:00","","12.3","","6.5","","67","","","","6","","7","","24.1","","99.93","","","","","","Clear"
"-79.63","43.68","TORONTO INTL A","6158731","2025-10-13 02:00","2025","10","13","02:00","","10.3","","7.1","","80","","","","1","","12","","24.1","","99.93","","","","","","NA"
"-79.63","43.68","TORONTO INTL A","6158731","2025-10-13 03:00","2025","10","13","03:00","","9.2","","6.9","","85","","","","2","","13","","24.1","","99.94","","","","","","NA"
"-79.63","43.68","TORONTO INTL A","6158731","2025-10-13 04:00","2025","10","13","04:00","","9.6","","7.2","","85","","","","4","","12","","24.1","","99.96","","","","","","Clear"
"-79.63","43.68","TORONTO INTL A","6158731","2025-10-13 05:00","2025","10","13","05:00","","9.4","","6.9","","85","","","","4","","10","","24.1","","100.01","","","","","","NA"
"-79.63","43.68","TORONTO INTL A","6158731","2025-10-13 06:00","2025","10","13","06:00","","10.1","","7.6","","85","","","","4","","12","","24.1","","100.04","","","","","","NA"
"-79.63","43.68","TORONTO INTL A","6158731","2025-10-13 07:00","2025","10","13","07:00","","11.0","","9.0","","87","","","","2","","8","","24.1","","100.08","","","","","","Mostly Cloudy"
"-79.63","43.68","TORONTO INTL A","6158731","2025-10-13 08:00","2025","10","13","08:00","","12.3","","9.5","","83","","","","2","","7","","24.1","","100.12","","","","","","NA"
"-79.63","43.68","TORONTO INTL A","6158731","2025-10-13 09:00","2025","10","13","09:00","","14.4","","11.3","","81","","","","5","","4","","24.1","","100.14","","","","","","NA"
"-79.63","43.68","TORONTO INTL A","6158731","2025-10-13 10:00","2025","10","13","10:00","","15.9","","11.8","","76","","","","10","","14","","24.1","","100.15","","","","","","Cloudy"
"-79.63","43.68","TORONTO INTL A","6158731","2025-10-13 11:00","2025","10","13","11:00","","15.6","","11.5","","77","","","","8","","14","","24.1","","100.13","","","","","","NA"
"-79.63","43.68","TORONTO INTL A","6158731","2025-10-13 12:00","2025","10","13","12:00","","15.4","","11.9","","79","","","","8","","14","","24.1","","100.14","","","","","","NA"
"-79.63","43.68","TORONTO INTL A","6158731","2025-10-13 13:00","2025","10","13","13:00","","18.0","","11.0","","63","","","","7","","17","","24.1","","100.02","","","","","","Mostly Cloudy"
"-79.63","43.68","TORONTO INTL A","6158731","2025-10-13 14:00","2025","10","13","14:00","","17.5","","10.1","","61","","","","7","","19","","24.1","","99.99","","","","","","NA"
"-79.63","43.68","TORONTO INTL A","6158731","2025-10-13 15:00","2025","10","13","15:00","","17.9","","10.5","","61","","","","10","","12","","24.1","","99.95","","","","","","NA"
"-79.63","43.68","TORONTO INTL A","6158731","2025-10-13 16:00","2025","10","13","16:00","","17.3","","9.9","","61","","","","14","","9","","24.1","","99.96","","","","","","Mostly Cloudy"
"-79.63","43.68","TORONTO INTL A","6158731","2025-10-13 17:00","2025","10","13","17:00","","16.8","","9.2","","61","","","","17","","8","","24.1","","99.95","","","","","","NA"
"-79.63","43.68","TORONTO INTL A","6158731","2025-10-13 18:00","2025","10","13","18:00","","15.8","","9.6","","66","","","","21","","7","","24.1","","100.03","","","","","","NA"
"-79.63","43.68","TORONTO INTL A","6158731","2025-10-13 19:00","2025","10","13","19:00","","14.8","","9.7","","71","","","","15","","4","","24.1","","100.02","","","","","","Clear"
"-79.63","43.68","TORONTO INTL A","6158731","2025-10-13 20:00","2025","10","13","20:00","","14.5","","10.1","","74","","","","9","","5","","24.1","","100.04","","","","","","NA"
"-79.63","43.68","TORONTO INTL A","6158731","2025-10-13 21:00","2025","10","13","21:00","","14.1","","10.4","","78","","","","7","","6","","24.1","","100.05","","","","","","NA"
"-79.63","43.68","TORONTO INTL A","6158731","2025-10-13 22:00","2025","10","13","22:00","","13.2","","10.1","","81","","","","5","","6","","24.1","","100.07","","","","","","Mainly Clear"
"-79.63","43.68","TORONTO INTL A","6158731","2025-10-13 23:00","2025","10","13","23:00","","13.2","","10.2","","82","","","","4","","6","","24.1","","100.07","","","","","","NA"
"-79.63","43.68","TORONTO INTL A","6158731","2025-10-14 00:00","2025","10","14","00:00","","11.5","","9.0","","85","","","","1","","4","","24.1","","100.10","","","","","","NA"
"-79.63","43.68","TORONTO INTL A","6158731","2025-10-14 01:00","2025","10","14","01:00","","10.0","","7.8","","86","","","","31","","7","","24.1","","100.10","","","","","","Mainly Clear"
"-79.63","43.68","TORONTO INTL A","6158731","2025-10-14 02:00","2025","10","14","02:00","","10.7","","8.4","","86","","","","3","","7","","24.1","","100.13","","","","","","NA"
"-79.63","43.68","TORONTO INTL A","6158731","2025-10-14 03:00","2025","10","14","03:00","","10.1","","8.0","","86","","","","","","0","","24.1","","100.13","","","","","","NA"
"-79.63","43.68","TORONTO INTL A","6158731","2025-10-14 04:00","2025","10","14","04:00","","9.6","","7.3","","86","","","","35","","5","","24.1","","100.14","","","","","","Mainly Clear"
"-79.63","43.68","TORONTO INTL A","6158731","2025-10-14 05:00","2025","10","14","05:00","","8.2","","6.6","","89","","","","29","","4","","24.1","","100.18","","","","","","NA"
"-79.63","43.68","TORONTO INTL A","6158731","2025-10-14 06:00","2025","10","14","06:00","","9.3","","7.3","","88","","","","29","","8","","24.1","","100.20","","","","","","NA"
"-79.63","43.68","TORONTO INTL A","6158731","2025-10-14 07:00","2025","10","14","07:00","","9.1","","7.3","","88","","","","29","","5","","24.1","","100.28","","","","","","Clear"
"-79.63","43.68","TORONTO INTL A","6158731","2025-10-14 08:00","2025","10","14","08:00","","11.7","","9.3","","85","","","","","","0","","24.1","","100.32","","","","","","NA"
"-79.63","43.68","TORONTO INTL A","6158731","2025-10-14 09:00","2025","10","14","09:00","","14.3","","10.6","","78","","","","29","","5","","24.1","","100.31","","","","","","NA"
"-79.63","43.68","TORONTO INTL A","6158731","2025-10-14 10:00","2025","10","14","10:00","","16.6","","10.9","","69","","","","28","","5","","24.1","","100.28","","","","","","Clear"
"-79.63","43.68","TORONTO INTL A","6158731","2025-10-14 11:00","2025","10","14","11:00","","19.1","","11.9","","63","","","","34","","10","","24.1","","100.25","","","","","","NA"
"-79.63","43.68","TORONTO INTL A","6158731","2025-10-14 12:00","2025","10","14","12:00","","21.1","","11.1","","52","","","","2","","15","","24.1","","100.19","","","","","","NA"
"-79.63","43.68","TORONTO INTL A","6158731","2025-10-14 13:00","2025","10","14","13:00","","20.9","","10.6","","51","","","","33","","18","","24.1","","100.13","","","","","","Mostly Cloudy"
"-79.63","43.68","TORONTO INTL A","6158731","2025-10-14 14:00","2025","10","14","14:00","","21.3","","13.3","","60","","","","30","","23","","24.1","","100.10","","","","","","NA"
"-79.63","43.68","TORONTO INTL A","6158731","2025-10-14 15:00","2025","10","14","15:00","","20.7","","12.9","","61","","","","32","","13","","24.1","","100.08","","","","","","NA"
"-79.63","43.68","TORONTO INTL A","6158731","2025-10-14 16:00","2025","10","14","16:00","","19.3","","13.0","","66","","","","35","","21","","24.1","","100.08","","","","","","Mainly Clear"
"-79.63","43.68","TORONTO INTL A","6158731","2025-10-14 17:00","2025","10","14","17:00","","19.1","","12.8","","66","","","","31","","13","","24.1","","100.08","","","","","","NA"
"-79.63","43.68","TORONTO INTL A","6158731","2025-10-14 18:00","2025","10","14","18:00","","18.6","","9.0","","53","","","","30","","25","","24.1","","100.09","","","","","","NA"
"-79.63","43.68","TORONTO INTL A","6158731","2025-10-14 19:00","2025","10","14","19:00","","15.8","","11.0","","73","","","","34","","17","","24.1","","100.19","","","","","","Mainly Clear"
"-79.63","43.68","TORONTO INTL A","6158731","2025-10-14 20:00","2025","10","14","20:00","","13.4","","9.3","","76","","","","35","","25","","24.1","","100.22","","","","","","NA"
"-79.63","43.68","TORONTO INTL A","6158731","2025-10-14 21:00","2025","10","14","21:00","","12.5","","9.1","","80","","","","32","","21","","24.1","","100.22","","","","","","NA"
"-79.63","43.68","TORONTO INTL A","6158731","2025-10-14 22:00","2025","10","14","22:00","","12.5","","8.4","","76","","","","33","","26","","24.1","","100.19","","","","","","Mainly Clear"
"-79.63","43.68","TORONTO INTL A","6158731","2025-10-14 23:00","2025","10","14","23:00","","12.5","","8.4","","76","","","","34","","24","","24.1","","100.16","","","","","","NA"
"-79.63","43.68","TORONTO INTL A","6158731","2025-10-15 00:00","2025","10","15","00:00","","12.5","","7.6","","72","","","","35","","16","","24.1","","100.15","","","","","","NA"
"-79.63","43.68","TORONTO INTL A","6158731","2025-10-15 01:00","2025","10","15","01:00","","11.9","","6.3","","69","","","","36","","10","","24.1","","100.14","","","","","","Mostly Cloudy"
"-79.63","43.68","TORONTO INTL A","6158731","2025-10-15 02:00","2025","10","15","02:00","","11.8","","5.6","","65","","","","35","","11","","24.1","","100.15","","","","","","NA"
"-79.63","43.68","TORONTO INTL A","6158731","2025-10-15 03:00","2025","10","15","03:00","","11.5","","5.0","","64","","","","35","","14","","24.1","","100.18","","","","","","NA"
"-79.63","43.68","TORONTO INTL A","6158731","2025-10-15 04:00","2025","10","15","04:00","","11.0","","4.8","","65","","","","35","","18","","24.1","","100.22","","","","","","Cloudy"
"-79.63","43.68","TORONTO INTL A","6158731","2025-10-15 05:00","2025","10","15","05:00","","10.6","","4.1","","64","","","","35","","16","","24.1","","100.23","","","","","","NA"
"-79.63","43.68","TORONTO INTL A","6158731","2025-10-15 06:00","2025","10","15","06:00","","10.2","","2.9","","60","","","","36","","19","","24.1","","100.25","","","","","","NA"
"-79.63","43.68","TORONTO INTL A","6158731","2025-10-15 07:00","2025","10","15","07:00","","9.6","","2.8","","62","","","","36","","16","","24.1","","100.28","","","","","","Mostly Cloudy"
"-79.63","43.68","TORONTO INTL A","6158731","2025-10-15 08:00","2025","10","15","08:00","","10.0","","3.1","","62","","","","36","","14","","24.1","","100.30","","","","","","NA"
"-79.63","43.68","TORONTO INTL A","6158731","2025-10-15 09:00","2025","10","15","09:00","","10.5","","3.2","","60","","","","1","","17","","24.1","","100.30","","","","","","NA"
"-79.63","43.68","TORONTO INTL A","6158731","2025-10-15 10:00","2025","10","15","10:00","","11.2","","2.9","","56","","","","35","","15","","24.1","","100.28","","","","","","Mostly Cloudy"
"-79.63","43.68","TORONTO INTL A","6158731","2025-10-15 11:00","2025","10","15","11:00","","12.3","","2.3","","50","","","","36","","14","","24.1","","100.25","","","","","","NA"
"-79.63","43.68","TORONTO INTL A","6158731","2025-10-15 12:00","2025","10","15","12:00","","13.5","","3.2","","49","","","","1","","16","","24.1","","100.19","","","","","","NA"
"-79.63","43.68","TORONTO INTL A","6158731","2025-10-15 13:00","2025","10","15","13:00","","13.1","","1.5","","45","","","","32","","18","","24.1","","100.12","","","","","","Mostly Cloudy"
"-79.63","43.68","TORONTO INTL A","6158731","2025-10-15 14:00","2025","10","15","14:00","","13.1","","1.0","","43","","","","34","","18","","24.1","","100.09","","","","","","NA"
"-79.63","43.68","TORONTO INTL A","6158731","2025-10-15 15:00","2025","10","15","15:00","","13.5","","0.3","","40","","","","30","","12","","24.1","","100.04","","","","","","NA"
"-79.63","43.68","TORONTO INTL A","6158731","2025-10-15 16:00","2025","10","15","16:00","","13.7","","0.6","","41","","","","36","","18","","24.1","","99.99","","","","","","Mainly Clear"
"-79.63","43.68","TORONTO INTL A","6158731","2025-10-15 17:00","2025","10","15","17:00","","11.9","","0.8","","46","","","","36","","20","","24.1","","100.03","","","","","","NA"
"-79.63","43.68","TORONTO INTL A","6158731","2025-10-15 18:00","2025","10","15","18:00","","10.5","","2.1","","56","","","","35","","22","","24.1","","100.06","","","","","","NA"
"-79.63","43.68","TORONTO INTL A","6158731","2025-10-15 19:00","2025","10","15","19:00","","9.5","","3.2","","65","","","","33","","23","","24.1","","100.08","","","","","","Clear"
"-79.63","43.68","TORONTO INTL A","6158731","2025-10-15 20:00","2025","10","15","20:00","","9.0","","3.6","","69","","","","34","","23","","24.1","","100.07","","","","","","NA"
"-79.63","43.68","TORONTO INTL A","6158731","2025-10-15 21:00","2025","10","15","21:00","","8.4","","3.6","","72","","","","34","","20","","24.1","","100.10","","","","","","NA"
"-79.63","43.68","TORONTO INTL A","6158731","2025-10-15 22:00","2025","10","15","22:00","","7.8","","3.5","","74","","","","34","","19","","24.1","","100.11","","","","","","Clear"
"-79.63","43.68","TORONTO INTL A","6158731","2025-10-15 23:00","2025","10","15","23:00","","7.5","","3.4","","75","","","","34","","21","","24.1","","100.11","","","","","","NA"
"-79.63","43.68","TORONTO INTL A","6158731","2025-10-16 00:00","2025","10","16","00:00","","6.8","","3.0","","77","","","","34","","19","","24.1","","100.08","","","","","","NA"
"-79.63","43.68","TORONTO INTL A","6158731","2025-10-16 01:00","2025","10","16","01:00","","5.7","","2.0","","77","","","","33","","15","","24.1","","100.11","","","","","","Clear"
"-79.63","43.68","TORONTO INTL A","6158731","2025-10-16 02:00","2025","10","16","02:00","","5.9","","1.2","","72","","","","35","","17","","24.1","","100.13","","","","","","NA"
"-79.63","43.68","TORONTO INTL A","6158731","2025-10-16 03:00","2025","10","16","03:00","","5.3","","0.6","","72","","","","36","","16","","24.1","","100.11","","","","","","NA"
"-79.63","43.68","TORONTO INTL A","6158731","2025-10-16 04:00","2025","10","16","04:00","","4.7","","0.4","","74","","","","1","","13","","24.1","","100.15","","","","","","Clear"
"-79.63","43.68","TORONTO INTL A","6158731","2025-10-16 05:00","2025","10","16","05:00","","4.6","","0.3","","74","","","","34","","10","","24.1","","100.20","","","","","","NA"
"-79.63","43.68","TORONTO INTL A","6158731","2025-10-16 06:00","2025","10","16","06:00","","5.0","","0.2","","71","","","","34","","11","","24.1","","100.22","","","","","","NA"
"-79.63","43.68","TORONTO INTL A","6158731","2025-10-16 07:00","2025","10","16","07:00","","5.4","","0.2","","69","","","","34","","17","","24.1","","100.25","","","","","","Clear"
"-79.63","43.68","TORONTO INTL A","6158731","2025-10-16 08:00","2025","10","16","08:00","","7.2","","0.5","","62","","","","36","","10","","24.1","","100.27","","","","","","NA"
"-79.63","43.68","TORONTO INTL A","6158731","2025-10-16 09:00","2025","10","16","09:00","","9.7","","0.6","","53","","","","36","","13","","24.1","","100.28","","","","","","NA"
"-79.63","43.68","TORONTO INTL A","6158731","2025-10-16 10:00","2025","10","16","10:00","","11.2","","-0.1","","45","","","","2","","16","","24.1","","100.27","","","","","","Clear"
"-79.63","43.68","TORONTO INTL A","6158731","2025-10-16 11:00","2025","10","16","11:00","","12.8","","-1.5","","37","","","","3","","16","","24.1","","100.21","","","","","","NA"
"-79.63","43.68","TORONTO INTL A","6158731","2025-10-16 12:00","2025","10","16","12:00","","12.5","","-3.1","","33","","","","5","","5","","24.1","","100.17","","","","","","NA"
"-79.63","43.68","TORONTO INTL A","6158731","2025-10-16 13:00","2025","10","16","13:00","","14.0","","-0.6","","37","","","","31","","10","","24.1","","100.10","","","","","","Clear"
"-79.63","43.68","TORONTO INTL A","6158731","2025-10-16 14:00","2025","10","16","14:00","","14.7","","-0.1","","36","","","","32","","16","","24.1","","100.05","","","","","","NA"
"-79.63","43.68","TORONTO INTL A","6158731","2025-10-16 15:00","2025","10","16","15:00","","14.7","","-0.3","","36","","","","35","","18","","24.1","","99.99","","","","","","NA"
"-79.63","43.68","TORONTO INTL A","6158731","2025-10-16 16:00","2025","10","16","16:00","","14.6","","1.7","","41","","","","1","","18","","24.1","","99.95","","","","","","Clear"
"-79.63","43.68","TORONTO INTL A","6158731","2025-10-16 17:00","2025","10","16","17:00","","13.2","","-0.9","","38","","","","35","","23","","24.1","","99.92","","","","","","NA"
"-79.63","43.68","TORONTO INTL A","6158731","2025-10-16 18:00","2025","10","16","18:00","","11.9","","0.8","","46","","","","35","","18","","24.1","","99.95","","","","","","NA"
"-79.63","43.68","TORONTO INTL A","6158731","2025-10-16 19:00","2025","10","16","19:00","","10.8","","0.8","","50","","","","35","","20","","24.1","","99.97","","","","","","Clear"
"-79.63","43.68","TORONTO INTL A","6158731","2025-10-16 20:00","2025","10","16","20:00","","10.0","","1.6","","56","","","","36","","19","","24.1","","99.95","","","","","","NA"
"-79.63","43.68","TORONTO INTL A","6158731","2025-10-16 21:00","2025","10","16","21:00","","9.5","","2.1","","60","","","","34","","18","","24.1","","99.98","","","","","","NA"
"-79.63","43.68","TORONTO INTL A","6158731","2025-10-16 22:00","2025","10","16","22:00","","8.4","","1.8","","63","","","","34","","13","","24.1","","99.92","","","","","","Clear"
"-79.63","43.68","TORONTO INTL A","6158731","2025-10-16 23:00","2025","10","16","23:00","","6.6","","1.3","","69","","","","1","","9","","24.1","","99.90","","","","","","NA"
"-79.63","43.68","TORONTO INTL A","6158731","2025-10-17 00:00","2025","10","17","00:00","","6.8","","1.7","","70","","","","33","","14","","24.1","","99.88","","","","","","NA"
"-79.63","43.68","TORONTO INTL A","6158731","2025-10-17 01:00","2025","10","17","01:00","","5.5","","1.4","","74","","","","31","","16","","24.1","","99.86","","","","","","Clear"
"-79.63","43.68","TORONTO INTL A","6158731","2025-10-17 02:00","2025","10","17","02:00","","5.7","","1.6","","75","","","","31","","20","","24.1","","99.88","","","","","","NA"
"-79.63","43.68","TORONTO INTL A","6158731","2025-10-17 03:00","2025","10","17","03:00","","5.8","","1.7","","75","","","","32","","12","","24.1","","99.90","","","","","","NA"
"-79.63","43.68","TORONTO INTL A","6158731","2025-10-17 04:00","2025","10","17","04:00","","6.3","","2.3","","76","","","","34","","11","","24.1","","99.89","","","","","","Mostly Cloudy"
"-79.63","43.68","TORONTO INTL A","6158731","2025-10-17 05:00","2025","10","17","05:00","","6.3","","2.6","","77","","","","36","","5","","24.1","","99.88","","","","","","NA"
"-79.63","43.68","TORONTO INTL A","6158731","2025-10-17 06:00","2025","10","17","06:00","","7.3","","2.6","","72","","","","34","","9","","24.1","","99.92","","","","","","NA"
"-79.63","43.68","TORONTO INTL A","6158731","2025-10-17 07:00","2025","10","17","07:00","","7.3","","3.2","","75","","","","3","","5","","24.1","","99.86","","","","","","Mostly Cloudy"
"-79.63","43.68","TORONTO INTL A","6158731","2025-10-17 08:00","2025","10","17","08:00","","8.1","","3.1","","71","","","","30","","7","","24.1","","99.86","","","","","","NA"
"-79.63","43.68","TORONTO INTL A","6158731","2025-10-17 09:00","2025","10","17","09:00","","9.1","","3.4","","67","","","","2","","8","","24.1","","99.88","","","","","","NA"
"-79.63","43.68","TORONTO INTL A","6158731","2025-10-17 10:00","2025","10","17","10:00","","10.6","","4.2","","64","","","","3","","4","","24.1","","99.80","","","","","","Cloudy"
"-79.63","43.68","TORONTO INTL A","6158731","2025-10-17 11:00","2025","10","17","11:00","","11.8","","4.3","","60","","","","","","0","","24.1","","99.81","","","","","","NA"
"-79.63","43.68","TORONTO INTL A","6158731","2025-10-17 12:00","2025","10","17","12:00","","12.1","","2.4","","51","","","","28","","7","","24.1","","99.80","","","","","","NA"
"-79.63","43.68","TORONTO INTL A","6158731","2025-10-17 13:00","2025","10","17","13:00","","11.4","","5.0","","65","","","","9","","6","","24.1","","99.73","","","","","","Rain"
"-79.63","43.68","TORONTO INTL A","6158731","2025-10-17 14:00","2025","10","17","14:00","","11.2","","5.1","","66","","","","10","","9","","24.1","","99.62","","","","","","NA"
"-79.63","43.68","TORONTO INTL A","6158731","2025-10-17 15:00","2025","10","17","15:00","","11.4","","5.4","","67","","","","15","","7","","24.1","","99.55","","","","","","NA"
"-79.63","43.68","TORONTO INTL A","6158731","2025-10-17 16:00","2025","10","17","16:00","","11.4","","5.7","","68","","","","14","","5","","24.1","","99.49","","","","","","Cloudy"
"-79.63","43.68","TORONTO INTL A","6158731","2025-10-17 17:00","2025","10","17","17:00","","11.4","","6.3","","70","","","","9","","9","","24.1","","99.48","","","","","","NA"
"-79.63","43.68","TORONTO INTL A","6158731","2025-10-17 18:00","2025","10","17","18:00","","11.6","","5.7","","67","","","","12","","9","","24.1","","99.44","","","","","","NA"
"-79.63","43.68","TORONTO INTL A","6158731","2025-10-17 19:00","2025","10","17","19:00","","11.9","","5.7","","65","","","","14","","8","","24.1","","99.41","","","","","","Cloudy"
"-79.63","43.68","TORONTO INTL A","6158731","2025-10-17 20:00","2025","10","17","20:00","","10.8","","8.6","","86","","","","14","","9","","24.1","","99.39","","","","","","Rain"
"-79.63","43.68","TORONTO INTL A","6158731","2025-10-17 21:00","2025","10","17","21:00","","11.0","","8.7","","86","","","","9","","3","","16.1","","99.45","","","","","","Rain"
"-79.63","43.68","TORONTO INTL A","6158731","2025-10-17 22:00","2025","10","17","22:00","","10.6","","9.3","","92","","","","14","","8","","24.1","","99.35","","","","","","Rain"
"-79.63","43.68","TORONTO INTL A","6158731","2025-10-17 23:00","2025","10","17","23:00","","10.9","","10.1","","94","","","","14","","7","","24.1","","99.33","","","","","","NA"
"-79.63","43.68","TORONTO INTL A","6158731","2025-10-18 00:00","2025","10","18","00:00","","11.4","","10.3","","92","","","","15","","6","","24.1","","99.28","","","","","","NA"
"-79.63","43.68","TORONTO INTL A","6158731","2025-10-18 01:00","2025","10","18","01:00","","12.0","","10.6","","91","","","","15","","6","","24.1","","99.23","","","","","","Mostly Cloudy"
"-79.63","43.68","TORONTO INTL A","6158731","2025-10-18 02:00","2025","10","18","02:00","","12.3","","10.9","","91","","","","16","","12","","24.1","","99.14","","","","","","NA"
"-79.63","43.68","TORONTO INTL A","6158731","2025-10-18 03:00","2025","10","18","03:00","","12.3","","11.1","","92","","","","16","","8","","24.1","","99.11","","","","","","NA"
"-79.63","43.68","TORONTO INTL A","6158731","2025-10-18 04:00","2025","10","18","04:00","","13.2","","10.8","","85","","","","17","","10","","24.1","","99.08","","","","","","Mostly Cloudy"
"-79.63","43.68","TORONTO INTL A","6158731","2025-10-18 05:00","2025","10","18","05:00","","13.3","","10.2","","82","","","","18","","11","","24.1","","99.08","","","","","","NA"
"-79.63","43.68","TORONTO INTL A","6158731","2025-10-18 06:00","2025","10","18","06:00","","13.7","","9.5","","76","","","","19","","13","","24.1","","99.06","","","","","","NA"
"-79.63","43.68","TORONTO INTL A","6158731","2025-10-18 07:00","2025","10","18","07:00","","13.3","","9.6","","78","","","","16","","8","","24.1","","99.06","","","","","","Mostly Cloudy"
"-79.63","43.68","TORONTO INTL A","6158731","2025-10-18 08:00","2025","10","18","08:00","","13.6","","9.6","","76","","","","18","","17","","24.1","","99.05","","","","","","NA"
"-79.63","43.68","TORONTO INTL A","6158731","2025-10-18 09:00","2025","10","18","09:00","","14.7","","10.2","","74","","","","18","","13","","24.1","","99.07","","","","","","NA"
"-79.63","43.68","TORONTO INTL A","6158731","2025-10-18 10:00","2025","10","18","10:00","","17.3","","10.6","","64","","","","19","","13","","24.1","","99.06","","","","","","Mainly Clear"
"-79.63","43.68","TORONTO INTL A","6158731","2025-10-18 11:00","2025","10","18","11:00","","17.9","","9.5","","57","","","","21","","17","","24.1","","99.05","","","","","","NA"
"-79.63","43.68","TORONTO INTL A","6158731","2025-10-18 12:00","2025","10","18","12:00","","19.0","","11.1","","60","","","","14","","18","","24.1","","98.96","","","","","","NA"
"-79.63","43.68","TORONTO INTL A","6158731","2025-10-18 13:00","2025","10","18","13:00","","20.5","","10.9","","54","","","","14","","19","","24.1","","98.84","","","","","","Mainly Clear"
"-79.63","43.68","TORONTO INTL A","6158731","2025-10-18 14:00","2025","10","18","14:00","","21.0","","11.0","","53","","","","15","","21","","24.1","","98.77","","","","","","NA"
"-79.63","43.68","TORONTO INTL A","6158731","2025-10-18 15:00","2025","10","18","15:00","","20.2","","11.6","","57","","","","15","","14","","24.1","","98.75","","","","","","NA"
"-79.63","43.68","TORONTO INTL A","6158731","2025-10-18 16:00","2025","10","18","16:00","","21.1","","11.6","","54","","","","14","","12","","24.1","","98.72","","","","","","Mostly Cloudy"
"-79.63","43.68","TORONTO INTL A","6158731","2025-10-18 17:00","2025","10","18","17:00","","19.6","","12.8","","64","","","","14","","14","","24.1","","98.70","","","","","","NA"
"-79.63","43.68","TORONTO INTL A","6158731","2025-10-18 18:00","2025","10","18","18:00","","18.8","","13.0","","69","","","","15","","9","","24.1","","98.71","","","","","","NA"
"-79.63","43.68","TORONTO INTL A","6158731","2025-10-18 19:00","2025","10","18","19:00","","17.9","","12.9","","72","","","","9","","9","","24.1","","98.77","","","","","","Mostly Cloudy"
"-79.63","43.68","TORONTO INTL A","6158731","2025-10-18 20:00","2025","10","18","20:00","","17.8","","12.7","","72","","","","10","","9","","24.1","","98.80","","","","","","NA"
"-79.63","43.68","TORONTO INTL A","6158731","2025-10-18 21:00","2025","10","18","21:00","","17.1","","12.8","","75","","","","10","","9","","24.1","","98.75","","","","","","NA"
"-79.63","43.68","TORONTO INTL A","6158731","2025-10-18 22:00","2025","10","18","22:00","","17.1","","13.0","","76","","","","10","","8","","24.1","","98.71","","","","","","Cloudy"
"-79.63","43.68","TORONTO INTL A","6158731","2025-10-18 23:00","2025","10","18","23:00","","17.5","","12.9","","74","","","","8","","6","","24.1","","98.65","","","","","","NA"
"-79.63","43.68","TORONTO INTL A","6158731","2025-10-19 00:00","2025","10","19","00:00","","17.8","","13.0","","73","","","","13","","5","","24.1","","98.57","","","","","","NA"
"-79.63","43.68","TORONTO INTL A","6158731","2025-10-19 01:00","2025","10","19","01:00","","17.9","","13.4","","75","","","","14","","11","","24.1","","98.49","","","","","","Mostly Cloudy"
"-79.63","43.68","TORONTO INTL A","6158731","2025-10-19 02:00","2025","10","19","02:00","","17.7","","13.9","","78","","","","14","","10","","24.1","","98.39","","","","","","NA"
"-79.63","43.68","TORONTO INTL A","6158731","2025-10-19 03:00","2025","10","19","03:00","","18.2","","14.4","","78","","","","13","","14","","24.1","","98.28","","","","","","NA"
"-79.63","43.68","TORONTO INTL A","6158731","2025-10-19 04:00","2025","10","19","04:00","","18.6","","14.5","","77","","","","15","","16","","24.1","","98.24","","","","","","Mostly Cloudy"
"-79.63","43.68","TORONTO INTL A","6158731","2025-10-19 05:00","2025","10","19","05:00","","18.1","","14.5","","79","","","","14","","17","","24.1","","98.15","","","","","","NA"
"-79.63","43.68","TORONTO INTL A","6158731","2025-10-19 06:00","2025","10","19","06:00","","18.4","","14.2","","76","","","","15","","19","","24.1","","98.06","","","","","","NA"
"-79.63","43.68","TORONTO INTL A","6158731","2025-10-19 07:00","2025","10","19","07:00","","19.3","","13.3","","68","","","","16","","20","","24.1","","98.02","","","","","","Cloudy"
"-79.63","43.68","TORONTO INTL A","6158731","2025-10-19 08:00","2025","10","19","08:00","","19.5","","13.3","","67","","","","16","","19","","24.1","","98.01","","","","","","NA"
"-79.63","43.68","TORONTO INTL A","6158731","2025-10-19 09:00","2025","10","19","09:00","","20.3","","13.5","","65","","","","16","","26","","24.1","","97.92","","","","","","NA"
"-79.63","43.68","TORONTO INTL A","6158731","2025-10-19 10:00","2025","10","19","10:00","","20.8","","13.9","","64","","","","16","","22","","24.1","","97.87","","","","","","Cloudy"
"-79.63","43.68","TORONTO INTL A","6158731","2025-10-19 11:00","2025","10","19","11:00","","21.7","","14.1","","62","","","","16","","21","","24.1","","97.77","","25","","","","NA"
"-79.63","43.68","TORONTO INTL A","6158731","2025-10-19 12:00","2025","10","19","12:00","","21.6","","14.2","","62","","","","16","","23","","24.1","","97.64","","25","","","","NA"
"-79.63","43.68","TORONTO INTL A","6158731","2025-10-19 13:00","2025","10","19","13:00","","21.3","","14.2","","64","","","","15","","21","","24.1","","97.49","","25","","","","Cloudy"
"-79.63","43.68","TORONTO INTL A","6158731","2025-10-19 14:00","2025","10","19","14:00","","20.7","","14.6","","67","","","","16","","23","","24.1","","97.38","","","","","","Rain"
"-79.63","43.68","TORONTO INTL A","6158731","2025-10-19 15:00","2025","10","19","15:00","","16.1","","15.3","","95","","","","21","","26","","6.4","","97.54","","","","","","Heavy Rain,Fog"
"-79.63","43.68","TORONTO INTL A","6158731","2025-10-19 16:00","2025","10","19","16:00","","16.0","","15.5","","97","","","","21","","15","","24.1","","97.59","","","","","","Cloudy"
"-79.63","43.68","TORONTO INTL A","6158731","2025-10-19 17:00","2025","10","19","17:00","","16.5","","15.3","","92","","","","20","","16","","24.1","","97.66","","","","","","Rain"
"-79.63","43.68","TORONTO INTL A","6158731","2025-10-19 18:00","2025","10","19","18:00","","16.6","","14.3","","86","","","","21","","19","","24.1","","97.69","","","","","","Rain"
"-79.63","43.68","TORONTO INTL A","6158731","2025-10-19 19:00","2025","10","19","19:00","","15.9","","13.4","","85","","","","22","","17","","24.1","","97.76","","","","","","Mostly Cloudy"
"-79.63","43.68","TORONTO INTL A","6158731","2025-10-19 20:00","2025","10","19","20:00","","15.4","","12.9","","85","","","","22","","18","","24.1","","97.85","","","","","","NA"
"-79.63","43.68","TORONTO INTL A","6158731","2025-10-19 21:00","2025","10","19","21:00","","15.0","","12.9","","87","","","","21","","14","","24.1","","97.92","","","","","","Rain"
"-79.63","43.68","TORONTO INTL A","6158731","2025-10-19 22:00","2025","10","19","22:00","","14.8","","13.0","","89","","","","20","","10","","24.1","","97.98","","","","","","Rain"
"-79.63","43.68","TORONTO INTL A","6158731","2025-10-19 23:00","2025","10","19","23:00","","14.3","","13.0","","92","","","","20","","12","","9.7","","98.01","","","","","","Rain,Fog"
"-79.63","43.68","TORONTO INTL A","6158731","2025-10-20 00:00","2025","10","20","00:00","","13.3","","11.9","","91","","","","29","","28","","9.7","","98.05","","","","","","Rain,Fog"
"-79.63","43.68","TORONTO INTL A","6158731","2025-10-20 01:00","2025","10","20","01:00","","12.5","","11.1","","91","","","","31","","32","","6.4","","98.07","","","","","","Rain,Fog"
"-79.63","43.68","TORONTO INTL A","6158731","2025-10-20 02:00","2025","10","20","02:00","","12.1","","10.2","","88","","","","31","","26","","9.7","","98.16","","","","","","Rain,Fog"
"-79.63","43.68","TORONTO INTL A","6158731","2025-10-20 03:00","2025","10","20","03:00","","11.5","","10.0","","90","","","","32","","27","","9.7","","98.21","","","","","","Rain,Fog"
"-79.63","43.68","TORONTO INTL A","6158731","2025-10-20 04:00","2025","10","20","04:00","","11.1","","9.0","","87","","","","31","","26","","16.1","","98.33","","","","","","Rain"
"-79.63","43.68","TORONTO INTL A","6158731","2025-10-20 05:00","2025","10","20","05:00","","10.9","","8.4","","84","","","","31","","27","","24.1","","98.44","","","","","","NA"
"-79.63","43.68","TORONTO INTL A","6158731","2025-10-20 06:00","2025","10","20","06:00","","10.9","","7.6","","80","","","","30","","32","","24.1","","98.52","","","","","","NA"
"-79.63","43.68","TORONTO INTL A","6158731","2025-10-20 07:00","2025","10","20","07:00","","10.9","","7.7","","81","","","","30","","25","","24.1","","98.66","","","","","","Cloudy"
"-79.63","43.68","TORONTO INTL A","6158731","2025-10-20 08:00","2025","10","20","08:00","","11.2","","7.0","","75","","","","29","","22","","24.1","","98.80","","","","","","NA"
"-79.63","43.68","TORONTO INTL A","6158731","2025-10-20 09:00","2025","10","20","09:00","","11.2","","6.9","","74","","","","30","","25","","24.1","","98.91","","","","","","NA"
"-79.63","43.68","TORONTO INTL A","6158731","2025-10-20 10:00","2025","10","20","10:00","","12.7","","5.2","","60","","","","32","","30","","24.1","","98.97","","","","","","Mostly Cloudy"
"-79.63","43.68","TORONTO INTL A","6158731","2025-10-20 11:00","2025","10","20","11:00","","13.8","","5.0","","55","","","","31","","41","","24.1","","99.04","","","","","","NA"
"-79.63","43.68","TORONTO INTL A","6158731","2025-10-20 12:00","2025","10","20","12:00","","14.9","","4.0","","48","","","","29","","32","","24.1","","99.05","","","","","","NA"
"-79.63","43.68","TORONTO INTL A","6158731","2025-10-20 13:00","2025","10","20","13:00","","15.4","","4.1","","46","","","","29","","34","","24.1","","99.07","","","","","","Mainly Clear"
"-79.63","43.68","TORONTO INTL A","6158731","2025-10-20 14:00","2025","10","20","14:00","","15.8","","3.3","","43","","","","30","","34","","24.1","","99.11","","","","","","NA"
"-79.63","43.68","TORONTO INTL A","6158731","2025-10-20 15:00","2025","10","20","15:00","","14.5","","2.4","","44","","","","30","","31","","24.1","","99.14","","","","","","NA"
"-79.63","43.68","TORONTO INTL A","6158731","2025-10-20 16:00","2025","10","20","16:00","","14.2","","3.0","","46","","","","31","","27","","24.1","","99.14","","","","","","Mostly Cloudy"
"-79.63","43.68","TORONTO INTL A","6158731","2025-10-20 17:00","2025","10","20","17:00","","13.6","","4.1","","52","","","","29","","26","","24.1","","99.18","","","","","","NA"
"-79.63","43.68","TORONTO INTL A","6158731","2025-10-20 18:00","2025","10","20","18:00","","12.1","","4.9","","61","","","","28","","19","","24.1","","99.22","","","","","","NA"
"-79.63","43.68","TORONTO INTL A","6158731","2025-10-20 19:00","2025","10","20","19:00","","10.8","","4.5","","65","","","","28","","16","","24.1","","99.28","","","","","","Mainly Clear"
"-79.63","43.68","TORONTO INTL A","6158731","2025-10-20 20:00","2025","10","20","20:00","","9.5","","4.1","","69","","","","29","","11","","24.1","","99.30","","","","","","NA"
"-79.63","43.68","TORONTO INTL A","6158731","2025-10-20 21:00","2025","10","20","21:00","","8.4","","4.2","","75","","","","26","","7","","24.1","","99.30","","","","","","NA"
"-79.63","43.68","TORONTO INTL A","6158731","2025-10-20 22:00","2025","10","20","22:00","","8.2","","4.0","","75","","","","25","","5","","24.1","","99.27","","","","","","Clear"
"-79.63","43.68","TORONTO INTL A","6158731","2025-10-20 23:00","2025","10","20","23:00","","8.2","","4.0","","75","","","","28","","3","","24.1","","99.22","","","","","","NA"
"-79.63","43.68","TORONTO INTL A","6158731","2025-10-21 00:00","2025","10","21","00:00","","6.8","","3.9","","81","","","","27","","7","","24.1","","99.17","","","","","","NA"
"-79.63","43.68","TORONTO INTL A","6158731","2025-10-21 01:00","2025","10","21","01:00","","7.5","","3.9","","78","","","","29","","7","","24.1","","99.12","","","","","","Clear"
"-79.63","43.68","TORONTO INTL A","6158731","2025-10-21 02:00","2025","10","21","02:00","","6.5","","4.0","","84","","","","5","","4","","24.1","","99.06","","","","","","NA"
"-79.63","43.68","TORONTO INTL A","6158731","2025-10-21 03:00","2025","10","21","03:00","","6.9","","4.5","","85","","","","7","","3","","24.1","","99.00","","","","","","NA"
"-79.63","43.68","TORONTO INTL A","6158731","2025-10-21 04:00","2025","10","21","04:00","","6.8","","4.0","","82","","","","","","0","","24.1","","98.89","","","","","","Mainly Clear"
"-79.63","43.68","TORONTO INTL A","6158731","2025-10-21 05:00","2025","10","21","05:00","","5.1","","3.0","","87","","","","","","0","","24.1","","98.79","","","","","","NA"
"-79.63","43.68","TORONTO INTL A","6158731","2025-10-21 06:00","2025","10","21","06:00","","9.1","","6.2","","82","","","","10","","13","","24.1","","98.61","","","","","","NA"
"-79.63","43.68","TORONTO INTL A","6158731","2025-10-21 07:00","2025","10","21","07:00","","10.6","","7.8","","83","","","","13","","8","","24.1","","98.55","","","","","","Mostly Cloudy"
"-79.63","43.68","TORONTO INTL A","6158731","2025-10-21 08:00","2025","10","21","08:00","","12.6","","8.8","","78","","","","15","","12","","24.1","","98.50","","","","","","NA"
"-79.63","43.68","TORONTO INTL A","6158731","2025-10-21 09:00","2025","10","21","09:00","","12.7","","8.7","","76","","","","16","","14","","24.1","","98.44","","","","","","NA"
"-79.63","43.68","TORONTO INTL A","6158731","2025-10-21 10:00","2025","10","21","10:00","","12.9","","8.2","","73","","","","19","","13","","24.1","","98.37","","","","","","Rain"
"-79.63","43.68","TORONTO INTL A","6158731","2025-10-21 11:00","2025","10","21","11:00","","14.7","","9.2","","69","","","","22","","23","","24.1","","98.36","","","","","","NA"
"-79.63","43.68","TORONTO INTL A","6158731","2025-10-21 12:00","2025","10","21","12:00","","14.8","","9.5","","70","","","","25","","29","","24.1","","98.34","","","","","","NA"
"-79.63","43.68","TORONTO INTL A","6158731","2025-10-21 13:00","2025","10","21","13:00","","15.0","","9.5","","70","","","","25","","23","","24.1","","98.33","","","","","","Mostly Cloudy"
"-79.63","43.68","TORONTO INTL A","6158731","2025-10-21 14:00","2025","10","21","14:00","","15.3","","7.5","","59","","","","24","","25","","24.1","","98.31","","","","","","NA"
"-79.63","43.68","TORONTO INTL A","6158731","2025-10-21 15:00","2025","10","21","15:00","","15.5","","5.5","","51","","","","26","","24","","24.1","","98.31","","","","","","NA"
"-79.63","43.68","TORONTO INTL A","6158731","2025-10-21 16:00","2025","10","21","16:00","","14.7","","5.6","","54","","","","26","","14","","24.1","","98.33","","","","","","Mostly Cloudy"
"-79.63","43.68","TORONTO INTL A","6158731","2025-10-21 17:00","2025","10","21","17:00","","14.1","","4.9","","54","","","","23","","12","","24.1","","98.33","","","","","","NA"
"-79.63","43.68","TORONTO INTL A","6158731","2025-10-21 18:00","2025","10","21","18:00","","12.7","","4.5","","57","","","","24","","14","","24.1","","98.41","","","","","","NA"
"-79.63","43.68","TORONTO INTL A","6158731","2025-10-21 19:00","2025","10","21","19:00","","13.1","","4.7","","56","","","","20","","10","","24.1","","98.44","","","","","","Mainly Clear"
"-79.63","43.68","TORONTO INTL A","6158731","2025-10-21 20:00","2025","10","21","20:00","","10.9","","4.5","","65","","","","24","","8","","24.1","","98.46","","","","","","NA"
"-79.63","43.68","TORONTO INTL A","6158731","2025-10-21 21:00","2025","10","21","21:00","","10.4","","4.7","","68","","","","26","","26","","24.1","","98.50","","","","","","NA"
"-79.63","43.68","TORONTO INTL A","6158731","2025-10-21 22:00","2025","10","21","22:00","","9.0","","4.8","","75","","","","25","","16","","24.1","","98.38","","","","","","Mostly Cloudy"
"-79.63","43.68","TORONTO INTL A","6158731","2025-10-21 23:00","2025","10","21","23:00","","9.9","","5.0","","71","","","","22","","14","","24.1","","98.36","","","","","","Rain Showers"
"-79.63","43.68","TORONTO INTL A","6158731","2025-10-22 00:00","2025","10","22","00:00","","9.1","","6.4","","83","","","","23","","20","","19.3","","98.28","","","","","","Rain"
"-79.63","43.68","TORONTO INTL A","6158731","2025-10-22 01:00","2025","10","22","01:00","","8.4","","6.3","","87","","","","21","","11","","19.3","","98.24","","","","","","Rain"
"-79.63","43.68","TORONTO INTL A","6158731","2025-10-22 02:00","2025","10","22","02:00","","8.3","","6.7","","90","","","","21","","15","","24.1","","98.20","","","","","","NA"
"-79.63","43.68","TORONTO INTL A","6158731","2025-10-22 03:00","2025","10","22","03:00","","7.7","","5.8","","88","","","","22","","16","","24.1","","98.17","","","","","","NA"
"-79.63","43.68","TORONTO INTL A","6158731","2025-10-22 04:00","2025","10","22","04:00","","6.7","","5.3","","91","","","","23","","9","","24.1","","98.14","","","","","","Mostly Cloudy"
"-79.63","43.68","TORONTO INTL A","6158731","2025-10-22 05:00","2025","10","22","05:00","","6.4","","5.1","","91","","","","23","","13","","24.1","","98.15","","","","","","NA"
"-79.63","43.68","TORONTO INTL A","6158731","2025-10-22 06:00","2025","10","22","06:00","","6.0","","4.4","","90","","","","23","","10","","24.1","","98.16","","","","","","NA"
"-79.63","43.68","TORONTO INTL A","6158731","2025-10-22 07:00","2025","10","22","07:00","","6.5","","4.9","","89","","","","21","","10","","24.1","","98.20","","","","","","Mostly Cloudy"
"-79.63","43.68","TORONTO INTL A","6158731","2025-10-22 08:00","2025","10","22","08:00","","6.9","","5.2","","89","","","","25","","12","","24.1","","98.19","","","","","","NA"
"-79.63","43.68","TORONTO INTL A","6158731","2025-10-22 09:00","2025","10","22","09:00","","8.0","","5.4","","84","","","","24","","18","","24.1","","98.20","","","","","","NA"
"-79.63","43.68","TORONTO INTL A","6158731","2025-10-22 10:00","2025","10","22","10:00","","9.2","","5.7","","78","","","","26","","20","","24.1","","98.22","","","","","","Mostly Cloudy"
"-79.63","43.68","TORONTO INTL A","6158731","2025-10-22 11:00","2025","10","22","11:00","","10.5","","5.6","","72","","","","24","","20","","24.1","","98.21","","","","","","NA"
"-79.63","43.68","TORONTO INTL A","6158731","2025-10-22 12:00","2025","10","22","12:00","","10.8","","5.0","","67","","","","23","","16","","24.1","","98.17","","","","","","NA"
"-79.63","43.68","TORONTO INTL A","6158731","2025-10-22 13:00","2025","10","22","13:00","","10.9","","4.3","","64","","","","24","","13","","24.1","","98.12","","","","","","Mostly Cloudy"
"-79.63","43.68","TORONTO INTL A","6158731","2025-10-22 14:00","2025","10","22","14:00","","9.2","","6.0","","80","","","","21","","18","","24.1","","98.13","","","","","","Rain"
"-79.63","43.68","TORONTO INTL A","6158731","2025-10-22 15:00","2025","10","22","15:00","","9.4","","5.3","","75","","","","20","","14","","24.1","","98.15","","","","","","NA"
"-79.63","43.68","TORONTO INTL A","6158731","2025-10-22 16:00","2025","10","22","16:00","","9.2","","6.0","","80","","","","20","","14","","24.1","","98.17","","","","","","Rain"
"-79.63","43.68","TORONTO INTL A","6158731","2025-10-22 17:00","2025","10","22","17:00","","8.8","","6.2","","84","","","","25","","16","","24.1","","98.19","","","","","","NA"
"-79.63","43.68","TORONTO INTL A","6158731","2025-10-22 18:00","2025","10","22","18:00","","7.2","","5.2","","87","","","","24","","10","","24.1","","98.21","","","","","","NA"
"-79.63","43.68","TORONTO INTL A","6158731","2025-10-22 19:00","2025","10","22","19:00","","6.7","","5.2","","91","","","","26","","13","","24.1","","98.26","","","","","","Mainly Clear"
"-79.63","43.68","TORONTO INTL A","6158731","2025-10-22 20:00","2025","10","22","20:00","","6.8","","5.0","","89","","","","27","","16","","24.1","","98.28","","","","","","NA"
"-79.63","43.68","TORONTO INTL A","6158731","2025-10-22 21:00","2025","10","22","21:00","","6.3","","4.3","","87","","","","26","","13","","24.1","","98.32","","","","","","NA"
"-79.63","43.68","TORONTO INTL A","6158731","2025-10-22 22:00","2025","10","22","22:00","","6.2","","4.9","","92","","","","24","","16","","24.1","","98.34","","","","","","Mostly Cloudy"
"-79.63","43.68","TORONTO INTL A","6158731","2025-10-22 23:00","2025","10","22","23:00","","6.8","","5.0","","88","","","","24","","15","","24.1","","98.36","","","","","","NA"
"-79.63","43.68","TORONTO INTL A","6158731","2025-10-23 00:00","2025","10","23","00:00","","6.6","","4.8","","88","","","","25","","22","","24.1","","98.34","","","","","","NA"
"-79.63","43.68","TORONTO INTL A","6158731","2025-10-23 01:00","2025","10","23","01:00","","6.7","","4.8","","88","","","","25","","17","","24.1","","98.35","","","","","","Mostly Cloudy"
"-79.63","43.68","TORONTO INTL A","6158731","2025-10-23 02:00","2025","10","23","02:00","","7.2","","5.1","","86","","","","26","","22","","24.1","","98.37","","","","","","NA"
"-79.63","43.68","TORONTO INTL A","6158731","2025-10-23 03:00","2025","10","23","03:00","","6.8","","4.7","","86","","","","27","","20","","24.1","","98.39","","","","","","NA"
"-79.63","43.68","TORONTO INTL A","6158731","2025-10-23 04:00","2025","10","23","04:00","","6.7","","5.0","","88","","","","26","","20","","24.1","","98.44","","","","","","Mainly Clear"
"-79.63","43.68","TORONTO INTL A","6158731","2025-10-23 05:00","2025","10","23","05:00","","7.0","","4.9","","87","","","","27","","19","","24.1","","98.52","","","","","","NA"
"-79.63","43.68","TORONTO INTL A","6158731","2025-10-23 06:00","2025","10","23","06:00","","6.8","","4.7","","86","","","","28","","17","","24.1","","98.64","","","","","","NA"
"-79.63","43.68","TORONTO INTL A","6158731","2025-10-23 07:00","2025","10","23","07:00","","7.3","","5.2","","87","","","","28","","19","","24.1","","98.72","","","","","","Mainly Clear"
"-79.63","43.68","TORONTO INTL A","6158731","2025-10-23 08:00","2025","10","23","08:00","","8.6","","6.0","","83","","","","28","","16","","24.1","","98.81","","","","","","NA"
"-79.63","43.68","TORONTO INTL A","6158731","2025-10-23 09:00","2025","10","23","09:00","","10.2","","6.0","","75","","","","29","","17","","24.1","","98.88","","","","","","NA"
"-79.63","43.68","TORONTO INTL A","6158731","2025-10-23 10:00","2025","10","23","10:00","","11.1","","5.0","","66","","","","30","","17","","24.1","","98.94","","","","","","Mostly Cloudy"
"-79.63","43.68","TORONTO INTL A","6158731","2025-10-23 11:00","2025","10","23","11:00","","12.4","","5.4","","62","","","","29","","20","","24.1","","98.95","","","","","","NA"
"-79.63","43.68","TORONTO INTL A","6158731","2025-10-23 12:00","2025","10","23","12:00","","11.2","","4.9","","65","","","","28","","21","","24.1","","98.98","","","","","","NA"
"-79.63","43.68","TORONTO INTL A","6158731","2025-10-23 13:00","2025","10","23","13:00","","9.6","","6.5","","81","","","","31","","18","","24.1","","99.01","","","","","","Rain Showers"
"-79.63","43.68","TORONTO INTL A","6158731","2025-10-23 14:00","2025","10","23","14:00","","11.6","","5.1","","64","","","","27","","23","","24.1","","99.00","","","","","","NA"
"-79.63","43.68","TORONTO INTL A","6158731","2025-10-23 15:00","2025","10","23","15:00","","10.7","","5.3","","69","","","","30","","15","","24.1","","99.05","","","","","","Rain Showers"
"-79.63","43.68","TORONTO INTL A","6158731","2025-10-23 16:00","2025","10","23","16:00","","9.9","","5.8","","76","","","","31","","23","","24.1","","99.11","","","","","","Mostly Cloudy"
"-79.63","43.68","TORONTO INTL A","6158731","2025-10-23 17:00","2025","10","23","17:00","","9.8","","5.5","","74","","","","29","","15","","24.1","","99.19","","","","","","NA"
"-79.63","43.68","TORONTO INTL A","6158731","2025-10-23 18:00","2025","10","23","18:00","","8.7","","5.2","","79","","","","30","","20","","24.1","","99.30","","","","","","NA"
"-79.63","43.68","TORONTO INTL A","6158731","2025-10-23 19:00","2025","10","23","19:00","","8.2","","4.6","","78","","","","30","","20","","24.1","","99.37","","","","","","Mostly Cloudy"
"-79.63","43.68","TORONTO INTL A","6158731","2025-10-23 20:00","2025","10","23","20:00","","7.7","","3.6","","75","","","","30","","15","","24.1","","99.43","","","","","","NA"
"-79.63","43.68","TORONTO INTL A","6158731","2025-10-23 21:00","2025","10","23","21:00","","6.9","","3.6","","79","","","","27","","13","","24.1","","99.47","","","","","","NA"
"-79.63","43.68","TORONTO INTL A","6158731","2025-10-23 22:00","2025","10","23","22:00","","6.7","","3.8","","82","","","","26","","13","","24.1","","99.49","","","","","","Mostly Cloudy"
"-79.63","43.68","TORONTO INTL A","6158731","2025-10-23 23:00","2025","10","23","23:00","","6.1","","3.7","","84","","","","26","","11","","24.1","","99.51","","","","","","NA"
"-79.63","43.68","TORONTO INTL A","6158731","2025-10-24 00:00","2025","10","24","00:00","","6.6","","3.9","","83","","","","26","","12","","24.1","","99.51","","","","","","NA"
"-79.63","43.68","TORONTO INTL A","6158731","2025-10-24 01:00","2025","10","24","01:00","","6.5","","3.4","","80","","","","26","","17","","24.1","","99.52","","","","","","Cloudy"
"-79.63","43.68","TORONTO INTL A","6158731","2025-10-24 02:00","2025","10","24","02:00","","6.2","","3.4","","83","","","","25","","9","","24.1","","99.53","","","","","","NA"
"-79.63","43.68","TORONTO INTL A","6158731","2025-10-24 03:00","2025","10","24","03:00","","6.2","","3.3","","82","","","","27","","11","","24.1","","99.56","","","","","","NA"
"-79.63","43.68","TORONTO INTL A","6158731","2025-10-24 04:00","2025","10","24","04:00","","6.0","","3.2","","82","","","","27","","10","","24.1","","99.60","","","","","","Mostly Cloudy"
"-79.63","43.68","TORONTO INTL A","6158731","2025-10-24 05:00","2025","10","24","05:00","","6.0","","3.3","","83","","","","25","","11","","24.1","","99.65","","","","","","NA"
"-79.63","43.68","TORONTO INTL A","6158731","2025-10-24 06:00","2025","10","24","06:00","","6.4","","3.4","","81","","","","27","","22","","24.1","","99.68","","","","","","NA"
"-79.63","43.68","TORONTO INTL A","6158731","2025-10-24 07:00","2025","10","24","07:00","","6.3","","3.5","","82","","","","28","","17","","24.1","","99.75","","","","","","Mostly Cloudy"
"-79.63","43.68","TORONTO INTL A","6158731","2025-10-24 08:00","2025","10","24","08:00","","7.1","","4.0","","80","","","","28","","13","","24.1","","99.83","","","","","","NA"
"-79.63","43.68","TORONTO INTL A","6158731","2025-10-24 09:00","2025","10","24","09:00","","8.2","","4.0","","74","","","","29","","14","","24.1","","99.88","","","","","","NA"
"-79.63","43.68","TORONTO INTL A","6158731","2025-10-24 10:00","2025","10","24","10:00","","9.4","","3.0","","64","","","","29","","24","","24.1","","99.90","","","","","","Mostly Cloudy"
"-79.63","43.68","TORONTO INTL A","6158731","2025-10-24 11:00","2025","10","24","11:00","","10.5","","2.1","","56","","","","30","","22","","24.1","","99.93","","","","","","NA"
"-79.63","43.68","TORONTO INTL A","6158731","2025-10-24 12:00","2025","10","24","12:00","","11.0","","2.2","","54","","","","32","","13","","24.1","","99.95","","","","","","NA"
"-79.63","43.68","TORONTO INTL A","6158731","2025-10-24 13:00","2025","10","24","13:00","","11.8","","2.3","","52","","","","32","","14","","24.1","","99.96","","","","","","Mostly Cloudy"
"-79.63","43.68","TORONTO INTL A","6158731","2025-10-24 14:00","2025","10","24","14:00","","10.9","","1.0","","50","","","","32","","16","","24.1","","99.98","","","","","","NA"
"-79.63","43.68","TORONTO INTL A","6158731","2025-10-24 15:00","2025","10","24","15:00","","11.3","","0.4","","47","","","","32","","23","","24.1","","100.03","","","","","","NA"
"-79.63","43.68","TORONTO INTL A","6158731","2025-10-24 16:00","2025","10","24","16:00","","9.9","","2.8","","61","","","","34","","12","","19.3","","100.10","","","","","","Rain Showers"
"-79.63","43.68","TORONTO INTL A","6158731","2025-10-24 17:00","2025","10","24","17:00","","9.1","","3.3","","67","","","","31","","15","","19.3","","100.16","","","","","","Rain Showers"
"-79.63","43.68","TORONTO INTL A","6158731","2025-10-24 18:00","2025","10","24","18:00","","8.1","","4.7","","79","","","","28","","9","","24.1","","100.23","","","","","","NA"
"-79.63","43.68","TORONTO INTL A","6158731","2025-10-24 19:00","2025","10","24","19:00","","8.7","","4.1","","73","","","","31","","15","","24.1","","100.27","","","","","","Mostly Cloudy"
"-79.63","43.68","TORONTO INTL A","6158731","2025-10-24 20:00","2025","10","24","20:00","","7.5","","4.7","","82","","","","29","","12","","24.1","","100.32","","","","","","NA"
"-79.63","43.68","TORONTO INTL A","6158731","2025-10-24 21:00","2025","10","24","21:00","","7.2","","3.5","","77","","","","30","","16","","24.1","","100.37","","","","","","NA"
"-79.63","43.68","TORONTO INTL A","6158731","2025-10-24 22:00","2025","10","24","22:00","","6.5","","3.0","","78","","","","31","","10","","24.1","","100.39","","","","","","Mainly Clear"
"-79.63","43.68","TORONTO INTL A","6158731","2025-10-24 23:00","2025","10","24","23:00","","4.8","","2.8","","87","","","","29","","11","","24.1","","100.41","","","","","","NA"
"-79.63","43.68","TORONTO INTL A","6158731","2025-10-25 00:00","2025","10","25","00:00","","3.4","","1.8","","89","","","","27","","13","","24.1","","100.45","","","","","","NA"
"-79.63","43.68","TORONTO INTL A","6158731","2025-10-25 01:00","2025","10","25","01:00","","2.9","","1.7","","92","","","","27","","11","","24.1","","100.50","","","","","","Mainly Clear"
"-79.63","43.68","TORONTO INTL A","6158731","2025-10-25 02:00","2025","10","25","02:00","","4.0","","2.2","","88","","","","29","","10","","24.1","","100.52","","","","","","NA"
"-79.63","43.68","TORONTO INTL A","6158731","2025-10-25 03:00","2025","10","25","03:00","","4.1","","2.4","","88","","","","4","","4","","24.1","","100.54","","","","","","NA"
"-79.63","43.68","TORONTO INTL A","6158731","2025-10-25 04:00","2025","10","25","04:00","","5.1","","3.0","","86","","","","","","0","","24.1","","100.56","","","","","","Mostly Cloudy"
"-79.63","43.68","TORONTO INTL A","6158731","2025-10-25 05:00","2025","10","25","05:00","","3.4","","2.1","","91","","","","27","","4","","24.1","","100.60","","","","","","NA"
"-79.63","43.68","TORONTO INTL A","6158731","2025-10-25 06:00","2025","10","25","06:00","","4.0","","2.4","","89","","","","26","","7","","24.1","","100.63","","","","","","NA"
"-79.63","43.68","TORONTO INTL A","6158731","2025-10-25 07:00","2025","10","25","07:00","","6.0","","3.8","","86","","","","28","","9","","24.1","","100.71","","","","","","Mostly Cloudy"
"-79.63","43.68","TORONTO INTL A","6158731","2025-10-25 08:00","2025","10","25","08:00","","7.2","","5.2","","87","","","","26","","15","","24.1","","100.80","","","","","","NA"
"-79.63","43.68","TORONTO INTL A","6158731","2025-10-25 09:00","2025","10","25","09:00","","7.7","","5.0","","83","","","","36","","4","","24.1","","100.86","","","","","","NA"
"-79.63","43.68","TORONTO INTL A","6158731","2025-10-25 10:00","2025","10","25","10:00","","9.9","","5.3","","73","","","","31","","9","","24.1","","100.82","","","","","","Mostly Cloudy"
"-79.63","43.68","TORONTO INTL A","6158731","2025-10-25 11:00","2025","10","25","11:00","","11.1","","3.1","","58","","","","33","","11","","24.1","","100.79","","","","","","NA"
"-79.63","43.68","TORONTO INTL A","6158731","2025-10-25 12:00","2025","10","25","12:00","","11.1","","3.1","","58","","","","30","","16","","24.1","","100.75","","","","","","NA"
"-79.63","43.68","TORONTO INTL A","6158731","2025-10-25 13:00","2025","10","25","13:00","","11.3","","2.9","","56","","","","31","","17","","24.1","","100.70","","","","","","Mostly Cloudy"
"-79.63","43.68","TORONTO INTL A","6158731","2025-10-25 14:00","2025","10","25","14:00","","10.7","","2.7","","58","","","","34","","20","","24.1","","100.71","","","","","","NA"
"-79.63","43.68","TORONTO INTL A","6158731","2025-10-25 15:00","2025","10","25","15:00","","10.9","","3.2","","59","","","","1","","16","","24.1","","100.70","","","","","","NA"
"-79.63","43.68","TORONTO INTL A","6158731","2025-10-25 16:00","2025","10","25","16:00","","10.8","","2.6","","57","","","","36","","13","","24.1","","100.71","","","","","","Mostly Cloudy"
"-79.63","43.68","TORONTO INTL A","6158731","2025-10-25 17:00","2025","10","25","17:00","","9.2","","2.8","","64","","","","35","","19","","24.1","","100.74","","","","","","NA"
"-79.63","43.68","TORONTO INTL A","6158731","2025-10-25 18:00","2025","10","25","18:00","","7.7","","2.3","","69","","","","36","","19","","24.1","","100.80","","","","","","NA"
"-79.63","43.68","TORONTO INTL A","6158731","2025-10-25 19:00","2025","10","25","19:00","","6.7","","2.2","","73","","","","36","","15","","24.1","","100.85","","","","","","Clear"
"-79.63","43.68","TORONTO INTL A","6158731","2025-10-25 20:00","2025","10","25","20:00","","6.1","","2.0","","75","","","","35","","13","","24.1","","100.85","","","","","","NA"
"-79.63","43.68","TORONTO INTL A","6158731","2025-10-25 21:00","2025","10","25","21:00","","5.7","","2.3","","79","","","","34","","19","","24.1","","100.86","","","","","","NA"
"-79.63","43.68","TORONTO INTL A","6158731","2025-10-25 22:00","2025","10","25","22:00","","4.8","","1.9","","81","","","","35","","17","","24.1","","100.88","","","","","","Clear"
"-79.63","43.68","TORONTO INTL A","6158731","2025-10-25 23:00","2025","10","25","23:00","","4.1","","1.7","","84","","","","34","","16","","24.1","","100.88","","","","","","NA"
"-79.63","43.68","TORONTO INTL A","6158731","2025-10-26 00:00","2025","10","26","00:00","","3.7","","1.4","","84","","","","34","","19","","24.1","","100.86","","","","","","NA"
"-79.63","43.68","TORONTO INTL A","6158731","2025-10-26 01:00","2025","10","26","01:00","","3.0","","0.7","","85","","","","34","","17","","24.1","","100.88","","","","","","Clear"
"-79.63","43.68","TORONTO INTL A","6158731","2025-10-26 02:00","2025","10","26","02:00","","1.9","","0.0","","87","","","","36","","12","","24.1","","100.93","","","","","","NA"
"-79.63","43.68","TORONTO INTL A","6158731","2025-10-26 03:00","2025","10","26","03:00","","1.4","","-0.6","","86","","","","34","","12","","24.1","","100.96","","","","","","NA"
"-79.63","43.68","TORONTO INTL A","6158731","2025-10-26 04:00","2025","10","26","04:00","","0.8","","-1.1","","87","","","","35","","11","","24.1","","100.98","","","","","","Clear"
"-79.63","43.68","TORONTO INTL A","6158731","2025-10-26 05:00","2025","10","26","05:00","","0.8","","-1.2","","87","","","","34","","16","","24.1","","101.02","","","","","","NA"
"-79.63","43.68","TORONTO INTL A","6158731","2025-10-26 06:00","2025","10","26","06:00","","0.6","","-1.3","","87","","","","34","","14","","24.1","","101.06","","","","","","NA"
"-79.63","43.68","TORONTO INTL A","6158731","2025-10-26 07:00","2025","10","26","07:00","","0.4","","-1.4","","88","","","","34","","14","","24.1","","101.11","","","","","","Clear"
"-79.63","43.68","TORONTO INTL A","6158731","2025-10-26 08:00","2025","10","26","08:00","","1.9","","-0.5","","84","","","","36","","14","","24.1","","101.16","","","","","","NA"
"-79.63","43.68","TORONTO INTL A","6158731","2025-10-26 09:00","2025","10","26","09:00","","3.9","","0.3","","77","","","","1","","13","","24.1","","101.17","","","","","","NA"
"-79.63","43.68","TORONTO INTL A","6158731","2025-10-26 10:00","2025","10","26","10:00","","5.8","","1.1","","72","","","","36","","16","","24.1","","101.18","","","","","","Mainly Clear"
"-79.63","43.68","TORONTO INTL A","6158731","2025-10-26 11:00","2025","10","26","11:00","","6.9","","0.5","","64","","","","36","","14","","24.1","","101.17","","","","","","NA"
"-79.63","43.68","TORONTO INTL A","6158731","2025-10-26 12:00","2025","10","26","12:00","","7.5","","1.1","","64","","","","1","","7","","24.1","","101.15","","","","","","NA"
"-79.63","43.68","TORONTO INTL A","6158731","2025-10-26 13:00","2025","10","26","13:00","","8.7","","0.6","","56","","","","35","","9","","24.1","","101.08","","","","","","Clear"
"-79.63","43.68","TORONTO INTL A","6158731","2025-10-26 14:00","2025","10","26","14:00","","8.8","","-0.1","","53","","","","36","","9","","24.1","","101.02","","","","","","NA"
"-79.63","43.68","TORONTO INTL A","6158731","2025-10-26 15:00","2025","10","26","15:00","","9.2","","0.1","","53","","","","33","","10","","24.1","","100.98","","","","","","NA"
"-79.63","43.68","TORONTO INTL A","6158731","2025-10-26 16:00","2025","10","26","16:00","","9.6","","0.6","","54","","","","35","","13","","24.1","","100.95","","","","","","Clear"
"-79.63","43.68","TORONTO INTL A","6158731","2025-10-26 17:00","2025","10","26","17:00","","7.4","","0.8","","63","","","","15","","10","","24.1","","100.95","","","","","","NA"
"-79.63","43.68","TORONTO INTL A","6158731","2025-10-26 18:00","2025","10","26","18:00","","6.3","","0.4","","66","","","","15","","6","","24.1","","100.97","","","","","","NA"
"-79.63","43.68","TORONTO INTL A","6158731","2025-10-26 19:00","2025","10","26","19:00","","6.4","","0.6","","66","","","","5","","3","","24.1","","100.97","","","","","","Clear"
"-79.63","43.68","TORONTO INTL A","6158731","2025-10-26 20:00","2025","10","26","20:00","","5.8","","-0.7","","63","","","","3","","9","","24.1","","100.99","","","","","","NA"
"-79.63","43.68","TORONTO INTL A","6158731","2025-10-26 21:00","2025","10","26","21:00","","4.4","","-1.1","","67","","","","36","","12","","24.1","","101.01","","","","","","NA"
"-79.63","43.68","TORONTO INTL A","6158731","2025-10-26 22:00","2025","10","26","22:00","","3.6","","-0.8","","73","","","","36","","11","","24.1","","101.01","","","","","","Clear"
"-79.63","43.68","TORONTO INTL A","6158731","2025-10-26 23:00","2025","10","26","23:00","","2.6","","-0.9","","78","","","","32","","12","","24.1","","101.01","","","","","","NA"
"-79.63","43.68","TORONTO INTL A","6158731","2025-10-27 00:00","2025","10","27","00:00","","2.2","","-1.1","","79","","","","33","","7","","24.1","","100.99","","","","","","NA"
"-79.63","43.68","TORONTO INTL A","6158731","2025-10-27 01:00","2025","10","27","01:00","","1.6","","-1.0","","83","","","","1","","8","","24.1","","100.97","","","","","","Clear"
"-79.63","43.68","TORONTO INTL A","6158731","2025-10-27 02:00","2025","10","27","02:00","","1.6","","-1.1","","82","","","","5","","8","","24.1","","100.96","","","","","","NA"
"-79.63","43.68","TORONTO INTL A","6158731","2025-10-27 03:00","2025","10","27","03:00","","2.8","","-0.8","","77","","","","1","","11","","24.1","","100.93","","","","","","NA"
"-79.63","43.68","TORONTO INTL A","6158731","2025-10-27 04:00","2025","10","27","04:00","","2.9","","-0.5","","78","","","","1","","9","","24.1","","100.93","","","","","","Mostly Cloudy"
"-79.63","43.68","TORONTO INTL A","6158731","2025-10-27 05:00","2025","10","27","05:00","","2.5","","-0.8","","78","","","","1","","10","","24.1","","100.95","","","","","","NA"
"-79.63","43.68","TORONTO INTL A","6158731","2025-10-27 06:00","2025","10","27","06:00","","2.2","","-1.1","","78","","","","36","","13","","24.1","","100.95","","","","","","NA"
"-79.63","43.68","TORONTO INTL A","6158731","2025-10-27 07:00","2025","10","27","07:00","","1.5","","-1.6","","80","","","","2","","10","","24.1","","100.94","","","","","","Mainly Clear"
"-79.63","43.68","TORONTO INTL A","6158731","2025-10-27 08:00","2025","10","27","08:00","","2.6","","-0.8","","78","","","","2","","12","","24.1","","101.00","","","","","","NA"
"-79.63","43.68","TORONTO INTL A","6158731","2025-10-27 09:00","2025","10","27","09:00","","6.5","","-0.2","","62","","","","8","","13","","24.1","","100.98","","","","","","NA"
"-79.63","43.68","TORONTO INTL A","6158731","2025-10-27 10:00","2025","10","27","10:00","","7.7","","-0.4","","56","","","","6","","12","","24.1","","100.98","","","","","","Mostly Cloudy"
"-79.63","43.68","TORONTO INTL A","6158731","2025-10-27 11:00","2025","10","27","11:00","","8.1","","-0.6","","54","","","","7","","13","","24.1","","100.96","","","","","","NA"
"-79.63","43.68","TORONTO INTL A","6158731","2025-10-27 12:00","2025","10","27","12:00","","8.5","","0.4","","57","","","","7","","12","","24.1","","100.90","","","","","","NA"
"-79.63","43.68","TORONTO INTL A","6158731","2025-10-27 13:00","2025","10","27","13:00","","8.3","","0.9","","60","","","","7","","18","","24.1","","100.85","","","","","","Mostly Cloudy"
"-79.63","43.68","TORONTO INTL A","6158731","2025-10-27 14:00","2025","10","27","14:00","","8.5","","2.2","","65","","","","10","","16","","24.1","","100.83","","","","","","NA"
"-79.63","43.68","TORONTO INTL A","6158731","2025-10-27 15:00","2025","10","27","15:00","","9.3","","2.6","","63","","","","12","","10","","24.1","","100.78","","","","","","NA"
"-79.63","43.68","TORONTO INTL A","6158731","2025-10-27 16:00","2025","10","27","16:00","","8.8","","1.8","","61","","","","11","","10","","24.1","","100.76","","","","","","Mainly Clear"
"-79.63","43.68","TORONTO INTL A","6158731","2025-10-27 17:00","2025","10","27","17:00","","7.8","","0.6","","60","","","","10","","14","","24.1","","100.74","","","","","","NA"
"-79.63","43.68","TORONTO INTL A","6158731","2025-10-27 18:00","2025","10","27","18:00","","7.0","","1.0","","66","","","","6","","10","","24.1","","100.77","","","","","","NA"
"-79.63","43.68","TORONTO INTL A","6158731","2025-10-27 19:00","2025","10","27","19:00","","5.9","","1.1","","72","","","","6","","9","","24.1","","100.76","","","","","","Clear"
"-79.63","43.68","TORONTO INTL A","6158731","2025-10-27 20:00","2025","10","27","20:00","","5.6","","1.7","","76","","","","5","","8","","24.1","","100.77","","","","","","NA"
"-79.63","43.68","TORONTO INTL A","6158731","2025-10-27 21:00","2025","10","27","21:00","","5.5","","1.8","","77","","","","3","","10","","24.1","","100.81","","","","","","NA"
"-79.63","43.68","TORONTO INTL A","6158731","2025-10-27 22:00","2025","10","27","22:00","","5.2","","1.6","","78","","","","2","","10","","24.1","","100.85","","","","","","Mainly Clear"
"-79.63","43.68","TORONTO INTL A","6158731","2025-10-27 23:00","2025","10","27","23:00","","4.9","","1.9","","81","","","","5","","9","","24.1","","100.84","","","","","","NA"
"-79.63","43.68","TORONTO INTL A","6158731","2025-10-28 00:00","2025","10","28","00:00","","4.5","","1.6","","82","","","","3","","12","","24.1","","100.83","","","","","","NA"
"-79.63","43.68","TORONTO INTL A","6158731","2025-10-28 01:00","2025","10","28","01:00","","4.1","","1.3","","82","","","","3","","12","","24.1","","100.78","","","","","","Clear"
"-79.63","43.68","TORONTO INTL A","6158731","2025-10-28 02:00","2025","10","28","02:00","","5.7","","1.9","","77","","","","5","","13","","24.1","","100.75","","","","","","NA"
"-79.63","43.68","TORONTO INTL A","6158731","2025-10-28 03:00","2025","10","28","03:00","","5.7","","1.9","","77","","","","7","","13","","24.1","","100.71","","","","","","NA"
"-79.63","43.68","TORONTO INTL A","6158731","2025-10-28 04:00","2025","10","28","04:00","","6.1","","2.8","","79","","","","7","","9","","24.1","","100.74","","","","","","Mostly Cloudy"
"-79.63","43.68","TORONTO INTL A","6158731","2025-10-28 05:00","2025","10","28","05:00","","5.4","","2.9","","84","","","","5","","9","","24.1","","100.76","","","","","","NA"
"-79.63","43.68","TORONTO INTL A","6158731","2025-10-28 06:00","2025","10","28","06:00","","6.0","","3.0","","81","","","","6","","9","","24.1","","100.78","","","","","","NA"
"-79.63","43.68","TORONTO INTL A","6158731","2025-10-28 07:00","2025","10","28","07:00","","5.3","","2.3","","81","","","","5","","9","","24.1","","100.81","","","","","","Mainly Clear"
"-79.63","43.68","TORONTO INTL A","6158731","2025-10-28 08:00","2025","10","28","08:00","","6.0","","3.2","","82","","","","7","","16","","24.1","","100.84","","","","","","NA"
"-79.63","43.68","TORONTO INTL A","6158731","2025-10-28 09:00","2025","10","28","09:00","","7.4","","4.5","","81","","","","7","","18","","24.1","","100.85","","","","","","NA"
"-79.63","43.68","TORONTO INTL A","6158731","2025-10-28 10:00","2025","10","28","10:00","","8.4","","4.6","","77","","","","8","","18","","24.1","","100.85","","","","","","Mostly Cloudy"
"-79.63","43.68","TORONTO INTL A","6158731","2025-10-28 11:00","2025","10","28","11:00","","8.7","","4.6","","75","","","","8","","15","","24.1","","100.85","","","","","","NA"
"-79.63","43.68","TORONTO INTL A","6158731","2025-10-28 12:00","2025","10","28","12:00","","8.7","","4.9","","77","","","","9","","11","","24.1","","100.77","","","","","","NA"
"-79.63","43.68","TORONTO INTL A","6158731","2025-10-28 13:00","2025","10","28","13:00","","9.5","","2.5","","61","","","","8","","20","","24.1","","100.67","","","","","","Mostly Cloudy"
"-79.63","43.68","TORONTO INTL A","6158731","2025-10-28 14:00","2025","10","28","14:00","","9.9","","4.2","","68","","","","7","","24","","24.1","","100.64","","","","","","NA"
"-79.63","43.68","TORONTO INTL A","6158731","2025-10-28 15:00","2025","10","28","15:00","","10.3","","3.2","","61","","","","10","","22","","24.1","","100.60","","","","","","NA"
"-79.63","43.68","TORONTO INTL A","6158731","2025-10-28 16:00","2025","10","28","16:00","","10.2","","3.6","","64","","","","9","","16","","24.1","","100.56","","","","","","Clear"
"-79.63","43.68","TORONTO INTL A","6158731","2025-10-28 17:00","2025","10","28","17:00","","9.1","","3.6","","68","","","","7","","13","","24.1","","100.52","","","","","","NA"
"-79.63","43.68","TORONTO INTL A","6158731","2025-10-28 18:00","2025","10","28","18:00","","8.4","","3.6","","71","","","","7","","8","","24.1","","100.52","","","","","","NA"
"-79.63","43.68","TORONTO INTL A","6158731","2025-10-28 19:00","2025","10","28","19:00","","7.5","","3.5","","76","","","","5","","6","","24.1","","100.52","","","","","","Clear"
"-79.63","43.68","TORONTO INTL A","6158731","2025-10-28 20:00","2025","10","28","20:00","","7.0","","3.2","","77","","","","3","","9","","24.1","","100.50","","","","","","NA"
"-79.63","43.68","TORONTO INTL A","6158731","2025-10-28 21:00","2025","10","28","21:00","","6.2","","2.5","","77","","","","4","","12","","24.1","","100.49","","","","","","NA"
"-79.63","43.68","TORONTO INTL A","6158731","2025-10-28 22:00","2025","10","28","22:00","","7.5","","0.9","","63","","","","6","","16","","24.1","","100.46","","","","","","Mainly Clear"
"-79.63","43.68","TORONTO INTL A","6158731","2025-10-28 23:00","2025","10","28","23:00","","5.7","","0.2","","68","","","","5","","11","","24.1","","100.42","","","","","","NA"
"-79.63","43.68","TORONTO INTL A","6158731","2025-10-29 00:00","2025","10","29","00:00","","5.1","","0.0","","70","","","","3","","12","","24.1","","100.39","","","","","","NA"
"-79.63","43.68","TORONTO INTL A","6158731","2025-10-29 01:00","2025","10","29","01:00","","4.5","","0.1","","73","","","","4","","13","","24.1","","100.37","","","","","","Clear"
"-79.63","43.68","TORONTO INTL A","6158731","2025-10-29 02:00","2025","10","29","02:00","","4.5","","0.0","","72","","","","5","","12","","24.1","","100.35","","","","","","NA"
"-79.63","43.68","TORONTO INTL A","6158731","2025-10-29 03:00","2025","10","29","03:00","","3.2","","-0.6","","76","","","","2","","12","","24.1","","100.30","","","","","","NA"
"-79.63","43.68","TORONTO INTL A","6158731","2025-10-29 04:00","2025","10","29","04:00","","2.6","","-0.5","","80","","","","2","","12","","24.1","","100.24","","","","","","Clear"
"-79.63","43.68","TORONTO INTL A","6158731","2025-10-29 05:00","2025","10","29","05:00","","3.6","","0.2","","78","","","","2","","16","","24.1","","100.24","","","","","","NA"
"-79.63","43.68","TORONTO INTL A","6158731","2025-10-29 06:00","2025","10","29","06:00","","3.7","","0.1","","77","","","","1","","20","","24.1","","100.22","","","","","","NA"
"-79.63","43.68","TORONTO INTL A","6158731","2025-10-29 07:00","2025","10","29","07:00","","3.6","","0.3","","79","","","","1","","19","","24.1","","100.24","","","","","","Mostly Cloudy"
"-79.63","43.68","TORONTO INTL A","6158731","2025-10-29 08:00","2025","10","29","08:00","","5.4","","1.3","","75","","","","1","","17","","24.1","","100.23","","","","","","NA"
"-79.63","43.68","TORONTO INTL A","6158731","2025-10-29 09:00","2025","10","29","09:00","","6.3","","1.6","","72","","","","1","","16","","24.1","","100.20","","","","","","NA"
"-79.63","43.68","TORONTO INTL A","6158731","2025-10-29 10:00","2025","10","29","10:00","","8.9","","3.1","","67","","","","2","","5","","24.1","","100.19","","","","","","Mainly Clear"
"-79.63","43.68","TORONTO INTL A","6158731","2025-10-29 11:00","2025","10","29","11:00","","10.1","","4.4","","68","","","","11","","15","","24.1","","100.13","","","","","","NA"
"-79.63","43.68","TORONTO INTL A","6158731","2025-10-29 12:00","2025","10","29","12:00","","11.0","","4.9","","66","","","","7","","13","","24.1","","100.04","","","","","","NA"
"-79.63","43.68","TORONTO INTL A","6158731","2025-10-29 13:00","2025","10","29","13:00","","11.4","","4.8","","63","","","","5","","22","","24.1","","99.95","","","","","","Mostly Cloudy"
"-79.63","43.68","TORONTO INTL A","6158731","2025-10-29 14:00","2025","10","29","14:00","","10.8","","4.2","","64","","","","7","","15","","24.1","","99.91","","","","","","NA"
"-79.63","43.68","TORONTO INTL A","6158731","2025-10-29 15:00","2025","10","29","15:00","","10.1","","4.0","","66","","","","8","","15","","24.1","","99.84","","","","","","NA"
"-79.63","43.68","TORONTO INTL A","6158731","2025-10-29 16:00","2025","10","29","16:00","","10.6","","4.8","","67","","","","8","","13","","24.1","","99.81","","","","","","Mainly Clear"
"-79.63","43.68","TORONTO INTL A","6158731","2025-10-29 17:00","2025","10","29","17:00","","9.6","","4.3","","69","","","","9","","10","","24.1","","99.80","","","","","","NA"
"-79.63","43.68","TORONTO INTL A","6158731","2025-10-29 18:00","2025","10","29","18:00","","9.0","","3.4","","68","","","","7","","8","","24.1","","99.80","","","","","","NA"
"-79.63","43.68","TORONTO INTL A","6158731","2025-10-29 19:00","2025","10","29","19:00","","8.6","","3.4","","70","","","","6","","8","","24.1","","99.78","","","","","","Mainly Clear"
"-79.63","43.68","TORONTO INTL A","6158731","2025-10-29 20:00","2025","10","29","20:00","","8.6","","4.2","","74","","","","8","","8","","24.1","","99.81","","","","","","NA"
"-79.63","43.68","TORONTO INTL A","6158731","2025-10-29 21:00","2025","10","29","21:00","","7.9","","4.8","","80","","","","6","","8","","24.1","","99.75","","","","","","NA"
"-79.63","43.68","TORONTO INTL A","6158731","2025-10-29 22:00","2025","10","29","22:00","","6.4","","4.0","","85","","","","3","","11","","24.1","","99.72","","","","","","Mostly Cloudy"
"-79.63","43.68","TORONTO INTL A","6158731","2025-10-29 23:00","2025","10","29","23:00","","7.0","","4.1","","82","","","","2","","8","","24.1","","99.66","","","","","","NA"
"-79.63","43.68","TORONTO INTL A","6158731","2025-10-30 00:00","2025","10","30","00:00","","7.6","","4.5","","81","","","","5","","12","","24.1","","99.57","","","","","","NA"
"-79.63","43.68","TORONTO INTL A","6158731","2025-10-30 01:00","2025","10","30","01:00","","8.1","","3.9","","75","","","","6","","13","","24.1","","99.50","","","","","","Mostly Cloudy"
"-79.63","43.68","TORONTO INTL A","6158731","2025-10-30 02:00","2025","10","30","02:00","","7.9","","3.2","","72","","","","6","","14","","24.1","","99.45","","","","","","NA"
"-79.63","43.68","TORONTO INTL A","6158731","2025-10-30 03:00","2025","10","30","03:00","","7.5","","2.8","","72","","","","5","","12","","24.1","","99.40","","","","","","NA"
"-79.63","43.68","TORONTO INTL A","6158731","2025-10-30 04:00","2025","10","30","04:00","","7.4","","3.2","","75","","","","3","","18","","24.1","","99.23","","","","","","Mostly Cloudy"
"-79.63","43.68","TORONTO INTL A","6158731","2025-10-30 05:00","2025","10","30","05:00","","8.3","","3.7","","73","","","","6","","14","","24.1","","99.23","","","","","","NA"
"-79.63","43.68","TORONTO INTL A","6158731","2025-10-30 06:00","2025","10","30","06:00","","8.6","","4.2","","74","","","","7","","16","","24.1","","99.15","","","","","","NA"
"-79.63","43.68","TORONTO INTL A","6158731","2025-10-30 07:00","2025","10","30","07:00","","8.7","","4.0","","72","","","","5","","14","","24.1","","99.09","","","","","","Mostly Cloudy"
"-79.63","43.68","TORONTO INTL A","6158731","2025-10-30 08:00","2025","10","30","08:00","","8.7","","4.8","","76","","","","6","","16","","24.1","","99.04","","","","","","NA"
"-79.63","43.68","TORONTO INTL A","6158731","2025-10-30 09:00","2025","10","30","09:00","","8.4","","5.3","","81","","","","6","","18","","19.3","","98.93","","","","","","Rain"
"-79.63","43.68","TORONTO INTL A","6158731","2025-10-30 10:00","2025","10","30","10:00","","7.9","","6.7","","92","","","","6","","16","","8.1","","98.87","","","","","","Rain,Fog"
"-79.63","43.68","TORONTO INTL A","6158731","2025-10-30 11:00","2025","10","30","11:00","","7.8","","6.3","","91","","","","5","","23","","9.7","","98.78","","","","","","Rain,Fog"
"-79.63","43.68","TORONTO INTL A","6158731","2025-10-30 12:00","2025","10","30","12:00","","7.6","","6.1","","90","","","","5","","21","","9.7","","98.57","","","","","","Rain,Fog"
"-79.63","43.68","TORONTO INTL A","6158731","2025-10-30 13:00","2025","10","30","13:00","","7.7","","5.6","","87","","","","5","","24","","19.3","","98.39","","","","","","Rain"
"-79.63","43.68","TORONTO INTL A","6158731","2025-10-30 14:00","2025","10","30","14:00","","7.7","","6.0","","89","","","","4","","27","","16.1","","98.22","","","","","","Drizzle"
"-79.63","43.68","TORONTO INTL A","6158731","2025-10-30 15:00","2025","10","30","15:00","","7.3","","5.8","","90","","","","3","","31","","19.3","","98.13","","","","","","NA"
"-79.63","43.68","TORONTO INTL A","6158731","2025-10-30 16:00","2025","10","30","16:00","","7.0","","5.9","","93","","","","2","","22","","4.0","","98.10","","","","","","Rain,Fog"
"-79.63","43.68","TORONTO INTL A","6158731","2025-10-30 17:00","2025","10","30","17:00","","6.5","","5.5","","93","","","","1","","29","","8.1","","98.06","","","","","","Rain,Fog"
"-79.63","43.68","TORONTO INTL A","6158731","2025-10-30 18:00","2025","10","30","18:00","","6.5","","5.4","","93","","","","36","","24","","9.7","","98.03","","","","","","Rain,Fog"
"-79.63","43.68","TORONTO INTL A","6158731","2025-10-30 19:00","2025","10","30","19:00","","6.3","","5.1","","92","","","","36","","29","","8.1","","97.99","","","","","","Rain,Fog"
"-79.63","43.68","TORONTO INTL A","6158731","2025-10-30 20:00","2025","10","30","20:00","","6.0","","4.8","","92","","","","36","","28","","8.1","","97.94","","","","","","Rain,Fog"
"-79.63","43.68","TORONTO INTL A","6158731","2025-10-30 21:00","2025","10","30","21:00","","5.9","","4.7","","92","","","","35","","23","","8.1","","97.90","","","","","","Rain,Fog"
"-79.63","43.68","TORONTO INTL A","6158731","2025-10-30 22:00","2025","10","30","22:00","","5.6","","4.2","","91","","","","35","","25","","9.7","","97.83","","","","","","Rain,Fog"
"-79.63","43.68","TORONTO INTL A","6158731","2025-10-30 23:00","2025","10","30","23:00","","5.5","","3.9","","89","","","","35","","26","","11.3","","97.76","","","","","","Rain"
"-79.63","43.68","TORONTO INTL A","6158731","2025-10-31 00:00","2025","10","31","00:00","","5.5","","3.6","","88","","","","34","","30","","11.3","","97.72","","","","","","NA"
"-79.63","43.68","TORONTO INTL A","6158731","2025-10-31 01:00","2025","10","31","01:00","","5.1","","3.4","","88","","","","33","","26","","16.1","","97.69","","","","","","Cloudy"
"-79.63","43.68","TORONTO INTL A","6158731","2025-10-31 02:00","2025","10","31","02:00","","5.1","","3.0","","87","","","","32","","31","","16.1","","97.68","","","","","","NA"
"-79.63","43.68","TORONTO INTL A","6158731","2025-10-31 03:00","2025","10","31","03:00","","4.9","","3.4","","90","","","","32","","26","","11.3","","97.64","","","","","","Rain"
"-79.63","43.68","TORONTO INTL A","6158731","2025-10-31 04:00","2025","10","31","04:00","","5.3","","3.8","","90","","","","30","","19","","11.3","","97.61","","","","","","Rain"
"-79.63","43.68","TORONTO INTL A","6158731","2025-10-31 05:00","2025","10","31","05:00","","5.2","","3.8","","90","","","","30","","18","","9.7","","97.60","","","","","","Rain,Fog"
"-79.63","43.68","TORONTO INTL A","6158731","2025-10-31 06:00","2025","10","31","06:00","","5.2","","3.4","","88","","","","29","","21","","9.7","","97.60","","","","","","Rain,Fog"
"-79.63","43.68","TORONTO INTL A","6158731","2025-10-31 07:00","2025","10","31","07:00","","5.6","","3.4","","86","","","","30","","35","","16.1","","97.58","","","","","","Rain"
"-79.63","43.68","TORONTO INTL A","6158731","2025-10-31 08:00","2025","10","31","08:00","","6.0","","4.0","","86","","","","29","","34","","24.1","","97.59","","","","","","NA"
"-79.63","43.68","TORONTO INTL A","6158731","2025-10-31 09:00","2025","10","31","09:00","","6.5","","4.1","","85","","","","29","","24","","24.1","","97.61","","","","","","NA"
"-79.63","43.68","TORONTO INTL A","6158731","2025-10-31 10:00","2025","10","31","10:00","","7.0","","4.3","","83","","","","30","","32","","24.1","","97.63","","","","","","Rain"
"-79.63","43.68","TORONTO INTL A","6158731","2025-10-31 11:00","2025","10","31","11:00","","7.4","","4.2","","80","","","","30","","30","","24.1","","97.68","","","","","","Rain"
"-79.63","43.68","TORONTO INTL A","6158731","2025-10-31 12:00","2025","10","31","12:00","","8.4","","3.8","","72","","","","30","","39","","24.1","","97.68","","","","","","Rain"
"-79.63","43.68","TORONTO INTL A","6158731","2025-10-31 13:00","2025","10","31","13:00","","8.7","","2.1","","63","","","","31","","54","","24.1","","97.73","","","","","","Mostly Cloudy"
"-79.63","43.68","TORONTO INTL A","6158731","2025-10-31 14:00","2025","10","31","14:00","","8.1","","1.4","","63","","","","30","","40","","24.1","","97.86","","","","","","NA"
"-79.63","43.68","TORONTO INTL A","6158731","2025-10-31 15:00","2025","10","31","15:00","","8.1","","1.1","","61","","","","30","","30","","24.1","","97.98","","","","","","NA"
"-79.63","43.68","TORONTO INTL A","6158731","2025-10-31 16:00","2025","10","31","16:00","","8.0","","0.0","","57","","","","30","","45","","24.1","","98.11","","","","","","Mostly Cloudy"
"-79.63","43.68","TORONTO INTL A","6158731","2025-10-31 17:00","2025","10","31","17:00","","7.7","","-0.8","","55","","","","29","","37","","24.1","","98.22","","","","","","NA"
"-79.63","43.68","TORONTO INTL A","6158731","2025-10-31 18:00","2025","10","31","18:00","","7.3","","-0.2","","59","","","","29","","24","","24.1","","98.34","","","","","","NA"
"-79.63","43.68","TORONTO INTL A","6158731","2025-10-31 19:00","2025","10","31","19:00","","7.0","","0.5","","63","","","","28","","31","","24.1","","98.42","","","","","","Mostly Cloudy"
"-79.63","43.68","TORONTO INTL A","6158731","2025-10-31 20:00","2025","10","31","20:00","","6.0","","1.1","","71","","","","29","","27","","24.1","","98.50","","","","","","NA"
"-79.63","43.68","TORONTO INTL A","6158731","2025-10-31 21:00","2025","10","31","21:00","","5.6","","0.9","","71","","","","28","","28","","24.1","","98.57","","","","","","NA"
"-79.63","43.68","TORONTO INTL A","6158731","2025-10-31 22:00","2025","10","31","22:00","","5.1","","1.0","","74","","","","27","","28","","24.1","","98.66","","","","","","Clear"
"-79.63","43.68","TORONTO INTL A","6158731","2025-10-31 23:00","2025","10","31","23:00","","4.8","","1.1","","77","","","","26","","23","","24.1","","98.71","","","","","","NA"
