"Longitude (x)","Latitude (y)","Station Name","Climate ID","Date/Time (LST)","Year","Month","Day","Time (LST)","Flag","Temp (°C)","Temp Flag","Dew Point Temp (°C)","Dew Point Temp Flag","Rel Hum (%)","Rel Hum Flag","Precip. Amount (mm)","Precip. Amount Flag","Wind Dir (10s deg)","Wind Dir Flag","Wind Spd (km/h)","Wind Spd Flag","Visibility (km)","Visibility Flag","Stn Press (kPa)","Stn Press Flag","Hmdx","Hmdx Flag","Wind Chill","Wind Chill Flag","Weather"
"-79.63","43.68","TORONTO INTL A","6158731","2023-11-01 00:00","2023","11","01","00:00","","-0.5","","-3.2","","82","","","","28","","13","","24.1","","99.51","","","","-5","","NA"
"-79.63","43.68","TORONTO INTL A","6158731","2023-11-01 01:00","2023","11","01","01:00","","-0.6","","-3.0","","84","","","","35","","7","","24.1","","99.53","","","","-3","","Mainly Clear"
"-79.63","43.68","TORONTO INTL A","6158731","2023-11-01 02:00","2023","11","01","02:00","","-1.8","","-3.5","","88","","","","26","","6","","24.1","","99.53","","","","-4","","NA"
"-79.63","43.68","TORONTO INTL A","6158731","2023-11-01 03:00","2023","11","01","03:00","","-1.6","","-3.4","","88","","","","28","","12","","24.1","","99.56","","","","-6","","NA"
"-79.63","43.68","TORONTO INTL A","6158731","2023-11-01 04:00","2023","11","01","04:00","","-1.5","","-3.4","","87","","","","31","","9","","24.1","","99.61","","","","-5","","Clear"
"-79.63","43.68","TORONTO INTL A","6158731","2023-11-01 05:00","2023","11","01","05:00","","-0.9","","-3.3","","84","","","","32","","17","","24.1","","99.67","","","","-6","","NA"
"-79.63","43.68","TORONTO INTL A","6158731","2023-11-01 06:00","2023","11","01","06:00","","-0.7","","-4.2","","78","","","","34","","21","","24.1","","99.76","","","","-6","","NA"
"-79.63","43.68","TORONTO INTL A","6158731","2023-11-01 07:00","2023","11","01","07:00","","-1.0","","-4.4","","78","","","","33","","25","","24.1","","99.83","","","","-7","","Clear"
"-79.63","43.68","TORONTO INTL A","6158731","2023-11-01 08:00","2023","11","01","08:00","","-0.1","","-4.1","","74","","","","34","","26","","24.1","","99.96","","","","-6","","NA"
"-79.63","43.68","TORONTO INTL A","6158731","2023-11-01 09:00","2023","11","01","09:00","","0.9","","-4.5","","67","","","","33","","30","","24.1","","100.07","","","","","","NA"
"-79.63","43.68","TORONTO INTL A","6158731","2023-11-01 10:00","2023","11","01","10:00","","2.5","","-4.4","","61","","","","33","","24","","24.1","","100.14","","","","","","Mainly Clear"
"-79.63","43.68","TORONTO INTL A","6158731","2023-11-01 11:00","2023","11","01","11:00","","3.4","","-5.5","","53","","","","33","","25","","24.1","","100.18","","","","","","NA"
"-79.63","43.68","TORONTO INTL A","6158731","2023-11-01 12:00","2023","11","01","12:00","","3.2","","-5.2","","54","","","","32","","21","","24.1","","100.19","","","","","","NA"
"-79.63","43.68","TORONTO INTL A","6158731","2023-11-01 13:00","2023","11","01","13:00","","3.7","","-4.6","","54","","","","32","","22","","24.1","","100.18","","","","","","Mostly Cloudy"
"-79.63","43.68","TORONTO INTL A","6158731","2023-11-01 14:00","2023","11","01","14:00","","4.4","","-5.8","","48","","","","30","","22","","24.1","","100.19","","","","","","NA"
"-79.63","43.68","TORONTO INTL A","6158731","2023-11-01 15:00","2023","11","01","15:00","","4.4","","-7.0","","43","","","","31","","22","","24.1","","100.20","","","","","","NA"
"-79.63","43.68","TORONTO INTL A","6158731","2023-11-01 16:00","2023","11","01","16:00","","4.2","","-8.1","","40","","","","30","","28","","24.1","","100.26","","","","","","Mostly Cloudy"
"-79.63","43.68","TORONTO INTL A","6158731","2023-11-01 17:00","2023","11","01","17:00","","2.8","","-7.1","","48","","","","31","","19","","24.1","","100.31","","","","","","NA"
"-79.63","43.68","TORONTO INTL A","6158731","2023-11-01 18:00","2023","11","01","18:00","","2.1","","-8.1","","47","","","","31","","20","","24.1","","100.36","","","","","","NA"
"-79.63","43.68","TORONTO INTL A","6158731","2023-11-01 19:00","2023","11","01","19:00","","1.7","","-7.4","","51","","","","28","","10","","24.1","","100.41","","","","","","Mostly Cloudy"
"-79.63","43.68","TORONTO INTL A","6158731","2023-11-01 20:00","2023","11","01","20:00","","1.9","","-7.6","","49","","","","29","","8","","24.1","","100.44","","","","","","NA"
"-79.63","43.68","TORONTO INTL A","6158731","2023-11-01 21:00","2023","11","01","21:00","","1.8","","-6.1","","56","","","","24","","8","","24.1","","100.43","","","","","","NA"
"-79.63","43.68","TORONTO INTL A","6158731","2023-11-01 22:00","2023","11","01","22:00","","2.3","","-5.9","","55","","","","21","","9","","24.1","","100.44","","","","","","Mostly Cloudy"
"-79.63","43.68","TORONTO INTL A","6158731","2023-11-01 23:00","2023","11","01","23:00","","2.4","","-3.8","","64","","","","21","","13","","24.1","","100.45","","","","","","NA"
"-79.63","43.68","TORONTO INTL A","6158731","2023-11-02 00:00","2023","11","02","00:00","","2.3","","-3.2","","67","","","","22","","14","","24.1","","100.46","","","","","","NA"
"-79.63","43.68","TORONTO INTL A","6158731","2023-11-02 01:00","2023","11","02","01:00","","2.3","","-4.3","","62","","","","23","","17","","24.1","","100.48","","","","","","Mostly Cloudy"
"-79.63","43.68","TORONTO INTL A","6158731","2023-11-02 02:00","2023","11","02","02:00","","2.2","","-5.5","","57","","","","22","","15","","24.1","","100.52","","","","","","NA"
"-79.63","43.68","TORONTO INTL A","6158731","2023-11-02 03:00","2023","11","02","03:00","","2.2","","-5.9","","55","","","","23","","17","","24.1","","100.52","","","","","","NA"
"-79.63","43.68","TORONTO INTL A","6158731","2023-11-02 04:00","2023","11","02","04:00","","2.2","","-5.5","","57","","","","23","","12","","24.1","","100.49","","","","","","Mostly Cloudy"
"-79.63","43.68","TORONTO INTL A","6158731","2023-11-02 05:00","2023","11","02","05:00","","2.2","","-4.8","","60","","","","23","","12","","24.1","","100.50","","","","","","NA"
"-79.63","43.68","TORONTO INTL A","6158731","2023-11-02 06:00","2023","11","02","06:00","","1.8","","-4.4","","64","","","","23","","16","","24.1","","100.52","","","","","","NA"
"-79.63","43.68","TORONTO INTL A","6158731","2023-11-02 07:00","2023","11","02","07:00","","2.1","","-3.9","","65","","","","23","","15","","24.1","","100.53","","","","","","Mostly Cloudy"
"-79.63","43.68","TORONTO INTL A","6158731","2023-11-02 08:00","2023","11","02","08:00","","3.6","","-2.9","","63","","","","23","","15","","24.1","","100.55","","","","","","NA"
"-79.63","43.68","TORONTO INTL A","6158731","2023-11-02 09:00","2023","11","02","09:00","","4.9","","-1.9","","61","","","","25","","21","","24.1","","100.57","","","","","","NA"
"-79.63","43.68","TORONTO INTL A","6158731","2023-11-02 10:00","2023","11","02","10:00","","6.6","","-2.8","","51","","","","24","","24","","24.1","","100.54","","","","","","Mostly Cloudy"
"-79.63","43.68","TORONTO INTL A","6158731","2023-11-02 11:00","2023","11","02","11:00","","7.6","","-3.9","","44","","","","23","","26","","24.1","","100.54","","","","","","NA"
"-79.63","43.68","TORONTO INTL A","6158731","2023-11-02 12:00","2023","11","02","12:00","","8.8","","-3.7","","41","","","","20","","23","","24.1","","100.46","","","","","","NA"
"-79.63","43.68","TORONTO INTL A","6158731","2023-11-02 13:00","2023","11","02","13:00","","10.9","","-4.0","","35","","","","24","","26","","24.1","","100.40","","","","","","Mostly Cloudy"
"-79.63","43.68","TORONTO INTL A","6158731","2023-11-02 14:00","2023","11","02","14:00","","9.2","","-3.2","","41","","","","24","","30","","24.1","","100.35","","","","","","NA"
"-79.63","43.68","TORONTO INTL A","6158731","2023-11-02 15:00","2023","11","02","15:00","","8.7","","-2.2","","46","","","","23","","23","","24.1","","100.33","","","","","","NA"
"-79.63","43.68","TORONTO INTL A","6158731","2023-11-02 16:00","2023","11","02","16:00","","8.7","","-2.0","","47","","","","23","","24","","24.1","","100.34","","","","","","Mostly Cloudy"
"-79.63","43.68","TORONTO INTL A","6158731","2023-11-02 17:00","2023","11","02","17:00","","7.6","","-1.3","","53","","","","23","","25","","24.1","","100.34","","","","","","NA"
"-79.63","43.68","TORONTO INTL A","6158731","2023-11-02 18:00","2023","11","02","18:00","","7.2","","-0.8","","57","","","","22","","20","","24.1","","100.38","","","","","","NA"
"-79.63","43.68","TORONTO INTL A","6158731","2023-11-02 19:00","2023","11","02","19:00","","6.9","","-0.8","","58","","","","20","","13","","24.1","","100.40","","","","","","Mostly Cloudy"
"-79.63","43.68","TORONTO INTL A","6158731","2023-11-02 20:00","2023","11","02","20:00","","6.8","","-0.5","","59","","","","19","","17","","24.1","","100.36","","","","","","NA"
"-79.63","43.68","TORONTO INTL A","6158731","2023-11-02 21:00","2023","11","02","21:00","","6.7","","-1.5","","56","","","","20","","13","","24.1","","100.33","","","","","","NA"
"-79.63","43.68","TORONTO INTL A","6158731","2023-11-02 22:00","2023","11","02","22:00","","6.4","","-1.3","","58","","","","17","","9","","24.1","","100.29","","","","","","Mostly Cloudy"
"-79.63","43.68","TORONTO INTL A","6158731","2023-11-02 23:00","2023","11","02","23:00","","7.1","","-1.2","","56","","","","20","","12","","24.1","","100.25","","","","","","NA"
"-79.63","43.68","TORONTO INTL A","6158731","2023-11-03 00:00","2023","11","03","00:00","","7.4","","-0.9","","56","","","","19","","10","","24.1","","100.21","","","","","","NA"
"-79.63","43.68","TORONTO INTL A","6158731","2023-11-03 01:00","2023","11","03","01:00","","7.4","","-0.6","","57","","","","21","","10","","24.1","","100.16","","","","","","Mostly Cloudy"
"-79.63","43.68","TORONTO INTL A","6158731","2023-11-03 02:00","2023","11","03","02:00","","7.8","","-0.4","","56","","","","20","","17","","24.1","","100.12","","","","","","NA"
"-79.63","43.68","TORONTO INTL A","6158731","2023-11-03 03:00","2023","11","03","03:00","","7.6","","-0.5","","57","","","","20","","20","","24.1","","100.10","","","","","","NA"
"-79.63","43.68","TORONTO INTL A","6158731","2023-11-03 04:00","2023","11","03","04:00","","7.5","","-0.2","","58","","","","19","","21","","24.1","","100.04","","","","","","Mainly Clear"
"-79.63","43.68","TORONTO INTL A","6158731","2023-11-03 05:00","2023","11","03","05:00","","7.2","","0.2","","61","","","","20","","17","","24.1","","100.05","","","","","","NA"
"-79.63","43.68","TORONTO INTL A","6158731","2023-11-03 06:00","2023","11","03","06:00","","6.8","","0.5","","64","","","","20","","10","","24.1","","100.02","","","","","","NA"
"-79.63","43.68","TORONTO INTL A","6158731","2023-11-03 07:00","2023","11","03","07:00","","6.2","","0.6","","67","","","","19","","7","","24.1","","100.01","","","","","","Mainly Clear"
"-79.63","43.68","TORONTO INTL A","6158731","2023-11-03 08:00","2023","11","03","08:00","","8.3","","1.5","","62","","","","20","","10","","24.1","","99.98","","","","","","NA"
"-79.63","43.68","TORONTO INTL A","6158731","2023-11-03 09:00","2023","11","03","09:00","","9.4","","2.0","","60","","","","21","","18","","24.1","","99.98","","","","","","NA"
"-79.63","43.68","TORONTO INTL A","6158731","2023-11-03 10:00","2023","11","03","10:00","","11.9","","2.1","","51","","","","22","","30","","24.1","","99.91","","","","","","Mainly Clear"
"-79.63","43.68","TORONTO INTL A","6158731","2023-11-03 11:00","2023","11","03","11:00","","12.2","","2.1","","50","","","","21","","32","","24.1","","99.84","","","","","","NA"
"-79.63","43.68","TORONTO INTL A","6158731","2023-11-03 12:00","2023","11","03","12:00","","14.3","","2.0","","43","","","","22","","30","","24.1","","99.74","","","","","","NA"
"-79.63","43.68","TORONTO INTL A","6158731","2023-11-03 13:00","2023","11","03","13:00","","15.1","","1.4","","39","","","","21","","31","","24.1","","99.66","","","","","","Mainly Clear"
"-79.63","43.68","TORONTO INTL A","6158731","2023-11-03 14:00","2023","11","03","14:00","","15.1","","1.5","","39","","","","20","","33","","24.1","","99.60","","","","","","NA"
"-79.63","43.68","TORONTO INTL A","6158731","2023-11-03 15:00","2023","11","03","15:00","","14.4","","1.3","","41","","","","22","","32","","24.1","","99.55","","","","","","NA"
"-79.63","43.68","TORONTO INTL A","6158731","2023-11-03 16:00","2023","11","03","16:00","","13.2","","0.8","","42","","","","21","","34","","24.1","","99.59","","","","","","Mostly Cloudy"
"-79.63","43.68","TORONTO INTL A","6158731","2023-11-03 17:00","2023","11","03","17:00","","12.5","","0.8","","45","","","","23","","21","","24.1","","99.62","","","","","","NA"
"-79.63","43.68","TORONTO INTL A","6158731","2023-11-03 18:00","2023","11","03","18:00","","12.7","","0.2","","42","","","","22","","22","","24.1","","99.64","","","","","","NA"
"-79.63","43.68","TORONTO INTL A","6158731","2023-11-03 19:00","2023","11","03","19:00","","13.0","","0.8","","43","","","","23","","29","","24.1","","99.68","","","","","","Cloudy"
"-79.63","43.68","TORONTO INTL A","6158731","2023-11-03 20:00","2023","11","03","20:00","","13.0","","0.1","","41","","","","26","","35","","24.1","","99.70","","","","","","Rain"
"-79.63","43.68","TORONTO INTL A","6158731","2023-11-03 21:00","2023","11","03","21:00","","12.3","","1.2","","46","","","","26","","32","","24.1","","99.79","","","","","","NA"
"-79.63","43.68","TORONTO INTL A","6158731","2023-11-03 22:00","2023","11","03","22:00","","11.9","","1.2","","48","","","","26","","26","","24.1","","99.86","","","","","","Cloudy"
"-79.63","43.68","TORONTO INTL A","6158731","2023-11-03 23:00","2023","11","03","23:00","","11.4","","1.3","","50","","","","24","","31","","24.1","","99.87","","","","","","NA"
"-79.63","43.68","TORONTO INTL A","6158731","2023-11-04 00:00","2023","11","04","00:00","","11.2","","1.7","","52","","","","25","","37","","24.1","","99.90","","","","","","NA"
"-79.63","43.68","TORONTO INTL A","6158731","2023-11-04 01:00","2023","11","04","01:00","","10.7","","1.9","","54","","","","25","","22","","24.1","","99.94","","","","","","Mostly Cloudy"
"-79.63","43.68","TORONTO INTL A","6158731","2023-11-04 02:00","2023","11","04","02:00","","10.1","","2.2","","58","","","","26","","21","","24.1","","99.92","","","","","","NA"
"-79.63","43.68","TORONTO INTL A","6158731","2023-11-04 03:00","2023","11","04","03:00","","9.6","","2.5","","61","","","","25","","21","","24.1","","99.88","","","","","","NA"
"-79.63","43.68","TORONTO INTL A","6158731","2023-11-04 04:00","2023","11","04","04:00","","8.8","","4.1","","73","","","","25","","15","","24.1","","99.92","","","","","","Rain"
"-79.63","43.68","TORONTO INTL A","6158731","2023-11-04 05:00","2023","11","04","05:00","","8.2","","5.2","","81","","","","29","","13","","19.3","","99.95","","","","","","Rain"
"-79.63","43.68","TORONTO INTL A","6158731","2023-11-04 06:00","2023","11","04","06:00","","7.7","","6.1","","89","","","","28","","9","","9.7","","99.98","","","","","","Rain,Fog"
"-79.63","43.68","TORONTO INTL A","6158731","2023-11-04 07:00","2023","11","04","07:00","","7.2","","6.5","","96","","","","27","","7","","12.9","","100.01","","","","","","Rain"
"-79.63","43.68","TORONTO INTL A","6158731","2023-11-04 08:00","2023","11","04","08:00","","7.6","","6.9","","95","","","","27","","4","","24.1","","100.06","","","","","","NA"
"-79.63","43.68","TORONTO INTL A","6158731","2023-11-04 09:00","2023","11","04","09:00","","8.4","","6.9","","90","","","","26","","5","","24.1","","100.09","","","","","","NA"
"-79.63","43.68","TORONTO INTL A","6158731","2023-11-04 10:00","2023","11","04","10:00","","9.6","","7.6","","87","","","","25","","5","","24.1","","100.07","","","","","","Mostly Cloudy"
"-79.63","43.68","TORONTO INTL A","6158731","2023-11-04 11:00","2023","11","04","11:00","","9.7","","6.4","","80","","","","36","","3","","24.1","","100.04","","","","","","NA"
"-79.63","43.68","TORONTO INTL A","6158731","2023-11-04 12:00","2023","11","04","12:00","","10.7","","7.0","","78","","","","33","","10","","19.3","","99.97","","","","","","NA"
"-79.63","43.68","TORONTO INTL A","6158731","2023-11-04 13:00","2023","11","04","13:00","","10.9","","6.1","","72","","","","31","","7","","24.1","","99.92","","","","","","Mostly Cloudy"
"-79.63","43.68","TORONTO INTL A","6158731","2023-11-04 14:00","2023","11","04","14:00","","10.5","","6.2","","75","","","","34","","13","","19.3","","99.88","","","","","","NA"
"-79.63","43.68","TORONTO INTL A","6158731","2023-11-04 15:00","2023","11","04","15:00","","10.3","","5.9","","74","","","","28","","8","","24.1","","99.87","","","","","","NA"
"-79.63","43.68","TORONTO INTL A","6158731","2023-11-04 16:00","2023","11","04","16:00","","10.6","","5.7","","72","","","","17","","4","","24.1","","99.83","","","","","","Mostly Cloudy"
"-79.63","43.68","TORONTO INTL A","6158731","2023-11-04 17:00","2023","11","04","17:00","","10.3","","6.1","","75","","","","14","","5","","24.1","","99.82","","","","","","NA"
"-79.63","43.68","TORONTO INTL A","6158731","2023-11-04 18:00","2023","11","04","18:00","","8.9","","6.7","","86","","","","16","","10","","24.1","","99.83","","","","","","NA"
"-79.63","43.68","TORONTO INTL A","6158731","2023-11-04 19:00","2023","11","04","19:00","","9.3","","6.6","","83","","","","19","","5","","24.1","","99.83","","","","","","Mostly Cloudy"
"-79.63","43.68","TORONTO INTL A","6158731","2023-11-04 20:00","2023","11","04","20:00","","9.6","","6.2","","79","","","","33","","10","","24.1","","99.86","","","","","","NA"
"-79.63","43.68","TORONTO INTL A","6158731","2023-11-04 21:00","2023","11","04","21:00","","8.0","","4.7","","80","","","","36","","16","","24.1","","99.86","","","","","","NA"
"-79.63","43.68","TORONTO INTL A","6158731","2023-11-04 22:00","2023","11","04","22:00","","7.7","","4.2","","78","","","","36","","19","","24.1","","99.86","","","","","","Cloudy"
"-79.63","43.68","TORONTO INTL A","6158731","2023-11-04 23:00","2023","11","04","23:00","","7.4","","4.0","","78","","","","36","","16","","24.1","","99.83","","","","","","NA"
"-79.63","43.68","TORONTO INTL A","6158731","2023-11-05 00:00","2023","11","05","00:00","","6.7","","3.5","","80","","","","1","","17","","24.1","","99.79","","","","","","NA"
"-79.63","43.68","TORONTO INTL A","6158731","2023-11-05 01:00","2023","11","05","01:00","","6.6","","3.0","","78","","","","35","","15","","24.1","","99.74","","","","","","Mostly Cloudy"
"-79.63","43.68","TORONTO INTL A","6158731","2023-11-05 02:00","2023","11","05","02:00","","5.4","","2.7","","83","","","","33","","17","","24.1","","99.77","","","","","","NA"
"-79.63","43.68","TORONTO INTL A","6158731","2023-11-05 03:00","2023","11","05","03:00","","5.2","","2.5","","83","","","","34","","15","","24.1","","99.81","","","","","","NA"
"-79.63","43.68","TORONTO INTL A","6158731","2023-11-05 04:00","2023","11","05","04:00","","4.0","","2.4","","89","","","","34","","15","","24.1","","99.81","","","","","","Mainly Clear"
"-79.63","43.68","TORONTO INTL A","6158731","2023-11-05 05:00","2023","11","05","05:00","","3.1","","1.8","","91","","","","31","","16","","24.1","","99.86","","","","","","NA"
"-79.63","43.68","TORONTO INTL A","6158731","2023-11-05 06:00","2023","11","05","06:00","","2.2","","0.0","","85","","","","31","","14","","24.1","","99.91","","","","","","NA"
"-79.63","43.68","TORONTO INTL A","6158731","2023-11-05 07:00","2023","11","05","07:00","","2.6","","-0.2","","82","","","","32","","12","","24.1","","99.96","","","","","","Mainly Clear"
"-79.63","43.68","TORONTO INTL A","6158731","2023-11-05 08:00","2023","11","05","08:00","","3.5","","0.2","","79","","","","31","","13","","24.1","","100.03","","","","","","NA"
"-79.63","43.68","TORONTO INTL A","6158731","2023-11-05 09:00","2023","11","05","09:00","","5.9","","0.1","","66","","","","31","","10","","24.1","","100.04","","","","","","NA"
"-79.63","43.68","TORONTO INTL A","6158731","2023-11-05 10:00","2023","11","05","10:00","","7.8","","0.3","","59","","","","32","","8","","24.1","","100.05","","","","","","Mainly Clear"
"-79.63","43.68","TORONTO INTL A","6158731","2023-11-05 11:00","2023","11","05","11:00","","8.4","","0.5","","58","","","","3","","13","","24.1","","100.05","","","","","","NA"
"-79.63","43.68","TORONTO INTL A","6158731","2023-11-05 12:00","2023","11","05","12:00","","8.7","","0.2","","55","","","","36","","12","","24.1","","100.03","","","","","","NA"
"-79.63","43.68","TORONTO INTL A","6158731","2023-11-05 13:00","2023","11","05","13:00","","8.6","","0.6","","57","","","","35","","8","","24.1","","100.00","","","","","","Mostly Cloudy"
"-79.63","43.68","TORONTO INTL A","6158731","2023-11-05 14:00","2023","11","05","14:00","","9.2","","0.0","","53","","","","35","","17","","24.1","","99.96","","","","","","NA"
"-79.63","43.68","TORONTO INTL A","6158731","2023-11-05 15:00","2023","11","05","15:00","","8.9","","0.1","","54","","","","3","","7","","24.1","","99.92","","","","","","NA"
"-79.63","43.68","TORONTO INTL A","6158731","2023-11-05 16:00","2023","11","05","16:00","","8.6","","0.4","","56","","","","6","","7","","24.1","","99.95","","","","","","Mostly Cloudy"
"-79.63","43.68","TORONTO INTL A","6158731","2023-11-05 17:00","2023","11","05","17:00","","7.8","","1.1","","62","","","","15","","9","","24.1","","99.96","","","","","","NA"
"-79.63","43.68","TORONTO INTL A","6158731","2023-11-05 18:00","2023","11","05","18:00","","7.7","","1.5","","65","","","","14","","10","","24.1","","99.99","","","","","","NA"
"-79.63","43.68","TORONTO INTL A","6158731","2023-11-05 19:00","2023","11","05","19:00","","7.4","","2.2","","69","","","","12","","7","","24.1","","100.03","","","","","","Mostly Cloudy"
"-79.63","43.68","TORONTO INTL A","6158731","2023-11-05 20:00","2023","11","05","20:00","","7.4","","1.9","","68","","","","14","","7","","24.1","","99.99","","","","","","NA"
"-79.63","43.68","TORONTO INTL A","6158731","2023-11-05 21:00","2023","11","05","21:00","","7.4","","2.7","","72","","","","16","","8","","24.1","","99.97","","","","","","NA"
"-79.63","43.68","TORONTO INTL A","6158731","2023-11-05 22:00","2023","11","05","22:00","","7.5","","3.4","","75","","","","15","","9","","24.1","","99.98","","","","","","Mostly Cloudy"
"-79.63","43.68","TORONTO INTL A","6158731","2023-11-05 23:00","2023","11","05","23:00","","7.7","","3.1","","73","","","","12","","7","","24.1","","99.95","","","","","","NA"
"-79.63","43.68","TORONTO INTL A","6158731","2023-11-06 00:00","2023","11","06","00:00","","7.3","","2.8","","73","","","","12","","8","","24.1","","99.89","","","","","","NA"
"-79.63","43.68","TORONTO INTL A","6158731","2023-11-06 01:00","2023","11","06","01:00","","7.5","","4.5","","81","","","","14","","9","","24.1","","99.88","","","","","","Cloudy"
"-79.63","43.68","TORONTO INTL A","6158731","2023-11-06 02:00","2023","11","06","02:00","","7.6","","4.5","","81","","","","15","","10","","24.1","","99.83","","","","","","NA"
"-79.63","43.68","TORONTO INTL A","6158731","2023-11-06 03:00","2023","11","06","03:00","","7.5","","4.4","","81","","","","14","","11","","24.1","","99.82","","","","","","Rain"
"-79.63","43.68","TORONTO INTL A","6158731","2023-11-06 04:00","2023","11","06","04:00","","7.3","","5.2","","86","","","","14","","10","","24.1","","99.79","","","","","","Rain"
"-79.63","43.68","TORONTO INTL A","6158731","2023-11-06 05:00","2023","11","06","05:00","","7.5","","5.0","","84","","","","14","","11","","24.1","","99.80","","","","","","NA"
"-79.63","43.68","TORONTO INTL A","6158731","2023-11-06 06:00","2023","11","06","06:00","","7.4","","5.2","","86","","","","15","","11","","24.1","","99.73","","","","","","Rain"
"-79.63","43.68","TORONTO INTL A","6158731","2023-11-06 07:00","2023","11","06","07:00","","7.4","","5.1","","85","","","","15","","10","","24.1","","99.66","","","","","","Cloudy"
"-79.63","43.68","TORONTO INTL A","6158731","2023-11-06 08:00","2023","11","06","08:00","","7.7","","5.4","","86","","","","14","","13","","24.1","","99.63","","","","","","NA"
"-79.63","43.68","TORONTO INTL A","6158731","2023-11-06 09:00","2023","11","06","09:00","","8.1","","5.2","","82","","","","15","","16","","24.1","","99.51","","","","","","NA"
"-79.63","43.68","TORONTO INTL A","6158731","2023-11-06 10:00","2023","11","06","10:00","","8.6","","5.0","","78","","","","15","","17","","24.1","","99.37","","","","","","Cloudy"
"-79.63","43.68","TORONTO INTL A","6158731","2023-11-06 11:00","2023","11","06","11:00","","9.2","","6.0","","80","","","","16","","13","","24.1","","99.24","","","","","","NA"
"-79.63","43.68","TORONTO INTL A","6158731","2023-11-06 12:00","2023","11","06","12:00","","9.0","","5.5","","79","","","","16","","13","","19.3","","99.10","","","","","","Rain"
"-79.63","43.68","TORONTO INTL A","6158731","2023-11-06 13:00","2023","11","06","13:00","","10.6","","7.8","","83","","","","15","","18","","24.1","","98.88","","","","","","Mostly Cloudy"
"-79.63","43.68","TORONTO INTL A","6158731","2023-11-06 14:00","2023","11","06","14:00","","11.5","","5.6","","67","","","","16","","22","","24.1","","98.71","","","","","","NA"
"-79.63","43.68","TORONTO INTL A","6158731","2023-11-06 15:00","2023","11","06","15:00","","10.4","","6.5","","76","","","","16","","18","","19.3","","98.59","","","","","","Moderate Rain"
"-79.63","43.68","TORONTO INTL A","6158731","2023-11-06 16:00","2023","11","06","16:00","","9.5","","7.2","","86","","","","15","","13","","16.1","","98.38","","","","","","Thunderstorms,Rain Showers"
"-79.63","43.68","TORONTO INTL A","6158731","2023-11-06 17:00","2023","11","06","17:00","","9.7","","7.5","","86","","","","13","","8","","24.1","","98.45","","","","","","Rain Showers"
"-79.63","43.68","TORONTO INTL A","6158731","2023-11-06 18:00","2023","11","06","18:00","","9.8","","7.8","","88","","","","12","","10","","24.1","","98.36","","","","","","NA"
"-79.63","43.68","TORONTO INTL A","6158731","2023-11-06 19:00","2023","11","06","19:00","","9.7","","7.8","","88","","","","15","","9","","24.1","","98.33","","","","","","Cloudy"
"-79.63","43.68","TORONTO INTL A","6158731","2023-11-06 20:00","2023","11","06","20:00","","11.2","","7.6","","78","","","","20","","19","","24.1","","98.24","","","","","","NA"
"-79.63","43.68","TORONTO INTL A","6158731","2023-11-06 21:00","2023","11","06","21:00","","12.4","","8.6","","77","","","","21","","19","","24.1","","98.20","","","","","","NA"
"-79.63","43.68","TORONTO INTL A","6158731","2023-11-06 22:00","2023","11","06","22:00","","12.8","","9.4","","80","","","","23","","18","","24.1","","98.16","","","","","","Mostly Cloudy"
"-79.63","43.68","TORONTO INTL A","6158731","2023-11-06 23:00","2023","11","06","23:00","","13.2","","9.9","","81","","","","24","","22","","24.1","","98.10","","","","","","NA"
"-79.63","43.68","TORONTO INTL A","6158731","2023-11-07 00:00","2023","11","07","00:00","","13.1","","10.2","","83","","","","23","","19","","24.1","","98.07","","","","","","NA"
"-79.63","43.68","TORONTO INTL A","6158731","2023-11-07 01:00","2023","11","07","01:00","","12.6","","10.7","","88","","","","24","","21","","24.1","","98.03","","","","","","Mainly Clear"
"-79.63","43.68","TORONTO INTL A","6158731","2023-11-07 02:00","2023","11","07","02:00","","13.0","","11.1","","88","","","","24","","26","","24.1","","98.00","","","","","","NA"
"-79.63","43.68","TORONTO INTL A","6158731","2023-11-07 03:00","2023","11","07","03:00","","12.1","","10.6","","90","","","","25","","21","","24.1","","98.04","","","","","","NA"
"-79.63","43.68","TORONTO INTL A","6158731","2023-11-07 04:00","2023","11","07","04:00","","11.9","","10.2","","89","","","","26","","23","","24.1","","98.10","","","","","","Mainly Clear"
"-79.63","43.68","TORONTO INTL A","6158731","2023-11-07 05:00","2023","11","07","05:00","","12.1","","8.7","","80","","","","31","","30","","24.1","","98.17","","","","","","Rain"
"-79.63","43.68","TORONTO INTL A","6158731","2023-11-07 06:00","2023","11","07","06:00","","11.6","","8.1","","79","","","","29","","20","","24.1","","98.28","","","","","","NA"
"-79.63","43.68","TORONTO INTL A","6158731","2023-11-07 07:00","2023","11","07","07:00","","10.5","","6.5","","76","","","","30","","33","","24.1","","98.43","","","","","","Mostly Cloudy"
"-79.63","43.68","TORONTO INTL A","6158731","2023-11-07 08:00","2023","11","07","08:00","","9.6","","4.7","","72","","","","30","","37","","24.1","","98.58","","","","","","NA"
"-79.63","43.68","TORONTO INTL A","6158731","2023-11-07 09:00","2023","11","07","09:00","","8.7","","3.5","","70","","","","30","","34","","24.1","","98.73","","","","","","NA"
"-79.63","43.68","TORONTO INTL A","6158731","2023-11-07 10:00","2023","11","07","10:00","","9.2","","4.0","","70","","","","29","","27","","24.1","","98.79","","","","","","Mostly Cloudy"
"-79.63","43.68","TORONTO INTL A","6158731","2023-11-07 11:00","2023","11","07","11:00","","8.9","","3.5","","69","","","","29","","26","","24.1","","98.88","","","","","","NA"
"-79.63","43.68","TORONTO INTL A","6158731","2023-11-07 12:00","2023","11","07","12:00","","8.2","","3.7","","73","","","","33","","24","","24.1","","98.96","","","","","","NA"
"-79.63","43.68","TORONTO INTL A","6158731","2023-11-07 13:00","2023","11","07","13:00","","7.7","","3.9","","77","","","","30","","27","","24.1","","99.02","","","","","","Mostly Cloudy"
"-79.63","43.68","TORONTO INTL A","6158731","2023-11-07 14:00","2023","11","07","14:00","","7.6","","1.7","","66","","","","32","","30","","24.1","","99.10","","","","","","NA"
"-79.63","43.68","TORONTO INTL A","6158731","2023-11-07 15:00","2023","11","07","15:00","","6.8","","1.6","","70","","","","34","","28","","24.1","","99.18","","","","","","NA"
"-79.63","43.68","TORONTO INTL A","6158731","2023-11-07 16:00","2023","11","07","16:00","","5.6","","1.7","","76","","","","35","","21","","24.1","","99.30","","","","","","Cloudy"
"-79.63","43.68","TORONTO INTL A","6158731","2023-11-07 17:00","2023","11","07","17:00","","4.5","","0.3","","74","","","","34","","28","","24.1","","99.45","","","","","","NA"
"-79.63","43.68","TORONTO INTL A","6158731","2023-11-07 18:00","2023","11","07","18:00","","4.3","","-1.2","","67","","","","34","","23","","24.1","","99.59","","","","","","NA"
"-79.63","43.68","TORONTO INTL A","6158731","2023-11-07 19:00","2023","11","07","19:00","","3.2","","-1.7","","70","","","","34","","26","","24.1","","99.74","","","","","","Mostly Cloudy"
"-79.63","43.68","TORONTO INTL A","6158731","2023-11-07 20:00","2023","11","07","20:00","","2.1","","-1.7","","76","","","","34","","22","","24.1","","99.78","","","","","","NA"
"-79.63","43.68","TORONTO INTL A","6158731","2023-11-07 21:00","2023","11","07","21:00","","1.3","","-2.2","","78","","","","36","","23","","24.1","","99.86","","","","","","NA"
"-79.63","43.68","TORONTO INTL A","6158731","2023-11-07 22:00","2023","11","07","22:00","","1.1","","-3.2","","73","","","","35","","22","","24.1","","99.92","","","","","","Mostly Cloudy"
"-79.63","43.68","TORONTO INTL A","6158731","2023-11-07 23:00","2023","11","07","23:00","","0.4","","-4.4","","70","","","","35","","27","","24.1","","99.96","","","","","","NA"
"-79.63","43.68","TORONTO INTL A","6158731","2023-11-08 00:00","2023","11","08","00:00","","-0.3","","-5.8","","66","","","","36","","24","","24.1","","99.99","","","","-6","","NA"
"-79.63","43.68","TORONTO INTL A","6158731","2023-11-08 01:00","2023","11","08","01:00","","-0.7","","-6.5","","65","","","","36","","18","","24.1","","100.08","","","","-6","","Mostly Cloudy"
"-79.63","43.68","TORONTO INTL A","6158731","2023-11-08 02:00","2023","11","08","02:00","","-1.1","","-6.7","","66","","","","1","","18","","24.1","","100.09","","","","-6","","NA"
"-79.63","43.68","TORONTO INTL A","6158731","2023-11-08 03:00","2023","11","08","03:00","","-1.6","","-7.4","","64","","","","34","","16","","24.1","","100.17","","","","-7","","NA"
"-79.63","43.68","TORONTO INTL A","6158731","2023-11-08 04:00","2023","11","08","04:00","","-2.1","","-7.4","","67","","","","36","","14","","24.1","","100.14","","","","-7","","Mainly Clear"
"-79.63","43.68","TORONTO INTL A","6158731","2023-11-08 05:00","2023","11","08","05:00","","-3.1","","-7.4","","72","","","","3","","13","","24.1","","100.15","","","","-8","","NA"
"-79.63","43.68","TORONTO INTL A","6158731","2023-11-08 06:00","2023","11","08","06:00","","-2.9","","-7.4","","71","","","","3","","12","","24.1","","100.18","","","","-7","","NA"
"-79.63","43.68","TORONTO INTL A","6158731","2023-11-08 07:00","2023","11","08","07:00","","-2.8","","-7.5","","70","","","","7","","3","","24.1","","100.19","","","","-4","","Mainly Clear"
"-79.63","43.68","TORONTO INTL A","6158731","2023-11-08 08:00","2023","11","08","08:00","","-1.6","","-7.8","","62","","","","7","","10","","24.1","","100.28","","","","-5","","NA"
"-79.63","43.68","TORONTO INTL A","6158731","2023-11-08 09:00","2023","11","08","09:00","","-1.0","","-8.5","","57","","","","7","","11","","24.1","","100.33","","","","-5","","NA"
"-79.63","43.68","TORONTO INTL A","6158731","2023-11-08 10:00","2023","11","08","10:00","","-0.7","","-8.4","","56","","","","5","","14","","24.1","","100.14","","","","-5","","Cloudy"
"-79.63","43.68","TORONTO INTL A","6158731","2023-11-08 11:00","2023","11","08","11:00","","-0.3","","-7.8","","57","","","","9","","16","","24.1","","100.00","","","","-5","","NA"
"-79.63","43.68","TORONTO INTL A","6158731","2023-11-08 12:00","2023","11","08","12:00","","0.5","","-5.4","","65","","","","13","","12","","24.1","","100.03","","","","","","NA"
"-79.63","43.68","TORONTO INTL A","6158731","2023-11-08 13:00","2023","11","08","13:00","","0.6","","-5.0","","66","","","","10","","16","","24.1","","99.96","","","","","","Ice Pellets"
"-79.63","43.68","TORONTO INTL A","6158731","2023-11-08 14:00","2023","11","08","14:00","","0.4","","-5.0","","67","","","","9","","7","","24.1","","99.99","","","","","","Ice Pellets"
"-79.63","43.68","TORONTO INTL A","6158731","2023-11-08 15:00","2023","11","08","15:00","","0.1","","-3.5","","77","","","","7","","16","","24.1","","99.88","","","","","","Rain,Ice Pellets"
"-79.63","43.68","TORONTO INTL A","6158731","2023-11-08 16:00","2023","11","08","16:00","","0.0","","-2.0","","86","","","","8","","17","","24.1","","99.70","","","","-5","","Rain,Ice Pellets"
"-79.63","43.68","TORONTO INTL A","6158731","2023-11-08 17:00","2023","11","08","17:00","","0.3","","-0.9","","92","","","","7","","13","","24.1","","99.58","","","","","","Rain"
"-79.63","43.68","TORONTO INTL A","6158731","2023-11-08 18:00","2023","11","08","18:00","","0.2","","-0.6","","94","","","","7","","12","","24.1","","99.56","","","","","","NA"
"-79.63","43.68","TORONTO INTL A","6158731","2023-11-08 19:00","2023","11","08","19:00","","0.6","","0.4","","99","","","","9","","12","","16.1","","99.38","","","","","","Rain"
"-79.63","43.68","TORONTO INTL A","6158731","2023-11-08 20:00","2023","11","08","20:00","","2.6","","1.9","","95","","","","10","","19","","19.3","","99.23","","","","","","Rain"
"-79.63","43.68","TORONTO INTL A","6158731","2023-11-08 21:00","2023","11","08","21:00","","3.2","","2.2","","94","","","","9","","21","","16.1","","99.09","","","","","","Rain"
"-79.63","43.68","TORONTO INTL A","6158731","2023-11-08 22:00","2023","11","08","22:00","","3.2","","1.9","","91","","","","9","","22","","24.1","","98.95","","","","","","Rain"
"-79.63","43.68","TORONTO INTL A","6158731","2023-11-08 23:00","2023","11","08","23:00","","3.4","","1.7","","89","","","","9","","25","","24.1","","98.79","","","","","","Thunderstorms,Rain Showers"
"-79.63","43.68","TORONTO INTL A","6158731","2023-11-09 00:00","2023","11","09","00:00","","3.4","","2.5","","93","","","","7","","22","","16.1","","98.71","","","","","","Rain"
"-79.63","43.68","TORONTO INTL A","6158731","2023-11-09 01:00","2023","11","09","01:00","","3.6","","3.0","","96","","","","10","","28","","9.7","","98.52","","","","","","Rain,Fog"
"-79.63","43.68","TORONTO INTL A","6158731","2023-11-09 02:00","2023","11","09","02:00","","4.0","","3.6","","97","","","","10","","25","","12.9","","98.41","","","","","","Rain"
"-79.63","43.68","TORONTO INTL A","6158731","2023-11-09 03:00","2023","11","09","03:00","","4.3","","3.9","","97","","","","11","","18","","24.1","","98.38","","","","","","NA"
"-79.63","43.68","TORONTO INTL A","6158731","2023-11-09 04:00","2023","11","09","04:00","","4.3","","4.1","","99","","","","10","","13","","8.1","","98.29","","","","","","Drizzle,Fog"
"-79.63","43.68","TORONTO INTL A","6158731","2023-11-09 05:00","2023","11","09","05:00","","4.4","","4.2","","99","","","","","","0","","8.1","","98.41","","","","","","Fog"
"-79.63","43.68","TORONTO INTL A","6158731","2023-11-09 06:00","2023","11","09","06:00","","4.4","","4.4","","100","","","","32","","13","","3.2","","98.47","","","","","","Drizzle,Fog"
"-79.63","43.68","TORONTO INTL A","6158731","2023-11-09 07:00","2023","11","09","07:00","","4.6","","4.5","","100","","","","31","","13","","9.7","","98.56","","","","","","Fog"
"-79.63","43.68","TORONTO INTL A","6158731","2023-11-09 08:00","2023","11","09","08:00","","4.8","","3.9","","94","","","","28","","11","","24.1","","98.71","","","","","","NA"
"-79.63","43.68","TORONTO INTL A","6158731","2023-11-09 09:00","2023","11","09","09:00","","5.9","","4.3","","89","","","","27","","17","","24.1","","98.82","","","","","","NA"
"-79.63","43.68","TORONTO INTL A","6158731","2023-11-09 10:00","2023","11","09","10:00","","6.8","","5.3","","90","","","","26","","18","","19.3","","98.89","","","","","","Cloudy"
"-79.63","43.68","TORONTO INTL A","6158731","2023-11-09 11:00","2023","11","09","11:00","","8.0","","5.5","","84","","","","26","","13","","24.1","","98.94","","","","","","NA"
"-79.63","43.68","TORONTO INTL A","6158731","2023-11-09 12:00","2023","11","09","12:00","","8.7","","4.6","","75","","","","28","","22","","24.1","","98.94","","","","","","NA"
"-79.63","43.68","TORONTO INTL A","6158731","2023-11-09 13:00","2023","11","09","13:00","","9.2","","4.6","","73","","","","27","","24","","24.1","","98.96","","","","","","Mostly Cloudy"
"-79.63","43.68","TORONTO INTL A","6158731","2023-11-09 14:00","2023","11","09","14:00","","9.6","","4.0","","68","","","","24","","19","","24.1","","98.98","","","","","","NA"
"-79.63","43.68","TORONTO INTL A","6158731","2023-11-09 15:00","2023","11","09","15:00","","10.4","","1.4","","53","","","","27","","35","","24.1","","98.97","","","","","","NA"
"-79.63","43.68","TORONTO INTL A","6158731","2023-11-09 16:00","2023","11","09","16:00","","10.0","","0.5","","51","","","","26","","35","","24.1","","99.02","","","","","","Clear"
"-79.63","43.68","TORONTO INTL A","6158731","2023-11-09 17:00","2023","11","09","17:00","","8.6","","0.3","","56","","","","26","","28","","24.1","","99.10","","","","","","NA"
"-79.63","43.68","TORONTO INTL A","6158731","2023-11-09 18:00","2023","11","09","18:00","","7.2","","0.1","","61","","","","25","","17","","24.1","","99.18","","","","","","NA"
"-79.63","43.68","TORONTO INTL A","6158731","2023-11-09 19:00","2023","11","09","19:00","","7.0","","-0.4","","59","","","","23","","16","","24.1","","99.23","","","","","","Clear"
"-79.63","43.68","TORONTO INTL A","6158731","2023-11-09 20:00","2023","11","09","20:00","","5.8","","-0.8","","63","","","","24","","14","","24.1","","99.25","","","","","","NA"
"-79.63","43.68","TORONTO INTL A","6158731","2023-11-09 21:00","2023","11","09","21:00","","5.8","","-1.2","","61","","","","25","","22","","24.1","","99.28","","","","","","NA"
"-79.63","43.68","TORONTO INTL A","6158731","2023-11-09 22:00","2023","11","09","22:00","","5.9","","-1.5","","59","","","","27","","21","","24.1","","99.33","","","","","","Mainly Clear"
"-79.63","43.68","TORONTO INTL A","6158731","2023-11-09 23:00","2023","11","09","23:00","","4.1","","-1.5","","67","","","","24","","16","","24.1","","99.39","","","","","","NA"
"-79.63","43.68","TORONTO INTL A","6158731","2023-11-10 00:00","2023","11","10","00:00","","5.5","","-2.0","","58","","","","27","","22","","24.1","","99.37","","","","","","NA"
"-79.63","43.68","TORONTO INTL A","6158731","2023-11-10 01:00","2023","11","10","01:00","","4.2","","-2.6","","61","","","","24","","14","","24.1","","99.41","","","","","","Mainly Clear"
"-79.63","43.68","TORONTO INTL A","6158731","2023-11-10 02:00","2023","11","10","02:00","","4.5","","-3.1","","58","","","","21","","9","","24.1","","99.43","","","","","","NA"
"-79.63","43.68","TORONTO INTL A","6158731","2023-11-10 03:00","2023","11","10","03:00","","3.4","","-2.3","","66","","","","23","","14","","24.1","","99.45","","","","","","NA"
"-79.63","43.68","TORONTO INTL A","6158731","2023-11-10 04:00","2023","11","10","04:00","","2.5","","-2.0","","72","","","","23","","12","","24.1","","99.48","","","","","","Mainly Clear"
"-79.63","43.68","TORONTO INTL A","6158731","2023-11-10 05:00","2023","11","10","05:00","","2.4","","-1.9","","73","","","","23","","7","","24.1","","99.52","","","","","","NA"
"-79.63","43.68","TORONTO INTL A","6158731","2023-11-10 06:00","2023","11","10","06:00","","1.3","","-1.8","","80","","","","24","","12","","24.1","","99.54","","","","","","NA"
"-79.63","43.68","TORONTO INTL A","6158731","2023-11-10 07:00","2023","11","10","07:00","","1.8","","-1.4","","79","","","","25","","17","","24.1","","99.59","","","","","","Mainly Clear"
"-79.63","43.68","TORONTO INTL A","6158731","2023-11-10 08:00","2023","11","10","08:00","","3.1","","-0.8","","75","","","","26","","10","","24.1","","99.63","","","","","","NA"
"-79.63","43.68","TORONTO INTL A","6158731","2023-11-10 09:00","2023","11","10","09:00","","4.8","","-0.4","","69","","","","25","","14","","24.1","","99.66","","","","","","NA"
"-79.63","43.68","TORONTO INTL A","6158731","2023-11-10 10:00","2023","11","10","10:00","","6.6","","-0.3","","61","","","","26","","18","","24.1","","99.62","","","","","","Mainly Clear"
"-79.63","43.68","TORONTO INTL A","6158731","2023-11-10 11:00","2023","11","10","11:00","","9.0","","-1.5","","47","","","","26","","34","","24.1","","99.63","","","","","","NA"
"-79.63","43.68","TORONTO INTL A","6158731","2023-11-10 12:00","2023","11","10","12:00","","10.1","","-2.0","","43","","","","27","","22","","24.1","","99.58","","","","","","NA"
"-79.63","43.68","TORONTO INTL A","6158731","2023-11-10 13:00","2023","11","10","13:00","","10.2","","-2.7","","40","","","","27","","31","","24.1","","99.53","","","","","","Mainly Clear"
"-79.63","43.68","TORONTO INTL A","6158731","2023-11-10 14:00","2023","11","10","14:00","","9.9","","-2.5","","42","","","","28","","22","","24.1","","99.56","","","","","","NA"
"-79.63","43.68","TORONTO INTL A","6158731","2023-11-10 15:00","2023","11","10","15:00","","9.6","","-2.8","","42","","","","28","","24","","24.1","","99.60","","","","","","NA"
"-79.63","43.68","TORONTO INTL A","6158731","2023-11-10 16:00","2023","11","10","16:00","","8.5","","-3.0","","44","","","","28","","28","","24.1","","99.68","","","","","","Mostly Cloudy"
"-79.63","43.68","TORONTO INTL A","6158731","2023-11-10 17:00","2023","11","10","17:00","","7.9","","-1.6","","51","","","","32","","27","","24.1","","99.78","","","","","","NA"
"-79.63","43.68","TORONTO INTL A","6158731","2023-11-10 18:00","2023","11","10","18:00","","7.5","","-1.4","","53","","","","30","","22","","24.1","","99.88","","","","","","NA"
"-79.63","43.68","TORONTO INTL A","6158731","2023-11-10 19:00","2023","11","10","19:00","","7.0","","-1.3","","55","","","","30","","17","","24.1","","99.93","","","","","","Mostly Cloudy"
"-79.63","43.68","TORONTO INTL A","6158731","2023-11-10 20:00","2023","11","10","20:00","","6.3","","-1.2","","59","","","","31","","16","","24.1","","99.96","","","","","","NA"
"-79.63","43.68","TORONTO INTL A","6158731","2023-11-10 21:00","2023","11","10","21:00","","6.3","","-1.0","","60","","","","30","","11","","24.1","","100.01","","","","","","NA"
"-79.63","43.68","TORONTO INTL A","6158731","2023-11-10 22:00","2023","11","10","22:00","","5.1","","-1.0","","64","","","","29","","11","","24.1","","100.07","","","","","","Mainly Clear"
"-79.63","43.68","TORONTO INTL A","6158731","2023-11-10 23:00","2023","11","10","23:00","","4.0","","-0.5","","73","","","","28","","10","","24.1","","100.15","","","","","","NA"
"-79.63","43.68","TORONTO INTL A","6158731","2023-11-11 00:00","2023","11","11","00:00","","3.8","","0.0","","76","","","","32","","16","","24.1","","100.20","","","","","","NA"
"-79.63","43.68","TORONTO INTL A","6158731","2023-11-11 01:00","2023","11","11","01:00","","3.0","","0.0","","80","","","","34","","16","","24.1","","100.28","","","","","","Mainly Clear"
"-79.63","43.68","TORONTO INTL A","6158731","2023-11-11 02:00","2023","11","11","02:00","","2.5","","0.6","","87","","","","34","","17","","24.1","","100.36","","","","","","NA"
"-79.63","43.68","TORONTO INTL A","6158731","2023-11-11 03:00","2023","11","11","03:00","","1.7","","-0.8","","84","","","","36","","19","","24.1","","100.42","","","","","","NA"
"-79.63","43.68","TORONTO INTL A","6158731","2023-11-11 04:00","2023","11","11","04:00","","0.6","","-2.2","","81","","","","2","","14","","24.1","","100.49","","","","","","Mainly Clear"
"-79.63","43.68","TORONTO INTL A","6158731","2023-11-11 05:00","2023","11","11","05:00","","0.5","","-1.8","","84","","","","1","","10","","24.1","","100.58","","","","","","NA"
"-79.63","43.68","TORONTO INTL A","6158731","2023-11-11 06:00","2023","11","11","06:00","","1.2","","-2.2","","78","","","","33","","14","","24.1","","100.66","","","","","","NA"
"-79.63","43.68","TORONTO INTL A","6158731","2023-11-11 07:00","2023","11","11","07:00","","0.4","","-2.9","","78","","","","36","","8","","24.1","","100.72","","","","","","Mainly Clear"
"-79.63","43.68","TORONTO INTL A","6158731","2023-11-11 08:00","2023","11","11","08:00","","0.8","","-2.4","","79","","","","35","","6","","24.1","","100.79","","","","","","NA"
"-79.63","43.68","TORONTO INTL A","6158731","2023-11-11 09:00","2023","11","11","09:00","","2.3","","-3.3","","66","","","","33","","15","","24.1","","100.87","","","","","","NA"
"-79.63","43.68","TORONTO INTL A","6158731","2023-11-11 10:00","2023","11","11","10:00","","2.3","","-3.5","","65","","","","35","","12","","24.1","","100.93","","","","","","Cloudy"
"-79.63","43.68","TORONTO INTL A","6158731","2023-11-11 11:00","2023","11","11","11:00","","2.6","","-3.3","","65","","","","3","","7","","24.1","","100.96","","","","","","NA"
"-79.63","43.68","TORONTO INTL A","6158731","2023-11-11 12:00","2023","11","11","12:00","","2.7","","-2.7","","67","","","","4","","4","","24.1","","100.95","","","","","","NA"
"-79.63","43.68","TORONTO INTL A","6158731","2023-11-11 13:00","2023","11","11","13:00","","3.0","","-2.7","","66","","","","2","","3","","24.1","","100.93","","","","","","Cloudy"
"-79.63","43.68","TORONTO INTL A","6158731","2023-11-11 14:00","2023","11","11","14:00","","3.2","","-2.6","","66","","","","5","","5","","24.1","","100.93","","","","","","NA"
"-79.63","43.68","TORONTO INTL A","6158731","2023-11-11 15:00","2023","11","11","15:00","","3.4","","-2.7","","64","","","","3","","7","","24.1","","100.95","","","","","","NA"
"-79.63","43.68","TORONTO INTL A","6158731","2023-11-11 16:00","2023","11","11","16:00","","3.2","","-1.6","","71","","","","14","","7","","24.1","","100.97","","","","","","Cloudy"
"-79.63","43.68","TORONTO INTL A","6158731","2023-11-11 17:00","2023","11","11","17:00","","2.9","","-1.4","","73","","","","14","","7","","24.1","","101.00","","","","","","NA"
"-79.63","43.68","TORONTO INTL A","6158731","2023-11-11 18:00","2023","11","11","18:00","","2.8","","-1.3","","74","","","","15","","8","","24.1","","101.05","","","","","","NA"
"-79.63","43.68","TORONTO INTL A","6158731","2023-11-11 19:00","2023","11","11","19:00","","2.8","","-1.2","","75","","","","9","","6","","24.1","","101.07","","","","","","Cloudy"
"-79.63","43.68","TORONTO INTL A","6158731","2023-11-11 20:00","2023","11","11","20:00","","2.8","","-1.5","","74","","","","7","","7","","24.1","","101.04","","","","","","NA"
"-79.63","43.68","TORONTO INTL A","6158731","2023-11-11 21:00","2023","11","11","21:00","","2.7","","-1.6","","73","","","","14","","6","","24.1","","101.09","","","","","","NA"
"-79.63","43.68","TORONTO INTL A","6158731","2023-11-11 22:00","2023","11","11","22:00","","2.9","","-1.7","","72","","","","36","","3","","24.1","","101.13","","","","","","Mostly Cloudy"
"-79.63","43.68","TORONTO INTL A","6158731","2023-11-11 23:00","2023","11","11","23:00","","2.4","","-3.1","","67","","","","4","","7","","24.1","","101.15","","","","","","NA"
"-79.63","43.68","TORONTO INTL A","6158731","2023-11-12 00:00","2023","11","12","00:00","","2.3","","-2.9","","68","","","","4","","8","","24.1","","101.17","","","","","","NA"
"-79.63","43.68","TORONTO INTL A","6158731","2023-11-12 01:00","2023","11","12","01:00","","2.5","","-4.0","","63","","","","7","","9","","24.1","","101.16","","","","","","Mostly Cloudy"
"-79.63","43.68","TORONTO INTL A","6158731","2023-11-12 02:00","2023","11","12","02:00","","2.1","","-3.5","","67","","","","6","","10","","24.1","","101.16","","","","","","NA"
"-79.63","43.68","TORONTO INTL A","6158731","2023-11-12 03:00","2023","11","12","03:00","","1.8","","-3.9","","66","","","","6","","9","","24.1","","101.18","","","","","","NA"
"-79.63","43.68","TORONTO INTL A","6158731","2023-11-12 04:00","2023","11","12","04:00","","1.5","","-4.0","","67","","","","7","","8","","24.1","","101.17","","","","","","Cloudy"
"-79.63","43.68","TORONTO INTL A","6158731","2023-11-12 05:00","2023","11","12","05:00","","0.8","","-4.8","","66","","","","6","","8","","24.1","","101.21","","","","","","NA"
"-79.63","43.68","TORONTO INTL A","6158731","2023-11-12 06:00","2023","11","12","06:00","","0.2","","-4.8","","69","","","","4","","11","","24.1","","101.26","","","","","","NA"
"-79.63","43.68","TORONTO INTL A","6158731","2023-11-12 07:00","2023","11","12","07:00","","-0.2","","-5.2","","69","","","","6","","8","","24.1","","101.28","","","","-3","","Cloudy"
"-79.63","43.68","TORONTO INTL A","6158731","2023-11-12 08:00","2023","11","12","08:00","","-0.3","","-5.1","","70","","","","5","","7","","24.1","","101.32","","","","-3","","NA"
"-79.63","43.68","TORONTO INTL A","6158731","2023-11-12 09:00","2023","11","12","09:00","","0.7","","-4.8","","67","","","","5","","11","","24.1","","101.33","","","","","","NA"
"-79.63","43.68","TORONTO INTL A","6158731","2023-11-12 10:00","2023","11","12","10:00","","2.1","","-3.8","","65","","","","13","","7","","24.1","","101.32","","","","","","Mostly Cloudy"
"-79.63","43.68","TORONTO INTL A","6158731","2023-11-12 11:00","2023","11","12","11:00","","4.0","","-3.3","","59","","","","20","","7","","24.1","","101.29","","","","","","NA"
"-79.63","43.68","TORONTO INTL A","6158731","2023-11-12 12:00","2023","11","12","12:00","","4.2","","-2.5","","62","","","","16","","5","","24.1","","101.22","","","","","","NA"
"-79.63","43.68","TORONTO INTL A","6158731","2023-11-12 13:00","2023","11","12","13:00","","5.1","","-2.0","","60","","","","18","","10","","24.1","","101.14","","","","","","Mainly Clear"
"-79.63","43.68","TORONTO INTL A","6158731","2023-11-12 14:00","2023","11","12","14:00","","4.5","","-2.3","","61","","","","15","","12","","24.1","","101.09","","","","","","NA"
"-79.63","43.68","TORONTO INTL A","6158731","2023-11-12 15:00","2023","11","12","15:00","","4.2","","-2.2","","63","","","","14","","11","","24.1","","101.09","","","","","","NA"
"-79.63","43.68","TORONTO INTL A","6158731","2023-11-12 16:00","2023","11","12","16:00","","3.6","","-2.4","","65","","","","13","","9","","24.1","","101.03","","","","","","Clear"
"-79.63","43.68","TORONTO INTL A","6158731","2023-11-12 17:00","2023","11","12","17:00","","2.6","","-2.3","","70","","","","12","","10","","24.1","","100.96","","","","","","NA"
"-79.63","43.68","TORONTO INTL A","6158731","2023-11-12 18:00","2023","11","12","18:00","","2.3","","-2.1","","73","","","","13","","6","","24.1","","100.98","","","","","","NA"
"-79.63","43.68","TORONTO INTL A","6158731","2023-11-12 19:00","2023","11","12","19:00","","2.1","","-2.1","","73","","","","12","","7","","24.1","","100.97","","","","","","Mostly Cloudy"
"-79.63","43.68","TORONTO INTL A","6158731","2023-11-12 20:00","2023","11","12","20:00","","2.2","","-2.1","","73","","","","12","","8","","24.1","","100.91","","","","","","NA"
"-79.63","43.68","TORONTO INTL A","6158731","2023-11-12 21:00","2023","11","12","21:00","","2.0","","-1.8","","76","","","","11","","6","","24.1","","100.87","","","","","","NA"
"-79.63","43.68","TORONTO INTL A","6158731","2023-11-12 22:00","2023","11","12","22:00","","1.8","","-1.7","","77","","","","10","","4","","24.1","","100.82","","","","","","Mainly Clear"
"-79.63","43.68","TORONTO INTL A","6158731","2023-11-12 23:00","2023","11","12","23:00","","2.0","","-1.2","","79","","","","13","","9","","24.1","","100.77","","","","","","NA"
"-79.63","43.68","TORONTO INTL A","6158731","2023-11-13 00:00","2023","11","13","00:00","","2.0","","-1.5","","77","","","","14","","7","","24.1","","100.74","","","","","","NA"
"-79.63","43.68","TORONTO INTL A","6158731","2023-11-13 01:00","2023","11","13","01:00","","2.2","","-0.7","","81","","","","14","","7","","24.1","","100.69","","","","","","Mainly Clear"
"-79.63","43.68","TORONTO INTL A","6158731","2023-11-13 02:00","2023","11","13","02:00","","2.7","","-0.1","","82","","","","16","","4","","24.1","","100.62","","","","","","NA"
"-79.63","43.68","TORONTO INTL A","6158731","2023-11-13 03:00","2023","11","13","03:00","","3.1","","0.1","","81","","","","16","","6","","24.1","","100.55","","","","","","NA"
"-79.63","43.68","TORONTO INTL A","6158731","2023-11-13 04:00","2023","11","13","04:00","","3.2","","0.6","","83","","","","10","","9","","24.1","","100.41","","","","","","Mostly Cloudy"
"-79.63","43.68","TORONTO INTL A","6158731","2023-11-13 05:00","2023","11","13","05:00","","3.2","","1.0","","85","","","","13","","9","","24.1","","100.32","","","","","","NA"
"-79.63","43.68","TORONTO INTL A","6158731","2023-11-13 06:00","2023","11","13","06:00","","3.7","","1.6","","86","","","","16","","10","","24.1","","100.25","","","","","","NA"
"-79.63","43.68","TORONTO INTL A","6158731","2023-11-13 07:00","2023","11","13","07:00","","3.8","","2.1","","89","","","","13","","9","","24.1","","100.12","","","","","","Mostly Cloudy"
"-79.63","43.68","TORONTO INTL A","6158731","2023-11-13 08:00","2023","11","13","08:00","","4.4","","3.0","","91","","","","15","","11","","24.1","","100.05","","","","","","NA"
"-79.63","43.68","TORONTO INTL A","6158731","2023-11-13 09:00","2023","11","13","09:00","","6.2","","2.1","","75","","","","17","","18","","24.1","","99.93","","","","","","NA"
"-79.63","43.68","TORONTO INTL A","6158731","2023-11-13 10:00","2023","11","13","10:00","","8.3","","3.1","","70","","","","22","","16","","24.1","","99.87","","","","","","Mainly Clear"
"-79.63","43.68","TORONTO INTL A","6158731","2023-11-13 11:00","2023","11","13","11:00","","10.3","","3.3","","62","","","","25","","15","","24.1","","99.77","","","","","","NA"
"-79.63","43.68","TORONTO INTL A","6158731","2023-11-13 12:00","2023","11","13","12:00","","11.8","","2.7","","54","","","","28","","17","","24.1","","99.70","","","","","","NA"
"-79.63","43.68","TORONTO INTL A","6158731","2023-11-13 13:00","2023","11","13","13:00","","13.2","","2.7","","48","","","","26","","27","","24.1","","99.64","","","","","","Mainly Clear"
"-79.63","43.68","TORONTO INTL A","6158731","2023-11-13 14:00","2023","11","13","14:00","","13.8","","2.2","","45","","","","28","","26","","24.1","","99.62","","","","","","NA"
"-79.63","43.68","TORONTO INTL A","6158731","2023-11-13 15:00","2023","11","13","15:00","","13.7","","-0.6","","37","","","","29","","34","","24.1","","99.64","","","","","","NA"
"-79.63","43.68","TORONTO INTL A","6158731","2023-11-13 16:00","2023","11","13","16:00","","12.3","","-0.6","","41","","","","28","","34","","24.1","","99.72","","","","","","Mainly Clear"
"-79.63","43.68","TORONTO INTL A","6158731","2023-11-13 17:00","2023","11","13","17:00","","10.5","","0.1","","48","","","","29","","25","","24.1","","99.78","","","","","","NA"
"-79.63","43.68","TORONTO INTL A","6158731","2023-11-13 18:00","2023","11","13","18:00","","10.1","","0.5","","51","","","","30","","47","","24.1","","99.87","","","","","","NA"
"-79.63","43.68","TORONTO INTL A","6158731","2023-11-13 19:00","2023","11","13","19:00","","8.8","","-0.3","","53","","","","31","","33","","24.1","","99.91","","","","","","Mostly Cloudy"
"-79.63","43.68","TORONTO INTL A","6158731","2023-11-13 20:00","2023","11","13","20:00","","7.7","","0.2","","59","","","","30","","20","","24.1","","99.98","","","","","","NA"
"-79.63","43.68","TORONTO INTL A","6158731","2023-11-13 21:00","2023","11","13","21:00","","7.0","","1.1","","66","","","","30","","23","","24.1","","100.02","","","","","","NA"
"-79.63","43.68","TORONTO INTL A","6158731","2023-11-13 22:00","2023","11","13","22:00","","6.6","","0.5","","65","","","","29","","30","","24.1","","100.05","","","","","","Clear"
"-79.63","43.68","TORONTO INTL A","6158731","2023-11-13 23:00","2023","11","13","23:00","","6.2","","0.6","","67","","","","31","","23","","24.1","","100.13","","","","","","NA"
"-79.63","43.68","TORONTO INTL A","6158731","2023-11-14 00:00","2023","11","14","00:00","","6.4","","0.6","","67","","","","31","","28","","24.1","","100.17","","","","","","NA"
"-79.63","43.68","TORONTO INTL A","6158731","2023-11-14 01:00","2023","11","14","01:00","","6.0","","0.8","","69","","","","29","","18","","24.1","","100.26","","","","","","Mostly Cloudy"
"-79.63","43.68","TORONTO INTL A","6158731","2023-11-14 02:00","2023","11","14","02:00","","5.9","","0.4","","68","","","","30","","22","","24.1","","100.36","","","","","","NA"
"-79.63","43.68","TORONTO INTL A","6158731","2023-11-14 03:00","2023","11","14","03:00","","5.0","","0.2","","71","","","","29","","16","","24.1","","100.42","","","","","","NA"
"-79.63","43.68","TORONTO INTL A","6158731","2023-11-14 04:00","2023","11","14","04:00","","3.5","","0.4","","80","","","","27","","15","","24.1","","100.47","","","","","","Mostly Cloudy"
"-79.63","43.68","TORONTO INTL A","6158731","2023-11-14 05:00","2023","11","14","05:00","","4.1","","0.9","","79","","","","28","","13","","24.1","","100.53","","","","","","NA"
"-79.63","43.68","TORONTO INTL A","6158731","2023-11-14 06:00","2023","11","14","06:00","","5.3","","-0.1","","68","","","","31","","14","","24.1","","100.61","","","","","","NA"
"-79.63","43.68","TORONTO INTL A","6158731","2023-11-14 07:00","2023","11","14","07:00","","4.6","","0.5","","75","","","","29","","12","","24.1","","100.68","","","","","","Mostly Cloudy"
"-79.63","43.68","TORONTO INTL A","6158731","2023-11-14 08:00","2023","11","14","08:00","","5.2","","0.2","","70","","","","32","","10","","24.1","","100.80","","","","","","NA"
"-79.63","43.68","TORONTO INTL A","6158731","2023-11-14 09:00","2023","11","14","09:00","","5.5","","-1.1","","62","","","","36","","10","","24.1","","100.85","","","","","","NA"
"-79.63","43.68","TORONTO INTL A","6158731","2023-11-14 10:00","2023","11","14","10:00","","6.0","","-1.3","","60","","","","33","","9","","24.1","","100.89","","","","","","Cloudy"
"-79.63","43.68","TORONTO INTL A","6158731","2023-11-14 11:00","2023","11","14","11:00","","6.0","","-1.9","","57","","","","29","","4","","24.1","","100.88","","","","","","NA"
"-79.63","43.68","TORONTO INTL A","6158731","2023-11-14 12:00","2023","11","14","12:00","","6.9","","-1.2","","56","","","","36","","4","","24.1","","100.83","","","","","","NA"
"-79.63","43.68","TORONTO INTL A","6158731","2023-11-14 13:00","2023","11","14","13:00","","8.2","","-1.2","","51","","","","20","","9","","24.1","","100.77","","","","","","Mainly Clear"
"-79.63","43.68","TORONTO INTL A","6158731","2023-11-14 14:00","2023","11","14","14:00","","9.1","","-1.1","","49","","","","26","","7","","24.1","","100.71","","","","","","NA"
"-79.63","43.68","TORONTO INTL A","6158731","2023-11-14 15:00","2023","11","14","15:00","","7.8","","-0.3","","57","","","","16","","16","","24.1","","100.71","","","","","","NA"
"-79.63","43.68","TORONTO INTL A","6158731","2023-11-14 16:00","2023","11","14","16:00","","7.1","","0.0","","61","","","","14","","12","","24.1","","100.68","","","","","","Mainly Clear"
"-79.63","43.68","TORONTO INTL A","6158731","2023-11-14 17:00","2023","11","14","17:00","","5.8","","0.4","","68","","","","16","","9","","24.1","","100.69","","","","","","NA"
"-79.63","43.68","TORONTO INTL A","6158731","2023-11-14 18:00","2023","11","14","18:00","","5.3","","1.3","","75","","","","15","","8","","24.1","","100.72","","","","","","NA"
"-79.63","43.68","TORONTO INTL A","6158731","2023-11-14 19:00","2023","11","14","19:00","","5.2","","1.5","","77","","","","16","","8","","24.1","","100.69","","","","","","Clear"
"-79.63","43.68","TORONTO INTL A","6158731","2023-11-14 20:00","2023","11","14","20:00","","5.0","","2.0","","81","","","","17","","8","","24.1","","100.63","","","","","","NA"
"-79.63","43.68","TORONTO INTL A","6158731","2023-11-14 21:00","2023","11","14","21:00","","5.0","","0.8","","74","","","","20","","10","","24.1","","100.60","","","","","","NA"
"-79.63","43.68","TORONTO INTL A","6158731","2023-11-14 22:00","2023","11","14","22:00","","4.6","","0.7","","75","","","","21","","7","","24.1","","100.59","","","","","","Mostly Cloudy"
"-79.63","43.68","TORONTO INTL A","6158731","2023-11-14 23:00","2023","11","14","23:00","","4.4","","0.9","","78","","","","22","","5","","24.1","","100.56","","","","","","NA"
"-79.63","43.68","TORONTO INTL A","6158731","2023-11-15 00:00","2023","11","15","00:00","","3.8","","0.9","","81","","","","17","","8","","24.1","","100.50","","","","","","NA"
"-79.63","43.68","TORONTO INTL A","6158731","2023-11-15 01:00","2023","11","15","01:00","","3.4","","1.0","","84","","","","22","","7","","24.1","","100.50","","","","","","Mainly Clear"
"-79.63","43.68","TORONTO INTL A","6158731","2023-11-15 02:00","2023","11","15","02:00","","3.1","","1.2","","87","","","","21","","7","","24.1","","100.47","","","","","","NA"
"-79.63","43.68","TORONTO INTL A","6158731","2023-11-15 03:00","2023","11","15","03:00","","2.9","","1.0","","87","","","","17","","3","","24.1","","100.42","","","","","","NA"
"-79.63","43.68","TORONTO INTL A","6158731","2023-11-15 04:00","2023","11","15","04:00","","3.1","","1.8","","91","","","","16","","6","","24.1","","100.38","","","","","","Mainly Clear"
"-79.63","43.68","TORONTO INTL A","6158731","2023-11-15 05:00","2023","11","15","05:00","","2.5","","2.0","","97","","","","16","","5","","24.1","","100.33","","","","","","NA"
"-79.63","43.68","TORONTO INTL A","6158731","2023-11-15 06:00","2023","11","15","06:00","","3.5","","3.0","","97","","","","17","","10","","24.1","","100.29","","","","","","NA"
"-79.63","43.68","TORONTO INTL A","6158731","2023-11-15 07:00","2023","11","15","07:00","","4.0","","3.5","","96","","","","16","","6","","24.1","","100.26","","","","","","Mostly Cloudy"
"-79.63","43.68","TORONTO INTL A","6158731","2023-11-15 08:00","2023","11","15","08:00","","4.8","","4.0","","94","","","","17","","9","","24.1","","100.23","","","","","","NA"
"-79.63","43.68","TORONTO INTL A","6158731","2023-11-15 09:00","2023","11","15","09:00","","6.0","","4.2","","88","","","","19","","8","","24.1","","100.22","","","","","","NA"
"-79.63","43.68","TORONTO INTL A","6158731","2023-11-15 10:00","2023","11","15","10:00","","7.6","","4.6","","81","","","","18","","7","","24.1","","100.15","","","","","","Mostly Cloudy"
"-79.63","43.68","TORONTO INTL A","6158731","2023-11-15 11:00","2023","11","15","11:00","","10.5","","3.2","","61","","","","22","","17","","24.1","","100.16","","","","","","NA"
"-79.63","43.68","TORONTO INTL A","6158731","2023-11-15 12:00","2023","11","15","12:00","","11.6","","1.7","","50","","","","23","","18","","24.1","","100.04","","","","","","NA"
"-79.63","43.68","TORONTO INTL A","6158731","2023-11-15 13:00","2023","11","15","13:00","","12.8","","1.8","","47","","","","23","","18","","24.1","","99.94","","","","","","Mainly Clear"
"-79.63","43.68","TORONTO INTL A","6158731","2023-11-15 14:00","2023","11","15","14:00","","14.6","","2.6","","44","","","","24","","16","","24.1","","99.86","","","","","","NA"
"-79.63","43.68","TORONTO INTL A","6158731","2023-11-15 15:00","2023","11","15","15:00","","14.6","","0.0","","37","","","","22","","16","","24.1","","99.80","","","","","","NA"
"-79.63","43.68","TORONTO INTL A","6158731","2023-11-15 16:00","2023","11","15","16:00","","13.9","","0.9","","41","","","","20","","20","","24.1","","99.79","","","","","","Clear"
"-79.63","43.68","TORONTO INTL A","6158731","2023-11-15 17:00","2023","11","15","17:00","","12.2","","0.5","","44","","","","22","","19","","24.1","","99.77","","","","","","NA"
"-79.63","43.68","TORONTO INTL A","6158731","2023-11-15 18:00","2023","11","15","18:00","","10.3","","1.5","","54","","","","24","","15","","24.1","","99.87","","","","","","NA"
"-79.63","43.68","TORONTO INTL A","6158731","2023-11-15 19:00","2023","11","15","19:00","","8.5","","1.9","","63","","","","26","","14","","24.1","","99.93","","","","","","Clear"
"-79.63","43.68","TORONTO INTL A","6158731","2023-11-15 20:00","2023","11","15","20:00","","8.4","","1.9","","64","","","","24","","6","","24.1","","99.97","","","","","","NA"
"-79.63","43.68","TORONTO INTL A","6158731","2023-11-15 21:00","2023","11","15","21:00","","7.8","","1.7","","65","","","","26","","4","","24.1","","99.99","","","","","","NA"
"-79.63","43.68","TORONTO INTL A","6158731","2023-11-15 22:00","2023","11","15","22:00","","6.7","","1.5","","69","","","","25","","12","","24.1","","100.03","","","","","","Clear"
"-79.63","43.68","TORONTO INTL A","6158731","2023-11-15 23:00","2023","11","15","23:00","","5.3","","1.4","","76","","","","24","","4","","24.1","","100.03","","","","","","NA"
"-79.63","43.68","TORONTO INTL A","6158731","2023-11-16 00:00","2023","11","16","00:00","","7.5","","1.6","","66","","","","24","","4","","24.1","","100.05","","","","","","NA"
"-79.63","43.68","TORONTO INTL A","6158731","2023-11-16 01:00","2023","11","16","01:00","","5.5","","1.7","","76","","","","26","","5","","24.1","","100.08","","","","","","Clear"
"-79.63","43.68","TORONTO INTL A","6158731","2023-11-16 02:00","2023","11","16","02:00","","3.8","","0.9","","82","","","","27","","6","","24.1","","100.08","","","","","","NA"
"-79.63","43.68","TORONTO INTL A","6158731","2023-11-16 03:00","2023","11","16","03:00","","4.6","","0.8","","76","","","","32","","7","","19.3","","100.10","","","","","","NA"
"-79.63","43.68","TORONTO INTL A","6158731","2023-11-16 04:00","2023","11","16","04:00","","3.8","","0.2","","78","","","","32","","8","","24.1","","100.11","","","","","","Clear"
"-79.63","43.68","TORONTO INTL A","6158731","2023-11-16 05:00","2023","11","16","05:00","","2.9","","-0.3","","80","","","","33","","5","","24.1","","100.14","","","","","","NA"
"-79.63","43.68","TORONTO INTL A","6158731","2023-11-16 06:00","2023","11","16","06:00","","2.3","","-0.2","","84","","","","33","","3","","24.1","","100.12","","","","","","NA"
"-79.63","43.68","TORONTO INTL A","6158731","2023-11-16 07:00","2023","11","16","07:00","","2.3","","-0.9","","79","","","","30","","10","","24.1","","100.16","","","","","","Clear"
"-79.63","43.68","TORONTO INTL A","6158731","2023-11-16 08:00","2023","11","16","08:00","","3.2","","-0.9","","74","","","","1","","6","","24.1","","100.21","","","","","","NA"
"-79.63","43.68","TORONTO INTL A","6158731","2023-11-16 09:00","2023","11","16","09:00","","6.7","","-0.9","","59","","","","","","0","","24.1","","100.19","","","","","","NA"
"-79.63","43.68","TORONTO INTL A","6158731","2023-11-16 10:00","2023","11","16","10:00","","9.4","","-0.3","","50","","","","","","0","","24.1","","100.17","","","","","","Mainly Clear"
"-79.63","43.68","TORONTO INTL A","6158731","2023-11-16 11:00","2023","11","16","11:00","","10.6","","-0.6","","46","","","","15","","8","","24.1","","100.11","","","","","","NA"
"-79.63","43.68","TORONTO INTL A","6158731","2023-11-16 12:00","2023","11","16","12:00","","10.8","","0.0","","47","","","","15","","10","","24.1","","100.02","","","","","","NA"
"-79.63","43.68","TORONTO INTL A","6158731","2023-11-16 13:00","2023","11","16","13:00","","11.3","","1.3","","50","","","","15","","13","","24.1","","99.94","","","","","","Mostly Cloudy"
"-79.63","43.68","TORONTO INTL A","6158731","2023-11-16 14:00","2023","11","16","14:00","","11.1","","1.9","","53","","","","14","","13","","24.1","","99.84","","","","","","NA"
"-79.63","43.68","TORONTO INTL A","6158731","2023-11-16 15:00","2023","11","16","15:00","","11.7","","2.5","","53","","","","14","","13","","24.1","","99.73","","","","","","NA"
"-79.63","43.68","TORONTO INTL A","6158731","2023-11-16 16:00","2023","11","16","16:00","","10.3","","3.4","","62","","","","14","","15","","24.1","","99.69","","","","","","Mostly Cloudy"
"-79.63","43.68","TORONTO INTL A","6158731","2023-11-16 17:00","2023","11","16","17:00","","8.4","","3.2","","70","","","","15","","11","","24.1","","99.60","","","","","","NA"
"-79.63","43.68","TORONTO INTL A","6158731","2023-11-16 18:00","2023","11","16","18:00","","7.5","","4.5","","82","","","","15","","12","","24.1","","99.58","","","","","","NA"
"-79.63","43.68","TORONTO INTL A","6158731","2023-11-16 19:00","2023","11","16","19:00","","7.5","","5.5","","87","","","","13","","7","","24.1","","99.53","","","","","","Mainly Clear"
"-79.63","43.68","TORONTO INTL A","6158731","2023-11-16 20:00","2023","11","16","20:00","","7.7","","5.8","","88","","","","14","","5","","16.1","","99.50","","","","","","NA"
"-79.63","43.68","TORONTO INTL A","6158731","2023-11-16 21:00","2023","11","16","21:00","","7.6","","6.0","","90","","","","15","","10","","16.1","","99.39","","","","","","NA"
"-79.63","43.68","TORONTO INTL A","6158731","2023-11-16 22:00","2023","11","16","22:00","","7.9","","5.8","","86","","","","15","","10","","19.3","","99.30","","","","","","Mostly Cloudy"
"-79.63","43.68","TORONTO INTL A","6158731","2023-11-16 23:00","2023","11","16","23:00","","8.3","","5.3","","81","","","","16","","8","","24.1","","99.20","","","","","","NA"
"-79.63","43.68","TORONTO INTL A","6158731","2023-11-17 00:00","2023","11","17","00:00","","8.0","","5.4","","84","","","","14","","12","","24.1","","99.09","","","","","","NA"
"-79.63","43.68","TORONTO INTL A","6158731","2023-11-17 01:00","2023","11","17","01:00","","8.7","","4.4","","74","","","","17","","9","","24.1","","98.99","","","","","","Mostly Cloudy"
"-79.63","43.68","TORONTO INTL A","6158731","2023-11-17 02:00","2023","11","17","02:00","","11.4","","3.2","","57","","","","20","","15","","24.1","","98.91","","","","","","NA"
"-79.63","43.68","TORONTO INTL A","6158731","2023-11-17 03:00","2023","11","17","03:00","","13.0","","2.6","","49","","","","19","","16","","24.1","","98.85","","","","","","NA"
"-79.63","43.68","TORONTO INTL A","6158731","2023-11-17 04:00","2023","11","17","04:00","","13.2","","2.3","","47","","","","18","","16","","24.1","","98.75","","","","","","Cloudy"
"-79.63","43.68","TORONTO INTL A","6158731","2023-11-17 05:00","2023","11","17","05:00","","12.9","","2.6","","50","","","","18","","17","","24.1","","98.69","","","","","","NA"
"-79.63","43.68","TORONTO INTL A","6158731","2023-11-17 06:00","2023","11","17","06:00","","13.7","","1.7","","44","","","","20","","22","","24.1","","98.61","","","","","","NA"
"-79.63","43.68","TORONTO INTL A","6158731","2023-11-17 07:00","2023","11","17","07:00","","13.8","","2.5","","46","","","","21","","21","","24.1","","98.55","","","","","","Cloudy"
"-79.63","43.68","TORONTO INTL A","6158731","2023-11-17 08:00","2023","11","17","08:00","","14.3","","5.5","","55","","","","21","","19","","24.1","","98.54","","","","","","NA"
"-79.63","43.68","TORONTO INTL A","6158731","2023-11-17 09:00","2023","11","17","09:00","","14.1","","7.7","","65","","","","22","","26","","24.1","","98.53","","","","","","NA"
"-79.63","43.68","TORONTO INTL A","6158731","2023-11-17 10:00","2023","11","17","10:00","","13.8","","8.6","","71","","","","22","","30","","24.1","","98.52","","","","","","Cloudy"
"-79.63","43.68","TORONTO INTL A","6158731","2023-11-17 11:00","2023","11","17","11:00","","13.9","","9.4","","74","","","","21","","21","","24.1","","98.47","","","","","","NA"
"-79.63","43.68","TORONTO INTL A","6158731","2023-11-17 12:00","2023","11","17","12:00","","14.1","","10.1","","77","","","","26","","17","","24.1","","98.48","","","","","","NA"
"-79.63","43.68","TORONTO INTL A","6158731","2023-11-17 13:00","2023","11","17","13:00","","8.7","","8.0","","95","","","","32","","29","","9.7","","98.64","","","","","","Rain,Fog"
"-79.63","43.68","TORONTO INTL A","6158731","2023-11-17 14:00","2023","11","17","14:00","","7.6","","5.6","","87","","","","32","","34","","19.3","","98.69","","","","","","Rain"
"-79.63","43.68","TORONTO INTL A","6158731","2023-11-17 15:00","2023","11","17","15:00","","7.2","","5.5","","88","","","","32","","27","","24.1","","98.74","","","","","","Rain"
"-79.63","43.68","TORONTO INTL A","6158731","2023-11-17 16:00","2023","11","17","16:00","","5.9","","3.4","","84","","","","36","","22","","24.1","","98.86","","","","","","Mostly Cloudy"
"-79.63","43.68","TORONTO INTL A","6158731","2023-11-17 17:00","2023","11","17","17:00","","5.2","","2.5","","82","","","","33","","31","","24.1","","98.98","","","","","","NA"
"-79.63","43.68","TORONTO INTL A","6158731","2023-11-17 18:00","2023","11","17","18:00","","4.7","","2.1","","83","","","","33","","22","","24.1","","99.11","","","","","","NA"
"-79.63","43.68","TORONTO INTL A","6158731","2023-11-17 19:00","2023","11","17","19:00","","3.8","","1.4","","85","","","","33","","16","","24.1","","99.17","","","","","","Mainly Clear"
"-79.63","43.68","TORONTO INTL A","6158731","2023-11-17 20:00","2023","11","17","20:00","","3.0","","0.4","","83","","","","31","","13","","24.1","","99.23","","","","","","NA"
"-79.63","43.68","TORONTO INTL A","6158731","2023-11-17 21:00","2023","11","17","21:00","","2.8","","-1.1","","75","","","","31","","15","","24.1","","99.25","","","","","","NA"
"-79.63","43.68","TORONTO INTL A","6158731","2023-11-17 22:00","2023","11","17","22:00","","2.0","","-1.7","","77","","","","30","","12","","24.1","","99.26","","","","","","Mainly Clear"
"-79.63","43.68","TORONTO INTL A","6158731","2023-11-17 23:00","2023","11","17","23:00","","2.4","","-3.2","","67","","","","30","","16","","24.1","","99.30","","","","","","NA"
"-79.63","43.68","TORONTO INTL A","6158731","2023-11-18 00:00","2023","11","18","00:00","","2.8","","-3.0","","66","","","","32","","11","","24.1","","99.34","","","","","","NA"
"-79.63","43.68","TORONTO INTL A","6158731","2023-11-18 01:00","2023","11","18","01:00","","2.2","","-2.7","","70","","","","31","","13","","24.1","","99.35","","","","","","Mostly Cloudy"
"-79.63","43.68","TORONTO INTL A","6158731","2023-11-18 02:00","2023","11","18","02:00","","1.4","","-2.5","","75","","","","28","","12","","24.1","","99.35","","","","","","NA"
"-79.63","43.68","TORONTO INTL A","6158731","2023-11-18 03:00","2023","11","18","03:00","","0.7","","-3.4","","74","","","","32","","13","","24.1","","99.37","","","","","","NA"
"-79.63","43.68","TORONTO INTL A","6158731","2023-11-18 04:00","2023","11","18","04:00","","-0.7","","-4.4","","76","","","","27","","9","","24.1","","99.39","","","","-4","","Clear"
"-79.63","43.68","TORONTO INTL A","6158731","2023-11-18 05:00","2023","11","18","05:00","","-2.2","","-4.7","","83","","","","27","","12","","24.1","","99.43","","","","-6","","NA"
"-79.63","43.68","TORONTO INTL A","6158731","2023-11-18 06:00","2023","11","18","06:00","","-2.1","","-5.1","","80","","","","27","","9","","24.1","","99.43","","","","-6","","NA"
"-79.63","43.68","TORONTO INTL A","6158731","2023-11-18 07:00","2023","11","18","07:00","","-1.9","","-5.1","","79","","","","26","","9","","24.1","","99.42","","","","-5","","Clear"
"-79.63","43.68","TORONTO INTL A","6158731","2023-11-18 08:00","2023","11","18","08:00","","-2.0","","-4.4","","84","","","","24","","3","","24.1","","99.43","","","","-3","","NA"
"-79.63","43.68","TORONTO INTL A","6158731","2023-11-18 09:00","2023","11","18","09:00","","1.8","","-2.7","","72","","","","27","","13","","24.1","","99.47","","","","","","NA"
"-79.63","43.68","TORONTO INTL A","6158731","2023-11-18 10:00","2023","11","18","10:00","","4.0","","-3.9","","57","","","","29","","13","","24.1","","99.47","","","","","","Mainly Clear"
"-79.63","43.68","TORONTO INTL A","6158731","2023-11-18 11:00","2023","11","18","11:00","","5.6","","-2.7","","55","","","","24","","15","","24.1","","99.40","","","","","","NA"
"-79.63","43.68","TORONTO INTL A","6158731","2023-11-18 12:00","2023","11","18","12:00","","6.7","","-2.5","","52","","","","25","","17","","24.1","","99.31","","","","","","NA"
"-79.63","43.68","TORONTO INTL A","6158731","2023-11-18 13:00","2023","11","18","13:00","","6.8","","-3.6","","47","","","","24","","19","","24.1","","99.22","","","","","","Mostly Cloudy"
"-79.63","43.68","TORONTO INTL A","6158731","2023-11-18 14:00","2023","11","18","14:00","","8.6","","-2.8","","45","","","","24","","27","","24.1","","99.12","","","","","","NA"
"-79.63","43.68","TORONTO INTL A","6158731","2023-11-18 15:00","2023","11","18","15:00","","7.6","","-3.3","","46","","","","24","","23","","24.1","","99.05","","","","","","NA"
"-79.63","43.68","TORONTO INTL A","6158731","2023-11-18 16:00","2023","11","18","16:00","","8.2","","-5.3","","38","","","","24","","20","","24.1","","98.98","","","","","","Mostly Cloudy"
"-79.63","43.68","TORONTO INTL A","6158731","2023-11-18 17:00","2023","11","18","17:00","","6.8","","-5.2","","42","","","","25","","21","","24.1","","98.97","","","","","","NA"
"-79.63","43.68","TORONTO INTL A","6158731","2023-11-18 18:00","2023","11","18","18:00","","6.2","","-4.9","","45","","","","24","","18","","24.1","","98.99","","","","","","NA"
"-79.63","43.68","TORONTO INTL A","6158731","2023-11-18 19:00","2023","11","18","19:00","","5.8","","-3.8","","50","","","","24","","23","","24.1","","98.97","","","","","","Mostly Cloudy"
"-79.63","43.68","TORONTO INTL A","6158731","2023-11-18 20:00","2023","11","18","20:00","","4.4","","-2.9","","59","","","","24","","20","","24.1","","98.95","","","","","","NA"
"-79.63","43.68","TORONTO INTL A","6158731","2023-11-18 21:00","2023","11","18","21:00","","4.0","","-2.5","","63","","","","25","","22","","24.1","","98.94","","","","","","NA"
"-79.63","43.68","TORONTO INTL A","6158731","2023-11-18 22:00","2023","11","18","22:00","","3.5","","-2.1","","67","","","","24","","22","","24.1","","98.92","","","","","","Clear"
"-79.63","43.68","TORONTO INTL A","6158731","2023-11-18 23:00","2023","11","18","23:00","","2.6","","-2.0","","71","","","","27","","16","","24.1","","98.92","","","","","","NA"
"-79.63","43.68","TORONTO INTL A","6158731","2023-11-19 00:00","2023","11","19","00:00","","2.2","","-1.7","","75","","","","27","","18","","24.1","","98.93","","","","","","NA"
"-79.63","43.68","TORONTO INTL A","6158731","2023-11-19 01:00","2023","11","19","01:00","","1.8","","-1.5","","79","","","","26","","16","","24.1","","98.94","","","","","","Clear"
"-79.63","43.68","TORONTO INTL A","6158731","2023-11-19 02:00","2023","11","19","02:00","","1.7","","-1.0","","82","","","","26","","16","","24.1","","98.94","","","","","","NA"
"-79.63","43.68","TORONTO INTL A","6158731","2023-11-19 03:00","2023","11","19","03:00","","0.8","","-1.4","","85","","","","27","","12","","24.1","","98.96","","","","","","NA"
"-79.63","43.68","TORONTO INTL A","6158731","2023-11-19 04:00","2023","11","19","04:00","","-0.5","","-1.9","","91","","","","26","","13","","24.1","","99.01","","","","-5","","Mainly Clear"
"-79.63","43.68","TORONTO INTL A","6158731","2023-11-19 05:00","2023","11","19","05:00","","-0.3","","-1.6","","91","","","","27","","13","","24.1","","99.03","","","","-4","","NA"
"-79.63","43.68","TORONTO INTL A","6158731","2023-11-19 06:00","2023","11","19","06:00","","-0.5","","-1.6","","92","","","","26","","14","","24.1","","99.03","","","","-5","","NA"
"-79.63","43.68","TORONTO INTL A","6158731","2023-11-19 07:00","2023","11","19","07:00","","0.3","","-1.8","","86","","","","27","","10","","24.1","","99.07","","","","","","Mainly Clear"
"-79.63","43.68","TORONTO INTL A","6158731","2023-11-19 08:00","2023","11","19","08:00","","0.1","","-1.8","","87","","","","27","","8","","24.1","","99.11","","","","","","NA"
"-79.63","43.68","TORONTO INTL A","6158731","2023-11-19 09:00","2023","11","19","09:00","","3.6","","0.4","","79","","","","26","","17","","24.1","","99.15","","","","","","NA"
"-79.63","43.68","TORONTO INTL A","6158731","2023-11-19 10:00","2023","11","19","10:00","","5.6","","-0.3","","66","","","","30","","32","","24.1","","99.20","","","","","","Mainly Clear"
"-79.63","43.68","TORONTO INTL A","6158731","2023-11-19 11:00","2023","11","19","11:00","","4.9","","-0.9","","66","","","","35","","36","","24.1","","99.29","","","","","","NA"
"-79.63","43.68","TORONTO INTL A","6158731","2023-11-19 12:00","2023","11","19","12:00","","4.7","","-2.7","","59","","","","36","","21","","24.1","","99.37","","","","","","NA"
"-79.63","43.68","TORONTO INTL A","6158731","2023-11-19 13:00","2023","11","19","13:00","","3.4","","-3.6","","60","","","","35","","20","","24.1","","99.42","","","","","","Mostly Cloudy"
"-79.63","43.68","TORONTO INTL A","6158731","2023-11-19 14:00","2023","11","19","14:00","","3.7","","-3.6","","59","","","","33","","21","","24.1","","99.46","","","","","","NA"
"-79.63","43.68","TORONTO INTL A","6158731","2023-11-19 15:00","2023","11","19","15:00","","3.7","","-4.0","","57","","","","34","","18","","24.1","","99.51","","","","","","NA"
"-79.63","43.68","TORONTO INTL A","6158731","2023-11-19 16:00","2023","11","19","16:00","","3.3","","-4.2","","58","","","","33","","21","","24.1","","99.59","","","","","","Mainly Clear"
"-79.63","43.68","TORONTO INTL A","6158731","2023-11-19 17:00","2023","11","19","17:00","","2.7","","-4.1","","61","","","","35","","21","","24.1","","99.69","","","","","","NA"
"-79.63","43.68","TORONTO INTL A","6158731","2023-11-19 18:00","2023","11","19","18:00","","2.0","","-5.4","","58","","","","35","","18","","24.1","","99.81","","","","","","NA"
"-79.63","43.68","TORONTO INTL A","6158731","2023-11-19 19:00","2023","11","19","19:00","","2.6","","-5.2","","56","","","","33","","25","","24.1","","99.90","","","","","","Mostly Cloudy"
"-79.63","43.68","TORONTO INTL A","6158731","2023-11-19 20:00","2023","11","19","20:00","","2.2","","-5.0","","59","","","","1","","19","","24.1","","99.97","","","","","","NA"
"-79.63","43.68","TORONTO INTL A","6158731","2023-11-19 21:00","2023","11","19","21:00","","1.4","","-5.7","","59","","","","1","","13","","24.1","","100.04","","","","","","NA"
"-79.63","43.68","TORONTO INTL A","6158731","2023-11-19 22:00","2023","11","19","22:00","","-0.3","","-6.0","","65","","","","3","","14","","24.1","","100.11","","","","-5","","Mainly Clear"
"-79.63","43.68","TORONTO INTL A","6158731","2023-11-19 23:00","2023","11","19","23:00","","-0.8","","-7.0","","63","","","","2","","15","","24.1","","100.20","","","","-5","","NA"
"-79.63","43.68","TORONTO INTL A","6158731","2023-11-20 00:00","2023","11","20","00:00","","-1.7","","-7.1","","66","","","","4","","8","","24.1","","100.29","","","","-5","","NA"
"-79.63","43.68","TORONTO INTL A","6158731","2023-11-20 01:00","2023","11","20","01:00","","-1.9","","-8.3","","62","","","","6","","10","","24.1","","100.38","","","","-6","","Mainly Clear"
"-79.63","43.68","TORONTO INTL A","6158731","2023-11-20 02:00","2023","11","20","02:00","","-2.5","","-8.7","","63","","","","6","","9","","24.1","","100.43","","","","-6","","NA"
"-79.63","43.68","TORONTO INTL A","6158731","2023-11-20 03:00","2023","11","20","03:00","","-2.7","","-9.8","","58","","","","6","","9","","24.1","","100.51","","","","-6","","NA"
"-79.63","43.68","TORONTO INTL A","6158731","2023-11-20 04:00","2023","11","20","04:00","","-3.4","","-9.6","","62","","","","6","","5","","24.1","","100.58","","","","-5","","Clear"
"-79.63","43.68","TORONTO INTL A","6158731","2023-11-20 05:00","2023","11","20","05:00","","-3.8","","-9.5","","65","","","","4","","8","","24.1","","100.64","","","","-7","","NA"
"-79.63","43.68","TORONTO INTL A","6158731","2023-11-20 06:00","2023","11","20","06:00","","-4.3","","-9.3","","68","","","","2","","7","","24.1","","100.74","","","","-7","","NA"
"-79.63","43.68","TORONTO INTL A","6158731","2023-11-20 07:00","2023","11","20","07:00","","-5.0","","-9.4","","71","","","","2","","10","","24.1","","100.83","","","","-9","","Clear"
"-79.63","43.68","TORONTO INTL A","6158731","2023-11-20 08:00","2023","11","20","08:00","","-4.3","","-8.4","","73","","","","2","","12","","24.1","","100.88","","","","-9","","NA"
"-79.63","43.68","TORONTO INTL A","6158731","2023-11-20 09:00","2023","11","20","09:00","","-2.9","","-8.9","","63","","","","2","","12","","24.1","","100.96","","","","-7","","NA"
"-79.63","43.68","TORONTO INTL A","6158731","2023-11-20 10:00","2023","11","20","10:00","","-1.9","","-8.4","","61","","","","4","","14","","24.1","","101.01","","","","-7","","Mainly Clear"
"-79.63","43.68","TORONTO INTL A","6158731","2023-11-20 11:00","2023","11","20","11:00","","-1.4","","-9.2","","55","","","","6","","11","","24.1","","101.03","","","","-5","","NA"
"-79.63","43.68","TORONTO INTL A","6158731","2023-11-20 12:00","2023","11","20","12:00","","-0.1","","-10.5","","46","","","","8","","10","","24.1","","101.02","","","","-3","","NA"
"-79.63","43.68","TORONTO INTL A","6158731","2023-11-20 13:00","2023","11","20","13:00","","","","","","","","","","","","","","","","","","","","","","NA"
"-79.63","43.68","TORONTO INTL A","6158731","2023-11-20 14:00","2023","11","20","14:00","","0.3","","-11.1","","42","","","","9","","12","","24.1","","101.00","","","","","","NA"
"-79.63","43.68","TORONTO INTL A","6158731","2023-11-20 15:00","2023","11","20","15:00","","-0.1","","-9.8","","48","","","","10","","10","","24.1","","100.98","","","","-3","","NA"
"-79.63","43.68","TORONTO INTL A","6158731","2023-11-20 16:00","2023","11","20","16:00","","-0.8","","-7.7","","60","","","","13","","11","","24.1","","101.03","","","","-5","","Mostly Cloudy"
"-79.63","43.68","TORONTO INTL A","6158731","2023-11-20 17:00","2023","11","20","17:00","","-1.2","","-8.6","","58","","","","7","","13","","24.1","","101.04","","","","-5","","NA"
"-79.63","43.68","TORONTO INTL A","6158731","2023-11-20 18:00","2023","11","20","18:00","","-1.2","","-7.9","","60","","","","8","","12","","24.1","","101.04","","","","-5","","NA"
"-79.63","43.68","TORONTO INTL A","6158731","2023-11-20 19:00","2023","11","20","19:00","","-0.9","","-7.8","","59","","","","7","","14","","24.1","","101.01","","","","-5","","Cloudy"
"-79.63","43.68","TORONTO INTL A","6158731","2023-11-20 20:00","2023","11","20","20:00","","-0.7","","-7.5","","60","","","","8","","13","","24.1","","100.99","","","","-5","","NA"
"-79.63","43.68","TORONTO INTL A","6158731","2023-11-20 21:00","2023","11","20","21:00","","-0.4","","-6.2","","65","","","","7","","13","","24.1","","100.96","","","","-5","","NA"
"-79.63","43.68","TORONTO INTL A","6158731","2023-11-20 22:00","2023","11","20","22:00","","-0.3","","-5.1","","70","","","","8","","12","","24.1","","100.95","","","","-4","","Mostly Cloudy"
"-79.63","43.68","TORONTO INTL A","6158731","2023-11-20 23:00","2023","11","20","23:00","","-1.9","","-5.8","","74","","","","5","","10","","24.1","","100.92","","","","-6","","NA"
"-79.63","43.68","TORONTO INTL A","6158731","2023-11-21 00:00","2023","11","21","00:00","","1.7","","-2.8","","72","","","","11","","21","","24.1","","100.92","","","","","","NA"
"-79.63","43.68","TORONTO INTL A","6158731","2023-11-21 01:00","2023","11","21","01:00","","1.3","","-2.3","","77","","","","10","","25","","24.1","","100.76","","","","","","Mostly Cloudy"
"-79.63","43.68","TORONTO INTL A","6158731","2023-11-21 02:00","2023","11","21","02:00","","1.0","","-4.3","","68","","","","11","","21","","24.1","","100.67","","","","","","NA"
"-79.63","43.68","TORONTO INTL A","6158731","2023-11-21 03:00","2023","11","21","03:00","","1.1","","-4.0","","69","","","","9","","18","","24.1","","100.57","","","","","","NA"
"-79.63","43.68","TORONTO INTL A","6158731","2023-11-21 04:00","2023","11","21","04:00","","1.6","","-3.8","","68","","","","10","","24","","24.1","","100.38","","","","","","Mainly Clear"
"-79.63","43.68","TORONTO INTL A","6158731","2023-11-21 05:00","2023","11","21","05:00","","2.2","","-4.3","","62","","","","11","","27","","24.1","","100.27","","","","","","NA"
"-79.63","43.68","TORONTO INTL A","6158731","2023-11-21 06:00","2023","11","21","06:00","","2.1","","-4.6","","61","","","","11","","25","","24.1","","100.17","","","","","","NA"
"-79.63","43.68","TORONTO INTL A","6158731","2023-11-21 07:00","2023","11","21","07:00","","2.4","","-4.3","","61","","","","11","","21","","24.1","","100.12","","","","","","Cloudy"
"-79.63","43.68","TORONTO INTL A","6158731","2023-11-21 08:00","2023","11","21","08:00","","2.7","","-4.0","","62","","","","10","","15","","24.1","","100.04","","","","","","NA"
"-79.63","43.68","TORONTO INTL A","6158731","2023-11-21 09:00","2023","11","21","09:00","","2.7","","-3.9","","62","","","","9","","26","","24.1","","99.93","","","","","","NA"
"-79.63","43.68","TORONTO INTL A","6158731","2023-11-21 10:00","2023","11","21","10:00","","2.5","","-1.7","","74","","","","11","","22","","24.1","","99.87","","","","","","Rain"
"-79.63","43.68","TORONTO INTL A","6158731","2023-11-21 11:00","2023","11","21","11:00","","2.2","","0.2","","87","","","","11","","21","","16.1","","99.76","","","","","","Rain"
"-79.63","43.68","TORONTO INTL A","6158731","2023-11-21 12:00","2023","11","21","12:00","","2.1","","1.0","","92","","","","10","","25","","16.1","","99.63","","","","","","NA"
"-79.63","43.68","TORONTO INTL A","6158731","2023-11-21 13:00","2023","11","21","13:00","","2.1","","1.7","","97","","","","10","","26","","9.7","","99.48","","","","","","Rain,Fog"
"-79.63","43.68","TORONTO INTL A","6158731","2023-11-21 14:00","2023","11","21","14:00","","2.4","","2.3","","100","","","","11","","20","","9.7","","99.40","","","","","","Rain,Fog"
"-79.63","43.68","TORONTO INTL A","6158731","2023-11-21 15:00","2023","11","21","15:00","","2.8","","2.8","","100","","","","11","","17","","16.1","","99.30","","","","","","Rain"
"-79.63","43.68","TORONTO INTL A","6158731","2023-11-21 16:00","2023","11","21","16:00","","3.3","","3.3","","100","","","","11","","16","","9.7","","99.20","","","","","","Rain,Fog"
"-79.63","43.68","TORONTO INTL A","6158731","2023-11-21 17:00","2023","11","21","17:00","","3.7","","3.7","","100","","","","11","","18","","9.7","","99.18","","","","","","Rain,Fog"
"-79.63","43.68","TORONTO INTL A","6158731","2023-11-21 18:00","2023","11","21","18:00","","4.0","","4.0","","100","","","","11","","21","","9.7","","99.12","","","","","","Drizzle,Fog"
"-79.63","43.68","TORONTO INTL A","6158731","2023-11-21 19:00","2023","11","21","19:00","","4.6","","4.6","","100","","","","12","","19","","4.8","","99.07","","","","","","Drizzle,Fog"
"-79.63","43.68","TORONTO INTL A","6158731","2023-11-21 20:00","2023","11","21","20:00","","5.0","","5.0","","100","","","","11","","17","","6.4","","99.01","","","","","","Drizzle,Fog"
"-79.63","43.68","TORONTO INTL A","6158731","2023-11-21 21:00","2023","11","21","21:00","","5.2","","5.2","","100","","","","12","","19","","6.4","","98.94","","","","","","Drizzle,Fog"
"-79.63","43.68","TORONTO INTL A","6158731","2023-11-21 22:00","2023","11","21","22:00","","5.4","","5.4","","100","","","","14","","10","","6.4","","98.87","","","","","","Rain,Drizzle,Fog"
"-79.63","43.68","TORONTO INTL A","6158731","2023-11-21 23:00","2023","11","21","23:00","","5.4","","5.4","","100","","","","13","","9","","8.1","","98.83","","","","","","Drizzle,Fog"
"-79.63","43.68","TORONTO INTL A","6158731","2023-11-22 00:00","2023","11","22","00:00","","5.6","","5.6","","100","","","","12","","8","","6.4","","98.78","","","","","","Rain,Fog"
"-79.63","43.68","TORONTO INTL A","6158731","2023-11-22 01:00","2023","11","22","01:00","","5.7","","5.7","","100","","","","11","","10","","3.2","","98.73","","","","","","Rain,Fog"
"-79.63","43.68","TORONTO INTL A","6158731","2023-11-22 02:00","2023","11","22","02:00","","5.8","","5.8","","100","","","","12","","8","","4.8","","98.71","","","","","","Rain,Fog"
"-79.63","43.68","TORONTO INTL A","6158731","2023-11-22 03:00","2023","11","22","03:00","","5.9","","5.9","","100","","","","11","","7","","1.6","","98.65","","","","","","Drizzle,Fog"
"-79.63","43.68","TORONTO INTL A","6158731","2023-11-22 04:00","2023","11","22","04:00","","6.1","","6.1","","100","","","","12","","8","","0.8","","98.62","","","","","","Drizzle,Fog"
"-79.63","43.68","TORONTO INTL A","6158731","2023-11-22 05:00","2023","11","22","05:00","","6.1","","6.1","","100","","","","13","","3","","0.8","","98.63","","","","","","Rain,Fog"
"-79.63","43.68","TORONTO INTL A","6158731","2023-11-22 06:00","2023","11","22","06:00","","6.1","","6.1","","100","","","","3","","5","","1.6","","98.65","","","","","","Rain,Fog"
"-79.63","43.68","TORONTO INTL A","6158731","2023-11-22 07:00","2023","11","22","07:00","","5.9","","5.9","","100","","","","36","","16","","3.2","","98.69","","","","","","Drizzle,Fog"
"-79.63","43.68","TORONTO INTL A","6158731","2023-11-22 08:00","2023","11","22","08:00","","5.8","","5.8","","100","","","","35","","17","","9.7","","98.73","","","","","","Fog"
"-79.63","43.68","TORONTO INTL A","6158731","2023-11-22 09:00","2023","11","22","09:00","","6.0","","6.0","","100","","","","34","","19","","9.7","","98.74","","","","","","Fog"
"-79.63","43.68","TORONTO INTL A","6158731","2023-11-22 10:00","2023","11","22","10:00","","6.0","","5.5","","96","","","","33","","28","","9.7","","98.78","","","","","","Fog"
"-79.63","43.68","TORONTO INTL A","6158731","2023-11-22 11:00","2023","11","22","11:00","","6.9","","5.4","","90","","","","32","","21","","24.1","","98.78","","","","","","NA"
"-79.63","43.68","TORONTO INTL A","6158731","2023-11-22 12:00","2023","11","22","12:00","","6.4","","4.3","","86","","","","33","","24","","24.1","","98.80","","","","","","NA"
"-79.63","43.68","TORONTO INTL A","6158731","2023-11-22 13:00","2023","11","22","13:00","","5.7","","3.0","","83","","","","34","","24","","24.1","","98.78","","","","","","Cloudy"
"-79.63","43.68","TORONTO INTL A","6158731","2023-11-22 14:00","2023","11","22","14:00","","4.7","","2.2","","83","","","","32","","28","","24.1","","98.79","","","","","","NA"
"-79.63","43.68","TORONTO INTL A","6158731","2023-11-22 15:00","2023","11","22","15:00","","4.5","","1.5","","81","","","","32","","22","","24.1","","98.80","","","","","","NA"
"-79.63","43.68","TORONTO INTL A","6158731","2023-11-22 16:00","2023","11","22","16:00","","4.0","","1.3","","83","","","","32","","21","","24.1","","98.88","","","","","","Cloudy"
"-79.63","43.68","TORONTO INTL A","6158731","2023-11-22 17:00","2023","11","22","17:00","","3.4","","-0.9","","73","","","","35","","19","","24.1","","98.91","","","","","","NA"
"-79.63","43.68","TORONTO INTL A","6158731","2023-11-22 18:00","2023","11","22","18:00","","2.2","","-1.1","","79","","","","31","","11","","24.1","","98.96","","","","","","NA"
"-79.63","43.68","TORONTO INTL A","6158731","2023-11-22 19:00","2023","11","22","19:00","","2.7","","-0.5","","79","","","","29","","7","","24.1","","99.02","","","","","","Mostly Cloudy"
"-79.63","43.68","TORONTO INTL A","6158731","2023-11-22 20:00","2023","11","22","20:00","","3.7","","0.6","","80","","","","29","","16","","24.1","","99.04","","","","","","NA"
"-79.63","43.68","TORONTO INTL A","6158731","2023-11-22 21:00","2023","11","22","21:00","","2.2","","-0.5","","82","","","","27","","13","","24.1","","99.07","","","","","","NA"
"-79.63","43.68","TORONTO INTL A","6158731","2023-11-22 22:00","2023","11","22","22:00","","2.2","","-0.7","","81","","","","28","","13","","24.1","","99.08","","","","","","Mostly Cloudy"
"-79.63","43.68","TORONTO INTL A","6158731","2023-11-22 23:00","2023","11","22","23:00","","2.3","","-0.2","","84","","","","24","","12","","24.1","","99.06","","","","","","NA"
"-79.63","43.68","TORONTO INTL A","6158731","2023-11-23 00:00","2023","11","23","00:00","","2.4","","0.2","","85","","","","25","","12","","24.1","","99.05","","","","","","NA"
"-79.63","43.68","TORONTO INTL A","6158731","2023-11-23 01:00","2023","11","23","01:00","","2.9","","0.8","","86","","","","22","","7","","24.1","","99.01","","","","","","Cloudy"
"-79.63","43.68","TORONTO INTL A","6158731","2023-11-23 02:00","2023","11","23","02:00","","3.4","","1.0","","84","","","","22","","14","","24.1","","99.01","","","","","","NA"
"-79.63","43.68","TORONTO INTL A","6158731","2023-11-23 03:00","2023","11","23","03:00","","3.7","","1.0","","82","","","","20","","14","","24.1","","98.98","","","","","","NA"
"-79.63","43.68","TORONTO INTL A","6158731","2023-11-23 04:00","2023","11","23","04:00","","3.8","","0.8","","80","","","","21","","12","","24.1","","98.99","","","","","","Cloudy"
"-79.63","43.68","TORONTO INTL A","6158731","2023-11-23 05:00","2023","11","23","05:00","","4.0","","0.6","","79","","","","20","","13","","24.1","","98.92","","","","","","NA"
"-79.63","43.68","TORONTO INTL A","6158731","2023-11-23 06:00","2023","11","23","06:00","","4.2","","0.7","","78","","","","19","","14","","24.1","","98.91","","","","","","NA"
"-79.63","43.68","TORONTO INTL A","6158731","2023-11-23 07:00","2023","11","23","07:00","","4.3","","0.7","","77","","","","22","","16","","24.1","","98.92","","","","","","Mostly Cloudy"
"-79.63","43.68","TORONTO INTL A","6158731","2023-11-23 08:00","2023","11","23","08:00","","4.8","","0.7","","75","","","","24","","26","","24.1","","98.96","","","","","","NA"
"-79.63","43.68","TORONTO INTL A","6158731","2023-11-23 09:00","2023","11","23","09:00","","5.2","","0.5","","72","","","","25","","27","","24.1","","98.95","","","","","","NA"
"-79.63","43.68","TORONTO INTL A","6158731","2023-11-23 10:00","2023","11","23","10:00","","5.5","","1.0","","73","","","","25","","25","","24.1","","98.99","","","","","","Mostly Cloudy"
"-79.63","43.68","TORONTO INTL A","6158731","2023-11-23 11:00","2023","11","23","11:00","","5.8","","0.9","","71","","","","25","","22","","24.1","","99.02","","","","","","NA"
"-79.63","43.68","TORONTO INTL A","6158731","2023-11-23 12:00","2023","11","23","12:00","","6.0","","1.2","","71","","","","25","","25","","24.1","","99.01","","","","","","NA"
"-79.63","43.68","TORONTO INTL A","6158731","2023-11-23 13:00","2023","11","23","13:00","","6.2","","1.3","","71","","","","26","","24","","24.1","","98.98","","","","","","Cloudy"
"-79.63","43.68","TORONTO INTL A","6158731","2023-11-23 14:00","2023","11","23","14:00","","6.2","","1.4","","71","","","","25","","20","","24.1","","99.03","","","","","","NA"
"-79.63","43.68","TORONTO INTL A","6158731","2023-11-23 15:00","2023","11","23","15:00","","6.4","","1.3","","70","","","","26","","23","","24.1","","99.13","","","","","","NA"
"-79.63","43.68","TORONTO INTL A","6158731","2023-11-23 16:00","2023","11","23","16:00","","6.5","","-0.4","","62","","","","28","","26","","24.1","","99.19","","","","","","Cloudy"
"-79.63","43.68","TORONTO INTL A","6158731","2023-11-23 17:00","2023","11","23","17:00","","6.0","","-1.1","","61","","","","29","","29","","24.1","","99.32","","","","","","NA"
"-79.63","43.68","TORONTO INTL A","6158731","2023-11-23 18:00","2023","11","23","18:00","","4.9","","-1.0","","66","","","","31","","28","","24.1","","99.42","","","","","","NA"
"-79.63","43.68","TORONTO INTL A","6158731","2023-11-23 19:00","2023","11","23","19:00","","3.8","","-2.6","","63","","","","31","","30","","24.1","","99.54","","","","","","Mostly Cloudy"
"-79.63","43.68","TORONTO INTL A","6158731","2023-11-23 20:00","2023","11","23","20:00","","3.0","","-4.1","","59","","","","31","","31","","24.1","","99.66","","","","","","NA"
"-79.63","43.68","TORONTO INTL A","6158731","2023-11-23 21:00","2023","11","23","21:00","","2.1","","-5.8","","56","","","","30","","30","","24.1","","99.74","","","","","","NA"
"-79.63","43.68","TORONTO INTL A","6158731","2023-11-23 22:00","2023","11","23","22:00","","1.7","","-5.7","","58","","","","31","","26","","24.1","","99.81","","","","","","Mostly Cloudy"
"-79.63","43.68","TORONTO INTL A","6158731","2023-11-23 23:00","2023","11","23","23:00","","1.1","","-6.7","","56","","","","30","","30","","24.1","","99.86","","","","","","NA"
"-79.63","43.68","TORONTO INTL A","6158731","2023-11-24 00:00","2023","11","24","00:00","","0.7","","-7.4","","55","","","","33","","28","","24.1","","99.88","","","","","","NA"
"-79.63","43.68","TORONTO INTL A","6158731","2023-11-24 01:00","2023","11","24","01:00","","0.9","","-7.3","","55","","","","33","","22","","24.1","","99.92","","","","","","Mostly Cloudy"
"-79.63","43.68","TORONTO INTL A","6158731","2023-11-24 02:00","2023","11","24","02:00","","0.7","","-6.9","","57","","","","32","","21","","24.1","","99.95","","","","","","NA"
"-79.63","43.68","TORONTO INTL A","6158731","2023-11-24 03:00","2023","11","24","03:00","","0.2","","-7.7","","56","","","","31","","31","","24.1","","100.02","","","","","","NA"
"-79.63","43.68","TORONTO INTL A","6158731","2023-11-24 04:00","2023","11","24","04:00","","0.0","","-7.5","","57","","","","32","","27","","24.1","","100.05","","","","-6","","Mostly Cloudy"
"-79.63","43.68","TORONTO INTL A","6158731","2023-11-24 05:00","2023","11","24","05:00","","-0.4","","-7.8","","57","","","","32","","30","","24.1","","100.12","","","","-7","","NA"
"-79.63","43.68","TORONTO INTL A","6158731","2023-11-24 06:00","2023","11","24","06:00","","-1.8","","-6.0","","73","","","","35","","23","","24.1","","100.19","","","","-8","","NA"
"-79.63","43.68","TORONTO INTL A","6158731","2023-11-24 07:00","2023","11","24","07:00","","-2.5","","-6.6","","73","","","","36","","20","","24.1","","100.32","","","","-8","","Mostly Cloudy"
"-79.63","43.68","TORONTO INTL A","6158731","2023-11-24 08:00","2023","11","24","08:00","","-3.1","","-7.7","","70","","","","1","","23","","24.1","","100.42","","","","-10","","NA"
"-79.63","43.68","TORONTO INTL A","6158731","2023-11-24 09:00","2023","11","24","09:00","","-2.8","","-8.1","","67","","","","1","","15","","24.1","","100.46","","","","-8","","NA"
"-79.63","43.68","TORONTO INTL A","6158731","2023-11-24 10:00","2023","11","24","10:00","","-2.7","","-9.2","","61","","","","2","","6","","24.1","","100.52","","","","-5","","Mostly Cloudy"
"-79.63","43.68","TORONTO INTL A","6158731","2023-11-24 11:00","2023","11","24","11:00","","-1.9","","-8.1","","62","","","","","","0","","24.1","","100.54","","","","","","NA"
"-79.63","43.68","TORONTO INTL A","6158731","2023-11-24 12:00","2023","11","24","12:00","","0.2","","-7.2","","57","","","","26","","14","","24.1","","100.51","","","","","","NA"
"-79.63","43.68","TORONTO INTL A","6158731","2023-11-24 13:00","2023","11","24","13:00","","-0.2","","-8.0","","56","","","","29","","24","","24.1","","100.50","","","","-6","","Mostly Cloudy"
"-79.63","43.68","TORONTO INTL A","6158731","2023-11-24 14:00","2023","11","24","14:00","","-0.1","","-9.1","","51","","","","30","","25","","24.1","","100.48","","","","-6","","NA"
"-79.63","43.68","TORONTO INTL A","6158731","2023-11-24 15:00","2023","11","24","15:00","","-0.1","","-9.2","","51","","","","31","","23","","24.1","","100.51","","","","-6","","NA"
"-79.63","43.68","TORONTO INTL A","6158731","2023-11-24 16:00","2023","11","24","16:00","","-0.4","","-9.7","","50","","","","30","","21","","24.1","","100.54","","","","-6","","Mostly Cloudy"
"-79.63","43.68","TORONTO INTL A","6158731","2023-11-24 17:00","2023","11","24","17:00","","-1.0","","-9.8","","52","","","","30","","30","","24.1","","100.58","","","","-8","","NA"
"-79.63","43.68","TORONTO INTL A","6158731","2023-11-24 18:00","2023","11","24","18:00","","-1.4","","-8.5","","59","","","","30","","27","","24.1","","100.65","","","","-8","","NA"
"-79.63","43.68","TORONTO INTL A","6158731","2023-11-24 19:00","2023","11","24","19:00","","-2.3","","-7.9","","66","","","","28","","18","","24.1","","100.69","","","","-8","","Mainly Clear"
"-79.63","43.68","TORONTO INTL A","6158731","2023-11-24 20:00","2023","11","24","20:00","","-2.8","","-7.4","","71","","","","27","","16","","24.1","","100.71","","","","-8","","NA"
"-79.63","43.68","TORONTO INTL A","6158731","2023-11-24 21:00","2023","11","24","21:00","","-3.2","","-7.1","","75","","","","26","","14","","24.1","","100.72","","","","-8","","NA"
"-79.63","43.68","TORONTO INTL A","6158731","2023-11-24 22:00","2023","11","24","22:00","","-4.0","","-6.8","","81","","","","26","","14","","24.1","","100.72","","","","-9","","Mainly Clear"
"-79.63","43.68","TORONTO INTL A","6158731","2023-11-24 23:00","2023","11","24","23:00","","-3.9","","-6.7","","80","","","","25","","18","","24.1","","100.76","","","","-10","","NA"
"-79.63","43.68","TORONTO INTL A","6158731","2023-11-25 00:00","2023","11","25","00:00","","-3.3","","-6.6","","78","","","","26","","18","","24.1","","100.77","","","","-9","","NA"
"-79.63","43.68","TORONTO INTL A","6158731","2023-11-25 01:00","2023","11","25","01:00","","-3.9","","-7.2","","78","","","","25","","14","","24.1","","100.78","","","","-9","","Mainly Clear"
"-79.63","43.68","TORONTO INTL A","6158731","2023-11-25 02:00","2023","11","25","02:00","","-4.7","","-7.3","","82","","","","25","","13","","24.1","","100.78","","","","-10","","NA"
"-79.63","43.68","TORONTO INTL A","6158731","2023-11-25 03:00","2023","11","25","03:00","","-3.3","","-6.5","","79","","","","26","","15","","24.1","","100.77","","","","-8","","NA"
"-79.63","43.68","TORONTO INTL A","6158731","2023-11-25 04:00","2023","11","25","04:00","","-4.0","","-7.2","","78","","","","26","","13","","24.1","","100.77","","","","-9","","Mainly Clear"
"-79.63","43.68","TORONTO INTL A","6158731","2023-11-25 05:00","2023","11","25","05:00","","-3.6","","-7.0","","78","","","","25","","10","","24.1","","100.74","","","","-8","","NA"
"-79.63","43.68","TORONTO INTL A","6158731","2023-11-25 06:00","2023","11","25","06:00","","-2.4","","-6.3","","75","","","","24","","8","","24.1","","100.71","","","","-6","","NA"
"-79.63","43.68","TORONTO INTL A","6158731","2023-11-25 07:00","2023","11","25","07:00","","-3.2","","-6.7","","77","","","","22","","10","","24.1","","100.74","","","","-7","","Mainly Clear"
"-79.63","43.68","TORONTO INTL A","6158731","2023-11-25 08:00","2023","11","25","08:00","","-2.9","","-6.1","","79","","","","23","","11","","24.1","","100.76","","","","-7","","NA"
"-79.63","43.68","TORONTO INTL A","6158731","2023-11-25 09:00","2023","11","25","09:00","","-0.1","","-4.9","","70","","","","28","","13","","24.1","","100.77","","","","-4","","NA"
"-79.63","43.68","TORONTO INTL A","6158731","2023-11-25 10:00","2023","11","25","10:00","","0.1","","-4.8","","70","","","","24","","10","","24.1","","100.79","","","","","","Cloudy"
"-79.63","43.68","TORONTO INTL A","6158731","2023-11-25 11:00","2023","11","25","11:00","","0.8","","-5.0","","65","","","","27","","16","","24.1","","100.78","","","","","","NA"
"-79.63","43.68","TORONTO INTL A","6158731","2023-11-25 12:00","2023","11","25","12:00","","1.7","","-5.2","","60","","","","25","","19","","24.1","","100.71","","","","","","NA"
"-79.63","43.68","TORONTO INTL A","6158731","2023-11-25 13:00","2023","11","25","13:00","","2.4","","-5.4","","56","","","","21","","14","","24.1","","100.60","","","","","","Mainly Clear"
"-79.63","43.68","TORONTO INTL A","6158731","2023-11-25 14:00","2023","11","25","14:00","","3.2","","-5.2","","54","","","","25","","9","","24.1","","100.51","","","","","","NA"
"-79.63","43.68","TORONTO INTL A","6158731","2023-11-25 15:00","2023","11","25","15:00","","3.2","","-6.2","","50","","","","22","","10","","24.1","","100.45","","","","","","NA"
"-79.63","43.68","TORONTO INTL A","6158731","2023-11-25 16:00","2023","11","25","16:00","","2.7","","-7.0","","49","","","","21","","10","","24.1","","100.39","","","","","","Mostly Cloudy"
"-79.63","43.68","TORONTO INTL A","6158731","2023-11-25 17:00","2023","11","25","17:00","","1.7","","-6.8","","53","","","","19","","9","","24.1","","100.33","","","","","","NA"
"-79.63","43.68","TORONTO INTL A","6158731","2023-11-25 18:00","2023","11","25","18:00","","1.7","","-6.7","","54","","","","21","","10","","24.1","","100.33","","","","","","NA"
"-79.63","43.68","TORONTO INTL A","6158731","2023-11-25 19:00","2023","11","25","19:00","","1.6","","-6.5","","55","","","","22","","9","","24.1","","100.29","","","","","","Mostly Cloudy"
"-79.63","43.68","TORONTO INTL A","6158731","2023-11-25 20:00","2023","11","25","20:00","","1.7","","-6.3","","55","","","","19","","7","","24.1","","100.24","","","","","","NA"
"-79.63","43.68","TORONTO INTL A","6158731","2023-11-25 21:00","2023","11","25","21:00","","1.6","","-6.0","","57","","","","20","","9","","24.1","","100.20","","","","","","NA"
"-79.63","43.68","TORONTO INTL A","6158731","2023-11-25 22:00","2023","11","25","22:00","","1.6","","-5.1","","61","","","","19","","5","","24.1","","100.15","","","","","","Cloudy"
"-79.63","43.68","TORONTO INTL A","6158731","2023-11-25 23:00","2023","11","25","23:00","","1.7","","-4.3","","65","","","","18","","7","","24.1","","100.09","","","","","","NA"
"-79.63","43.68","TORONTO INTL A","6158731","2023-11-26 00:00","2023","11","26","00:00","","0.3","","-4.1","","72","","","","24","","8","","24.1","","100.06","","","","","","NA"
"-79.63","43.68","TORONTO INTL A","6158731","2023-11-26 01:00","2023","11","26","01:00","","0.5","","-3.9","","72","","","","","","0","","24.1","","99.99","","","","","","Mostly Cloudy"
"-79.63","43.68","TORONTO INTL A","6158731","2023-11-26 02:00","2023","11","26","02:00","","0.9","","-3.8","","71","","","","36","","3","","24.1","","99.95","","","","","","NA"
"-79.63","43.68","TORONTO INTL A","6158731","2023-11-26 03:00","2023","11","26","03:00","","0.8","","-3.7","","72","","","","7","","5","","24.1","","99.90","","","","","","NA"
"-79.63","43.68","TORONTO INTL A","6158731","2023-11-26 04:00","2023","11","26","04:00","","-0.1","","-3.7","","76","","","","2","","5","","24.1","","99.86","","","","-2","","Mostly Cloudy"
"-79.63","43.68","TORONTO INTL A","6158731","2023-11-26 05:00","2023","11","26","05:00","","0.3","","-3.3","","77","","","","3","","6","","24.1","","99.80","","","","","","NA"
"-79.63","43.68","TORONTO INTL A","6158731","2023-11-26 06:00","2023","11","26","06:00","","-0.2","","-3.6","","78","","","","1","","5","","24.1","","99.75","","","","-2","","NA"
"-79.63","43.68","TORONTO INTL A","6158731","2023-11-26 07:00","2023","11","26","07:00","","-0.9","","-4.0","","80","","","","5","","8","","24.1","","99.69","","","","-4","","Mostly Cloudy"
"-79.63","43.68","TORONTO INTL A","6158731","2023-11-26 08:00","2023","11","26","08:00","","-0.6","","-3.5","","81","","","","5","","7","","24.1","","99.61","","","","-3","","NA"
"-79.63","43.68","TORONTO INTL A","6158731","2023-11-26 09:00","2023","11","26","09:00","","2.3","","-0.9","","79","","","","10","","7","","24.1","","99.53","","","","","","NA"
"-79.63","43.68","TORONTO INTL A","6158731","2023-11-26 10:00","2023","11","26","10:00","","4.6","","-0.6","","69","","","","15","","12","","24.1","","99.43","","","","","","Mostly Cloudy"
"-79.63","43.68","TORONTO INTL A","6158731","2023-11-26 11:00","2023","11","26","11:00","","5.5","","-1.0","","63","","","","14","","18","","24.1","","99.33","","","","","","NA"
"-79.63","43.68","TORONTO INTL A","6158731","2023-11-26 12:00","2023","11","26","12:00","","6.1","","-1.7","","57","","","","16","","17","","24.1","","99.20","","","","","","NA"
"-79.63","43.68","TORONTO INTL A","6158731","2023-11-26 13:00","2023","11","26","13:00","","5.4","","-3.0","","55","","","","14","","16","","24.1","","99.07","","","","","","Mostly Cloudy"
"-79.63","43.68","TORONTO INTL A","6158731","2023-11-26 14:00","2023","11","26","14:00","","5.1","","-1.5","","62","","","","12","","18","","24.1","","98.90","","","","","","NA"
"-79.63","43.68","TORONTO INTL A","6158731","2023-11-26 15:00","2023","11","26","15:00","","4.5","","-2.5","","60","","","","11","","19","","24.1","","98.74","","","","","","NA"
"-79.63","43.68","TORONTO INTL A","6158731","2023-11-26 16:00","2023","11","26","16:00","","4.3","","-1.9","","64","","","","11","","17","","24.1","","98.56","","","","","","Cloudy"
"-79.63","43.68","TORONTO INTL A","6158731","2023-11-26 17:00","2023","11","26","17:00","","3.7","","1.1","","83","","","","10","","10","","24.1","","98.48","","","","","","Rain"
"-79.63","43.68","TORONTO INTL A","6158731","2023-11-26 18:00","2023","11","26","18:00","","4.1","","3.5","","96","","","","12","","13","","19.3","","98.40","","","","","","Rain"
"-79.63","43.68","TORONTO INTL A","6158731","2023-11-26 19:00","2023","11","26","19:00","","4.2","","4.0","","99","","","","13","","12","","16.1","","98.31","","","","","","Rain"
"-79.63","43.68","TORONTO INTL A","6158731","2023-11-26 20:00","2023","11","26","20:00","","4.6","","4.6","","100","","","","19","","8","","12.9","","98.22","","","","","","Rain"
"-79.63","43.68","TORONTO INTL A","6158731","2023-11-26 21:00","2023","11","26","21:00","","4.9","","4.9","","100","","","","20","","14","","9.7","","98.15","","","","","","Rain,Fog"
"-79.63","43.68","TORONTO INTL A","6158731","2023-11-26 22:00","2023","11","26","22:00","","4.8","","3.7","","93","","","","22","","17","","16.1","","98.08","","","","","","Rain"
"-79.63","43.68","TORONTO INTL A","6158731","2023-11-26 23:00","2023","11","26","23:00","","3.3","","2.0","","91","","","","24","","19","","24.1","","98.10","","","","","","NA"
"-79.63","43.68","TORONTO INTL A","6158731","2023-11-27 00:00","2023","11","27","00:00","","3.1","","1.2","","87","","","","26","","25","","24.1","","98.13","","","","","","NA"
"-79.63","43.68","TORONTO INTL A","6158731","2023-11-27 01:00","2023","11","27","01:00","","2.9","","1.0","","87","","","","26","","24","","24.1","","98.16","","","","","","Mostly Cloudy"
"-79.63","43.68","TORONTO INTL A","6158731","2023-11-27 02:00","2023","11","27","02:00","","2.5","","0.3","","85","","","","25","","26","","24.1","","98.16","","","","","","NA"
"-79.63","43.68","TORONTO INTL A","6158731","2023-11-27 03:00","2023","11","27","03:00","","2.3","","0.4","","87","","","","25","","18","","24.1","","98.21","","","","","","NA"
"-79.63","43.68","TORONTO INTL A","6158731","2023-11-27 04:00","2023","11","27","04:00","","2.3","","-1.0","","79","","","","26","","24","","24.1","","98.26","","","","","","Mostly Cloudy"
"-79.63","43.68","TORONTO INTL A","6158731","2023-11-27 05:00","2023","11","27","05:00","","2.1","","-1.2","","79","","","","25","","27","","24.1","","98.32","","","","","","NA"
"-79.63","43.68","TORONTO INTL A","6158731","2023-11-27 06:00","2023","11","27","06:00","","2.0","","-1.9","","75","","","","26","","23","","24.1","","98.35","","","","","","NA"
"-79.63","43.68","TORONTO INTL A","6158731","2023-11-27 07:00","2023","11","27","07:00","","1.8","","-2.0","","76","","","","25","","29","","16.1","","98.41","","","","","","Snow"
"-79.63","43.68","TORONTO INTL A","6158731","2023-11-27 08:00","2023","11","27","08:00","","1.7","","-3.4","","69","","","","26","","37","","24.1","","98.50","","","","","","NA"
"-79.63","43.68","TORONTO INTL A","6158731","2023-11-27 09:00","2023","11","27","09:00","","1.8","","-3.2","","70","","","","26","","36","","24.1","","98.54","","","","","","NA"
"-79.63","43.68","TORONTO INTL A","6158731","2023-11-27 10:00","2023","11","27","10:00","","1.8","","-3.9","","66","","","","26","","30","","24.1","","98.60","","","","","","Mostly Cloudy"
"-79.63","43.68","TORONTO INTL A","6158731","2023-11-27 11:00","2023","11","27","11:00","","2.9","","-5.2","","55","","","","26","","39","","24.1","","98.63","","","","","","NA"
"-79.63","43.68","TORONTO INTL A","6158731","2023-11-27 12:00","2023","11","27","12:00","","1.6","","-6.7","","54","","","","28","","37","","24.1","","98.59","","","","","","NA"
"-79.63","43.68","TORONTO INTL A","6158731","2023-11-27 13:00","2023","11","27","13:00","","0.7","","-5.5","","63","","","","26","","39","","16.1","","98.62","","","","","","Snow"
"-79.63","43.68","TORONTO INTL A","6158731","2023-11-27 14:00","2023","11","27","14:00","","0.6","","-6.0","","61","","","","27","","29","","24.1","","98.62","","","","","","NA"
"-79.63","43.68","TORONTO INTL A","6158731","2023-11-27 15:00","2023","11","27","15:00","","0.4","","-8.2","","53","","","","26","","35","","24.1","","98.62","","","","","","NA"
"-79.63","43.68","TORONTO INTL A","6158731","2023-11-27 16:00","2023","11","27","16:00","","-0.5","","-7.7","","58","","","","26","","31","","24.1","","98.69","","","","-7","","Mostly Cloudy"
"-79.63","43.68","TORONTO INTL A","6158731","2023-11-27 17:00","2023","11","27","17:00","","-1.0","","-8.2","","58","","","","26","","27","","24.1","","98.74","","","","-7","","NA"
"-79.63","43.68","TORONTO INTL A","6158731","2023-11-27 18:00","2023","11","27","18:00","","-2.5","","-5.0","","83","","","","26","","22","","16.1","","98.80","","","","-9","","Snow"
"-79.63","43.68","TORONTO INTL A","6158731","2023-11-27 19:00","2023","11","27","19:00","","-2.7","","-4.7","","86","","","","27","","27","","1.6","","98.79","","","","-10","","Snow"
"-79.63","43.68","TORONTO INTL A","6158731","2023-11-27 20:00","2023","11","27","20:00","","-2.3","","-8.0","","65","","","","26","","27","","24.1","","98.78","","","","-9","","NA"
"-79.63","43.68","TORONTO INTL A","6158731","2023-11-27 21:00","2023","11","27","21:00","","-2.7","","-9.3","","61","","","","26","","36","","24.1","","98.78","","","","-11","","NA"
"-79.63","43.68","TORONTO INTL A","6158731","2023-11-27 22:00","2023","11","27","22:00","","-3.0","","-9.2","","63","","","","25","","30","","24.1","","98.80","","","","-10","","Mostly Cloudy"
"-79.63","43.68","TORONTO INTL A","6158731","2023-11-27 23:00","2023","11","27","23:00","","-3.2","","-8.9","","65","","","","26","","25","","24.1","","98.79","","","","-10","","NA"
"-79.63","43.68","TORONTO INTL A","6158731","2023-11-28 00:00","2023","11","28","00:00","","-4.2","","-7.4","","78","","","","25","","21","","8.1","","98.78","","","","-11","","Snow"
"-79.63","43.68","TORONTO INTL A","6158731","2023-11-28 01:00","2023","11","28","01:00","","-4.5","","-6.8","","84","","","","25","","11","","24.1","","98.77","","","","-9","","Mostly Cloudy"
"-79.63","43.68","TORONTO INTL A","6158731","2023-11-28 02:00","2023","11","28","02:00","","-4.0","","-8.4","","72","","","","27","","23","","24.1","","98.77","","","","-11","","NA"
"-79.63","43.68","TORONTO INTL A","6158731","2023-11-28 03:00","2023","11","28","03:00","","-4.4","","-8.0","","76","","","","26","","24","","24.1","","98.78","","","","-11","","NA"
"-79.63","43.68","TORONTO INTL A","6158731","2023-11-28 04:00","2023","11","28","04:00","","-5.2","","-7.8","","82","","","","24","","19","","24.1","","98.75","","","","-12","","Mainly Clear"
"-79.63","43.68","TORONTO INTL A","6158731","2023-11-28 05:00","2023","11","28","05:00","","-5.4","","-8.0","","82","","","","25","","22","","24.1","","98.73","","","","-12","","NA"
"-79.63","43.68","TORONTO INTL A","6158731","2023-11-28 06:00","2023","11","28","06:00","","-5.4","","-8.5","","79","","","","25","","26","","24.1","","98.75","","","","-13","","NA"
"-79.63","43.68","TORONTO INTL A","6158731","2023-11-28 07:00","2023","11","28","07:00","","-5.6","","-8.9","","77","","","","26","","18","","24.1","","98.81","","","","-12","","Mainly Clear"
"-79.63","43.68","TORONTO INTL A","6158731","2023-11-28 08:00","2023","11","28","08:00","","-5.1","","-8.6","","77","","","","27","","30","","24.1","","98.89","","","","-13","","NA"
"-79.63","43.68","TORONTO INTL A","6158731","2023-11-28 09:00","2023","11","28","09:00","","-3.6","","-10.6","","59","","","","30","","28","","24.1","","98.97","","","","-11","","NA"
"-79.63","43.68","TORONTO INTL A","6158731","2023-11-28 10:00","2023","11","28","10:00","","-2.8","","-11.5","","51","","","","29","","30","","24.1","","99.07","","","","-10","","Clear"
"-79.63","43.68","TORONTO INTL A","6158731","2023-11-28 11:00","2023","11","28","11:00","","-1.9","","-10.8","","51","","","","30","","33","","24.1","","99.14","","","","-9","","NA"
"-79.63","43.68","TORONTO INTL A","6158731","2023-11-28 12:00","2023","11","28","12:00","","-1.9","","-9.6","","56","","","","29","","41","","24.1","","99.18","","","","-10","","NA"
"-79.63","43.68","TORONTO INTL A","6158731","2023-11-28 13:00","2023","11","28","13:00","","-2.1","","-8.3","","63","","","","32","","26","","24.1","","99.19","","","","-9","","Mostly Cloudy"
"-79.63","43.68","TORONTO INTL A","6158731","2023-11-28 14:00","2023","11","28","14:00","","-1.5","","-9.5","","55","","","","31","","37","","24.1","","99.22","","","","-9","","NA"
"-79.63","43.68","TORONTO INTL A","6158731","2023-11-28 15:00","2023","11","28","15:00","","-1.6","","-9.6","","55","","","","29","","32","","24.1","","99.26","","","","-9","","NA"
"-79.63","43.68","TORONTO INTL A","6158731","2023-11-28 16:00","2023","11","28","16:00","","-2.1","","-10.4","","53","","","","31","","32","","24.1","","99.39","","","","-9","","Mainly Clear"
"-79.63","43.68","TORONTO INTL A","6158731","2023-11-28 17:00","2023","11","28","17:00","","-3.0","","-9.6","","61","","","","30","","30","","24.1","","99.50","","","","-10","","NA"
"-79.63","43.68","TORONTO INTL A","6158731","2023-11-28 18:00","2023","11","28","18:00","","-3.5","","-10.4","","59","","","","30","","26","","24.1","","99.58","","","","-11","","NA"
"-79.63","43.68","TORONTO INTL A","6158731","2023-11-28 19:00","2023","11","28","19:00","","-4.5","","-9.3","","69","","","","27","","19","","24.1","","99.61","","","","-11","","Clear"
"-79.63","43.68","TORONTO INTL A","6158731","2023-11-28 20:00","2023","11","28","20:00","","-5.5","","-8.8","","78","","","","26","","16","","24.1","","99.64","","","","-11","","NA"
"-79.63","43.68","TORONTO INTL A","6158731","2023-11-28 21:00","2023","11","28","21:00","","-5.1","","-8.0","","80","","","","24","","17","","24.1","","99.62","","","","-11","","NA"
"-79.63","43.68","TORONTO INTL A","6158731","2023-11-28 22:00","2023","11","28","22:00","","-4.4","","-6.3","","86","","","","23","","23","","3.2","","99.57","","","","-11","","Snow Showers"
"-79.63","43.68","TORONTO INTL A","6158731","2023-11-28 23:00","2023","11","28","23:00","","-3.9","","-5.9","","86","","","","24","","21","","16.1","","99.54","","","","-10","","Snow Showers"
"-79.63","43.68","TORONTO INTL A","6158731","2023-11-29 00:00","2023","11","29","00:00","","-3.6","","-7.1","","77","","","","24","","23","","24.1","","99.52","","","","-10","","NA"
"-79.63","43.68","TORONTO INTL A","6158731","2023-11-29 01:00","2023","11","29","01:00","","-3.6","","-8.0","","72","","","","24","","30","","24.1","","99.48","","","","-11","","Mostly Cloudy"
"-79.63","43.68","TORONTO INTL A","6158731","2023-11-29 02:00","2023","11","29","02:00","","-3.9","","-9.0","","68","","","","25","","29","","24.1","","99.49","","","","-11","","NA"
"-79.63","43.68","TORONTO INTL A","6158731","2023-11-29 03:00","2023","11","29","03:00","","-3.8","","-8.9","","68","","","","24","","22","","24.1","","99.48","","","","-10","","NA"
"-79.63","43.68","TORONTO INTL A","6158731","2023-11-29 04:00","2023","11","29","04:00","","-4.4","","-9.2","","69","","","","24","","18","","24.1","","99.42","","","","-10","","Mostly Cloudy"
"-79.63","43.68","TORONTO INTL A","6158731","2023-11-29 05:00","2023","11","29","05:00","","-4.6","","-9.3","","69","","","","22","","15","","24.1","","99.38","","","","-10","","NA"
"-79.63","43.68","TORONTO INTL A","6158731","2023-11-29 06:00","2023","11","29","06:00","","-4.4","","-9.1","","70","","","","21","","14","","24.1","","99.38","","","","-10","","NA"
"-79.63","43.68","TORONTO INTL A","6158731","2023-11-29 07:00","2023","11","29","07:00","","-4.2","","-10.1","","64","","","","23","","17","","24.1","","99.33","","","","-10","","Mostly Cloudy"
"-79.63","43.68","TORONTO INTL A","6158731","2023-11-29 08:00","2023","11","29","08:00","","-4.2","","-12.3","","54","","","","21","","21","","24.1","","99.29","","","","-11","","NA"
"-79.63","43.68","TORONTO INTL A","6158731","2023-11-29 09:00","2023","11","29","09:00","","-4.1","","-13.4","","49","","","","22","","18","","24.1","","99.25","","","","-10","","NA"
"-79.63","43.68","TORONTO INTL A","6158731","2023-11-29 10:00","2023","11","29","10:00","","-3.5","","-12.3","","51","","","","24","","23","","24.1","","99.25","","","","-10","","Cloudy"
"-79.63","43.68","TORONTO INTL A","6158731","2023-11-29 11:00","2023","11","29","11:00","","-1.7","","-13.5","","41","","","","24","","28","","24.1","","99.17","","","","-8","","NA"
"-79.63","43.68","TORONTO INTL A","6158731","2023-11-29 12:00","2023","11","29","12:00","","-1.2","","-9.2","","55","","","","21","","33","","24.1","","99.04","","","","-8","","NA"
"-79.63","43.68","TORONTO INTL A","6158731","2023-11-29 13:00","2023","11","29","13:00","","-0.8","","-5.1","","73","","","","21","","24","","12.9","","98.99","","","","-7","","Snow"
"-79.63","43.68","TORONTO INTL A","6158731","2023-11-29 14:00","2023","11","29","14:00","","-0.9","","-3.2","","84","","","","19","","13","","12.9","","98.90","","","","-5","","Snow"
"-79.63","43.68","TORONTO INTL A","6158731","2023-11-29 15:00","2023","11","29","15:00","","-1.4","","-3.7","","84","","","","21","","24","","9.7","","98.89","","","","-8","","Snow"
"-79.63","43.68","TORONTO INTL A","6158731","2023-11-29 16:00","2023","11","29","16:00","","-1.0","","-4.9","","75","","","","20","","21","","24.1","","98.89","","","","-7","","Snow"
"-79.63","43.68","TORONTO INTL A","6158731","2023-11-29 17:00","2023","11","29","17:00","","-0.7","","-5.3","","71","","","","19","","18","","24.1","","98.91","","","","-6","","NA"
"-79.63","43.68","TORONTO INTL A","6158731","2023-11-29 18:00","2023","11","29","18:00","","-0.3","","-4.8","","72","","","","20","","20","","24.1","","98.94","","","","-6","","NA"
"-79.63","43.68","TORONTO INTL A","6158731","2023-11-29 19:00","2023","11","29","19:00","","-0.4","","-4.2","","76","","","","25","","15","","24.1","","98.99","","","","-5","","Cloudy"
"-79.63","43.68","TORONTO INTL A","6158731","2023-11-29 20:00","2023","11","29","20:00","","-0.3","","-4.9","","71","","","","24","","23","","24.1","","99.02","","","","-6","","NA"
"-79.63","43.68","TORONTO INTL A","6158731","2023-11-29 21:00","2023","11","29","21:00","","-0.1","","-5.0","","70","","","","24","","17","","24.1","","99.00","","","","-5","","NA"
"-79.63","43.68","TORONTO INTL A","6158731","2023-11-29 22:00","2023","11","29","22:00","","-1.2","","-5.1","","75","","","","24","","17","","24.1","","99.02","","","","-6","","Mostly Cloudy"
"-79.63","43.68","TORONTO INTL A","6158731","2023-11-29 23:00","2023","11","29","23:00","","-1.7","","-5.1","","78","","","","24","","8","","24.1","","99.04","","","","-5","","NA"
"-79.63","43.68","TORONTO INTL A","6158731","2023-11-30 00:00","2023","11","30","00:00","","-1.9","","-4.6","","82","","","","24","","13","","24.1","","99.07","","","","-6","","NA"
"-79.63","43.68","TORONTO INTL A","6158731","2023-11-30 01:00","2023","11","30","01:00","","-1.2","","-4.5","","78","","","","20","","5","","24.1","","99.08","","","","-3","","Mostly Cloudy"
"-79.63","43.68","TORONTO INTL A","6158731","2023-11-30 02:00","2023","11","30","02:00","","-0.8","","-4.5","","76","","","","20","","9","","24.1","","99.14","","","","-4","","NA"
"-79.63","43.68","TORONTO INTL A","6158731","2023-11-30 03:00","2023","11","30","03:00","","-1.0","","-4.3","","78","","","","19","","14","","24.1","","99.13","","","","-5","","NA"
"-79.63","43.68","TORONTO INTL A","6158731","2023-11-30 04:00","2023","11","30","04:00","","-1.1","","-3.8","","82","","","","22","","14","","24.1","","99.14","","","","-6","","Mostly Cloudy"
"-79.63","43.68","TORONTO INTL A","6158731","2023-11-30 05:00","2023","11","30","05:00","","-1.0","","-2.9","","87","","","","23","","18","","24.1","","99.15","","","","-6","","NA"
"-79.63","43.68","TORONTO INTL A","6158731","2023-11-30 06:00","2023","11","30","06:00","","-0.9","","-3.3","","84","","","","24","","20","","24.1","","99.14","","","","-6","","NA"
"-79.63","43.68","TORONTO INTL A","6158731","2023-11-30 07:00","2023","11","30","07:00","","-2.0","","-3.6","","89","","","","25","","14","","24.1","","99.17","","","","-7","","Clear"
"-79.63","43.68","TORONTO INTL A","6158731","2023-11-30 08:00","2023","11","30","08:00","","-1.0","","-2.5","","89","","","","25","","16","","24.1","","99.15","","","","-6","","NA"
"-79.63","43.68","TORONTO INTL A","6158731","2023-11-30 09:00","2023","11","30","09:00","","1.4","","-1.7","","80","","","","24","","17","","24.1","","99.11","","","","","","NA"
"-79.63","43.68","TORONTO INTL A","6158731","2023-11-30 10:00","2023","11","30","10:00","","3.1","","-0.4","","77","","","","22","","19","","24.1","","99.08","","","","","","Clear"
"-79.63","43.68","TORONTO INTL A","6158731","2023-11-30 11:00","2023","11","30","11:00","","6.0","","1.6","","73","","","","22","","22","","24.1","","99.01","","","","","","NA"
"-79.63","43.68","TORONTO INTL A","6158731","2023-11-30 12:00","2023","11","30","12:00","","7.5","","1.8","","67","","","","22","","28","","24.1","","98.92","","","","","","NA"
"-79.63","43.68","TORONTO INTL A","6158731","2023-11-30 13:00","2023","11","30","13:00","","9.1","","1.9","","61","","","","22","","21","","24.1","","98.84","","","","","","Mainly Clear"
"-79.63","43.68","TORONTO INTL A","6158731","2023-11-30 14:00","2023","11","30","14:00","","10.1","","1.8","","56","","","","22","","26","","24.1","","98.78","","","","","","NA"
"-79.63","43.68","TORONTO INTL A","6158731","2023-11-30 15:00","2023","11","30","15:00","","8.6","","2.0","","63","","","","17","","20","","24.1","","98.71","","","","","","NA"
"-79.63","43.68","TORONTO INTL A","6158731","2023-11-30 16:00","2023","11","30","16:00","","8.7","","1.4","","60","","","","21","","21","","24.1","","98.71","","","","","","Mostly Cloudy"
"-79.63","43.68","TORONTO INTL A","6158731","2023-11-30 17:00","2023","11","30","17:00","","8.5","","0.6","","57","","","","22","","23","","24.1","","98.74","","","","","","NA"
"-79.63","43.68","TORONTO INTL A","6158731","2023-11-30 18:00","2023","11","30","18:00","","8.3","","0.9","","60","","","","21","","16","","24.1","","98.78","","","","","","NA"
"-79.63","43.68","TORONTO INTL A","6158731","2023-11-30 19:00","2023","11","30","19:00","","8.9","","1.3","","59","","","","21","","22","","24.1","","98.82","","","","","","Mostly Cloudy"
"-79.63","43.68","TORONTO INTL A","6158731","2023-11-30 20:00","2023","11","30","20:00","","8.4","","1.6","","62","","","","22","","14","","24.1","","98.89","","","","","","NA"
"-79.63","43.68","TORONTO INTL A","6158731","2023-11-30 21:00","2023","11","30","21:00","","9.6","","2.0","","59","","","","22","","17","","24.1","","98.90","","","","","","NA"
"-79.63","43.68","TORONTO INTL A","6158731","2023-11-30 22:00","2023","11","30","22:00","","9.7","","1.9","","58","","","","23","","24","","24.1","","98.94","","","","","","Mostly Cloudy"
"-79.63","43.68","TORONTO INTL A","6158731","2023-11-30 23:00","2023","11","30","23:00","","9.5","","1.8","","59","","","","24","","23","","24.1","","99.01","","","","","","NA"
