"Longitude (x)","Latitude (y)","Station Name","Climate ID","Date/Time (LST)","Year","Month","Day","Time (LST)","Flag","Temp (°C)","Temp Flag","Dew Point Temp (°C)","Dew Point Temp Flag","Rel Hum (%)","Rel Hum Flag","Precip. Amount (mm)","Precip. Amount Flag","Wind Dir (10s deg)","Wind Dir Flag","Wind Spd (km/h)","Wind Spd Flag","Visibility (km)","Visibility Flag","Stn Press (kPa)","Stn Press Flag","Hmdx","Hmdx Flag","Wind Chill","Wind Chill Flag","Weather"
"-79.63","43.68","TORONTO INTL A","6158731","2025-04-01 00:00","2025","04","01","00:00","","1.4","","-4.2","","67","","","","31","","23","","24.1","","99.25","","","","","","NA"
"-79.63","43.68","TORONTO INTL A","6158731","2025-04-01 01:00","2025","04","01","01:00","","1.6","","-4.3","","65","","","","31","","18","","24.1","","99.33","","","","","","Cloudy"
"-79.63","43.68","TORONTO INTL A","6158731","2025-04-01 02:00","2025","04","01","02:00","","0.7","","-2.5","","79","","","","36","","24","","24.1","","99.42","","","","","","NA"
"-79.63","43.68","TORONTO INTL A","6158731","2025-04-01 03:00","2025","04","01","03:00","","0.5","","-4.3","","70","","","","34","","22","","24.1","","99.48","","","","","","NA"
"-79.63","43.68","TORONTO INTL A","6158731","2025-04-01 04:00","2025","04","01","04:00","","0.1","","-6.7","","60","","","","35","","24","","24.1","","99.58","","","","","","Mostly Cloudy"
"-79.63","43.68","TORONTO INTL A","6158731","2025-04-01 05:00","2025","04","01","05:00","","-0.9","","-5.4","","72","","","","32","","14","","24.1","","99.70","","","","-5","","NA"
"-79.63","43.68","TORONTO INTL A","6158731","2025-04-01 06:00","2025","04","01","06:00","","-1.3","","-7.0","","65","","","","35","","14","","24.1","","99.77","","","","-6","","NA"
"-79.63","43.68","TORONTO INTL A","6158731","2025-04-01 07:00","2025","04","01","07:00","","-0.8","","-6.6","","65","","","","31","","15","","24.1","","99.89","","","","-5","","Mainly Clear"
"-79.63","43.68","TORONTO INTL A","6158731","2025-04-01 08:00","2025","04","01","08:00","","-0.4","","-7.8","","57","","","","35","","23","","24.1","","99.97","","","","-6","","NA"
"-79.63","43.68","TORONTO INTL A","6158731","2025-04-01 09:00","2025","04","01","09:00","","0.1","","-9.1","","50","","","","32","","24","","24.1","","100.08","","","","","","NA"
"-79.63","43.68","TORONTO INTL A","6158731","2025-04-01 10:00","2025","04","01","10:00","","1.0","","-11.8","","38","","","","32","","35","","24.1","","100.18","","","","","","Clear"
"-79.63","43.68","TORONTO INTL A","6158731","2025-04-01 11:00","2025","04","01","11:00","","1.0","","-13.6","","33","","","","35","","28","","24.1","","100.21","","","","","","NA"
"-79.63","43.68","TORONTO INTL A","6158731","2025-04-01 12:00","2025","04","01","12:00","","2.2","","-12.6","","33","","","","34","","22","","24.1","","100.26","","","","","","NA"
"-79.63","43.68","TORONTO INTL A","6158731","2025-04-01 13:00","2025","04","01","13:00","","2.5","","-11.6","","35","","","","32","","24","","24.1","","100.30","","","","","","Mainly Clear"
"-79.63","43.68","TORONTO INTL A","6158731","2025-04-01 14:00","2025","04","01","14:00","","3.2","","-13.0","","30","","","","33","","26","","24.1","","100.35","","","","","","NA"
"-79.63","43.68","TORONTO INTL A","6158731","2025-04-01 15:00","2025","04","01","15:00","","2.9","","-13.8","","28","","","","1","","22","","24.1","","100.37","","","","","","NA"
"-79.63","43.68","TORONTO INTL A","6158731","2025-04-01 16:00","2025","04","01","16:00","","2.9","","-12.2","","32","","","","34","","21","","24.1","","100.38","","","","","","Clear"
"-79.63","43.68","TORONTO INTL A","6158731","2025-04-01 17:00","2025","04","01","17:00","","2.6","","-10.3","","38","","","","36","","17","","24.1","","100.32","","","","","","NA"
"-79.63","43.68","TORONTO INTL A","6158731","2025-04-01 18:00","2025","04","01","18:00","","1.6","","-12.9","","33","","","","3","","21","","24.1","","100.36","","","","","","NA"
"-79.63","43.68","TORONTO INTL A","6158731","2025-04-01 19:00","2025","04","01","19:00","","0.2","","-13.5","","35","","","","3","","18","","24.1","","100.49","","","","","","Mainly Clear"
"-79.63","43.68","TORONTO INTL A","6158731","2025-04-01 20:00","2025","04","01","20:00","","-0.1","","-13.4","","36","","","","3","","10","","24.1","","100.61","","","","-3","","NA"
"-79.63","43.68","TORONTO INTL A","6158731","2025-04-01 21:00","2025","04","01","21:00","","-0.1","","-13.3","","37","","","","1","","16","","24.1","","100.69","","","","-5","","NA"
"-79.63","43.68","TORONTO INTL A","6158731","2025-04-01 22:00","2025","04","01","22:00","","-1.0","","-8.7","","56","","","","2","","18","","24.1","","100.67","","","","-6","","Cloudy"
"-79.63","43.68","TORONTO INTL A","6158731","2025-04-01 23:00","2025","04","01","23:00","","-1.0","","-8.3","","58","","","","3","","14","","24.1","","100.66","","","","-5","","NA"
"-79.63","43.68","TORONTO INTL A","6158731","2025-04-02 00:00","2025","04","02","00:00","","-0.3","","-11.1","","44","","","","5","","16","","24.1","","100.67","","","","-5","","NA"
"-79.63","43.68","TORONTO INTL A","6158731","2025-04-02 01:00","2025","04","02","01:00","","-0.1","","-12.0","","40","","","","8","","19","","24.1","","100.68","","","","-5","","Cloudy"
"-79.63","43.68","TORONTO INTL A","6158731","2025-04-02 02:00","2025","04","02","02:00","","-0.1","","-10.3","","46","","","","8","","20","","24.1","","100.67","","","","-5","","NA"
"-79.63","43.68","TORONTO INTL A","6158731","2025-04-02 03:00","2025","04","02","03:00","","-0.4","","-9.2","","51","","","","9","","25","","24.1","","100.70","","","","-6","","NA"
"-79.63","43.68","TORONTO INTL A","6158731","2025-04-02 04:00","2025","04","02","04:00","","-0.8","","-8.8","","55","","","","9","","23","","24.1","","100.70","","","","-7","","Cloudy"
"-79.63","43.68","TORONTO INTL A","6158731","2025-04-02 05:00","2025","04","02","05:00","","-0.8","","-8.8","","55","","","","9","","28","","24.1","","100.74","","","","-7","","NA"
"-79.63","43.68","TORONTO INTL A","6158731","2025-04-02 06:00","2025","04","02","06:00","","-0.8","","-7.3","","61","","","","10","","31","","24.1","","100.73","","","","-8","","NA"
"-79.63","43.68","TORONTO INTL A","6158731","2025-04-02 07:00","2025","04","02","07:00","","-0.8","","-6.7","","65","","","","10","","21","","24.1","","100.61","","","","-6","","Mostly Cloudy"
"-79.63","43.68","TORONTO INTL A","6158731","2025-04-02 08:00","2025","04","02","08:00","","-0.3","","-6.4","","64","","","","10","","34","","24.1","","100.57","","","","-7","","NA"
"-79.63","43.68","TORONTO INTL A","6158731","2025-04-02 09:00","2025","04","02","09:00","","0.3","","-6.6","","60","","","","9","","32","","24.1","","100.46","","","","","","NA"
"-79.63","43.68","TORONTO INTL A","6158731","2025-04-02 10:00","2025","04","02","10:00","","0.0","","-6.0","","64","","","","9","","31","","24.1","","100.30","","","","-7","","Cloudy"
"-79.63","43.68","TORONTO INTL A","6158731","2025-04-02 11:00","2025","04","02","11:00","","0.1","","-5.6","","66","","","","9","","31","","24.1","","100.34","","","","","","NA"
"-79.63","43.68","TORONTO INTL A","6158731","2025-04-02 12:00","2025","04","02","12:00","","-0.9","","-3.9","","80","","","","8","","34","","1.2","","100.22","","","","-8","","Snow"
"-79.63","43.68","TORONTO INTL A","6158731","2025-04-02 13:00","2025","04","02","13:00","","-1.7","","-1.7","","100","","","","10","","37","","0.6","","100.02","","","","-9","","Moderate Snow,Moderate Ice Pellets"
"-79.63","43.68","TORONTO INTL A","6158731","2025-04-02 14:00","2025","04","02","14:00","","-0.9","","-1.1","","98","","","","10","","28","","12.9","","99.74","","","","-7","","Freezing Rain,Ice Pellets"
"-79.63","43.68","TORONTO INTL A","6158731","2025-04-02 15:00","2025","04","02","15:00","","-0.2","","-0.2","","100","","","","8","","23","","9.7","","99.78","","","","-6","","Freezing Rain,Fog"
"-79.63","43.68","TORONTO INTL A","6158731","2025-04-02 16:00","2025","04","02","16:00","","0.0","","0.0","","100","","","","9","","24","","12.9","","99.69","","","","-6","","Rain"
"-79.63","43.68","TORONTO INTL A","6158731","2025-04-02 17:00","2025","04","02","17:00","","0.3","","0.3","","100","","","","10","","32","","9.7","","99.50","","","","","","Moderate Rain,Fog"
"-79.63","43.68","TORONTO INTL A","6158731","2025-04-02 18:00","2025","04","02","18:00","","0.6","","0.6","","100","","","","9","","17","","8.1","","99.39","","","","","","Rain,Fog"
"-79.63","43.68","TORONTO INTL A","6158731","2025-04-02 19:00","2025","04","02","19:00","","1.2","","1.2","","100","","","","10","","14","","8.1","","99.32","","","","","","Rain,Fog"
"-79.63","43.68","TORONTO INTL A","6158731","2025-04-02 20:00","2025","04","02","20:00","","1.8","","1.8","","100","","","","8","","21","","6.4","","99.19","","","","","","Heavy Rain,Fog"
"-79.63","43.68","TORONTO INTL A","6158731","2025-04-02 21:00","2025","04","02","21:00","","1.9","","1.9","","100","","","","9","","21","","9.7","","99.01","","","","","","Rain,Fog"
"-79.63","43.68","TORONTO INTL A","6158731","2025-04-02 22:00","2025","04","02","22:00","","2.8","","2.8","","100","","","","8","","17","","12.9","","98.82","","","","","","Rain Showers"
"-79.63","43.68","TORONTO INTL A","6158731","2025-04-02 23:00","2025","04","02","23:00","","3.3","","3.3","","100","","","","11","","10","","19.3","","98.74","","","","","","NA"
"-79.63","43.68","TORONTO INTL A","6158731","2025-04-03 00:00","2025","04","03","00:00","","4.3","","4.3","","100","","","","6","","11","","12.9","","98.67","","","","","","Rain Showers"
"-79.63","43.68","TORONTO INTL A","6158731","2025-04-03 01:00","2025","04","03","01:00","","3.9","","3.9","","100","","","","4","","7","","6.4","","98.80","","","","","","Thunderstorms,Moderate Rain Showers,Fog"
"-79.63","43.68","TORONTO INTL A","6158731","2025-04-03 02:00","2025","04","03","02:00","","4.5","","4.5","","100","","","","14","","15","","4.8","","98.65","","","","","","Moderate Rain Showers,Fog"
"-79.63","43.68","TORONTO INTL A","6158731","2025-04-03 03:00","2025","04","03","03:00","","5.4","","5.4","","100","","","","15","","17","","12.9","","98.47","","","","","","Rain"
"-79.63","43.68","TORONTO INTL A","6158731","2025-04-03 04:00","2025","04","03","04:00","","5.2","","5.2","","100","","","","15","","23","","0.8","","98.43","","","","","","Drizzle,Fog"
"-79.63","43.68","TORONTO INTL A","6158731","2025-04-03 05:00","2025","04","03","05:00","","4.4","","4.4","","100","","","","14","","8","","0.6","","98.44","","","","","","Fog"
"-79.63","43.68","TORONTO INTL A","6158731","2025-04-03 06:00","2025","04","03","06:00","","6.1","","6.1","","100","","","","18","","8","","0.8","","98.46","","","","","","Fog"
"-79.63","43.68","TORONTO INTL A","6158731","2025-04-03 07:00","2025","04","03","07:00","","11.0","","11.0","","100","","","","18","","18","","6.4","","98.40","","","","","","Fog"
"-79.63","43.68","TORONTO INTL A","6158731","2025-04-03 08:00","2025","04","03","08:00","","13.7","","13.7","","100","","","","20","","19","","19.3","","98.45","","","","","","NA"
"-79.63","43.68","TORONTO INTL A","6158731","2025-04-03 09:00","2025","04","03","09:00","","15.6","","15.2","","98","","","","23","","32","","24.1","","98.54","","","","","","NA"
"-79.63","43.68","TORONTO INTL A","6158731","2025-04-03 10:00","2025","04","03","10:00","","17.3","","10.3","","63","","","","24","","39","","24.1","","98.60","","","","","","Mostly Cloudy"
"-79.63","43.68","TORONTO INTL A","6158731","2025-04-03 11:00","2025","04","03","11:00","","19.0","","9.2","","53","","","","24","","40","","24.1","","98.60","","","","","","NA"
"-79.63","43.68","TORONTO INTL A","6158731","2025-04-03 12:00","2025","04","03","12:00","","18.9","","6.8","","45","","","","24","","51","","24.1","","98.66","","","","","","NA"
"-79.63","43.68","TORONTO INTL A","6158731","2025-04-03 13:00","2025","04","03","13:00","","19.5","","7.0","","44","","","","25","","48","","24.1","","98.80","","","","","","Mostly Cloudy"
"-79.63","43.68","TORONTO INTL A","6158731","2025-04-03 14:00","2025","04","03","14:00","","19.8","","8.1","","46","","","","25","","37","","24.1","","98.80","","","","","","NA"
"-79.63","43.68","TORONTO INTL A","6158731","2025-04-03 15:00","2025","04","03","15:00","","18.2","","7.5","","49","","","","26","","44","","24.1","","98.92","","","","","","NA"
"-79.63","43.68","TORONTO INTL A","6158731","2025-04-03 16:00","2025","04","03","16:00","","17.3","","6.6","","49","","","","27","","42","","24.1","","98.97","","","","","","Mostly Cloudy"
"-79.63","43.68","TORONTO INTL A","6158731","2025-04-03 17:00","2025","04","03","17:00","","15.4","","5.3","","51","","","","28","","45","","24.1","","99.11","","","","","","NA"
"-79.63","43.68","TORONTO INTL A","6158731","2025-04-03 18:00","2025","04","03","18:00","","13.8","","4.3","","52","","","","27","","34","","24.1","","99.28","","","","","","NA"
"-79.63","43.68","TORONTO INTL A","6158731","2025-04-03 19:00","2025","04","03","19:00","","11.2","","3.5","","59","","","","30","","35","","24.1","","99.45","","","","","","Mostly Cloudy"
"-79.63","43.68","TORONTO INTL A","6158731","2025-04-03 20:00","2025","04","03","20:00","","9.2","","1.7","","59","","","","30","","40","","24.1","","99.53","","","","","","NA"
"-79.63","43.68","TORONTO INTL A","6158731","2025-04-03 21:00","2025","04","03","21:00","","7.7","","0.1","","59","","","","31","","24","","24.1","","99.67","","","","","","NA"
"-79.63","43.68","TORONTO INTL A","6158731","2025-04-03 22:00","2025","04","03","22:00","","6.3","","0.2","","65","","","","29","","17","","24.1","","99.73","","","","","","Mostly Cloudy"
"-79.63","43.68","TORONTO INTL A","6158731","2025-04-03 23:00","2025","04","03","23:00","","6.2","","-0.5","","62","","","","31","","21","","24.1","","99.86","","","","","","NA"
"-79.63","43.68","TORONTO INTL A","6158731","2025-04-04 00:00","2025","04","04","00:00","","4.6","","-0.7","","68","","","","28","","11","","24.1","","99.96","","","","","","NA"
"-79.63","43.68","TORONTO INTL A","6158731","2025-04-04 01:00","2025","04","04","01:00","","5.7","","-0.8","","63","","","","31","","16","","24.1","","99.95","","","","","","Mainly Clear"
"-79.63","43.68","TORONTO INTL A","6158731","2025-04-04 02:00","2025","04","04","02:00","","4.7","","-0.8","","67","","","","32","","15","","24.1","","100.02","","","","","","NA"
"-79.63","43.68","TORONTO INTL A","6158731","2025-04-04 03:00","2025","04","04","03:00","","2.9","","-2.2","","69","","","","36","","16","","24.1","","100.14","","","","","","NA"
"-79.63","43.68","TORONTO INTL A","6158731","2025-04-04 04:00","2025","04","04","04:00","","2.4","","-3.2","","67","","","","34","","10","","24.1","","100.23","","","","","","Mainly Clear"
"-79.63","43.68","TORONTO INTL A","6158731","2025-04-04 05:00","2025","04","04","05:00","","2.7","","-3.0","","66","","","","32","","19","","24.1","","100.30","","","","","","NA"
"-79.63","43.68","TORONTO INTL A","6158731","2025-04-04 06:00","2025","04","04","06:00","","2.1","","-2.2","","73","","","","31","","8","","24.1","","100.39","","","","","","NA"
"-79.63","43.68","TORONTO INTL A","6158731","2025-04-04 07:00","2025","04","04","07:00","","2.9","","-2.4","","68","","","","32","","14","","24.1","","100.55","","","","","","Clear"
"-79.63","43.68","TORONTO INTL A","6158731","2025-04-04 08:00","2025","04","04","08:00","","3.8","","-3.6","","58","","","","35","","19","","24.1","","100.66","","","","","","NA"
"-79.63","43.68","TORONTO INTL A","6158731","2025-04-04 09:00","2025","04","04","09:00","","5.0","","-2.9","","57","","","","1","","16","","24.1","","100.62","","","","","","NA"
"-79.63","43.68","TORONTO INTL A","6158731","2025-04-04 10:00","2025","04","04","10:00","","5.7","","-3.8","","51","","","","32","","14","","24.1","","100.69","","","","","","Mainly Clear"
"-79.63","43.68","TORONTO INTL A","6158731","2025-04-04 11:00","2025","04","04","11:00","","7.1","","-2.8","","49","","","","2","","11","","24.1","","100.76","","","","","","NA"
"-79.63","43.68","TORONTO INTL A","6158731","2025-04-04 12:00","2025","04","04","12:00","","8.2","","-2.6","","47","","","","3","","12","","24.1","","100.63","","","","","","NA"
"-79.63","43.68","TORONTO INTL A","6158731","2025-04-04 13:00","2025","04","04","13:00","","9.5","","-2.8","","42","","","","1","","13","","24.1","","100.66","","","","","","Mainly Clear"
"-79.63","43.68","TORONTO INTL A","6158731","2025-04-04 14:00","2025","04","04","14:00","","11.0","","-1.6","","41","","","","4","","8","","24.1","","100.64","","","","","","NA"
"-79.63","43.68","TORONTO INTL A","6158731","2025-04-04 15:00","2025","04","04","15:00","","8.5","","-1.4","","50","","","","17","","11","","24.1","","100.63","","","","","","NA"
"-79.63","43.68","TORONTO INTL A","6158731","2025-04-04 16:00","2025","04","04","16:00","","7.2","","-2.1","","51","","","","14","","12","","24.1","","100.66","","","","","","Cloudy"
"-79.63","43.68","TORONTO INTL A","6158731","2025-04-04 17:00","2025","04","04","17:00","","6.6","","-2.7","","51","","","","15","","15","","24.1","","100.65","","","","","","NA"
"-79.63","43.68","TORONTO INTL A","6158731","2025-04-04 18:00","2025","04","04","18:00","","6.3","","-2.9","","52","","","","15","","11","","24.1","","100.57","","","","","","NA"
"-79.63","43.68","TORONTO INTL A","6158731","2025-04-04 19:00","2025","04","04","19:00","","6.2","","-2.9","","52","","","","4","","7","","24.1","","100.64","","","","","","Cloudy"
"-79.63","43.68","TORONTO INTL A","6158731","2025-04-04 20:00","2025","04","04","20:00","","6.3","","-2.3","","54","","","","4","","7","","24.1","","100.60","","","","","","NA"
"-79.63","43.68","TORONTO INTL A","6158731","2025-04-04 21:00","2025","04","04","21:00","","6.5","","-2.3","","53","","","","10","","5","","24.1","","100.56","","","","","","NA"
"-79.63","43.68","TORONTO INTL A","6158731","2025-04-04 22:00","2025","04","04","22:00","","6.4","","-2.6","","53","","","","12","","10","","24.1","","100.45","","","","","","Cloudy"
"-79.63","43.68","TORONTO INTL A","6158731","2025-04-04 23:00","2025","04","04","23:00","","6.6","","-2.2","","54","","","","14","","12","","24.1","","100.43","","","","","","NA"
"-79.63","43.68","TORONTO INTL A","6158731","2025-04-05 00:00","2025","04","05","00:00","","6.5","","-2.4","","53","","","","7","","12","","24.1","","100.28","","","","","","NA"
"-79.63","43.68","TORONTO INTL A","6158731","2025-04-05 01:00","2025","04","05","01:00","","6.6","","-2.8","","51","","","","8","","11","","24.1","","100.20","","","","","","Rain"
"-79.63","43.68","TORONTO INTL A","6158731","2025-04-05 02:00","2025","04","05","02:00","","6.3","","-1.5","","57","","","","8","","17","","24.1","","100.14","","","","","","Rain"
"-79.63","43.68","TORONTO INTL A","6158731","2025-04-05 03:00","2025","04","05","03:00","","5.4","","-1.4","","62","","","","9","","16","","24.1","","99.99","","","","","","NA"
"-79.63","43.68","TORONTO INTL A","6158731","2025-04-05 04:00","2025","04","05","04:00","","5.0","","-0.7","","66","","","","9","","21","","24.1","","99.78","","","","","","Cloudy"
"-79.63","43.68","TORONTO INTL A","6158731","2025-04-05 05:00","2025","04","05","05:00","","4.8","","-0.2","","70","","","","8","","20","","24.1","","99.70","","","","","","NA"
"-79.63","43.68","TORONTO INTL A","6158731","2025-04-05 06:00","2025","04","05","06:00","","3.7","","1.7","","86","","","","8","","19","","12.9","","99.55","","","","","","Rain"
"-79.63","43.68","TORONTO INTL A","6158731","2025-04-05 07:00","2025","04","05","07:00","","3.3","","3.3","","100","","","","9","","17","","8.1","","99.45","","","","","","Rain,Fog"
"-79.63","43.68","TORONTO INTL A","6158731","2025-04-05 08:00","2025","04","05","08:00","","3.8","","3.8","","100","","","","9","","12","","6.4","","99.35","","","","","","Rain,Fog"
"-79.63","43.68","TORONTO INTL A","6158731","2025-04-05 09:00","2025","04","05","09:00","","4.8","","4.8","","100","","","","9","","12","","6.4","","99.24","","","","","","Rain,Fog"
"-79.63","43.68","TORONTO INTL A","6158731","2025-04-05 10:00","2025","04","05","10:00","","5.7","","5.7","","100","","","","12","","8","","24.1","","99.19","","","","","","Cloudy"
"-79.63","43.68","TORONTO INTL A","6158731","2025-04-05 11:00","2025","04","05","11:00","","6.0","","6.0","","100","","","","13","","5","","6.4","","99.11","","","","","","Rain,Fog"
"-79.63","43.68","TORONTO INTL A","6158731","2025-04-05 12:00","2025","04","05","12:00","","6.0","","6.0","","100","","","","30","","10","","6.4","","99.08","","","","","","Rain,Fog"
"-79.63","43.68","TORONTO INTL A","6158731","2025-04-05 13:00","2025","04","05","13:00","","6.7","","6.7","","100","","","","29","","7","","6.4","","99.00","","","","","","Rain,Fog"
"-79.63","43.68","TORONTO INTL A","6158731","2025-04-05 14:00","2025","04","05","14:00","","7.3","","7.3","","100","","","","29","","7","","6.4","","98.95","","","","","","Rain,Fog"
"-79.63","43.68","TORONTO INTL A","6158731","2025-04-05 15:00","2025","04","05","15:00","","9.0","","9.0","","100","","","","26","","7","","24.1","","98.92","","","","","","NA"
"-79.63","43.68","TORONTO INTL A","6158731","2025-04-05 16:00","2025","04","05","16:00","","10.6","","9.4","","92","","","","30","","26","","24.1","","98.96","","","","","","Cloudy"
"-79.63","43.68","TORONTO INTL A","6158731","2025-04-05 17:00","2025","04","05","17:00","","10.1","","8.4","","90","","","","31","","26","","24.1","","99.06","","","","","","NA"
"-79.63","43.68","TORONTO INTL A","6158731","2025-04-05 18:00","2025","04","05","18:00","","8.8","","6.2","","83","","","","30","","28","","24.1","","99.18","","","","","","NA"
"-79.63","43.68","TORONTO INTL A","6158731","2025-04-05 19:00","2025","04","05","19:00","","7.8","","4.9","","82","","","","30","","27","","24.1","","99.31","","","","","","Mostly Cloudy"
"-79.63","43.68","TORONTO INTL A","6158731","2025-04-05 20:00","2025","04","05","20:00","","7.0","","3.9","","81","","","","31","","17","","24.1","","99.35","","","","","","NA"
"-79.63","43.68","TORONTO INTL A","6158731","2025-04-05 21:00","2025","04","05","21:00","","6.1","","3.1","","81","","","","29","","11","","24.1","","99.33","","","","","","NA"
"-79.63","43.68","TORONTO INTL A","6158731","2025-04-05 22:00","2025","04","05","22:00","","5.9","","2.2","","77","","","","30","","14","","24.1","","99.27","","","","","","Mostly Cloudy"
"-79.63","43.68","TORONTO INTL A","6158731","2025-04-05 23:00","2025","04","05","23:00","","5.6","","1.9","","77","","","","31","","17","","24.1","","99.35","","","","","","NA"
"-79.63","43.68","TORONTO INTL A","6158731","2025-04-06 00:00","2025","04","06","00:00","","5.1","","1.3","","76","","","","30","","21","","24.1","","99.39","","","","","","NA"
"-79.63","43.68","TORONTO INTL A","6158731","2025-04-06 01:00","2025","04","06","01:00","","4.0","","0.6","","78","","","","32","","25","","24.1","","99.38","","","","","","Cloudy"
"-79.63","43.68","TORONTO INTL A","6158731","2025-04-06 02:00","2025","04","06","02:00","","3.2","","-2.5","","66","","","","31","","30","","24.1","","99.34","","","","","","NA"
"-79.63","43.68","TORONTO INTL A","6158731","2025-04-06 03:00","2025","04","06","03:00","","2.5","","-7.0","","50","","","","32","","24","","24.1","","99.37","","","","","","NA"
"-79.63","43.68","TORONTO INTL A","6158731","2025-04-06 04:00","2025","04","06","04:00","","2.6","","-7.2","","49","","","","31","","22","","24.1","","99.45","","","","","","Cloudy"
"-79.63","43.68","TORONTO INTL A","6158731","2025-04-06 05:00","2025","04","06","05:00","","2.0","","-9.1","","44","","","","32","","32","","24.1","","99.42","","","","","","NA"
"-79.63","43.68","TORONTO INTL A","6158731","2025-04-06 06:00","2025","04","06","06:00","","1.4","","-7.5","","52","","","","33","","25","","24.1","","99.47","","","","","","NA"
"-79.63","43.68","TORONTO INTL A","6158731","2025-04-06 07:00","2025","04","06","07:00","","0.9","","-6.1","","59","","","","33","","27","","24.1","","99.53","","","","","","Mostly Cloudy"
"-79.63","43.68","TORONTO INTL A","6158731","2025-04-06 08:00","2025","04","06","08:00","","1.1","","-6.5","","57","","","","34","","31","","24.1","","99.53","","","","","","NA"
"-79.63","43.68","TORONTO INTL A","6158731","2025-04-06 09:00","2025","04","06","09:00","","2.4","","-5.4","","57","","","","35","","29","","24.1","","99.59","","","","","","NA"
"-79.63","43.68","TORONTO INTL A","6158731","2025-04-06 10:00","2025","04","06","10:00","","2.8","","-7.2","","48","","","","34","","27","","24.1","","99.64","","","","","","Mostly Cloudy"
"-79.63","43.68","TORONTO INTL A","6158731","2025-04-06 11:00","2025","04","06","11:00","","4.7","","-8.8","","37","","","","35","","30","","24.1","","99.62","","","","","","NA"
"-79.63","43.68","TORONTO INTL A","6158731","2025-04-06 12:00","2025","04","06","12:00","","5.3","","-10.6","","31","","","","34","","34","","24.1","","99.54","","","","","","NA"
"-79.63","43.68","TORONTO INTL A","6158731","2025-04-06 13:00","2025","04","06","13:00","","6.0","","-10.2","","30","","","","34","","26","","24.1","","99.49","","","","","","Mainly Clear"
"-79.63","43.68","TORONTO INTL A","6158731","2025-04-06 14:00","2025","04","06","14:00","","6.0","","-8.9","","34","","","","35","","27","","24.1","","99.43","","","","","","NA"
"-79.63","43.68","TORONTO INTL A","6158731","2025-04-06 15:00","2025","04","06","15:00","","6.0","","-12.7","","25","","","","35","","23","","24.1","","99.40","","","","","","NA"
"-79.63","43.68","TORONTO INTL A","6158731","2025-04-06 16:00","2025","04","06","16:00","","5.8","","-11.7","","27","","","","35","","24","","24.1","","99.45","","","","","","Mostly Cloudy"
"-79.63","43.68","TORONTO INTL A","6158731","2025-04-06 17:00","2025","04","06","17:00","","4.8","","-12.3","","28","","","","36","","20","","24.1","","99.48","","","","","","NA"
"-79.63","43.68","TORONTO INTL A","6158731","2025-04-06 18:00","2025","04","06","18:00","","4.1","","-12.3","","29","","","","1","","18","","24.1","","99.45","","","","","","NA"
"-79.63","43.68","TORONTO INTL A","6158731","2025-04-06 19:00","2025","04","06","19:00","","3.3","","-10.4","","36","","","","34","","17","","24.1","","99.49","","","","","","Mostly Cloudy"
"-79.63","43.68","TORONTO INTL A","6158731","2025-04-06 20:00","2025","04","06","20:00","","2.6","","-9.1","","42","","","","36","","14","","24.1","","99.53","","","","","","NA"
"-79.63","43.68","TORONTO INTL A","6158731","2025-04-06 21:00","2025","04","06","21:00","","1.2","","-8.4","","49","","","","2","","10","","24.1","","99.45","","","","","","NA"
"-79.63","43.68","TORONTO INTL A","6158731","2025-04-06 22:00","2025","04","06","22:00","","1.4","","-8.8","","47","","","","6","","5","","24.1","","99.35","","","","","","Mostly Cloudy"
"-79.63","43.68","TORONTO INTL A","6158731","2025-04-06 23:00","2025","04","06","23:00","","1.4","","-8.8","","47","","","","","","0","","24.1","","99.33","","","","","","NA"
"-79.63","43.68","TORONTO INTL A","6158731","2025-04-07 00:00","2025","04","07","00:00","","1.5","","-8.3","","48","","","","34","","5","","24.1","","99.35","","","","","","NA"
"-79.63","43.68","TORONTO INTL A","6158731","2025-04-07 01:00","2025","04","07","01:00","","1.1","","-8.3","","49","","","","","","0","","24.1","","99.31","","","","","","Mostly Cloudy"
"-79.63","43.68","TORONTO INTL A","6158731","2025-04-07 02:00","2025","04","07","02:00","","0.8","","-8.7","","49","","","","","","0","","24.1","","99.19","","","","","","NA"
"-79.63","43.68","TORONTO INTL A","6158731","2025-04-07 03:00","2025","04","07","03:00","","0.4","","-7.4","","56","","","","","","0","","24.1","","99.16","","","","","","NA"
"-79.63","43.68","TORONTO INTL A","6158731","2025-04-07 04:00","2025","04","07","04:00","","0.2","","-7.2","","58","","","","","","0","","24.1","","99.07","","","","","","Mainly Clear"
"-79.63","43.68","TORONTO INTL A","6158731","2025-04-07 05:00","2025","04","07","05:00","","-0.3","","-7.5","","58","","","","15","","3","","24.1","","99.02","","","","-1","","NA"
"-79.63","43.68","TORONTO INTL A","6158731","2025-04-07 06:00","2025","04","07","06:00","","0.3","","-4.2","","72","","","","13","","7","","24.1","","99.00","","","","","","NA"
"-79.63","43.68","TORONTO INTL A","6158731","2025-04-07 07:00","2025","04","07","07:00","","1.4","","-3.1","","72","","","","12","","8","","24.1","","98.97","","","","","","Clear"
"-79.63","43.68","TORONTO INTL A","6158731","2025-04-07 08:00","2025","04","07","08:00","","2.8","","-3.4","","64","","","","13","","16","","24.1","","98.91","","","","","","NA"
"-79.63","43.68","TORONTO INTL A","6158731","2025-04-07 09:00","2025","04","07","09:00","","4.1","","-2.2","","63","","","","13","","15","","24.1","","98.84","","","","","","NA"
"-79.63","43.68","TORONTO INTL A","6158731","2025-04-07 10:00","2025","04","07","10:00","","4.6","","-2.5","","60","","","","14","","11","","24.1","","98.77","","","","","","Mainly Clear"
"-79.63","43.68","TORONTO INTL A","6158731","2025-04-07 11:00","2025","04","07","11:00","","5.4","","-4.1","","50","","","","15","","9","","24.1","","98.62","","","","","","NA"
"-79.63","43.68","TORONTO INTL A","6158731","2025-04-07 12:00","2025","04","07","12:00","","6.0","","-5.3","","44","","","","15","","27","","24.1","","98.53","","","","","","NA"
"-79.63","43.68","TORONTO INTL A","6158731","2025-04-07 13:00","2025","04","07","13:00","","6.2","","-5.6","","42","","","","16","","17","","24.1","","98.44","","","","","","Mostly Cloudy"
"-79.63","43.68","TORONTO INTL A","6158731","2025-04-07 14:00","2025","04","07","14:00","","6.1","","-4.2","","48","","","","15","","25","","24.1","","98.31","","","","","","NA"
"-79.63","43.68","TORONTO INTL A","6158731","2025-04-07 15:00","2025","04","07","15:00","","5.2","","-3.1","","55","","","","15","","26","","24.1","","98.19","","","","","","NA"
"-79.63","43.68","TORONTO INTL A","6158731","2025-04-07 16:00","2025","04","07","16:00","","5.5","","-1.9","","59","","","","20","","8","","24.1","","98.14","","","","","","Mostly Cloudy"
"-79.63","43.68","TORONTO INTL A","6158731","2025-04-07 17:00","2025","04","07","17:00","","6.2","","-4.0","","48","","","","26","","32","","24.1","","98.13","","","","","","NA"
"-79.63","43.68","TORONTO INTL A","6158731","2025-04-07 18:00","2025","04","07","18:00","","2.9","","-0.7","","77","","","","28","","38","","24.1","","98.27","","","","","","NA"
"-79.63","43.68","TORONTO INTL A","6158731","2025-04-07 19:00","2025","04","07","19:00","","-0.8","","-6.0","","68","","","","30","","52","","24.1","","98.39","","","","-9","","Mostly Cloudy"
"-79.63","43.68","TORONTO INTL A","6158731","2025-04-07 20:00","2025","04","07","20:00","","-1.8","","-8.2","","62","","","","30","","48","","24.1","","98.54","","","","-10","","NA"
"-79.63","43.68","TORONTO INTL A","6158731","2025-04-07 21:00","2025","04","07","21:00","","-2.6","","-9.2","","61","","","","30","","46","","24.1","","98.61","","","","-11","","NA"
"-79.63","43.68","TORONTO INTL A","6158731","2025-04-07 22:00","2025","04","07","22:00","","-3.0","","-9.6","","60","","","","30","","37","","24.1","","98.60","","","","-11","","Mostly Cloudy"
"-79.63","43.68","TORONTO INTL A","6158731","2025-04-07 23:00","2025","04","07","23:00","","-3.7","","-9.8","","63","","","","30","","42","","24.1","","98.59","","","","-13","","NA"
"-79.63","43.68","TORONTO INTL A","6158731","2025-04-08 00:00","2025","04","08","00:00","","-3.9","","-9.7","","64","","","","30","","39","","24.1","","98.62","","","","-13","","NA"
"-79.63","43.68","TORONTO INTL A","6158731","2025-04-08 01:00","2025","04","08","01:00","","-4.0","","-10.5","","60","","","","31","","48","","24.1","","98.62","","","","-13","","Mostly Cloudy"
"-79.63","43.68","TORONTO INTL A","6158731","2025-04-08 02:00","2025","04","08","02:00","","-4.2","","-11.1","","59","","","","31","","53","","24.1","","98.63","","","","-14","","NA"
"-79.63","43.68","TORONTO INTL A","6158731","2025-04-08 03:00","2025","04","08","03:00","","-4.7","","-11.5","","59","","","","31","","36","","24.1","","98.69","","","","-13","","NA"
"-79.63","43.68","TORONTO INTL A","6158731","2025-04-08 04:00","2025","04","08","04:00","","-5.0","","-11.6","","61","","","","31","","39","","24.1","","98.76","","","","-14","","Mostly Cloudy"
"-79.63","43.68","TORONTO INTL A","6158731","2025-04-08 05:00","2025","04","08","05:00","","-5.1","","-10.0","","69","","","","30","","33","","16.1","","98.80","","","","-13","","Snow"
"-79.63","43.68","TORONTO INTL A","6158731","2025-04-08 06:00","2025","04","08","06:00","","-5.4","","-11.9","","60","","","","31","","46","","24.1","","98.87","","","","-15","","NA"
"-79.63","43.68","TORONTO INTL A","6158731","2025-04-08 07:00","2025","04","08","07:00","","-5.2","","-12.7","","56","","","","31","","44","","24.1","","98.98","","","","-15","","Mostly Cloudy"
"-79.63","43.68","TORONTO INTL A","6158731","2025-04-08 08:00","2025","04","08","08:00","","-5.0","","-12.8","","54","","","","31","","51","","24.1","","99.04","","","","-15","","NA"
"-79.63","43.68","TORONTO INTL A","6158731","2025-04-08 09:00","2025","04","08","09:00","","-4.1","","-13.6","","48","","","","32","","39","","24.1","","99.14","","","","-13","","NA"
"-79.63","43.68","TORONTO INTL A","6158731","2025-04-08 10:00","2025","04","08","10:00","","-2.5","","-13.0","","44","","","","32","","41","","24.1","","99.21","","","","-11","","Mostly Cloudy"
"-79.63","43.68","TORONTO INTL A","6158731","2025-04-08 11:00","2025","04","08","11:00","","-1.8","","-12.4","","44","","","","31","","43","","24.1","","99.26","","","","-10","","NA"
"-79.63","43.68","TORONTO INTL A","6158731","2025-04-08 12:00","2025","04","08","12:00","","-0.8","","-11.2","","46","","","","30","","37","","24.1","","99.29","","","","-8","","NA"
"-79.63","43.68","TORONTO INTL A","6158731","2025-04-08 13:00","2025","04","08","13:00","","-0.2","","-10.8","","45","","","","30","","42","","24.1","","99.33","","","","-8","","Mostly Cloudy"
"-79.63","43.68","TORONTO INTL A","6158731","2025-04-08 14:00","2025","04","08","14:00","","0.4","","-10.5","","44","","","","31","","39","","24.1","","99.35","","","","","","NA"
"-79.63","43.68","TORONTO INTL A","6158731","2025-04-08 15:00","2025","04","08","15:00","","0.6","","-10.8","","42","","","","32","","42","","24.1","","99.40","","","","","","NA"
"-79.63","43.68","TORONTO INTL A","6158731","2025-04-08 16:00","2025","04","08","16:00","","1.1","","-9.8","","44","","","","30","","31","","24.1","","99.49","","","","","","Mostly Cloudy"
"-79.63","43.68","TORONTO INTL A","6158731","2025-04-08 17:00","2025","04","08","17:00","","0.0","","-10.6","","45","","","","29","","36","","24.1","","99.57","","","","-7","","NA"
"-79.63","43.68","TORONTO INTL A","6158731","2025-04-08 18:00","2025","04","08","18:00","","-1.4","","-11.8","","45","","","","30","","35","","24.1","","99.68","","","","-9","","NA"
"-79.63","43.68","TORONTO INTL A","6158731","2025-04-08 19:00","2025","04","08","19:00","","-2.3","","-11.0","","51","","","","31","","28","","24.1","","99.74","","","","-9","","Mainly Clear"
"-79.63","43.68","TORONTO INTL A","6158731","2025-04-08 20:00","2025","04","08","20:00","","-2.5","","-12.2","","47","","","","31","","22","","24.1","","99.83","","","","-9","","NA"
"-79.63","43.68","TORONTO INTL A","6158731","2025-04-08 21:00","2025","04","08","21:00","","-2.9","","-12.2","","49","","","","31","","21","","24.1","","99.89","","","","-9","","NA"
"-79.63","43.68","TORONTO INTL A","6158731","2025-04-08 22:00","2025","04","08","22:00","","-3.4","","-11.7","","53","","","","30","","16","","24.1","","99.91","","","","-9","","Clear"
"-79.63","43.68","TORONTO INTL A","6158731","2025-04-08 23:00","2025","04","08","23:00","","-4.8","","-10.8","","63","","","","26","","16","","24.1","","99.96","","","","-11","","NA"
"-79.63","43.68","TORONTO INTL A","6158731","2025-04-09 00:00","2025","04","09","00:00","","-5.1","","-10.1","","68","","","","26","","16","","24.1","","100.00","","","","-11","","NA"
"-79.63","43.68","TORONTO INTL A","6158731","2025-04-09 01:00","2025","04","09","01:00","","-5.9","","-10.2","","72","","","","26","","12","","24.1","","100.02","","","","-11","","Clear"
"-79.63","43.68","TORONTO INTL A","6158731","2025-04-09 02:00","2025","04","09","02:00","","-5.7","","-9.4","","75","","","","26","","14","","24.1","","100.05","","","","-11","","NA"
"-79.63","43.68","TORONTO INTL A","6158731","2025-04-09 03:00","2025","04","09","03:00","","-6.0","","-9.3","","77","","","","26","","15","","24.1","","100.09","","","","-12","","NA"
"-79.63","43.68","TORONTO INTL A","6158731","2025-04-09 04:00","2025","04","09","04:00","","-7.2","","-10.0","","81","","","","26","","11","","24.1","","100.10","","","","-12","","Clear"
"-79.63","43.68","TORONTO INTL A","6158731","2025-04-09 05:00","2025","04","09","05:00","","-6.3","","-8.9","","82","","","","26","","15","","24.1","","100.15","","","","-12","","NA"
"-79.63","43.68","TORONTO INTL A","6158731","2025-04-09 06:00","2025","04","09","06:00","","-5.5","","-8.8","","77","","","","27","","10","","24.1","","100.19","","","","-10","","NA"
"-79.63","43.68","TORONTO INTL A","6158731","2025-04-09 07:00","2025","04","09","07:00","","-2.9","","-7.8","","69","","","","27","","14","","24.1","","100.24","","","","-8","","Mainly Clear"
"-79.63","43.68","TORONTO INTL A","6158731","2025-04-09 08:00","2025","04","09","08:00","","-0.9","","-7.5","","61","","","","26","","18","","24.1","","100.28","","","","-6","","NA"
"-79.63","43.68","TORONTO INTL A","6158731","2025-04-09 09:00","2025","04","09","09:00","","0.4","","-9.3","","48","","","","25","","23","","24.1","","100.32","","","","","","NA"
"-79.63","43.68","TORONTO INTL A","6158731","2025-04-09 10:00","2025","04","09","10:00","","1.1","","-11.3","","39","","","","22","","12","","24.1","","100.30","","","","","","Mostly Cloudy"
"-79.63","43.68","TORONTO INTL A","6158731","2025-04-09 11:00","2025","04","09","11:00","","2.3","","-11.7","","35","","","","26","","17","","24.1","","100.27","","","","","","NA"
"-79.63","43.68","TORONTO INTL A","6158731","2025-04-09 12:00","2025","04","09","12:00","","4.2","","-10.0","","35","","","","25","","17","","24.1","","100.24","","","","","","NA"
"-79.63","43.68","TORONTO INTL A","6158731","2025-04-09 13:00","2025","04","09","13:00","","3.0","","-11.2","","35","","","","28","","5","","24.1","","100.19","","","","","","Cloudy"
"-79.63","43.68","TORONTO INTL A","6158731","2025-04-09 14:00","2025","04","09","14:00","","5.2","","-9.5","","34","","","","23","","15","","24.1","","100.13","","","","","","NA"
"-79.63","43.68","TORONTO INTL A","6158731","2025-04-09 15:00","2025","04","09","15:00","","3.7","","-7.9","","43","","","","14","","16","","24.1","","100.11","","","","","","NA"
"-79.63","43.68","TORONTO INTL A","6158731","2025-04-09 16:00","2025","04","09","16:00","","3.4","","-6.5","","48","","","","15","","17","","24.1","","100.10","","","","","","Mostly Cloudy"
"-79.63","43.68","TORONTO INTL A","6158731","2025-04-09 17:00","2025","04","09","17:00","","4.0","","-5.9","","49","","","","13","","5","","24.1","","100.09","","","","","","NA"
"-79.63","43.68","TORONTO INTL A","6158731","2025-04-09 18:00","2025","04","09","18:00","","4.4","","-7.3","","42","","","","26","","9","","24.1","","100.11","","","","","","NA"
"-79.63","43.68","TORONTO INTL A","6158731","2025-04-09 19:00","2025","04","09","19:00","","4.0","","-7.1","","44","","","","32","","15","","24.1","","100.14","","","","","","Mostly Cloudy"
"-79.63","43.68","TORONTO INTL A","6158731","2025-04-09 20:00","2025","04","09","20:00","","3.2","","-6.7","","48","","","","32","","13","","24.1","","100.19","","","","","","NA"
"-79.63","43.68","TORONTO INTL A","6158731","2025-04-09 21:00","2025","04","09","21:00","","2.2","","-6.2","","54","","","","35","","8","","24.1","","100.27","","","","","","NA"
"-79.63","43.68","TORONTO INTL A","6158731","2025-04-09 22:00","2025","04","09","22:00","","2.5","","-6.0","","54","","","","5","","5","","24.1","","100.27","","","","","","Mostly Cloudy"
"-79.63","43.68","TORONTO INTL A","6158731","2025-04-09 23:00","2025","04","09","23:00","","1.9","","-6.0","","56","","","","7","","6","","24.1","","100.28","","","","","","NA"
"-79.63","43.68","TORONTO INTL A","6158731","2025-04-10 00:00","2025","04","10","00:00","","0.3","","-4.6","","70","","","","5","","8","","24.1","","100.28","","","","","","NA"
"-79.63","43.68","TORONTO INTL A","6158731","2025-04-10 01:00","2025","04","10","01:00","","0.3","","-3.7","","74","","","","6","","7","","24.1","","100.26","","","","","","Mainly Clear"
"-79.63","43.68","TORONTO INTL A","6158731","2025-04-10 02:00","2025","04","10","02:00","","-0.3","","-3.7","","78","","","","5","","8","","24.1","","100.25","","","","-3","","NA"
"-79.63","43.68","TORONTO INTL A","6158731","2025-04-10 03:00","2025","04","10","03:00","","-0.5","","-2.8","","84","","","","6","","7","","24.1","","100.23","","","","-3","","NA"
"-79.63","43.68","TORONTO INTL A","6158731","2025-04-10 04:00","2025","04","10","04:00","","0.3","","-1.9","","85","","","","7","","7","","24.1","","100.23","","","","","","Cloudy"
"-79.63","43.68","TORONTO INTL A","6158731","2025-04-10 05:00","2025","04","10","05:00","","0.4","","-1.9","","84","","","","9","","4","","24.1","","100.21","","","","","","NA"
"-79.63","43.68","TORONTO INTL A","6158731","2025-04-10 06:00","2025","04","10","06:00","","0.6","","-2.2","","81","","","","5","","10","","24.1","","100.19","","","","","","NA"
"-79.63","43.68","TORONTO INTL A","6158731","2025-04-10 07:00","2025","04","10","07:00","","1.2","","-2.8","","75","","","","6","","14","","24.1","","100.18","","","","","","Cloudy"
"-79.63","43.68","TORONTO INTL A","6158731","2025-04-10 08:00","2025","04","10","08:00","","3.0","","-3.5","","62","","","","9","","14","","24.1","","100.17","","","","","","NA"
"-79.63","43.68","TORONTO INTL A","6158731","2025-04-10 09:00","2025","04","10","09:00","","3.9","","-3.9","","57","","","","12","","19","","24.1","","100.13","","","","","","NA"
"-79.63","43.68","TORONTO INTL A","6158731","2025-04-10 10:00","2025","04","10","10:00","","4.5","","-2.0","","63","","","","9","","15","","24.1","","100.11","","","","","","Cloudy"
"-79.63","43.68","TORONTO INTL A","6158731","2025-04-10 11:00","2025","04","10","11:00","","3.6","","-3.3","","61","","","","11","","26","","16.1","","100.08","","","","","","Snow"
"-79.63","43.68","TORONTO INTL A","6158731","2025-04-10 12:00","2025","04","10","12:00","","3.9","","-3.5","","58","","","","9","","21","","19.3","","99.99","","","","","","Snow"
"-79.63","43.68","TORONTO INTL A","6158731","2025-04-10 13:00","2025","04","10","13:00","","3.7","","-2.3","","65","","","","8","","22","","16.1","","99.97","","","","","","Snow"
"-79.63","43.68","TORONTO INTL A","6158731","2025-04-10 14:00","2025","04","10","14:00","","3.2","","-2.6","","66","","","","8","","28","","16.1","","99.94","","","","","","Snow"
"-79.63","43.68","TORONTO INTL A","6158731","2025-04-10 15:00","2025","04","10","15:00","","1.5","","0.6","","94","","","","8","","26","","9.7","","99.92","","","","","","Snow"
"-79.63","43.68","TORONTO INTL A","6158731","2025-04-10 16:00","2025","04","10","16:00","","1.6","","0.6","","93","","","","7","","24","","9.7","","99.89","","","","","","Snow"
"-79.63","43.68","TORONTO INTL A","6158731","2025-04-10 17:00","2025","04","10","17:00","","1.1","","0.9","","98","","","","7","","22","","4.8","","99.91","","","","","","Snow"
"-79.63","43.68","TORONTO INTL A","6158731","2025-04-10 18:00","2025","04","10","18:00","","0.8","","0.8","","100","","","","6","","15","","4.8","","99.91","","","","","","Snow"
"-79.63","43.68","TORONTO INTL A","6158731","2025-04-10 19:00","2025","04","10","19:00","","0.9","","0.9","","100","","","","5","","13","","6.4","","99.88","","","","","","Snow"
"-79.63","43.68","TORONTO INTL A","6158731","2025-04-10 20:00","2025","04","10","20:00","","1.2","","1.2","","100","","","","3","","16","","6.4","","99.89","","","","","","Snow"
"-79.63","43.68","TORONTO INTL A","6158731","2025-04-10 21:00","2025","04","10","21:00","","1.4","","1.4","","100","","","","4","","17","","6.4","","99.88","","","","","","Rain,Snow"
"-79.63","43.68","TORONTO INTL A","6158731","2025-04-10 22:00","2025","04","10","22:00","","1.5","","1.5","","100","","","","3","","20","","4.8","","99.85","","","","","","Rain,Snow"
"-79.63","43.68","TORONTO INTL A","6158731","2025-04-10 23:00","2025","04","10","23:00","","1.6","","1.6","","100","","","","3","","16","","6.4","","99.81","","","","","","Rain,Snow"
"-79.63","43.68","TORONTO INTL A","6158731","2025-04-11 00:00","2025","04","11","00:00","","1.6","","1.6","","100","","","","2","","21","","8.1","","99.80","","","","","","Rain,Fog"
"-79.63","43.68","TORONTO INTL A","6158731","2025-04-11 01:00","2025","04","11","01:00","","1.5","","1.5","","100","","","","1","","18","","8.1","","99.76","","","","","","Snow,Fog"
"-79.63","43.68","TORONTO INTL A","6158731","2025-04-11 02:00","2025","04","11","02:00","","1.2","","1.2","","100","","","","36","","17","","8.1","","99.72","","","","","","Snow,Fog"
"-79.63","43.68","TORONTO INTL A","6158731","2025-04-11 03:00","2025","04","11","03:00","","1.1","","1.1","","100","","","","36","","16","","9.7","","99.72","","","","","","Snow"
"-79.63","43.68","TORONTO INTL A","6158731","2025-04-11 04:00","2025","04","11","04:00","","1.1","","1.1","","100","","","","1","","20","","9.7","","99.72","","","","","","Snow"
"-79.63","43.68","TORONTO INTL A","6158731","2025-04-11 05:00","2025","04","11","05:00","","1.2","","1.2","","100","","","","1","","22","","9.7","","99.75","","","","","","Snow"
"-79.63","43.68","TORONTO INTL A","6158731","2025-04-11 06:00","2025","04","11","06:00","","1.2","","1.2","","100","","","","36","","19","","9.7","","99.80","","","","","","Snow"
"-79.63","43.68","TORONTO INTL A","6158731","2025-04-11 07:00","2025","04","11","07:00","","1.4","","1.4","","100","","","","35","","20","","9.7","","99.85","","","","","","Snow"
"-79.63","43.68","TORONTO INTL A","6158731","2025-04-11 08:00","2025","04","11","08:00","","1.9","","1.9","","100","","","","36","","21","","12.9","","99.85","","","","","","Snow"
"-79.63","43.68","TORONTO INTL A","6158731","2025-04-11 09:00","2025","04","11","09:00","","2.2","","1.4","","95","","","","36","","21","","24.1","","99.89","","","","","","NA"
"-79.63","43.68","TORONTO INTL A","6158731","2025-04-11 10:00","2025","04","11","10:00","","3.2","","2.0","","92","","","","36","","25","","24.1","","99.90","","","","","","Cloudy"
"-79.63","43.68","TORONTO INTL A","6158731","2025-04-11 11:00","2025","04","11","11:00","","3.7","","2.0","","89","","","","1","","21","","24.1","","99.94","","","","","","NA"
"-79.63","43.68","TORONTO INTL A","6158731","2025-04-11 12:00","2025","04","11","12:00","","4.0","","2.0","","87","","","","36","","17","","24.1","","99.95","","","","","","NA"
"-79.63","43.68","TORONTO INTL A","6158731","2025-04-11 13:00","2025","04","11","13:00","","4.4","","2.3","","86","","","","2","","14","","24.1","","99.94","","","","","","Cloudy"
"-79.63","43.68","TORONTO INTL A","6158731","2025-04-11 14:00","2025","04","11","14:00","","4.3","","2.0","","85","","","","4","","13","","24.1","","99.92","","","","","","NA"
"-79.63","43.68","TORONTO INTL A","6158731","2025-04-11 15:00","2025","04","11","15:00","","4.2","","2.1","","86","","","","1","","20","","24.1","","99.90","","","","","","NA"
"-79.63","43.68","TORONTO INTL A","6158731","2025-04-11 16:00","2025","04","11","16:00","","4.4","","2.4","","86","","","","35","","17","","24.1","","99.90","","","","","","Cloudy"
"-79.63","43.68","TORONTO INTL A","6158731","2025-04-11 17:00","2025","04","11","17:00","","4.3","","3.0","","91","","","","1","","13","","24.1","","99.96","","","","","","Rain"
"-79.63","43.68","TORONTO INTL A","6158731","2025-04-11 18:00","2025","04","11","18:00","","4.0","","3.0","","93","","","","1","","13","","24.1","","99.96","","","","","","NA"
"-79.63","43.68","TORONTO INTL A","6158731","2025-04-11 19:00","2025","04","11","19:00","","3.7","","3.5","","98","","","","36","","18","","19.3","","99.97","","","","","","Drizzle"
"-79.63","43.68","TORONTO INTL A","6158731","2025-04-11 20:00","2025","04","11","20:00","","3.9","","3.7","","99","","","","1","","16","","24.1","","100.00","","","","","","NA"
"-79.63","43.68","TORONTO INTL A","6158731","2025-04-11 21:00","2025","04","11","21:00","","3.9","","3.8","","99","","","","1","","12","","24.1","","100.02","","","","","","NA"
"-79.63","43.68","TORONTO INTL A","6158731","2025-04-11 22:00","2025","04","11","22:00","","4.0","","3.2","","95","","","","3","","13","","24.1","","100.02","","","","","","Cloudy"
"-79.63","43.68","TORONTO INTL A","6158731","2025-04-11 23:00","2025","04","11","23:00","","4.0","","2.9","","93","","","","2","","13","","24.1","","100.01","","","","","","NA"
"-79.63","43.68","TORONTO INTL A","6158731","2025-04-12 00:00","2025","04","12","00:00","","3.6","","2.8","","94","","","","4","","11","","24.1","","99.99","","","","","","NA"
"-79.63","43.68","TORONTO INTL A","6158731","2025-04-12 01:00","2025","04","12","01:00","","3.4","","2.6","","95","","","","3","","9","","24.1","","99.98","","","","","","Cloudy"
"-79.63","43.68","TORONTO INTL A","6158731","2025-04-12 02:00","2025","04","12","02:00","","3.3","","2.6","","95","","","","35","","12","","24.1","","99.93","","","","","","NA"
"-79.63","43.68","TORONTO INTL A","6158731","2025-04-12 03:00","2025","04","12","03:00","","3.1","","2.6","","97","","","","36","","11","","24.1","","99.89","","","","","","NA"
"-79.63","43.68","TORONTO INTL A","6158731","2025-04-12 04:00","2025","04","12","04:00","","2.8","","2.4","","97","","","","1","","13","","24.1","","99.90","","","","","","Cloudy"
"-79.63","43.68","TORONTO INTL A","6158731","2025-04-12 05:00","2025","04","12","05:00","","2.8","","2.4","","97","","","","35","","10","","24.1","","99.95","","","","","","NA"
"-79.63","43.68","TORONTO INTL A","6158731","2025-04-12 06:00","2025","04","12","06:00","","3.0","","2.4","","96","","","","35","","13","","24.1","","99.96","","","","","","NA"
"-79.63","43.68","TORONTO INTL A","6158731","2025-04-12 07:00","2025","04","12","07:00","","3.5","","2.4","","93","","","","36","","16","","24.1","","100.00","","","","","","Cloudy"
"-79.63","43.68","TORONTO INTL A","6158731","2025-04-12 08:00","2025","04","12","08:00","","4.2","","2.4","","88","","","","36","","16","","24.1","","100.01","","","","","","NA"
"-79.63","43.68","TORONTO INTL A","6158731","2025-04-12 09:00","2025","04","12","09:00","","6.0","","2.4","","78","","","","1","","14","","24.1","","100.02","","","","","","NA"
"-79.63","43.68","TORONTO INTL A","6158731","2025-04-12 10:00","2025","04","12","10:00","","8.3","","1.6","","63","","","","5","","16","","24.1","","100.03","","","","","","Mostly Cloudy"
"-79.63","43.68","TORONTO INTL A","6158731","2025-04-12 11:00","2025","04","12","11:00","","7.9","","1.2","","62","","","","5","","14","","24.1","","100.03","","","","","","NA"
"-79.63","43.68","TORONTO INTL A","6158731","2025-04-12 12:00","2025","04","12","12:00","","8.6","","2.1","","64","","","","2","","7","","24.1","","99.98","","","","","","NA"
"-79.63","43.68","TORONTO INTL A","6158731","2025-04-12 13:00","2025","04","12","13:00","","9.7","","1.8","","58","","","","36","","10","","24.1","","99.91","","","","","","Mostly Cloudy"
"-79.63","43.68","TORONTO INTL A","6158731","2025-04-12 14:00","2025","04","12","14:00","","9.1","","2.9","","65","","","","14","","12","","24.1","","99.88","","","","","","NA"
"-79.63","43.68","TORONTO INTL A","6158731","2025-04-12 15:00","2025","04","12","15:00","","8.8","","2.7","","65","","","","16","","11","","24.1","","99.80","","","","","","NA"
"-79.63","43.68","TORONTO INTL A","6158731","2025-04-12 16:00","2025","04","12","16:00","","9.2","","2.6","","63","","","","14","","11","","24.1","","99.77","","","","","","Mostly Cloudy"
"-79.63","43.68","TORONTO INTL A","6158731","2025-04-12 17:00","2025","04","12","17:00","","10.1","","2.4","","59","","","","14","","8","","24.1","","99.76","","","","","","NA"
"-79.63","43.68","TORONTO INTL A","6158731","2025-04-12 18:00","2025","04","12","18:00","","7.6","","2.1","","68","","","","15","","10","","24.1","","99.76","","","","","","NA"
"-79.63","43.68","TORONTO INTL A","6158731","2025-04-12 19:00","2025","04","12","19:00","","6.3","","1.6","","72","","","","14","","12","","24.1","","99.75","","","","","","Mainly Clear"
"-79.63","43.68","TORONTO INTL A","6158731","2025-04-12 20:00","2025","04","12","20:00","","5.3","","1.6","","77","","","","16","","5","","24.1","","99.81","","","","","","NA"
"-79.63","43.68","TORONTO INTL A","6158731","2025-04-12 21:00","2025","04","12","21:00","","5.0","","1.5","","78","","","","20","","5","","24.1","","99.84","","","","","","NA"
"-79.63","43.68","TORONTO INTL A","6158731","2025-04-12 22:00","2025","04","12","22:00","","4.7","","1.8","","82","","","","","","0","","24.1","","99.83","","","","","","Mainly Clear"
"-79.63","43.68","TORONTO INTL A","6158731","2025-04-12 23:00","2025","04","12","23:00","","4.8","","1.7","","81","","","","","","0","","24.1","","99.82","","","","","","NA"
"-79.63","43.68","TORONTO INTL A","6158731","2025-04-13 00:00","2025","04","13","00:00","","2.2","","0.7","","90","","","","29","","4","","24.1","","99.82","","","","","","NA"
"-79.63","43.68","TORONTO INTL A","6158731","2025-04-13 01:00","2025","04","13","01:00","","3.9","","1.6","","85","","","","30","","4","","24.1","","99.80","","","","","","Clear"
"-79.63","43.68","TORONTO INTL A","6158731","2025-04-13 02:00","2025","04","13","02:00","","2.0","","0.7","","91","","","","31","","7","","24.1","","99.76","","","","","","NA"
"-79.63","43.68","TORONTO INTL A","6158731","2025-04-13 03:00","2025","04","13","03:00","","0.9","","0.5","","97","","","","34","","6","","24.1","","99.75","","","","","","NA"
"-79.63","43.68","TORONTO INTL A","6158731","2025-04-13 04:00","2025","04","13","04:00","","0.7","","0.0","","95","","","","","","0","","24.1","","99.78","","","","","","Mainly Clear"
"-79.63","43.68","TORONTO INTL A","6158731","2025-04-13 05:00","2025","04","13","05:00","","-1.4","","-3.0","","89","","","","32","","8","","24.1","","99.78","","","","-4","","NA"
"-79.63","43.68","TORONTO INTL A","6158731","2025-04-13 06:00","2025","04","13","06:00","","2.0","","-3.0","","69","","","","32","","5","","24.1","","99.83","","","","","","NA"
"-79.63","43.68","TORONTO INTL A","6158731","2025-04-13 07:00","2025","04","13","07:00","","3.8","","-2.7","","63","","","","2","","3","","24.1","","99.86","","","","","","Mainly Clear"
"-79.63","43.68","TORONTO INTL A","6158731","2025-04-13 08:00","2025","04","13","08:00","","6.9","","-2.8","","50","","","","31","","8","","24.1","","99.86","","","","","","NA"
"-79.63","43.68","TORONTO INTL A","6158731","2025-04-13 09:00","2025","04","13","09:00","","10.5","","-5.6","","32","","","","2","","8","","24.1","","99.83","","","","","","NA"
"-79.63","43.68","TORONTO INTL A","6158731","2025-04-13 10:00","2025","04","13","10:00","","12.8","","-5.9","","26","","","","25","","9","","24.1","","99.78","","","","","","Clear"
"-79.63","43.68","TORONTO INTL A","6158731","2025-04-13 11:00","2025","04","13","11:00","","12.3","","-9.0","","22","","","","","","0","","24.1","","99.72","","","","","","NA"
"-79.63","43.68","TORONTO INTL A","6158731","2025-04-13 12:00","2025","04","13","12:00","","13.4","","-8.4","","21","","","","33","","8","","24.1","","99.67","","","","","","NA"
"-79.63","43.68","TORONTO INTL A","6158731","2025-04-13 13:00","2025","04","13","13:00","","14.1","","-3.5","","29","","","","15","","16","","24.1","","99.61","","","","","","Clear"
"-79.63","43.68","TORONTO INTL A","6158731","2025-04-13 14:00","2025","04","13","14:00","","13.6","","-1.8","","34","","","","15","","17","","24.1","","99.53","","","","","","NA"
"-79.63","43.68","TORONTO INTL A","6158731","2025-04-13 15:00","2025","04","13","15:00","","13.0","","-1.8","","36","","","","16","","14","","24.1","","99.49","","","","","","NA"
"-79.63","43.68","TORONTO INTL A","6158731","2025-04-13 16:00","2025","04","13","16:00","","13.6","","-4.1","","29","","","","13","","20","","24.1","","99.40","","","","","","Mainly Clear"
"-79.63","43.68","TORONTO INTL A","6158731","2025-04-13 17:00","2025","04","13","17:00","","12.8","","-3.0","","33","","","","16","","14","","24.1","","99.42","","","","","","NA"
"-79.63","43.68","TORONTO INTL A","6158731","2025-04-13 18:00","2025","04","13","18:00","","11.9","","-2.1","","37","","","","15","","16","","24.1","","99.39","","","","","","NA"
"-79.63","43.68","TORONTO INTL A","6158731","2025-04-13 19:00","2025","04","13","19:00","","10.3","","-0.8","","46","","","","15","","16","","24.1","","99.32","","","","","","Mostly Cloudy"
"-79.63","43.68","TORONTO INTL A","6158731","2025-04-13 20:00","2025","04","13","20:00","","9.7","","-1.5","","45","","","","15","","13","","24.1","","99.30","","","","","","NA"
"-79.63","43.68","TORONTO INTL A","6158731","2025-04-13 21:00","2025","04","13","21:00","","8.0","","-1.1","","52","","","","15","","10","","24.1","","99.30","","","","","","NA"
"-79.63","43.68","TORONTO INTL A","6158731","2025-04-13 22:00","2025","04","13","22:00","","7.1","","0.0","","60","","","","13","","8","","24.1","","99.25","","","","","","Mostly Cloudy"
"-79.63","43.68","TORONTO INTL A","6158731","2025-04-13 23:00","2025","04","13","23:00","","7.3","","0.1","","60","","","","14","","8","","24.1","","99.25","","","","","","NA"
"-79.63","43.68","TORONTO INTL A","6158731","2025-04-14 00:00","2025","04","14","00:00","","7.3","","-0.4","","58","","","","15","","9","","24.1","","99.28","","","","","","NA"
"-79.63","43.68","TORONTO INTL A","6158731","2025-04-14 01:00","2025","04","14","01:00","","6.9","","-0.3","","60","","","","14","","6","","24.1","","99.23","","","","","","Mostly Cloudy"
"-79.63","43.68","TORONTO INTL A","6158731","2025-04-14 02:00","2025","04","14","02:00","","7.3","","-1.4","","54","","","","15","","5","","24.1","","99.11","","","","","","NA"
"-79.63","43.68","TORONTO INTL A","6158731","2025-04-14 03:00","2025","04","14","03:00","","7.1","","-1.8","","53","","","","10","","7","","24.1","","99.02","","","","","","NA"
"-79.63","43.68","TORONTO INTL A","6158731","2025-04-14 04:00","2025","04","14","04:00","","7.3","","-1.9","","52","","","","14","","7","","24.1","","98.95","","","","","","Cloudy"
"-79.63","43.68","TORONTO INTL A","6158731","2025-04-14 05:00","2025","04","14","05:00","","6.7","","-0.4","","60","","","","16","","7","","19.3","","98.93","","","","","","Rain"
"-79.63","43.68","TORONTO INTL A","6158731","2025-04-14 06:00","2025","04","14","06:00","","5.6","","2.8","","82","","","","11","","8","","16.1","","98.91","","","","","","Rain"
"-79.63","43.68","TORONTO INTL A","6158731","2025-04-14 07:00","2025","04","14","07:00","","6.0","","4.1","","87","","","","13","","6","","24.1","","98.83","","","","","","Mostly Cloudy"
"-79.63","43.68","TORONTO INTL A","6158731","2025-04-14 08:00","2025","04","14","08:00","","6.8","","4.0","","82","","","","10","","9","","24.1","","98.73","","","","","","NA"
"-79.63","43.68","TORONTO INTL A","6158731","2025-04-14 09:00","2025","04","14","09:00","","9.1","","2.8","","65","","","","13","","17","","24.1","","98.59","","","","","","NA"
"-79.63","43.68","TORONTO INTL A","6158731","2025-04-14 10:00","2025","04","14","10:00","","11.1","","3.0","","57","","","","14","","17","","24.1","","98.51","","","","","","Mostly Cloudy"
"-79.63","43.68","TORONTO INTL A","6158731","2025-04-14 11:00","2025","04","14","11:00","","11.4","","2.2","","53","","","","13","","16","","24.1","","98.45","","","","","","NA"
"-79.63","43.68","TORONTO INTL A","6158731","2025-04-14 12:00","2025","04","14","12:00","","12.9","","3.9","","54","","","","15","","13","","24.1","","98.36","","","","","","NA"
"-79.63","43.68","TORONTO INTL A","6158731","2025-04-14 13:00","2025","04","14","13:00","","12.8","","3.6","","53","","","","15","","10","","24.1","","98.29","","","","","","Cloudy"
"-79.63","43.68","TORONTO INTL A","6158731","2025-04-14 14:00","2025","04","14","14:00","","14.2","","3.9","","50","","","","15","","17","","24.1","","98.12","","","","","","NA"
"-79.63","43.68","TORONTO INTL A","6158731","2025-04-14 15:00","2025","04","14","15:00","","13.8","","3.7","","50","","","","14","","17","","24.1","","98.04","","","","","","NA"
"-79.63","43.68","TORONTO INTL A","6158731","2025-04-14 16:00","2025","04","14","16:00","","12.8","","3.5","","53","","","","13","","16","","24.1","","98.01","","","","","","Mostly Cloudy"
"-79.63","43.68","TORONTO INTL A","6158731","2025-04-14 17:00","2025","04","14","17:00","","14.6","","5.4","","54","","","","17","","10","","24.1","","97.91","","","","","","NA"
"-79.63","43.68","TORONTO INTL A","6158731","2025-04-14 18:00","2025","04","14","18:00","","14.4","","5.8","","56","","","","17","","8","","24.1","","97.86","","","","","","NA"
"-79.63","43.68","TORONTO INTL A","6158731","2025-04-14 19:00","2025","04","14","19:00","","12.5","","5.8","","63","","","","16","","8","","24.1","","97.87","","","","","","Mainly Clear"
"-79.63","43.68","TORONTO INTL A","6158731","2025-04-14 20:00","2025","04","14","20:00","","12.8","","7.3","","69","","","","21","","9","","24.1","","97.91","","","","","","NA"
"-79.63","43.68","TORONTO INTL A","6158731","2025-04-14 21:00","2025","04","14","21:00","","14.6","","2.3","","43","","","","28","","23","","24.1","","97.98","","","","","","NA"
"-79.63","43.68","TORONTO INTL A","6158731","2025-04-14 22:00","2025","04","14","22:00","","13.8","","1.0","","41","","","","30","","26","","24.1","","97.99","","","","","","Mainly Clear"
"-79.63","43.68","TORONTO INTL A","6158731","2025-04-14 23:00","2025","04","14","23:00","","11.8","","1.5","","49","","","","31","","16","","24.1","","98.02","","","","","","NA"
"-79.63","43.68","TORONTO INTL A","6158731","2025-04-15 00:00","2025","04","15","00:00","","8.4","","0.7","","58","","","","27","","9","","24.1","","98.00","","","","","","NA"
"-79.63","43.68","TORONTO INTL A","6158731","2025-04-15 01:00","2025","04","15","01:00","","7.7","","1.2","","63","","","","23","","12","","24.1","","97.96","","","","","","Mainly Clear"
"-79.63","43.68","TORONTO INTL A","6158731","2025-04-15 02:00","2025","04","15","02:00","","7.7","","1.8","","66","","","","25","","13","","24.1","","97.95","","","","","","NA"
"-79.63","43.68","TORONTO INTL A","6158731","2025-04-15 03:00","2025","04","15","03:00","","8.4","","2.6","","67","","","","25","","9","","24.1","","97.87","","","","","","NA"
"-79.63","43.68","TORONTO INTL A","6158731","2025-04-15 04:00","2025","04","15","04:00","","8.9","","2.5","","64","","","","23","","11","","24.1","","97.78","","","","","","Mostly Cloudy"
"-79.63","43.68","TORONTO INTL A","6158731","2025-04-15 05:00","2025","04","15","05:00","","9.2","","2.4","","62","","","","23","","11","","24.1","","97.71","","","","","","NA"
"-79.63","43.68","TORONTO INTL A","6158731","2025-04-15 06:00","2025","04","15","06:00","","8.3","","1.4","","62","","","","26","","27","","24.1","","97.72","","","","","","NA"
"-79.63","43.68","TORONTO INTL A","6158731","2025-04-15 07:00","2025","04","15","07:00","","8.2","","1.3","","61","","","","26","","25","","24.1","","97.73","","","","","","Mainly Clear"
"-79.63","43.68","TORONTO INTL A","6158731","2025-04-15 08:00","2025","04","15","08:00","","8.7","","1.1","","59","","","","24","","27","","24.1","","97.70","","","","","","NA"
"-79.63","43.68","TORONTO INTL A","6158731","2025-04-15 09:00","2025","04","15","09:00","","9.3","","1.1","","57","","","","26","","41","","24.1","","97.67","","","","","","NA"
"-79.63","43.68","TORONTO INTL A","6158731","2025-04-15 10:00","2025","04","15","10:00","","8.8","","2.9","","67","","","","26","","38","","24.1","","97.70","","","","","","Mostly Cloudy"
"-79.63","43.68","TORONTO INTL A","6158731","2025-04-15 11:00","2025","04","15","11:00","","8.6","","1.5","","61","","","","28","","40","","24.1","","97.75","","","","","","NA"
"-79.63","43.68","TORONTO INTL A","6158731","2025-04-15 12:00","2025","04","15","12:00","","8.4","","0.3","","57","","","","27","","45","","24.1","","97.77","","","","","","NA"
"-79.63","43.68","TORONTO INTL A","6158731","2025-04-15 13:00","2025","04","15","13:00","","9.6","","-0.4","","50","","","","28","","37","","24.1","","97.80","","","","","","Mostly Cloudy"
"-79.63","43.68","TORONTO INTL A","6158731","2025-04-15 14:00","2025","04","15","14:00","","6.0","","-2.3","","55","","","","28","","49","","24.1","","97.89","","","","","","NA"
"-79.63","43.68","TORONTO INTL A","6158731","2025-04-15 15:00","2025","04","15","15:00","","6.1","","-2.7","","53","","","","29","","50","","24.1","","98.00","","","","","","NA"
"-79.63","43.68","TORONTO INTL A","6158731","2025-04-15 16:00","2025","04","15","16:00","","4.7","","-3.0","","58","","","","29","","53","","24.1","","98.09","","","","","","Cloudy"
"-79.63","43.68","TORONTO INTL A","6158731","2025-04-15 17:00","2025","04","15","17:00","","4.0","","-2.7","","62","","","","30","","42","","24.1","","98.18","","","","","","NA"
"-79.63","43.68","TORONTO INTL A","6158731","2025-04-15 18:00","2025","04","15","18:00","","3.1","","-2.0","","69","","","","30","","39","","24.1","","98.25","","","","","","NA"
"-79.63","43.68","TORONTO INTL A","6158731","2025-04-15 19:00","2025","04","15","19:00","","3.1","","-2.5","","66","","","","29","","43","","24.1","","98.30","","","","","","Cloudy"
"-79.63","43.68","TORONTO INTL A","6158731","2025-04-15 20:00","2025","04","15","20:00","","3.0","","-3.0","","65","","","","31","","46","","24.1","","98.38","","","","","","Snow"
"-79.63","43.68","TORONTO INTL A","6158731","2025-04-15 21:00","2025","04","15","21:00","","2.5","","-2.2","","71","","","","29","","31","","24.1","","98.45","","","","","","Snow"
"-79.63","43.68","TORONTO INTL A","6158731","2025-04-15 22:00","2025","04","15","22:00","","2.1","","-2.4","","72","","","","29","","34","","24.1","","98.46","","","","","","Cloudy"
"-79.63","43.68","TORONTO INTL A","6158731","2025-04-15 23:00","2025","04","15","23:00","","2.1","","-2.7","","70","","","","30","","31","","24.1","","98.48","","","","","","NA"
"-79.63","43.68","TORONTO INTL A","6158731","2025-04-16 00:00","2025","04","16","00:00","","2.2","","-2.6","","71","","","","30","","32","","24.1","","98.53","","","","","","NA"
"-79.63","43.68","TORONTO INTL A","6158731","2025-04-16 01:00","2025","04","16","01:00","","2.4","","-3.0","","67","","","","30","","31","","24.1","","98.55","","","","","","Mostly Cloudy"
"-79.63","43.68","TORONTO INTL A","6158731","2025-04-16 02:00","2025","04","16","02:00","","2.3","","-2.6","","70","","","","30","","33","","24.1","","98.57","","","","","","NA"
"-79.63","43.68","TORONTO INTL A","6158731","2025-04-16 03:00","2025","04","16","03:00","","2.4","","-2.9","","68","","","","31","","31","","24.1","","98.58","","","","","","NA"
"-79.63","43.68","TORONTO INTL A","6158731","2025-04-16 04:00","2025","04","16","04:00","","2.3","","-3.0","","68","","","","31","","27","","24.1","","98.64","","","","","","Mostly Cloudy"
"-79.63","43.68","TORONTO INTL A","6158731","2025-04-16 05:00","2025","04","16","05:00","","2.4","","-3.1","","67","","","","32","","30","","24.1","","98.71","","","","","","NA"
"-79.63","43.68","TORONTO INTL A","6158731","2025-04-16 06:00","2025","04","16","06:00","","1.8","","-3.5","","68","","","","34","","30","","24.1","","98.80","","","","","","NA"
"-79.63","43.68","TORONTO INTL A","6158731","2025-04-16 07:00","2025","04","16","07:00","","1.8","","-4.4","","63","","","","31","","37","","24.1","","98.87","","","","","","Mostly Cloudy"
"-79.63","43.68","TORONTO INTL A","6158731","2025-04-16 08:00","2025","04","16","08:00","","2.2","","-4.4","","62","","","","31","","39","","24.1","","98.93","","","","","","NA"
"-79.63","43.68","TORONTO INTL A","6158731","2025-04-16 09:00","2025","04","16","09:00","","2.2","","-4.2","","63","","","","31","","39","","24.1","","98.99","","","","","","NA"
"-79.63","43.68","TORONTO INTL A","6158731","2025-04-16 10:00","2025","04","16","10:00","","3.7","","-4.0","","57","","","","29","","36","","24.1","","99.05","","","","","","Mostly Cloudy"
"-79.63","43.68","TORONTO INTL A","6158731","2025-04-16 11:00","2025","04","16","11:00","","3.6","","-3.5","","60","","","","29","","38","","24.1","","99.11","","","","","","NA"
"-79.63","43.68","TORONTO INTL A","6158731","2025-04-16 12:00","2025","04","16","12:00","","3.8","","-3.2","","60","","","","30","","38","","24.1","","99.15","","","","","","NA"
"-79.63","43.68","TORONTO INTL A","6158731","2025-04-16 13:00","2025","04","16","13:00","","4.3","","-2.4","","62","","","","30","","36","","24.1","","99.17","","","","","","Cloudy"
"-79.63","43.68","TORONTO INTL A","6158731","2025-04-16 14:00","2025","04","16","14:00","","5.2","","-2.2","","59","","","","30","","37","","24.1","","99.20","","","","","","NA"
"-79.63","43.68","TORONTO INTL A","6158731","2025-04-16 15:00","2025","04","16","15:00","","5.3","","-2.1","","59","","","","31","","41","","24.1","","99.26","","","","","","NA"
"-79.63","43.68","TORONTO INTL A","6158731","2025-04-16 16:00","2025","04","16","16:00","","5.8","","-2.2","","56","","","","30","","35","","24.1","","99.32","","","","","","Mostly Cloudy"
"-79.63","43.68","TORONTO INTL A","6158731","2025-04-16 17:00","2025","04","16","17:00","","5.1","","-2.3","","59","","","","31","","30","","24.1","","99.40","","","","","","NA"
"-79.63","43.68","TORONTO INTL A","6158731","2025-04-16 18:00","2025","04","16","18:00","","5.0","","-2.4","","59","","","","30","","27","","24.1","","99.45","","","","","","NA"
"-79.63","43.68","TORONTO INTL A","6158731","2025-04-16 19:00","2025","04","16","19:00","","4.7","","-2.8","","58","","","","30","","26","","24.1","","99.52","","","","","","Mainly Clear"
"-79.63","43.68","TORONTO INTL A","6158731","2025-04-16 20:00","2025","04","16","20:00","","3.5","","-2.9","","63","","","","30","","20","","24.1","","99.62","","","","","","NA"
"-79.63","43.68","TORONTO INTL A","6158731","2025-04-16 21:00","2025","04","16","21:00","","2.8","","-3.3","","64","","","","29","","20","","24.1","","99.69","","","","","","NA"
"-79.63","43.68","TORONTO INTL A","6158731","2025-04-16 22:00","2025","04","16","22:00","","2.4","","-4.5","","61","","","","30","","23","","24.1","","99.71","","","","","","Clear"
"-79.63","43.68","TORONTO INTL A","6158731","2025-04-16 23:00","2025","04","16","23:00","","2.0","","-5.6","","57","","","","30","","17","","24.1","","99.74","","","","","","NA"
"-79.63","43.68","TORONTO INTL A","6158731","2025-04-17 00:00","2025","04","17","00:00","","0.7","","-6.0","","61","","","","31","","13","","24.1","","99.82","","","","","","NA"
"-79.63","43.68","TORONTO INTL A","6158731","2025-04-17 01:00","2025","04","17","01:00","","0.6","","-6.0","","61","","","","24","","4","","24.1","","99.86","","","","","","Clear"
"-79.63","43.68","TORONTO INTL A","6158731","2025-04-17 02:00","2025","04","17","02:00","","-0.2","","-6.0","","65","","","","30","","14","","24.1","","99.88","","","","-4","","NA"
"-79.63","43.68","TORONTO INTL A","6158731","2025-04-17 03:00","2025","04","17","03:00","","-1.8","","-6.7","","69","","","","26","","11","","24.1","","99.95","","","","-6","","NA"
"-79.63","43.68","TORONTO INTL A","6158731","2025-04-17 04:00","2025","04","17","04:00","","-3.4","","-6.7","","78","","","","27","","9","","24.1","","99.96","","","","-7","","Clear"
"-79.63","43.68","TORONTO INTL A","6158731","2025-04-17 05:00","2025","04","17","05:00","","-1.1","","-5.7","","71","","","","29","","8","","24.1","","99.99","","","","-4","","NA"
"-79.63","43.68","TORONTO INTL A","6158731","2025-04-17 06:00","2025","04","17","06:00","","-1.1","","-5.5","","72","","","","28","","11","","24.1","","100.03","","","","-5","","NA"
"-79.63","43.68","TORONTO INTL A","6158731","2025-04-17 07:00","2025","04","17","07:00","","1.6","","-4.0","","66","","","","30","","17","","24.1","","100.08","","","","","","Clear"
"-79.63","43.68","TORONTO INTL A","6158731","2025-04-17 08:00","2025","04","17","08:00","","4.2","","-3.8","","56","","","","33","","13","","24.1","","100.15","","","","","","NA"
"-79.63","43.68","TORONTO INTL A","6158731","2025-04-17 09:00","2025","04","17","09:00","","5.7","","-4.3","","49","","","","33","","6","","24.1","","100.16","","","","","","NA"
"-79.63","43.68","TORONTO INTL A","6158731","2025-04-17 10:00","2025","04","17","10:00","","7.4","","-4.8","","42","","","","28","","3","","24.1","","100.16","","","","","","Mainly Clear"
"-79.63","43.68","TORONTO INTL A","6158731","2025-04-17 11:00","2025","04","17","11:00","","9.4","","-6.5","","32","","","","23","","10","","24.1","","100.19","","","","","","NA"
"-79.63","43.68","TORONTO INTL A","6158731","2025-04-17 12:00","2025","04","17","12:00","","10.4","","-7.8","","27","","","","33","","12","","24.1","","100.18","","","","","","NA"
"-79.63","43.68","TORONTO INTL A","6158731","2025-04-17 13:00","2025","04","17","13:00","","10.4","","-5.5","","32","","","","15","","21","","24.1","","100.17","","","","","","Clear"
"-79.63","43.68","TORONTO INTL A","6158731","2025-04-17 14:00","2025","04","17","14:00","","11.4","","-6.6","","28","","","","14","","16","","24.1","","100.06","","","","","","NA"
"-79.63","43.68","TORONTO INTL A","6158731","2025-04-17 15:00","2025","04","17","15:00","","11.6","","-6.3","","28","","","","15","","19","","24.1","","99.98","","","","","","NA"
"-79.63","43.68","TORONTO INTL A","6158731","2025-04-17 16:00","2025","04","17","16:00","","11.4","","-5.7","","30","","","","15","","16","","24.1","","99.91","","","","","","Mainly Clear"
"-79.63","43.68","TORONTO INTL A","6158731","2025-04-17 17:00","2025","04","17","17:00","","11.0","","-4.5","","33","","","","15","","22","","24.1","","99.90","","","","","","NA"
"-79.63","43.68","TORONTO INTL A","6158731","2025-04-17 18:00","2025","04","17","18:00","","10.4","","-4.0","","36","","","","15","","16","","24.1","","99.91","","","","","","NA"
"-79.63","43.68","TORONTO INTL A","6158731","2025-04-17 19:00","2025","04","17","19:00","","9.6","","-3.9","","38","","","","15","","12","","24.1","","99.90","","","","","","Mostly Cloudy"
"-79.63","43.68","TORONTO INTL A","6158731","2025-04-17 20:00","2025","04","17","20:00","","8.8","","-3.5","","42","","","","15","","10","","24.1","","99.93","","","","","","NA"
"-79.63","43.68","TORONTO INTL A","6158731","2025-04-17 21:00","2025","04","17","21:00","","8.0","","-3.6","","44","","","","16","","10","","24.1","","99.92","","","","","","NA"
"-79.63","43.68","TORONTO INTL A","6158731","2025-04-17 22:00","2025","04","17","22:00","","7.6","","-4.1","","43","","","","15","","9","","24.1","","99.93","","","","","","Mostly Cloudy"
"-79.63","43.68","TORONTO INTL A","6158731","2025-04-17 23:00","2025","04","17","23:00","","7.0","","-3.8","","46","","","","15","","9","","24.1","","99.91","","","","","","NA"
"-79.63","43.68","TORONTO INTL A","6158731","2025-04-18 00:00","2025","04","18","00:00","","6.4","","-3.2","","50","","","","17","","9","","24.1","","99.87","","","","","","NA"
"-79.63","43.68","TORONTO INTL A","6158731","2025-04-18 01:00","2025","04","18","01:00","","5.5","","-2.7","","56","","","","15","","5","","24.1","","99.83","","","","","","Mostly Cloudy"
"-79.63","43.68","TORONTO INTL A","6158731","2025-04-18 02:00","2025","04","18","02:00","","5.5","","-3.2","","54","","","","","","0","","24.1","","99.75","","","","","","NA"
"-79.63","43.68","TORONTO INTL A","6158731","2025-04-18 03:00","2025","04","18","03:00","","6.4","","-4.3","","47","","","","13","","7","","24.1","","99.67","","","","","","NA"
"-79.63","43.68","TORONTO INTL A","6158731","2025-04-18 04:00","2025","04","18","04:00","","7.0","","-4.7","","43","","","","13","","8","","24.1","","99.59","","","","","","Cloudy"
"-79.63","43.68","TORONTO INTL A","6158731","2025-04-18 05:00","2025","04","18","05:00","","6.9","","-3.7","","47","","","","14","","5","","24.1","","99.57","","","","","","NA"
"-79.63","43.68","TORONTO INTL A","6158731","2025-04-18 06:00","2025","04","18","06:00","","7.1","","-2.9","","49","","","","11","","7","","24.1","","99.46","","","","","","NA"
"-79.63","43.68","TORONTO INTL A","6158731","2025-04-18 07:00","2025","04","18","07:00","","8.0","","-2.0","","49","","","","13","","8","","24.1","","99.37","","","","","","Cloudy"
"-79.63","43.68","TORONTO INTL A","6158731","2025-04-18 08:00","2025","04","18","08:00","","9.3","","-1.9","","45","","","","13","","12","","24.1","","99.26","","","","","","NA"
"-79.63","43.68","TORONTO INTL A","6158731","2025-04-18 09:00","2025","04","18","09:00","","10.6","","-1.7","","42","","","","14","","16","","24.1","","99.07","","","","","","NA"
"-79.63","43.68","TORONTO INTL A","6158731","2025-04-18 10:00","2025","04","18","10:00","","10.8","","-1.2","","43","","","","11","","9","","24.1","","99.03","","","","","","Cloudy"
"-79.63","43.68","TORONTO INTL A","6158731","2025-04-18 11:00","2025","04","18","11:00","","9.8","","3.4","","64","","","","11","","7","","24.1","","98.97","","","","","","Rain"
"-79.63","43.68","TORONTO INTL A","6158731","2025-04-18 12:00","2025","04","18","12:00","","11.4","","4.0","","60","","","","31","","13","","24.1","","99.04","","","","","","Rain"
"-79.63","43.68","TORONTO INTL A","6158731","2025-04-18 13:00","2025","04","18","13:00","","12.4","","7.6","","72","","","","","","0","","24.1","","98.99","","","","","","Cloudy"
"-79.63","43.68","TORONTO INTL A","6158731","2025-04-18 14:00","2025","04","18","14:00","","14.3","","6.4","","58","","","","16","","10","","24.1","","98.90","","","","","","NA"
"-79.63","43.68","TORONTO INTL A","6158731","2025-04-18 15:00","2025","04","18","15:00","","10.5","","2.8","","59","","","","18","","17","","24.1","","98.48","","","","","","NA"
"-79.63","43.68","TORONTO INTL A","6158731","2025-04-18 16:00","2025","04","18","16:00","","16.7","","7.8","","55","","","","9","","11","","24.1","","98.76","","","","","","Mostly Cloudy"
"-79.63","43.68","TORONTO INTL A","6158731","2025-04-18 17:00","2025","04","18","17:00","","20.2","","11.3","","56","","","","25","","21","","24.1","","98.75","","","","","","NA"
"-79.63","43.68","TORONTO INTL A","6158731","2025-04-18 18:00","2025","04","18","18:00","","19.8","","11.9","","60","","","","24","","8","","24.1","","98.71","","","","","","NA"
"-79.63","43.68","TORONTO INTL A","6158731","2025-04-18 19:00","2025","04","18","19:00","","19.9","","11.8","","59","","","","15","","6","","24.1","","98.72","","","","","","Cloudy"
"-79.63","43.68","TORONTO INTL A","6158731","2025-04-18 20:00","2025","04","18","20:00","","17.6","","11.0","","65","","","","14","","12","","24.1","","98.77","","","","","","NA"
"-79.63","43.68","TORONTO INTL A","6158731","2025-04-18 21:00","2025","04","18","21:00","","12.4","","9.0","","79","","","","15","","17","","24.1","","98.83","","","","","","NA"
"-79.63","43.68","TORONTO INTL A","6158731","2025-04-18 22:00","2025","04","18","22:00","","11.7","","11.7","","100","","","","15","","8","","24.1","","98.85","","","","","","Rain Showers"
"-79.63","43.68","TORONTO INTL A","6158731","2025-04-18 23:00","2025","04","18","23:00","","11.2","","10.6","","96","","","","33","","9","","24.1","","98.62","","","","","","NA"
"-79.63","43.68","TORONTO INTL A","6158731","2025-04-19 00:00","2025","04","19","00:00","","12.1","","11.9","","98","","","","8","","3","","24.1","","98.64","","","","","","NA"
"-79.63","43.68","TORONTO INTL A","6158731","2025-04-19 01:00","2025","04","19","01:00","","12.8","","12.6","","99","","","","10","","8","","24.1","","98.59","","","","","","Cloudy"
"-79.63","43.68","TORONTO INTL A","6158731","2025-04-19 02:00","2025","04","19","02:00","","18.3","","13.7","","74","","","","22","","16","","24.1","","98.58","","","","","","NA"
"-79.63","43.68","TORONTO INTL A","6158731","2025-04-19 03:00","2025","04","19","03:00","","18.4","","13.9","","75","","","","20","","11","","24.1","","98.59","","","","","","NA"
"-79.63","43.68","TORONTO INTL A","6158731","2025-04-19 04:00","2025","04","19","04:00","","18.0","","14.2","","78","","","","19","","17","","24.1","","98.56","","","","","","Cloudy"
"-79.63","43.68","TORONTO INTL A","6158731","2025-04-19 05:00","2025","04","19","05:00","","17.8","","14.8","","82","","","","20","","13","","24.1","","98.62","","","","","","NA"
"-79.63","43.68","TORONTO INTL A","6158731","2025-04-19 06:00","2025","04","19","06:00","","17.9","","15.8","","87","","","","21","","16","","24.1","","98.64","","","","","","NA"
"-79.63","43.68","TORONTO INTL A","6158731","2025-04-19 07:00","2025","04","19","07:00","","19.0","","16.8","","87","","","","20","","12","","24.1","","98.67","","","","","","Cloudy"
"-79.63","43.68","TORONTO INTL A","6158731","2025-04-19 08:00","2025","04","19","08:00","","20.5","","17.3","","82","","","","24","","21","","24.1","","98.66","","26","","","","NA"
"-79.63","43.68","TORONTO INTL A","6158731","2025-04-19 09:00","2025","04","19","09:00","","21.9","","16.9","","73","","","","26","","30","","24.1","","98.67","","27","","","","NA"
"-79.63","43.68","TORONTO INTL A","6158731","2025-04-19 10:00","2025","04","19","10:00","","20.9","","15.4","","70","","","","28","","33","","24.1","","98.76","","25","","","","Cloudy"
"-79.63","43.68","TORONTO INTL A","6158731","2025-04-19 11:00","2025","04","19","11:00","","20.3","","14.6","","69","","","","30","","34","","24.1","","98.82","","","","","","NA"
"-79.63","43.68","TORONTO INTL A","6158731","2025-04-19 12:00","2025","04","19","12:00","","17.7","","13.6","","77","","","","29","","25","","24.1","","98.98","","","","","","NA"
"-79.63","43.68","TORONTO INTL A","6158731","2025-04-19 13:00","2025","04","19","13:00","","17.6","","12.4","","71","","","","29","","35","","24.1","","98.96","","","","","","Cloudy"
"-79.63","43.68","TORONTO INTL A","6158731","2025-04-19 14:00","2025","04","19","14:00","","16.5","","10.8","","69","","","","29","","32","","24.1","","99.08","","","","","","NA"
"-79.63","43.68","TORONTO INTL A","6158731","2025-04-19 15:00","2025","04","19","15:00","","14.4","","9.1","","70","","","","31","","24","","24.1","","99.22","","","","","","NA"
"-79.63","43.68","TORONTO INTL A","6158731","2025-04-19 16:00","2025","04","19","16:00","","13.3","","7.4","","67","","","","31","","31","","24.1","","99.30","","","","","","Mostly Cloudy"
"-79.63","43.68","TORONTO INTL A","6158731","2025-04-19 17:00","2025","04","19","17:00","","11.7","","5.7","","67","","","","31","","29","","24.1","","99.48","","","","","","NA"
"-79.63","43.68","TORONTO INTL A","6158731","2025-04-19 18:00","2025","04","19","18:00","","9.8","","4.4","","69","","","","29","","37","","24.1","","99.65","","","","","","NA"
"-79.63","43.68","TORONTO INTL A","6158731","2025-04-19 19:00","2025","04","19","19:00","","8.6","","3.3","","69","","","","32","","36","","24.1","","99.79","","","","","","Mostly Cloudy"
"-79.63","43.68","TORONTO INTL A","6158731","2025-04-19 20:00","2025","04","19","20:00","","8.8","","3.1","","67","","","","31","","34","","24.1","","99.89","","","","","","NA"
"-79.63","43.68","TORONTO INTL A","6158731","2025-04-19 21:00","2025","04","19","21:00","","7.8","","2.4","","69","","","","30","","34","","24.1","","99.98","","","","","","NA"
"-79.63","43.68","TORONTO INTL A","6158731","2025-04-19 22:00","2025","04","19","22:00","","6.5","","0.9","","67","","","","31","","26","","24.1","","100.11","","","","","","Mainly Clear"
"-79.63","43.68","TORONTO INTL A","6158731","2025-04-19 23:00","2025","04","19","23:00","","5.6","","0.7","","70","","","","31","","26","","24.1","","100.19","","","","","","NA"
"-79.63","43.68","TORONTO INTL A","6158731","2025-04-20 00:00","2025","04","20","00:00","","5.2","","-0.9","","65","","","","31","","25","","24.1","","100.27","","","","","","NA"
"-79.63","43.68","TORONTO INTL A","6158731","2025-04-20 01:00","2025","04","20","01:00","","4.4","","-1.1","","68","","","","31","","21","","24.1","","100.36","","","","","","Clear"
"-79.63","43.68","TORONTO INTL A","6158731","2025-04-20 02:00","2025","04","20","02:00","","3.9","","-0.3","","74","","","","31","","23","","24.1","","100.44","","","","","","NA"
"-79.63","43.68","TORONTO INTL A","6158731","2025-04-20 03:00","2025","04","20","03:00","","3.4","","-0.1","","78","","","","30","","17","","24.1","","100.56","","","","","","NA"
"-79.63","43.68","TORONTO INTL A","6158731","2025-04-20 04:00","2025","04","20","04:00","","3.5","","0.0","","78","","","","34","","23","","24.1","","100.60","","","","","","Clear"
"-79.63","43.68","TORONTO INTL A","6158731","2025-04-20 05:00","2025","04","20","05:00","","2.7","","-1.9","","71","","","","34","","31","","24.1","","100.75","","","","","","NA"
"-79.63","43.68","TORONTO INTL A","6158731","2025-04-20 06:00","2025","04","20","06:00","","2.6","","-1.8","","72","","","","34","","23","","24.1","","100.86","","","","","","NA"
"-79.63","43.68","TORONTO INTL A","6158731","2025-04-20 07:00","2025","04","20","07:00","","2.9","","-2.3","","69","","","","35","","29","","24.1","","100.98","","","","","","Mainly Clear"
"-79.63","43.68","TORONTO INTL A","6158731","2025-04-20 08:00","2025","04","20","08:00","","4.1","","-2.1","","64","","","","36","","27","","24.1","","101.01","","","","","","NA"
"-79.63","43.68","TORONTO INTL A","6158731","2025-04-20 09:00","2025","04","20","09:00","","5.4","","-2.2","","58","","","","1","","21","","24.1","","101.04","","","","","","NA"
"-79.63","43.68","TORONTO INTL A","6158731","2025-04-20 10:00","2025","04","20","10:00","","6.6","","-1.6","","55","","","","1","","16","","24.1","","101.07","","","","","","Mostly Cloudy"
"-79.63","43.68","TORONTO INTL A","6158731","2025-04-20 11:00","2025","04","20","11:00","","7.4","","-1.4","","54","","","","3","","10","","24.1","","101.06","","","","","","NA"
"-79.63","43.68","TORONTO INTL A","6158731","2025-04-20 12:00","2025","04","20","12:00","","8.8","","-1.3","","49","","","","5","","16","","24.1","","101.05","","","","","","NA"
"-79.63","43.68","TORONTO INTL A","6158731","2025-04-20 13:00","2025","04","20","13:00","","9.1","","0.3","","54","","","","17","","16","","24.1","","101.02","","","","","","Mainly Clear"
"-79.63","43.68","TORONTO INTL A","6158731","2025-04-20 14:00","2025","04","20","14:00","","8.6","","-0.2","","54","","","","16","","16","","24.1","","101.00","","","","","","NA"
"-79.63","43.68","TORONTO INTL A","6158731","2025-04-20 15:00","2025","04","20","15:00","","9.2","","-0.6","","50","","","","16","","12","","24.1","","100.88","","","","","","NA"
"-79.63","43.68","TORONTO INTL A","6158731","2025-04-20 16:00","2025","04","20","16:00","","8.4","","-0.8","","52","","","","15","","17","","24.1","","100.84","","","","","","Mainly Clear"
"-79.63","43.68","TORONTO INTL A","6158731","2025-04-20 17:00","2025","04","20","17:00","","8.1","","-1.2","","52","","","","16","","14","","24.1","","100.79","","","","","","NA"
"-79.63","43.68","TORONTO INTL A","6158731","2025-04-20 18:00","2025","04","20","18:00","","7.8","","-1.0","","53","","","","15","","8","","24.1","","100.72","","","","","","NA"
"-79.63","43.68","TORONTO INTL A","6158731","2025-04-20 19:00","2025","04","20","19:00","","6.9","","-1.8","","54","","","","15","","11","","24.1","","100.69","","","","","","Mostly Cloudy"
"-79.63","43.68","TORONTO INTL A","6158731","2025-04-20 20:00","2025","04","20","20:00","","5.6","","-2.4","","57","","","","14","","6","","24.1","","100.70","","","","","","NA"
"-79.63","43.68","TORONTO INTL A","6158731","2025-04-20 21:00","2025","04","20","21:00","","5.8","","-2.4","","56","","","","8","","7","","24.1","","100.66","","","","","","NA"
"-79.63","43.68","TORONTO INTL A","6158731","2025-04-20 22:00","2025","04","20","22:00","","6.6","","-2.9","","51","","","","8","","8","","24.1","","100.61","","","","","","Mostly Cloudy"
"-79.63","43.68","TORONTO INTL A","6158731","2025-04-20 23:00","2025","04","20","23:00","","6.1","","-3.6","","50","","","","8","","10","","24.1","","100.52","","","","","","NA"
"-79.63","43.68","TORONTO INTL A","6158731","2025-04-21 00:00","2025","04","21","00:00","","6.2","","-4.8","","45","","","","8","","13","","24.1","","100.42","","","","","","NA"
"-79.63","43.68","TORONTO INTL A","6158731","2025-04-21 01:00","2025","04","21","01:00","","6.4","","-4.8","","45","","","","9","","8","","24.1","","100.35","","","","","","Mostly Cloudy"
"-79.63","43.68","TORONTO INTL A","6158731","2025-04-21 02:00","2025","04","21","02:00","","7.2","","-6.5","","37","","","","10","","20","","24.1","","100.22","","","","","","NA"
"-79.63","43.68","TORONTO INTL A","6158731","2025-04-21 03:00","2025","04","21","03:00","","6.9","","-5.5","","41","","","","10","","18","","24.1","","100.10","","","","","","NA"
"-79.63","43.68","TORONTO INTL A","6158731","2025-04-21 04:00","2025","04","21","04:00","","6.1","","-4.6","","46","","","","9","","18","","24.1","","99.94","","","","","","Mainly Clear"
"-79.63","43.68","TORONTO INTL A","6158731","2025-04-21 05:00","2025","04","21","05:00","","5.9","","-3.8","","50","","","","9","","20","","24.1","","99.87","","","","","","NA"
"-79.63","43.68","TORONTO INTL A","6158731","2025-04-21 06:00","2025","04","21","06:00","","5.9","","-3.1","","53","","","","10","","22","","24.1","","99.75","","","","","","NA"
"-79.63","43.68","TORONTO INTL A","6158731","2025-04-21 07:00","2025","04","21","07:00","","6.4","","-1.8","","56","","","","9","","23","","24.1","","99.63","","","","","","Mostly Cloudy"
"-79.63","43.68","TORONTO INTL A","6158731","2025-04-21 08:00","2025","04","21","08:00","","5.3","","1.6","","77","","","","9","","19","","24.1","","99.55","","","","","","NA"
"-79.63","43.68","TORONTO INTL A","6158731","2025-04-21 09:00","2025","04","21","09:00","","6.4","","1.1","","69","","","","9","","18","","24.1","","99.42","","","","","","NA"
"-79.63","43.68","TORONTO INTL A","6158731","2025-04-21 10:00","2025","04","21","10:00","","7.6","","2.0","","67","","","","9","","18","","24.1","","99.32","","","","","","Mostly Cloudy"
"-79.63","43.68","TORONTO INTL A","6158731","2025-04-21 11:00","2025","04","21","11:00","","8.0","","2.2","","66","","","","10","","18","","24.1","","99.20","","","","","","NA"
"-79.63","43.68","TORONTO INTL A","6158731","2025-04-21 12:00","2025","04","21","12:00","","8.2","","5.0","","80","","","","7","","17","","24.1","","99.09","","","","","","Rain"
"-79.63","43.68","TORONTO INTL A","6158731","2025-04-21 13:00","2025","04","21","13:00","","8.0","","5.8","","86","","","","8","","14","","8.1","","98.99","","","","","","Rain,Fog"
"-79.63","43.68","TORONTO INTL A","6158731","2025-04-21 14:00","2025","04","21","14:00","","8.2","","8.2","","100","","","","8","","17","","24.1","","98.88","","","","","","NA"
"-79.63","43.68","TORONTO INTL A","6158731","2025-04-21 15:00","2025","04","21","15:00","","9.2","","8.7","","97","","","","7","","11","","19.3","","98.78","","","","","","Rain Showers"
"-79.63","43.68","TORONTO INTL A","6158731","2025-04-21 16:00","2025","04","21","16:00","","9.5","","9.5","","100","","","","10","","18","","24.1","","98.66","","","","","","Mostly Cloudy"
"-79.63","43.68","TORONTO INTL A","6158731","2025-04-21 17:00","2025","04","21","17:00","","11.5","","11.2","","98","","","","10","","6","","24.1","","98.60","","","","","","NA"
"-79.63","43.68","TORONTO INTL A","6158731","2025-04-21 18:00","2025","04","21","18:00","","12.5","","11.0","","91","","","","14","","8","","19.3","","98.58","","","","","","NA"
"-79.63","43.68","TORONTO INTL A","6158731","2025-04-21 19:00","2025","04","21","19:00","","9.4","","9.4","","100","","","","17","","11","","19.3","","98.64","","","","","","Mainly Clear"
"-79.63","43.68","TORONTO INTL A","6158731","2025-04-21 20:00","2025","04","21","20:00","","8.2","","8.2","","100","","","","25","","10","","16.1","","98.77","","","","","","NA"
"-79.63","43.68","TORONTO INTL A","6158731","2025-04-21 21:00","2025","04","21","21:00","","9.2","","9.2","","100","","","","29","","16","","24.1","","98.90","","","","","","NA"
"-79.63","43.68","TORONTO INTL A","6158731","2025-04-21 22:00","2025","04","21","22:00","","11.1","","5.5","","68","","","","29","","38","","24.1","","98.99","","","","","","Mainly Clear"
"-79.63","43.68","TORONTO INTL A","6158731","2025-04-21 23:00","2025","04","21","23:00","","9.6","","4.0","","68","","","","28","","27","","24.1","","99.04","","","","","","NA"
"-79.63","43.68","TORONTO INTL A","6158731","2025-04-22 00:00","2025","04","22","00:00","","10.2","","3.7","","64","","","","27","","31","","24.1","","99.11","","","","","","NA"
"-79.63","43.68","TORONTO INTL A","6158731","2025-04-22 01:00","2025","04","22","01:00","","10.0","","3.6","","64","","","","27","","35","","24.1","","99.11","","","","","","Mostly Cloudy"
"-79.63","43.68","TORONTO INTL A","6158731","2025-04-22 02:00","2025","04","22","02:00","","9.2","","3.0","","65","","","","27","","27","","24.1","","99.18","","","","","","NA"
"-79.63","43.68","TORONTO INTL A","6158731","2025-04-22 03:00","2025","04","22","03:00","","8.4","","1.6","","62","","","","27","","33","","24.1","","99.22","","","","","","NA"
"-79.63","43.68","TORONTO INTL A","6158731","2025-04-22 04:00","2025","04","22","04:00","","8.0","","1.2","","62","","","","26","","20","","24.1","","99.27","","","","","","Mostly Cloudy"
"-79.63","43.68","TORONTO INTL A","6158731","2025-04-22 05:00","2025","04","22","05:00","","7.9","","1.3","","63","","","","26","","21","","24.1","","99.33","","","","","","NA"
"-79.63","43.68","TORONTO INTL A","6158731","2025-04-22 06:00","2025","04","22","06:00","","8.0","","1.3","","63","","","","25","","22","","24.1","","99.37","","","","","","NA"
"-79.63","43.68","TORONTO INTL A","6158731","2025-04-22 07:00","2025","04","22","07:00","","8.3","","1.0","","60","","","","27","","30","","24.1","","99.45","","","","","","Mostly Cloudy"
"-79.63","43.68","TORONTO INTL A","6158731","2025-04-22 08:00","2025","04","22","08:00","","8.9","","0.7","","56","","","","29","","39","","24.1","","99.47","","","","","","NA"
"-79.63","43.68","TORONTO INTL A","6158731","2025-04-22 09:00","2025","04","22","09:00","","10.0","","1.3","","54","","","","29","","31","","24.1","","99.53","","","","","","NA"
"-79.63","43.68","TORONTO INTL A","6158731","2025-04-22 10:00","2025","04","22","10:00","","10.7","","1.0","","51","","","","28","","31","","24.1","","99.58","","","","","","Mainly Clear"
"-79.63","43.68","TORONTO INTL A","6158731","2025-04-22 11:00","2025","04","22","11:00","","12.1","","1.3","","47","","","","27","","29","","24.1","","99.63","","","","","","NA"
"-79.63","43.68","TORONTO INTL A","6158731","2025-04-22 12:00","2025","04","22","12:00","","12.9","","1.1","","44","","","","27","","32","","24.1","","99.63","","","","","","NA"
"-79.63","43.68","TORONTO INTL A","6158731","2025-04-22 13:00","2025","04","22","13:00","","13.4","","0.7","","42","","","","28","","29","","24.1","","99.68","","","","","","Mainly Clear"
"-79.63","43.68","TORONTO INTL A","6158731","2025-04-22 14:00","2025","04","22","14:00","","13.9","","0.7","","40","","","","27","","32","","24.1","","99.70","","","","","","NA"
"-79.63","43.68","TORONTO INTL A","6158731","2025-04-22 15:00","2025","04","22","15:00","","14.4","","0.3","","38","","","","29","","30","","24.1","","99.70","","","","","","NA"
"-79.63","43.68","TORONTO INTL A","6158731","2025-04-22 16:00","2025","04","22","16:00","","14.0","","0.1","","38","","","","29","","28","","24.1","","99.74","","","","","","Clear"
"-79.63","43.68","TORONTO INTL A","6158731","2025-04-22 17:00","2025","04","22","17:00","","14.1","","0.1","","38","","","","29","","28","","24.1","","99.78","","","","","","NA"
"-79.63","43.68","TORONTO INTL A","6158731","2025-04-22 18:00","2025","04","22","18:00","","13.1","","-0.1","","40","","","","30","","23","","24.1","","99.80","","","","","","NA"
"-79.63","43.68","TORONTO INTL A","6158731","2025-04-22 19:00","2025","04","22","19:00","","12.4","","-0.4","","41","","","","31","","23","","24.1","","99.85","","","","","","Mainly Clear"
"-79.63","43.68","TORONTO INTL A","6158731","2025-04-22 20:00","2025","04","22","20:00","","11.0","","0.4","","48","","","","32","","14","","24.1","","99.92","","","","","","NA"
"-79.63","43.68","TORONTO INTL A","6158731","2025-04-22 21:00","2025","04","22","21:00","","10.7","","0.3","","49","","","","32","","11","","24.1","","99.98","","","","","","NA"
"-79.63","43.68","TORONTO INTL A","6158731","2025-04-22 22:00","2025","04","22","22:00","","7.7","","0.6","","61","","","","2","","15","","24.1","","100.04","","","","","","Clear"
"-79.63","43.68","TORONTO INTL A","6158731","2025-04-22 23:00","2025","04","22","23:00","","7.0","","0.2","","62","","","","35","","8","","24.1","","100.12","","","","","","NA"
"-79.63","43.68","TORONTO INTL A","6158731","2025-04-23 00:00","2025","04","23","00:00","","6.2","","0.0","","64","","","","36","","13","","24.1","","100.14","","","","","","NA"
"-79.63","43.68","TORONTO INTL A","6158731","2025-04-23 01:00","2025","04","23","01:00","","5.8","","0.0","","66","","","","1","","7","","24.1","","100.14","","","","","","Mostly Cloudy"
"-79.63","43.68","TORONTO INTL A","6158731","2025-04-23 02:00","2025","04","23","02:00","","5.9","","0.2","","67","","","","","","0","","24.1","","100.14","","","","","","NA"
"-79.63","43.68","TORONTO INTL A","6158731","2025-04-23 03:00","2025","04","23","03:00","","5.8","","1.0","","71","","","","","","0","","24.1","","100.16","","","","","","NA"
"-79.63","43.68","TORONTO INTL A","6158731","2025-04-23 04:00","2025","04","23","04:00","","6.2","","1.0","","70","","","","21","","3","","24.1","","100.18","","","","","","Mostly Cloudy"
"-79.63","43.68","TORONTO INTL A","6158731","2025-04-23 05:00","2025","04","23","05:00","","5.9","","1.0","","71","","","","15","","4","","24.1","","100.23","","","","","","NA"
"-79.63","43.68","TORONTO INTL A","6158731","2025-04-23 06:00","2025","04","23","06:00","","6.0","","0.4","","67","","","","10","","4","","24.1","","100.27","","","","","","NA"
"-79.63","43.68","TORONTO INTL A","6158731","2025-04-23 07:00","2025","04","23","07:00","","7.3","","1.2","","65","","","","10","","6","","24.1","","100.34","","","","","","Mostly Cloudy"
"-79.63","43.68","TORONTO INTL A","6158731","2025-04-23 08:00","2025","04","23","08:00","","8.9","","0.2","","54","","","","13","","8","","24.1","","100.38","","","","","","NA"
"-79.63","43.68","TORONTO INTL A","6158731","2025-04-23 09:00","2025","04","23","09:00","","13.4","","-1.5","","36","","","","14","","5","","24.1","","100.40","","","","","","NA"
"-79.63","43.68","TORONTO INTL A","6158731","2025-04-23 10:00","2025","04","23","10:00","","11.9","","-0.8","","41","","","","12","","9","","24.1","","100.36","","","","","","Mostly Cloudy"
"-79.63","43.68","TORONTO INTL A","6158731","2025-04-23 11:00","2025","04","23","11:00","","12.5","","-1.0","","39","","","","13","","12","","24.1","","100.37","","","","","","NA"
"-79.63","43.68","TORONTO INTL A","6158731","2025-04-23 12:00","2025","04","23","12:00","","13.3","","-0.1","","40","","","","15","","15","","24.1","","100.34","","","","","","NA"
"-79.63","43.68","TORONTO INTL A","6158731","2025-04-23 13:00","2025","04","23","13:00","","13.5","","0.3","","40","","","","15","","14","","24.1","","100.28","","","","","","Mostly Cloudy"
"-79.63","43.68","TORONTO INTL A","6158731","2025-04-23 14:00","2025","04","23","14:00","","13.8","","0.1","","39","","","","17","","12","","24.1","","100.33","","","","","","NA"
"-79.63","43.68","TORONTO INTL A","6158731","2025-04-23 15:00","2025","04","23","15:00","","14.6","","0.2","","37","","","","15","","9","","24.1","","100.27","","","","","","NA"
"-79.63","43.68","TORONTO INTL A","6158731","2025-04-23 16:00","2025","04","23","16:00","","14.8","","1.5","","40","","","","14","","10","","24.1","","100.23","","","","","","Mainly Clear"
"-79.63","43.68","TORONTO INTL A","6158731","2025-04-23 17:00","2025","04","23","17:00","","14.2","","0.2","","38","","","","16","","9","","24.1","","100.23","","","","","","NA"
"-79.63","43.68","TORONTO INTL A","6158731","2025-04-23 18:00","2025","04","23","18:00","","11.8","","0.2","","45","","","","14","","12","","24.1","","100.21","","","","","","NA"
"-79.63","43.68","TORONTO INTL A","6158731","2025-04-23 19:00","2025","04","23","19:00","","8.9","","-0.5","","52","","","","16","","11","","24.1","","100.23","","","","","","Cloudy"
"-79.63","43.68","TORONTO INTL A","6158731","2025-04-23 20:00","2025","04","23","20:00","","8.5","","-0.1","","55","","","","15","","6","","24.1","","100.26","","","","","","NA"
"-79.63","43.68","TORONTO INTL A","6158731","2025-04-23 21:00","2025","04","23","21:00","","8.9","","-0.5","","52","","","","20","","8","","24.1","","100.27","","","","","","NA"
"-79.63","43.68","TORONTO INTL A","6158731","2025-04-23 22:00","2025","04","23","22:00","","9.5","","-0.4","","50","","","","10","","13","","24.1","","100.21","","","","","","Mostly Cloudy"
"-79.63","43.68","TORONTO INTL A","6158731","2025-04-23 23:00","2025","04","23","23:00","","10.1","","-0.8","","47","","","","6","","8","","24.1","","100.20","","","","","","NA"
"-79.63","43.68","TORONTO INTL A","6158731","2025-04-24 00:00","2025","04","24","00:00","","10.3","","-0.3","","48","","","","1","","8","","24.1","","100.24","","","","","","NA"
"-79.63","43.68","TORONTO INTL A","6158731","2025-04-24 01:00","2025","04","24","01:00","","10.1","","0.4","","51","","","","3","","8","","24.1","","100.17","","","","","","Mostly Cloudy"
"-79.63","43.68","TORONTO INTL A","6158731","2025-04-24 02:00","2025","04","24","02:00","","9.8","","-0.7","","48","","","","4","","5","","24.1","","100.12","","","","","","NA"
"-79.63","43.68","TORONTO INTL A","6158731","2025-04-24 03:00","2025","04","24","03:00","","8.9","","-0.2","","53","","","","3","","9","","24.1","","100.10","","","","","","NA"
"-79.63","43.68","TORONTO INTL A","6158731","2025-04-24 04:00","2025","04","24","04:00","","6.8","","0.5","","64","","","","","","0","","24.1","","100.09","","","","","","Clear"
"-79.63","43.68","TORONTO INTL A","6158731","2025-04-24 05:00","2025","04","24","05:00","","8.7","","0.6","","57","","","","","","0","","24.1","","100.14","","","","","","NA"
"-79.63","43.68","TORONTO INTL A","6158731","2025-04-24 06:00","2025","04","24","06:00","","9.8","","0.6","","53","","","","10","","4","","24.1","","100.16","","","","","","NA"
"-79.63","43.68","TORONTO INTL A","6158731","2025-04-24 07:00","2025","04","24","07:00","","10.5","","1.1","","52","","","","12","","7","","24.1","","100.18","","","","","","Mostly Cloudy"
"-79.63","43.68","TORONTO INTL A","6158731","2025-04-24 08:00","2025","04","24","08:00","","11.3","","1.0","","49","","","","","","0","","24.1","","100.18","","","","","","NA"
"-79.63","43.68","TORONTO INTL A","6158731","2025-04-24 09:00","2025","04","24","09:00","","12.1","","2.0","","50","","","","14","","6","","24.1","","100.16","","","","","","NA"
"-79.63","43.68","TORONTO INTL A","6158731","2025-04-24 10:00","2025","04","24","10:00","","15.3","","3.1","","44","","","","33","","7","","24.1","","100.12","","","","","","Mostly Cloudy"
"-79.63","43.68","TORONTO INTL A","6158731","2025-04-24 11:00","2025","04","24","11:00","","18.7","","5.0","","40","","","","1","","4","","24.1","","100.10","","","","","","NA"
"-79.63","43.68","TORONTO INTL A","6158731","2025-04-24 12:00","2025","04","24","12:00","","16.1","","4.6","","46","","","","15","","14","","24.1","","100.10","","","","","","NA"
"-79.63","43.68","TORONTO INTL A","6158731","2025-04-24 13:00","2025","04","24","13:00","","19.9","","5.6","","39","","","","13","","10","","24.1","","100.07","","","","","","Mostly Cloudy"
"-79.63","43.68","TORONTO INTL A","6158731","2025-04-24 14:00","2025","04","24","14:00","","21.8","","6.8","","37","","","","15","","10","","24.1","","100.01","","","","","","NA"
"-79.63","43.68","TORONTO INTL A","6158731","2025-04-24 15:00","2025","04","24","15:00","","21.7","","6.5","","37","","","","15","","17","","24.1","","100.02","","","","","","NA"
"-79.63","43.68","TORONTO INTL A","6158731","2025-04-24 16:00","2025","04","24","16:00","","18.3","","5.8","","44","","","","14","","16","","24.1","","99.95","","","","","","Mainly Clear"
"-79.63","43.68","TORONTO INTL A","6158731","2025-04-24 17:00","2025","04","24","17:00","","20.4","","7.3","","42","","","","17","","15","","24.1","","99.95","","","","","","NA"
"-79.63","43.68","TORONTO INTL A","6158731","2025-04-24 18:00","2025","04","24","18:00","","17.9","","7.2","","49","","","","15","","11","","24.1","","99.98","","","","","","NA"
"-79.63","43.68","TORONTO INTL A","6158731","2025-04-24 19:00","2025","04","24","19:00","","16.6","","7.7","","55","","","","5","","4","","24.1","","100.03","","","","","","Mainly Clear"
"-79.63","43.68","TORONTO INTL A","6158731","2025-04-24 20:00","2025","04","24","20:00","","17.4","","8.3","","54","","","","4","","7","","24.1","","100.05","","","","","","NA"
"-79.63","43.68","TORONTO INTL A","6158731","2025-04-24 21:00","2025","04","24","21:00","","15.4","","10.2","","71","","","","34","","15","","24.1","","100.07","","","","","","NA"
"-79.63","43.68","TORONTO INTL A","6158731","2025-04-24 22:00","2025","04","24","22:00","","14.9","","9.4","","69","","","","36","","15","","24.1","","100.08","","","","","","Mainly Clear"
"-79.63","43.68","TORONTO INTL A","6158731","2025-04-24 23:00","2025","04","24","23:00","","13.3","","8.1","","70","","","","1","","9","","24.1","","100.09","","","","","","NA"
"-79.63","43.68","TORONTO INTL A","6158731","2025-04-25 00:00","2025","04","25","00:00","","11.8","","7.2","","73","","","","1","","7","","24.1","","100.08","","","","","","NA"
"-79.63","43.68","TORONTO INTL A","6158731","2025-04-25 01:00","2025","04","25","01:00","","10.7","","6.7","","76","","","","35","","9","","24.1","","100.05","","","","","","Clear"
"-79.63","43.68","TORONTO INTL A","6158731","2025-04-25 02:00","2025","04","25","02:00","","11.3","","6.9","","74","","","","36","","18","","24.1","","100.00","","","","","","NA"
"-79.63","43.68","TORONTO INTL A","6158731","2025-04-25 03:00","2025","04","25","03:00","","11.6","","6.8","","72","","","","1","","14","","24.1","","100.00","","","","","","NA"
"-79.63","43.68","TORONTO INTL A","6158731","2025-04-25 04:00","2025","04","25","04:00","","10.5","","6.2","","74","","","","1","","15","","24.1","","99.93","","","","","","Mostly Cloudy"
"-79.63","43.68","TORONTO INTL A","6158731","2025-04-25 05:00","2025","04","25","05:00","","11.1","","6.0","","70","","","","2","","14","","24.1","","99.87","","","","","","NA"
"-79.63","43.68","TORONTO INTL A","6158731","2025-04-25 06:00","2025","04","25","06:00","","11.6","","5.9","","68","","","","1","","5","","24.1","","99.90","","","","","","NA"
"-79.63","43.68","TORONTO INTL A","6158731","2025-04-25 07:00","2025","04","25","07:00","","13.6","","5.8","","59","","","","7","","4","","24.1","","99.97","","","","","","Mostly Cloudy"
"-79.63","43.68","TORONTO INTL A","6158731","2025-04-25 08:00","2025","04","25","08:00","","14.2","","6.9","","61","","","","10","","34","","24.1","","99.99","","","","","","NA"
"-79.63","43.68","TORONTO INTL A","6158731","2025-04-25 09:00","2025","04","25","09:00","","14.4","","6.1","","57","","","","9","","27","","24.1","","99.98","","","","","","NA"
"-79.63","43.68","TORONTO INTL A","6158731","2025-04-25 10:00","2025","04","25","10:00","","14.5","","6.2","","57","","","","10","","26","","24.1","","99.96","","","","","","Mostly Cloudy"
"-79.63","43.68","TORONTO INTL A","6158731","2025-04-25 11:00","2025","04","25","11:00","","14.2","","6.6","","60","","","","11","","23","","24.1","","99.95","","","","","","NA"
"-79.63","43.68","TORONTO INTL A","6158731","2025-04-25 12:00","2025","04","25","12:00","","14.6","","6.7","","59","","","","9","","21","","24.1","","99.88","","","","","","NA"
"-79.63","43.68","TORONTO INTL A","6158731","2025-04-25 13:00","2025","04","25","13:00","","14.8","","7.9","","63","","","","12","","22","","24.1","","99.79","","","","","","Mostly Cloudy"
"-79.63","43.68","TORONTO INTL A","6158731","2025-04-25 14:00","2025","04","25","14:00","","15.2","","8.3","","63","","","","10","","18","","24.1","","99.70","","","","","","NA"
"-79.63","43.68","TORONTO INTL A","6158731","2025-04-25 15:00","2025","04","25","15:00","","16.8","","8.8","","59","","","","12","","18","","24.1","","99.54","","","","","","NA"
"-79.63","43.68","TORONTO INTL A","6158731","2025-04-25 16:00","2025","04","25","16:00","","18.0","","9.2","","56","","","","9","","16","","24.1","","99.46","","","","","","Mostly Cloudy"
"-79.63","43.68","TORONTO INTL A","6158731","2025-04-25 17:00","2025","04","25","17:00","","16.8","","7.0","","52","","","","10","","15","","24.1","","99.44","","","","","","NA"
"-79.63","43.68","TORONTO INTL A","6158731","2025-04-25 18:00","2025","04","25","18:00","","14.3","","8.1","","66","","","","8","","14","","24.1","","99.37","","","","","","NA"
"-79.63","43.68","TORONTO INTL A","6158731","2025-04-25 19:00","2025","04","25","19:00","","14.1","","8.1","","67","","","","7","","9","","24.1","","99.30","","","","","","Cloudy"
"-79.63","43.68","TORONTO INTL A","6158731","2025-04-25 20:00","2025","04","25","20:00","","15.3","","9.5","","68","","","","8","","8","","24.1","","99.23","","","","","","NA"
"-79.63","43.68","TORONTO INTL A","6158731","2025-04-25 21:00","2025","04","25","21:00","","14.1","","10.0","","76","","","","11","","14","","24.1","","99.12","","","","","","NA"
"-79.63","43.68","TORONTO INTL A","6158731","2025-04-25 22:00","2025","04","25","22:00","","14.7","","10.0","","73","","","","9","","3","","24.1","","99.07","","","","","","Cloudy"
"-79.63","43.68","TORONTO INTL A","6158731","2025-04-25 23:00","2025","04","25","23:00","","14.0","","8.7","","70","","","","7","","11","","24.1","","98.97","","","","","","NA"
"-79.63","43.68","TORONTO INTL A","6158731","2025-04-26 00:00","2025","04","26","00:00","","13.5","","9.0","","74","","","","10","","7","","24.1","","98.92","","","","","","NA"
"-79.63","43.68","TORONTO INTL A","6158731","2025-04-26 01:00","2025","04","26","01:00","","13.6","","9.5","","76","","","","6","","5","","24.1","","98.81","","","","","","Rain"
"-79.63","43.68","TORONTO INTL A","6158731","2025-04-26 02:00","2025","04","26","02:00","","13.2","","10.2","","82","","","","","","0","","24.1","","98.71","","","","","","Rain"
"-79.63","43.68","TORONTO INTL A","6158731","2025-04-26 03:00","2025","04","26","03:00","","12.4","","10.3","","87","","","","3","","7","","24.1","","98.65","","","","","","NA"
"-79.63","43.68","TORONTO INTL A","6158731","2025-04-26 04:00","2025","04","26","04:00","","12.2","","10.3","","88","","","","24","","7","","24.1","","98.63","","","","","","Mostly Cloudy"
"-79.63","43.68","TORONTO INTL A","6158731","2025-04-26 05:00","2025","04","26","05:00","","12.2","","10.6","","90","","","","27","","8","","24.1","","98.62","","","","","","NA"
"-79.63","43.68","TORONTO INTL A","6158731","2025-04-26 06:00","2025","04","26","06:00","","13.3","","11.4","","88","","","","34","","26","","19.3","","98.70","","","","","","NA"
"-79.63","43.68","TORONTO INTL A","6158731","2025-04-26 07:00","2025","04","26","07:00","","10.8","","7.3","","79","","","","31","","37","","24.1","","98.80","","","","","","Cloudy"
"-79.63","43.68","TORONTO INTL A","6158731","2025-04-26 08:00","2025","04","26","08:00","","9.4","","5.2","","75","","","","32","","35","","24.1","","98.90","","","","","","NA"
"-79.63","43.68","TORONTO INTL A","6158731","2025-04-26 09:00","2025","04","26","09:00","","9.9","","4.3","","68","","","","31","","40","","24.1","","98.97","","","","","","NA"
"-79.63","43.68","TORONTO INTL A","6158731","2025-04-26 10:00","2025","04","26","10:00","","9.5","","2.8","","63","","","","31","","37","","24.1","","99.05","","","","","","Mostly Cloudy"
"-79.63","43.68","TORONTO INTL A","6158731","2025-04-26 11:00","2025","04","26","11:00","","11.5","","2.8","","55","","","","30","","39","","24.1","","99.12","","","","","","NA"
"-79.63","43.68","TORONTO INTL A","6158731","2025-04-26 12:00","2025","04","26","12:00","","10.0","","2.2","","58","","","","31","","39","","24.1","","99.17","","","","","","NA"
"-79.63","43.68","TORONTO INTL A","6158731","2025-04-26 13:00","2025","04","26","13:00","","11.2","","2.0","","53","","","","30","","45","","24.1","","99.22","","","","","","Mostly Cloudy"
"-79.63","43.68","TORONTO INTL A","6158731","2025-04-26 14:00","2025","04","26","14:00","","9.7","","1.4","","56","","","","33","","45","","24.1","","99.29","","","","","","NA"
"-79.63","43.68","TORONTO INTL A","6158731","2025-04-26 15:00","2025","04","26","15:00","","9.0","","1.0","","57","","","","32","","42","","24.1","","99.33","","","","","","NA"
"-79.63","43.68","TORONTO INTL A","6158731","2025-04-26 16:00","2025","04","26","16:00","","7.8","","0.8","","61","","","","33","","41","","24.1","","99.42","","","","","","Mostly Cloudy"
"-79.63","43.68","TORONTO INTL A","6158731","2025-04-26 17:00","2025","04","26","17:00","","7.6","","0.8","","62","","","","32","","50","","24.1","","99.56","","","","","","NA"
"-79.63","43.68","TORONTO INTL A","6158731","2025-04-26 18:00","2025","04","26","18:00","","6.4","","0.7","","67","","","","33","","50","","24.1","","99.69","","","","","","NA"
"-79.63","43.68","TORONTO INTL A","6158731","2025-04-26 19:00","2025","04","26","19:00","","6.2","","1.5","","72","","","","32","","42","","24.1","","99.78","","","","","","Rain Showers"
"-79.63","43.68","TORONTO INTL A","6158731","2025-04-26 20:00","2025","04","26","20:00","","6.8","","2.1","","72","","","","33","","41","","24.1","","99.87","","","","","","Rain Showers"
"-79.63","43.68","TORONTO INTL A","6158731","2025-04-26 21:00","2025","04","26","21:00","","7.1","","1.8","","69","","","","33","","44","","24.1","","99.93","","","","","","Rain"
"-79.63","43.68","TORONTO INTL A","6158731","2025-04-26 22:00","2025","04","26","22:00","","7.5","","1.8","","67","","","","33","","40","","24.1","","99.98","","","","","","Rain"
"-79.63","43.68","TORONTO INTL A","6158731","2025-04-26 23:00","2025","04","26","23:00","","7.7","","1.3","","64","","","","29","","21","","24.1","","99.95","","","","","","NA"
"-79.63","43.68","TORONTO INTL A","6158731","2025-04-27 00:00","2025","04","27","00:00","","7.9","","0.9","","61","","","","29","","20","","24.1","","99.95","","","","","","NA"
"-79.63","43.68","TORONTO INTL A","6158731","2025-04-27 01:00","2025","04","27","01:00","","7.8","","-0.2","","57","","","","30","","24","","24.1","","99.94","","","","","","Mostly Cloudy"
"-79.63","43.68","TORONTO INTL A","6158731","2025-04-27 02:00","2025","04","27","02:00","","6.5","","-1.2","","58","","","","31","","23","","24.1","","99.95","","","","","","NA"
"-79.63","43.68","TORONTO INTL A","6158731","2025-04-27 03:00","2025","04","27","03:00","","5.7","","-1.5","","60","","","","31","","21","","24.1","","99.96","","","","","","NA"
"-79.63","43.68","TORONTO INTL A","6158731","2025-04-27 04:00","2025","04","27","04:00","","4.6","","-1.8","","63","","","","31","","22","","24.1","","100.03","","","","","","Clear"
"-79.63","43.68","TORONTO INTL A","6158731","2025-04-27 05:00","2025","04","27","05:00","","4.6","","-3.2","","57","","","","31","","23","","24.1","","100.10","","","","","","NA"
"-79.63","43.68","TORONTO INTL A","6158731","2025-04-27 06:00","2025","04","27","06:00","","6.0","","-3.6","","50","","","","33","","27","","24.1","","100.16","","","","","","NA"
"-79.63","43.68","TORONTO INTL A","6158731","2025-04-27 07:00","2025","04","27","07:00","","7.4","","-2.9","","48","","","","33","","26","","24.1","","100.27","","","","","","Clear"
"-79.63","43.68","TORONTO INTL A","6158731","2025-04-27 08:00","2025","04","27","08:00","","10.0","","-3.0","","40","","","","33","","23","","24.1","","100.33","","","","","","NA"
"-79.63","43.68","TORONTO INTL A","6158731","2025-04-27 09:00","2025","04","27","09:00","","12.2","","-2.8","","35","","","","33","","29","","24.1","","100.38","","","","","","NA"
"-79.63","43.68","TORONTO INTL A","6158731","2025-04-27 10:00","2025","04","27","10:00","","14.4","","-3.8","","28","","","","33","","28","","24.1","","100.40","","","","","","Clear"
"-79.63","43.68","TORONTO INTL A","6158731","2025-04-27 11:00","2025","04","27","11:00","","16.0","","-5.1","","23","","","","33","","26","","24.1","","100.37","","","","","","NA"
"-79.63","43.68","TORONTO INTL A","6158731","2025-04-27 12:00","2025","04","27","12:00","","16.8","","-5.6","","21","","","","33","","19","","24.1","","100.35","","","","","","NA"
"-79.63","43.68","TORONTO INTL A","6158731","2025-04-27 13:00","2025","04","27","13:00","","18.8","","-3.9","","21","","","","33","","26","","24.1","","100.31","","","","","","Clear"
"-79.63","43.68","TORONTO INTL A","6158731","2025-04-27 14:00","2025","04","27","14:00","","18.3","","-3.7","","22","","","","32","","34","","24.1","","100.29","","","","","","NA"
"-79.63","43.68","TORONTO INTL A","6158731","2025-04-27 15:00","2025","04","27","15:00","","18.8","","-4.5","","20","","","","34","","32","","24.1","","100.26","","","","","","NA"
"-79.63","43.68","TORONTO INTL A","6158731","2025-04-27 16:00","2025","04","27","16:00","","19.0","","-5.8","","18","","","","35","","26","","24.1","","100.23","","","","","","Mainly Clear"
"-79.63","43.68","TORONTO INTL A","6158731","2025-04-27 17:00","2025","04","27","17:00","","18.3","","-7.1","","17","","","","35","","25","","24.1","","100.24","","","","","","NA"
"-79.63","43.68","TORONTO INTL A","6158731","2025-04-27 18:00","2025","04","27","18:00","","17.2","","-6.6","","19","","","","35","","26","","24.1","","100.24","","","","","","NA"
"-79.63","43.68","TORONTO INTL A","6158731","2025-04-27 19:00","2025","04","27","19:00","","14.6","","-6.3","","23","","","","36","","22","","24.1","","100.29","","","","","","Mainly Clear"
"-79.63","43.68","TORONTO INTL A","6158731","2025-04-27 20:00","2025","04","27","20:00","","12.6","","-5.9","","27","","","","35","","20","","24.1","","100.34","","","","","","NA"
"-79.63","43.68","TORONTO INTL A","6158731","2025-04-27 21:00","2025","04","27","21:00","","11.3","","-4.8","","32","","","","35","","17","","24.1","","100.39","","","","","","NA"
"-79.63","43.68","TORONTO INTL A","6158731","2025-04-27 22:00","2025","04","27","22:00","","10.8","","-3.3","","37","","","","35","","17","","24.1","","100.40","","","","","","Mainly Clear"
"-79.63","43.68","TORONTO INTL A","6158731","2025-04-27 23:00","2025","04","27","23:00","","8.4","","-2.0","","48","","","","1","","9","","24.1","","100.40","","","","","","NA"
"-79.63","43.68","TORONTO INTL A","6158731","2025-04-28 00:00","2025","04","28","00:00","","7.4","","-2.3","","50","","","","31","","8","","24.1","","100.42","","","","","","NA"
"-79.63","43.68","TORONTO INTL A","6158731","2025-04-28 01:00","2025","04","28","01:00","","6.1","","-1.8","","57","","","","30","","13","","24.1","","100.42","","","","","","Mainly Clear"
"-79.63","43.68","TORONTO INTL A","6158731","2025-04-28 02:00","2025","04","28","02:00","","5.2","","-1.7","","61","","","","31","","5","","24.1","","100.41","","","","","","NA"
"-79.63","43.68","TORONTO INTL A","6158731","2025-04-28 03:00","2025","04","28","03:00","","5.8","","-1.6","","59","","","","24","","4","","24.1","","100.47","","","","","","NA"
"-79.63","43.68","TORONTO INTL A","6158731","2025-04-28 04:00","2025","04","28","04:00","","5.6","","-2.0","","58","","","","25","","5","","24.1","","100.50","","","","","","Mainly Clear"
"-79.63","43.68","TORONTO INTL A","6158731","2025-04-28 05:00","2025","04","28","05:00","","5.3","","-1.2","","63","","","","","","0","","24.1","","100.52","","","","","","NA"
"-79.63","43.68","TORONTO INTL A","6158731","2025-04-28 06:00","2025","04","28","06:00","","6.5","","0.6","","66","","","","30","","5","","24.1","","100.58","","","","","","NA"
"-79.63","43.68","TORONTO INTL A","6158731","2025-04-28 07:00","2025","04","28","07:00","","10.4","","1.0","","51","","","","30","","4","","24.1","","100.60","","","","","","Mostly Cloudy"
"-79.63","43.68","TORONTO INTL A","6158731","2025-04-28 08:00","2025","04","28","08:00","","14.1","","0.9","","40","","","","17","","3","","24.1","","100.60","","","","","","NA"
"-79.63","43.68","TORONTO INTL A","6158731","2025-04-28 09:00","2025","04","28","09:00","","16.7","","-1.0","","29","","","","18","","13","","24.1","","100.54","","","","","","NA"
"-79.63","43.68","TORONTO INTL A","6158731","2025-04-28 10:00","2025","04","28","10:00","","19.3","","-1.1","","25","","","","19","","15","","24.1","","100.48","","","","","","Clear"
"-79.63","43.68","TORONTO INTL A","6158731","2025-04-28 11:00","2025","04","28","11:00","","18.6","","1.6","","31","","","","14","","18","","24.1","","100.42","","","","","","NA"
"-79.63","43.68","TORONTO INTL A","6158731","2025-04-28 12:00","2025","04","28","12:00","","19.6","","2.7","","32","","","","16","","17","","24.1","","100.36","","","","","","NA"
"-79.63","43.68","TORONTO INTL A","6158731","2025-04-28 13:00","2025","04","28","13:00","","20.0","","0.9","","27","","","","16","","17","","24.1","","100.28","","","","","","Mainly Clear"
"-79.63","43.68","TORONTO INTL A","6158731","2025-04-28 14:00","2025","04","28","14:00","","19.6","","-0.6","","25","","","","15","","22","","24.1","","100.21","","","","","","NA"
"-79.63","43.68","TORONTO INTL A","6158731","2025-04-28 15:00","2025","04","28","15:00","","20.3","","1.5","","28","","","","16","","17","","24.1","","100.13","","","","","","NA"
"-79.63","43.68","TORONTO INTL A","6158731","2025-04-28 16:00","2025","04","28","16:00","","19.5","","-0.5","","25","","","","14","","18","","24.1","","100.04","","","","","","Clear"
"-79.63","43.68","TORONTO INTL A","6158731","2025-04-28 17:00","2025","04","28","17:00","","18.2","","0.2","","29","","","","14","","13","","24.1","","99.99","","","","","","NA"
"-79.63","43.68","TORONTO INTL A","6158731","2025-04-28 18:00","2025","04","28","18:00","","15.3","","-0.8","","33","","","","15","","14","","24.1","","99.91","","","","","","NA"
"-79.63","43.68","TORONTO INTL A","6158731","2025-04-28 19:00","2025","04","28","19:00","","13.2","","-1.1","","37","","","","14","","18","","24.1","","99.82","","","","","","Mainly Clear"
"-79.63","43.68","TORONTO INTL A","6158731","2025-04-28 20:00","2025","04","28","20:00","","12.6","","-0.9","","39","","","","13","","13","","24.1","","99.79","","","","","","NA"
"-79.63","43.68","TORONTO INTL A","6158731","2025-04-28 21:00","2025","04","28","21:00","","12.6","","-1.3","","38","","","","13","","13","","24.1","","99.74","","","","","","NA"
"-79.63","43.68","TORONTO INTL A","6158731","2025-04-28 22:00","2025","04","28","22:00","","11.7","","-0.1","","44","","","","15","","7","","24.1","","99.64","","","","","","Mainly Clear"
"-79.63","43.68","TORONTO INTL A","6158731","2025-04-28 23:00","2025","04","28","23:00","","11.0","","1.3","","51","","","","15","","7","","24.1","","99.52","","","","","","NA"
"-79.63","43.68","TORONTO INTL A","6158731","2025-04-29 00:00","2025","04","29","00:00","","9.9","","1.3","","55","","","","","","0","","24.1","","99.50","","","","","","NA"
"-79.63","43.68","TORONTO INTL A","6158731","2025-04-29 01:00","2025","04","29","01:00","","10.1","","1.8","","56","","","","17","","4","","24.1","","99.41","","","","","","Clear"
"-79.63","43.68","TORONTO INTL A","6158731","2025-04-29 02:00","2025","04","29","02:00","","9.4","","1.8","","59","","","","14","","6","","24.1","","99.34","","","","","","NA"
"-79.63","43.68","TORONTO INTL A","6158731","2025-04-29 03:00","2025","04","29","03:00","","9.4","","1.8","","59","","","","15","","8","","24.1","","99.28","","","","","","NA"
"-79.63","43.68","TORONTO INTL A","6158731","2025-04-29 04:00","2025","04","29","04:00","","8.9","","1.8","","61","","","","16","","11","","24.1","","99.18","","","","","","Mainly Clear"
"-79.63","43.68","TORONTO INTL A","6158731","2025-04-29 05:00","2025","04","29","05:00","","9.2","","2.3","","62","","","","18","","7","","24.1","","99.11","","","","","","NA"
"-79.63","43.68","TORONTO INTL A","6158731","2025-04-29 06:00","2025","04","29","06:00","","16.2","","4.3","","45","","","","20","","18","","24.1","","99.00","","","","","","NA"
"-79.63","43.68","TORONTO INTL A","6158731","2025-04-29 07:00","2025","04","29","07:00","","17.6","","6.1","","47","","","","21","","15","","24.1","","98.94","","","","","","Cloudy"
"-79.63","43.68","TORONTO INTL A","6158731","2025-04-29 08:00","2025","04","29","08:00","","19.7","","8.9","","49","","","","22","","24","","24.1","","98.88","","","","","","NA"
"-79.63","43.68","TORONTO INTL A","6158731","2025-04-29 09:00","2025","04","29","09:00","","21.0","","11.2","","53","","","","22","","24","","24.1","","98.81","","","","","","NA"
"-79.63","43.68","TORONTO INTL A","6158731","2025-04-29 10:00","2025","04","29","10:00","","24.5","","15.3","","56","","","","24","","41","","24.1","","98.74","","29","","","","Mostly Cloudy"
"-79.63","43.68","TORONTO INTL A","6158731","2025-04-29 11:00","2025","04","29","11:00","","24.4","","16.4","","60","","","","23","","42","","24.1","","98.70","","29","","","","NA"
"-79.63","43.68","TORONTO INTL A","6158731","2025-04-29 12:00","2025","04","29","12:00","","25.4","","16.1","","56","","","","22","","47","","24.1","","98.57","","30","","","","NA"
"-79.63","43.68","TORONTO INTL A","6158731","2025-04-29 13:00","2025","04","29","13:00","","26.3","","15.5","","51","","","","22","","33","","24.1","","98.46","","31","","","","Mostly Cloudy"
"-79.63","43.68","TORONTO INTL A","6158731","2025-04-29 14:00","2025","04","29","14:00","","26.3","","16.0","","52","","","","22","","53","","24.1","","98.46","","31","","","","NA"
"-79.63","43.68","TORONTO INTL A","6158731","2025-04-29 15:00","2025","04","29","15:00","","26.3","","16.4","","54","","","","22","","48","","24.1","","98.41","","31","","","","NA"
"-79.63","43.68","TORONTO INTL A","6158731","2025-04-29 16:00","2025","04","29","16:00","","26.2","","16.6","","55","","","","23","","48","","24.1","","98.30","","31","","","","Mostly Cloudy"
"-79.63","43.68","TORONTO INTL A","6158731","2025-04-29 17:00","2025","04","29","17:00","","17.3","","15.2","","88","","","","27","","39","","12.9","","98.45","","","","","","Moderate Rain Showers"
"-79.63","43.68","TORONTO INTL A","6158731","2025-04-29 18:00","2025","04","29","18:00","","20.4","","12.0","","58","","","","30","","47","","24.1","","98.56","","","","","","NA"
"-79.63","43.68","TORONTO INTL A","6158731","2025-04-29 19:00","2025","04","29","19:00","","14.1","","6.8","","61","","","","32","","37","","24.1","","98.91","","","","","","Mostly Cloudy"
"-79.63","43.68","TORONTO INTL A","6158731","2025-04-29 20:00","2025","04","29","20:00","","11.1","","3.2","","58","","","","31","","42","","24.1","","99.13","","","","","","NA"
"-79.63","43.68","TORONTO INTL A","6158731","2025-04-29 21:00","2025","04","29","21:00","","8.0","","1.1","","62","","","","32","","49","","24.1","","99.28","","","","","","NA"
"-79.63","43.68","TORONTO INTL A","6158731","2025-04-29 22:00","2025","04","29","22:00","","6.2","","0.4","","67","","","","32","","44","","24.1","","99.38","","","","","","Clear"
"-79.63","43.68","TORONTO INTL A","6158731","2025-04-29 23:00","2025","04","29","23:00","","5.4","","0.5","","70","","","","32","","37","","24.1","","99.47","","","","","","NA"
"-79.63","43.68","TORONTO INTL A","6158731","2025-04-30 00:00","2025","04","30","00:00","","5.3","","0.0","","69","","","","32","","34","","24.1","","99.57","","","","","","NA"
"-79.63","43.68","TORONTO INTL A","6158731","2025-04-30 01:00","2025","04","30","01:00","","4.8","","-0.5","","69","","","","33","","28","","24.1","","99.69","","","","","","Clear"
"-79.63","43.68","TORONTO INTL A","6158731","2025-04-30 02:00","2025","04","30","02:00","","3.5","","-1.0","","73","","","","34","","23","","24.1","","99.78","","","","","","NA"
"-79.63","43.68","TORONTO INTL A","6158731","2025-04-30 03:00","2025","04","30","03:00","","2.6","","-2.1","","71","","","","33","","22","","24.1","","99.88","","","","","","NA"
"-79.63","43.68","TORONTO INTL A","6158731","2025-04-30 04:00","2025","04","30","04:00","","2.1","","-2.4","","72","","","","33","","24","","24.1","","99.94","","","","","","Mainly Clear"
"-79.63","43.68","TORONTO INTL A","6158731","2025-04-30 05:00","2025","04","30","05:00","","2.4","","-2.2","","72","","","","35","","23","","24.1","","100.01","","","","","","NA"
"-79.63","43.68","TORONTO INTL A","6158731","2025-04-30 06:00","2025","04","30","06:00","","2.3","","-2.0","","73","","","","35","","21","","24.1","","100.10","","","","","","NA"
"-79.63","43.68","TORONTO INTL A","6158731","2025-04-30 07:00","2025","04","30","07:00","","2.7","","-1.7","","72","","","","35","","16","","24.1","","100.20","","","","","","Mostly Cloudy"
"-79.63","43.68","TORONTO INTL A","6158731","2025-04-30 08:00","2025","04","30","08:00","","3.1","","-2.0","","69","","","","36","","18","","24.1","","100.20","","","","","","NA"
"-79.63","43.68","TORONTO INTL A","6158731","2025-04-30 09:00","2025","04","30","09:00","","4.8","","-0.6","","68","","","","2","","10","","24.1","","100.20","","","","","","NA"
"-79.63","43.68","TORONTO INTL A","6158731","2025-04-30 10:00","2025","04","30","10:00","","5.8","","-1.5","","60","","","","34","","11","","24.1","","100.17","","","","","","Mainly Clear"
"-79.63","43.68","TORONTO INTL A","6158731","2025-04-30 11:00","2025","04","30","11:00","","7.6","","-0.6","","56","","","","1","","8","","24.1","","100.16","","","","","","NA"
"-79.63","43.68","TORONTO INTL A","6158731","2025-04-30 12:00","2025","04","30","12:00","","8.7","","-0.6","","52","","","","18","","4","","24.1","","100.16","","","","","","NA"
"-79.63","43.68","TORONTO INTL A","6158731","2025-04-30 13:00","2025","04","30","13:00","","10.1","","0.0","","49","","","","20","","10","","24.1","","100.14","","","","","","Mostly Cloudy"
"-79.63","43.68","TORONTO INTL A","6158731","2025-04-30 14:00","2025","04","30","14:00","","10.2","","1.4","","54","","","","17","","15","","24.1","","100.10","","","","","","NA"
"-79.63","43.68","TORONTO INTL A","6158731","2025-04-30 15:00","2025","04","30","15:00","","12.0","","1.9","","50","","","","14","","15","","24.1","","100.03","","","","","","NA"
"-79.63","43.68","TORONTO INTL A","6158731","2025-04-30 16:00","2025","04","30","16:00","","12.2","","1.8","","49","","","","15","","11","","24.1","","99.99","","","","","","Mostly Cloudy"
"-79.63","43.68","TORONTO INTL A","6158731","2025-04-30 17:00","2025","04","30","17:00","","10.7","","1.6","","53","","","","13","","12","","24.1","","99.94","","","","","","NA"
"-79.63","43.68","TORONTO INTL A","6158731","2025-04-30 18:00","2025","04","30","18:00","","10.0","","1.1","","54","","","","16","","12","","24.1","","99.92","","","","","","NA"
"-79.63","43.68","TORONTO INTL A","6158731","2025-04-30 19:00","2025","04","30","19:00","","9.0","","1.1","","58","","","","14","","11","","24.1","","99.92","","","","","","Mostly Cloudy"
"-79.63","43.68","TORONTO INTL A","6158731","2025-04-30 20:00","2025","04","30","20:00","","8.0","","-0.9","","53","","","","8","","9","","24.1","","99.94","","","","","","NA"
"-79.63","43.68","TORONTO INTL A","6158731","2025-04-30 21:00","2025","04","30","21:00","","8.1","","-0.5","","54","","","","17","","5","","24.1","","99.93","","","","","","NA"
"-79.63","43.68","TORONTO INTL A","6158731","2025-04-30 22:00","2025","04","30","22:00","","7.7","","-0.5","","56","","","","","","0","","24.1","","100.03","","","","","","Mostly Cloudy"
"-79.63","43.68","TORONTO INTL A","6158731","2025-04-30 23:00","2025","04","30","23:00","","7.8","","-0.8","","54","","","","11","","7","","24.1","","100.00","","","","","","NA"
