"Longitude (x)","Latitude (y)","Station Name","Climate ID","Date/Time (LST)","Year","Month","Day","Time (LST)","Flag","Temp (°C)","Temp Flag","Dew Point Temp (°C)","Dew Point Temp Flag","Rel Hum (%)","Rel Hum Flag","Precip. Amount (mm)","Precip. Amount Flag","Wind Dir (10s deg)","Wind Dir Flag","Wind Spd (km/h)","Wind Spd Flag","Visibility (km)","Visibility Flag","Stn Press (kPa)","Stn Press Flag","Hmdx","Hmdx Flag","Wind Chill","Wind Chill Flag","Weather"
"-79.63","43.68","TORONTO INTL A","6158731","2023-10-01 00:00","2023","10","01","00:00","","16.0","","13.5","","85","","","","32","","12","","24.1","","100.44","","","","","","NA"
"-79.63","43.68","TORONTO INTL A","6158731","2023-10-01 01:00","2023","10","01","01:00","","15.9","","13.2","","84","","","","32","","11","","24.1","","100.47","","","","","","Clear"
"-79.63","43.68","TORONTO INTL A","6158731","2023-10-01 02:00","2023","10","01","02:00","","14.7","","12.9","","89","","","","30","","9","","24.1","","100.46","","","","","","NA"
"-79.63","43.68","TORONTO INTL A","6158731","2023-10-01 03:00","2023","10","01","03:00","","15.0","","13.2","","89","","","","32","","14","","24.1","","100.49","","","","","","NA"
"-79.63","43.68","TORONTO INTL A","6158731","2023-10-01 04:00","2023","10","01","04:00","","15.6","","13.1","","85","","","","34","","15","","24.1","","100.53","","","","","","Clear"
"-79.63","43.68","TORONTO INTL A","6158731","2023-10-01 05:00","2023","10","01","05:00","","15.3","","13.2","","87","","","","36","","8","","24.1","","100.57","","","","","","NA"
"-79.63","43.68","TORONTO INTL A","6158731","2023-10-01 06:00","2023","10","01","06:00","","15.1","","13.0","","87","","","","34","","8","","24.1","","100.60","","","","","","NA"
"-79.63","43.68","TORONTO INTL A","6158731","2023-10-01 07:00","2023","10","01","07:00","","15.8","","13.2","","85","","","","32","","8","","24.1","","100.61","","","","","","Clear"
"-79.63","43.68","TORONTO INTL A","6158731","2023-10-01 08:00","2023","10","01","08:00","","17.5","","13.4","","77","","","","1","","5","","24.1","","100.61","","","","","","NA"
"-79.63","43.68","TORONTO INTL A","6158731","2023-10-01 09:00","2023","10","01","09:00","","19.4","","14.4","","73","","","","","","0","","24.1","","100.64","","","","","","NA"
"-79.63","43.68","TORONTO INTL A","6158731","2023-10-01 10:00","2023","10","01","10:00","","20.6","","13.8","","65","","","","33","","9","","24.1","","100.67","","","","","","Mostly Cloudy"
"-79.63","43.68","TORONTO INTL A","6158731","2023-10-01 11:00","2023","10","01","11:00","","21.9","","14.2","","61","","","","30","","9","","24.1","","100.64","","25","","","","NA"
"-79.63","43.68","TORONTO INTL A","6158731","2023-10-01 12:00","2023","10","01","12:00","","23.3","","14.3","","56","","","","30","","8","","24.1","","100.61","","27","","","","NA"
"-79.63","43.68","TORONTO INTL A","6158731","2023-10-01 13:00","2023","10","01","13:00","","24.1","","13.8","","52","","","","26","","5","","24.1","","100.53","","27","","","","Mostly Cloudy"
"-79.63","43.68","TORONTO INTL A","6158731","2023-10-01 14:00","2023","10","01","14:00","","26.7","","13.5","","43","","","","27","","4","","24.1","","100.46","","30","","","","NA"
"-79.63","43.68","TORONTO INTL A","6158731","2023-10-01 15:00","2023","10","01","15:00","","25.6","","15.0","","52","","","","4","","10","","24.1","","100.40","","30","","","","NA"
"-79.63","43.68","TORONTO INTL A","6158731","2023-10-01 16:00","2023","10","01","16:00","","25.6","","14.2","","49","","","","1","","18","","24.1","","100.37","","29","","","","Clear"
"-79.63","43.68","TORONTO INTL A","6158731","2023-10-01 17:00","2023","10","01","17:00","","24.4","","14.7","","54","","","","2","","13","","24.1","","100.37","","28","","","","NA"
"-79.63","43.68","TORONTO INTL A","6158731","2023-10-01 18:00","2023","10","01","18:00","","23.2","","13.9","","56","","","","35","","19","","24.1","","100.37","","27","","","","NA"
"-79.63","43.68","TORONTO INTL A","6158731","2023-10-01 19:00","2023","10","01","19:00","","21.2","","13.9","","63","","","","36","","16","","24.1","","100.42","","25","","","","Mainly Clear"
"-79.63","43.68","TORONTO INTL A","6158731","2023-10-01 20:00","2023","10","01","20:00","","20.3","","14.3","","68","","","","35","","14","","24.1","","100.42","","","","","","NA"
"-79.63","43.68","TORONTO INTL A","6158731","2023-10-01 21:00","2023","10","01","21:00","","19.2","","14.2","","72","","","","2","","13","","24.1","","100.41","","","","","","NA"
"-79.63","43.68","TORONTO INTL A","6158731","2023-10-01 22:00","2023","10","01","22:00","","19.4","","14.1","","71","","","","34","","17","","24.1","","100.43","","","","","","Mostly Cloudy"
"-79.63","43.68","TORONTO INTL A","6158731","2023-10-01 23:00","2023","10","01","23:00","","18.7","","14.0","","74","","","","1","","12","","24.1","","100.43","","","","","","NA"
"-79.63","43.68","TORONTO INTL A","6158731","2023-10-02 00:00","2023","10","02","00:00","","18.2","","13.8","","75","","","","32","","8","","24.1","","100.43","","","","","","NA"
"-79.63","43.68","TORONTO INTL A","6158731","2023-10-02 01:00","2023","10","02","01:00","","17.5","","14.1","","80","","","","34","","14","","24.1","","100.45","","","","","","Clear"
"-79.63","43.68","TORONTO INTL A","6158731","2023-10-02 02:00","2023","10","02","02:00","","16.8","","14.2","","84","","","","35","","7","","24.1","","100.45","","","","","","NA"
"-79.63","43.68","TORONTO INTL A","6158731","2023-10-02 03:00","2023","10","02","03:00","","16.0","","14.0","","88","","","","33","","10","","24.1","","100.40","","","","","","NA"
"-79.63","43.68","TORONTO INTL A","6158731","2023-10-02 04:00","2023","10","02","04:00","","15.8","","14.3","","91","","","","35","","7","","24.1","","100.40","","","","","","Clear"
"-79.63","43.68","TORONTO INTL A","6158731","2023-10-02 05:00","2023","10","02","05:00","","15.8","","14.1","","90","","","","33","","7","","24.1","","100.40","","","","","","NA"
"-79.63","43.68","TORONTO INTL A","6158731","2023-10-02 06:00","2023","10","02","06:00","","16.2","","14.3","","88","","","","4","","3","","24.1","","100.40","","","","","","NA"
"-79.63","43.68","TORONTO INTL A","6158731","2023-10-02 07:00","2023","10","02","07:00","","16.9","","14.7","","87","","","","","","0","","24.1","","100.42","","","","","","Mostly Cloudy"
"-79.63","43.68","TORONTO INTL A","6158731","2023-10-02 08:00","2023","10","02","08:00","","18.9","","14.9","","77","","","","28","","4","","24.1","","100.43","","","","","","NA"
"-79.63","43.68","TORONTO INTL A","6158731","2023-10-02 09:00","2023","10","02","09:00","","20.7","","15.7","","73","","","","19","","3","","24.1","","100.40","","25","","","","NA"
"-79.63","43.68","TORONTO INTL A","6158731","2023-10-02 10:00","2023","10","02","10:00","","23.0","","15.8","","63","","","","20","","4","","24.1","","100.37","","27","","","","Clear"
"-79.63","43.68","TORONTO INTL A","6158731","2023-10-02 11:00","2023","10","02","11:00","","24.9","","15.2","","54","","","","31","","11","","24.1","","100.36","","29","","","","NA"
"-79.63","43.68","TORONTO INTL A","6158731","2023-10-02 12:00","2023","10","02","12:00","","26.1","","14.4","","48","","","","22","","7","","24.1","","100.29","","30","","","","NA"
"-79.63","43.68","TORONTO INTL A","6158731","2023-10-02 13:00","2023","10","02","13:00","","26.1","","16.6","","55","","","","14","","15","","24.1","","100.22","","31","","","","Clear"
"-79.63","43.68","TORONTO INTL A","6158731","2023-10-02 14:00","2023","10","02","14:00","","26.0","","16.1","","54","","","","15","","16","","24.1","","100.15","","31","","","","NA"
"-79.63","43.68","TORONTO INTL A","6158731","2023-10-02 15:00","2023","10","02","15:00","","25.5","","16.5","","57","","","","16","","15","","24.1","","100.13","","30","","","","NA"
"-79.63","43.68","TORONTO INTL A","6158731","2023-10-02 16:00","2023","10","02","16:00","","25.4","","15.9","","55","","","","15","","16","","24.1","","100.08","","30","","","","Mainly Clear"
"-79.63","43.68","TORONTO INTL A","6158731","2023-10-02 17:00","2023","10","02","17:00","","24.0","","15.0","","56","","","","14","","14","","24.1","","100.09","","28","","","","NA"
"-79.63","43.68","TORONTO INTL A","6158731","2023-10-02 18:00","2023","10","02","18:00","","22.6","","15.0","","62","","","","16","","11","","24.1","","100.10","","27","","","","NA"
"-79.63","43.68","TORONTO INTL A","6158731","2023-10-02 19:00","2023","10","02","19:00","","22.4","","15.8","","66","","","","16","","8","","24.1","","100.09","","27","","","","Clear"
"-79.63","43.68","TORONTO INTL A","6158731","2023-10-02 20:00","2023","10","02","20:00","","22.3","","16.2","","68","","","","19","","4","","24.1","","100.10","","27","","","","NA"
"-79.63","43.68","TORONTO INTL A","6158731","2023-10-02 21:00","2023","10","02","21:00","","20.8","","16.3","","75","","","","26","","9","","24.1","","100.10","","26","","","","NA"
"-79.63","43.68","TORONTO INTL A","6158731","2023-10-02 22:00","2023","10","02","22:00","","20.3","","16.4","","78","","","","25","","11","","24.1","","100.09","","25","","","","Clear"
"-79.63","43.68","TORONTO INTL A","6158731","2023-10-02 23:00","2023","10","02","23:00","","20.1","","16.2","","78","","","","30","","9","","24.1","","100.09","","25","","","","NA"
"-79.63","43.68","TORONTO INTL A","6158731","2023-10-03 00:00","2023","10","03","00:00","","19.4","","16.0","","80","","","","25","","5","","24.1","","100.05","","","","","","NA"
"-79.63","43.68","TORONTO INTL A","6158731","2023-10-03 01:00","2023","10","03","01:00","","18.2","","15.5","","84","","","","27","","4","","16.1","","100.08","","","","","","Clear"
"-79.63","43.68","TORONTO INTL A","6158731","2023-10-03 02:00","2023","10","03","02:00","","17.7","","15.8","","89","","","","","","0","","16.1","","100.08","","","","","","NA"
"-79.63","43.68","TORONTO INTL A","6158731","2023-10-03 03:00","2023","10","03","03:00","","18.8","","15.9","","83","","","","","","0","","16.1","","100.08","","","","","","NA"
"-79.63","43.68","TORONTO INTL A","6158731","2023-10-03 04:00","2023","10","03","04:00","","17.1","","15.6","","91","","","","31","","4","","19.3","","100.10","","","","","","Clear"
"-79.63","43.68","TORONTO INTL A","6158731","2023-10-03 05:00","2023","10","03","05:00","","16.2","","15.1","","93","","","","30","","5","","24.1","","100.14","","","","","","NA"
"-79.63","43.68","TORONTO INTL A","6158731","2023-10-03 06:00","2023","10","03","06:00","","17.5","","15.1","","85","","","","25","","5","","24.1","","100.17","","","","","","NA"
"-79.63","43.68","TORONTO INTL A","6158731","2023-10-03 07:00","2023","10","03","07:00","","18.6","","15.2","","80","","","","22","","7","","24.1","","100.20","","","","","","Clear"
"-79.63","43.68","TORONTO INTL A","6158731","2023-10-03 08:00","2023","10","03","08:00","","21.6","","16.7","","73","","","","25","","7","","24.1","","100.22","","27","","","","NA"
"-79.63","43.68","TORONTO INTL A","6158731","2023-10-03 09:00","2023","10","03","09:00","","24.2","","15.9","","59","","","","23","","9","","24.1","","100.22","","29","","","","NA"
"-79.63","43.68","TORONTO INTL A","6158731","2023-10-03 10:00","2023","10","03","10:00","","26.1","","14.9","","50","","","","24","","10","","24.1","","100.20","","30","","","","Clear"
"-79.63","43.68","TORONTO INTL A","6158731","2023-10-03 11:00","2023","10","03","11:00","","27.1","","15.4","","48","","","","18","","7","","24.1","","100.18","","31","","","","NA"
"-79.63","43.68","TORONTO INTL A","6158731","2023-10-03 12:00","2023","10","03","12:00","","29.0","","14.9","","42","","","","16","","7","","24.1","","100.13","","33","","","","NA"
"-79.63","43.68","TORONTO INTL A","6158731","2023-10-03 13:00","2023","10","03","13:00","","29.6","","15.5","","42","","","","16","","13","","24.1","","100.06","","34","","","","Clear"
"-79.63","43.68","TORONTO INTL A","6158731","2023-10-03 14:00","2023","10","03","14:00","","29.4","","16.4","","45","","","","12","","14","","24.1","","99.98","","34","","","","NA"
"-79.63","43.68","TORONTO INTL A","6158731","2023-10-03 15:00","2023","10","03","15:00","","29.4","","16.0","","44","","","","15","","11","","24.1","","99.95","","34","","","","NA"
"-79.63","43.68","TORONTO INTL A","6158731","2023-10-03 16:00","2023","10","03","16:00","","30.0","","15.1","","40","","","","24","","7","","24.1","","99.93","","34","","","","Clear"
"-79.63","43.68","TORONTO INTL A","6158731","2023-10-03 17:00","2023","10","03","17:00","","28.4","","15.2","","44","","","","22","","9","","24.1","","99.94","","32","","","","NA"
"-79.63","43.68","TORONTO INTL A","6158731","2023-10-03 18:00","2023","10","03","18:00","","26.2","","16.2","","54","","","","15","","12","","24.1","","99.95","","31","","","","NA"
"-79.63","43.68","TORONTO INTL A","6158731","2023-10-03 19:00","2023","10","03","19:00","","24.7","","16.2","","59","","","","17","","11","","24.1","","99.97","","29","","","","Clear"
"-79.63","43.68","TORONTO INTL A","6158731","2023-10-03 20:00","2023","10","03","20:00","","24.2","","16.6","","62","","","","21","","12","","24.1","","99.98","","29","","","","NA"
"-79.63","43.68","TORONTO INTL A","6158731","2023-10-03 21:00","2023","10","03","21:00","","22.8","","16.4","","67","","","","24","","8","","24.1","","99.98","","28","","","","NA"
"-79.63","43.68","TORONTO INTL A","6158731","2023-10-03 22:00","2023","10","03","22:00","","22.1","","16.3","","70","","","","25","","4","","24.1","","99.97","","27","","","","Clear"
"-79.63","43.68","TORONTO INTL A","6158731","2023-10-03 23:00","2023","10","03","23:00","","21.2","","16.2","","73","","","","27","","5","","24.1","","99.97","","26","","","","NA"
"-79.63","43.68","TORONTO INTL A","6158731","2023-10-04 00:00","2023","10","04","00:00","","21.0","","15.5","","70","","","","28","","6","","24.1","","99.97","","25","","","","NA"
"-79.63","43.68","TORONTO INTL A","6158731","2023-10-04 01:00","2023","10","04","01:00","","20.6","","16.0","","75","","","","18","","5","","24.1","","99.96","","25","","","","Clear"
"-79.63","43.68","TORONTO INTL A","6158731","2023-10-04 02:00","2023","10","04","02:00","","19.8","","16.1","","79","","","","","","0","","24.1","","99.94","","","","","","NA"
"-79.63","43.68","TORONTO INTL A","6158731","2023-10-04 03:00","2023","10","04","03:00","","19.0","","16.0","","83","","","","36","","3","","24.1","","99.96","","","","","","NA"
"-79.63","43.68","TORONTO INTL A","6158731","2023-10-04 04:00","2023","10","04","04:00","","17.1","","14.3","","84","","","","29","","4","","24.1","","99.98","","","","","","Clear"
"-79.63","43.68","TORONTO INTL A","6158731","2023-10-04 05:00","2023","10","04","05:00","","18.5","","15.2","","81","","","","","","0","","24.1","","100.01","","","","","","NA"
"-79.63","43.68","TORONTO INTL A","6158731","2023-10-04 06:00","2023","10","04","06:00","","18.1","","14.8","","81","","","","1","","4","","24.1","","100.06","","","","","","NA"
"-79.63","43.68","TORONTO INTL A","6158731","2023-10-04 07:00","2023","10","04","07:00","","19.4","","15.4","","78","","","","6","","4","","24.1","","100.08","","","","","","Clear"
"-79.63","43.68","TORONTO INTL A","6158731","2023-10-04 08:00","2023","10","04","08:00","","21.2","","16.7","","75","","","","13","","7","","24.1","","100.09","","26","","","","NA"
"-79.63","43.68","TORONTO INTL A","6158731","2023-10-04 09:00","2023","10","04","09:00","","22.7","","16.2","","66","","","","16","","10","","24.1","","100.09","","27","","","","NA"
"-79.63","43.68","TORONTO INTL A","6158731","2023-10-04 10:00","2023","10","04","10:00","","23.9","","15.9","","61","","","","15","","11","","24.1","","100.06","","28","","","","Clear"
"-79.63","43.68","TORONTO INTL A","6158731","2023-10-04 11:00","2023","10","04","11:00","","24.9","","16.3","","58","","","","12","","10","","24.1","","100.03","","30","","","","NA"
"-79.63","43.68","TORONTO INTL A","6158731","2023-10-04 12:00","2023","10","04","12:00","","26.3","","17.0","","56","","","","13","","11","","24.1","","99.98","","32","","","","NA"
"-79.63","43.68","TORONTO INTL A","6158731","2023-10-04 13:00","2023","10","04","13:00","","26.7","","16.8","","54","","","","14","","12","","24.1","","99.89","","32","","","","Mainly Clear"
"-79.63","43.68","TORONTO INTL A","6158731","2023-10-04 14:00","2023","10","04","14:00","","27.5","","17.5","","54","","","","15","","13","","24.1","","99.82","","33","","","","NA"
"-79.63","43.68","TORONTO INTL A","6158731","2023-10-04 15:00","2023","10","04","15:00","","27.0","","17.6","","56","","","","15","","18","","24.1","","99.75","","33","","","","NA"
"-79.63","43.68","TORONTO INTL A","6158731","2023-10-04 16:00","2023","10","04","16:00","","25.9","","16.9","","57","","","","14","","14","","24.1","","99.72","","31","","","","Mostly Cloudy"
"-79.63","43.68","TORONTO INTL A","6158731","2023-10-04 17:00","2023","10","04","17:00","","24.0","","17.2","","65","","","","15","","11","","24.1","","99.70","","29","","","","NA"
"-79.63","43.68","TORONTO INTL A","6158731","2023-10-04 18:00","2023","10","04","18:00","","22.1","","17.4","","74","","","","16","","8","","24.1","","99.73","","28","","","","NA"
"-79.63","43.68","TORONTO INTL A","6158731","2023-10-04 19:00","2023","10","04","19:00","","21.0","","17.5","","80","","","","15","","10","","24.1","","99.77","","27","","","","Mostly Cloudy"
"-79.63","43.68","TORONTO INTL A","6158731","2023-10-04 20:00","2023","10","04","20:00","","20.3","","19.3","","94","","","","14","","11","","24.1","","99.79","","27","","","","NA"
"-79.63","43.68","TORONTO INTL A","6158731","2023-10-04 21:00","2023","10","04","21:00","","20.0","","19.5","","97","","","","15","","8","","24.1","","99.78","","27","","","","NA"
"-79.63","43.68","TORONTO INTL A","6158731","2023-10-04 22:00","2023","10","04","22:00","","20.0","","18.9","","94","","","","13","","4","","24.1","","99.74","","27","","","","Mainly Clear"
"-79.63","43.68","TORONTO INTL A","6158731","2023-10-04 23:00","2023","10","04","23:00","","19.8","","19.1","","96","","","","14","","8","","24.1","","99.73","","","","","","NA"
"-79.63","43.68","TORONTO INTL A","6158731","2023-10-05 00:00","2023","10","05","00:00","","19.6","","18.5","","94","","","","14","","7","","24.1","","99.65","","","","","","NA"
"-79.63","43.68","TORONTO INTL A","6158731","2023-10-05 01:00","2023","10","05","01:00","","19.1","","18.6","","97","","","","15","","10","","24.1","","99.66","","","","","","Mainly Clear"
"-79.63","43.68","TORONTO INTL A","6158731","2023-10-05 02:00","2023","10","05","02:00","","19.0","","17.7","","92","","","","15","","8","","24.1","","99.65","","","","","","NA"
"-79.63","43.68","TORONTO INTL A","6158731","2023-10-05 03:00","2023","10","05","03:00","","19.3","","16.7","","85","","","","16","","7","","24.1","","99.64","","","","","","NA"
"-79.63","43.68","TORONTO INTL A","6158731","2023-10-05 04:00","2023","10","05","04:00","","19.3","","15.8","","80","","","","15","","8","","24.1","","99.64","","","","","","Mostly Cloudy"
"-79.63","43.68","TORONTO INTL A","6158731","2023-10-05 05:00","2023","10","05","05:00","","19.3","","15.2","","77","","","","15","","10","","24.1","","99.63","","","","","","NA"
"-79.63","43.68","TORONTO INTL A","6158731","2023-10-05 06:00","2023","10","05","06:00","","19.1","","15.8","","81","","","","15","","10","","24.1","","99.63","","","","","","NA"
"-79.63","43.68","TORONTO INTL A","6158731","2023-10-05 07:00","2023","10","05","07:00","","19.7","","16.1","","80","","","","15","","9","","24.1","","99.65","","","","","","Cloudy"
"-79.63","43.68","TORONTO INTL A","6158731","2023-10-05 08:00","2023","10","05","08:00","","20.4","","16.4","","78","","","","15","","9","","24.1","","99.63","","25","","","","NA"
"-79.63","43.68","TORONTO INTL A","6158731","2023-10-05 09:00","2023","10","05","09:00","","21.7","","16.6","","72","","","","18","","10","","24.1","","99.64","","27","","","","NA"
"-79.63","43.68","TORONTO INTL A","6158731","2023-10-05 10:00","2023","10","05","10:00","","23.4","","15.9","","62","","","","20","","21","","24.1","","99.61","","28","","","","Cloudy"
"-79.63","43.68","TORONTO INTL A","6158731","2023-10-05 11:00","2023","10","05","11:00","","24.1","","16.1","","60","","","","20","","15","","24.1","","99.52","","29","","","","NA"
"-79.63","43.68","TORONTO INTL A","6158731","2023-10-05 12:00","2023","10","05","12:00","","25.5","","16.6","","58","","","","21","","10","","24.1","","99.50","","31","","","","NA"
"-79.63","43.68","TORONTO INTL A","6158731","2023-10-05 13:00","2023","10","05","13:00","","25.0","","15.3","","54","","","","20","","17","","24.1","","99.39","","29","","","","Cloudy"
"-79.63","43.68","TORONTO INTL A","6158731","2023-10-05 14:00","2023","10","05","14:00","","25.4","","15.2","","53","","","","19","","20","","24.1","","99.35","","29","","","","NA"
"-79.63","43.68","TORONTO INTL A","6158731","2023-10-05 15:00","2023","10","05","15:00","","25.0","","16.3","","58","","","","16","","14","","24.1","","99.29","","30","","","","NA"
"-79.63","43.68","TORONTO INTL A","6158731","2023-10-05 16:00","2023","10","05","16:00","","24.6","","15.5","","56","","","","17","","15","","24.1","","99.26","","29","","","","Cloudy"
"-79.63","43.68","TORONTO INTL A","6158731","2023-10-05 17:00","2023","10","05","17:00","","24.2","","14.9","","55","","","","21","","12","","24.1","","99.22","","28","","","","NA"
"-79.63","43.68","TORONTO INTL A","6158731","2023-10-05 18:00","2023","10","05","18:00","","23.3","","15.1","","59","","","","17","","10","","24.1","","99.21","","27","","","","NA"
"-79.63","43.68","TORONTO INTL A","6158731","2023-10-05 19:00","2023","10","05","19:00","","22.4","","15.0","","63","","","","24","","12","","24.1","","99.20","","26","","","","Cloudy"
"-79.63","43.68","TORONTO INTL A","6158731","2023-10-05 20:00","2023","10","05","20:00","","20.6","","16.1","","75","","","","25","","23","","19.3","","99.26","","25","","","","Rain"
"-79.63","43.68","TORONTO INTL A","6158731","2023-10-05 21:00","2023","10","05","21:00","","18.2","","16.1","","87","","","","24","","23","","16.1","","99.29","","","","","","Rain"
"-79.63","43.68","TORONTO INTL A","6158731","2023-10-05 22:00","2023","10","05","22:00","","17.3","","17.3","","100","","","","18","","13","","16.1","","99.27","","","","","","Rain"
"-79.63","43.68","TORONTO INTL A","6158731","2023-10-05 23:00","2023","10","05","23:00","","17.0","","17.0","","100","","","","17","","18","","16.1","","99.16","","","","","","Rain"
"-79.63","43.68","TORONTO INTL A","6158731","2023-10-06 00:00","2023","10","06","00:00","","17.1","","17.1","","100","","","","16","","17","","16.1","","99.09","","","","","","Rain"
"-79.63","43.68","TORONTO INTL A","6158731","2023-10-06 01:00","2023","10","06","01:00","","17.2","","17.2","","100","","","","17","","18","","19.3","","99.00","","","","","","Rain"
"-79.63","43.68","TORONTO INTL A","6158731","2023-10-06 02:00","2023","10","06","02:00","","17.5","","17.5","","100","","","","16","","22","","19.3","","98.91","","","","","","Rain"
"-79.63","43.68","TORONTO INTL A","6158731","2023-10-06 03:00","2023","10","06","03:00","","17.4","","17.4","","100","","","","16","","27","","19.3","","98.82","","","","","","Rain"
"-79.63","43.68","TORONTO INTL A","6158731","2023-10-06 04:00","2023","10","06","04:00","","16.6","","16.6","","100","","","","27","","19","","9.7","","98.83","","","","","","Rain,Fog"
"-79.63","43.68","TORONTO INTL A","6158731","2023-10-06 05:00","2023","10","06","05:00","","16.1","","16.1","","100","","","","22","","7","","16.1","","98.84","","","","","","Rain"
"-79.63","43.68","TORONTO INTL A","6158731","2023-10-06 06:00","2023","10","06","06:00","","16.3","","16.3","","100","","","","21","","12","","16.1","","98.93","","","","","","NA"
"-79.63","43.68","TORONTO INTL A","6158731","2023-10-06 07:00","2023","10","06","07:00","","16.2","","16.2","","100","","","","22","","12","","24.1","","98.99","","","","","","Mostly Cloudy"
"-79.63","43.68","TORONTO INTL A","6158731","2023-10-06 08:00","2023","10","06","08:00","","17.3","","16.4","","95","","","","25","","18","","24.1","","99.05","","","","","","NA"
"-79.63","43.68","TORONTO INTL A","6158731","2023-10-06 09:00","2023","10","06","09:00","","18.6","","15.3","","81","","","","24","","16","","24.1","","99.07","","","","","","NA"
"-79.63","43.68","TORONTO INTL A","6158731","2023-10-06 10:00","2023","10","06","10:00","","20.0","","14.2","","69","","","","20","","12","","24.1","","99.05","","","","","","Mainly Clear"
"-79.63","43.68","TORONTO INTL A","6158731","2023-10-06 11:00","2023","10","06","11:00","","21.3","","13.8","","62","","","","23","","17","","24.1","","99.06","","25","","","","NA"
"-79.63","43.68","TORONTO INTL A","6158731","2023-10-06 12:00","2023","10","06","12:00","","22.3","","14.1","","59","","","","25","","22","","24.1","","99.02","","26","","","","NA"
"-79.63","43.68","TORONTO INTL A","6158731","2023-10-06 13:00","2023","10","06","13:00","","21.3","","13.6","","61","","","","25","","17","","24.1","","98.97","","","","","","Mostly Cloudy"
"-79.63","43.68","TORONTO INTL A","6158731","2023-10-06 14:00","2023","10","06","14:00","","22.2","","13.2","","56","","","","23","","24","","24.1","","98.94","","25","","","","NA"
"-79.63","43.68","TORONTO INTL A","6158731","2023-10-06 15:00","2023","10","06","15:00","","21.1","","11.0","","52","","","","23","","22","","24.1","","98.93","","","","","","NA"
"-79.63","43.68","TORONTO INTL A","6158731","2023-10-06 16:00","2023","10","06","16:00","","20.9","","10.9","","52","","","","23","","23","","24.1","","98.94","","","","","","Mostly Cloudy"
"-79.63","43.68","TORONTO INTL A","6158731","2023-10-06 17:00","2023","10","06","17:00","","20.3","","10.0","","51","","","","23","","22","","24.1","","98.95","","","","","","NA"
"-79.63","43.68","TORONTO INTL A","6158731","2023-10-06 18:00","2023","10","06","18:00","","18.3","","9.7","","57","","","","24","","21","","24.1","","98.99","","","","","","NA"
"-79.63","43.68","TORONTO INTL A","6158731","2023-10-06 19:00","2023","10","06","19:00","","17.7","","9.6","","59","","","","29","","18","","24.1","","98.99","","","","","","Mainly Clear"
"-79.63","43.68","TORONTO INTL A","6158731","2023-10-06 20:00","2023","10","06","20:00","","16.8","","8.9","","60","","","","30","","12","","24.1","","99.03","","","","","","NA"
"-79.63","43.68","TORONTO INTL A","6158731","2023-10-06 21:00","2023","10","06","21:00","","15.9","","8.9","","63","","","","31","","11","","24.1","","99.01","","","","","","NA"
"-79.63","43.68","TORONTO INTL A","6158731","2023-10-06 22:00","2023","10","06","22:00","","14.8","","8.9","","67","","","","25","","3","","24.1","","99.01","","","","","","Clear"
"-79.63","43.68","TORONTO INTL A","6158731","2023-10-06 23:00","2023","10","06","23:00","","15.0","","8.8","","66","","","","","","0","","24.1","","98.97","","","","","","NA"
"-79.63","43.68","TORONTO INTL A","6158731","2023-10-07 00:00","2023","10","07","00:00","","13.0","","9.2","","77","","","","36","","3","","24.1","","98.93","","","","","","NA"
"-79.63","43.68","TORONTO INTL A","6158731","2023-10-07 01:00","2023","10","07","01:00","","12.2","","8.2","","77","","","","31","","17","","24.1","","98.96","","","","","","Mainly Clear"
"-79.63","43.68","TORONTO INTL A","6158731","2023-10-07 02:00","2023","10","07","02:00","","11.8","","8.5","","80","","","","32","","17","","24.1","","98.94","","","","","","NA"
"-79.63","43.68","TORONTO INTL A","6158731","2023-10-07 03:00","2023","10","07","03:00","","12.0","","8.9","","81","","","","29","","9","","24.1","","98.91","","","","","","NA"
"-79.63","43.68","TORONTO INTL A","6158731","2023-10-07 04:00","2023","10","07","04:00","","11.7","","9.5","","86","","","","25","","4","","24.1","","98.89","","","","","","Cloudy"
"-79.63","43.68","TORONTO INTL A","6158731","2023-10-07 05:00","2023","10","07","05:00","","12.2","","8.2","","76","","","","21","","10","","24.1","","98.89","","","","","","Rain"
"-79.63","43.68","TORONTO INTL A","6158731","2023-10-07 06:00","2023","10","07","06:00","","11.7","","7.0","","73","","","","22","","19","","24.1","","98.88","","","","","","NA"
"-79.63","43.68","TORONTO INTL A","6158731","2023-10-07 07:00","2023","10","07","07:00","","9.5","","5.8","","77","","","","25","","22","","24.1","","98.90","","","","","","Mainly Clear"
"-79.63","43.68","TORONTO INTL A","6158731","2023-10-07 08:00","2023","10","07","08:00","","10.7","","5.8","","72","","","","26","","24","","24.1","","98.91","","","","","","NA"
"-79.63","43.68","TORONTO INTL A","6158731","2023-10-07 09:00","2023","10","07","09:00","","11.7","","5.6","","66","","","","24","","26","","24.1","","98.90","","","","","","NA"
"-79.63","43.68","TORONTO INTL A","6158731","2023-10-07 10:00","2023","10","07","10:00","","11.7","","5.7","","67","","","","25","","22","","24.1","","98.87","","","","","","Mostly Cloudy"
"-79.63","43.68","TORONTO INTL A","6158731","2023-10-07 11:00","2023","10","07","11:00","","11.9","","6.1","","67","","","","23","","15","","24.1","","98.85","","","","","","NA"
"-79.63","43.68","TORONTO INTL A","6158731","2023-10-07 12:00","2023","10","07","12:00","","13.2","","6.6","","64","","","","24","","26","","24.1","","98.82","","","","","","NA"
"-79.63","43.68","TORONTO INTL A","6158731","2023-10-07 13:00","2023","10","07","13:00","","13.7","","7.3","","65","","","","24","","21","","24.1","","98.75","","","","","","Mostly Cloudy"
"-79.63","43.68","TORONTO INTL A","6158731","2023-10-07 14:00","2023","10","07","14:00","","14.5","","7.0","","60","","","","26","","17","","24.1","","98.70","","","","","","NA"
"-79.63","43.68","TORONTO INTL A","6158731","2023-10-07 15:00","2023","10","07","15:00","","13.8","","5.4","","57","","","","27","","27","","24.1","","98.69","","","","","","NA"
"-79.63","43.68","TORONTO INTL A","6158731","2023-10-07 16:00","2023","10","07","16:00","","14.9","","4.6","","50","","","","26","","22","","24.1","","98.68","","","","","","Mostly Cloudy"
"-79.63","43.68","TORONTO INTL A","6158731","2023-10-07 17:00","2023","10","07","17:00","","12.5","","5.1","","60","","","","27","","26","","24.1","","98.66","","","","","","NA"
"-79.63","43.68","TORONTO INTL A","6158731","2023-10-07 18:00","2023","10","07","18:00","","10.9","","7.4","","79","","","","27","","30","","24.1","","98.66","","","","","","Rain"
"-79.63","43.68","TORONTO INTL A","6158731","2023-10-07 19:00","2023","10","07","19:00","","9.7","","6.5","","80","","","","28","","15","","24.1","","98.62","","","","","","Mostly Cloudy"
"-79.63","43.68","TORONTO INTL A","6158731","2023-10-07 20:00","2023","10","07","20:00","","8.7","","6.8","","88","","","","28","","19","","24.1","","98.57","","","","","","NA"
"-79.63","43.68","TORONTO INTL A","6158731","2023-10-07 21:00","2023","10","07","21:00","","8.3","","6.8","","90","","","","28","","20","","24.1","","98.53","","","","","","NA"
"-79.63","43.68","TORONTO INTL A","6158731","2023-10-07 22:00","2023","10","07","22:00","","8.4","","6.8","","90","","","","28","","19","","24.1","","98.46","","","","","","Clear"
"-79.63","43.68","TORONTO INTL A","6158731","2023-10-07 23:00","2023","10","07","23:00","","8.4","","6.4","","87","","","","28","","21","","24.1","","98.41","","","","","","NA"
"-79.63","43.68","TORONTO INTL A","6158731","2023-10-08 00:00","2023","10","08","00:00","","7.8","","5.8","","87","","","","27","","17","","24.1","","98.36","","","","","","NA"
"-79.63","43.68","TORONTO INTL A","6158731","2023-10-08 01:00","2023","10","08","01:00","","8.2","","5.4","","83","","","","29","","21","","24.1","","98.33","","","","","","Clear"
"-79.63","43.68","TORONTO INTL A","6158731","2023-10-08 02:00","2023","10","08","02:00","","7.8","","5.0","","82","","","","28","","22","","24.1","","98.25","","","","","","NA"
"-79.63","43.68","TORONTO INTL A","6158731","2023-10-08 03:00","2023","10","08","03:00","","7.6","","4.7","","82","","","","29","","25","","24.1","","98.22","","","","","","NA"
"-79.63","43.68","TORONTO INTL A","6158731","2023-10-08 04:00","2023","10","08","04:00","","7.1","","4.4","","83","","","","28","","21","","24.1","","98.21","","","","","","Mainly Clear"
"-79.63","43.68","TORONTO INTL A","6158731","2023-10-08 05:00","2023","10","08","05:00","","7.2","","4.1","","81","","","","27","","28","","24.1","","98.18","","","","","","NA"
"-79.63","43.68","TORONTO INTL A","6158731","2023-10-08 06:00","2023","10","08","06:00","","7.8","","4.0","","77","","","","28","","29","","24.1","","98.15","","","","","","NA"
"-79.63","43.68","TORONTO INTL A","6158731","2023-10-08 07:00","2023","10","08","07:00","","8.1","","3.9","","75","","","","28","","31","","24.1","","98.16","","","","","","Mostly Cloudy"
"-79.63","43.68","TORONTO INTL A","6158731","2023-10-08 08:00","2023","10","08","08:00","","8.1","","3.2","","71","","","","28","","26","","24.1","","98.14","","","","","","NA"
"-79.63","43.68","TORONTO INTL A","6158731","2023-10-08 09:00","2023","10","08","09:00","","8.7","","3.2","","68","","","","28","","33","","24.1","","98.12","","","","","","NA"
"-79.63","43.68","TORONTO INTL A","6158731","2023-10-08 10:00","2023","10","08","10:00","","9.8","","3.5","","65","","","","30","","29","","24.1","","98.08","","","","","","Mostly Cloudy"
"-79.63","43.68","TORONTO INTL A","6158731","2023-10-08 11:00","2023","10","08","11:00","","9.9","","3.2","","63","","","","30","","31","","24.1","","98.04","","","","","","NA"
"-79.63","43.68","TORONTO INTL A","6158731","2023-10-08 12:00","2023","10","08","12:00","","10.4","","3.9","","64","","","","28","","34","","24.1","","98.01","","","","","","NA"
"-79.63","43.68","TORONTO INTL A","6158731","2023-10-08 13:00","2023","10","08","13:00","","9.6","","4.1","","68","","","","29","","36","","24.1","","97.97","","","","","","Rain Showers"
"-79.63","43.68","TORONTO INTL A","6158731","2023-10-08 14:00","2023","10","08","14:00","","9.2","","4.2","","71","","","","30","","28","","24.1","","97.99","","","","","","Rain Showers"
"-79.63","43.68","TORONTO INTL A","6158731","2023-10-08 15:00","2023","10","08","15:00","","8.0","","5.4","","83","","","","30","","24","","16.1","","98.01","","","","","","Rain"
"-79.63","43.68","TORONTO INTL A","6158731","2023-10-08 16:00","2023","10","08","16:00","","7.4","","5.3","","86","","","","29","","18","","16.1","","98.07","","","","","","Rain"
"-79.63","43.68","TORONTO INTL A","6158731","2023-10-08 17:00","2023","10","08","17:00","","7.8","","5.3","","84","","","","29","","23","","16.1","","98.09","","","","","","Rain"
"-79.63","43.68","TORONTO INTL A","6158731","2023-10-08 18:00","2023","10","08","18:00","","8.1","","5.2","","82","","","","28","","29","","24.1","","98.09","","","","","","NA"
"-79.63","43.68","TORONTO INTL A","6158731","2023-10-08 19:00","2023","10","08","19:00","","8.1","","4.6","","79","","","","27","","37","","24.1","","98.11","","","","","","Cloudy"
"-79.63","43.68","TORONTO INTL A","6158731","2023-10-08 20:00","2023","10","08","20:00","","8.6","","3.7","","71","","","","28","","33","","24.1","","98.10","","","","","","NA"
"-79.63","43.68","TORONTO INTL A","6158731","2023-10-08 21:00","2023","10","08","21:00","","8.7","","3.3","","69","","","","27","","28","","24.1","","98.11","","","","","","NA"
"-79.63","43.68","TORONTO INTL A","6158731","2023-10-08 22:00","2023","10","08","22:00","","8.5","","3.0","","68","","","","26","","26","","24.1","","98.10","","","","","","Mostly Cloudy"
"-79.63","43.68","TORONTO INTL A","6158731","2023-10-08 23:00","2023","10","08","23:00","","8.1","","3.5","","73","","","","26","","24","","24.1","","98.07","","","","","","NA"
"-79.63","43.68","TORONTO INTL A","6158731","2023-10-09 00:00","2023","10","09","00:00","","7.9","","2.9","","71","","","","26","","26","","24.1","","98.04","","","","","","NA"
"-79.63","43.68","TORONTO INTL A","6158731","2023-10-09 01:00","2023","10","09","01:00","","7.6","","2.9","","72","","","","25","","22","","24.1","","98.03","","","","","","Cloudy"
"-79.63","43.68","TORONTO INTL A","6158731","2023-10-09 02:00","2023","10","09","02:00","","7.5","","3.2","","74","","","","25","","27","","24.1","","98.00","","","","","","NA"
"-79.63","43.68","TORONTO INTL A","6158731","2023-10-09 03:00","2023","10","09","03:00","","7.5","","3.7","","77","","","","24","","21","","24.1","","97.98","","","","","","NA"
"-79.63","43.68","TORONTO INTL A","6158731","2023-10-09 04:00","2023","10","09","04:00","","7.7","","3.8","","76","","","","24","","24","","24.1","","97.99","","","","","","Mostly Cloudy"
"-79.63","43.68","TORONTO INTL A","6158731","2023-10-09 05:00","2023","10","09","05:00","","7.3","","3.7","","77","","","","22","","22","","24.1","","97.99","","","","","","NA"
"-79.63","43.68","TORONTO INTL A","6158731","2023-10-09 06:00","2023","10","09","06:00","","6.8","","4.5","","85","","","","23","","34","","24.1","","98.01","","","","","","Drizzle"
"-79.63","43.68","TORONTO INTL A","6158731","2023-10-09 07:00","2023","10","09","07:00","","7.4","","3.5","","76","","","","23","","25","","24.1","","98.04","","","","","","Mostly Cloudy"
"-79.63","43.68","TORONTO INTL A","6158731","2023-10-09 08:00","2023","10","09","08:00","","7.3","","3.4","","76","","","","23","","27","","24.1","","98.08","","","","","","Drizzle"
"-79.63","43.68","TORONTO INTL A","6158731","2023-10-09 09:00","2023","10","09","09:00","","8.9","","3.2","","67","","","","26","","35","","24.1","","98.08","","","","","","NA"
"-79.63","43.68","TORONTO INTL A","6158731","2023-10-09 10:00","2023","10","09","10:00","","10.5","","3.3","","61","","","","26","","27","","24.1","","98.07","","","","","","Mostly Cloudy"
"-79.63","43.68","TORONTO INTL A","6158731","2023-10-09 11:00","2023","10","09","11:00","","10.1","","2.9","","61","","","","24","","32","","24.1","","98.11","","","","","","NA"
"-79.63","43.68","TORONTO INTL A","6158731","2023-10-09 12:00","2023","10","09","12:00","","10.4","","2.6","","58","","","","24","","33","","24.1","","98.14","","","","","","NA"
"-79.63","43.68","TORONTO INTL A","6158731","2023-10-09 13:00","2023","10","09","13:00","","10.8","","1.6","","53","","","","26","","37","","24.1","","98.13","","","","","","Cloudy"
"-79.63","43.68","TORONTO INTL A","6158731","2023-10-09 14:00","2023","10","09","14:00","","10.7","","2.2","","55","","","","24","","35","","24.1","","98.15","","","","","","NA"
"-79.63","43.68","TORONTO INTL A","6158731","2023-10-09 15:00","2023","10","09","15:00","","10.3","","2.0","","56","","","","25","","36","","24.1","","98.20","","","","","","NA"
"-79.63","43.68","TORONTO INTL A","6158731","2023-10-09 16:00","2023","10","09","16:00","","10.6","","1.6","","53","","","","25","","32","","24.1","","98.23","","","","","","Mostly Cloudy"
"-79.63","43.68","TORONTO INTL A","6158731","2023-10-09 17:00","2023","10","09","17:00","","10.3","","0.6","","51","","","","24","","31","","24.1","","98.27","","","","","","NA"
"-79.63","43.68","TORONTO INTL A","6158731","2023-10-09 18:00","2023","10","09","18:00","","10.0","","0.6","","52","","","","25","","27","","24.1","","98.31","","","","","","NA"
"-79.63","43.68","TORONTO INTL A","6158731","2023-10-09 19:00","2023","10","09","19:00","","10.1","","0.5","","51","","","","24","","22","","24.1","","98.35","","","","","","Mostly Cloudy"
"-79.63","43.68","TORONTO INTL A","6158731","2023-10-09 20:00","2023","10","09","20:00","","9.9","","1.1","","54","","","","24","","18","","24.1","","98.36","","","","","","Rain"
"-79.63","43.68","TORONTO INTL A","6158731","2023-10-09 21:00","2023","10","09","21:00","","9.7","","1.3","","56","","","","25","","22","","24.1","","98.37","","","","","","NA"
"-79.63","43.68","TORONTO INTL A","6158731","2023-10-09 22:00","2023","10","09","22:00","","9.3","","1.7","","59","","","","22","","12","","24.1","","98.35","","","","","","Mostly Cloudy"
"-79.63","43.68","TORONTO INTL A","6158731","2023-10-09 23:00","2023","10","09","23:00","","9.1","","2.2","","62","","","","22","","14","","24.1","","98.33","","","","","","Rain"
"-79.63","43.68","TORONTO INTL A","6158731","2023-10-10 00:00","2023","10","10","00:00","","8.8","","3.0","","67","","","","25","","23","","24.1","","98.32","","","","","","NA"
"-79.63","43.68","TORONTO INTL A","6158731","2023-10-10 01:00","2023","10","10","01:00","","8.5","","3.3","","70","","","","27","","23","","24.1","","98.32","","","","","","Cloudy"
"-79.63","43.68","TORONTO INTL A","6158731","2023-10-10 02:00","2023","10","10","02:00","","8.2","","3.4","","72","","","","25","","17","","24.1","","98.30","","","","","","NA"
"-79.63","43.68","TORONTO INTL A","6158731","2023-10-10 03:00","2023","10","10","03:00","","7.2","","4.4","","82","","","","25","","18","","24.1","","98.30","","","","","","Rain"
"-79.63","43.68","TORONTO INTL A","6158731","2023-10-10 04:00","2023","10","10","04:00","","7.7","","3.7","","76","","","","22","","14","","24.1","","98.33","","","","","","Rain"
"-79.63","43.68","TORONTO INTL A","6158731","2023-10-10 05:00","2023","10","10","05:00","","7.6","","3.6","","76","","","","22","","14","","24.1","","98.36","","","","","","NA"
"-79.63","43.68","TORONTO INTL A","6158731","2023-10-10 06:00","2023","10","10","06:00","","7.4","","3.7","","77","","","","23","","15","","24.1","","98.36","","","","","","Rain"
"-79.63","43.68","TORONTO INTL A","6158731","2023-10-10 07:00","2023","10","10","07:00","","7.6","","3.6","","76","","","","24","","15","","24.1","","98.40","","","","","","Mostly Cloudy"
"-79.63","43.68","TORONTO INTL A","6158731","2023-10-10 08:00","2023","10","10","08:00","","8.5","","3.5","","71","","","","24","","24","","24.1","","98.42","","","","","","NA"
"-79.63","43.68","TORONTO INTL A","6158731","2023-10-10 09:00","2023","10","10","09:00","","9.6","","4.0","","68","","","","25","","20","","24.1","","98.46","","","","","","NA"
"-79.63","43.68","TORONTO INTL A","6158731","2023-10-10 10:00","2023","10","10","10:00","","11.0","","4.2","","63","","","","25","","30","","24.1","","98.45","","","","","","Mostly Cloudy"
"-79.63","43.68","TORONTO INTL A","6158731","2023-10-10 11:00","2023","10","10","11:00","","12.2","","3.4","","55","","","","27","","31","","24.1","","98.45","","","","","","NA"
"-79.63","43.68","TORONTO INTL A","6158731","2023-10-10 12:00","2023","10","10","12:00","","12.8","","3.3","","52","","","","25","","27","","24.1","","98.44","","","","","","NA"
"-79.63","43.68","TORONTO INTL A","6158731","2023-10-10 13:00","2023","10","10","13:00","","12.6","","3.9","","55","","","","28","","25","","24.1","","98.41","","","","","","Mostly Cloudy"
"-79.63","43.68","TORONTO INTL A","6158731","2023-10-10 14:00","2023","10","10","14:00","","12.6","","3.6","","54","","","","24","","20","","24.1","","98.44","","","","","","NA"
"-79.63","43.68","TORONTO INTL A","6158731","2023-10-10 15:00","2023","10","10","15:00","","11.8","","3.4","","56","","","","25","","22","","24.1","","98.47","","","","","","NA"
"-79.63","43.68","TORONTO INTL A","6158731","2023-10-10 16:00","2023","10","10","16:00","","11.5","","3.5","","58","","","","25","","27","","24.1","","98.50","","","","","","Cloudy"
"-79.63","43.68","TORONTO INTL A","6158731","2023-10-10 17:00","2023","10","10","17:00","","10.4","","4.7","","68","","","","25","","22","","24.1","","98.54","","","","","","Rain"
"-79.63","43.68","TORONTO INTL A","6158731","2023-10-10 18:00","2023","10","10","18:00","","8.9","","5.5","","79","","","","25","","18","","24.1","","98.61","","","","","","Rain"
"-79.63","43.68","TORONTO INTL A","6158731","2023-10-10 19:00","2023","10","10","19:00","","8.2","","6.2","","87","","","","23","","13","","24.1","","98.65","","","","","","Rain"
"-79.63","43.68","TORONTO INTL A","6158731","2023-10-10 20:00","2023","10","10","20:00","","7.8","","6.8","","93","","","","23","","10","","19.3","","98.66","","","","","","Rain"
"-79.63","43.68","TORONTO INTL A","6158731","2023-10-10 21:00","2023","10","10","21:00","","8.1","","7.5","","96","","","","19","","8","","19.3","","98.66","","","","","","Rain"
"-79.63","43.68","TORONTO INTL A","6158731","2023-10-10 22:00","2023","10","10","22:00","","8.2","","7.3","","94","","","","21","","12","","19.3","","98.65","","","","","","Rain"
"-79.63","43.68","TORONTO INTL A","6158731","2023-10-10 23:00","2023","10","10","23:00","","8.1","","7.5","","96","","","","21","","10","","19.3","","98.62","","","","","","Rain"
"-79.63","43.68","TORONTO INTL A","6158731","2023-10-11 00:00","2023","10","11","00:00","","7.8","","7.3","","97","","","","23","","7","","24.1","","98.59","","","","","","NA"
"-79.63","43.68","TORONTO INTL A","6158731","2023-10-11 01:00","2023","10","11","01:00","","7.6","","7.3","","98","","","","23","","10","","24.1","","98.59","","","","","","Mostly Cloudy"
"-79.63","43.68","TORONTO INTL A","6158731","2023-10-11 02:00","2023","10","11","02:00","","7.6","","7.1","","97","","","","22","","8","","24.1","","98.56","","","","","","NA"
"-79.63","43.68","TORONTO INTL A","6158731","2023-10-11 03:00","2023","10","11","03:00","","7.1","","6.9","","99","","","","23","","5","","24.1","","98.58","","","","","","NA"
"-79.63","43.68","TORONTO INTL A","6158731","2023-10-11 04:00","2023","10","11","04:00","","7.5","","7.4","","99","","","","24","","10","","24.1","","98.59","","","","","","Mostly Cloudy"
"-79.63","43.68","TORONTO INTL A","6158731","2023-10-11 05:00","2023","10","11","05:00","","8.2","","7.2","","94","","","","20","","12","","24.1","","98.63","","","","","","NA"
"-79.63","43.68","TORONTO INTL A","6158731","2023-10-11 06:00","2023","10","11","06:00","","7.8","","7.0","","95","","","","20","","11","","24.1","","98.69","","","","","","NA"
"-79.63","43.68","TORONTO INTL A","6158731","2023-10-11 07:00","2023","10","11","07:00","","8.2","","7.2","","93","","","","24","","11","","24.1","","98.77","","","","","","Mostly Cloudy"
"-79.63","43.68","TORONTO INTL A","6158731","2023-10-11 08:00","2023","10","11","08:00","","9.3","","7.7","","90","","","","23","","15","","24.1","","98.81","","","","","","NA"
"-79.63","43.68","TORONTO INTL A","6158731","2023-10-11 09:00","2023","10","11","09:00","","10.7","","7.2","","79","","","","26","","22","","24.1","","98.83","","","","","","NA"
"-79.63","43.68","TORONTO INTL A","6158731","2023-10-11 10:00","2023","10","11","10:00","","11.4","","7.3","","76","","","","24","","21","","24.1","","98.89","","","","","","Mostly Cloudy"
"-79.63","43.68","TORONTO INTL A","6158731","2023-10-11 11:00","2023","10","11","11:00","","12.4","","5.9","","65","","","","27","","21","","24.1","","98.88","","","","","","NA"
"-79.63","43.68","TORONTO INTL A","6158731","2023-10-11 12:00","2023","10","11","12:00","","12.9","","5.8","","62","","","","28","","18","","24.1","","98.87","","","","","","NA"
"-79.63","43.68","TORONTO INTL A","6158731","2023-10-11 13:00","2023","10","11","13:00","","15.7","","6.1","","53","","","","26","","21","","24.1","","98.79","","","","","","Mostly Cloudy"
"-79.63","43.68","TORONTO INTL A","6158731","2023-10-11 14:00","2023","10","11","14:00","","15.0","","4.4","","49","","","","25","","26","","24.1","","98.80","","","","","","NA"
"-79.63","43.68","TORONTO INTL A","6158731","2023-10-11 15:00","2023","10","11","15:00","","14.8","","4.9","","51","","","","26","","28","","24.1","","98.82","","","","","","NA"
"-79.63","43.68","TORONTO INTL A","6158731","2023-10-11 16:00","2023","10","11","16:00","","13.5","","5.6","","59","","","","26","","26","","24.1","","98.86","","","","","","Mainly Clear"
"-79.63","43.68","TORONTO INTL A","6158731","2023-10-11 17:00","2023","10","11","17:00","","12.2","","4.9","","61","","","","26","","27","","24.1","","98.89","","","","","","NA"
"-79.63","43.68","TORONTO INTL A","6158731","2023-10-11 18:00","2023","10","11","18:00","","10.3","","4.7","","68","","","","25","","16","","24.1","","98.92","","","","","","NA"
"-79.63","43.68","TORONTO INTL A","6158731","2023-10-11 19:00","2023","10","11","19:00","","10.0","","4.9","","70","","","","24","","14","","24.1","","98.97","","","","","","Clear"
"-79.63","43.68","TORONTO INTL A","6158731","2023-10-11 20:00","2023","10","11","20:00","","8.3","","4.6","","77","","","","25","","9","","24.1","","99.01","","","","","","NA"
"-79.63","43.68","TORONTO INTL A","6158731","2023-10-11 21:00","2023","10","11","21:00","","7.9","","4.1","","77","","","","27","","10","","24.1","","99.05","","","","","","NA"
"-79.63","43.68","TORONTO INTL A","6158731","2023-10-11 22:00","2023","10","11","22:00","","7.8","","4.8","","81","","","","27","","4","","24.1","","99.04","","","","","","Clear"
"-79.63","43.68","TORONTO INTL A","6158731","2023-10-11 23:00","2023","10","11","23:00","","6.4","","4.3","","86","","","","27","","8","","24.1","","99.05","","","","","","NA"
"-79.63","43.68","TORONTO INTL A","6158731","2023-10-12 00:00","2023","10","12","00:00","","6.8","","5.6","","92","","","","28","","13","","24.1","","99.08","","","","","","NA"
"-79.63","43.68","TORONTO INTL A","6158731","2023-10-12 01:00","2023","10","12","01:00","","7.0","","5.6","","90","","","","23","","9","","24.1","","99.08","","","","","","Mainly Clear"
"-79.63","43.68","TORONTO INTL A","6158731","2023-10-12 02:00","2023","10","12","02:00","","5.7","","4.7","","94","","","","27","","9","","24.1","","99.05","","","","","","NA"
"-79.63","43.68","TORONTO INTL A","6158731","2023-10-12 03:00","2023","10","12","03:00","","7.8","","6.1","","89","","","","32","","10","","24.1","","99.06","","","","","","NA"
"-79.63","43.68","TORONTO INTL A","6158731","2023-10-12 04:00","2023","10","12","04:00","","8.4","","5.8","","83","","","","33","","10","","24.1","","99.12","","","","","","Mostly Cloudy"
"-79.63","43.68","TORONTO INTL A","6158731","2023-10-12 05:00","2023","10","12","05:00","","7.7","","5.5","","86","","","","32","","12","","24.1","","99.16","","","","","","NA"
"-79.63","43.68","TORONTO INTL A","6158731","2023-10-12 06:00","2023","10","12","06:00","","7.6","","5.7","","87","","","","30","","9","","24.1","","99.20","","","","","","NA"
"-79.63","43.68","TORONTO INTL A","6158731","2023-10-12 07:00","2023","10","12","07:00","","6.8","","5.2","","89","","","","29","","11","","24.1","","99.25","","","","","","Mainly Clear"
"-79.63","43.68","TORONTO INTL A","6158731","2023-10-12 08:00","2023","10","12","08:00","","9.3","","6.1","","80","","","","33","","9","","24.1","","99.30","","","","","","NA"
"-79.63","43.68","TORONTO INTL A","6158731","2023-10-12 09:00","2023","10","12","09:00","","11.3","","6.9","","74","","","","34","","9","","24.1","","99.33","","","","","","NA"
"-79.63","43.68","TORONTO INTL A","6158731","2023-10-12 10:00","2023","10","12","10:00","","12.8","","5.6","","62","","","","33","","13","","24.1","","99.34","","","","","","Mainly Clear"
"-79.63","43.68","TORONTO INTL A","6158731","2023-10-12 11:00","2023","10","12","11:00","","14.3","","6.0","","57","","","","36","","15","","24.1","","99.34","","","","","","NA"
"-79.63","43.68","TORONTO INTL A","6158731","2023-10-12 12:00","2023","10","12","12:00","","14.5","","5.4","","54","","","","34","","18","","24.1","","99.35","","","","","","NA"
"-79.63","43.68","TORONTO INTL A","6158731","2023-10-12 13:00","2023","10","12","13:00","","14.3","","4.0","","50","","","","35","","14","","24.1","","99.31","","","","","","Mainly Clear"
"-79.63","43.68","TORONTO INTL A","6158731","2023-10-12 14:00","2023","10","12","14:00","","14.4","","4.0","","49","","","","35","","14","","24.1","","99.31","","","","","","NA"
"-79.63","43.68","TORONTO INTL A","6158731","2023-10-12 15:00","2023","10","12","15:00","","15.4","","4.3","","47","","","","36","","16","","24.1","","99.31","","","","","","NA"
"-79.63","43.68","TORONTO INTL A","6158731","2023-10-12 16:00","2023","10","12","16:00","","14.5","","3.8","","49","","","","36","","24","","24.1","","99.34","","","","","","Mainly Clear"
"-79.63","43.68","TORONTO INTL A","6158731","2023-10-12 17:00","2023","10","12","17:00","","12.6","","2.7","","51","","","","1","","22","","24.1","","99.40","","","","","","NA"
"-79.63","43.68","TORONTO INTL A","6158731","2023-10-12 18:00","2023","10","12","18:00","","10.8","","3.8","","62","","","","35","","24","","24.1","","99.50","","","","","","NA"
"-79.63","43.68","TORONTO INTL A","6158731","2023-10-12 19:00","2023","10","12","19:00","","9.4","","3.3","","66","","","","36","","20","","24.1","","99.55","","","","","","Clear"
"-79.63","43.68","TORONTO INTL A","6158731","2023-10-12 20:00","2023","10","12","20:00","","8.8","","3.1","","67","","","","1","","24","","24.1","","99.59","","","","","","NA"
"-79.63","43.68","TORONTO INTL A","6158731","2023-10-12 21:00","2023","10","12","21:00","","8.1","","3.5","","73","","","","36","","17","","24.1","","99.61","","","","","","NA"
"-79.63","43.68","TORONTO INTL A","6158731","2023-10-12 22:00","2023","10","12","22:00","","8.1","","3.8","","74","","","","34","","17","","24.1","","99.68","","","","","","Mainly Clear"
"-79.63","43.68","TORONTO INTL A","6158731","2023-10-12 23:00","2023","10","12","23:00","","7.4","","3.4","","75","","","","35","","13","","24.1","","99.72","","","","","","NA"
"-79.63","43.68","TORONTO INTL A","6158731","2023-10-13 00:00","2023","10","13","00:00","","7.3","","3.5","","76","","","","34","","9","","24.1","","99.74","","","","","","NA"
"-79.63","43.68","TORONTO INTL A","6158731","2023-10-13 01:00","2023","10","13","01:00","","6.7","","3.5","","80","","","","31","","10","","24.1","","99.78","","","","","","Mainly Clear"
"-79.63","43.68","TORONTO INTL A","6158731","2023-10-13 02:00","2023","10","13","02:00","","6.0","","3.5","","84","","","","33","","11","","24.1","","99.75","","","","","","NA"
"-79.63","43.68","TORONTO INTL A","6158731","2023-10-13 03:00","2023","10","13","03:00","","5.8","","3.6","","86","","","","33","","13","","24.1","","99.76","","","","","","NA"
"-79.63","43.68","TORONTO INTL A","6158731","2023-10-13 04:00","2023","10","13","04:00","","5.9","","3.4","","84","","","","33","","7","","24.1","","99.76","","","","","","Mostly Cloudy"
"-79.63","43.68","TORONTO INTL A","6158731","2023-10-13 05:00","2023","10","13","05:00","","5.8","","4.1","","89","","","","32","","14","","24.1","","99.79","","","","","","NA"
"-79.63","43.68","TORONTO INTL A","6158731","2023-10-13 06:00","2023","10","13","06:00","","6.3","","4.4","","87","","","","35","","16","","24.1","","99.82","","","","","","NA"
"-79.63","43.68","TORONTO INTL A","6158731","2023-10-13 07:00","2023","10","13","07:00","","5.7","","4.3","","90","","","","31","","9","","24.1","","99.92","","","","","","Mainly Clear"
"-79.63","43.68","TORONTO INTL A","6158731","2023-10-13 08:00","2023","10","13","08:00","","7.6","","5.1","","84","","","","1","","16","","24.1","","99.88","","","","","","NA"
"-79.63","43.68","TORONTO INTL A","6158731","2023-10-13 09:00","2023","10","13","09:00","","10.4","","6.5","","77","","","","35","","13","","24.1","","99.92","","","","","","NA"
"-79.63","43.68","TORONTO INTL A","6158731","2023-10-13 10:00","2023","10","13","10:00","","12.3","","6.2","","66","","","","1","","14","","24.1","","99.92","","","","","","Mostly Cloudy"
"-79.63","43.68","TORONTO INTL A","6158731","2023-10-13 11:00","2023","10","13","11:00","","12.9","","5.2","","59","","","","5","","7","","24.1","","99.87","","","","","","NA"
"-79.63","43.68","TORONTO INTL A","6158731","2023-10-13 12:00","2023","10","13","12:00","","13.4","","3.7","","52","","","","4","","13","","24.1","","99.85","","","","","","NA"
"-79.63","43.68","TORONTO INTL A","6158731","2023-10-13 13:00","2023","10","13","13:00","","13.5","","3.1","","49","","","","2","","17","","24.1","","99.80","","","","","","Mostly Cloudy"
"-79.63","43.68","TORONTO INTL A","6158731","2023-10-13 14:00","2023","10","13","14:00","","13.7","","4.1","","52","","","","36","","7","","24.1","","99.73","","","","","","NA"
"-79.63","43.68","TORONTO INTL A","6158731","2023-10-13 15:00","2023","10","13","15:00","","14.2","","3.8","","49","","","","30","","7","","24.1","","99.68","","","","","","NA"
"-79.63","43.68","TORONTO INTL A","6158731","2023-10-13 16:00","2023","10","13","16:00","","12.5","","5.0","","60","","","","17","","11","","24.1","","99.64","","","","","","Mostly Cloudy"
"-79.63","43.68","TORONTO INTL A","6158731","2023-10-13 17:00","2023","10","13","17:00","","11.4","","4.2","","61","","","","18","","9","","24.1","","99.62","","","","","","NA"
"-79.63","43.68","TORONTO INTL A","6158731","2023-10-13 18:00","2023","10","13","18:00","","11.1","","5.2","","67","","","","12","","4","","24.1","","99.64","","","","","","NA"
"-79.63","43.68","TORONTO INTL A","6158731","2023-10-13 19:00","2023","10","13","19:00","","10.8","","5.3","","69","","","","14","","6","","24.1","","99.62","","","","","","Mainly Clear"
"-79.63","43.68","TORONTO INTL A","6158731","2023-10-13 20:00","2023","10","13","20:00","","10.7","","5.2","","69","","","","9","","5","","24.1","","99.58","","","","","","NA"
"-79.63","43.68","TORONTO INTL A","6158731","2023-10-13 21:00","2023","10","13","21:00","","10.6","","5.1","","69","","","","5","","6","","24.1","","99.56","","","","","","NA"
"-79.63","43.68","TORONTO INTL A","6158731","2023-10-13 22:00","2023","10","13","22:00","","10.8","","5.2","","68","","","","3","","4","","24.1","","99.52","","","","","","Cloudy"
"-79.63","43.68","TORONTO INTL A","6158731","2023-10-13 23:00","2023","10","13","23:00","","10.5","","5.3","","70","","","","2","","7","","24.1","","99.47","","","","","","NA"
"-79.63","43.68","TORONTO INTL A","6158731","2023-10-14 00:00","2023","10","14","00:00","","10.1","","5.6","","73","","","","4","","9","","24.1","","99.45","","","","","","NA"
"-79.63","43.68","TORONTO INTL A","6158731","2023-10-14 01:00","2023","10","14","01:00","","10.3","","4.9","","69","","","","4","","8","","24.1","","99.42","","","","","","Cloudy"
"-79.63","43.68","TORONTO INTL A","6158731","2023-10-14 02:00","2023","10","14","02:00","","10.5","","5.0","","68","","","","7","","8","","24.1","","99.36","","","","","","Rain"
"-79.63","43.68","TORONTO INTL A","6158731","2023-10-14 03:00","2023","10","14","03:00","","10.0","","5.6","","74","","","","8","","10","","24.1","","99.32","","","","","","Rain"
"-79.63","43.68","TORONTO INTL A","6158731","2023-10-14 04:00","2023","10","14","04:00","","10.2","","5.7","","73","","","","8","","16","","24.1","","99.26","","","","","","Cloudy"
"-79.63","43.68","TORONTO INTL A","6158731","2023-10-14 05:00","2023","10","14","05:00","","10.0","","6.2","","77","","","","6","","14","","24.1","","99.20","","","","","","Rain"
"-79.63","43.68","TORONTO INTL A","6158731","2023-10-14 06:00","2023","10","14","06:00","","9.9","","6.5","","79","","","","9","","15","","24.1","","99.14","","","","","","NA"
"-79.63","43.68","TORONTO INTL A","6158731","2023-10-14 07:00","2023","10","14","07:00","","9.9","","6.3","","78","","","","6","","16","","24.1","","99.13","","","","","","Mostly Cloudy"
"-79.63","43.68","TORONTO INTL A","6158731","2023-10-14 08:00","2023","10","14","08:00","","10.4","","5.5","","72","","","","7","","18","","24.1","","99.13","","","","","","NA"
"-79.63","43.68","TORONTO INTL A","6158731","2023-10-14 09:00","2023","10","14","09:00","","10.9","","5.0","","67","","","","9","","17","","24.1","","99.08","","","","","","NA"
"-79.63","43.68","TORONTO INTL A","6158731","2023-10-14 10:00","2023","10","14","10:00","","11.3","","4.9","","64","","","","8","","18","","24.1","","99.05","","","","","","Mostly Cloudy"
"-79.63","43.68","TORONTO INTL A","6158731","2023-10-14 11:00","2023","10","14","11:00","","12.3","","4.4","","58","","","","7","","25","","24.1","","99.02","","","","","","NA"
"-79.63","43.68","TORONTO INTL A","6158731","2023-10-14 12:00","2023","10","14","12:00","","12.6","","4.7","","58","","","","7","","17","","24.1","","98.97","","","","","","NA"
"-79.63","43.68","TORONTO INTL A","6158731","2023-10-14 13:00","2023","10","14","13:00","","12.8","","5.7","","62","","","","8","","13","","24.1","","98.85","","","","","","Mostly Cloudy"
"-79.63","43.68","TORONTO INTL A","6158731","2023-10-14 14:00","2023","10","14","14:00","","13.1","","5.9","","61","","","","11","","13","","24.1","","98.84","","","","","","NA"
"-79.63","43.68","TORONTO INTL A","6158731","2023-10-14 15:00","2023","10","14","15:00","","13.0","","6.3","","64","","","","8","","10","","24.1","","98.82","","","","","","NA"
"-79.63","43.68","TORONTO INTL A","6158731","2023-10-14 16:00","2023","10","14","16:00","","12.8","","5.9","","62","","","","8","","13","","24.1","","98.83","","","","","","Mostly Cloudy"
"-79.63","43.68","TORONTO INTL A","6158731","2023-10-14 17:00","2023","10","14","17:00","","12.7","","5.5","","61","","","","7","","13","","24.1","","98.85","","","","","","NA"
"-79.63","43.68","TORONTO INTL A","6158731","2023-10-14 18:00","2023","10","14","18:00","","12.6","","3.5","","54","","","","4","","19","","24.1","","98.88","","","","","","NA"
"-79.63","43.68","TORONTO INTL A","6158731","2023-10-14 19:00","2023","10","14","19:00","","12.3","","4.0","","57","","","","1","","16","","24.1","","98.89","","","","","","Mostly Cloudy"
"-79.63","43.68","TORONTO INTL A","6158731","2023-10-14 20:00","2023","10","14","20:00","","11.7","","5.1","","64","","","","36","","21","","24.1","","98.93","","","","","","NA"
"-79.63","43.68","TORONTO INTL A","6158731","2023-10-14 21:00","2023","10","14","21:00","","11.0","","5.8","","70","","","","36","","18","","24.1","","98.96","","","","","","NA"
"-79.63","43.68","TORONTO INTL A","6158731","2023-10-14 22:00","2023","10","14","22:00","","10.6","","5.7","","71","","","","36","","20","","24.1","","98.94","","","","","","Mostly Cloudy"
"-79.63","43.68","TORONTO INTL A","6158731","2023-10-14 23:00","2023","10","14","23:00","","10.5","","4.9","","68","","","","35","","21","","24.1","","98.90","","","","","","NA"
"-79.63","43.68","TORONTO INTL A","6158731","2023-10-15 00:00","2023","10","15","00:00","","9.8","","4.3","","68","","","","35","","26","","24.1","","98.89","","","","","","NA"
"-79.63","43.68","TORONTO INTL A","6158731","2023-10-15 01:00","2023","10","15","01:00","","9.1","","4.3","","72","","","","34","","27","","24.1","","98.90","","","","","","Mostly Cloudy"
"-79.63","43.68","TORONTO INTL A","6158731","2023-10-15 02:00","2023","10","15","02:00","","9.1","","4.1","","71","","","","35","","31","","24.1","","98.88","","","","","","NA"
"-79.63","43.68","TORONTO INTL A","6158731","2023-10-15 03:00","2023","10","15","03:00","","9.0","","4.2","","72","","","","36","","24","","24.1","","98.86","","","","","","NA"
"-79.63","43.68","TORONTO INTL A","6158731","2023-10-15 04:00","2023","10","15","04:00","","8.4","","4.0","","73","","","","35","","22","","24.1","","98.84","","","","","","Mainly Clear"
"-79.63","43.68","TORONTO INTL A","6158731","2023-10-15 05:00","2023","10","15","05:00","","7.9","","4.2","","77","","","","35","","22","","24.1","","98.81","","","","","","NA"
"-79.63","43.68","TORONTO INTL A","6158731","2023-10-15 06:00","2023","10","15","06:00","","7.6","","4.4","","81","","","","33","","25","","24.1","","98.81","","","","","","NA"
"-79.63","43.68","TORONTO INTL A","6158731","2023-10-15 07:00","2023","10","15","07:00","","8.0","","4.3","","77","","","","34","","25","","24.1","","98.79","","","","","","Mostly Cloudy"
"-79.63","43.68","TORONTO INTL A","6158731","2023-10-15 08:00","2023","10","15","08:00","","7.9","","4.6","","80","","","","34","","22","","19.3","","98.78","","","","","","Drizzle"
"-79.63","43.68","TORONTO INTL A","6158731","2023-10-15 09:00","2023","10","15","09:00","","8.4","","5.9","","84","","","","34","","21","","9.7","","98.75","","","","","","Drizzle,Fog"
"-79.63","43.68","TORONTO INTL A","6158731","2023-10-15 10:00","2023","10","15","10:00","","8.9","","4.8","","75","","","","35","","26","","19.3","","98.72","","","","","","Cloudy"
"-79.63","43.68","TORONTO INTL A","6158731","2023-10-15 11:00","2023","10","15","11:00","","8.9","","4.4","","73","","","","34","","23","","24.1","","98.71","","","","","","NA"
"-79.63","43.68","TORONTO INTL A","6158731","2023-10-15 12:00","2023","10","15","12:00","","9.5","","4.8","","73","","","","31","","31","","24.1","","98.65","","","","","","NA"
"-79.63","43.68","TORONTO INTL A","6158731","2023-10-15 13:00","2023","10","15","13:00","","10.3","","4.3","","66","","","","33","","25","","24.1","","98.59","","","","","","Mostly Cloudy"
"-79.63","43.68","TORONTO INTL A","6158731","2023-10-15 14:00","2023","10","15","14:00","","9.8","","5.1","","73","","","","36","","18","","24.1","","98.56","","","","","","Rain Showers"
"-79.63","43.68","TORONTO INTL A","6158731","2023-10-15 15:00","2023","10","15","15:00","","10.0","","4.1","","67","","","","35","","25","","24.1","","98.56","","","","","","NA"
"-79.63","43.68","TORONTO INTL A","6158731","2023-10-15 16:00","2023","10","15","16:00","","9.8","","4.1","","67","","","","35","","28","","24.1","","98.59","","","","","","Mostly Cloudy"
"-79.63","43.68","TORONTO INTL A","6158731","2023-10-15 17:00","2023","10","15","17:00","","9.2","","4.2","","71","","","","35","","22","","24.1","","98.62","","","","","","NA"
"-79.63","43.68","TORONTO INTL A","6158731","2023-10-15 18:00","2023","10","15","18:00","","8.6","","4.4","","75","","","","35","","26","","24.1","","98.67","","","","","","NA"
"-79.63","43.68","TORONTO INTL A","6158731","2023-10-15 19:00","2023","10","15","19:00","","8.4","","4.5","","76","","","","34","","24","","24.1","","98.70","","","","","","Mostly Cloudy"
"-79.63","43.68","TORONTO INTL A","6158731","2023-10-15 20:00","2023","10","15","20:00","","8.4","","4.8","","78","","","","34","","26","","24.1","","98.71","","","","","","NA"
"-79.63","43.68","TORONTO INTL A","6158731","2023-10-15 21:00","2023","10","15","21:00","","8.7","","5.2","","79","","","","34","","22","","24.1","","98.75","","","","","","NA"
"-79.63","43.68","TORONTO INTL A","6158731","2023-10-15 22:00","2023","10","15","22:00","","8.6","","5.6","","82","","","","34","","27","","24.1","","98.75","","","","","","Mostly Cloudy"
"-79.63","43.68","TORONTO INTL A","6158731","2023-10-15 23:00","2023","10","15","23:00","","8.2","","6.2","","88","","","","34","","28","","24.1","","98.73","","","","","","NA"
"-79.63","43.68","TORONTO INTL A","6158731","2023-10-16 00:00","2023","10","16","00:00","","8.2","","6.4","","88","","","","34","","26","","24.1","","98.75","","","","","","NA"
"-79.63","43.68","TORONTO INTL A","6158731","2023-10-16 01:00","2023","10","16","01:00","","8.1","","6.3","","88","","","","34","","26","","24.1","","98.74","","","","","","Mainly Clear"
"-79.63","43.68","TORONTO INTL A","6158731","2023-10-16 02:00","2023","10","16","02:00","","8.0","","6.3","","89","","","","34","","22","","24.1","","98.76","","","","","","NA"
"-79.63","43.68","TORONTO INTL A","6158731","2023-10-16 03:00","2023","10","16","03:00","","8.0","","6.7","","92","","","","35","","27","","24.1","","98.74","","","","","","NA"
"-79.63","43.68","TORONTO INTL A","6158731","2023-10-16 04:00","2023","10","16","04:00","","8.9","","7.1","","89","","","","35","","21","","24.1","","98.77","","","","","","Mostly Cloudy"
"-79.63","43.68","TORONTO INTL A","6158731","2023-10-16 05:00","2023","10","16","05:00","","9.4","","7.5","","88","","","","35","","17","","24.1","","98.80","","","","","","NA"
"-79.63","43.68","TORONTO INTL A","6158731","2023-10-16 06:00","2023","10","16","06:00","","9.9","","7.5","","85","","","","35","","29","","24.1","","98.80","","","","","","NA"
"-79.63","43.68","TORONTO INTL A","6158731","2023-10-16 07:00","2023","10","16","07:00","","10.1","","7.9","","86","","","","35","","25","","24.1","","98.83","","","","","","Mostly Cloudy"
"-79.63","43.68","TORONTO INTL A","6158731","2023-10-16 08:00","2023","10","16","08:00","","10.6","","7.4","","81","","","","35","","26","","24.1","","98.88","","","","","","NA"
"-79.63","43.68","TORONTO INTL A","6158731","2023-10-16 09:00","2023","10","16","09:00","","11.5","","7.4","","76","","","","35","","20","","24.1","","98.89","","","","","","NA"
"-79.63","43.68","TORONTO INTL A","6158731","2023-10-16 10:00","2023","10","16","10:00","","12.7","","7.2","","69","","","","36","","31","","24.1","","98.95","","","","","","Mostly Cloudy"
"-79.63","43.68","TORONTO INTL A","6158731","2023-10-16 11:00","2023","10","16","11:00","","11.4","","6.7","","73","","","","35","","37","","24.1","","98.99","","","","","","NA"
"-79.63","43.68","TORONTO INTL A","6158731","2023-10-16 12:00","2023","10","16","12:00","","11.4","","6.3","","71","","","","34","","32","","24.1","","99.00","","","","","","NA"
"-79.63","43.68","TORONTO INTL A","6158731","2023-10-16 13:00","2023","10","16","13:00","","11.3","","6.0","","70","","","","35","","33","","24.1","","99.00","","","","","","Cloudy"
"-79.63","43.68","TORONTO INTL A","6158731","2023-10-16 14:00","2023","10","16","14:00","","11.2","","5.8","","69","","","","35","","22","","24.1","","99.00","","","","","","NA"
"-79.63","43.68","TORONTO INTL A","6158731","2023-10-16 15:00","2023","10","16","15:00","","11.5","","5.5","","67","","","","35","","22","","24.1","","99.00","","","","","","NA"
"-79.63","43.68","TORONTO INTL A","6158731","2023-10-16 16:00","2023","10","16","16:00","","10.7","","5.2","","69","","","","35","","22","","24.1","","99.02","","","","","","Cloudy"
"-79.63","43.68","TORONTO INTL A","6158731","2023-10-16 17:00","2023","10","16","17:00","","10.3","","5.0","","69","","","","33","","27","","24.1","","99.05","","","","","","NA"
"-79.63","43.68","TORONTO INTL A","6158731","2023-10-16 18:00","2023","10","16","18:00","","10.1","","5.0","","70","","","","33","","22","","24.1","","99.12","","","","","","NA"
"-79.63","43.68","TORONTO INTL A","6158731","2023-10-16 19:00","2023","10","16","19:00","","9.9","","5.1","","72","","","","34","","17","","24.1","","99.16","","","","","","Cloudy"
"-79.63","43.68","TORONTO INTL A","6158731","2023-10-16 20:00","2023","10","16","20:00","","10.2","","4.9","","69","","","","33","","16","","24.1","","99.18","","","","","","NA"
"-79.63","43.68","TORONTO INTL A","6158731","2023-10-16 21:00","2023","10","16","21:00","","10.1","","4.9","","70","","","","32","","19","","24.1","","99.21","","","","","","NA"
"-79.63","43.68","TORONTO INTL A","6158731","2023-10-16 22:00","2023","10","16","22:00","","10.3","","4.7","","68","","","","34","","17","","24.1","","99.23","","","","","","Cloudy"
"-79.63","43.68","TORONTO INTL A","6158731","2023-10-16 23:00","2023","10","16","23:00","","10.1","","4.6","","69","","","","34","","15","","24.1","","99.23","","","","","","NA"
"-79.63","43.68","TORONTO INTL A","6158731","2023-10-17 00:00","2023","10","17","00:00","","9.8","","4.7","","70","","","","34","","15","","24.1","","99.24","","","","","","NA"
"-79.63","43.68","TORONTO INTL A","6158731","2023-10-17 01:00","2023","10","17","01:00","","9.6","","4.6","","71","","","","34","","19","","24.1","","99.24","","","","","","Cloudy"
"-79.63","43.68","TORONTO INTL A","6158731","2023-10-17 02:00","2023","10","17","02:00","","9.6","","4.5","","70","","","","35","","13","","24.1","","99.26","","","","","","NA"
"-79.63","43.68","TORONTO INTL A","6158731","2023-10-17 03:00","2023","10","17","03:00","","9.6","","4.4","","70","","","","34","","14","","24.1","","99.25","","","","","","NA"
"-79.63","43.68","TORONTO INTL A","6158731","2023-10-17 04:00","2023","10","17","04:00","","9.4","","4.5","","71","","","","33","","13","","24.1","","99.27","","","","","","Cloudy"
"-79.63","43.68","TORONTO INTL A","6158731","2023-10-17 05:00","2023","10","17","05:00","","8.5","","4.9","","78","","","","32","","7","","24.1","","99.32","","","","","","NA"
"-79.63","43.68","TORONTO INTL A","6158731","2023-10-17 06:00","2023","10","17","06:00","","7.2","","4.5","","83","","","","32","","14","","24.1","","99.36","","","","","","NA"
"-79.63","43.68","TORONTO INTL A","6158731","2023-10-17 07:00","2023","10","17","07:00","","7.3","","5.2","","87","","","","32","","13","","24.1","","99.42","","","","","","Clear"
"-79.63","43.68","TORONTO INTL A","6158731","2023-10-17 08:00","2023","10","17","08:00","","9.2","","5.4","","77","","","","31","","15","","24.1","","99.49","","","","","","NA"
"-79.63","43.68","TORONTO INTL A","6158731","2023-10-17 09:00","2023","10","17","09:00","","11.1","","6.0","","71","","","","32","","13","","24.1","","99.51","","","","","","NA"
"-79.63","43.68","TORONTO INTL A","6158731","2023-10-17 10:00","2023","10","17","10:00","","12.3","","5.7","","63","","","","33","","19","","24.1","","99.51","","","","","","Mainly Clear"
"-79.63","43.68","TORONTO INTL A","6158731","2023-10-17 11:00","2023","10","17","11:00","","13.7","","4.4","","53","","","","31","","15","","24.1","","99.50","","","","","","NA"
"-79.63","43.68","TORONTO INTL A","6158731","2023-10-17 12:00","2023","10","17","12:00","","14.0","","4.5","","53","","","","23","","9","","24.1","","99.48","","","","","","NA"
"-79.63","43.68","TORONTO INTL A","6158731","2023-10-17 13:00","2023","10","17","13:00","","15.2","","4.6","","49","","","","24","","5","","24.1","","99.44","","","","","","Mostly Cloudy"
"-79.63","43.68","TORONTO INTL A","6158731","2023-10-17 14:00","2023","10","17","14:00","","15.2","","5.7","","53","","","","19","","9","","24.1","","99.41","","","","","","NA"
"-79.63","43.68","TORONTO INTL A","6158731","2023-10-17 15:00","2023","10","17","15:00","","14.5","","5.5","","55","","","","17","","14","","24.1","","99.39","","","","","","NA"
"-79.63","43.68","TORONTO INTL A","6158731","2023-10-17 16:00","2023","10","17","16:00","","14.6","","5.5","","54","","","","18","","18","","24.1","","99.42","","","","","","Mainly Clear"
"-79.63","43.68","TORONTO INTL A","6158731","2023-10-17 17:00","2023","10","17","17:00","","13.4","","5.1","","57","","","","20","","21","","24.1","","99.45","","","","","","NA"
"-79.63","43.68","TORONTO INTL A","6158731","2023-10-17 18:00","2023","10","17","18:00","","13.0","","5.2","","59","","","","21","","17","","24.1","","99.51","","","","","","NA"
"-79.63","43.68","TORONTO INTL A","6158731","2023-10-17 19:00","2023","10","17","19:00","","12.2","","5.5","","63","","","","21","","12","","24.1","","99.54","","","","","","Mostly Cloudy"
"-79.63","43.68","TORONTO INTL A","6158731","2023-10-17 20:00","2023","10","17","20:00","","11.5","","6.2","","70","","","","24","","14","","24.1","","99.58","","","","","","NA"
"-79.63","43.68","TORONTO INTL A","6158731","2023-10-17 21:00","2023","10","17","21:00","","10.9","","6.0","","72","","","","31","","19","","24.1","","99.63","","","","","","NA"
"-79.63","43.68","TORONTO INTL A","6158731","2023-10-17 22:00","2023","10","17","22:00","","11.2","","6.2","","71","","","","31","","16","","24.1","","99.67","","","","","","Mostly Cloudy"
"-79.63","43.68","TORONTO INTL A","6158731","2023-10-17 23:00","2023","10","17","23:00","","10.5","","6.2","","75","","","","25","","8","","24.1","","99.68","","","","","","NA"
"-79.63","43.68","TORONTO INTL A","6158731","2023-10-18 00:00","2023","10","18","00:00","","10.1","","6.6","","79","","","","25","","7","","24.1","","99.72","","","","","","NA"
"-79.63","43.68","TORONTO INTL A","6158731","2023-10-18 01:00","2023","10","18","01:00","","10.5","","7.4","","81","","","","23","","5","","24.1","","99.75","","","","","","Cloudy"
"-79.63","43.68","TORONTO INTL A","6158731","2023-10-18 02:00","2023","10","18","02:00","","10.0","","7.9","","87","","","","25","","7","","24.1","","99.77","","","","","","NA"
"-79.63","43.68","TORONTO INTL A","6158731","2023-10-18 03:00","2023","10","18","03:00","","10.2","","7.4","","83","","","","23","","8","","24.1","","99.76","","","","","","NA"
"-79.63","43.68","TORONTO INTL A","6158731","2023-10-18 04:00","2023","10","18","04:00","","10.3","","7.0","","80","","","","","","0","","24.1","","99.76","","","","","","Mostly Cloudy"
"-79.63","43.68","TORONTO INTL A","6158731","2023-10-18 05:00","2023","10","18","05:00","","9.6","","5.8","","77","","","","22","","14","","24.1","","99.81","","","","","","NA"
"-79.63","43.68","TORONTO INTL A","6158731","2023-10-18 06:00","2023","10","18","06:00","","8.5","","4.3","","75","","","","22","","12","","24.1","","99.82","","","","","","NA"
"-79.63","43.68","TORONTO INTL A","6158731","2023-10-18 07:00","2023","10","18","07:00","","8.1","","4.2","","76","","","","21","","10","","24.1","","99.87","","","","","","Mainly Clear"
"-79.63","43.68","TORONTO INTL A","6158731","2023-10-18 08:00","2023","10","18","08:00","","9.0","","4.5","","74","","","","23","","12","","24.1","","99.91","","","","","","NA"
"-79.63","43.68","TORONTO INTL A","6158731","2023-10-18 09:00","2023","10","18","09:00","","10.4","","4.2","","65","","","","26","","8","","24.1","","99.93","","","","","","NA"
"-79.63","43.68","TORONTO INTL A","6158731","2023-10-18 10:00","2023","10","18","10:00","","11.7","","3.6","","57","","","","24","","5","","24.1","","99.90","","","","","","Mostly Cloudy"
"-79.63","43.68","TORONTO INTL A","6158731","2023-10-18 11:00","2023","10","18","11:00","","13.2","","3.7","","52","","","","16","","12","","24.1","","99.88","","","","","","NA"
"-79.63","43.68","TORONTO INTL A","6158731","2023-10-18 12:00","2023","10","18","12:00","","13.8","","4.3","","52","","","","17","","14","","24.1","","99.87","","","","","","NA"
"-79.63","43.68","TORONTO INTL A","6158731","2023-10-18 13:00","2023","10","18","13:00","","13.3","","4.3","","54","","","","14","","22","","24.1","","99.81","","","","","","Mainly Clear"
"-79.63","43.68","TORONTO INTL A","6158731","2023-10-18 14:00","2023","10","18","14:00","","13.5","","6.0","","60","","","","14","","19","","24.1","","99.76","","","","","","NA"
"-79.63","43.68","TORONTO INTL A","6158731","2023-10-18 15:00","2023","10","18","15:00","","13.1","","7.6","","69","","","","14","","12","","24.1","","99.72","","","","","","NA"
"-79.63","43.68","TORONTO INTL A","6158731","2023-10-18 16:00","2023","10","18","16:00","","14.3","","7.9","","65","","","","18","","15","","24.1","","99.70","","","","","","Mostly Cloudy"
"-79.63","43.68","TORONTO INTL A","6158731","2023-10-18 17:00","2023","10","18","17:00","","13.7","","7.1","","64","","","","18","","12","","24.1","","99.69","","","","","","NA"
"-79.63","43.68","TORONTO INTL A","6158731","2023-10-18 18:00","2023","10","18","18:00","","13.5","","6.3","","62","","","","19","","17","","24.1","","99.71","","","","","","NA"
"-79.63","43.68","TORONTO INTL A","6158731","2023-10-18 19:00","2023","10","18","19:00","","13.5","","5.5","","58","","","","20","","17","","24.1","","99.72","","","","","","Mostly Cloudy"
"-79.63","43.68","TORONTO INTL A","6158731","2023-10-18 20:00","2023","10","18","20:00","","12.7","","5.2","","60","","","","19","","10","","24.1","","99.70","","","","","","NA"
"-79.63","43.68","TORONTO INTL A","6158731","2023-10-18 21:00","2023","10","18","21:00","","10.9","","5.9","","71","","","","15","","8","","24.1","","99.72","","","","","","NA"
"-79.63","43.68","TORONTO INTL A","6158731","2023-10-18 22:00","2023","10","18","22:00","","10.4","","6.1","","75","","","","16","","7","","24.1","","99.69","","","","","","Mainly Clear"
"-79.63","43.68","TORONTO INTL A","6158731","2023-10-18 23:00","2023","10","18","23:00","","10.1","","6.5","","78","","","","17","","7","","24.1","","99.68","","","","","","NA"
"-79.63","43.68","TORONTO INTL A","6158731","2023-10-19 00:00","2023","10","19","00:00","","9.7","","6.7","","81","","","","16","","7","","24.1","","99.67","","","","","","NA"
"-79.63","43.68","TORONTO INTL A","6158731","2023-10-19 01:00","2023","10","19","01:00","","10.1","","6.7","","79","","","","19","","8","","24.1","","99.66","","","","","","Mainly Clear"
"-79.63","43.68","TORONTO INTL A","6158731","2023-10-19 02:00","2023","10","19","02:00","","10.2","","7.0","","81","","","","18","","7","","24.1","","99.64","","","","","","NA"
"-79.63","43.68","TORONTO INTL A","6158731","2023-10-19 03:00","2023","10","19","03:00","","9.4","","7.2","","86","","","","15","","7","","24.1","","99.58","","","","","","NA"
"-79.63","43.68","TORONTO INTL A","6158731","2023-10-19 04:00","2023","10","19","04:00","","9.0","","7.5","","90","","","","14","","7","","24.1","","99.52","","","","","","Mainly Clear"
"-79.63","43.68","TORONTO INTL A","6158731","2023-10-19 05:00","2023","10","19","05:00","","9.6","","7.9","","89","","","","15","","9","","24.1","","99.49","","","","","","NA"
"-79.63","43.68","TORONTO INTL A","6158731","2023-10-19 06:00","2023","10","19","06:00","","9.4","","8.3","","92","","","","14","","8","","24.1","","99.49","","","","","","NA"
"-79.63","43.68","TORONTO INTL A","6158731","2023-10-19 07:00","2023","10","19","07:00","","9.8","","9.1","","96","","","","14","","8","","24.1","","99.44","","","","","","Mainly Clear"
"-79.63","43.68","TORONTO INTL A","6158731","2023-10-19 08:00","2023","10","19","08:00","","11.0","","9.3","","89","","","","15","","12","","24.1","","99.44","","","","","","NA"
"-79.63","43.68","TORONTO INTL A","6158731","2023-10-19 09:00","2023","10","19","09:00","","12.6","","9.5","","81","","","","15","","12","","24.1","","99.37","","","","","","NA"
"-79.63","43.68","TORONTO INTL A","6158731","2023-10-19 10:00","2023","10","19","10:00","","12.9","","8.4","","74","","","","18","","16","","24.1","","99.31","","","","","","Mostly Cloudy"
"-79.63","43.68","TORONTO INTL A","6158731","2023-10-19 11:00","2023","10","19","11:00","","14.3","","8.6","","68","","","","15","","17","","24.1","","99.21","","","","","","NA"
"-79.63","43.68","TORONTO INTL A","6158731","2023-10-19 12:00","2023","10","19","12:00","","14.9","","8.1","","64","","","","15","","18","","24.1","","99.15","","","","","","NA"
"-79.63","43.68","TORONTO INTL A","6158731","2023-10-19 13:00","2023","10","19","13:00","","15.1","","8.0","","62","","","","15","","22","","24.1","","99.04","","","","","","Cloudy"
"-79.63","43.68","TORONTO INTL A","6158731","2023-10-19 14:00","2023","10","19","14:00","","15.7","","8.2","","61","","","","14","","20","","24.1","","98.96","","","","","","NA"
"-79.63","43.68","TORONTO INTL A","6158731","2023-10-19 15:00","2023","10","19","15:00","","15.9","","8.7","","62","","","","15","","14","","24.1","","98.89","","","","","","NA"
"-79.63","43.68","TORONTO INTL A","6158731","2023-10-19 16:00","2023","10","19","16:00","","15.5","","9.0","","65","","","","14","","15","","24.1","","98.81","","","","","","Cloudy"
"-79.63","43.68","TORONTO INTL A","6158731","2023-10-19 17:00","2023","10","19","17:00","","15.0","","9.1","","68","","","","13","","14","","24.1","","98.76","","","","","","NA"
"-79.63","43.68","TORONTO INTL A","6158731","2023-10-19 18:00","2023","10","19","18:00","","14.8","","9.1","","69","","","","13","","9","","24.1","","98.71","","","","","","NA"
"-79.63","43.68","TORONTO INTL A","6158731","2023-10-19 19:00","2023","10","19","19:00","","14.8","","9.4","","70","","","","14","","10","","24.1","","98.68","","","","","","Cloudy"
"-79.63","43.68","TORONTO INTL A","6158731","2023-10-19 20:00","2023","10","19","20:00","","14.5","","10.5","","77","","","","17","","9","","19.3","","98.62","","","","","","Rain"
"-79.63","43.68","TORONTO INTL A","6158731","2023-10-19 21:00","2023","10","19","21:00","","13.8","","10.9","","82","","","","16","","13","","24.1","","98.55","","","","","","Rain"
"-79.63","43.68","TORONTO INTL A","6158731","2023-10-19 22:00","2023","10","19","22:00","","14.0","","11.3","","84","","","","15","","15","","24.1","","98.47","","","","","","Rain"
"-79.63","43.68","TORONTO INTL A","6158731","2023-10-19 23:00","2023","10","19","23:00","","13.9","","11.0","","83","","","","17","","19","","24.1","","98.39","","","","","","NA"
"-79.63","43.68","TORONTO INTL A","6158731","2023-10-20 00:00","2023","10","20","00:00","","13.5","","10.5","","82","","","","16","","16","","24.1","","98.30","","","","","","NA"
"-79.63","43.68","TORONTO INTL A","6158731","2023-10-20 01:00","2023","10","20","01:00","","12.6","","11.6","","94","","","","15","","14","","24.1","","98.21","","","","","","Mostly Cloudy"
"-79.63","43.68","TORONTO INTL A","6158731","2023-10-20 02:00","2023","10","20","02:00","","13.3","","11.2","","87","","","","16","","17","","24.1","","98.13","","","","","","NA"
"-79.63","43.68","TORONTO INTL A","6158731","2023-10-20 03:00","2023","10","20","03:00","","13.5","","11.2","","86","","","","19","","14","","24.1","","98.07","","","","","","NA"
"-79.63","43.68","TORONTO INTL A","6158731","2023-10-20 04:00","2023","10","20","04:00","","12.9","","11.2","","89","","","","16","","9","","24.1","","98.01","","","","","","Mostly Cloudy"
"-79.63","43.68","TORONTO INTL A","6158731","2023-10-20 05:00","2023","10","20","05:00","","13.2","","11.9","","92","","","","18","","10","","24.1","","97.99","","","","","","NA"
"-79.63","43.68","TORONTO INTL A","6158731","2023-10-20 06:00","2023","10","20","06:00","","13.1","","12.3","","95","","","","17","","13","","9.7","","97.95","","","","","","Rain,Fog"
"-79.63","43.68","TORONTO INTL A","6158731","2023-10-20 07:00","2023","10","20","07:00","","13.1","","12.6","","97","","","","16","","8","","19.3","","97.91","","","","","","Rain"
"-79.63","43.68","TORONTO INTL A","6158731","2023-10-20 08:00","2023","10","20","08:00","","12.8","","12.8","","100","","","","17","","6","","9.7","","97.92","","","","","","Rain,Fog"
"-79.63","43.68","TORONTO INTL A","6158731","2023-10-20 09:00","2023","10","20","09:00","","13.1","","13.1","","100","","","","17","","9","","9.7","","97.89","","","","","","Rain,Fog"
"-79.63","43.68","TORONTO INTL A","6158731","2023-10-20 10:00","2023","10","20","10:00","","12.9","","12.9","","100","","","","17","","13","","9.7","","97.86","","","","","","Rain,Fog"
"-79.63","43.68","TORONTO INTL A","6158731","2023-10-20 11:00","2023","10","20","11:00","","13.8","","13.0","","95","","","","17","","14","","19.3","","97.83","","","","","","NA"
"-79.63","43.68","TORONTO INTL A","6158731","2023-10-20 12:00","2023","10","20","12:00","","13.8","","13.1","","95","","","","18","","10","","24.1","","97.77","","","","","","NA"
"-79.63","43.68","TORONTO INTL A","6158731","2023-10-20 13:00","2023","10","20","13:00","","14.1","","13.1","","94","","","","21","","10","","24.1","","97.73","","","","","","Rain"
"-79.63","43.68","TORONTO INTL A","6158731","2023-10-20 14:00","2023","10","20","14:00","","14.2","","13.1","","93","","","","16","","11","","16.1","","97.71","","","","","","NA"
"-79.63","43.68","TORONTO INTL A","6158731","2023-10-20 15:00","2023","10","20","15:00","","14.2","","13.3","","94","","","","13","","10","","24.1","","97.69","","","","","","NA"
"-79.63","43.68","TORONTO INTL A","6158731","2023-10-20 16:00","2023","10","20","16:00","","13.8","","13.2","","96","","","","15","","9","","24.1","","97.70","","","","","","Cloudy"
"-79.63","43.68","TORONTO INTL A","6158731","2023-10-20 17:00","2023","10","20","17:00","","13.9","","12.7","","92","","","","20","","7","","24.1","","97.72","","","","","","NA"
"-79.63","43.68","TORONTO INTL A","6158731","2023-10-20 18:00","2023","10","20","18:00","","12.1","","11.8","","98","","","","26","","10","","24.1","","97.74","","","","","","NA"
"-79.63","43.68","TORONTO INTL A","6158731","2023-10-20 19:00","2023","10","20","19:00","","12.0","","11.9","","99","","","","28","","9","","24.1","","97.77","","","","","","Mostly Cloudy"
"-79.63","43.68","TORONTO INTL A","6158731","2023-10-20 20:00","2023","10","20","20:00","","11.0","","11.0","","100","","","","27","","9","","24.1","","97.75","","","","","","NA"
"-79.63","43.68","TORONTO INTL A","6158731","2023-10-20 21:00","2023","10","20","21:00","","10.9","","10.4","","97","","","","27","","10","","24.1","","97.75","","","","","","NA"
"-79.63","43.68","TORONTO INTL A","6158731","2023-10-20 22:00","2023","10","20","22:00","","10.6","","10.1","","97","","","","27","","11","","24.1","","97.75","","","","","","Mostly Cloudy"
"-79.63","43.68","TORONTO INTL A","6158731","2023-10-20 23:00","2023","10","20","23:00","","9.5","","9.5","","100","","","","28","","10","","24.1","","97.73","","","","","","NA"
"-79.63","43.68","TORONTO INTL A","6158731","2023-10-21 00:00","2023","10","21","00:00","","9.9","","9.9","","100","","","","29","","10","","24.1","","97.70","","","","","","NA"
"-79.63","43.68","TORONTO INTL A","6158731","2023-10-21 01:00","2023","10","21","01:00","","10.8","","9.6","","92","","","","30","","17","","24.1","","97.72","","","","","","Mostly Cloudy"
"-79.63","43.68","TORONTO INTL A","6158731","2023-10-21 02:00","2023","10","21","02:00","","10.5","","8.8","","89","","","","30","","17","","24.1","","97.69","","","","","","NA"
"-79.63","43.68","TORONTO INTL A","6158731","2023-10-21 03:00","2023","10","21","03:00","","9.8","","8.4","","91","","","","30","","21","","24.1","","97.69","","","","","","NA"
"-79.63","43.68","TORONTO INTL A","6158731","2023-10-21 04:00","2023","10","21","04:00","","8.4","","7.3","","92","","","","28","","16","","24.1","","97.64","","","","","","Mainly Clear"
"-79.63","43.68","TORONTO INTL A","6158731","2023-10-21 05:00","2023","10","21","05:00","","8.6","","7.9","","96","","","","26","","8","","24.1","","97.67","","","","","","NA"
"-79.63","43.68","TORONTO INTL A","6158731","2023-10-21 06:00","2023","10","21","06:00","","9.6","","7.9","","89","","","","29","","16","","24.1","","97.67","","","","","","NA"
"-79.63","43.68","TORONTO INTL A","6158731","2023-10-21 07:00","2023","10","21","07:00","","10.2","","7.8","","85","","","","30","","19","","24.1","","97.69","","","","","","Cloudy"
"-79.63","43.68","TORONTO INTL A","6158731","2023-10-21 08:00","2023","10","21","08:00","","10.1","","7.5","","84","","","","32","","21","","24.1","","97.74","","","","","","NA"
"-79.63","43.68","TORONTO INTL A","6158731","2023-10-21 09:00","2023","10","21","09:00","","10.2","","7.0","","80","","","","31","","27","","24.1","","97.73","","","","","","NA"
"-79.63","43.68","TORONTO INTL A","6158731","2023-10-21 10:00","2023","10","21","10:00","","10.4","","7.2","","81","","","","32","","34","","24.1","","97.72","","","","","","Rain"
"-79.63","43.68","TORONTO INTL A","6158731","2023-10-21 11:00","2023","10","21","11:00","","11.3","","6.9","","74","","","","32","","33","","24.1","","97.71","","","","","","NA"
"-79.63","43.68","TORONTO INTL A","6158731","2023-10-21 12:00","2023","10","21","12:00","","12.0","","6.7","","70","","","","32","","27","","24.1","","97.74","","","","","","NA"
"-79.63","43.68","TORONTO INTL A","6158731","2023-10-21 13:00","2023","10","21","13:00","","11.5","","6.1","","69","","","","30","","32","","24.1","","97.74","","","","","","Cloudy"
"-79.63","43.68","TORONTO INTL A","6158731","2023-10-21 14:00","2023","10","21","14:00","","11.5","","5.9","","68","","","","30","","41","","24.1","","97.70","","","","","","NA"
"-79.63","43.68","TORONTO INTL A","6158731","2023-10-21 15:00","2023","10","21","15:00","","11.5","","5.9","","68","","","","32","","36","","24.1","","97.76","","","","","","NA"
"-79.63","43.68","TORONTO INTL A","6158731","2023-10-21 16:00","2023","10","21","16:00","","10.5","","5.2","","69","","","","31","","31","","24.1","","97.83","","","","","","Cloudy"
"-79.63","43.68","TORONTO INTL A","6158731","2023-10-21 17:00","2023","10","21","17:00","","9.8","","4.8","","71","","","","32","","28","","24.1","","97.93","","","","","","NA"
"-79.63","43.68","TORONTO INTL A","6158731","2023-10-21 18:00","2023","10","21","18:00","","9.1","","5.2","","77","","","","32","","32","","24.1","","98.03","","","","","","NA"
"-79.63","43.68","TORONTO INTL A","6158731","2023-10-21 19:00","2023","10","21","19:00","","8.8","","5.1","","78","","","","31","","34","","24.1","","98.11","","","","","","Cloudy"
"-79.63","43.68","TORONTO INTL A","6158731","2023-10-21 20:00","2023","10","21","20:00","","8.5","","5.1","","79","","","","31","","31","","24.1","","98.18","","","","","","NA"
"-79.63","43.68","TORONTO INTL A","6158731","2023-10-21 21:00","2023","10","21","21:00","","8.2","","5.2","","81","","","","31","","27","","24.1","","98.21","","","","","","NA"
"-79.63","43.68","TORONTO INTL A","6158731","2023-10-21 22:00","2023","10","21","22:00","","7.3","","4.8","","84","","","","34","","28","","24.1","","98.24","","","","","","Cloudy"
"-79.63","43.68","TORONTO INTL A","6158731","2023-10-21 23:00","2023","10","21","23:00","","7.0","","3.6","","79","","","","32","","30","","24.1","","98.28","","","","","","NA"
"-79.63","43.68","TORONTO INTL A","6158731","2023-10-22 00:00","2023","10","22","00:00","","6.4","","3.1","","79","","","","33","","30","","24.1","","98.32","","","","","","NA"
"-79.63","43.68","TORONTO INTL A","6158731","2023-10-22 01:00","2023","10","22","01:00","","5.8","","2.7","","80","","","","32","","23","","24.1","","98.33","","","","","","Mainly Clear"
"-79.63","43.68","TORONTO INTL A","6158731","2023-10-22 02:00","2023","10","22","02:00","","6.1","","2.5","","78","","","","32","","20","","24.1","","98.39","","","","","","NA"
"-79.63","43.68","TORONTO INTL A","6158731","2023-10-22 03:00","2023","10","22","03:00","","6.0","","0.9","","70","","","","34","","30","","24.1","","98.43","","","","","","NA"
"-79.63","43.68","TORONTO INTL A","6158731","2023-10-22 04:00","2023","10","22","04:00","","5.4","","0.6","","71","","","","32","","17","","24.1","","98.52","","","","","","Drizzle"
"-79.63","43.68","TORONTO INTL A","6158731","2023-10-22 05:00","2023","10","22","05:00","","5.0","","3.2","","88","","","","30","","11","","19.3","","98.61","","","","","","Rain"
"-79.63","43.68","TORONTO INTL A","6158731","2023-10-22 06:00","2023","10","22","06:00","","5.6","","3.8","","88","","","","33","","18","","24.1","","98.68","","","","","","Rain"
"-79.63","43.68","TORONTO INTL A","6158731","2023-10-22 07:00","2023","10","22","07:00","","5.6","","3.2","","85","","","","32","","24","","24.1","","98.76","","","","","","Rain"
"-79.63","43.68","TORONTO INTL A","6158731","2023-10-22 08:00","2023","10","22","08:00","","5.6","","2.5","","80","","","","33","","31","","24.1","","98.85","","","","","","NA"
"-79.63","43.68","TORONTO INTL A","6158731","2023-10-22 09:00","2023","10","22","09:00","","5.9","","1.6","","74","","","","33","","32","","24.1","","98.93","","","","","","NA"
"-79.63","43.68","TORONTO INTL A","6158731","2023-10-22 10:00","2023","10","22","10:00","","7.1","","0.8","","64","","","","34","","41","","24.1","","99.00","","","","","","Mostly Cloudy"
"-79.63","43.68","TORONTO INTL A","6158731","2023-10-22 11:00","2023","10","22","11:00","","9.2","","0.3","","54","","","","33","","41","","24.1","","99.05","","","","","","NA"
"-79.63","43.68","TORONTO INTL A","6158731","2023-10-22 12:00","2023","10","22","12:00","","10.2","","0.0","","49","","","","32","","35","","24.1","","99.04","","","","","","NA"
"-79.63","43.68","TORONTO INTL A","6158731","2023-10-22 13:00","2023","10","22","13:00","","10.9","","-0.3","","46","","","","33","","35","","24.1","","99.05","","","","","","Mainly Clear"
"-79.63","43.68","TORONTO INTL A","6158731","2023-10-22 14:00","2023","10","22","14:00","","11.1","","-0.2","","45","","","","31","","30","","24.1","","99.06","","","","","","NA"
"-79.63","43.68","TORONTO INTL A","6158731","2023-10-22 15:00","2023","10","22","15:00","","11.1","","-0.9","","43","","","","32","","34","","24.1","","99.13","","","","","","NA"
"-79.63","43.68","TORONTO INTL A","6158731","2023-10-22 16:00","2023","10","22","16:00","","10.6","","-1.4","","43","","","","31","","36","","24.1","","99.19","","","","","","Clear"
"-79.63","43.68","TORONTO INTL A","6158731","2023-10-22 17:00","2023","10","22","17:00","","9.3","","-0.6","","50","","","","31","","36","","24.1","","99.29","","","","","","NA"
"-79.63","43.68","TORONTO INTL A","6158731","2023-10-22 18:00","2023","10","22","18:00","","7.8","","-0.2","","57","","","","30","","30","","24.1","","99.43","","","","","","NA"
"-79.63","43.68","TORONTO INTL A","6158731","2023-10-22 19:00","2023","10","22","19:00","","6.5","","0.2","","64","","","","31","","27","","24.1","","99.56","","","","","","Mainly Clear"
"-79.63","43.68","TORONTO INTL A","6158731","2023-10-22 20:00","2023","10","22","20:00","","5.7","","0.3","","68","","","","30","","19","","24.1","","99.65","","","","","","NA"
"-79.63","43.68","TORONTO INTL A","6158731","2023-10-22 21:00","2023","10","22","21:00","","5.3","","0.2","","70","","","","31","","20","","24.1","","99.71","","","","","","NA"
"-79.63","43.68","TORONTO INTL A","6158731","2023-10-22 22:00","2023","10","22","22:00","","4.5","","-0.1","","73","","","","31","","13","","24.1","","99.76","","","","","","Clear"
"-79.63","43.68","TORONTO INTL A","6158731","2023-10-22 23:00","2023","10","22","23:00","","4.1","","-0.2","","73","","","","32","","13","","24.1","","99.81","","","","","","NA"
"-79.63","43.68","TORONTO INTL A","6158731","2023-10-23 00:00","2023","10","23","00:00","","3.3","","-0.5","","76","","","","33","","10","","24.1","","99.85","","","","","","NA"
"-79.63","43.68","TORONTO INTL A","6158731","2023-10-23 01:00","2023","10","23","01:00","","1.2","","-0.8","","86","","","","27","","8","","24.1","","99.89","","","","","","Clear"
"-79.63","43.68","TORONTO INTL A","6158731","2023-10-23 02:00","2023","10","23","02:00","","0.4","","-1.2","","89","","","","25","","8","","24.1","","99.96","","","","","","NA"
"-79.63","43.68","TORONTO INTL A","6158731","2023-10-23 03:00","2023","10","23","03:00","","1.6","","-0.7","","85","","","","31","","5","","24.1","","100.01","","","","","","NA"
"-79.63","43.68","TORONTO INTL A","6158731","2023-10-23 04:00","2023","10","23","04:00","","1.3","","-0.8","","86","","","","30","","10","","24.1","","100.06","","","","","","Clear"
"-79.63","43.68","TORONTO INTL A","6158731","2023-10-23 05:00","2023","10","23","05:00","","0.6","","-1.3","","87","","","","28","","7","","24.1","","100.15","","","","","","NA"
"-79.63","43.68","TORONTO INTL A","6158731","2023-10-23 06:00","2023","10","23","06:00","","0.6","","-1.1","","88","","","","26","","5","","24.1","","100.15","","","","","","NA"
"-79.63","43.68","TORONTO INTL A","6158731","2023-10-23 07:00","2023","10","23","07:00","","1.1","","-1.1","","86","","","","4","","7","","24.1","","100.21","","","","","","Clear"
"-79.63","43.68","TORONTO INTL A","6158731","2023-10-23 08:00","2023","10","23","08:00","","3.2","","0.9","","85","","","","27","","7","","24.1","","100.31","","","","","","NA"
"-79.63","43.68","TORONTO INTL A","6158731","2023-10-23 09:00","2023","10","23","09:00","","7.1","","1.5","","67","","","","22","","5","","24.1","","100.32","","","","","","NA"
"-79.63","43.68","TORONTO INTL A","6158731","2023-10-23 10:00","2023","10","23","10:00","","9.4","","1.0","","56","","","","27","","4","","24.1","","100.31","","","","","","Clear"
"-79.63","43.68","TORONTO INTL A","6158731","2023-10-23 11:00","2023","10","23","11:00","","10.8","","2.5","","56","","","","23","","7","","24.1","","100.33","","","","","","NA"
"-79.63","43.68","TORONTO INTL A","6158731","2023-10-23 12:00","2023","10","23","12:00","","11.9","","2.8","","53","","","","30","","7","","24.1","","100.29","","","","","","NA"
"-79.63","43.68","TORONTO INTL A","6158731","2023-10-23 13:00","2023","10","23","13:00","","13.1","","3.1","","51","","","","27","","12","","24.1","","100.28","","","","","","Mainly Clear"
"-79.63","43.68","TORONTO INTL A","6158731","2023-10-23 14:00","2023","10","23","14:00","","13.7","","2.8","","47","","","","23","","13","","24.1","","100.22","","","","","","NA"
"-79.63","43.68","TORONTO INTL A","6158731","2023-10-23 15:00","2023","10","23","15:00","","13.6","","2.8","","48","","","","29","","10","","24.1","","100.21","","","","","","NA"
"-79.63","43.68","TORONTO INTL A","6158731","2023-10-23 16:00","2023","10","23","16:00","","13.0","","2.6","","49","","","","22","","13","","24.1","","100.14","","","","","","Cloudy"
"-79.63","43.68","TORONTO INTL A","6158731","2023-10-23 17:00","2023","10","23","17:00","","11.7","","4.7","","62","","","","16","","14","","24.1","","100.12","","","","","","NA"
"-79.63","43.68","TORONTO INTL A","6158731","2023-10-23 18:00","2023","10","23","18:00","","10.9","","5.0","","67","","","","16","","12","","24.1","","100.16","","","","","","NA"
"-79.63","43.68","TORONTO INTL A","6158731","2023-10-23 19:00","2023","10","23","19:00","","10.9","","6.2","","72","","","","18","","13","","24.1","","100.15","","","","","","Mostly Cloudy"
"-79.63","43.68","TORONTO INTL A","6158731","2023-10-23 20:00","2023","10","23","20:00","","10.7","","6.2","","74","","","","18","","12","","24.1","","100.13","","","","","","NA"
"-79.63","43.68","TORONTO INTL A","6158731","2023-10-23 21:00","2023","10","23","21:00","","10.0","","6.2","","77","","","","15","","8","","24.1","","100.13","","","","","","NA"
"-79.63","43.68","TORONTO INTL A","6158731","2023-10-23 22:00","2023","10","23","22:00","","9.6","","6.8","","82","","","","16","","8","","24.1","","100.13","","","","","","Mostly Cloudy"
"-79.63","43.68","TORONTO INTL A","6158731","2023-10-23 23:00","2023","10","23","23:00","","10.0","","6.8","","81","","","","20","","8","","24.1","","100.19","","","","","","NA"
"-79.63","43.68","TORONTO INTL A","6158731","2023-10-24 00:00","2023","10","24","00:00","","9.6","","7.5","","87","","","","14","","7","","24.1","","100.14","","","","","","NA"
"-79.63","43.68","TORONTO INTL A","6158731","2023-10-24 01:00","2023","10","24","01:00","","9.7","","7.8","","88","","","","19","","5","","24.1","","100.18","","","","","","Mostly Cloudy"
"-79.63","43.68","TORONTO INTL A","6158731","2023-10-24 02:00","2023","10","24","02:00","","9.6","","8.4","","92","","","","14","","7","","24.1","","100.15","","","","","","NA"
"-79.63","43.68","TORONTO INTL A","6158731","2023-10-24 03:00","2023","10","24","03:00","","9.8","","7.6","","86","","","","15","","8","","24.1","","100.11","","","","","","NA"
"-79.63","43.68","TORONTO INTL A","6158731","2023-10-24 04:00","2023","10","24","04:00","","9.5","","7.0","","84","","","","14","","8","","24.1","","100.10","","","","","","Mainly Clear"
"-79.63","43.68","TORONTO INTL A","6158731","2023-10-24 05:00","2023","10","24","05:00","","9.1","","7.3","","88","","","","13","","8","","24.1","","100.07","","","","","","NA"
"-79.63","43.68","TORONTO INTL A","6158731","2023-10-24 06:00","2023","10","24","06:00","","9.6","","7.7","","88","","","","13","","8","","24.1","","100.06","","","","","","NA"
"-79.63","43.68","TORONTO INTL A","6158731","2023-10-24 07:00","2023","10","24","07:00","","9.8","","8.1","","89","","","","13","","7","","24.1","","100.08","","","","","","Mainly Clear"
"-79.63","43.68","TORONTO INTL A","6158731","2023-10-24 08:00","2023","10","24","08:00","","10.8","","8.5","","86","","","","13","","10","","24.1","","100.07","","","","","","NA"
"-79.63","43.68","TORONTO INTL A","6158731","2023-10-24 09:00","2023","10","24","09:00","","12.7","","7.8","","72","","","","14","","4","","24.1","","100.09","","","","","","NA"
"-79.63","43.68","TORONTO INTL A","6158731","2023-10-24 10:00","2023","10","24","10:00","","14.0","","7.3","","64","","","","18","","4","","24.1","","100.07","","","","","","Mainly Clear"
"-79.63","43.68","TORONTO INTL A","6158731","2023-10-24 11:00","2023","10","24","11:00","","16.7","","7.2","","53","","","","20","","11","","24.1","","100.05","","","","","","NA"
"-79.63","43.68","TORONTO INTL A","6158731","2023-10-24 12:00","2023","10","24","12:00","","18.3","","8.0","","51","","","","22","","14","","24.1","","100.03","","","","","","NA"
"-79.63","43.68","TORONTO INTL A","6158731","2023-10-24 13:00","2023","10","24","13:00","","19.4","","9.0","","50","","","","14","","15","","24.1","","99.86","","","","","","Mostly Cloudy"
"-79.63","43.68","TORONTO INTL A","6158731","2023-10-24 14:00","2023","10","24","14:00","","20.0","","9.1","","49","","","","15","","14","","24.1","","99.85","","","","","","NA"
"-79.63","43.68","TORONTO INTL A","6158731","2023-10-24 15:00","2023","10","24","15:00","","19.0","","8.6","","50","","","","16","","18","","24.1","","99.78","","","","","","NA"
"-79.63","43.68","TORONTO INTL A","6158731","2023-10-24 16:00","2023","10","24","16:00","","19.4","","9.0","","50","","","","17","","23","","24.1","","99.63","","","","","","Mostly Cloudy"
"-79.63","43.68","TORONTO INTL A","6158731","2023-10-24 17:00","2023","10","24","17:00","","18.8","","9.1","","53","","","","16","","8","","24.1","","99.70","","","","","","NA"
"-79.63","43.68","TORONTO INTL A","6158731","2023-10-24 18:00","2023","10","24","18:00","","18.0","","9.6","","57","","","","19","","9","","24.1","","99.76","","","","","","NA"
"-79.63","43.68","TORONTO INTL A","6158731","2023-10-24 19:00","2023","10","24","19:00","","17.9","","9.1","","56","","","","22","","11","","24.1","","99.81","","","","","","Mainly Clear"
"-79.63","43.68","TORONTO INTL A","6158731","2023-10-24 20:00","2023","10","24","20:00","","17.5","","8.4","","55","","","","21","","10","","24.1","","99.82","","","","","","NA"
"-79.63","43.68","TORONTO INTL A","6158731","2023-10-24 21:00","2023","10","24","21:00","","18.1","","8.2","","52","","","","20","","15","","24.1","","99.83","","","","","","NA"
"-79.63","43.68","TORONTO INTL A","6158731","2023-10-24 22:00","2023","10","24","22:00","","17.4","","8.3","","55","","","","17","","11","","24.1","","99.79","","","","","","Mainly Clear"
"-79.63","43.68","TORONTO INTL A","6158731","2023-10-24 23:00","2023","10","24","23:00","","16.1","","8.5","","60","","","","14","","5","","24.1","","99.79","","","","","","NA"
"-79.63","43.68","TORONTO INTL A","6158731","2023-10-25 00:00","2023","10","25","00:00","","17.7","","8.7","","55","","","","23","","10","","24.1","","99.75","","","","","","NA"
"-79.63","43.68","TORONTO INTL A","6158731","2023-10-25 01:00","2023","10","25","01:00","","18.0","","9.0","","55","","","","21","","18","","24.1","","99.75","","","","","","Mostly Cloudy"
"-79.63","43.68","TORONTO INTL A","6158731","2023-10-25 02:00","2023","10","25","02:00","","17.1","","9.5","","61","","","","21","","10","","24.1","","99.77","","","","","","NA"
"-79.63","43.68","TORONTO INTL A","6158731","2023-10-25 03:00","2023","10","25","03:00","","18.2","","10.8","","62","","","","24","","23","","24.1","","99.73","","","","","","NA"
"-79.63","43.68","TORONTO INTL A","6158731","2023-10-25 04:00","2023","10","25","04:00","","18.6","","11.2","","62","","","","24","","27","","24.1","","99.73","","","","","","Mostly Cloudy"
"-79.63","43.68","TORONTO INTL A","6158731","2023-10-25 05:00","2023","10","25","05:00","","18.4","","11.5","","64","","","","25","","29","","24.1","","99.80","","","","","","NA"
"-79.63","43.68","TORONTO INTL A","6158731","2023-10-25 06:00","2023","10","25","06:00","","16.9","","12.9","","77","","","","27","","25","","8.1","","99.83","","","","","","Rain"
"-79.63","43.68","TORONTO INTL A","6158731","2023-10-25 07:00","2023","10","25","07:00","","16.9","","13.0","","77","","","","26","","19","","16.1","","99.92","","","","","","Cloudy"
"-79.63","43.68","TORONTO INTL A","6158731","2023-10-25 08:00","2023","10","25","08:00","","16.6","","13.5","","82","","","","27","","18","","24.1","","99.97","","","","","","NA"
"-79.63","43.68","TORONTO INTL A","6158731","2023-10-25 09:00","2023","10","25","09:00","","17.4","","14.0","","80","","","","19","","14","","24.1","","99.95","","","","","","NA"
"-79.63","43.68","TORONTO INTL A","6158731","2023-10-25 10:00","2023","10","25","10:00","","18.5","","13.1","","70","","","","24","","9","","24.1","","99.92","","","","","","Cloudy"
"-79.63","43.68","TORONTO INTL A","6158731","2023-10-25 11:00","2023","10","25","11:00","","19.3","","12.5","","64","","","","21","","18","","24.1","","99.92","","","","","","NA"
"-79.63","43.68","TORONTO INTL A","6158731","2023-10-25 12:00","2023","10","25","12:00","","19.4","","12.4","","63","","","","26","","12","","24.1","","99.86","","","","","","NA"
"-79.63","43.68","TORONTO INTL A","6158731","2023-10-25 13:00","2023","10","25","13:00","","19.7","","12.4","","62","","","","24","","11","","24.1","","99.84","","","","","","Cloudy"
"-79.63","43.68","TORONTO INTL A","6158731","2023-10-25 14:00","2023","10","25","14:00","","20.6","","12.1","","58","","","","21","","15","","24.1","","99.83","","","","","","NA"
"-79.63","43.68","TORONTO INTL A","6158731","2023-10-25 15:00","2023","10","25","15:00","","20.3","","11.1","","55","","","","23","","21","","24.1","","99.84","","","","","","NA"
"-79.63","43.68","TORONTO INTL A","6158731","2023-10-25 16:00","2023","10","25","16:00","","20.2","","10.2","","52","","","","23","","15","","24.1","","99.83","","","","","","Cloudy"
"-79.63","43.68","TORONTO INTL A","6158731","2023-10-25 17:00","2023","10","25","17:00","","19.8","","10.1","","53","","","","22","","17","","24.1","","99.88","","","","","","NA"
"-79.63","43.68","TORONTO INTL A","6158731","2023-10-25 18:00","2023","10","25","18:00","","18.5","","10.7","","60","","","","23","","22","","24.1","","99.94","","","","","","Rain"
"-79.63","43.68","TORONTO INTL A","6158731","2023-10-25 19:00","2023","10","25","19:00","","17.2","","11.2","","68","","","","21","","19","","24.1","","99.99","","","","","","Cloudy"
"-79.63","43.68","TORONTO INTL A","6158731","2023-10-25 20:00","2023","10","25","20:00","","15.7","","12.5","","81","","","","24","","20","","24.1","","100.02","","","","","","NA"
"-79.63","43.68","TORONTO INTL A","6158731","2023-10-25 21:00","2023","10","25","21:00","","16.0","","12.7","","80","","","","26","","20","","24.1","","100.02","","","","","","NA"
"-79.63","43.68","TORONTO INTL A","6158731","2023-10-25 22:00","2023","10","25","22:00","","15.9","","13.1","","83","","","","25","","10","","24.1","","99.99","","","","","","Cloudy"
"-79.63","43.68","TORONTO INTL A","6158731","2023-10-25 23:00","2023","10","25","23:00","","16.6","","12.9","","79","","","","22","","14","","24.1","","99.97","","","","","","NA"
"-79.63","43.68","TORONTO INTL A","6158731","2023-10-26 00:00","2023","10","26","00:00","","16.0","","13.4","","84","","","","21","","9","","24.1","","99.97","","","","","","NA"
"-79.63","43.68","TORONTO INTL A","6158731","2023-10-26 01:00","2023","10","26","01:00","","16.0","","13.5","","85","","","","22","","9","","24.1","","99.96","","","","","","Cloudy"
"-79.63","43.68","TORONTO INTL A","6158731","2023-10-26 02:00","2023","10","26","02:00","","15.9","","13.9","","88","","","","20","","10","","19.3","","99.95","","","","","","NA"
"-79.63","43.68","TORONTO INTL A","6158731","2023-10-26 03:00","2023","10","26","03:00","","15.2","","15.2","","100","","","","23","","5","","16.1","","99.92","","","","","","Rain"
"-79.63","43.68","TORONTO INTL A","6158731","2023-10-26 04:00","2023","10","26","04:00","","14.7","","14.7","","100","","","","15","","8","","6.4","","99.93","","","","","","Rain,Fog"
"-79.63","43.68","TORONTO INTL A","6158731","2023-10-26 05:00","2023","10","26","05:00","","14.3","","14.3","","100","","","","15","","9","","3.2","","99.96","","","","","","Rain,Fog"
"-79.63","43.68","TORONTO INTL A","6158731","2023-10-26 06:00","2023","10","26","06:00","","14.5","","14.5","","100","","","","15","","10","","4.8","","99.94","","","","","","Fog"
"-79.63","43.68","TORONTO INTL A","6158731","2023-10-26 07:00","2023","10","26","07:00","","15.0","","15.0","","100","","","","15","","8","","4.8","","99.97","","","","","","Fog"
"-79.63","43.68","TORONTO INTL A","6158731","2023-10-26 08:00","2023","10","26","08:00","","15.1","","15.1","","100","","","","16","","9","","4.0","","100.01","","","","","","Drizzle,Fog"
"-79.63","43.68","TORONTO INTL A","6158731","2023-10-26 09:00","2023","10","26","09:00","","15.3","","15.3","","100","","","","15","","9","","4.8","","99.97","","","","","","Fog"
"-79.63","43.68","TORONTO INTL A","6158731","2023-10-26 10:00","2023","10","26","10:00","","16.3","","16.3","","100","","","","18","","7","","6.4","","99.96","","","","","","Rain,Fog"
"-79.63","43.68","TORONTO INTL A","6158731","2023-10-26 11:00","2023","10","26","11:00","","16.1","","16.1","","100","","","","14","","9","","6.4","","99.93","","","","","","Rain,Fog"
"-79.63","43.68","TORONTO INTL A","6158731","2023-10-26 12:00","2023","10","26","12:00","","16.2","","16.2","","100","","","","15","","9","","8.1","","99.87","","","","","","Rain,Fog"
"-79.63","43.68","TORONTO INTL A","6158731","2023-10-26 13:00","2023","10","26","13:00","","16.8","","16.8","","100","","","","15","","9","","9.7","","99.79","","","","","","Fog"
"-79.63","43.68","TORONTO INTL A","6158731","2023-10-26 14:00","2023","10","26","14:00","","18.4","","18.3","","99","","","","18","","8","","12.9","","99.75","","","","","","NA"
"-79.63","43.68","TORONTO INTL A","6158731","2023-10-26 15:00","2023","10","26","15:00","","18.4","","18.4","","100","","","","12","","9","","19.3","","99.67","","","","","","NA"
"-79.63","43.68","TORONTO INTL A","6158731","2023-10-26 16:00","2023","10","26","16:00","","18.3","","18.0","","98","","","","13","","9","","19.3","","99.66","","","","","","Cloudy"
"-79.63","43.68","TORONTO INTL A","6158731","2023-10-26 17:00","2023","10","26","17:00","","18.0","","15.4","","85","","","","16","","8","","24.1","","99.64","","","","","","NA"
"-79.63","43.68","TORONTO INTL A","6158731","2023-10-26 18:00","2023","10","26","18:00","","18.6","","13.6","","73","","","","22","","9","","24.1","","99.66","","","","","","NA"
"-79.63","43.68","TORONTO INTL A","6158731","2023-10-26 19:00","2023","10","26","19:00","","18.7","","13.1","","69","","","","21","","13","","24.1","","99.67","","","","","","Cloudy"
"-79.63","43.68","TORONTO INTL A","6158731","2023-10-26 20:00","2023","10","26","20:00","","18.4","","12.7","","69","","","","19","","10","","24.1","","99.64","","","","","","NA"
"-79.63","43.68","TORONTO INTL A","6158731","2023-10-26 21:00","2023","10","26","21:00","","16.6","","12.9","","79","","","","14","","11","","24.1","","99.65","","","","","","NA"
"-79.63","43.68","TORONTO INTL A","6158731","2023-10-26 22:00","2023","10","26","22:00","","18.0","","12.8","","71","","","","20","","13","","24.1","","99.61","","","","","","Mostly Cloudy"
"-79.63","43.68","TORONTO INTL A","6158731","2023-10-26 23:00","2023","10","26","23:00","","18.8","","12.9","","68","","","","20","","17","","24.1","","99.56","","","","","","NA"
"-79.63","43.68","TORONTO INTL A","6158731","2023-10-27 00:00","2023","10","27","00:00","","18.5","","13.0","","70","","","","22","","19","","24.1","","99.53","","","","","","NA"
"-79.63","43.68","TORONTO INTL A","6158731","2023-10-27 01:00","2023","10","27","01:00","","18.4","","12.9","","70","","","","22","","21","","24.1","","99.49","","","","","","Cloudy"
"-79.63","43.68","TORONTO INTL A","6158731","2023-10-27 02:00","2023","10","27","02:00","","18.1","","14.1","","77","","","","25","","29","","24.1","","99.50","","","","","","NA"
"-79.63","43.68","TORONTO INTL A","6158731","2023-10-27 03:00","2023","10","27","03:00","","18.0","","14.3","","79","","","","24","","19","","24.1","","99.46","","","","","","NA"
"-79.63","43.68","TORONTO INTL A","6158731","2023-10-27 04:00","2023","10","27","04:00","","18.2","","14.0","","76","","","","24","","22","","24.1","","99.43","","","","","","Mostly Cloudy"
"-79.63","43.68","TORONTO INTL A","6158731","2023-10-27 05:00","2023","10","27","05:00","","18.1","","14.0","","77","","","","24","","21","","24.1","","99.45","","","","","","NA"
"-79.63","43.68","TORONTO INTL A","6158731","2023-10-27 06:00","2023","10","27","06:00","","18.3","","14.0","","76","","","","20","","12","","24.1","","99.45","","","","","","NA"
"-79.63","43.68","TORONTO INTL A","6158731","2023-10-27 07:00","2023","10","27","07:00","","18.0","","14.2","","78","","","","23","","16","","24.1","","99.42","","","","","","Mostly Cloudy"
"-79.63","43.68","TORONTO INTL A","6158731","2023-10-27 08:00","2023","10","27","08:00","","18.5","","14.1","","75","","","","22","","18","","24.1","","99.44","","","","","","NA"
"-79.63","43.68","TORONTO INTL A","6158731","2023-10-27 09:00","2023","10","27","09:00","","19.7","","14.4","","71","","","","23","","18","","24.1","","99.42","","","","","","NA"
"-79.63","43.68","TORONTO INTL A","6158731","2023-10-27 10:00","2023","10","27","10:00","","19.4","","15.0","","75","","","","23","","22","","24.1","","99.40","","","","","","Cloudy"
"-79.63","43.68","TORONTO INTL A","6158731","2023-10-27 11:00","2023","10","27","11:00","","19.9","","15.7","","77","","","","23","","30","","24.1","","99.36","","","","","","NA"
"-79.63","43.68","TORONTO INTL A","6158731","2023-10-27 12:00","2023","10","27","12:00","","21.3","","16.5","","74","","","","24","","31","","24.1","","99.32","","26","","","","NA"
"-79.63","43.68","TORONTO INTL A","6158731","2023-10-27 13:00","2023","10","27","13:00","","21.1","","16.3","","74","","","","24","","26","","24.1","","99.29","","26","","","","Mostly Cloudy"
"-79.63","43.68","TORONTO INTL A","6158731","2023-10-27 14:00","2023","10","27","14:00","","22.6","","16.5","","68","","","","25","","27","","24.1","","99.26","","28","","","","NA"
"-79.63","43.68","TORONTO INTL A","6158731","2023-10-27 15:00","2023","10","27","15:00","","22.4","","16.3","","68","","","","24","","26","","24.1","","99.27","","27","","","","NA"
"-79.63","43.68","TORONTO INTL A","6158731","2023-10-27 16:00","2023","10","27","16:00","","22.6","","16.1","","66","","","","22","","22","","24.1","","99.23","","27","","","","Mainly Clear"
"-79.63","43.68","TORONTO INTL A","6158731","2023-10-27 17:00","2023","10","27","17:00","","21.8","","16.3","","70","","","","22","","20","","24.1","","99.25","","27","","","","NA"
"-79.63","43.68","TORONTO INTL A","6158731","2023-10-27 18:00","2023","10","27","18:00","","20.9","","16.1","","74","","","","22","","18","","24.1","","99.25","","26","","","","NA"
"-79.63","43.68","TORONTO INTL A","6158731","2023-10-27 19:00","2023","10","27","19:00","","20.3","","15.7","","75","","","","22","","18","","24.1","","99.23","","25","","","","Mainly Clear"
"-79.63","43.68","TORONTO INTL A","6158731","2023-10-27 20:00","2023","10","27","20:00","","20.6","","15.8","","74","","","","22","","21","","24.1","","99.24","","25","","","","NA"
"-79.63","43.68","TORONTO INTL A","6158731","2023-10-27 21:00","2023","10","27","21:00","","20.3","","16.1","","76","","","","22","","24","","24.1","","99.21","","25","","","","NA"
"-79.63","43.68","TORONTO INTL A","6158731","2023-10-27 22:00","2023","10","27","22:00","","19.7","","16.4","","81","","","","22","","27","","24.1","","99.20","","","","","","Mainly Clear"
"-79.63","43.68","TORONTO INTL A","6158731","2023-10-27 23:00","2023","10","27","23:00","","19.0","","16.4","","85","","","","22","","24","","24.1","","99.19","","","","","","NA"
"-79.63","43.68","TORONTO INTL A","6158731","2023-10-28 00:00","2023","10","28","00:00","","18.6","","16.5","","87","","","","21","","18","","24.1","","99.16","","","","","","NA"
"-79.63","43.68","TORONTO INTL A","6158731","2023-10-28 01:00","2023","10","28","01:00","","18.5","","16.8","","89","","","","21","","14","","24.1","","99.14","","","","","","Mostly Cloudy"
"-79.63","43.68","TORONTO INTL A","6158731","2023-10-28 02:00","2023","10","28","02:00","","18.6","","16.9","","90","","","","20","","12","","24.1","","99.15","","","","","","NA"
"-79.63","43.68","TORONTO INTL A","6158731","2023-10-28 03:00","2023","10","28","03:00","","18.6","","16.9","","89","","","","23","","8","","24.1","","99.15","","","","","","NA"
"-79.63","43.68","TORONTO INTL A","6158731","2023-10-28 04:00","2023","10","28","04:00","","16.9","","13.4","","80","","","","31","","35","","24.1","","99.30","","","","","","Cloudy"
"-79.63","43.68","TORONTO INTL A","6158731","2023-10-28 05:00","2023","10","28","05:00","","13.2","","10.3","","83","","","","34","","27","","16.1","","99.46","","","","","","Rain"
"-79.63","43.68","TORONTO INTL A","6158731","2023-10-28 06:00","2023","10","28","06:00","","12.5","","8.1","","74","","","","32","","27","","24.1","","99.56","","","","","","NA"
"-79.63","43.68","TORONTO INTL A","6158731","2023-10-28 07:00","2023","10","28","07:00","","11.6","","6.3","","70","","","","33","","34","","24.1","","99.65","","","","","","Mainly Clear"
"-79.63","43.68","TORONTO INTL A","6158731","2023-10-28 08:00","2023","10","28","08:00","","11.4","","5.8","","68","","","","31","","26","","24.1","","99.79","","","","","","NA"
"-79.63","43.68","TORONTO INTL A","6158731","2023-10-28 09:00","2023","10","28","09:00","","12.3","","4.8","","60","","","","33","","29","","24.1","","99.89","","","","","","NA"
"-79.63","43.68","TORONTO INTL A","6158731","2023-10-28 10:00","2023","10","28","10:00","","12.9","","3.9","","54","","","","32","","32","","24.1","","99.97","","","","","","Mainly Clear"
"-79.63","43.68","TORONTO INTL A","6158731","2023-10-28 11:00","2023","10","28","11:00","","13.0","","3.5","","52","","","","31","","31","","24.1","","100.02","","","","","","NA"
"-79.63","43.68","TORONTO INTL A","6158731","2023-10-28 12:00","2023","10","28","12:00","","13.5","","3.4","","50","","","","29","","28","","24.1","","100.07","","","","","","NA"
"-79.63","43.68","TORONTO INTL A","6158731","2023-10-28 13:00","2023","10","28","13:00","","13.2","","2.3","","47","","","","29","","29","","24.1","","100.07","","","","","","Mainly Clear"
"-79.63","43.68","TORONTO INTL A","6158731","2023-10-28 14:00","2023","10","28","14:00","","13.0","","2.1","","47","","","","33","","24","","24.1","","100.09","","","","","","NA"
"-79.63","43.68","TORONTO INTL A","6158731","2023-10-28 15:00","2023","10","28","15:00","","12.1","","1.3","","48","","","","31","","18","","24.1","","100.12","","","","","","NA"
"-79.63","43.68","TORONTO INTL A","6158731","2023-10-28 16:00","2023","10","28","16:00","","11.6","","0.4","","46","","","","30","","17","","24.1","","100.13","","","","","","Clear"
"-79.63","43.68","TORONTO INTL A","6158731","2023-10-28 17:00","2023","10","28","17:00","","10.4","","0.4","","50","","","","33","","18","","24.1","","100.19","","","","","","NA"
"-79.63","43.68","TORONTO INTL A","6158731","2023-10-28 18:00","2023","10","28","18:00","","9.4","","0.7","","55","","","","32","","18","","24.1","","100.24","","","","","","NA"
"-79.63","43.68","TORONTO INTL A","6158731","2023-10-28 19:00","2023","10","28","19:00","","8.1","","1.3","","62","","","","36","","18","","24.1","","100.26","","","","","","Mostly Cloudy"
"-79.63","43.68","TORONTO INTL A","6158731","2023-10-28 20:00","2023","10","28","20:00","","7.4","","1.3","","65","","","","36","","13","","24.1","","100.25","","","","","","NA"
"-79.63","43.68","TORONTO INTL A","6158731","2023-10-28 21:00","2023","10","28","21:00","","6.9","","1.5","","68","","","","34","","12","","24.1","","100.28","","","","","","NA"
"-79.63","43.68","TORONTO INTL A","6158731","2023-10-28 22:00","2023","10","28","22:00","","6.5","","0.8","","67","","","","35","","15","","24.1","","100.28","","","","","","Cloudy"
"-79.63","43.68","TORONTO INTL A","6158731","2023-10-28 23:00","2023","10","28","23:00","","6.2","","0.9","","69","","","","36","","21","","24.1","","100.26","","","","","","NA"
"-79.63","43.68","TORONTO INTL A","6158731","2023-10-29 00:00","2023","10","29","00:00","","6.2","","0.6","","67","","","","35","","19","","24.1","","100.23","","","","","","NA"
"-79.63","43.68","TORONTO INTL A","6158731","2023-10-29 01:00","2023","10","29","01:00","","5.9","","0.7","","69","","","","2","","16","","24.1","","100.18","","","","","","Cloudy"
"-79.63","43.68","TORONTO INTL A","6158731","2023-10-29 02:00","2023","10","29","02:00","","6.6","","0.4","","65","","","","4","","22","","24.1","","100.21","","","","","","NA"
"-79.63","43.68","TORONTO INTL A","6158731","2023-10-29 03:00","2023","10","29","03:00","","6.5","","-0.8","","60","","","","4","","16","","24.1","","100.18","","","","","","NA"
"-79.63","43.68","TORONTO INTL A","6158731","2023-10-29 04:00","2023","10","29","04:00","","6.2","","-0.5","","62","","","","5","","15","","24.1","","100.20","","","","","","Cloudy"
"-79.63","43.68","TORONTO INTL A","6158731","2023-10-29 05:00","2023","10","29","05:00","","5.6","","0.7","","71","","","","7","","14","","24.1","","100.17","","","","","","Rain"
"-79.63","43.68","TORONTO INTL A","6158731","2023-10-29 06:00","2023","10","29","06:00","","5.4","","1.4","","75","","","","4","","14","","24.1","","100.18","","","","","","Rain"
"-79.63","43.68","TORONTO INTL A","6158731","2023-10-29 07:00","2023","10","29","07:00","","5.6","","1.5","","75","","","","6","","11","","24.1","","100.21","","","","","","Cloudy"
"-79.63","43.68","TORONTO INTL A","6158731","2023-10-29 08:00","2023","10","29","08:00","","5.2","","2.6","","83","","","","7","","13","","24.1","","100.11","","","","","","Rain"
"-79.63","43.68","TORONTO INTL A","6158731","2023-10-29 09:00","2023","10","29","09:00","","5.4","","2.6","","82","","","","5","","14","","24.1","","100.09","","","","","","NA"
"-79.63","43.68","TORONTO INTL A","6158731","2023-10-29 10:00","2023","10","29","10:00","","5.7","","2.8","","82","","","","6","","13","","24.1","","100.12","","","","","","Cloudy"
"-79.63","43.68","TORONTO INTL A","6158731","2023-10-29 11:00","2023","10","29","11:00","","5.9","","2.5","","79","","","","7","","16","","24.1","","100.07","","","","","","NA"
"-79.63","43.68","TORONTO INTL A","6158731","2023-10-29 12:00","2023","10","29","12:00","","6.1","","2.5","","78","","","","8","","21","","24.1","","100.05","","","","","","NA"
"-79.63","43.68","TORONTO INTL A","6158731","2023-10-29 13:00","2023","10","29","13:00","","6.5","","2.4","","75","","","","8","","19","","24.1","","99.99","","","","","","Cloudy"
"-79.63","43.68","TORONTO INTL A","6158731","2023-10-29 14:00","2023","10","29","14:00","","7.0","","2.3","","72","","","","8","","14","","24.1","","99.88","","","","","","NA"
"-79.63","43.68","TORONTO INTL A","6158731","2023-10-29 15:00","2023","10","29","15:00","","7.2","","2.1","","70","","","","6","","11","","24.1","","99.84","","","","","","NA"
"-79.63","43.68","TORONTO INTL A","6158731","2023-10-29 16:00","2023","10","29","16:00","","6.9","","2.0","","71","","","","9","","10","","24.1","","99.79","","","","","","Cloudy"
"-79.63","43.68","TORONTO INTL A","6158731","2023-10-29 17:00","2023","10","29","17:00","","6.8","","2.1","","72","","","","7","","13","","24.1","","99.73","","","","","","NA"
"-79.63","43.68","TORONTO INTL A","6158731","2023-10-29 18:00","2023","10","29","18:00","","6.9","","1.5","","68","","","","5","","10","","24.1","","99.76","","","","","","NA"
"-79.63","43.68","TORONTO INTL A","6158731","2023-10-29 19:00","2023","10","29","19:00","","7.1","","1.0","","65","","","","5","","12","","24.1","","99.72","","","","","","Mostly Cloudy"
"-79.63","43.68","TORONTO INTL A","6158731","2023-10-29 20:00","2023","10","29","20:00","","7.1","","0.6","","63","","","","6","","13","","24.1","","99.64","","","","","","NA"
"-79.63","43.68","TORONTO INTL A","6158731","2023-10-29 21:00","2023","10","29","21:00","","5.9","","1.1","","71","","","","4","","18","","16.1","","99.58","","","","","","Rain"
"-79.63","43.68","TORONTO INTL A","6158731","2023-10-29 22:00","2023","10","29","22:00","","4.2","","3.5","","95","","","","3","","17","","8.1","","99.67","","","","","","Rain,Fog"
"-79.63","43.68","TORONTO INTL A","6158731","2023-10-29 23:00","2023","10","29","23:00","","3.8","","3.6","","99","","","","1","","16","","12.9","","99.58","","","","","","Rain"
"-79.63","43.68","TORONTO INTL A","6158731","2023-10-30 00:00","2023","10","30","00:00","","3.3","","2.6","","95","","","","4","","17","","19.3","","99.44","","","","","","NA"
"-79.63","43.68","TORONTO INTL A","6158731","2023-10-30 01:00","2023","10","30","01:00","","3.2","","2.5","","96","","","","2","","17","","24.1","","99.37","","","","","","Cloudy"
"-79.63","43.68","TORONTO INTL A","6158731","2023-10-30 02:00","2023","10","30","02:00","","3.0","","2.3","","95","","","","36","","14","","19.3","","99.38","","","","","","Rain"
"-79.63","43.68","TORONTO INTL A","6158731","2023-10-30 03:00","2023","10","30","03:00","","2.9","","2.3","","95","","","","36","","9","","19.3","","99.32","","","","","","Rain"
"-79.63","43.68","TORONTO INTL A","6158731","2023-10-30 04:00","2023","10","30","04:00","","2.7","","2.3","","97","","","","2","","11","","19.3","","99.23","","","","","","Rain"
"-79.63","43.68","TORONTO INTL A","6158731","2023-10-30 05:00","2023","10","30","05:00","","2.8","","2.2","","96","","","","35","","10","","19.3","","99.22","","","","","","Rain"
"-79.63","43.68","TORONTO INTL A","6158731","2023-10-30 06:00","2023","10","30","06:00","","2.9","","2.5","","97","","","","31","","11","","24.1","","99.22","","","","","","NA"
"-79.63","43.68","TORONTO INTL A","6158731","2023-10-30 07:00","2023","10","30","07:00","","3.0","","2.5","","97","","","","31","","12","","24.1","","99.21","","","","","","Cloudy"
"-79.63","43.68","TORONTO INTL A","6158731","2023-10-30 08:00","2023","10","30","08:00","","3.4","","2.5","","94","","","","26","","8","","24.1","","99.25","","","","","","NA"
"-79.63","43.68","TORONTO INTL A","6158731","2023-10-30 09:00","2023","10","30","09:00","","4.3","","3.4","","94","","","","25","","10","","24.1","","99.25","","","","","","Rain"
"-79.63","43.68","TORONTO INTL A","6158731","2023-10-30 10:00","2023","10","30","10:00","","5.4","","3.8","","89","","","","28","","14","","24.1","","99.25","","","","","","Cloudy"
"-79.63","43.68","TORONTO INTL A","6158731","2023-10-30 11:00","2023","10","30","11:00","","6.3","","4.2","","87","","","","31","","18","","24.1","","99.22","","","","","","NA"
"-79.63","43.68","TORONTO INTL A","6158731","2023-10-30 12:00","2023","10","30","12:00","","6.6","","2.5","","75","","","","33","","26","","24.1","","99.20","","","","","","NA"
"-79.63","43.68","TORONTO INTL A","6158731","2023-10-30 13:00","2023","10","30","13:00","","5.8","","2.7","","81","","","","34","","26","","19.3","","99.21","","","","","","Rain"
"-79.63","43.68","TORONTO INTL A","6158731","2023-10-30 14:00","2023","10","30","14:00","","4.4","","1.9","","84","","","","35","","23","","19.3","","99.25","","","","","","Rain"
"-79.63","43.68","TORONTO INTL A","6158731","2023-10-30 15:00","2023","10","30","15:00","","4.7","","1.6","","80","","","","32","","24","","24.1","","99.31","","","","","","Rain"
"-79.63","43.68","TORONTO INTL A","6158731","2023-10-30 16:00","2023","10","30","16:00","","3.6","","2.4","","92","","","","33","","28","","16.1","","99.45","","","","","","Rain Showers"
"-79.63","43.68","TORONTO INTL A","6158731","2023-10-30 17:00","2023","10","30","17:00","","4.0","","-0.2","","74","","","","31","","25","","24.1","","99.48","","","","","","NA"
"-79.63","43.68","TORONTO INTL A","6158731","2023-10-30 18:00","2023","10","30","18:00","","3.1","","-1.2","","74","","","","30","","18","","24.1","","99.55","","","","","","NA"
"-79.63","43.68","TORONTO INTL A","6158731","2023-10-30 19:00","2023","10","30","19:00","","2.4","","-1.2","","78","","","","29","","19","","24.1","","99.65","","","","","","Mainly Clear"
"-79.63","43.68","TORONTO INTL A","6158731","2023-10-30 20:00","2023","10","30","20:00","","2.7","","-1.4","","74","","","","30","","21","","24.1","","99.74","","","","","","NA"
"-79.63","43.68","TORONTO INTL A","6158731","2023-10-30 21:00","2023","10","30","21:00","","1.0","","-1.5","","83","","","","28","","13","","24.1","","99.77","","","","","","NA"
"-79.63","43.68","TORONTO INTL A","6158731","2023-10-30 22:00","2023","10","30","22:00","","0.6","","-1.1","","89","","","","26","","16","","24.1","","99.79","","","","","","Mainly Clear"
"-79.63","43.68","TORONTO INTL A","6158731","2023-10-30 23:00","2023","10","30","23:00","","0.4","","-1.1","","90","","","","26","","18","","24.1","","99.79","","","","","","NA"
"-79.63","43.68","TORONTO INTL A","6158731","2023-10-31 00:00","2023","10","31","00:00","","-0.3","","-1.5","","92","","","","26","","14","","24.1","","99.81","","","","-5","","NA"
"-79.63","43.68","TORONTO INTL A","6158731","2023-10-31 01:00","2023","10","31","01:00","","-1.4","","-2.0","","95","","","","27","","9","","24.1","","99.81","","","","-5","","Mainly Clear"
"-79.63","43.68","TORONTO INTL A","6158731","2023-10-31 02:00","2023","10","31","02:00","","-0.7","","-2.2","","90","","","","25","","12","","24.1","","99.82","","","","-5","","NA"
"-79.63","43.68","TORONTO INTL A","6158731","2023-10-31 03:00","2023","10","31","03:00","","-0.1","","-0.9","","94","","","","25","","10","","24.1","","99.82","","","","-3","","NA"
"-79.63","43.68","TORONTO INTL A","6158731","2023-10-31 04:00","2023","10","31","04:00","","1.3","","-0.1","","90","","","","24","","8","","24.1","","99.80","","","","","","Mostly Cloudy"
"-79.63","43.68","TORONTO INTL A","6158731","2023-10-31 05:00","2023","10","31","05:00","","1.5","","0.0","","90","","","","24","","7","","24.1","","99.81","","","","","","NA"
"-79.63","43.68","TORONTO INTL A","6158731","2023-10-31 06:00","2023","10","31","06:00","","2.3","","-0.6","","81","","","","","","0","","24.1","","99.82","","","","","","NA"
"-79.63","43.68","TORONTO INTL A","6158731","2023-10-31 07:00","2023","10","31","07:00","","1.1","","-0.7","","87","","","","25","","7","","24.1","","99.83","","","","","","Mostly Cloudy"
"-79.63","43.68","TORONTO INTL A","6158731","2023-10-31 08:00","2023","10","31","08:00","","3.0","","-0.4","","79","","","","14","","3","","24.1","","99.85","","","","","","NA"
"-79.63","43.68","TORONTO INTL A","6158731","2023-10-31 09:00","2023","10","31","09:00","","3.9","","-0.9","","71","","","","21","","13","","24.1","","99.84","","","","","","NA"
"-79.63","43.68","TORONTO INTL A","6158731","2023-10-31 10:00","2023","10","31","10:00","","4.5","","-3.6","","56","","","","23","","12","","24.1","","99.79","","","","","","Mostly Cloudy"
"-79.63","43.68","TORONTO INTL A","6158731","2023-10-31 11:00","2023","10","31","11:00","","5.4","","-3.6","","52","","","","19","","11","","24.1","","99.72","","","","","","NA"
"-79.63","43.68","TORONTO INTL A","6158731","2023-10-31 12:00","2023","10","31","12:00","","6.0","","-4.9","","45","","","","23","","24","","24.1","","99.67","","","","","","NA"
"-79.63","43.68","TORONTO INTL A","6158731","2023-10-31 13:00","2023","10","31","13:00","","4.8","","-4.8","","50","","","","26","","25","","24.1","","99.61","","","","","","Mostly Cloudy"
"-79.63","43.68","TORONTO INTL A","6158731","2023-10-31 14:00","2023","10","31","14:00","","4.7","","-5.8","","46","","","","23","","18","","24.1","","99.55","","","","","","NA"
"-79.63","43.68","TORONTO INTL A","6158731","2023-10-31 15:00","2023","10","31","15:00","","5.4","","-5.1","","47","","","","24","","21","","24.1","","99.53","","","","","","NA"
"-79.63","43.68","TORONTO INTL A","6158731","2023-10-31 16:00","2023","10","31","16:00","","4.3","","-6.5","","45","","","","26","","17","","24.1","","99.51","","","","","","Mostly Cloudy"
"-79.63","43.68","TORONTO INTL A","6158731","2023-10-31 17:00","2023","10","31","17:00","","3.7","","-6.1","","49","","","","24","","15","","24.1","","99.50","","","","","","NA"
"-79.63","43.68","TORONTO INTL A","6158731","2023-10-31 18:00","2023","10","31","18:00","","3.6","","-5.6","","51","","","","27","","14","","24.1","","99.50","","","","","","NA"
"-79.63","43.68","TORONTO INTL A","6158731","2023-10-31 19:00","2023","10","31","19:00","","3.4","","-4.7","","55","","","","25","","18","","24.1","","99.53","","","","","","Mostly Cloudy"
"-79.63","43.68","TORONTO INTL A","6158731","2023-10-31 20:00","2023","10","31","20:00","","2.6","","-4.1","","62","","","","24","","13","","24.1","","99.50","","","","","","NA"
"-79.63","43.68","TORONTO INTL A","6158731","2023-10-31 21:00","2023","10","31","21:00","","0.8","","-3.9","","71","","","","29","","12","","24.1","","99.50","","","","","","NA"
"-79.63","43.68","TORONTO INTL A","6158731","2023-10-31 22:00","2023","10","31","22:00","","1.9","","-3.3","","69","","","","29","","12","","24.1","","99.52","","","","","","Mostly Cloudy"
"-79.63","43.68","TORONTO INTL A","6158731","2023-10-31 23:00","2023","10","31","23:00","","0.0","","-2.9","","81","","","","27","","14","","24.1","","99.51","","","","-4","","NA"
