"Longitude (x)","Latitude (y)","Station Name","Climate ID","Date/Time (LST)","Year","Month","Day","Time (LST)","Flag","Temp (°C)","Temp Flag","Dew Point Temp (°C)","Dew Point Temp Flag","Rel Hum (%)","Rel Hum Flag","Precip. Amount (mm)","Precip. Amount Flag","Wind Dir (10s deg)","Wind Dir Flag","Wind Spd (km/h)","Wind Spd Flag","Visibility (km)","Visibility Flag","Stn Press (kPa)","Stn Press Flag","Hmdx","Hmdx Flag","Wind Chill","Wind Chill Flag","Weather"
"-79.63","43.68","TORONTO INTL A","6158731","2023-12-01 00:00","2023","12","01","00:00","","9.3","","1.8","","59","","","","25","","18","","24.1","","99.10","","","","","","NA"
"-79.63","43.68","TORONTO INTL A","6158731","2023-12-01 01:00","2023","12","01","01:00","","9.0","","1.6","","60","","","","26","","17","","24.1","","99.12","","","","","","Clear"
"-79.63","43.68","TORONTO INTL A","6158731","2023-12-01 02:00","2023","12","01","02:00","","8.2","","1.7","","63","","","","29","","22","","24.1","","99.18","","","","","","NA"
"-79.63","43.68","TORONTO INTL A","6158731","2023-12-01 03:00","2023","12","01","03:00","","7.0","","2.9","","75","","","","26","","11","","24.1","","99.26","","","","","","NA"
"-79.63","43.68","TORONTO INTL A","6158731","2023-12-01 04:00","2023","12","01","04:00","","6.7","","3.1","","78","","","","29","","11","","24.1","","99.30","","","","","","Cloudy"
"-79.63","43.68","TORONTO INTL A","6158731","2023-12-01 05:00","2023","12","01","05:00","","6.0","","3.3","","83","","","","29","","10","","24.1","","99.37","","","","","","NA"
"-79.63","43.68","TORONTO INTL A","6158731","2023-12-01 06:00","2023","12","01","06:00","","5.5","","2.5","","80","","","","29","","8","","24.1","","99.40","","","","","","NA"
"-79.63","43.68","TORONTO INTL A","6158731","2023-12-01 07:00","2023","12","01","07:00","","5.8","","2.2","","78","","","","29","","8","","9.7","","99.49","","","","","","Fog"
"-79.63","43.68","TORONTO INTL A","6158731","2023-12-01 08:00","2023","12","01","08:00","","4.6","","0.6","","75","","","","36","","17","","16.1","","99.53","","","","","","Rain"
"-79.63","43.68","TORONTO INTL A","6158731","2023-12-01 09:00","2023","12","01","09:00","","2.9","","0.8","","86","","","","36","","17","","16.1","","99.59","","","","","","Rain"
"-79.63","43.68","TORONTO INTL A","6158731","2023-12-01 10:00","2023","12","01","10:00","","2.3","","0.7","","89","","","","2","","16","","16.1","","99.63","","","","","","Rain,Snow"
"-79.63","43.68","TORONTO INTL A","6158731","2023-12-01 11:00","2023","12","01","11:00","","1.2","","0.8","","97","","","","1","","13","","9.7","","99.59","","","","","","Rain,Snow"
"-79.63","43.68","TORONTO INTL A","6158731","2023-12-01 12:00","2023","12","01","12:00","","1.1","","1.1","","100","","","","4","","7","","8.1","","99.53","","","","","","Snow"
"-79.63","43.68","TORONTO INTL A","6158731","2023-12-01 13:00","2023","12","01","13:00","","0.4","","0.4","","100","","","","3","","6","","4.0","","99.46","","","","","","Snow"
"-79.63","43.68","TORONTO INTL A","6158731","2023-12-01 14:00","2023","12","01","14:00","","0.3","","0.3","","100","","","","1","","4","","2.4","","99.43","","","","","","Snow"
"-79.63","43.68","TORONTO INTL A","6158731","2023-12-01 15:00","2023","12","01","15:00","","0.3","","0.3","","100","","","","1","","11","","1.6","","99.37","","","","","","Snow"
"-79.63","43.68","TORONTO INTL A","6158731","2023-12-01 16:00","2023","12","01","16:00","","0.4","","0.4","","100","","","","2","","11","","2.8","","99.35","","","","","","Snow"
"-79.63","43.68","TORONTO INTL A","6158731","2023-12-01 17:00","2023","12","01","17:00","","0.3","","0.3","","100","","","","36","","12","","6.4","","99.35","","","","","","Snow"
"-79.63","43.68","TORONTO INTL A","6158731","2023-12-01 18:00","2023","12","01","18:00","","0.5","","0.4","","99","","","","2","","12","","9.7","","99.32","","","","","","Snow"
"-79.63","43.68","TORONTO INTL A","6158731","2023-12-01 19:00","2023","12","01","19:00","","0.8","","0.6","","99","","","","36","","9","","12.9","","99.32","","","","","","Cloudy"
"-79.63","43.68","TORONTO INTL A","6158731","2023-12-01 20:00","2023","12","01","20:00","","0.8","","0.7","","99","","","","2","","10","","9.7","","99.27","","","","","","Drizzle"
"-79.63","43.68","TORONTO INTL A","6158731","2023-12-01 21:00","2023","12","01","21:00","","1.0","","0.7","","98","","","","36","","10","","8.1","","99.25","","","","","","Drizzle,Fog"
"-79.63","43.68","TORONTO INTL A","6158731","2023-12-01 22:00","2023","12","01","22:00","","1.0","","1.0","","99","","","","36","","9","","6.4","","99.24","","","","","","Drizzle,Fog"
"-79.63","43.68","TORONTO INTL A","6158731","2023-12-01 23:00","2023","12","01","23:00","","1.3","","1.3","","100","","","","35","","7","","6.4","","99.24","","","","","","Drizzle,Fog"
"-79.63","43.68","TORONTO INTL A","6158731","2023-12-02 00:00","2023","12","02","00:00","","1.2","","1.1","","99","","","","35","","14","","6.4","","99.25","","","","","","Rain,Fog"
"-79.63","43.68","TORONTO INTL A","6158731","2023-12-02 01:00","2023","12","02","01:00","","1.2","","1.2","","100","","","","36","","11","","6.4","","99.19","","","","","","Rain,Fog"
"-79.63","43.68","TORONTO INTL A","6158731","2023-12-02 02:00","2023","12","02","02:00","","1.3","","1.3","","100","","","","36","","12","","6.4","","99.19","","","","","","Drizzle,Fog"
"-79.63","43.68","TORONTO INTL A","6158731","2023-12-02 03:00","2023","12","02","03:00","","1.3","","1.3","","100","","","","35","","11","","6.4","","99.22","","","","","","Drizzle,Fog"
"-79.63","43.68","TORONTO INTL A","6158731","2023-12-02 04:00","2023","12","02","04:00","","1.3","","1.3","","100","","","","36","","11","","6.4","","99.20","","","","","","Drizzle,Fog"
"-79.63","43.68","TORONTO INTL A","6158731","2023-12-02 05:00","2023","12","02","05:00","","1.4","","1.4","","100","","","","36","","9","","6.4","","99.24","","","","","","Drizzle,Fog"
"-79.63","43.68","TORONTO INTL A","6158731","2023-12-02 06:00","2023","12","02","06:00","","1.5","","1.5","","100","","","","36","","14","","4.8","","99.29","","","","","","Rain,Drizzle,Fog"
"-79.63","43.68","TORONTO INTL A","6158731","2023-12-02 07:00","2023","12","02","07:00","","1.6","","1.6","","100","","","","36","","14","","8.1","","99.34","","","","","","Rain,Fog"
"-79.63","43.68","TORONTO INTL A","6158731","2023-12-02 08:00","2023","12","02","08:00","","1.7","","1.6","","100","","","","36","","13","","8.1","","99.41","","","","","","Drizzle,Fog"
"-79.63","43.68","TORONTO INTL A","6158731","2023-12-02 09:00","2023","12","02","09:00","","1.7","","1.6","","99","","","","36","","16","","9.7","","99.49","","","","","","Rain,Fog"
"-79.63","43.68","TORONTO INTL A","6158731","2023-12-02 10:00","2023","12","02","10:00","","2.4","","2.2","","98","","","","35","","12","","8.1","","99.53","","","","","","Rain,Fog"
"-79.63","43.68","TORONTO INTL A","6158731","2023-12-02 11:00","2023","12","02","11:00","","2.4","","2.0","","97","","","","36","","13","","24.1","","99.55","","","","","","NA"
"-79.63","43.68","TORONTO INTL A","6158731","2023-12-02 12:00","2023","12","02","12:00","","2.6","","1.8","","94","","","","36","","10","","24.1","","99.53","","","","","","NA"
"-79.63","43.68","TORONTO INTL A","6158731","2023-12-02 13:00","2023","12","02","13:00","","2.9","","2.1","","95","","","","2","","9","","16.1","","99.56","","","","","","Cloudy"
"-79.63","43.68","TORONTO INTL A","6158731","2023-12-02 14:00","2023","12","02","14:00","","3.0","","2.3","","95","","","","2","","12","","24.1","","99.52","","","","","","NA"
"-79.63","43.68","TORONTO INTL A","6158731","2023-12-02 15:00","2023","12","02","15:00","","2.8","","1.7","","93","","","","35","","9","","19.3","","99.58","","","","","","NA"
"-79.63","43.68","TORONTO INTL A","6158731","2023-12-02 16:00","2023","12","02","16:00","","2.4","","1.5","","94","","","","1","","17","","19.3","","99.61","","","","","","Cloudy"
"-79.63","43.68","TORONTO INTL A","6158731","2023-12-02 17:00","2023","12","02","17:00","","2.2","","1.6","","96","","","","1","","14","","24.1","","99.66","","","","","","NA"
"-79.63","43.68","TORONTO INTL A","6158731","2023-12-02 18:00","2023","12","02","18:00","","2.2","","1.4","","95","","","","3","","12","","16.1","","99.66","","","","","","NA"
"-79.63","43.68","TORONTO INTL A","6158731","2023-12-02 19:00","2023","12","02","19:00","","1.9","","1.6","","98","","","","2","","14","","9.7","","99.65","","","","","","Drizzle,Fog"
"-79.63","43.68","TORONTO INTL A","6158731","2023-12-02 20:00","2023","12","02","20:00","","1.9","","1.6","","98","","","","5","","10","","9.7","","99.67","","","","","","Fog"
"-79.63","43.68","TORONTO INTL A","6158731","2023-12-02 21:00","2023","12","02","21:00","","1.9","","1.4","","97","","","","7","","10","","8.1","","99.62","","","","","","Fog"
"-79.63","43.68","TORONTO INTL A","6158731","2023-12-02 22:00","2023","12","02","22:00","","1.8","","1.5","","98","","","","6","","11","","8.1","","99.59","","","","","","Drizzle,Fog"
"-79.63","43.68","TORONTO INTL A","6158731","2023-12-02 23:00","2023","12","02","23:00","","2.0","","1.2","","95","","","","6","","8","","9.7","","99.55","","","","","","Fog"
"-79.63","43.68","TORONTO INTL A","6158731","2023-12-03 00:00","2023","12","03","00:00","","1.9","","1.4","","97","","","","6","","11","","8.1","","99.54","","","","","","Fog"
"-79.63","43.68","TORONTO INTL A","6158731","2023-12-03 01:00","2023","12","03","01:00","","1.7","","1.4","","98","","","","6","","10","","8.1","","99.49","","","","","","Fog"
"-79.63","43.68","TORONTO INTL A","6158731","2023-12-03 02:00","2023","12","03","02:00","","1.3","","1.0","","98","","","","6","","13","","8.1","","99.37","","","","","","Drizzle,Fog"
"-79.63","43.68","TORONTO INTL A","6158731","2023-12-03 03:00","2023","12","03","03:00","","1.2","","0.2","","93","","","","7","","13","","12.9","","99.31","","","","","","NA"
"-79.63","43.68","TORONTO INTL A","6158731","2023-12-03 04:00","2023","12","03","04:00","","1.1","","-0.1","","92","","","","5","","9","","16.1","","99.25","","","","","","Cloudy"
"-79.63","43.68","TORONTO INTL A","6158731","2023-12-03 05:00","2023","12","03","05:00","","0.8","","-0.8","","89","","","","4","","15","","16.1","","99.07","","","","","","NA"
"-79.63","43.68","TORONTO INTL A","6158731","2023-12-03 06:00","2023","12","03","06:00","","0.9","","-0.7","","89","","","","6","","13","","16.1","","99.05","","","","","","NA"
"-79.63","43.68","TORONTO INTL A","6158731","2023-12-03 07:00","2023","12","03","07:00","","0.8","","-0.1","","94","","","","4","","14","","16.1","","99.03","","","","","","Rain"
"-79.63","43.68","TORONTO INTL A","6158731","2023-12-03 08:00","2023","12","03","08:00","","0.9","","0.2","","95","","","","4","","15","","16.1","","98.89","","","","","","NA"
"-79.63","43.68","TORONTO INTL A","6158731","2023-12-03 09:00","2023","12","03","09:00","","1.3","","0.7","","96","","","","3","","13","","16.1","","98.87","","","","","","Rain"
"-79.63","43.68","TORONTO INTL A","6158731","2023-12-03 10:00","2023","12","03","10:00","","1.5","","1.2","","97","","","","4","","11","","16.1","","98.80","","","","","","Cloudy"
"-79.63","43.68","TORONTO INTL A","6158731","2023-12-03 11:00","2023","12","03","11:00","","1.8","","1.5","","97","","","","6","","11","","16.1","","98.67","","","","","","NA"
"-79.63","43.68","TORONTO INTL A","6158731","2023-12-03 12:00","2023","12","03","12:00","","2.1","","1.9","","99","","","","5","","14","","9.7","","98.54","","","","","","Fog"
"-79.63","43.68","TORONTO INTL A","6158731","2023-12-03 13:00","2023","12","03","13:00","","2.2","","2.2","","100","","","","36","","6","","3.2","","98.47","","","","","","Drizzle,Fog"
"-79.63","43.68","TORONTO INTL A","6158731","2023-12-03 14:00","2023","12","03","14:00","","2.3","","2.3","","100","","","","9","","5","","4.8","","98.38","","","","","","Drizzle,Fog"
"-79.63","43.68","TORONTO INTL A","6158731","2023-12-03 15:00","2023","12","03","15:00","","2.5","","2.5","","100","","","","5","","8","","6.4","","98.28","","","","","","Drizzle,Fog"
"-79.63","43.68","TORONTO INTL A","6158731","2023-12-03 16:00","2023","12","03","16:00","","2.5","","2.5","","100","","","","7","","4","","6.4","","98.22","","","","","","Fog"
"-79.63","43.68","TORONTO INTL A","6158731","2023-12-03 17:00","2023","12","03","17:00","","2.5","","2.5","","100","","","","10","","4","","2.0","","98.24","","","","","","Drizzle,Fog"
"-79.63","43.68","TORONTO INTL A","6158731","2023-12-03 18:00","2023","12","03","18:00","","2.2","","2.2","","100","","","","31","","12","","2.4","","98.23","","","","","","Rain,Fog"
"-79.63","43.68","TORONTO INTL A","6158731","2023-12-03 19:00","2023","12","03","19:00","","1.6","","1.6","","100","","","","31","","16","","4.8","","98.23","","","","","","Rain,Fog"
"-79.63","43.68","TORONTO INTL A","6158731","2023-12-03 20:00","2023","12","03","20:00","","1.5","","1.5","","99","","","","31","","12","","6.4","","98.25","","","","","","Drizzle,Fog"
"-79.63","43.68","TORONTO INTL A","6158731","2023-12-03 21:00","2023","12","03","21:00","","1.3","","1.2","","99","","","","28","","8","","4.8","","98.25","","","","","","Rain,Fog"
"-79.63","43.68","TORONTO INTL A","6158731","2023-12-03 22:00","2023","12","03","22:00","","1.6","","1.6","","100","","","","24","","4","","4.8","","98.28","","","","","","Rain,Fog"
"-79.63","43.68","TORONTO INTL A","6158731","2023-12-03 23:00","2023","12","03","23:00","","2.4","","2.4","","100","","","","28","","8","","9.7","","98.30","","","","","","Rain,Fog"
"-79.63","43.68","TORONTO INTL A","6158731","2023-12-04 00:00","2023","12","04","00:00","","3.0","","2.3","","96","","","","28","","19","","19.3","","98.29","","","","","","NA"
"-79.63","43.68","TORONTO INTL A","6158731","2023-12-04 01:00","2023","12","04","01:00","","2.6","","1.8","","94","","","","27","","18","","24.1","","98.30","","","","","","Cloudy"
"-79.63","43.68","TORONTO INTL A","6158731","2023-12-04 02:00","2023","12","04","02:00","","2.3","","0.9","","90","","","","28","","16","","24.1","","98.40","","","","","","NA"
"-79.63","43.68","TORONTO INTL A","6158731","2023-12-04 03:00","2023","12","04","03:00","","2.2","","0.4","","88","","","","28","","16","","24.1","","98.48","","","","","","NA"
"-79.63","43.68","TORONTO INTL A","6158731","2023-12-04 04:00","2023","12","04","04:00","","2.3","","0.7","","89","","","","28","","16","","24.1","","98.52","","","","","","Cloudy"
"-79.63","43.68","TORONTO INTL A","6158731","2023-12-04 05:00","2023","12","04","05:00","","2.1","","-0.3","","84","","","","30","","22","","24.1","","98.53","","","","","","NA"
"-79.63","43.68","TORONTO INTL A","6158731","2023-12-04 06:00","2023","12","04","06:00","","1.9","","-0.6","","83","","","","30","","17","","24.1","","98.59","","","","","","NA"
"-79.63","43.68","TORONTO INTL A","6158731","2023-12-04 07:00","2023","12","04","07:00","","1.4","","-1.4","","81","","","","30","","23","","24.1","","98.65","","","","","","Mostly Cloudy"
"-79.63","43.68","TORONTO INTL A","6158731","2023-12-04 08:00","2023","12","04","08:00","","1.1","","-2.0","","79","","","","31","","21","","24.1","","98.73","","","","","","NA"
"-79.63","43.68","TORONTO INTL A","6158731","2023-12-04 09:00","2023","12","04","09:00","","1.1","","-2.3","","78","","","","29","","17","","24.1","","98.78","","","","","","NA"
"-79.63","43.68","TORONTO INTL A","6158731","2023-12-04 10:00","2023","12","04","10:00","","1.2","","-2.4","","77","","","","29","","23","","24.1","","98.85","","","","","","Snow"
"-79.63","43.68","TORONTO INTL A","6158731","2023-12-04 11:00","2023","12","04","11:00","","1.8","","-2.5","","73","","","","30","","22","","24.1","","98.84","","","","","","Snow"
"-79.63","43.68","TORONTO INTL A","6158731","2023-12-04 12:00","2023","12","04","12:00","","1.8","","-2.5","","73","","","","30","","23","","24.1","","98.81","","","","","","NA"
"-79.63","43.68","TORONTO INTL A","6158731","2023-12-04 13:00","2023","12","04","13:00","","3.0","","-1.8","","71","","","","30","","23","","24.1","","98.81","","","","","","Mostly Cloudy"
"-79.63","43.68","TORONTO INTL A","6158731","2023-12-04 14:00","2023","12","04","14:00","","2.6","","-2.8","","68","","","","33","","29","","24.1","","98.85","","","","","","NA"
"-79.63","43.68","TORONTO INTL A","6158731","2023-12-04 15:00","2023","12","04","15:00","","2.3","","-2.9","","68","","","","32","","23","","24.1","","98.92","","","","","","NA"
"-79.63","43.68","TORONTO INTL A","6158731","2023-12-04 16:00","2023","12","04","16:00","","2.3","","-2.8","","69","","","","33","","23","","24.1","","99.01","","","","","","Cloudy"
"-79.63","43.68","TORONTO INTL A","6158731","2023-12-04 17:00","2023","12","04","17:00","","2.1","","-2.9","","69","","","","33","","20","","24.1","","99.10","","","","","","NA"
"-79.63","43.68","TORONTO INTL A","6158731","2023-12-04 18:00","2023","12","04","18:00","","1.8","","-3.0","","70","","","","32","","17","","24.1","","99.18","","","","","","NA"
"-79.63","43.68","TORONTO INTL A","6158731","2023-12-04 19:00","2023","12","04","19:00","","1.8","","-2.7","","72","","","","32","","13","","24.1","","99.25","","","","","","Mostly Cloudy"
"-79.63","43.68","TORONTO INTL A","6158731","2023-12-04 20:00","2023","12","04","20:00","","1.4","","-4.0","","68","","","","32","","23","","24.1","","99.29","","","","","","NA"
"-79.63","43.68","TORONTO INTL A","6158731","2023-12-04 21:00","2023","12","04","21:00","","1.1","","-4.9","","65","","","","31","","27","","24.1","","99.37","","","","","","NA"
"-79.63","43.68","TORONTO INTL A","6158731","2023-12-04 22:00","2023","12","04","22:00","","1.1","","-4.8","","65","","","","31","","20","","24.1","","99.39","","","","","","Mostly Cloudy"
"-79.63","43.68","TORONTO INTL A","6158731","2023-12-04 23:00","2023","12","04","23:00","","0.4","","-5.0","","67","","","","29","","18","","24.1","","99.41","","","","","","NA"
"-79.63","43.68","TORONTO INTL A","6158731","2023-12-05 00:00","2023","12","05","00:00","","0.7","","-4.8","","67","","","","28","","19","","24.1","","99.48","","","","","","NA"
"-79.63","43.68","TORONTO INTL A","6158731","2023-12-05 01:00","2023","12","05","01:00","","0.9","","-5.2","","64","","","","30","","24","","24.1","","99.50","","","","","","Cloudy"
"-79.63","43.68","TORONTO INTL A","6158731","2023-12-05 02:00","2023","12","05","02:00","","0.8","","-4.6","","67","","","","30","","16","","24.1","","99.55","","","","","","NA"
"-79.63","43.68","TORONTO INTL A","6158731","2023-12-05 03:00","2023","12","05","03:00","","0.8","","-5.2","","64","","","","31","","18","","24.1","","99.56","","","","","","NA"
"-79.63","43.68","TORONTO INTL A","6158731","2023-12-05 04:00","2023","12","05","04:00","","0.7","","-4.7","","68","","","","31","","9","","24.1","","99.55","","","","","","Cloudy"
"-79.63","43.68","TORONTO INTL A","6158731","2023-12-05 05:00","2023","12","05","05:00","","0.5","","-4.1","","72","","","","24","","9","","24.1","","99.57","","","","","","NA"
"-79.63","43.68","TORONTO INTL A","6158731","2023-12-05 06:00","2023","12","05","06:00","","0.8","","-4.2","","69","","","","23","","7","","24.1","","99.54","","","","","","NA"
"-79.63","43.68","TORONTO INTL A","6158731","2023-12-05 07:00","2023","12","05","07:00","","1.4","","-4.5","","65","","","","31","","12","","24.1","","99.58","","","","","","Cloudy"
"-79.63","43.68","TORONTO INTL A","6158731","2023-12-05 08:00","2023","12","05","08:00","","0.9","","-3.7","","72","","","","25","","13","","24.1","","99.62","","","","","","NA"
"-79.63","43.68","TORONTO INTL A","6158731","2023-12-05 09:00","2023","12","05","09:00","","1.2","","-3.4","","71","","","","26","","9","","24.1","","99.62","","","","","","NA"
"-79.63","43.68","TORONTO INTL A","6158731","2023-12-05 10:00","2023","12","05","10:00","","1.2","","-2.6","","76","","","","26","","7","","24.1","","99.66","","","","","","Cloudy"
"-79.63","43.68","TORONTO INTL A","6158731","2023-12-05 11:00","2023","12","05","11:00","","1.8","","-3.3","","69","","","","22","","7","","24.1","","99.64","","","","","","NA"
"-79.63","43.68","TORONTO INTL A","6158731","2023-12-05 12:00","2023","12","05","12:00","","2.2","","-4.1","","63","","","","24","","5","","24.1","","99.54","","","","","","NA"
"-79.63","43.68","TORONTO INTL A","6158731","2023-12-05 13:00","2023","12","05","13:00","","2.3","","-3.9","","63","","","","","","0","","24.1","","99.51","","","","","","Cloudy"
"-79.63","43.68","TORONTO INTL A","6158731","2023-12-05 14:00","2023","12","05","14:00","","2.0","","-4.4","","62","","","","","","0","","24.1","","99.49","","","","","","NA"
"-79.63","43.68","TORONTO INTL A","6158731","2023-12-05 15:00","2023","12","05","15:00","","1.5","","-2.8","","73","","","","17","","4","","24.1","","99.50","","","","","","NA"
"-79.63","43.68","TORONTO INTL A","6158731","2023-12-05 16:00","2023","12","05","16:00","","1.1","","-2.1","","79","","","","11","","6","","24.1","","99.54","","","","","","Snow"
"-79.63","43.68","TORONTO INTL A","6158731","2023-12-05 17:00","2023","12","05","17:00","","1.1","","-0.7","","88","","","","12","","8","","24.1","","99.58","","","","","","NA"
"-79.63","43.68","TORONTO INTL A","6158731","2023-12-05 18:00","2023","12","05","18:00","","1.0","","-0.7","","89","","","","12","","4","","24.1","","99.60","","","","","","Snow"
"-79.63","43.68","TORONTO INTL A","6158731","2023-12-05 19:00","2023","12","05","19:00","","1.1","","-0.5","","89","","","","12","","5","","24.1","","99.62","","","","","","Snow"
"-79.63","43.68","TORONTO INTL A","6158731","2023-12-05 20:00","2023","12","05","20:00","","0.7","","0.0","","95","","","","10","","7","","16.1","","99.63","","","","","","Snow"
"-79.63","43.68","TORONTO INTL A","6158731","2023-12-05 21:00","2023","12","05","21:00","","0.5","","-0.3","","94","","","","11","","7","","19.3","","99.64","","","","","","Snow"
"-79.63","43.68","TORONTO INTL A","6158731","2023-12-05 22:00","2023","12","05","22:00","","0.2","","-0.3","","96","","","","7","","5","","16.1","","99.65","","","","","","Snow"
"-79.63","43.68","TORONTO INTL A","6158731","2023-12-05 23:00","2023","12","05","23:00","","0.2","","-0.7","","94","","","","9","","5","","16.1","","99.66","","","","","","Snow"
"-79.63","43.68","TORONTO INTL A","6158731","2023-12-06 00:00","2023","12","06","00:00","","0.0","","-2.0","","87","","","","6","","9","","19.3","","99.69","","","","-3","","Snow"
"-79.63","43.68","TORONTO INTL A","6158731","2023-12-06 01:00","2023","12","06","01:00","","-0.2","","-2.5","","84","","","","7","","7","","24.1","","99.68","","","","-3","","Snow"
"-79.63","43.68","TORONTO INTL A","6158731","2023-12-06 02:00","2023","12","06","02:00","","-0.3","","-2.6","","84","","","","36","","9","","24.1","","99.71","","","","-3","","Snow"
"-79.63","43.68","TORONTO INTL A","6158731","2023-12-06 03:00","2023","12","06","03:00","","-0.2","","-2.6","","84","","","","34","","7","","24.1","","99.73","","","","-3","","Snow"
"-79.63","43.68","TORONTO INTL A","6158731","2023-12-06 04:00","2023","12","06","04:00","","-0.6","","-2.6","","86","","","","36","","12","","24.1","","99.73","","","","-5","","Cloudy"
"-79.63","43.68","TORONTO INTL A","6158731","2023-12-06 05:00","2023","12","06","05:00","","-0.7","","-3.1","","84","","","","35","","17","","24.1","","99.75","","","","-6","","NA"
"-79.63","43.68","TORONTO INTL A","6158731","2023-12-06 06:00","2023","12","06","06:00","","-1.2","","-4.0","","81","","","","35","","18","","24.1","","99.79","","","","-6","","NA"
"-79.63","43.68","TORONTO INTL A","6158731","2023-12-06 07:00","2023","12","06","07:00","","-1.7","","-5.0","","78","","","","36","","20","","24.1","","99.84","","","","-7","","Mostly Cloudy"
"-79.63","43.68","TORONTO INTL A","6158731","2023-12-06 08:00","2023","12","06","08:00","","-1.9","","-4.7","","81","","","","36","","22","","24.1","","99.89","","","","-8","","NA"
"-79.63","43.68","TORONTO INTL A","6158731","2023-12-06 09:00","2023","12","06","09:00","","-1.8","","-5.4","","76","","","","34","","17","","24.1","","99.95","","","","-7","","NA"
"-79.63","43.68","TORONTO INTL A","6158731","2023-12-06 10:00","2023","12","06","10:00","","-1.4","","-5.8","","72","","","","34","","18","","24.1","","100.00","","","","-7","","Mostly Cloudy"
"-79.63","43.68","TORONTO INTL A","6158731","2023-12-06 11:00","2023","12","06","11:00","","-1.2","","-5.7","","72","","","","34","","16","","24.1","","100.01","","","","-6","","NA"
"-79.63","43.68","TORONTO INTL A","6158731","2023-12-06 12:00","2023","12","06","12:00","","-0.9","","-6.6","","65","","","","33","","18","","24.1","","100.00","","","","-6","","NA"
"-79.63","43.68","TORONTO INTL A","6158731","2023-12-06 13:00","2023","12","06","13:00","","0.1","","-5.6","","66","","","","32","","21","","24.1","","99.93","","","","","","Mostly Cloudy"
"-79.63","43.68","TORONTO INTL A","6158731","2023-12-06 14:00","2023","12","06","14:00","","-0.1","","-6.4","","62","","","","33","","15","","24.1","","99.87","","","","-5","","NA"
"-79.63","43.68","TORONTO INTL A","6158731","2023-12-06 15:00","2023","12","06","15:00","","0.2","","-6.6","","60","","","","32","","21","","24.1","","99.92","","","","","","NA"
"-79.63","43.68","TORONTO INTL A","6158731","2023-12-06 16:00","2023","12","06","16:00","","-1.1","","-7.2","","64","","","","31","","18","","24.1","","99.97","","","","-6","","Mostly Cloudy"
"-79.63","43.68","TORONTO INTL A","6158731","2023-12-06 17:00","2023","12","06","17:00","","-1.4","","-6.8","","67","","","","32","","17","","24.1","","99.92","","","","-7","","NA"
"-79.63","43.68","TORONTO INTL A","6158731","2023-12-06 18:00","2023","12","06","18:00","","-2.8","","-7.5","","70","","","","32","","8","","24.1","","99.91","","","","-6","","NA"
"-79.63","43.68","TORONTO INTL A","6158731","2023-12-06 19:00","2023","12","06","19:00","","-2.8","","-7.4","","71","","","","30","","4","","24.1","","99.90","","","","-4","","Mainly Clear"
"-79.63","43.68","TORONTO INTL A","6158731","2023-12-06 20:00","2023","12","06","20:00","","-2.7","","-7.4","","70","","","","25","","5","","24.1","","99.91","","","","-5","","NA"
"-79.63","43.68","TORONTO INTL A","6158731","2023-12-06 21:00","2023","12","06","21:00","","-1.9","","-6.6","","71","","","","17","","3","","24.1","","99.86","","","","-3","","NA"
"-79.63","43.68","TORONTO INTL A","6158731","2023-12-06 22:00","2023","12","06","22:00","","-1.9","","-6.6","","71","","","","16","","7","","24.1","","99.75","","","","-5","","Mostly Cloudy"
"-79.63","43.68","TORONTO INTL A","6158731","2023-12-06 23:00","2023","12","06","23:00","","-1.5","","-6.2","","70","","","","15","","8","","24.1","","99.70","","","","-5","","NA"
"-79.63","43.68","TORONTO INTL A","6158731","2023-12-07 00:00","2023","12","07","00:00","","-0.7","","-5.1","","72","","","","15","","7","","24.1","","99.62","","","","-3","","NA"
"-79.63","43.68","TORONTO INTL A","6158731","2023-12-07 01:00","2023","12","07","01:00","","-0.1","","-4.1","","75","","","","18","","6","","9.7","","99.53","","","","-2","","Snow"
"-79.63","43.68","TORONTO INTL A","6158731","2023-12-07 02:00","2023","12","07","02:00","","-0.8","","-1.0","","98","","","","19","","9","","0.8","","99.46","","","","-4","","Moderate Snow"
"-79.63","43.68","TORONTO INTL A","6158731","2023-12-07 03:00","2023","12","07","03:00","","-0.2","","-0.3","","100","","","","18","","9","","2.4","","99.38","","","","-3","","Snow"
"-79.63","43.68","TORONTO INTL A","6158731","2023-12-07 04:00","2023","12","07","04:00","","-0.3","","-0.3","","100","","","","18","","8","","1.2","","99.26","","","","-3","","Snow"
"-79.63","43.68","TORONTO INTL A","6158731","2023-12-07 05:00","2023","12","07","05:00","","0.4","","0.3","","100","","","","22","","14","","4.8","","99.18","","","","","","Snow"
"-79.63","43.68","TORONTO INTL A","6158731","2023-12-07 06:00","2023","12","07","06:00","","0.8","","-0.1","","94","","","","22","","14","","8.1","","99.13","","","","","","Fog"
"-79.63","43.68","TORONTO INTL A","6158731","2023-12-07 07:00","2023","12","07","07:00","","1.2","","0.1","","93","","","","21","","12","","8.1","","99.13","","","","","","Fog"
"-79.63","43.68","TORONTO INTL A","6158731","2023-12-07 08:00","2023","12","07","08:00","","1.2","","0.6","","96","","","","22","","14","","4.8","","99.02","","","","","","Drizzle,Fog"
"-79.63","43.68","TORONTO INTL A","6158731","2023-12-07 09:00","2023","12","07","09:00","","1.5","","0.0","","90","","","","24","","19","","9.7","","99.03","","","","","","Fog"
"-79.63","43.68","TORONTO INTL A","6158731","2023-12-07 10:00","2023","12","07","10:00","","1.8","","0.0","","88","","","","25","","18","","9.7","","99.04","","","","","","Fog"
"-79.63","43.68","TORONTO INTL A","6158731","2023-12-07 11:00","2023","12","07","11:00","","2.7","","0.5","","86","","","","26","","24","","16.1","","99.00","","","","","","NA"
"-79.63","43.68","TORONTO INTL A","6158731","2023-12-07 12:00","2023","12","07","12:00","","3.4","","1.0","","84","","","","28","","11","","16.1","","98.98","","","","","","NA"
"-79.63","43.68","TORONTO INTL A","6158731","2023-12-07 13:00","2023","12","07","13:00","","3.5","","1.1","","84","","","","26","","9","","24.1","","98.98","","","","","","Cloudy"
"-79.63","43.68","TORONTO INTL A","6158731","2023-12-07 14:00","2023","12","07","14:00","","3.6","","1.4","","85","","","","27","","14","","9.7","","99.00","","","","","","Fog"
"-79.63","43.68","TORONTO INTL A","6158731","2023-12-07 15:00","2023","12","07","15:00","","3.9","","1.7","","85","","","","25","","14","","9.7","","99.02","","","","","","Fog"
"-79.63","43.68","TORONTO INTL A","6158731","2023-12-07 16:00","2023","12","07","16:00","","3.9","","1.9","","87","","","","27","","15","","9.7","","99.10","","","","","","Fog"
"-79.63","43.68","TORONTO INTL A","6158731","2023-12-07 17:00","2023","12","07","17:00","","3.7","","1.7","","87","","","","27","","14","","9.7","","99.15","","","","","","Fog"
"-79.63","43.68","TORONTO INTL A","6158731","2023-12-07 18:00","2023","12","07","18:00","","3.7","","1.8","","87","","","","27","","16","","9.7","","99.21","","","","","","Fog"
"-79.63","43.68","TORONTO INTL A","6158731","2023-12-07 19:00","2023","12","07","19:00","","3.7","","1.9","","88","","","","25","","10","","9.7","","99.29","","","","","","Fog"
"-79.63","43.68","TORONTO INTL A","6158731","2023-12-07 20:00","2023","12","07","20:00","","3.8","","1.9","","88","","","","25","","12","","9.7","","99.31","","","","","","Fog"
"-79.63","43.68","TORONTO INTL A","6158731","2023-12-07 21:00","2023","12","07","21:00","","3.9","","1.8","","86","","","","24","","7","","9.7","","99.34","","","","","","Fog"
"-79.63","43.68","TORONTO INTL A","6158731","2023-12-07 22:00","2023","12","07","22:00","","4.2","","1.5","","83","","","","23","","11","","19.3","","99.35","","","","","","Cloudy"
"-79.63","43.68","TORONTO INTL A","6158731","2023-12-07 23:00","2023","12","07","23:00","","4.1","","1.6","","83","","","","23","","7","","19.3","","99.37","","","","","","NA"
"-79.63","43.68","TORONTO INTL A","6158731","2023-12-08 00:00","2023","12","08","00:00","","4.2","","1.3","","81","","","","23","","5","","16.1","","99.39","","","","","","NA"
"-79.63","43.68","TORONTO INTL A","6158731","2023-12-08 01:00","2023","12","08","01:00","","4.4","","1.4","","81","","","","15","","4","","16.1","","99.39","","","","","","Cloudy"
"-79.63","43.68","TORONTO INTL A","6158731","2023-12-08 02:00","2023","12","08","02:00","","4.2","","1.3","","81","","","","11","","5","","16.1","","99.44","","","","","","NA"
"-79.63","43.68","TORONTO INTL A","6158731","2023-12-08 03:00","2023","12","08","03:00","","4.2","","1.4","","82","","","","11","","5","","16.1","","99.44","","","","","","NA"
"-79.63","43.68","TORONTO INTL A","6158731","2023-12-08 04:00","2023","12","08","04:00","","3.4","","1.3","","86","","","","15","","7","","9.7","","99.40","","","","","","Fog"
"-79.63","43.68","TORONTO INTL A","6158731","2023-12-08 05:00","2023","12","08","05:00","","3.6","","2.9","","95","","","","11","","10","","6.4","","99.42","","","","","","Fog"
"-79.63","43.68","TORONTO INTL A","6158731","2023-12-08 06:00","2023","12","08","06:00","","3.7","","2.6","","93","","","","10","","9","","6.4","","99.46","","","","","","Fog"
"-79.63","43.68","TORONTO INTL A","6158731","2023-12-08 07:00","2023","12","08","07:00","","4.0","","3.8","","98","","","","9","","12","","9.7","","99.45","","","","","","Fog"
"-79.63","43.68","TORONTO INTL A","6158731","2023-12-08 08:00","2023","12","08","08:00","","4.2","","3.7","","97","","","","11","","18","","6.4","","99.44","","","","","","Fog"
"-79.63","43.68","TORONTO INTL A","6158731","2023-12-08 09:00","2023","12","08","09:00","","4.5","","3.7","","95","","","","11","","17","","6.4","","99.44","","","","","","Fog"
"-79.63","43.68","TORONTO INTL A","6158731","2023-12-08 10:00","2023","12","08","10:00","","5.0","","3.2","","88","","","","11","","21","","6.4","","99.41","","","","","","Fog"
"-79.63","43.68","TORONTO INTL A","6158731","2023-12-08 11:00","2023","12","08","11:00","","6.0","","3.1","","82","","","","12","","17","","16.1","","99.34","","","","","","NA"
"-79.63","43.68","TORONTO INTL A","6158731","2023-12-08 12:00","2023","12","08","12:00","","6.0","","2.2","","76","","","","11","","21","","24.1","","99.26","","","","","","NA"
"-79.63","43.68","TORONTO INTL A","6158731","2023-12-08 13:00","2023","12","08","13:00","","6.7","","1.8","","71","","","","13","","16","","24.1","","99.20","","","","","","Clear"
"-79.63","43.68","TORONTO INTL A","6158731","2023-12-08 14:00","2023","12","08","14:00","","7.1","","1.9","","69","","","","11","","16","","24.1","","99.15","","","","","","NA"
"-79.63","43.68","TORONTO INTL A","6158731","2023-12-08 15:00","2023","12","08","15:00","","6.0","","2.5","","78","","","","8","","14","","24.1","","99.14","","","","","","NA"
"-79.63","43.68","TORONTO INTL A","6158731","2023-12-08 16:00","2023","12","08","16:00","","5.3","","2.8","","84","","","","11","","16","","24.1","","99.17","","","","","","Mostly Cloudy"
"-79.63","43.68","TORONTO INTL A","6158731","2023-12-08 17:00","2023","12","08","17:00","","5.3","","2.8","","84","","","","11","","12","","24.1","","99.22","","","","","","NA"
"-79.63","43.68","TORONTO INTL A","6158731","2023-12-08 18:00","2023","12","08","18:00","","5.7","","3.2","","84","","","","10","","10","","24.1","","99.23","","","","","","NA"
"-79.63","43.68","TORONTO INTL A","6158731","2023-12-08 19:00","2023","12","08","19:00","","6.3","","3.4","","81","","","","9","","8","","24.1","","99.25","","","","","","Mostly Cloudy"
"-79.63","43.68","TORONTO INTL A","6158731","2023-12-08 20:00","2023","12","08","20:00","","6.6","","3.6","","81","","","","10","","7","","24.1","","99.24","","","","","","NA"
"-79.63","43.68","TORONTO INTL A","6158731","2023-12-08 21:00","2023","12","08","21:00","","6.7","","3.8","","81","","","","9","","5","","24.1","","99.23","","","","","","NA"
"-79.63","43.68","TORONTO INTL A","6158731","2023-12-08 22:00","2023","12","08","22:00","","6.9","","3.7","","80","","","","11","","7","","24.1","","99.24","","","","","","Cloudy"
"-79.63","43.68","TORONTO INTL A","6158731","2023-12-08 23:00","2023","12","08","23:00","","7.2","","3.7","","78","","","","9","","3","","24.1","","99.23","","","","","","NA"
"-79.63","43.68","TORONTO INTL A","6158731","2023-12-09 00:00","2023","12","09","00:00","","7.2","","3.8","","79","","","","9","","7","","24.1","","99.22","","","","","","NA"
"-79.63","43.68","TORONTO INTL A","6158731","2023-12-09 01:00","2023","12","09","01:00","","7.2","","3.7","","79","","","","9","","6","","24.1","","99.22","","","","","","Mostly Cloudy"
"-79.63","43.68","TORONTO INTL A","6158731","2023-12-09 02:00","2023","12","09","02:00","","7.0","","3.6","","79","","","","11","","9","","24.1","","99.23","","","","","","NA"
"-79.63","43.68","TORONTO INTL A","6158731","2023-12-09 03:00","2023","12","09","03:00","","7.2","","3.7","","78","","","","9","","5","","24.1","","99.25","","","","","","NA"
"-79.63","43.68","TORONTO INTL A","6158731","2023-12-09 04:00","2023","12","09","04:00","","7.5","","3.7","","77","","","","13","","7","","24.1","","99.24","","","","","","Cloudy"
"-79.63","43.68","TORONTO INTL A","6158731","2023-12-09 05:00","2023","12","09","05:00","","7.8","","3.7","","76","","","","10","","7","","24.1","","99.20","","","","","","NA"
"-79.63","43.68","TORONTO INTL A","6158731","2023-12-09 06:00","2023","12","09","06:00","","8.2","","3.8","","73","","","","14","","7","","24.1","","99.21","","","","","","NA"
"-79.63","43.68","TORONTO INTL A","6158731","2023-12-09 07:00","2023","12","09","07:00","","8.4","","3.5","","71","","","","14","","11","","24.1","","99.20","","","","","","Mostly Cloudy"
"-79.63","43.68","TORONTO INTL A","6158731","2023-12-09 08:00","2023","12","09","08:00","","8.8","","3.2","","68","","","","14","","10","","24.1","","99.24","","","","","","NA"
"-79.63","43.68","TORONTO INTL A","6158731","2023-12-09 09:00","2023","12","09","09:00","","9.7","","3.0","","63","","","","16","","11","","24.1","","99.24","","","","","","NA"
"-79.63","43.68","TORONTO INTL A","6158731","2023-12-09 10:00","2023","12","09","10:00","","10.0","","3.2","","63","","","","16","","9","","24.1","","99.22","","","","","","Cloudy"
"-79.63","43.68","TORONTO INTL A","6158731","2023-12-09 11:00","2023","12","09","11:00","","11.2","","3.5","","59","","","","16","","10","","24.1","","99.18","","","","","","NA"
"-79.63","43.68","TORONTO INTL A","6158731","2023-12-09 12:00","2023","12","09","12:00","","11.0","","3.3","","59","","","","15","","12","","24.1","","99.09","","","","","","NA"
"-79.63","43.68","TORONTO INTL A","6158731","2023-12-09 13:00","2023","12","09","13:00","","11.7","","6.9","","72","","","","20","","19","","24.1","","99.03","","","","","","Rain"
"-79.63","43.68","TORONTO INTL A","6158731","2023-12-09 14:00","2023","12","09","14:00","","12.1","","7.2","","72","","","","18","","13","","24.1","","98.95","","","","","","NA"
"-79.63","43.68","TORONTO INTL A","6158731","2023-12-09 15:00","2023","12","09","15:00","","12.2","","6.6","","69","","","","18","","18","","24.1","","98.92","","","","","","NA"
"-79.63","43.68","TORONTO INTL A","6158731","2023-12-09 16:00","2023","12","09","16:00","","12.8","","7.8","","71","","","","19","","16","","24.1","","98.94","","","","","","Cloudy"
"-79.63","43.68","TORONTO INTL A","6158731","2023-12-09 17:00","2023","12","09","17:00","","13.1","","8.7","","75","","","","20","","22","","24.1","","98.96","","","","","","NA"
"-79.63","43.68","TORONTO INTL A","6158731","2023-12-09 18:00","2023","12","09","18:00","","12.3","","9.0","","80","","","","19","","14","","24.1","","98.91","","","","","","NA"
"-79.63","43.68","TORONTO INTL A","6158731","2023-12-09 19:00","2023","12","09","19:00","","12.3","","9.2","","81","","","","17","","14","","24.1","","98.91","","","","","","Mostly Cloudy"
"-79.63","43.68","TORONTO INTL A","6158731","2023-12-09 20:00","2023","12","09","20:00","","11.7","","10.2","","91","","","","18","","15","","19.3","","98.90","","","","","","Rain"
"-79.63","43.68","TORONTO INTL A","6158731","2023-12-09 21:00","2023","12","09","21:00","","10.9","","10.9","","100","","","","15","","10","","16.1","","98.76","","","","","","Rain"
"-79.63","43.68","TORONTO INTL A","6158731","2023-12-09 22:00","2023","12","09","22:00","","10.4","","10.4","","100","","","","14","","9","","9.7","","98.70","","","","","","Rain,Fog"
"-79.63","43.68","TORONTO INTL A","6158731","2023-12-09 23:00","2023","12","09","23:00","","9.7","","9.7","","100","","","","14","","9","","4.8","","98.67","","","","","","Rain,Fog"
"-79.63","43.68","TORONTO INTL A","6158731","2023-12-10 00:00","2023","12","10","00:00","","9.9","","9.9","","100","","","","16","","11","","2.0","","98.55","","","","","","Rain,Fog"
"-79.63","43.68","TORONTO INTL A","6158731","2023-12-10 01:00","2023","12","10","01:00","","9.7","","9.7","","100","","","","14","","4","","1.6","","98.48","","","","","","Fog"
"-79.63","43.68","TORONTO INTL A","6158731","2023-12-10 02:00","2023","12","10","02:00","","8.2","","7.8","","97","","","","30","","18","","16.1","","98.58","","","","","","Rain Showers"
"-79.63","43.68","TORONTO INTL A","6158731","2023-12-10 03:00","2023","12","10","03:00","","7.9","","6.4","","90","","","","31","","14","","24.1","","98.63","","","","","","NA"
"-79.63","43.68","TORONTO INTL A","6158731","2023-12-10 04:00","2023","12","10","04:00","","6.7","","4.1","","84","","","","28","","21","","24.1","","98.67","","","","","","Mostly Cloudy"
"-79.63","43.68","TORONTO INTL A","6158731","2023-12-10 05:00","2023","12","10","05:00","","5.0","","2.1","","82","","","","27","","16","","24.1","","98.69","","","","","","NA"
"-79.63","43.68","TORONTO INTL A","6158731","2023-12-10 06:00","2023","12","10","06:00","","3.8","","1.9","","88","","","","24","","12","","24.1","","98.77","","","","","","NA"
"-79.63","43.68","TORONTO INTL A","6158731","2023-12-10 07:00","2023","12","10","07:00","","4.1","","1.8","","85","","","","22","","13","","24.1","","98.81","","","","","","Mainly Clear"
"-79.63","43.68","TORONTO INTL A","6158731","2023-12-10 08:00","2023","12","10","08:00","","4.2","","1.1","","81","","","","22","","14","","24.1","","98.88","","","","","","NA"
"-79.63","43.68","TORONTO INTL A","6158731","2023-12-10 09:00","2023","12","10","09:00","","4.3","","1.8","","83","","","","23","","13","","24.1","","98.95","","","","","","NA"
"-79.63","43.68","TORONTO INTL A","6158731","2023-12-10 10:00","2023","12","10","10:00","","5.0","","1.3","","77","","","","23","","20","","24.1","","98.99","","","","","","Mostly Cloudy"
"-79.63","43.68","TORONTO INTL A","6158731","2023-12-10 11:00","2023","12","10","11:00","","5.3","","0.5","","71","","","","27","","21","","24.1","","98.98","","","","","","NA"
"-79.63","43.68","TORONTO INTL A","6158731","2023-12-10 12:00","2023","12","10","12:00","","5.0","","-1.3","","64","","","","26","","28","","24.1","","98.99","","","","","","NA"
"-79.63","43.68","TORONTO INTL A","6158731","2023-12-10 13:00","2023","12","10","13:00","","5.0","","-1.4","","64","","","","27","","16","","24.1","","98.95","","","","","","Cloudy"
"-79.63","43.68","TORONTO INTL A","6158731","2023-12-10 14:00","2023","12","10","14:00","","4.8","","-1.4","","64","","","","26","","17","","24.1","","98.95","","","","","","NA"
"-79.63","43.68","TORONTO INTL A","6158731","2023-12-10 15:00","2023","12","10","15:00","","4.8","","-2.2","","61","","","","27","","21","","24.1","","98.96","","","","","","NA"
"-79.63","43.68","TORONTO INTL A","6158731","2023-12-10 16:00","2023","12","10","16:00","","4.6","","-1.4","","65","","","","24","","11","","24.1","","98.95","","","","","","Cloudy"
"-79.63","43.68","TORONTO INTL A","6158731","2023-12-10 17:00","2023","12","10","17:00","","4.3","","-1.4","","66","","","","24","","15","","24.1","","99.00","","","","","","NA"
"-79.63","43.68","TORONTO INTL A","6158731","2023-12-10 18:00","2023","12","10","18:00","","4.0","","-0.9","","70","","","","24","","12","","24.1","","99.03","","","","","","NA"
"-79.63","43.68","TORONTO INTL A","6158731","2023-12-10 19:00","2023","12","10","19:00","","3.9","","-0.3","","74","","","","26","","16","","24.1","","99.03","","","","","","Mostly Cloudy"
"-79.63","43.68","TORONTO INTL A","6158731","2023-12-10 20:00","2023","12","10","20:00","","3.7","","0.2","","78","","","","28","","17","","24.1","","99.00","","","","","","NA"
"-79.63","43.68","TORONTO INTL A","6158731","2023-12-10 21:00","2023","12","10","21:00","","3.2","","-0.2","","78","","","","32","","22","","24.1","","99.02","","","","","","NA"
"-79.63","43.68","TORONTO INTL A","6158731","2023-12-10 22:00","2023","12","10","22:00","","2.6","","-2.0","","71","","","","30","","17","","24.1","","99.04","","","","","","Mostly Cloudy"
"-79.63","43.68","TORONTO INTL A","6158731","2023-12-10 23:00","2023","12","10","23:00","","1.8","","-2.3","","74","","","","29","","16","","24.1","","99.00","","","","","","NA"
"-79.63","43.68","TORONTO INTL A","6158731","2023-12-11 00:00","2023","12","11","00:00","","1.5","","-2.1","","77","","","","29","","12","","24.1","","98.95","","","","","","NA"
"-79.63","43.68","TORONTO INTL A","6158731","2023-12-11 01:00","2023","12","11","01:00","","1.8","","-3.1","","70","","","","31","","27","","24.1","","98.84","","","","","","Mostly Cloudy"
"-79.63","43.68","TORONTO INTL A","6158731","2023-12-11 02:00","2023","12","11","02:00","","0.4","","-3.1","","78","","","","25","","15","","24.1","","98.92","","","","","","NA"
"-79.63","43.68","TORONTO INTL A","6158731","2023-12-11 03:00","2023","12","11","03:00","","0.6","","-3.0","","77","","","","28","","13","","24.1","","98.94","","","","","","NA"
"-79.63","43.68","TORONTO INTL A","6158731","2023-12-11 04:00","2023","12","11","04:00","","1.3","","-2.9","","74","","","","30","","20","","24.1","","98.92","","","","","","Mostly Cloudy"
"-79.63","43.68","TORONTO INTL A","6158731","2023-12-11 05:00","2023","12","11","05:00","","1.2","","-3.6","","70","","","","29","","21","","24.1","","98.93","","","","","","NA"
"-79.63","43.68","TORONTO INTL A","6158731","2023-12-11 06:00","2023","12","11","06:00","","0.6","","-5.0","","67","","","","30","","38","","24.1","","98.99","","","","","","NA"
"-79.63","43.68","TORONTO INTL A","6158731","2023-12-11 07:00","2023","12","11","07:00","","-0.2","","-4.7","","71","","","","30","","22","","24.1","","99.08","","","","-6","","Mainly Clear"
"-79.63","43.68","TORONTO INTL A","6158731","2023-12-11 08:00","2023","12","11","08:00","","-0.4","","-5.3","","69","","","","30","","30","","24.1","","99.17","","","","-7","","NA"
"-79.63","43.68","TORONTO INTL A","6158731","2023-12-11 09:00","2023","12","11","09:00","","0.0","","-5.7","","65","","","","29","","30","","24.1","","99.24","","","","-6","","NA"
"-79.63","43.68","TORONTO INTL A","6158731","2023-12-11 10:00","2023","12","11","10:00","","0.5","","-5.8","","63","","","","30","","35","","24.1","","99.34","","","","","","Mostly Cloudy"
"-79.63","43.68","TORONTO INTL A","6158731","2023-12-11 11:00","2023","12","11","11:00","","0.9","","-5.5","","62","","","","30","","28","","24.1","","99.37","","","","","","NA"
"-79.63","43.68","TORONTO INTL A","6158731","2023-12-11 12:00","2023","12","11","12:00","","1.6","","-7.8","","50","","","","30","","34","","24.1","","99.35","","","","","","NA"
"-79.63","43.68","TORONTO INTL A","6158731","2023-12-11 13:00","2023","12","11","13:00","","1.5","","-6.5","","55","","","","30","","29","","24.1","","99.37","","","","","","Mostly Cloudy"
"-79.63","43.68","TORONTO INTL A","6158731","2023-12-11 14:00","2023","12","11","14:00","","1.5","","-6.8","","54","","","","29","","34","","24.1","","99.43","","","","","","NA"
"-79.63","43.68","TORONTO INTL A","6158731","2023-12-11 15:00","2023","12","11","15:00","","1.1","","-7.8","","52","","","","30","","37","","24.1","","99.51","","","","","","NA"
"-79.63","43.68","TORONTO INTL A","6158731","2023-12-11 16:00","2023","12","11","16:00","","0.8","","-7.1","","56","","","","29","","31","","24.1","","99.61","","","","","","Cloudy"
"-79.63","43.68","TORONTO INTL A","6158731","2023-12-11 17:00","2023","12","11","17:00","","0.7","","-6.7","","58","","","","28","","24","","24.1","","99.69","","","","","","NA"
"-79.63","43.68","TORONTO INTL A","6158731","2023-12-11 18:00","2023","12","11","18:00","","0.5","","-7.3","","56","","","","28","","27","","24.1","","99.78","","","","","","NA"
"-79.63","43.68","TORONTO INTL A","6158731","2023-12-11 19:00","2023","12","11","19:00","","0.4","","-6.2","","61","","","","26","","21","","24.1","","99.85","","","","","","Mostly Cloudy"
"-79.63","43.68","TORONTO INTL A","6158731","2023-12-11 20:00","2023","12","11","20:00","","0.2","","-5.2","","67","","","","24","","15","","24.1","","99.89","","","","","","NA"
"-79.63","43.68","TORONTO INTL A","6158731","2023-12-11 21:00","2023","12","11","21:00","","0.5","","-4.8","","67","","","","25","","18","","24.1","","99.93","","","","","","NA"
"-79.63","43.68","TORONTO INTL A","6158731","2023-12-11 22:00","2023","12","11","22:00","","0.7","","-5.5","","64","","","","22","","14","","24.1","","99.94","","","","","","Mostly Cloudy"
"-79.63","43.68","TORONTO INTL A","6158731","2023-12-11 23:00","2023","12","11","23:00","","0.5","","-5.6","","63","","","","24","","24","","24.1","","99.98","","","","","","NA"
"-79.63","43.68","TORONTO INTL A","6158731","2023-12-12 00:00","2023","12","12","00:00","","0.4","","-7.1","","57","","","","24","","29","","24.1","","100.02","","","","","","NA"
"-79.63","43.68","TORONTO INTL A","6158731","2023-12-12 01:00","2023","12","12","01:00","","0.2","","-7.5","","56","","","","23","","23","","24.1","","99.95","","","","","","Mostly Cloudy"
"-79.63","43.68","TORONTO INTL A","6158731","2023-12-12 02:00","2023","12","12","02:00","","0.0","","-6.8","","60","","","","26","","31","","24.1","","99.95","","","","-7","","NA"
"-79.63","43.68","TORONTO INTL A","6158731","2023-12-12 03:00","2023","12","12","03:00","","-0.1","","-6.7","","61","","","","23","","21","","24.1","","99.94","","","","-6","","NA"
"-79.63","43.68","TORONTO INTL A","6158731","2023-12-12 04:00","2023","12","12","04:00","","-1.1","","-6.8","","65","","","","24","","27","","24.1","","99.94","","","","-8","","Mostly Cloudy"
"-79.63","43.68","TORONTO INTL A","6158731","2023-12-12 05:00","2023","12","12","05:00","","-0.9","","-6.2","","67","","","","23","","23","","24.1","","99.95","","","","-7","","NA"
"-79.63","43.68","TORONTO INTL A","6158731","2023-12-12 06:00","2023","12","12","06:00","","-1.3","","-6.1","","70","","","","21","","12","","24.1","","99.93","","","","-5","","NA"
"-79.63","43.68","TORONTO INTL A","6158731","2023-12-12 07:00","2023","12","12","07:00","","-1.1","","-5.3","","73","","","","20","","17","","24.1","","99.87","","","","-6","","Clear"
"-79.63","43.68","TORONTO INTL A","6158731","2023-12-12 08:00","2023","12","12","08:00","","0.1","","-3.5","","77","","","","20","","23","","24.1","","99.76","","","","","","NA"
"-79.63","43.68","TORONTO INTL A","6158731","2023-12-12 09:00","2023","12","12","09:00","","2.1","","-2.0","","74","","","","21","","25","","24.1","","99.73","","","","","","NA"
"-79.63","43.68","TORONTO INTL A","6158731","2023-12-12 10:00","2023","12","12","10:00","","3.8","","-1.3","","69","","","","21","","25","","24.1","","99.73","","","","","","Mostly Cloudy"
"-79.63","43.68","TORONTO INTL A","6158731","2023-12-12 11:00","2023","12","12","11:00","","5.2","","-0.8","","65","","","","22","","30","","24.1","","99.70","","","","","","NA"
"-79.63","43.68","TORONTO INTL A","6158731","2023-12-12 12:00","2023","12","12","12:00","","5.0","","-2.4","","59","","","","25","","33","","24.1","","99.72","","","","","","NA"
"-79.63","43.68","TORONTO INTL A","6158731","2023-12-12 13:00","2023","12","12","13:00","","4.7","","-2.1","","61","","","","25","","36","","24.1","","99.78","","","","","","Mostly Cloudy"
"-79.63","43.68","TORONTO INTL A","6158731","2023-12-12 14:00","2023","12","12","14:00","","4.6","","-3.2","","57","","","","25","","39","","24.1","","99.82","","","","","","NA"
"-79.63","43.68","TORONTO INTL A","6158731","2023-12-12 15:00","2023","12","12","15:00","","4.5","","-3.4","","57","","","","26","","28","","24.1","","99.90","","","","","","NA"
"-79.63","43.68","TORONTO INTL A","6158731","2023-12-12 16:00","2023","12","12","16:00","","4.3","","-4.2","","54","","","","26","","33","","24.1","","99.99","","","","","","Mostly Cloudy"
"-79.63","43.68","TORONTO INTL A","6158731","2023-12-12 17:00","2023","12","12","17:00","","3.0","","-3.9","","60","","","","27","","25","","24.1","","100.12","","","","","","NA"
"-79.63","43.68","TORONTO INTL A","6158731","2023-12-12 18:00","2023","12","12","18:00","","2.2","","-5.1","","59","","","","28","","27","","24.1","","100.25","","","","","","NA"
"-79.63","43.68","TORONTO INTL A","6158731","2023-12-12 19:00","2023","12","12","19:00","","1.4","","-5.6","","59","","","","28","","20","","24.1","","100.36","","","","","","Mainly Clear"
"-79.63","43.68","TORONTO INTL A","6158731","2023-12-12 20:00","2023","12","12","20:00","","1.6","","-7.6","","50","","","","27","","22","","24.1","","100.43","","","","","","NA"
"-79.63","43.68","TORONTO INTL A","6158731","2023-12-12 21:00","2023","12","12","21:00","","1.5","","-6.3","","56","","","","27","","23","","24.1","","100.48","","","","","","NA"
"-79.63","43.68","TORONTO INTL A","6158731","2023-12-12 22:00","2023","12","12","22:00","","1.3","","-6.6","","56","","","","26","","19","","24.1","","100.52","","","","","","Mostly Cloudy"
"-79.63","43.68","TORONTO INTL A","6158731","2023-12-12 23:00","2023","12","12","23:00","","0.3","","-7.5","","56","","","","26","","19","","24.1","","100.56","","","","","","NA"
"-79.63","43.68","TORONTO INTL A","6158731","2023-12-13 00:00","2023","12","13","00:00","","1.0","","-8.2","","51","","","","26","","26","","24.1","","100.60","","","","","","NA"
"-79.63","43.68","TORONTO INTL A","6158731","2023-12-13 01:00","2023","12","13","01:00","","0.8","","-7.8","","53","","","","27","","27","","24.1","","100.63","","","","","","Mostly Cloudy"
"-79.63","43.68","TORONTO INTL A","6158731","2023-12-13 02:00","2023","12","13","02:00","","-0.2","","-7.8","","57","","","","26","","18","","24.1","","100.70","","","","-5","","NA"
"-79.63","43.68","TORONTO INTL A","6158731","2023-12-13 03:00","2023","12","13","03:00","","-1.0","","-7.0","","64","","","","25","","19","","24.1","","100.77","","","","-6","","NA"
"-79.63","43.68","TORONTO INTL A","6158731","2023-12-13 04:00","2023","12","13","04:00","","-1.5","","-7.2","","66","","","","26","","18","","24.1","","100.80","","","","-7","","Mainly Clear"
"-79.63","43.68","TORONTO INTL A","6158731","2023-12-13 05:00","2023","12","13","05:00","","-1.7","","-7.6","","64","","","","25","","20","","24.1","","100.83","","","","-7","","NA"
"-79.63","43.68","TORONTO INTL A","6158731","2023-12-13 06:00","2023","12","13","06:00","","-2.2","","-7.5","","67","","","","26","","18","","24.1","","100.87","","","","-8","","NA"
"-79.63","43.68","TORONTO INTL A","6158731","2023-12-13 07:00","2023","12","13","07:00","","-2.3","","-7.5","","68","","","","25","","16","","24.1","","100.92","","","","-7","","Clear"
"-79.63","43.68","TORONTO INTL A","6158731","2023-12-13 08:00","2023","12","13","08:00","","-1.8","","-7.0","","68","","","","25","","20","","24.1","","100.96","","","","-8","","NA"
"-79.63","43.68","TORONTO INTL A","6158731","2023-12-13 09:00","2023","12","13","09:00","","-0.2","","-6.6","","62","","","","27","","23","","24.1","","101.00","","","","-6","","NA"
"-79.63","43.68","TORONTO INTL A","6158731","2023-12-13 10:00","2023","12","13","10:00","","0.8","","-6.1","","60","","","","28","","22","","24.1","","101.09","","","","","","Mainly Clear"
"-79.63","43.68","TORONTO INTL A","6158731","2023-12-13 11:00","2023","12","13","11:00","","1.7","","-7.3","","51","","","","30","","33","","24.1","","101.14","","","","","","NA"
"-79.63","43.68","TORONTO INTL A","6158731","2023-12-13 12:00","2023","12","13","12:00","","2.3","","-9.8","","40","","","","28","","40","","24.1","","101.11","","","","","","NA"
"-79.63","43.68","TORONTO INTL A","6158731","2023-12-13 13:00","2023","12","13","13:00","","2.7","","-9.8","","39","","","","29","","31","","24.1","","101.12","","","","","","Mostly Cloudy"
"-79.63","43.68","TORONTO INTL A","6158731","2023-12-13 14:00","2023","12","13","14:00","","3.0","","-9.7","","39","","","","29","","32","","24.1","","101.15","","","","","","NA"
"-79.63","43.68","TORONTO INTL A","6158731","2023-12-13 15:00","2023","12","13","15:00","","1.5","","-10.3","","41","","","","29","","30","","24.1","","101.21","","","","","","NA"
"-79.63","43.68","TORONTO INTL A","6158731","2023-12-13 16:00","2023","12","13","16:00","","1.2","","-9.7","","44","","","","30","","22","","24.1","","101.28","","","","","","Mostly Cloudy"
"-79.63","43.68","TORONTO INTL A","6158731","2023-12-13 17:00","2023","12","13","17:00","","0.1","","-6.5","","61","","","","34","","20","","24.1","","101.35","","","","","","NA"
"-79.63","43.68","TORONTO INTL A","6158731","2023-12-13 18:00","2023","12","13","18:00","","-0.4","","-6.5","","63","","","","32","","23","","24.1","","101.43","","","","-6","","NA"
"-79.63","43.68","TORONTO INTL A","6158731","2023-12-13 19:00","2023","12","13","19:00","","-0.8","","-7.3","","61","","","","31","","18","","24.1","","101.51","","","","-6","","Mainly Clear"
"-79.63","43.68","TORONTO INTL A","6158731","2023-12-13 20:00","2023","12","13","20:00","","-0.8","","-7.0","","63","","","","28","","14","","24.1","","101.56","","","","-5","","NA"
"-79.63","43.68","TORONTO INTL A","6158731","2023-12-13 21:00","2023","12","13","21:00","","-1.7","","-7.2","","66","","","","27","","10","","24.1","","101.55","","","","-5","","NA"
"-79.63","43.68","TORONTO INTL A","6158731","2023-12-13 22:00","2023","12","13","22:00","","-3.7","","-8.2","","71","","","","25","","15","","24.1","","101.56","","","","-9","","Mainly Clear"
"-79.63","43.68","TORONTO INTL A","6158731","2023-12-13 23:00","2023","12","13","23:00","","-3.7","","-8.0","","72","","","","25","","14","","24.1","","101.58","","","","-9","","NA"
"-79.63","43.68","TORONTO INTL A","6158731","2023-12-14 00:00","2023","12","14","00:00","","-2.6","","-7.3","","70","","","","24","","12","","24.1","","101.56","","","","-7","","NA"
"-79.63","43.68","TORONTO INTL A","6158731","2023-12-14 01:00","2023","12","14","01:00","","-3.2","","-7.2","","74","","","","22","","9","","24.1","","101.54","","","","-7","","Mostly Cloudy"
"-79.63","43.68","TORONTO INTL A","6158731","2023-12-14 02:00","2023","12","14","02:00","","-3.4","","-7.2","","75","","","","21","","8","","24.1","","101.51","","","","-7","","NA"
"-79.63","43.68","TORONTO INTL A","6158731","2023-12-14 03:00","2023","12","14","03:00","","-4.2","","-7.6","","77","","","","25","","12","","24.1","","101.53","","","","-9","","NA"
"-79.63","43.68","TORONTO INTL A","6158731","2023-12-14 04:00","2023","12","14","04:00","","-4.8","","-7.6","","81","","","","26","","10","","24.1","","101.49","","","","-9","","Mostly Cloudy"
"-79.63","43.68","TORONTO INTL A","6158731","2023-12-14 05:00","2023","12","14","05:00","","-3.2","","-7.8","","70","","","","26","","4","","24.1","","101.46","","","","-5","","NA"
"-79.63","43.68","TORONTO INTL A","6158731","2023-12-14 06:00","2023","12","14","06:00","","-3.1","","-8.5","","67","","","","23","","8","","24.1","","101.40","","","","-6","","NA"
"-79.63","43.68","TORONTO INTL A","6158731","2023-12-14 07:00","2023","12","14","07:00","","-3.0","","-8.0","","68","","","","23","","10","","24.1","","101.37","","","","-7","","Mostly Cloudy"
"-79.63","43.68","TORONTO INTL A","6158731","2023-12-14 08:00","2023","12","14","08:00","","-2.1","","-7.1","","69","","","","25","","12","","24.1","","101.41","","","","-6","","NA"
"-79.63","43.68","TORONTO INTL A","6158731","2023-12-14 09:00","2023","12","14","09:00","","-0.2","","-7.4","","59","","","","21","","10","","24.1","","101.35","","","","-4","","NA"
"-79.63","43.68","TORONTO INTL A","6158731","2023-12-14 10:00","2023","12","14","10:00","","1.6","","-5.1","","61","","","","24","","16","","24.1","","101.29","","","","","","Mostly Cloudy"
"-79.63","43.68","TORONTO INTL A","6158731","2023-12-14 11:00","2023","12","14","11:00","","3.1","","-3.6","","61","","","","26","","18","","24.1","","101.24","","","","","","NA"
"-79.63","43.68","TORONTO INTL A","6158731","2023-12-14 12:00","2023","12","14","12:00","","3.6","","-4.0","","58","","","","24","","16","","24.1","","101.14","","","","","","NA"
"-79.63","43.68","TORONTO INTL A","6158731","2023-12-14 13:00","2023","12","14","13:00","","4.3","","-4.0","","55","","","","22","","21","","24.1","","101.04","","","","","","Mostly Cloudy"
"-79.63","43.68","TORONTO INTL A","6158731","2023-12-14 14:00","2023","12","14","14:00","","4.8","","-5.0","","49","","","","23","","25","","24.1","","100.92","","","","","","NA"
"-79.63","43.68","TORONTO INTL A","6158731","2023-12-14 15:00","2023","12","14","15:00","","5.4","","-5.8","","44","","","","23","","23","","24.1","","100.87","","","","","","NA"
"-79.63","43.68","TORONTO INTL A","6158731","2023-12-14 16:00","2023","12","14","16:00","","4.9","","-5.9","","45","","","","23","","16","","24.1","","100.85","","","","","","Mainly Clear"
"-79.63","43.68","TORONTO INTL A","6158731","2023-12-14 17:00","2023","12","14","17:00","","4.7","","-6.0","","46","","","","24","","20","","24.1","","100.84","","","","","","NA"
"-79.63","43.68","TORONTO INTL A","6158731","2023-12-14 18:00","2023","12","14","18:00","","4.0","","-4.8","","53","","","","24","","17","","24.1","","100.78","","","","","","NA"
"-79.63","43.68","TORONTO INTL A","6158731","2023-12-14 19:00","2023","12","14","19:00","","4.1","","-4.0","","56","","","","23","","21","","24.1","","100.72","","","","","","Clear"
"-79.63","43.68","TORONTO INTL A","6158731","2023-12-14 20:00","2023","12","14","20:00","","3.4","","-3.2","","62","","","","24","","16","","24.1","","100.71","","","","","","NA"
"-79.63","43.68","TORONTO INTL A","6158731","2023-12-14 21:00","2023","12","14","21:00","","2.6","","-2.8","","67","","","","24","","12","","24.1","","100.69","","","","","","NA"
"-79.63","43.68","TORONTO INTL A","6158731","2023-12-14 22:00","2023","12","14","22:00","","2.5","","-2.5","","69","","","","25","","12","","24.1","","100.65","","","","","","Clear"
"-79.63","43.68","TORONTO INTL A","6158731","2023-12-14 23:00","2023","12","14","23:00","","4.4","","-1.0","","68","","","","25","","22","","24.1","","100.61","","","","","","NA"
"-79.63","43.68","TORONTO INTL A","6158731","2023-12-15 00:00","2023","12","15","00:00","","4.3","","-0.7","","70","","","","26","","22","","24.1","","100.60","","","","","","NA"
"-79.63","43.68","TORONTO INTL A","6158731","2023-12-15 01:00","2023","12","15","01:00","","3.8","","-0.5","","74","","","","25","","22","","24.1","","100.59","","","","","","Clear"
"-79.63","43.68","TORONTO INTL A","6158731","2023-12-15 02:00","2023","12","15","02:00","","4.3","","0.1","","74","","","","26","","25","","24.1","","100.59","","","","","","NA"
"-79.63","43.68","TORONTO INTL A","6158731","2023-12-15 03:00","2023","12","15","03:00","","4.1","","0.2","","76","","","","26","","25","","24.1","","100.60","","","","","","NA"
"-79.63","43.68","TORONTO INTL A","6158731","2023-12-15 04:00","2023","12","15","04:00","","3.9","","0.0","","76","","","","26","","25","","24.1","","100.60","","","","","","Clear"
"-79.63","43.68","TORONTO INTL A","6158731","2023-12-15 05:00","2023","12","15","05:00","","3.6","","-0.3","","76","","","","25","","25","","24.1","","100.61","","","","","","NA"
"-79.63","43.68","TORONTO INTL A","6158731","2023-12-15 06:00","2023","12","15","06:00","","3.8","","-0.2","","75","","","","25","","32","","24.1","","100.66","","","","","","NA"
"-79.63","43.68","TORONTO INTL A","6158731","2023-12-15 07:00","2023","12","15","07:00","","3.0","","-0.4","","78","","","","26","","17","","24.1","","100.72","","","","","","Clear"
"-79.63","43.68","TORONTO INTL A","6158731","2023-12-15 08:00","2023","12","15","08:00","","3.7","","-0.2","","76","","","","27","","21","","24.1","","100.70","","","","","","NA"
"-79.63","43.68","TORONTO INTL A","6158731","2023-12-15 09:00","2023","12","15","09:00","","5.9","","0.2","","67","","","","28","","22","","24.1","","100.71","","","","","","NA"
"-79.63","43.68","TORONTO INTL A","6158731","2023-12-15 10:00","2023","12","15","10:00","","8.2","","0.3","","57","","","","28","","24","","24.1","","100.73","","","","","","Clear"
"-79.63","43.68","TORONTO INTL A","6158731","2023-12-15 11:00","2023","12","15","11:00","","9.9","","0.7","","53","","","","27","","25","","24.1","","100.69","","","","","","NA"
"-79.63","43.68","TORONTO INTL A","6158731","2023-12-15 12:00","2023","12","15","12:00","","11.6","","0.4","","46","","","","28","","25","","24.1","","100.61","","","","","","NA"
"-79.63","43.68","TORONTO INTL A","6158731","2023-12-15 13:00","2023","12","15","13:00","","12.5","","0.8","","45","","","","27","","33","","24.1","","100.56","","","","","","Mainly Clear"
"-79.63","43.68","TORONTO INTL A","6158731","2023-12-15 14:00","2023","12","15","14:00","","12.2","","0.9","","46","","","","28","","26","","24.1","","100.57","","","","","","NA"
"-79.63","43.68","TORONTO INTL A","6158731","2023-12-15 15:00","2023","12","15","15:00","","11.3","","1.2","","50","","","","26","","27","","24.1","","100.60","","","","","","NA"
"-79.63","43.68","TORONTO INTL A","6158731","2023-12-15 16:00","2023","12","15","16:00","","10.0","","1.0","","53","","","","26","","20","","24.1","","100.62","","","","","","Mainly Clear"
"-79.63","43.68","TORONTO INTL A","6158731","2023-12-15 17:00","2023","12","15","17:00","","7.6","","0.9","","62","","","","25","","18","","24.1","","100.65","","","","","","NA"
"-79.63","43.68","TORONTO INTL A","6158731","2023-12-15 18:00","2023","12","15","18:00","","7.5","","1.0","","63","","","","26","","18","","24.1","","100.69","","","","","","NA"
"-79.63","43.68","TORONTO INTL A","6158731","2023-12-15 19:00","2023","12","15","19:00","","7.2","","1.1","","65","","","","27","","20","","24.1","","100.72","","","","","","Mainly Clear"
"-79.63","43.68","TORONTO INTL A","6158731","2023-12-15 20:00","2023","12","15","20:00","","6.1","","0.7","","68","","","","27","","9","","24.1","","100.76","","","","","","NA"
"-79.63","43.68","TORONTO INTL A","6158731","2023-12-15 21:00","2023","12","15","21:00","","5.5","","0.8","","72","","","","25","","8","","24.1","","100.75","","","","","","NA"
"-79.63","43.68","TORONTO INTL A","6158731","2023-12-15 22:00","2023","12","15","22:00","","6.1","","0.8","","69","","","","24","","8","","24.1","","100.77","","","","","","Mostly Cloudy"
"-79.63","43.68","TORONTO INTL A","6158731","2023-12-15 23:00","2023","12","15","23:00","","4.7","","0.4","","74","","","","28","","11","","24.1","","100.84","","","","","","NA"
"-79.63","43.68","TORONTO INTL A","6158731","2023-12-16 00:00","2023","12","16","00:00","","4.4","","0.5","","76","","","","25","","5","","24.1","","100.83","","","","","","NA"
"-79.63","43.68","TORONTO INTL A","6158731","2023-12-16 01:00","2023","12","16","01:00","","4.7","","1.0","","77","","","","24","","8","","24.1","","100.89","","","","","","Cloudy"
"-79.63","43.68","TORONTO INTL A","6158731","2023-12-16 02:00","2023","12","16","02:00","","4.8","","1.0","","76","","","","30","","4","","24.1","","100.90","","","","","","NA"
"-79.63","43.68","TORONTO INTL A","6158731","2023-12-16 03:00","2023","12","16","03:00","","4.1","","1.1","","80","","","","28","","8","","24.1","","100.95","","","","","","NA"
"-79.63","43.68","TORONTO INTL A","6158731","2023-12-16 04:00","2023","12","16","04:00","","4.5","","1.6","","81","","","","28","","10","","24.1","","100.94","","","","","","Cloudy"
"-79.63","43.68","TORONTO INTL A","6158731","2023-12-16 05:00","2023","12","16","05:00","","4.9","","1.8","","80","","","","30","","5","","19.3","","100.96","","","","","","Rain"
"-79.63","43.68","TORONTO INTL A","6158731","2023-12-16 06:00","2023","12","16","06:00","","4.0","","2.6","","90","","","","4","","12","","19.3","","101.00","","","","","","NA"
"-79.63","43.68","TORONTO INTL A","6158731","2023-12-16 07:00","2023","12","16","07:00","","5.1","","2.8","","86","","","","4","","9","","24.1","","101.04","","","","","","Cloudy"
"-79.63","43.68","TORONTO INTL A","6158731","2023-12-16 08:00","2023","12","16","08:00","","5.5","","3.6","","87","","","","6","","11","","24.1","","101.04","","","","","","NA"
"-79.63","43.68","TORONTO INTL A","6158731","2023-12-16 09:00","2023","12","16","09:00","","5.6","","3.4","","86","","","","10","","10","","24.1","","101.10","","","","","","NA"
"-79.63","43.68","TORONTO INTL A","6158731","2023-12-16 10:00","2023","12","16","10:00","","6.2","","3.1","","80","","","","11","","9","","24.1","","101.13","","","","","","Cloudy"
"-79.63","43.68","TORONTO INTL A","6158731","2023-12-16 11:00","2023","12","16","11:00","","6.5","","2.0","","73","","","","11","","21","","24.1","","101.01","","","","","","NA"
"-79.63","43.68","TORONTO INTL A","6158731","2023-12-16 12:00","2023","12","16","12:00","","5.9","","2.2","","77","","","","11","","18","","24.1","","100.91","","","","","","NA"
"-79.63","43.68","TORONTO INTL A","6158731","2023-12-16 13:00","2023","12","16","13:00","","5.0","","3.4","","89","","","","12","","11","","24.1","","100.83","","","","","","Cloudy"
"-79.63","43.68","TORONTO INTL A","6158731","2023-12-16 14:00","2023","12","16","14:00","","5.1","","3.5","","89","","","","8","","15","","16.1","","100.77","","","","","","NA"
"-79.63","43.68","TORONTO INTL A","6158731","2023-12-16 15:00","2023","12","16","15:00","","5.3","","3.9","","90","","","","9","","13","","16.1","","100.71","","","","","","NA"
"-79.63","43.68","TORONTO INTL A","6158731","2023-12-16 16:00","2023","12","16","16:00","","4.9","","3.8","","93","","","","9","","15","","12.9","","100.65","","","","","","Cloudy"
"-79.63","43.68","TORONTO INTL A","6158731","2023-12-16 17:00","2023","12","16","17:00","","4.7","","3.7","","93","","","","8","","14","","12.9","","100.64","","","","","","NA"
"-79.63","43.68","TORONTO INTL A","6158731","2023-12-16 18:00","2023","12","16","18:00","","4.2","","3.3","","94","","","","9","","17","","16.1","","100.50","","","","","","NA"
"-79.63","43.68","TORONTO INTL A","6158731","2023-12-16 19:00","2023","12","16","19:00","","4.7","","3.5","","92","","","","10","","13","","16.1","","100.49","","","","","","Cloudy"
"-79.63","43.68","TORONTO INTL A","6158731","2023-12-16 20:00","2023","12","16","20:00","","5.0","","4.0","","93","","","","9","","21","","19.3","","100.40","","","","","","NA"
"-79.63","43.68","TORONTO INTL A","6158731","2023-12-16 21:00","2023","12","16","21:00","","5.1","","3.9","","92","","","","9","","16","","24.1","","100.31","","","","","","NA"
"-79.63","43.68","TORONTO INTL A","6158731","2023-12-16 22:00","2023","12","16","22:00","","4.9","","4.0","","94","","","","9","","10","","24.1","","100.24","","","","","","Cloudy"
"-79.63","43.68","TORONTO INTL A","6158731","2023-12-16 23:00","2023","12","16","23:00","","4.3","","3.9","","98","","","","7","","7","","24.1","","100.17","","","","","","NA"
"-79.63","43.68","TORONTO INTL A","6158731","2023-12-17 00:00","2023","12","17","00:00","","4.6","","3.8","","95","","","","11","","7","","24.1","","100.10","","","","","","NA"
"-79.63","43.68","TORONTO INTL A","6158731","2023-12-17 01:00","2023","12","17","01:00","","4.5","","3.6","","94","","","","11","","9","","24.1","","99.93","","","","","","Cloudy"
"-79.63","43.68","TORONTO INTL A","6158731","2023-12-17 02:00","2023","12","17","02:00","","4.5","","3.4","","92","","","","9","","7","","24.1","","99.87","","","","","","NA"
"-79.63","43.68","TORONTO INTL A","6158731","2023-12-17 03:00","2023","12","17","03:00","","4.6","","3.0","","89","","","","11","","6","","24.1","","99.86","","","","","","NA"
"-79.63","43.68","TORONTO INTL A","6158731","2023-12-17 04:00","2023","12","17","04:00","","4.9","","2.2","","83","","","","11","","9","","24.1","","99.75","","","","","","Cloudy"
"-79.63","43.68","TORONTO INTL A","6158731","2023-12-17 05:00","2023","12","17","05:00","","6.2","","1.1","","70","","","","14","","5","","24.1","","99.67","","","","","","NA"
"-79.63","43.68","TORONTO INTL A","6158731","2023-12-17 06:00","2023","12","17","06:00","","6.6","","1.3","","69","","","","13","","10","","24.1","","99.68","","","","","","NA"
"-79.63","43.68","TORONTO INTL A","6158731","2023-12-17 07:00","2023","12","17","07:00","","7.0","","1.5","","68","","","","14","","12","","24.1","","99.69","","","","","","Cloudy"
"-79.63","43.68","TORONTO INTL A","6158731","2023-12-17 08:00","2023","12","17","08:00","","6.6","","2.4","","75","","","","14","","14","","16.1","","99.65","","","","","","Rain"
"-79.63","43.68","TORONTO INTL A","6158731","2023-12-17 09:00","2023","12","17","09:00","","5.7","","4.5","","92","","","","15","","15","","9.7","","99.62","","","","","","Rain,Fog"
"-79.63","43.68","TORONTO INTL A","6158731","2023-12-17 10:00","2023","12","17","10:00","","5.4","","5.4","","100","","","","15","","11","","9.7","","99.59","","","","","","Rain,Fog"
"-79.63","43.68","TORONTO INTL A","6158731","2023-12-17 11:00","2023","12","17","11:00","","5.4","","5.4","","100","","","","14","","14","","8.1","","99.48","","","","","","Rain,Fog"
"-79.63","43.68","TORONTO INTL A","6158731","2023-12-17 12:00","2023","12","17","12:00","","5.5","","5.2","","98","","","","12","","10","","8.1","","99.36","","","","","","Rain,Fog"
"-79.63","43.68","TORONTO INTL A","6158731","2023-12-17 13:00","2023","12","17","13:00","","5.9","","4.9","","94","","","","13","","13","","9.7","","99.20","","","","","","Rain,Fog"
"-79.63","43.68","TORONTO INTL A","6158731","2023-12-17 14:00","2023","12","17","14:00","","5.8","","5.0","","95","","","","14","","16","","8.1","","99.09","","","","","","Rain,Fog"
"-79.63","43.68","TORONTO INTL A","6158731","2023-12-17 15:00","2023","12","17","15:00","","5.5","","5.5","","100","","","","14","","13","","4.0","","99.00","","","","","","Rain,Fog"
"-79.63","43.68","TORONTO INTL A","6158731","2023-12-17 16:00","2023","12","17","16:00","","5.5","","5.5","","100","","","","13","","10","","4.8","","98.92","","","","","","Rain,Fog"
"-79.63","43.68","TORONTO INTL A","6158731","2023-12-17 17:00","2023","12","17","17:00","","5.6","","5.6","","100","","","","14","","9","","4.0","","98.84","","","","","","Moderate Rain,Fog"
"-79.63","43.68","TORONTO INTL A","6158731","2023-12-17 18:00","2023","12","17","18:00","","5.8","","5.8","","100","","","","15","","12","","4.0","","98.77","","","","","","Rain,Fog"
"-79.63","43.68","TORONTO INTL A","6158731","2023-12-17 19:00","2023","12","17","19:00","","6.1","","6.1","","100","","","","15","","10","","3.2","","98.71","","","","","","Fog"
"-79.63","43.68","TORONTO INTL A","6158731","2023-12-17 20:00","2023","12","17","20:00","","6.6","","6.6","","100","","","","18","","10","","9.7","","98.64","","","","","","Fog"
"-79.63","43.68","TORONTO INTL A","6158731","2023-12-17 21:00","2023","12","17","21:00","","6.6","","6.6","","100","","","","16","","8","","9.7","","98.54","","","","","","Fog"
"-79.63","43.68","TORONTO INTL A","6158731","2023-12-17 22:00","2023","12","17","22:00","","6.6","","6.6","","100","","","","15","","8","","8.1","","98.48","","","","","","Fog"
"-79.63","43.68","TORONTO INTL A","6158731","2023-12-17 23:00","2023","12","17","23:00","","7.0","","7.0","","100","","","","19","","9","","6.4","","98.40","","","","","","Fog"
"-79.63","43.68","TORONTO INTL A","6158731","2023-12-18 00:00","2023","12","18","00:00","","6.4","","6.4","","100","","","","15","","9","","4.0","","98.29","","","","","","Fog"
"-79.63","43.68","TORONTO INTL A","6158731","2023-12-18 01:00","2023","12","18","01:00","","6.4","","6.4","","100","","","","17","","8","","4.0","","98.14","","","","","","Fog"
"-79.63","43.68","TORONTO INTL A","6158731","2023-12-18 02:00","2023","12","18","02:00","","6.1","","6.1","","100","","","","24","","8","","6.4","","98.02","","","","","","Fog"
"-79.63","43.68","TORONTO INTL A","6158731","2023-12-18 03:00","2023","12","18","03:00","","6.1","","6.1","","100","","","","26","","8","","9.7","","97.91","","","","","","Fog"
"-79.63","43.68","TORONTO INTL A","6158731","2023-12-18 04:00","2023","12","18","04:00","","6.0","","6.0","","100","","","","27","","9","","9.7","","97.73","","","","","","Fog"
"-79.63","43.68","TORONTO INTL A","6158731","2023-12-18 05:00","2023","12","18","05:00","","5.6","","5.6","","100","","","","27","","7","","9.7","","97.62","","","","","","Fog"
"-79.63","43.68","TORONTO INTL A","6158731","2023-12-18 06:00","2023","12","18","06:00","","5.6","","5.4","","98","","","","28","","14","","12.9","","97.54","","","","","","NA"
"-79.63","43.68","TORONTO INTL A","6158731","2023-12-18 07:00","2023","12","18","07:00","","5.7","","3.8","","88","","","","31","","16","","16.1","","97.46","","","","","","Cloudy"
"-79.63","43.68","TORONTO INTL A","6158731","2023-12-18 08:00","2023","12","18","08:00","","5.3","","3.2","","86","","","","31","","16","","19.3","","97.42","","","","","","NA"
"-79.63","43.68","TORONTO INTL A","6158731","2023-12-18 09:00","2023","12","18","09:00","","5.4","","3.5","","88","","","","27","","14","","19.3","","97.34","","","","","","NA"
"-79.63","43.68","TORONTO INTL A","6158731","2023-12-18 10:00","2023","12","18","10:00","","5.4","","3.6","","89","","","","28","","14","","24.1","","97.30","","","","","","Cloudy"
"-79.63","43.68","TORONTO INTL A","6158731","2023-12-18 11:00","2023","12","18","11:00","","5.3","","3.8","","90","","","","28","","16","","24.1","","97.23","","","","","","Rain"
"-79.63","43.68","TORONTO INTL A","6158731","2023-12-18 12:00","2023","12","18","12:00","","5.2","","4.2","","93","","","","27","","15","","24.1","","97.16","","","","","","Rain"
"-79.63","43.68","TORONTO INTL A","6158731","2023-12-18 13:00","2023","12","18","13:00","","5.3","","3.3","","87","","","","28","","18","","24.1","","97.09","","","","","","Rain"
"-79.63","43.68","TORONTO INTL A","6158731","2023-12-18 14:00","2023","12","18","14:00","","5.4","","3.0","","85","","","","28","","18","","24.1","","97.06","","","","","","Rain"
"-79.63","43.68","TORONTO INTL A","6158731","2023-12-18 15:00","2023","12","18","15:00","","4.9","","3.1","","88","","","","28","","22","","19.3","","97.11","","","","","","Rain"
"-79.63","43.68","TORONTO INTL A","6158731","2023-12-18 16:00","2023","12","18","16:00","","4.5","","3.1","","91","","","","30","","19","","24.1","","97.18","","","","","","Rain"
"-79.63","43.68","TORONTO INTL A","6158731","2023-12-18 17:00","2023","12","18","17:00","","3.8","","1.8","","86","","","","30","","27","","19.3","","97.28","","","","","","Rain"
"-79.63","43.68","TORONTO INTL A","6158731","2023-12-18 18:00","2023","12","18","18:00","","3.5","","1.4","","87","","","","30","","33","","24.1","","97.39","","","","","","Rain"
"-79.63","43.68","TORONTO INTL A","6158731","2023-12-18 19:00","2023","12","18","19:00","","2.5","","1.1","","91","","","","32","","28","","16.1","","97.55","","","","","","Rain"
"-79.63","43.68","TORONTO INTL A","6158731","2023-12-18 20:00","2023","12","18","20:00","","1.2","","-0.4","","89","","","","32","","39","","9.7","","97.70","","","","","","Snow"
"-79.63","43.68","TORONTO INTL A","6158731","2023-12-18 21:00","2023","12","18","21:00","","0.0","","-1.3","","91","","","","33","","36","","2.4","","97.84","","","","-7","","Snow"
"-79.63","43.68","TORONTO INTL A","6158731","2023-12-18 22:00","2023","12","18","22:00","","-0.8","","-2.7","","87","","","","32","","45","","6.4","","97.98","","","","-9","","Snow"
"-79.63","43.68","TORONTO INTL A","6158731","2023-12-18 23:00","2023","12","18","23:00","","-1.4","","-3.8","","83","","","","33","","46","","9.7","","98.14","","","","-10","","Snow"
"-79.63","43.68","TORONTO INTL A","6158731","2023-12-19 00:00","2023","12","19","00:00","","-2.1","","-4.6","","83","","","","33","","40","","16.1","","98.31","","","","-10","","Snow"
"-79.63","43.68","TORONTO INTL A","6158731","2023-12-19 01:00","2023","12","19","01:00","","-2.6","","-5.3","","82","","","","33","","46","","9.7","","98.43","","","","-11","","Snow"
"-79.63","43.68","TORONTO INTL A","6158731","2023-12-19 02:00","2023","12","19","02:00","","-3.4","","-5.3","","87","","","","34","","40","","3.2","","98.61","","","","-12","","Snow"
"-79.63","43.68","TORONTO INTL A","6158731","2023-12-19 03:00","2023","12","19","03:00","","-3.5","","-6.4","","81","","","","33","","36","","6.4","","98.78","","","","-12","","Snow"
"-79.63","43.68","TORONTO INTL A","6158731","2023-12-19 04:00","2023","12","19","04:00","","-3.4","","-6.6","","78","","","","34","","34","","16.1","","98.92","","","","-11","","Snow"
"-79.63","43.68","TORONTO INTL A","6158731","2023-12-19 05:00","2023","12","19","05:00","","-3.5","","-6.9","","77","","","","33","","33","","6.4","","99.07","","","","-11","","Snow"
"-79.63","43.68","TORONTO INTL A","6158731","2023-12-19 06:00","2023","12","19","06:00","","-4.0","","-8.3","","72","","","","31","","30","","24.1","","99.26","","","","-12","","NA"
"-79.63","43.68","TORONTO INTL A","6158731","2023-12-19 07:00","2023","12","19","07:00","","-3.8","","-8.2","","71","","","","31","","23","","24.1","","99.44","","","","-11","","Mainly Clear"
"-79.63","43.68","TORONTO INTL A","6158731","2023-12-19 08:00","2023","12","19","08:00","","-4.2","","-8.8","","71","","","","29","","31","","24.1","","99.58","","","","-12","","NA"
"-79.63","43.68","TORONTO INTL A","6158731","2023-12-19 09:00","2023","12","19","09:00","","-4.2","","-8.5","","72","","","","30","","28","","24.1","","99.73","","","","-12","","NA"
"-79.63","43.68","TORONTO INTL A","6158731","2023-12-19 10:00","2023","12","19","10:00","","-3.6","","-8.6","","69","","","","30","","35","","24.1","","99.86","","","","-12","","Mainly Clear"
"-79.63","43.68","TORONTO INTL A","6158731","2023-12-19 11:00","2023","12","19","11:00","","-3.2","","-9.2","","63","","","","29","","34","","24.1","","99.94","","","","-11","","NA"
"-79.63","43.68","TORONTO INTL A","6158731","2023-12-19 12:00","2023","12","19","12:00","","-3.6","","-9.1","","66","","","","31","","27","","24.1","","99.99","","","","-11","","NA"
"-79.63","43.68","TORONTO INTL A","6158731","2023-12-19 13:00","2023","12","19","13:00","","-1.9","","-8.4","","61","","","","31","","25","","24.1","","100.02","","","","-8","","Mainly Clear"
"-79.63","43.68","TORONTO INTL A","6158731","2023-12-19 14:00","2023","12","19","14:00","","-1.1","","-7.9","","60","","","","28","","25","","24.1","","100.06","","","","-7","","NA"
"-79.63","43.68","TORONTO INTL A","6158731","2023-12-19 15:00","2023","12","19","15:00","","-0.9","","-8.5","","56","","","","28","","22","","24.1","","100.09","","","","-7","","NA"
"-79.63","43.68","TORONTO INTL A","6158731","2023-12-19 16:00","2023","12","19","16:00","","-1.2","","-8.1","","59","","","","28","","30","","24.1","","100.17","","","","-8","","Mainly Clear"
"-79.63","43.68","TORONTO INTL A","6158731","2023-12-19 17:00","2023","12","19","17:00","","-2.2","","-7.9","","65","","","","28","","17","","24.1","","100.26","","","","-8","","NA"
"-79.63","43.68","TORONTO INTL A","6158731","2023-12-19 18:00","2023","12","19","18:00","","-2.7","","-7.8","","68","","","","25","","18","","24.1","","100.31","","","","-8","","NA"
"-79.63","43.68","TORONTO INTL A","6158731","2023-12-19 19:00","2023","12","19","19:00","","-3.9","","-7.8","","74","","","","24","","13","","24.1","","100.37","","","","-9","","Clear"
"-79.63","43.68","TORONTO INTL A","6158731","2023-12-19 20:00","2023","12","19","20:00","","-3.0","","-8.2","","67","","","","21","","11","","24.1","","100.47","","","","-7","","NA"
"-79.63","43.68","TORONTO INTL A","6158731","2023-12-19 21:00","2023","12","19","21:00","","-3.2","","-8.3","","68","","","","20","","11","","24.1","","100.49","","","","-7","","NA"
"-79.63","43.68","TORONTO INTL A","6158731","2023-12-19 22:00","2023","12","19","22:00","","-3.4","","-8.1","","70","","","","20","","14","","24.1","","100.47","","","","-8","","Clear"
"-79.63","43.68","TORONTO INTL A","6158731","2023-12-19 23:00","2023","12","19","23:00","","-3.1","","-7.7","","71","","","","21","","12","","24.1","","100.49","","","","-8","","NA"
"-79.63","43.68","TORONTO INTL A","6158731","2023-12-20 00:00","2023","12","20","00:00","","-2.6","","-7.0","","72","","","","22","","14","","24.1","","100.49","","","","-7","","NA"
"-79.63","43.68","TORONTO INTL A","6158731","2023-12-20 01:00","2023","12","20","01:00","","-1.4","","-5.9","","71","","","","22","","20","","24.1","","100.47","","","","-7","","Clear"
"-79.63","43.68","TORONTO INTL A","6158731","2023-12-20 02:00","2023","12","20","02:00","","-1.2","","-5.3","","73","","","","22","","15","","24.1","","100.48","","","","-6","","NA"
"-79.63","43.68","TORONTO INTL A","6158731","2023-12-20 03:00","2023","12","20","03:00","","-0.6","","-5.2","","71","","","","22","","11","","24.1","","100.50","","","","-4","","NA"
"-79.63","43.68","TORONTO INTL A","6158731","2023-12-20 04:00","2023","12","20","04:00","","0.0","","-5.4","","67","","","","24","","15","","24.1","","100.51","","","","-4","","Mostly Cloudy"
"-79.63","43.68","TORONTO INTL A","6158731","2023-12-20 05:00","2023","12","20","05:00","","0.5","","-5.5","","65","","","","25","","25","","24.1","","100.52","","","","","","NA"
"-79.63","43.68","TORONTO INTL A","6158731","2023-12-20 06:00","2023","12","20","06:00","","0.6","","-5.3","","65","","","","26","","21","","24.1","","100.56","","","","","","NA"
"-79.63","43.68","TORONTO INTL A","6158731","2023-12-20 07:00","2023","12","20","07:00","","0.7","","-5.0","","66","","","","26","","15","","24.1","","100.65","","","","","","Cloudy"
"-79.63","43.68","TORONTO INTL A","6158731","2023-12-20 08:00","2023","12","20","08:00","","0.7","","-4.8","","67","","","","25","","11","","24.1","","100.72","","","","","","NA"
"-79.63","43.68","TORONTO INTL A","6158731","2023-12-20 09:00","2023","12","20","09:00","","0.8","","-4.5","","68","","","","25","","14","","24.1","","100.77","","","","","","NA"
"-79.63","43.68","TORONTO INTL A","6158731","2023-12-20 10:00","2023","12","20","10:00","","1.1","","-4.5","","66","","","","26","","23","","24.1","","100.81","","","","","","Cloudy"
"-79.63","43.68","TORONTO INTL A","6158731","2023-12-20 11:00","2023","12","20","11:00","","1.5","","-4.0","","67","","","","27","","17","","24.1","","100.83","","","","","","NA"
"-79.63","43.68","TORONTO INTL A","6158731","2023-12-20 12:00","2023","12","20","12:00","","2.4","","-3.4","","66","","","","27","","12","","24.1","","100.78","","","","","","NA"
"-79.63","43.68","TORONTO INTL A","6158731","2023-12-20 13:00","2023","12","20","13:00","","3.1","","-3.0","","64","","","","29","","12","","24.1","","100.76","","","","","","Mostly Cloudy"
"-79.63","43.68","TORONTO INTL A","6158731","2023-12-20 14:00","2023","12","20","14:00","","3.4","","-3.0","","63","","","","31","","9","","24.1","","100.76","","","","","","NA"
"-79.63","43.68","TORONTO INTL A","6158731","2023-12-20 15:00","2023","12","20","15:00","","2.9","","-3.3","","64","","","","31","","13","","24.1","","100.78","","","","","","NA"
"-79.63","43.68","TORONTO INTL A","6158731","2023-12-20 16:00","2023","12","20","16:00","","2.1","","-3.1","","68","","","","30","","9","","24.1","","100.83","","","","","","Mostly Cloudy"
"-79.63","43.68","TORONTO INTL A","6158731","2023-12-20 17:00","2023","12","20","17:00","","2.5","","-3.1","","66","","","","36","","8","","24.1","","100.92","","","","","","NA"
"-79.63","43.68","TORONTO INTL A","6158731","2023-12-20 18:00","2023","12","20","18:00","","2.6","","-2.7","","68","","","","1","","8","","24.1","","100.97","","","","","","NA"
"-79.63","43.68","TORONTO INTL A","6158731","2023-12-20 19:00","2023","12","20","19:00","","2.5","","-2.8","","68","","","","1","","9","","24.1","","100.98","","","","","","Cloudy"
"-79.63","43.68","TORONTO INTL A","6158731","2023-12-20 20:00","2023","12","20","20:00","","2.4","","-2.5","","70","","","","4","","5","","24.1","","101.00","","","","","","NA"
"-79.63","43.68","TORONTO INTL A","6158731","2023-12-20 21:00","2023","12","20","21:00","","2.4","","-2.3","","71","","","","5","","7","","24.1","","101.03","","","","","","NA"
"-79.63","43.68","TORONTO INTL A","6158731","2023-12-20 22:00","2023","12","20","22:00","","2.5","","-2.1","","72","","","","6","","9","","24.1","","101.04","","","","","","Mostly Cloudy"
"-79.63","43.68","TORONTO INTL A","6158731","2023-12-20 23:00","2023","12","20","23:00","","2.6","","-1.9","","72","","","","6","","9","","24.1","","101.08","","","","","","NA"
"-79.63","43.68","TORONTO INTL A","6158731","2023-12-21 00:00","2023","12","21","00:00","","2.4","","-1.7","","74","","","","6","","8","","24.1","","101.12","","","","","","NA"
"-79.63","43.68","TORONTO INTL A","6158731","2023-12-21 01:00","2023","12","21","01:00","","2.2","","-1.6","","76","","","","7","","9","","24.1","","101.14","","","","","","Cloudy"
"-79.63","43.68","TORONTO INTL A","6158731","2023-12-21 02:00","2023","12","21","02:00","","2.0","","-1.7","","77","","","","8","","14","","24.1","","101.14","","","","","","NA"
"-79.63","43.68","TORONTO INTL A","6158731","2023-12-21 03:00","2023","12","21","03:00","","1.8","","-1.4","","79","","","","8","","14","","24.1","","101.22","","","","","","NA"
"-79.63","43.68","TORONTO INTL A","6158731","2023-12-21 04:00","2023","12","21","04:00","","1.4","","-2.1","","78","","","","9","","13","","24.1","","101.22","","","","","","Cloudy"
"-79.63","43.68","TORONTO INTL A","6158731","2023-12-21 05:00","2023","12","21","05:00","","0.8","","-2.6","","78","","","","8","","13","","24.1","","101.23","","","","","","NA"
"-79.63","43.68","TORONTO INTL A","6158731","2023-12-21 06:00","2023","12","21","06:00","","0.4","","-3.0","","78","","","","6","","12","","24.1","","101.27","","","","","","NA"
"-79.63","43.68","TORONTO INTL A","6158731","2023-12-21 07:00","2023","12","21","07:00","","-0.2","","-4.1","","75","","","","7","","19","","24.1","","101.32","","","","-5","","Cloudy"
"-79.63","43.68","TORONTO INTL A","6158731","2023-12-21 08:00","2023","12","21","08:00","","-0.9","","-5.3","","72","","","","9","","16","","24.1","","101.37","","","","-6","","NA"
"-79.63","43.68","TORONTO INTL A","6158731","2023-12-21 09:00","2023","12","21","09:00","","-1.4","","-7.2","","65","","","","9","","18","","24.1","","101.42","","","","-7","","NA"
"-79.63","43.68","TORONTO INTL A","6158731","2023-12-21 10:00","2023","12","21","10:00","","-2.0","","-8.4","","62","","","","7","","18","","24.1","","101.47","","","","-7","","Mostly Cloudy"
"-79.63","43.68","TORONTO INTL A","6158731","2023-12-21 11:00","2023","12","21","11:00","","-1.2","","-7.7","","62","","","","8","","18","","24.1","","101.42","","","","-6","","NA"
"-79.63","43.68","TORONTO INTL A","6158731","2023-12-21 12:00","2023","12","21","12:00","","-2.2","","-7.7","","66","","","","8","","18","","24.1","","101.39","","","","-8","","NA"
"-79.63","43.68","TORONTO INTL A","6158731","2023-12-21 13:00","2023","12","21","13:00","","-3.3","","-8.1","","70","","","","9","","21","","24.1","","101.34","","","","-10","","Mainly Clear"
"-79.63","43.68","TORONTO INTL A","6158731","2023-12-21 14:00","2023","12","21","14:00","","-3.4","","-8.0","","71","","","","7","","22","","24.1","","101.32","","","","-10","","NA"
"-79.63","43.68","TORONTO INTL A","6158731","2023-12-21 15:00","2023","12","21","15:00","","-3.5","","-7.9","","72","","","","8","","16","","24.1","","101.31","","","","-9","","NA"
"-79.63","43.68","TORONTO INTL A","6158731","2023-12-21 16:00","2023","12","21","16:00","","-3.5","","-8.0","","71","","","","8","","15","","24.1","","101.30","","","","-9","","Mostly Cloudy"
"-79.63","43.68","TORONTO INTL A","6158731","2023-12-21 17:00","2023","12","21","17:00","","-3.9","","-8.2","","72","","","","8","","16","","24.1","","101.25","","","","-9","","NA"
"-79.63","43.68","TORONTO INTL A","6158731","2023-12-21 18:00","2023","12","21","18:00","","-3.3","","-7.6","","72","","","","8","","12","","24.1","","101.25","","","","-8","","NA"
"-79.63","43.68","TORONTO INTL A","6158731","2023-12-21 19:00","2023","12","21","19:00","","-2.8","","-7.5","","70","","","","8","","12","","24.1","","101.23","","","","-7","","Mostly Cloudy"
"-79.63","43.68","TORONTO INTL A","6158731","2023-12-21 20:00","2023","12","21","20:00","","-3.6","","-9.3","","65","","","","6","","15","","24.1","","101.20","","","","-9","","NA"
"-79.63","43.68","TORONTO INTL A","6158731","2023-12-21 21:00","2023","12","21","21:00","","-4.4","","-11.0","","60","","","","5","","16","","24.1","","101.16","","","","-10","","NA"
"-79.63","43.68","TORONTO INTL A","6158731","2023-12-21 22:00","2023","12","21","22:00","","-4.7","","-10.6","","64","","","","6","","9","","24.1","","101.13","","","","-9","","Mostly Cloudy"
"-79.63","43.68","TORONTO INTL A","6158731","2023-12-21 23:00","2023","12","21","23:00","","-4.6","","-10.1","","66","","","","6","","14","","24.1","","101.13","","","","-10","","NA"
"-79.63","43.68","TORONTO INTL A","6158731","2023-12-22 00:00","2023","12","22","00:00","","-4.5","","-9.7","","67","","","","6","","14","","24.1","","101.08","","","","-10","","NA"
"-79.63","43.68","TORONTO INTL A","6158731","2023-12-22 01:00","2023","12","22","01:00","","-4.4","","-8.8","","72","","","","6","","13","","24.1","","101.01","","","","-9","","Mostly Cloudy"
"-79.63","43.68","TORONTO INTL A","6158731","2023-12-22 02:00","2023","12","22","02:00","","-4.6","","-8.3","","75","","","","6","","13","","24.1","","100.96","","","","-10","","NA"
"-79.63","43.68","TORONTO INTL A","6158731","2023-12-22 03:00","2023","12","22","03:00","","-4.8","","-8.3","","77","","","","5","","15","","24.1","","100.97","","","","-10","","NA"
"-79.63","43.68","TORONTO INTL A","6158731","2023-12-22 04:00","2023","12","22","04:00","","-4.7","","-7.8","","79","","","","5","","13","","24.1","","100.90","","","","-10","","Cloudy"
"-79.63","43.68","TORONTO INTL A","6158731","2023-12-22 05:00","2023","12","22","05:00","","-4.7","","-7.7","","80","","","","5","","12","","24.1","","100.89","","","","-9","","NA"
"-79.63","43.68","TORONTO INTL A","6158731","2023-12-22 06:00","2023","12","22","06:00","","-4.4","","-7.2","","81","","","","5","","9","","24.1","","100.89","","","","-8","","NA"
"-79.63","43.68","TORONTO INTL A","6158731","2023-12-22 07:00","2023","12","22","07:00","","-4.4","","-7.0","","83","","","","6","","11","","24.1","","100.92","","","","-9","","Cloudy"
"-79.63","43.68","TORONTO INTL A","6158731","2023-12-22 08:00","2023","12","22","08:00","","-4.5","","-6.8","","84","","","","7","","16","","24.1","","100.87","","","","-10","","NA"
"-79.63","43.68","TORONTO INTL A","6158731","2023-12-22 09:00","2023","12","22","09:00","","-4.2","","-6.6","","84","","","","6","","10","","24.1","","100.90","","","","-8","","NA"
"-79.63","43.68","TORONTO INTL A","6158731","2023-12-22 10:00","2023","12","22","10:00","","-3.8","","-6.5","","82","","","","6","","12","","24.1","","100.89","","","","-8","","Cloudy"
"-79.63","43.68","TORONTO INTL A","6158731","2023-12-22 11:00","2023","12","22","11:00","","-3.1","","-6.0","","80","","","","5","","16","","24.1","","100.83","","","","-8","","NA"
"-79.63","43.68","TORONTO INTL A","6158731","2023-12-22 12:00","2023","12","22","12:00","","-1.9","","-5.0","","79","","","","5","","12","","24.1","","100.77","","","","-6","","NA"
"-79.63","43.68","TORONTO INTL A","6158731","2023-12-22 13:00","2023","12","22","13:00","","-0.9","","-3.8","","81","","","","10","","12","","24.1","","100.72","","","","-5","","Cloudy"
"-79.63","43.68","TORONTO INTL A","6158731","2023-12-22 14:00","2023","12","22","14:00","","-0.9","","-3.4","","83","","","","8","","18","","24.1","","100.66","","","","-6","","NA"
"-79.63","43.68","TORONTO INTL A","6158731","2023-12-22 15:00","2023","12","22","15:00","","-0.2","","-2.8","","83","","","","8","","12","","24.1","","100.66","","","","-4","","NA"
"-79.63","43.68","TORONTO INTL A","6158731","2023-12-22 16:00","2023","12","22","16:00","","-0.1","","-2.8","","82","","","","7","","11","","24.1","","100.67","","","","-4","","Cloudy"
"-79.63","43.68","TORONTO INTL A","6158731","2023-12-22 17:00","2023","12","22","17:00","","-0.1","","-2.4","","85","","","","8","","16","","24.1","","100.66","","","","-5","","NA"
"-79.63","43.68","TORONTO INTL A","6158731","2023-12-22 18:00","2023","12","22","18:00","","0.1","","-1.8","","87","","","","8","","13","","24.1","","100.63","","","","","","NA"
"-79.63","43.68","TORONTO INTL A","6158731","2023-12-22 19:00","2023","12","22","19:00","","0.1","","-1.5","","89","","","","7","","12","","24.1","","100.64","","","","","","Cloudy"
"-79.63","43.68","TORONTO INTL A","6158731","2023-12-22 20:00","2023","12","22","20:00","","0.4","","-1.3","","88","","","","8","","10","","24.1","","100.60","","","","","","NA"
"-79.63","43.68","TORONTO INTL A","6158731","2023-12-22 21:00","2023","12","22","21:00","","0.5","","-1.3","","87","","","","8","","13","","24.1","","100.58","","","","","","NA"
"-79.63","43.68","TORONTO INTL A","6158731","2023-12-22 22:00","2023","12","22","22:00","","0.1","","-1.7","","88","","","","7","","9","","24.1","","100.55","","","","","","Mostly Cloudy"
"-79.63","43.68","TORONTO INTL A","6158731","2023-12-22 23:00","2023","12","22","23:00","","-0.2","","-2.6","","84","","","","5","","8","","24.1","","100.53","","","","-3","","NA"
"-79.63","43.68","TORONTO INTL A","6158731","2023-12-23 00:00","2023","12","23","00:00","","-0.6","","-3.3","","82","","","","3","","8","","24.1","","100.49","","","","-3","","NA"
"-79.63","43.68","TORONTO INTL A","6158731","2023-12-23 01:00","2023","12","23","01:00","","-0.5","","-3.6","","79","","","","6","","8","","24.1","","100.46","","","","-3","","Cloudy"
"-79.63","43.68","TORONTO INTL A","6158731","2023-12-23 02:00","2023","12","23","02:00","","-0.1","","-3.2","","79","","","","4","","7","","24.1","","100.44","","","","-3","","NA"
"-79.63","43.68","TORONTO INTL A","6158731","2023-12-23 03:00","2023","12","23","03:00","","0.2","","-1.4","","89","","","","3","","8","","24.1","","100.46","","","","","","Rain"
"-79.63","43.68","TORONTO INTL A","6158731","2023-12-23 04:00","2023","12","23","04:00","","0.4","","-0.9","","91","","","","3","","9","","16.1","","100.43","","","","","","Rain"
"-79.63","43.68","TORONTO INTL A","6158731","2023-12-23 05:00","2023","12","23","05:00","","0.4","","-0.7","","92","","","","7","","4","","16.1","","100.41","","","","","","NA"
"-79.63","43.68","TORONTO INTL A","6158731","2023-12-23 06:00","2023","12","23","06:00","","0.5","","-0.3","","94","","","","","","0","","16.1","","100.47","","","","","","NA"
"-79.63","43.68","TORONTO INTL A","6158731","2023-12-23 07:00","2023","12","23","07:00","","0.6","","0.3","","97","","","","4","","3","","19.3","","100.48","","","","","","Rain"
"-79.63","43.68","TORONTO INTL A","6158731","2023-12-23 08:00","2023","12","23","08:00","","1.0","","1.0","","99","","","","7","","7","","6.4","","100.42","","","","","","Rain,Fog"
"-79.63","43.68","TORONTO INTL A","6158731","2023-12-23 09:00","2023","12","23","09:00","","1.5","","1.5","","100","","","","10","","11","","6.4","","100.40","","","","","","Rain,Fog"
"-79.63","43.68","TORONTO INTL A","6158731","2023-12-23 10:00","2023","12","23","10:00","","2.1","","2.1","","100","","","","10","","10","","6.4","","100.40","","","","","","Rain,Fog"
"-79.63","43.68","TORONTO INTL A","6158731","2023-12-23 11:00","2023","12","23","11:00","","3.3","","3.3","","100","","","","11","","12","","6.4","","100.36","","","","","","Rain,Fog"
"-79.63","43.68","TORONTO INTL A","6158731","2023-12-23 12:00","2023","12","23","12:00","","3.7","","3.7","","100","","","","11","","14","","6.4","","100.29","","","","","","Rain,Fog"
"-79.63","43.68","TORONTO INTL A","6158731","2023-12-23 13:00","2023","12","23","13:00","","4.0","","4.0","","100","","","","12","","10","","8.1","","100.23","","","","","","Rain,Fog"
"-79.63","43.68","TORONTO INTL A","6158731","2023-12-23 14:00","2023","12","23","14:00","","3.9","","3.9","","100","","","","11","","14","","6.4","","100.19","","","","","","Rain,Fog"
"-79.63","43.68","TORONTO INTL A","6158731","2023-12-23 15:00","2023","12","23","15:00","","4.2","","4.0","","99","","","","10","","13","","8.1","","100.17","","","","","","Rain,Fog"
"-79.63","43.68","TORONTO INTL A","6158731","2023-12-23 16:00","2023","12","23","16:00","","4.0","","4.0","","100","","","","10","","10","","8.1","","100.16","","","","","","Rain,Fog"
"-79.63","43.68","TORONTO INTL A","6158731","2023-12-23 17:00","2023","12","23","17:00","","3.8","","3.8","","100","","","","12","","9","","4.8","","100.20","","","","","","Rain,Fog"
"-79.63","43.68","TORONTO INTL A","6158731","2023-12-23 18:00","2023","12","23","18:00","","3.8","","3.8","","100","","","","12","","5","","4.8","","100.21","","","","","","Drizzle,Fog"
"-79.63","43.68","TORONTO INTL A","6158731","2023-12-23 19:00","2023","12","23","19:00","","3.8","","3.8","","100","","","","10","","7","","4.0","","100.25","","","","","","Drizzle,Fog"
"-79.63","43.68","TORONTO INTL A","6158731","2023-12-23 20:00","2023","12","23","20:00","","4.0","","4.0","","100","","","","7","","4","","4.8","","100.26","","","","","","Drizzle,Fog"
"-79.63","43.68","TORONTO INTL A","6158731","2023-12-23 21:00","2023","12","23","21:00","","4.0","","4.0","","100","","","","5","","7","","6.4","","100.27","","","","","","Drizzle,Fog"
"-79.63","43.68","TORONTO INTL A","6158731","2023-12-23 22:00","2023","12","23","22:00","","3.9","","3.9","","100","","","","5","","5","","6.4","","100.28","","","","","","Drizzle,Fog"
"-79.63","43.68","TORONTO INTL A","6158731","2023-12-23 23:00","2023","12","23","23:00","","3.9","","3.9","","100","","","","3","","8","","4.8","","100.28","","","","","","Drizzle,Fog"
"-79.63","43.68","TORONTO INTL A","6158731","2023-12-24 00:00","2023","12","24","00:00","","3.9","","3.9","","100","","","","1","","7","","4.0","","100.31","","","","","","Fog"
"-79.63","43.68","TORONTO INTL A","6158731","2023-12-24 01:00","2023","12","24","01:00","","2.9","","2.9","","100","","","","34","","16","","0.4","","100.33","","","","","","Fog"
"-79.63","43.68","TORONTO INTL A","6158731","2023-12-24 02:00","2023","12","24","02:00","","2.6","","2.6","","100","","","","36","","13","","0.4","","100.36","","","","","","Fog"
"-79.63","43.68","TORONTO INTL A","6158731","2023-12-24 03:00","2023","12","24","03:00","","2.5","","2.5","","100","","","","32","","12","","0.4","","100.44","","","","","","Fog"
"-79.63","43.68","TORONTO INTL A","6158731","2023-12-24 04:00","2023","12","24","04:00","","2.2","","2.2","","100","","","","35","","9","","3.2","","100.45","","","","","","Fog"
"-79.63","43.68","TORONTO INTL A","6158731","2023-12-24 05:00","2023","12","24","05:00","","2.1","","2.1","","100","","","","34","","13","","9.7","","100.45","","","","","","Fog"
"-79.63","43.68","TORONTO INTL A","6158731","2023-12-24 06:00","2023","12","24","06:00","","2.2","","2.2","","100","","","","34","","12","","9.7","","100.51","","","","","","Fog"
"-79.63","43.68","TORONTO INTL A","6158731","2023-12-24 07:00","2023","12","24","07:00","","2.1","","2.1","","100","","","","1","","14","","16.1","","100.55","","","","","","Cloudy"
"-79.63","43.68","TORONTO INTL A","6158731","2023-12-24 08:00","2023","12","24","08:00","","2.2","","2.1","","99","","","","33","","8","","9.7","","100.61","","","","","","Fog"
"-79.63","43.68","TORONTO INTL A","6158731","2023-12-24 09:00","2023","12","24","09:00","","2.4","","2.2","","99","","","","36","","8","","12.9","","100.64","","","","","","NA"
"-79.63","43.68","TORONTO INTL A","6158731","2023-12-24 10:00","2023","12","24","10:00","","2.7","","2.2","","97","","","","","","0","","16.1","","100.71","","","","","","Cloudy"
"-79.63","43.68","TORONTO INTL A","6158731","2023-12-24 11:00","2023","12","24","11:00","","3.0","","2.5","","97","","","","29","","6","","16.1","","100.72","","","","","","NA"
"-79.63","43.68","TORONTO INTL A","6158731","2023-12-24 12:00","2023","12","24","12:00","","3.6","","2.4","","92","","","","","","0","","16.1","","100.65","","","","","","NA"
"-79.63","43.68","TORONTO INTL A","6158731","2023-12-24 13:00","2023","12","24","13:00","","4.0","","2.5","","90","","","","36","","3","","19.3","","100.63","","","","","","Cloudy"
"-79.63","43.68","TORONTO INTL A","6158731","2023-12-24 14:00","2023","12","24","14:00","","4.3","","2.2","","86","","","","","","0","","19.3","","100.61","","","","","","NA"
"-79.63","43.68","TORONTO INTL A","6158731","2023-12-24 15:00","2023","12","24","15:00","","4.5","","2.4","","86","","","","","","0","","19.3","","100.60","","","","","","NA"
"-79.63","43.68","TORONTO INTL A","6158731","2023-12-24 16:00","2023","12","24","16:00","","4.6","","2.9","","89","","","","14","","6","","19.3","","100.60","","","","","","Cloudy"
"-79.63","43.68","TORONTO INTL A","6158731","2023-12-24 17:00","2023","12","24","17:00","","4.2","","3.1","","93","","","","18","","4","","16.1","","100.62","","","","","","NA"
"-79.63","43.68","TORONTO INTL A","6158731","2023-12-24 18:00","2023","12","24","18:00","","3.9","","3.1","","95","","","","13","","7","","24.1","","100.65","","","","","","NA"
"-79.63","43.68","TORONTO INTL A","6158731","2023-12-24 19:00","2023","12","24","19:00","","3.6","","2.9","","96","","","","15","","7","","24.1","","100.68","","","","","","Cloudy"
"-79.63","43.68","TORONTO INTL A","6158731","2023-12-24 20:00","2023","12","24","20:00","","3.5","","3.1","","97","","","","14","","5","","24.1","","100.69","","","","","","NA"
"-79.63","43.68","TORONTO INTL A","6158731","2023-12-24 21:00","2023","12","24","21:00","","3.6","","3.3","","98","","","","9","","7","","24.1","","100.66","","","","","","NA"
"-79.63","43.68","TORONTO INTL A","6158731","2023-12-24 22:00","2023","12","24","22:00","","3.7","","3.6","","99","","","","9","","10","","16.1","","100.62","","","","","","Cloudy"
"-79.63","43.68","TORONTO INTL A","6158731","2023-12-24 23:00","2023","12","24","23:00","","3.8","","3.8","","100","","","","10","","8","","12.9","","100.62","","","","","","NA"
"-79.63","43.68","TORONTO INTL A","6158731","2023-12-25 00:00","2023","12","25","00:00","","3.8","","3.7","","100","","","","10","","16","","9.7","","100.61","","","","","","Fog"
"-79.63","43.68","TORONTO INTL A","6158731","2023-12-25 01:00","2023","12","25","01:00","","3.8","","3.8","","100","","","","9","","8","","16.1","","100.55","","","","","","Cloudy"
"-79.63","43.68","TORONTO INTL A","6158731","2023-12-25 02:00","2023","12","25","02:00","","3.9","","3.9","","100","","","","8","","6","","12.9","","100.54","","","","","","NA"
"-79.63","43.68","TORONTO INTL A","6158731","2023-12-25 03:00","2023","12","25","03:00","","3.8","","3.8","","100","","","","7","","9","","8.1","","100.56","","","","","","Fog"
"-79.63","43.68","TORONTO INTL A","6158731","2023-12-25 04:00","2023","12","25","04:00","","3.8","","3.8","","100","","","","8","","8","","2.4","","100.54","","","","","","Fog"
"-79.63","43.68","TORONTO INTL A","6158731","2023-12-25 05:00","2023","12","25","05:00","","3.5","","3.5","","100","","","","11","","8","","3.2","","100.53","","","","","","Fog"
"-79.63","43.68","TORONTO INTL A","6158731","2023-12-25 06:00","2023","12","25","06:00","","3.5","","3.5","","100","","","","8","","8","","3.2","","100.53","","","","","","Fog"
"-79.63","43.68","TORONTO INTL A","6158731","2023-12-25 07:00","2023","12","25","07:00","","3.7","","3.7","","100","","","","8","","11","","1.6","","100.55","","","","","","Fog"
"-79.63","43.68","TORONTO INTL A","6158731","2023-12-25 08:00","2023","12","25","08:00","","3.9","","3.9","","100","","","","6","","7","","1.2","","100.57","","","","","","Drizzle,Fog"
"-79.63","43.68","TORONTO INTL A","6158731","2023-12-25 09:00","2023","12","25","09:00","","4.3","","4.3","","100","","","","9","","7","","2.4","","100.57","","","","","","Fog"
"-79.63","43.68","TORONTO INTL A","6158731","2023-12-25 10:00","2023","12","25","10:00","","4.5","","4.5","","100","","","","9","","11","","4.0","","100.60","","","","","","Fog"
"-79.63","43.68","TORONTO INTL A","6158731","2023-12-25 11:00","2023","12","25","11:00","","4.8","","4.8","","100","","","","6","","11","","2.0","","100.58","","","","","","Fog"
"-79.63","43.68","TORONTO INTL A","6158731","2023-12-25 12:00","2023","12","25","12:00","","5.2","","5.2","","100","","","","7","","7","","4.8","","100.48","","","","","","Fog"
"-79.63","43.68","TORONTO INTL A","6158731","2023-12-25 13:00","2023","12","25","13:00","","5.9","","5.9","","100","","","","4","","9","","6.4","","100.37","","","","","","Fog"
"-79.63","43.68","TORONTO INTL A","6158731","2023-12-25 14:00","2023","12","25","14:00","","6.6","","6.6","","100","","","","9","","8","","8.1","","100.34","","","","","","Fog"
"-79.63","43.68","TORONTO INTL A","6158731","2023-12-25 15:00","2023","12","25","15:00","","6.1","","6.1","","100","","","","11","","9","","8.1","","100.35","","","","","","Fog"
"-79.63","43.68","TORONTO INTL A","6158731","2023-12-25 16:00","2023","12","25","16:00","","5.9","","5.9","","100","","","","7","","11","","8.1","","100.34","","","","","","Fog"
"-79.63","43.68","TORONTO INTL A","6158731","2023-12-25 17:00","2023","12","25","17:00","","5.6","","5.6","","100","","","","9","","10","","6.4","","100.34","","","","","","Fog"
"-79.63","43.68","TORONTO INTL A","6158731","2023-12-25 18:00","2023","12","25","18:00","","5.7","","5.7","","100","","","","6","","6","","8.1","","100.35","","","","","","Fog"
"-79.63","43.68","TORONTO INTL A","6158731","2023-12-25 19:00","2023","12","25","19:00","","5.1","","5.1","","100","","","","5","","7","","8.1","","100.33","","","","","","Fog"
"-79.63","43.68","TORONTO INTL A","6158731","2023-12-25 20:00","2023","12","25","20:00","","5.2","","5.2","","100","","","","6","","5","","8.1","","100.30","","","","","","Fog"
"-79.63","43.68","TORONTO INTL A","6158731","2023-12-25 21:00","2023","12","25","21:00","","4.7","","4.7","","100","","","","6","","5","","8.1","","100.26","","","","","","Fog"
"-79.63","43.68","TORONTO INTL A","6158731","2023-12-25 22:00","2023","12","25","22:00","","4.4","","4.4","","100","","","","4","","9","","8.1","","100.24","","","","","","Fog"
"-79.63","43.68","TORONTO INTL A","6158731","2023-12-25 23:00","2023","12","25","23:00","","4.5","","4.5","","100","","","","4","","9","","8.1","","100.21","","","","","","Fog"
"-79.63","43.68","TORONTO INTL A","6158731","2023-12-26 00:00","2023","12","26","00:00","","3.9","","3.9","","100","","","","3","","6","","8.1","","100.19","","","","","","Fog"
"-79.63","43.68","TORONTO INTL A","6158731","2023-12-26 01:00","2023","12","26","01:00","","4.0","","4.0","","100","","","","7","","5","","8.1","","100.16","","","","","","Fog"
"-79.63","43.68","TORONTO INTL A","6158731","2023-12-26 02:00","2023","12","26","02:00","","4.0","","4.0","","100","","","","4","","8","","6.4","","100.15","","","","","","Fog"
"-79.63","43.68","TORONTO INTL A","6158731","2023-12-26 03:00","2023","12","26","03:00","","4.0","","4.0","","100","","","","5","","4","","4.8","","100.16","","","","","","Fog"
"-79.63","43.68","TORONTO INTL A","6158731","2023-12-26 04:00","2023","12","26","04:00","","3.9","","3.9","","100","","","","2","","4","","4.8","","100.10","","","","","","Fog"
"-79.63","43.68","TORONTO INTL A","6158731","2023-12-26 05:00","2023","12","26","05:00","","3.7","","3.7","","100","","","","4","","6","","4.8","","100.06","","","","","","Fog"
"-79.63","43.68","TORONTO INTL A","6158731","2023-12-26 06:00","2023","12","26","06:00","","3.1","","3.1","","100","","","","3","","7","","4.8","","100.04","","","","","","Fog"
"-79.63","43.68","TORONTO INTL A","6158731","2023-12-26 07:00","2023","12","26","07:00","","4.2","","4.2","","100","","","","4","","3","","8.1","","100.05","","","","","","Fog"
"-79.63","43.68","TORONTO INTL A","6158731","2023-12-26 08:00","2023","12","26","08:00","","4.2","","4.2","","100","","","","7","","5","","8.1","","100.03","","","","","","Fog"
"-79.63","43.68","TORONTO INTL A","6158731","2023-12-26 09:00","2023","12","26","09:00","","5.1","","5.1","","100","","","","7","","7","","9.7","","100.01","","","","","","Fog"
"-79.63","43.68","TORONTO INTL A","6158731","2023-12-26 10:00","2023","12","26","10:00","","6.0","","5.8","","99","","","","11","","7","","19.3","","100.02","","","","","","Mostly Cloudy"
"-79.63","43.68","TORONTO INTL A","6158731","2023-12-26 11:00","2023","12","26","11:00","","6.5","","5.7","","94","","","","13","","7","","9.7","","99.95","","","","","","Fog"
"-79.63","43.68","TORONTO INTL A","6158731","2023-12-26 12:00","2023","12","26","12:00","","6.7","","6.7","","100","","","","10","","8","","2.0","","99.86","","","","","","Rain,Fog"
"-79.63","43.68","TORONTO INTL A","6158731","2023-12-26 13:00","2023","12","26","13:00","","6.8","","6.8","","100","","","","8","","8","","2.0","","99.78","","","","","","Rain,Fog"
"-79.63","43.68","TORONTO INTL A","6158731","2023-12-26 14:00","2023","12","26","14:00","","7.1","","7.1","","100","","","","6","","8","","3.6","","99.67","","","","","","Fog"
"-79.63","43.68","TORONTO INTL A","6158731","2023-12-26 15:00","2023","12","26","15:00","","7.3","","7.3","","100","","","","10","","7","","2.8","","99.69","","","","","","Fog"
"-79.63","43.68","TORONTO INTL A","6158731","2023-12-26 16:00","2023","12","26","16:00","","7.4","","7.4","","100","","","","9","","8","","1.2","","99.71","","","","","","Drizzle,Fog"
"-79.63","43.68","TORONTO INTL A","6158731","2023-12-26 17:00","2023","12","26","17:00","","7.2","","7.2","","100","","","","10","","7","","2.0","","99.68","","","","","","Fog"
"-79.63","43.68","TORONTO INTL A","6158731","2023-12-26 18:00","2023","12","26","18:00","","7.0","","7.0","","100","","","","10","","6","","2.4","","99.70","","","","","","Fog"
"-79.63","43.68","TORONTO INTL A","6158731","2023-12-26 19:00","2023","12","26","19:00","","7.0","","7.0","","100","","","","8","","6","","0.8","","99.71","","","","","","Drizzle,Fog"
"-79.63","43.68","TORONTO INTL A","6158731","2023-12-26 20:00","2023","12","26","20:00","","6.8","","6.8","","100","","","","8","","6","","0.8","","99.68","","","","","","Drizzle,Fog"
"-79.63","43.68","TORONTO INTL A","6158731","2023-12-26 21:00","2023","12","26","21:00","","6.7","","6.7","","100","","","","4","","7","","0.6","","99.67","","","","","","Drizzle,Fog"
"-79.63","43.68","TORONTO INTL A","6158731","2023-12-26 22:00","2023","12","26","22:00","","6.9","","6.9","","100","","","","6","","4","","0.4","","99.67","","","","","","Fog"
"-79.63","43.68","TORONTO INTL A","6158731","2023-12-26 23:00","2023","12","26","23:00","","7.1","","7.1","","100","","","","6","","7","","0.4","","99.65","","","","","","Drizzle,Fog"
"-79.63","43.68","TORONTO INTL A","6158731","2023-12-27 00:00","2023","12","27","00:00","","7.0","","7.0","","100","","","","4","","7","","0.8","","99.64","","","","","","Fog"
"-79.63","43.68","TORONTO INTL A","6158731","2023-12-27 01:00","2023","12","27","01:00","","7.2","","7.2","","100","","","","7","","6","","0.6","","99.61","","","","","","Drizzle,Fog"
"-79.63","43.68","TORONTO INTL A","6158731","2023-12-27 02:00","2023","12","27","02:00","","7.3","","7.3","","100","","","","8","","9","","0.6","","99.54","","","","","","Drizzle,Fog"
"-79.63","43.68","TORONTO INTL A","6158731","2023-12-27 03:00","2023","12","27","03:00","","7.3","","7.3","","100","","","","12","","7","","0.4","","99.56","","","","","","Fog"
"-79.63","43.68","TORONTO INTL A","6158731","2023-12-27 04:00","2023","12","27","04:00","","7.3","","7.3","","100","","","","9","","5","","0.2","","99.53","","","","","","Fog"
"-79.63","43.68","TORONTO INTL A","6158731","2023-12-27 05:00","2023","12","27","05:00","","7.4","","7.4","","100","","","","8","","8","","0.2","","99.43","","","","","","Drizzle,Fog"
"-79.63","43.68","TORONTO INTL A","6158731","2023-12-27 06:00","2023","12","27","06:00","","7.5","","7.5","","100","","","","6","","8","","2.4","","99.39","","","","","","Drizzle,Fog"
"-79.63","43.68","TORONTO INTL A","6158731","2023-12-27 07:00","2023","12","27","07:00","","7.5","","7.5","","100","","","","7","","8","","2.4","","99.40","","","","","","Fog"
"-79.63","43.68","TORONTO INTL A","6158731","2023-12-27 08:00","2023","12","27","08:00","","7.6","","7.6","","100","","","","9","","6","","1.6","","99.43","","","","","","Moderate Rain,Fog"
"-79.63","43.68","TORONTO INTL A","6158731","2023-12-27 09:00","2023","12","27","09:00","","7.5","","7.5","","100","","","","4","","11","","4.8","","99.34","","","","","","Moderate Rain,Fog"
"-79.63","43.68","TORONTO INTL A","6158731","2023-12-27 10:00","2023","12","27","10:00","","7.9","","7.9","","100","","","","7","","7","","3.2","","99.34","","","","","","Rain,Fog"
"-79.63","43.68","TORONTO INTL A","6158731","2023-12-27 11:00","2023","12","27","11:00","","8.0","","8.0","","100","","","","8","","15","","9.7","","99.26","","","","","","Rain,Fog"
"-79.63","43.68","TORONTO INTL A","6158731","2023-12-27 12:00","2023","12","27","12:00","","7.8","","7.8","","100","","","","8","","14","","4.8","","99.21","","","","","","Rain,Fog"
"-79.63","43.68","TORONTO INTL A","6158731","2023-12-27 13:00","2023","12","27","13:00","","7.8","","7.8","","100","","","","6","","15","","4.8","","99.10","","","","","","Rain,Fog"
"-79.63","43.68","TORONTO INTL A","6158731","2023-12-27 14:00","2023","12","27","14:00","","8.1","","8.1","","100","","","","6","","16","","8.1","","99.02","","","","","","Rain,Fog"
"-79.63","43.68","TORONTO INTL A","6158731","2023-12-27 15:00","2023","12","27","15:00","","8.0","","8.0","","100","","","","6","","9","","3.2","","99.02","","","","","","Rain,Fog"
"-79.63","43.68","TORONTO INTL A","6158731","2023-12-27 16:00","2023","12","27","16:00","","7.9","","7.9","","100","","","","6","","12","","3.2","","99.01","","","","","","Rain,Fog"
"-79.63","43.68","TORONTO INTL A","6158731","2023-12-27 17:00","2023","12","27","17:00","","7.8","","7.8","","100","","","","6","","17","","3.2","","98.99","","","","","","Rain,Fog"
"-79.63","43.68","TORONTO INTL A","6158731","2023-12-27 18:00","2023","12","27","18:00","","7.8","","7.8","","100","","","","6","","14","","3.2","","98.91","","","","","","Drizzle,Fog"
"-79.63","43.68","TORONTO INTL A","6158731","2023-12-27 19:00","2023","12","27","19:00","","7.6","","7.6","","100","","","","3","","6","","2.4","","98.99","","","","","","Drizzle,Fog"
"-79.63","43.68","TORONTO INTL A","6158731","2023-12-27 20:00","2023","12","27","20:00","","7.5","","7.5","","100","","","","2","","9","","2.0","","98.97","","","","","","Drizzle,Fog"
"-79.63","43.68","TORONTO INTL A","6158731","2023-12-27 21:00","2023","12","27","21:00","","7.1","","7.1","","100","","","","3","","11","","4.0","","98.92","","","","","","Rain,Drizzle,Fog"
"-79.63","43.68","TORONTO INTL A","6158731","2023-12-27 22:00","2023","12","27","22:00","","7.0","","7.0","","100","","","","2","","10","","6.4","","98.88","","","","","","Rain,Fog"
"-79.63","43.68","TORONTO INTL A","6158731","2023-12-27 23:00","2023","12","27","23:00","","7.0","","7.0","","100","","","","36","","12","","16.1","","98.86","","","","","","NA"
"-79.63","43.68","TORONTO INTL A","6158731","2023-12-28 00:00","2023","12","28","00:00","","6.6","","6.6","","100","","","","36","","12","","16.1","","98.86","","","","","","NA"
"-79.63","43.68","TORONTO INTL A","6158731","2023-12-28 01:00","2023","12","28","01:00","","6.3","","6.3","","100","","","","36","","11","","16.1","","98.81","","","","","","Cloudy"
"-79.63","43.68","TORONTO INTL A","6158731","2023-12-28 02:00","2023","12","28","02:00","","6.2","","6.2","","100","","","","4","","11","","4.8","","98.77","","","","","","Drizzle,Fog"
"-79.63","43.68","TORONTO INTL A","6158731","2023-12-28 03:00","2023","12","28","03:00","","6.0","","6.0","","100","","","","2","","11","","2.0","","98.81","","","","","","Drizzle,Fog"
"-79.63","43.68","TORONTO INTL A","6158731","2023-12-28 04:00","2023","12","28","04:00","","5.9","","5.9","","100","","","","1","","12","","3.2","","98.77","","","","","","Drizzle,Fog"
"-79.63","43.68","TORONTO INTL A","6158731","2023-12-28 05:00","2023","12","28","05:00","","5.9","","5.9","","100","","","","36","","7","","2.4","","98.77","","","","","","Drizzle,Fog"
"-79.63","43.68","TORONTO INTL A","6158731","2023-12-28 06:00","2023","12","28","06:00","","5.8","","5.8","","100","","","","2","","10","","1.2","","98.74","","","","","","Drizzle,Fog"
"-79.63","43.68","TORONTO INTL A","6158731","2023-12-28 07:00","2023","12","28","07:00","","5.9","","5.9","","100","","","","36","","9","","1.2","","98.74","","","","","","Drizzle,Fog"
"-79.63","43.68","TORONTO INTL A","6158731","2023-12-28 08:00","2023","12","28","08:00","","6.0","","6.0","","100","","","","1","","6","","2.4","","98.76","","","","","","Drizzle,Fog"
"-79.63","43.68","TORONTO INTL A","6158731","2023-12-28 09:00","2023","12","28","09:00","","6.4","","6.4","","100","","","","3","","7","","1.6","","98.79","","","","","","Drizzle,Fog"
"-79.63","43.68","TORONTO INTL A","6158731","2023-12-28 10:00","2023","12","28","10:00","","6.8","","6.8","","100","","","","9","","9","","2.4","","98.79","","","","","","Drizzle,Fog"
"-79.63","43.68","TORONTO INTL A","6158731","2023-12-28 11:00","2023","12","28","11:00","","6.7","","6.7","","100","","","","7","","13","","2.4","","98.75","","","","","","Drizzle,Fog"
"-79.63","43.68","TORONTO INTL A","6158731","2023-12-28 12:00","2023","12","28","12:00","","6.8","","6.8","","100","","","","5","","9","","2.4","","98.68","","","","","","Drizzle,Fog"
"-79.63","43.68","TORONTO INTL A","6158731","2023-12-28 13:00","2023","12","28","13:00","","7.2","","7.2","","100","","","","11","","8","","2.4","","98.64","","","","","","Drizzle,Fog"
"-79.63","43.68","TORONTO INTL A","6158731","2023-12-28 14:00","2023","12","28","14:00","","7.5","","7.5","","100","","","","4","","6","","4.8","","98.60","","","","","","Rain,Fog"
"-79.63","43.68","TORONTO INTL A","6158731","2023-12-28 15:00","2023","12","28","15:00","","7.5","","7.5","","100","","","","7","","5","","6.4","","98.61","","","","","","Rain,Fog"
"-79.63","43.68","TORONTO INTL A","6158731","2023-12-28 16:00","2023","12","28","16:00","","7.5","","7.5","","100","","","","5","","7","","9.7","","98.63","","","","","","Fog"
"-79.63","43.68","TORONTO INTL A","6158731","2023-12-28 17:00","2023","12","28","17:00","","7.2","","7.2","","100","","","","6","","9","","4.8","","98.66","","","","","","Drizzle,Fog"
"-79.63","43.68","TORONTO INTL A","6158731","2023-12-28 18:00","2023","12","28","18:00","","7.0","","7.0","","100","","","","4","","6","","4.0","","98.66","","","","","","Drizzle,Fog"
"-79.63","43.68","TORONTO INTL A","6158731","2023-12-28 19:00","2023","12","28","19:00","","6.9","","6.9","","100","","","","18","","6","","2.4","","98.68","","","","","","Drizzle,Fog"
"-79.63","43.68","TORONTO INTL A","6158731","2023-12-28 20:00","2023","12","28","20:00","","6.6","","6.6","","100","","","","22","","5","","4.0","","98.66","","","","","","Drizzle,Fog"
"-79.63","43.68","TORONTO INTL A","6158731","2023-12-28 21:00","2023","12","28","21:00","","6.5","","6.5","","100","","","","21","","5","","6.4","","98.65","","","","","","Drizzle,Fog"
"-79.63","43.68","TORONTO INTL A","6158731","2023-12-28 22:00","2023","12","28","22:00","","6.6","","6.6","","100","","","","20","","5","","6.4","","98.63","","","","","","Drizzle,Fog"
"-79.63","43.68","TORONTO INTL A","6158731","2023-12-28 23:00","2023","12","28","23:00","","6.4","","6.4","","100","","","","17","","9","","8.1","","98.64","","","","","","Drizzle,Fog"
"-79.63","43.68","TORONTO INTL A","6158731","2023-12-29 00:00","2023","12","29","00:00","","6.3","","6.3","","100","","","","21","","8","","4.0","","98.60","","","","","","Drizzle,Fog"
"-79.63","43.68","TORONTO INTL A","6158731","2023-12-29 01:00","2023","12","29","01:00","","6.0","","6.0","","100","","","","22","","8","","4.0","","98.54","","","","","","Drizzle,Fog"
"-79.63","43.68","TORONTO INTL A","6158731","2023-12-29 02:00","2023","12","29","02:00","","6.0","","6.0","","100","","","","23","","4","","9.7","","98.54","","","","","","Fog"
"-79.63","43.68","TORONTO INTL A","6158731","2023-12-29 03:00","2023","12","29","03:00","","6.2","","6.2","","100","","","","23","","9","","16.1","","98.56","","","","","","NA"
"-79.63","43.68","TORONTO INTL A","6158731","2023-12-29 04:00","2023","12","29","04:00","","6.4","","6.4","","100","","","","21","","8","","16.1","","98.54","","","","","","Cloudy"
"-79.63","43.68","TORONTO INTL A","6158731","2023-12-29 05:00","2023","12","29","05:00","","6.4","","6.4","","100","","","","26","","16","","24.1","","98.51","","","","","","NA"
"-79.63","43.68","TORONTO INTL A","6158731","2023-12-29 06:00","2023","12","29","06:00","","6.3","","6.0","","98","","","","26","","15","","24.1","","98.51","","","","","","NA"
"-79.63","43.68","TORONTO INTL A","6158731","2023-12-29 07:00","2023","12","29","07:00","","6.2","","5.3","","94","","","","26","","12","","24.1","","98.49","","","","","","Cloudy"
"-79.63","43.68","TORONTO INTL A","6158731","2023-12-29 08:00","2023","12","29","08:00","","6.0","","5.2","","95","","","","25","","14","","19.3","","98.51","","","","","","NA"
"-79.63","43.68","TORONTO INTL A","6158731","2023-12-29 09:00","2023","12","29","09:00","","6.0","","5.2","","94","","","","24","","13","","16.1","","98.52","","","","","","NA"
"-79.63","43.68","TORONTO INTL A","6158731","2023-12-29 10:00","2023","12","29","10:00","","6.0","","5.0","","94","","","","24","","15","","12.9","","98.52","","","","","","Cloudy"
"-79.63","43.68","TORONTO INTL A","6158731","2023-12-29 11:00","2023","12","29","11:00","","5.7","","4.8","","94","","","","25","","17","","9.7","","98.50","","","","","","Fog"
"-79.63","43.68","TORONTO INTL A","6158731","2023-12-29 12:00","2023","12","29","12:00","","5.6","","5.5","","99","","","","25","","19","","3.2","","98.45","","","","","","Drizzle,Fog"
"-79.63","43.68","TORONTO INTL A","6158731","2023-12-29 13:00","2023","12","29","13:00","","5.4","","5.4","","100","","","","24","","14","","2.4","","98.39","","","","","","Rain,Fog"
"-79.63","43.68","TORONTO INTL A","6158731","2023-12-29 14:00","2023","12","29","14:00","","4.9","","4.9","","100","","","","23","","20","","2.0","","98.36","","","","","","Drizzle,Fog"
"-79.63","43.68","TORONTO INTL A","6158731","2023-12-29 15:00","2023","12","29","15:00","","4.8","","4.8","","100","","","","24","","20","","4.0","","98.38","","","","","","Drizzle,Fog"
"-79.63","43.68","TORONTO INTL A","6158731","2023-12-29 16:00","2023","12","29","16:00","","4.5","","4.5","","100","","","","24","","17","","9.7","","98.41","","","","","","Drizzle,Fog"
"-79.63","43.68","TORONTO INTL A","6158731","2023-12-29 17:00","2023","12","29","17:00","","4.3","","4.1","","99","","","","25","","13","","4.8","","98.44","","","","","","Rain,Fog"
"-79.63","43.68","TORONTO INTL A","6158731","2023-12-29 18:00","2023","12","29","18:00","","3.8","","3.7","","99","","","","24","","17","","4.8","","98.47","","","","","","Rain,Fog"
"-79.63","43.68","TORONTO INTL A","6158731","2023-12-29 19:00","2023","12","29","19:00","","3.2","","2.8","","98","","","","26","","20","","8.1","","98.48","","","","","","Rain,Fog"
"-79.63","43.68","TORONTO INTL A","6158731","2023-12-29 20:00","2023","12","29","20:00","","3.0","","3.0","","100","","","","28","","11","","8.1","","98.46","","","","","","Rain,Fog"
"-79.63","43.68","TORONTO INTL A","6158731","2023-12-29 21:00","2023","12","29","21:00","","3.2","","3.0","","99","","","","28","","12","","16.1","","98.43","","","","","","Rain"
"-79.63","43.68","TORONTO INTL A","6158731","2023-12-29 22:00","2023","12","29","22:00","","3.0","","2.4","","96","","","","34","","17","","16.1","","98.42","","","","","","Rain"
"-79.63","43.68","TORONTO INTL A","6158731","2023-12-29 23:00","2023","12","29","23:00","","2.3","","1.5","","94","","","","34","","19","","24.1","","98.41","","","","","","NA"
"-79.63","43.68","TORONTO INTL A","6158731","2023-12-30 00:00","2023","12","30","00:00","","1.7","","-0.3","","87","","","","34","","23","","24.1","","98.42","","","","","","NA"
"-79.63","43.68","TORONTO INTL A","6158731","2023-12-30 01:00","2023","12","30","01:00","","1.3","","-0.9","","86","","","","33","","21","","24.1","","98.42","","","","","","Cloudy"
"-79.63","43.68","TORONTO INTL A","6158731","2023-12-30 02:00","2023","12","30","02:00","","0.5","","-1.2","","89","","","","33","","18","","24.1","","98.45","","","","","","NA"
"-79.63","43.68","TORONTO INTL A","6158731","2023-12-30 03:00","2023","12","30","03:00","","0.3","","-2.2","","83","","","","34","","17","","24.1","","98.49","","","","","","NA"
"-79.63","43.68","TORONTO INTL A","6158731","2023-12-30 04:00","2023","12","30","04:00","","-0.1","","-3.2","","80","","","","33","","26","","24.1","","98.50","","","","-6","","Mostly Cloudy"
"-79.63","43.68","TORONTO INTL A","6158731","2023-12-30 05:00","2023","12","30","05:00","","-0.3","","-3.4","","80","","","","33","","24","","24.1","","98.51","","","","-6","","NA"
"-79.63","43.68","TORONTO INTL A","6158731","2023-12-30 06:00","2023","12","30","06:00","","-0.5","","-3.2","","82","","","","33","","18","","24.1","","98.55","","","","-6","","NA"
"-79.63","43.68","TORONTO INTL A","6158731","2023-12-30 07:00","2023","12","30","07:00","","-0.7","","-3.6","","81","","","","36","","24","","24.1","","98.59","","","","-7","","Cloudy"
"-79.63","43.68","TORONTO INTL A","6158731","2023-12-30 08:00","2023","12","30","08:00","","-0.6","","-3.2","","83","","","","35","","13","","24.1","","98.61","","","","-5","","NA"
"-79.63","43.68","TORONTO INTL A","6158731","2023-12-30 09:00","2023","12","30","09:00","","-0.7","","-3.2","","83","","","","36","","13","","24.1","","98.64","","","","-5","","NA"
"-79.63","43.68","TORONTO INTL A","6158731","2023-12-30 10:00","2023","12","30","10:00","","-0.4","","-3.6","","79","","","","35","","18","","24.1","","98.68","","","","-5","","Cloudy"
"-79.63","43.68","TORONTO INTL A","6158731","2023-12-30 11:00","2023","12","30","11:00","","-0.4","","-3.8","","78","","","","34","","17","","24.1","","98.68","","","","-5","","NA"
"-79.63","43.68","TORONTO INTL A","6158731","2023-12-30 12:00","2023","12","30","12:00","","-0.2","","-4.2","","74","","","","33","","15","","24.1","","98.66","","","","-5","","NA"
"-79.63","43.68","TORONTO INTL A","6158731","2023-12-30 13:00","2023","12","30","13:00","","-0.1","","-4.6","","72","","","","32","","18","","24.1","","98.66","","","","-5","","Cloudy"
"-79.63","43.68","TORONTO INTL A","6158731","2023-12-30 14:00","2023","12","30","14:00","","0.2","","-4.2","","72","","","","32","","13","","24.1","","98.65","","","","","","NA"
"-79.63","43.68","TORONTO INTL A","6158731","2023-12-30 15:00","2023","12","30","15:00","","0.1","","-4.8","","70","","","","31","","16","","24.1","","98.69","","","","","","NA"
"-79.63","43.68","TORONTO INTL A","6158731","2023-12-30 16:00","2023","12","30","16:00","","-0.1","","-4.7","","71","","","","30","","13","","24.1","","98.75","","","","-4","","Cloudy"
"-79.63","43.68","TORONTO INTL A","6158731","2023-12-30 17:00","2023","12","30","17:00","","-0.2","","-4.6","","72","","","","32","","19","","24.1","","98.82","","","","-5","","NA"
"-79.63","43.68","TORONTO INTL A","6158731","2023-12-30 18:00","2023","12","30","18:00","","-0.2","","-4.2","","75","","","","31","","16","","24.1","","98.90","","","","-5","","NA"
"-79.63","43.68","TORONTO INTL A","6158731","2023-12-30 19:00","2023","12","30","19:00","","-0.6","","-4.8","","73","","","","32","","17","","24.1","","98.95","","","","-6","","Cloudy"
"-79.63","43.68","TORONTO INTL A","6158731","2023-12-30 20:00","2023","12","30","20:00","","-0.7","","-4.3","","77","","","","28","","18","","24.1","","99.00","","","","-6","","NA"
"-79.63","43.68","TORONTO INTL A","6158731","2023-12-30 21:00","2023","12","30","21:00","","-0.8","","-4.2","","77","","","","32","","19","","24.1","","99.04","","","","-6","","NA"
"-79.63","43.68","TORONTO INTL A","6158731","2023-12-30 22:00","2023","12","30","22:00","","-0.8","","-3.9","","79","","","","36","","17","","24.1","","99.05","","","","-6","","Cloudy"
"-79.63","43.68","TORONTO INTL A","6158731","2023-12-30 23:00","2023","12","30","23:00","","-0.7","","-3.9","","79","","","","34","","13","","24.1","","99.10","","","","-5","","NA"
"-79.63","43.68","TORONTO INTL A","6158731","2023-12-31 00:00","2023","12","31","00:00","","-0.9","","-3.7","","81","","","","36","","10","","24.1","","99.13","","","","-4","","NA"
"-79.63","43.68","TORONTO INTL A","6158731","2023-12-31 01:00","2023","12","31","01:00","","-0.9","","-3.5","","83","","","","25","","7","","24.1","","99.15","","","","-3","","Cloudy"
"-79.63","43.68","TORONTO INTL A","6158731","2023-12-31 02:00","2023","12","31","02:00","","-0.8","","-3.9","","79","","","","21","","4","","24.1","","99.17","","","","-2","","NA"
"-79.63","43.68","TORONTO INTL A","6158731","2023-12-31 03:00","2023","12","31","03:00","","-0.5","","-3.7","","79","","","","17","","5","","24.1","","99.22","","","","-2","","NA"
"-79.63","43.68","TORONTO INTL A","6158731","2023-12-31 04:00","2023","12","31","04:00","","-0.4","","-3.7","","78","","","","16","","5","","24.1","","99.21","","","","-2","","Cloudy"
"-79.63","43.68","TORONTO INTL A","6158731","2023-12-31 05:00","2023","12","31","05:00","","-0.3","","-3.5","","79","","","","18","","4","","24.1","","99.21","","","","-2","","NA"
"-79.63","43.68","TORONTO INTL A","6158731","2023-12-31 06:00","2023","12","31","06:00","","-0.2","","-3.4","","79","","","","13","","6","","24.1","","99.24","","","","-2","","NA"
"-79.63","43.68","TORONTO INTL A","6158731","2023-12-31 07:00","2023","12","31","07:00","","0.0","","-3.4","","78","","","","14","","4","","24.1","","99.29","","","","-1","","Cloudy"
"-79.63","43.68","TORONTO INTL A","6158731","2023-12-31 08:00","2023","12","31","08:00","","0.2","","-3.2","","78","","","","10","","6","","24.1","","99.30","","","","","","NA"
"-79.63","43.68","TORONTO INTL A","6158731","2023-12-31 09:00","2023","12","31","09:00","","0.4","","-2.9","","78","","","","9","","7","","24.1","","99.31","","","","","","NA"
"-79.63","43.68","TORONTO INTL A","6158731","2023-12-31 10:00","2023","12","31","10:00","","0.9","","-2.5","","78","","","","10","","7","","24.1","","99.35","","","","","","Cloudy"
"-79.63","43.68","TORONTO INTL A","6158731","2023-12-31 11:00","2023","12","31","11:00","","1.3","","-2.3","","77","","","","10","","11","","24.1","","99.35","","","","","","NA"
"-79.63","43.68","TORONTO INTL A","6158731","2023-12-31 12:00","2023","12","31","12:00","","1.3","","-2.2","","78","","","","12","","9","","24.1","","99.33","","","","","","NA"
"-79.63","43.68","TORONTO INTL A","6158731","2023-12-31 13:00","2023","12","31","13:00","","1.0","","-1.3","","84","","","","9","","9","","16.1","","99.30","","","","","","Drizzle"
"-79.63","43.68","TORONTO INTL A","6158731","2023-12-31 14:00","2023","12","31","14:00","","0.9","","-0.3","","92","","","","11","","13","","16.1","","99.27","","","","","","NA"
"-79.63","43.68","TORONTO INTL A","6158731","2023-12-31 15:00","2023","12","31","15:00","","1.1","","-0.4","","90","","","","11","","10","","9.7","","99.30","","","","","","Fog"
"-79.63","43.68","TORONTO INTL A","6158731","2023-12-31 16:00","2023","12","31","16:00","","0.7","","0.2","","96","","","","10","","10","","8.1","","99.32","","","","","","Drizzle,Fog"
"-79.63","43.68","TORONTO INTL A","6158731","2023-12-31 17:00","2023","12","31","17:00","","0.6","","-0.5","","93","","","","8","","14","","9.7","","99.36","","","","","","Drizzle,Fog"
"-79.63","43.68","TORONTO INTL A","6158731","2023-12-31 18:00","2023","12","31","18:00","","0.2","","-0.7","","94","","","","7","","14","","6.4","","99.40","","","","","","Snow,Fog"
"-79.63","43.68","TORONTO INTL A","6158731","2023-12-31 19:00","2023","12","31","19:00","","-0.1","","-0.7","","96","","","","6","","11","","6.4","","99.43","","","","-4","","Snow,Fog"
"-79.63","43.68","TORONTO INTL A","6158731","2023-12-31 20:00","2023","12","31","20:00","","-0.4","","-0.8","","97","","","","6","","14","","4.8","","99.45","","","","-5","","Snow,Fog"
"-79.63","43.68","TORONTO INTL A","6158731","2023-12-31 21:00","2023","12","31","21:00","","-0.6","","-1.2","","96","","","","5","","15","","6.4","","99.46","","","","-5","","Snow,Fog"
"-79.63","43.68","TORONTO INTL A","6158731","2023-12-31 22:00","2023","12","31","22:00","","-0.8","","-1.0","","98","","","","5","","12","","3.2","","99.49","","","","-5","","Snow"
"-79.63","43.68","TORONTO INTL A","6158731","2023-12-31 23:00","2023","12","31","23:00","","-1.1","","-1.6","","96","","","","6","","14","","6.4","","99.51","","","","-6","","Snow"
